step,segment,concept,occurrence,adapter,decision,reason,loss,num_adapters,train_executed,lora_parameters,private_head_parameters,unwrapped_shared_head_parameters,total_unique_parameters,currently_trainable_parameters,optimizer_state_bytes,replay_items,elapsed_seconds,gpu_peak_allocated_bytes,component_audit_seconds,live_training_seconds,evaluation_seconds,statusquo_loss,fresh_utility,best_reuse_utility,fresh_advantage,fresh_positive,fresh_feasible_both,info
1,A1,A,1,default,warmup,existing_warmup,0.6892170906066895,1,True,147456,592130,0,67694596,592130,4737056,16,12.564324961975217,315129344,0.0,0.40203654766082764,0.0,,,,,,,"{""best_reuse"": null, ""best_reuse_utility"": null, ""decision"": ""warmup"", ""fresh_positive"": null, ""fresh_utility"": null, ""full_batch_guards"": {}, ""guarded_best_reuse"": null, ""num_adapters"": 1, ""pending_after"": false, ""pending_before"": false, ""policy_version"": ""cau_v1"", ""reason"": ""existing_warmup"", ""utility_status"": ""warmup""}"
2,A1,A,1,default,warmup,existing_warmup,0.6932789087295532,1,True,147456,592130,0,67694596,592130,4737056,32,12.583674481138587,329173504,0.0,0.4170095771551132,0.0,,,,,,,"{""best_reuse"": null, ""best_reuse_utility"": null, ""decision"": ""warmup"", ""fresh_positive"": null, ""fresh_utility"": null, ""full_batch_guards"": {}, ""guarded_best_reuse"": null, ""num_adapters"": 1, ""pending_after"": false, ""pending_before"": false, ""policy_version"": ""cau_v1"", ""reason"": ""existing_warmup"", ""utility_status"": ""warmup""}"
3,A1,A,1,default,warmup,existing_warmup,0.6987001895904541,1,True,147456,592130,0,67694596,592130,4737056,48,12.601779216900468,329173504,0.0,0.43195136450231075,0.0,,,,,,,"{""best_reuse"": null, ""best_reuse_utility"": null, ""decision"": ""warmup"", ""fresh_positive"": null, ""fresh_utility"": null, ""full_batch_guards"": {}, ""guarded_best_reuse"": null, ""num_adapters"": 1, ""pending_after"": false, ""pending_before"": false, ""policy_version"": ""cau_v1"", ""reason"": ""existing_warmup"", ""utility_status"": ""warmup""}"
4,A1,A,1,default,warmup,existing_warmup,0.7301852703094482,1,True,147456,592130,0,67694596,592130,4737056,64,12.628162140026689,329173504,0.0,0.4541062191128731,0.0,,,,,,,"{""best_reuse"": null, ""best_reuse_utility"": null, ""decision"": ""warmup"", ""fresh_positive"": null, ""fresh_utility"": null, ""full_batch_guards"": {}, ""guarded_best_reuse"": null, ""num_adapters"": 1, ""pending_after"": false, ""pending_before"": false, ""policy_version"": ""cau_v1"", ""reason"": ""existing_warmup"", ""utility_status"": ""warmup""}"
5,A1,A,1,default,reuse,safe_existing_reuse,0.6559698581695557,1,True,147456,592130,0,67694596,592130,4737056,80,12.997692504897714,443542016,0.0,0.8152818325906992,0.0,0.6517660319805145,-0.0014264583587646484,-0.0022103488445281982,0.0007838904857635498,False,,"{""best_reuse"": ""default"", ""best_reuse_utility"": -0.0022103488445281982, ""decision"": ""reuse"", ""fresh_advantage"": 0.0007838904857635498, ""fresh_positive"": false, ""fresh_utility"": -0.0014264583587646484, ""full_batch_guards"": {""default"": {""crossfit_feasible"": true, ""crossfit_utility"": -0.0022103488445281982, ""crossfit_utility_positive"": false, ""full_batch_cur_after"": 0.648455023765564, ""full_batch_cur_before"": 0.6517660617828369, ""full_batch_gain"": 0.0033110380172729492, ""full_batch_harm"": -0.0054169390350580215, ""full_batch_harm_lcb"": -0.008447025818750262, ""full_batch_harm_se"": 0.0015459626447409391, ""full_batch_harm_ucb"": -0.0023868522513657807, ""full_batch_safe"": true}}, ""guarded_best_reuse"": ""default"", ""num_adapters"": 1, ""pending_after"": false, ""pending_before"": false, ""policy_version"": ""cau_v1"", ""reason"": ""safe_existing_reuse"", ""utility"": {""batch_n"": 16, ""best_reuse"": ""default"", ""best_reuse_query_after"": 0.6539763808250427, ""best_reuse_utility"": -0.0022103488445281982, ""defer_utility"": 0.0, ""fold_a_fresh_utility"": 0.004146158695220947, ""fold_a_query_n"": 8, ""fold_a_support_n"": 8, ""fold_b_fresh_utility"": -0.006999075412750244, ""fold_b_query_n"": 8, ""fold_b_support_n"": 8, ""fresh_advantage"": 0.0007838904857635498, ""fresh_local_trainability"": 0.02597382664680481, ""fresh_positive"": false, ""fresh_query_after"": 0.6531924903392792, ""fresh_query_before"": 0.679166316986084, ""fresh_utility"": -0.0014264583587646484, ""reuse_profiles"": {""default"": {""feasible_both"": true, ""fold_a_harm"": -0.006055048666894436, ""fold_a_lcb"": -0.012160120038315653, ""fold_a_query_after"": 0.6506259441375732, ""fold_a_utility"": -0.00782477855682373, ""fold_b_harm"": -0.004853546619415283, ""fold_b_lcb"": -0.007176671763882041, ""fold_b_query_after"": 0.6573268175125122, ""fold_b_utility"": 0.003404080867767334, ""harm_lcb_max"": -0.007176671763882041, ""harm_mean"": -0.0054542976431548595, ""harm_se_mean"": 0.0021500501316040754, ""harm_ucb_max"": 5.002270452678179e-05, ""local_trainability"": -0.0022103488445281982, ""query_after"": 0.6539763808250427, ""query_before"": 0.6517660319805145, ""system_utility"": -0.0022103488445281982}}, ""status"": ""ok"", ""statusquo_loss"": 0.6517660319805145}, ""utility_status"": ""ok""}"
6,A1,A,1,default,reuse,safe_existing_reuse,0.6883469223976135,1,True,147456,592130,0,67694596,592130,4737056,96,13.367101233452559,443542016,0.0,1.1813206057995558,0.0,0.6829544305801392,-0.08989837765693665,-0.015110254287719727,-0.07478812336921692,False,,"{""best_reuse"": ""default"", ""best_reuse_utility"": -0.015110254287719727, ""decision"": ""reuse"", ""fresh_advantage"": -0.07478812336921692, ""fresh_positive"": false, ""fresh_utility"": -0.08989837765693665, ""full_batch_guards"": {""default"": {""crossfit_feasible"": true, ""crossfit_utility"": -0.015110254287719727, ""crossfit_utility_positive"": false, ""full_batch_cur_after"": 0.6782212257385254, ""full_batch_cur_before"": 0.6829544305801392, ""full_batch_gain"": 0.0047332048416137695, ""full_batch_harm"": -0.004394109360873699, ""full_batch_harm_lcb"": -0.006107065544929355, ""full_batch_harm_se"": 0.0008739572367630899, ""full_batch_harm_ucb"": -0.002681153176818043, ""full_batch_safe"": true}}, ""guarded_best_reuse"": ""default"", ""num_adapters"": 1, ""pending_after"": false, ""pending_before"": false, ""policy_version"": ""cau_v1"", ""reason"": ""safe_existing_reuse"", ""utility"": {""batch_n"": 16, ""best_reuse"": ""default"", ""best_reuse_query_after"": 0.6980646848678589, ""best_reuse_utility"": -0.015110254287719727, ""defer_utility"": 0.0, ""fold_a_fresh_utility"": -0.05934619903564453, ""fold_a_query_n"": 8, ""fold_a_support_n"": 8, ""fold_b_fresh_utility"": -0.12045055627822876, ""fold_b_query_n"": 8, ""fold_b_support_n"": 8, ""fresh_advantage"": -0.07478812336921692, ""fresh_local_trainability"": -0.08264771103858948, ""fresh_positive"": false, ""fresh_query_after"": 0.7728528082370758, ""fresh_query_before"": 0.6902050971984863, ""fresh_utility"": -0.08989837765693665, ""reuse_profiles"": {""default"": {""feasible_both"": true, ""fold_a_harm"": -0.0053075868636369705, ""fold_a_lcb"": -0.00944138246588409, ""fold_a_query_after"": 0.7179745435714722, ""fold_a_utility"": -0.00867849588394165, ""fold_b_harm"": -0.0024845171719789505, ""fold_b_lcb"": -0.010788170825690032, ""fold_b_query_after"": 0.6781548261642456, ""fold_b_utility"": -0.021542012691497803, ""harm_lcb_max"": -0.00944138246588409, ""harm_mean"": -0.0038960520178079605, ""harm_se_mean"": 0.0031728186877444386, ""harm_ucb_max"": 0.005819136481732131, ""local_trainability"": -0.015110254287719727, ""query_after"": 0.6980646848678589, ""query_before"": 0.6829544305801392, ""system_utility"": -0.015110254287719727}}, ""status"": ""ok"", ""statusquo_loss"": 0.6829544305801392}, ""utility_status"": ""ok""}"
7,A1,A,1,default,reuse,safe_existing_reuse,0.6716228723526001,1,True,147456,592130,0,67694596,592130,4737056,112,13.718227420002222,443542016,0.0,1.5286549404263496,0.0,0.6897748708724976,-0.0051825642585754395,0.0010610222816467285,-0.006243586540222168,False,,"{""best_reuse"": ""default"", ""best_reuse_utility"": 0.0010610222816467285, ""decision"": ""reuse"", ""fresh_advantage"": -0.006243586540222168, ""fresh_positive"": false, ""fresh_utility"": -0.0051825642585754395, ""full_batch_guards"": {""default"": {""crossfit_feasible"": true, ""crossfit_utility"": 0.0010610222816467285, ""crossfit_utility_positive"": true, ""full_batch_cur_after"": 0.68486088514328, ""full_batch_cur_before"": 0.6897748708724976, ""full_batch_gain"": 0.004913985729217529, ""full_batch_harm"": -0.004396717995405197, ""full_batch_harm_lcb"": -0.00557534673018381, ""full_batch_harm_se"": 0.000601341191213578, ""full_batch_harm_ucb"": -0.003218089260626584, ""full_batch_safe"": true}}, ""guarded_best_reuse"": ""default"", ""num_adapters"": 1, ""pending_after"": false, ""pending_before"": false, ""policy_version"": ""cau_v1"", ""reason"": ""safe_existing_reuse"", ""utility"": {""batch_n"": 16, ""best_reuse"": ""default"", ""best_reuse_query_after"": 0.6887138485908508, ""best_reuse_utility"": 0.0010610222816467285, ""defer_utility"": 0.0, ""fold_a_fresh_utility"": -0.008244514465332031, ""fold_a_query_n"": 8, ""fold_a_support_n"": 8, ""fold_b_fresh_utility"": -0.0021206140518188477, ""fold_b_query_n"": 8, ""fold_b_support_n"": 8, ""fresh_advantage"": -0.006243586540222168, ""fresh_local_trainability"": -0.000869065523147583, ""fresh_positive"": false, ""fresh_query_after"": 0.694957435131073, ""fresh_query_before"": 0.6940883696079254, ""fresh_utility"": -0.0051825642585754395, ""reuse_profiles"": {""default"": {""feasible_both"": true, ""fold_a_harm"": -0.005309113301336765, ""fold_a_lcb"": -0.007837004787288606, ""fold_a_query_after"": 0.6912909746170044, ""fold_a_utility"": 0.0018067359924316406, ""fold_b_harm"": -0.003093969076871872, ""fold_b_lcb"": -0.004902269262820482, ""fold_b_query_after"": 0.6861367225646973, ""fold_b_utility"": 0.0003153085708618164, ""harm_lcb_max"": -0.004902269262820482, ""harm_mean"": -0.004201541189104319, ""harm_se_mean"": 0.001106171344872564, ""harm_ucb_max"": -0.0012856688909232616, ""local_trainability"": 0.0010610222816467285, ""query_after"": 0.6887138485908508, ""query_before"": 0.6897748708724976, ""system_utility"": 0.0010610222816467285}}, ""status"": ""ok"", ""statusquo_loss"": 0.6897748708724976}, ""utility_status"": ""ok""}"
8,A1,A,1,default,reuse,safe_existing_reuse,0.6645693778991699,1,True,147456,592130,0,67694596,592130,4737056,128,14.06448270007968,443542016,0.0,1.8696860782802105,0.0,0.6660320162773132,-0.023922085762023926,0.004480481147766113,-0.02840256690979004,False,,"{""best_reuse"": ""default"", ""best_reuse_utility"": 0.004480481147766113, ""decision"": ""reuse"", ""fresh_advantage"": -0.02840256690979004, ""fresh_positive"": false, ""fresh_utility"": -0.023922085762023926, ""full_batch_guards"": {""default"": {""crossfit_feasible"": true, ""crossfit_utility"": 0.004480481147766113, ""crossfit_utility_positive"": true, ""full_batch_cur_after"": 0.6577561497688293, ""full_batch_cur_before"": 0.666032075881958, ""full_batch_gain"": 0.008275926113128662, ""full_batch_harm"": -0.002149328589439392, ""full_batch_harm_lcb"": -0.004720170185901224, ""full_batch_harm_se"": 0.001311653875745833, ""full_batch_harm_ucb"": 0.00042151300702244045, ""full_batch_safe"": true}}, ""guarded_best_reuse"": ""default"", ""num_adapters"": 1, ""pending_after"": false, ""pending_before"": false, ""policy_version"": ""cau_v1"", ""reason"": ""safe_existing_reuse"", ""utility"": {""batch_n"": 16, ""best_reuse"": ""default"", ""best_reuse_query_after"": 0.6615515351295471, ""best_reuse_utility"": 0.004480481147766113, ""defer_utility"": 0.0, ""fold_a_fresh_utility"": -0.03290063142776489, ""fold_a_query_n"": 8, ""fold_a_support_n"": 8, ""fold_b_fresh_utility"": -0.014943540096282959, ""fold_b_query_n"": 8, ""fold_b_support_n"": 8, ""fresh_advantage"": -0.02840256690979004, ""fresh_local_trainability"": 0.004374086856842041, ""fresh_positive"": false, ""fresh_query_after"": 0.6899541020393372, ""fresh_query_before"": 0.6943281888961792, ""fresh_utility"": -0.023922085762023926, ""reuse_profiles"": {""default"": {""feasible_both"": true, ""fold_a_harm"": -0.0008470909669995308, ""fold_a_lcb"": -0.004327413714490831, ""fold_a_query_after"": 0.6538885831832886, ""fold_a_utility"": 0.005421757698059082, ""fold_b_harm"": -0.0036087455227971077, ""fold_b_lcb"": -0.004890514167491347, ""fold_b_query_after"": 0.6692144870758057, ""fold_b_utility"": 0.0035392045974731445, ""harm_lcb_max"": -0.004327413714490831, ""harm_mean"": -0.0022279182448983192, ""harm_se_mean"": 0.0012148192327003926, ""harm_ucb_max"": 0.002633231780491769, ""local_trainability"": 0.004480481147766113, ""query_after"": 0.6615515351295471, ""query_before"": 0.6660320162773132, ""system_utility"": 0.004480481147766113}}, ""status"": ""ok"", ""statusquo_loss"": 0.6660320162773132}, ""utility_status"": ""ok""}"
9,A1,A,1,default,reuse,safe_existing_reuse,0.6702304482460022,1,True,147456,592130,0,67694596,592130,4737056,144,14.438015673309565,443542016,0.0,2.2397515904158354,0.0,0.6730082631111145,-0.01860371232032776,0.006143152713775635,-0.024746865034103394,False,,"{""best_reuse"": ""default"", ""best_reuse_utility"": 0.006143152713775635, ""decision"": ""reuse"", ""fresh_advantage"": -0.024746865034103394, ""fresh_positive"": false, ""fresh_utility"": -0.01860371232032776, ""full_batch_guards"": {""default"": {""crossfit_feasible"": true, ""crossfit_utility"": 0.006143152713775635, ""crossfit_utility_positive"": true, ""full_batch_cur_after"": 0.6634253263473511, ""full_batch_cur_before"": 0.6730082631111145, ""full_batch_gain"": 0.009582936763763428, ""full_batch_harm"": -0.004717707633972168, ""full_batch_harm_lcb"": -0.009948981534689665, ""full_batch_harm_se"": 0.002669017296284437, ""full_batch_harm_ucb"": 0.000513566266745329, ""full_batch_safe"": true}}, ""guarded_best_reuse"": ""default"", ""num_adapters"": 1, ""pending_after"": false, ""pending_before"": false, ""policy_version"": ""cau_v1"", ""reason"": ""safe_existing_reuse"", ""utility"": {""batch_n"": 16, ""best_reuse"": ""default"", ""best_reuse_query_after"": 0.6668651103973389, ""best_reuse_utility"": 0.006143152713775635, ""defer_utility"": 0.0, ""fold_a_fresh_utility"": -0.021149873733520508, ""fold_a_query_n"": 8, ""fold_a_support_n"": 8, ""fold_b_fresh_utility"": -0.01605755090713501, ""fold_b_query_n"": 8, ""fold_b_support_n"": 8, ""fresh_advantage"": -0.024746865034103394, ""fresh_local_trainability"": 0.003361821174621582, ""fresh_positive"": false, ""fresh_query_after"": 0.6916119754314423, ""fresh_query_before"": 0.6949737966060638, ""fresh_utility"": -0.01860371232032776, ""reuse_profiles"": {""default"": {""feasible_both"": true, ""fold_a_harm"": -0.003986787982285023, ""fold_a_lcb"": -0.007083514588885009, ""fold_a_query_after"": 0.6695608496665955, ""fold_a_utility"": 0.008033215999603271, ""fold_b_harm"": -0.004621667787432671, ""fold_b_lcb"": -0.009864213028922677, ""fold_b_query_after"": 0.6641693711280823, ""fold_b_utility"": 0.004253089427947998, ""harm_lcb_max"": -0.007083514588885009, ""harm_mean"": -0.004304227884858847, ""harm_se_mean"": 0.002127365267369896, ""harm_ucb_max"": 0.0006208774540573357, ""local_trainability"": 0.006143152713775635, ""query_after"": 0.6668651103973389, ""query_before"": 0.6730082631111145, ""system_utility"": 0.006143152713775635}}, ""status"": ""ok"", ""statusquo_loss"": 0.6730082631111145}, ""utility_status"": ""ok""}"
10,A1,A,1,default,reuse,safe_existing_reuse,0.6929216384887695,1,True,147456,592130,0,67694596,592130,4737056,160,14.785707222297788,443542016,0.0,2.583805214613676,0.0,0.6725406646728516,-0.01871711015701294,0.0012309551239013672,-0.019948065280914307,False,,"{""best_reuse"": ""default"", ""best_reuse_utility"": 0.0012309551239013672, ""decision"": ""reuse"", ""fresh_advantage"": -0.019948065280914307, ""fresh_positive"": false, ""fresh_utility"": -0.01871711015701294, ""full_batch_guards"": {""default"": {""crossfit_feasible"": true, ""crossfit_utility"": 0.0012309551239013672, ""crossfit_utility_positive"": true, ""full_batch_cur_after"": 0.6670647263526917, ""full_batch_cur_before"": 0.6725406646728516, ""full_batch_gain"": 0.005475938320159912, ""full_batch_harm"": -0.002521987073123455, ""full_batch_harm_lcb"": -0.008632551962509751, ""full_batch_harm_se"": 0.0031176351476460695, ""full_batch_harm_ucb"": 0.003588577816262841, ""full_batch_safe"": true}}, ""guarded_best_reuse"": ""default"", ""num_adapters"": 1, ""pending_after"": false, ""pending_before"": false, ""policy_version"": ""cau_v1"", ""reason"": ""safe_existing_reuse"", ""utility"": {""batch_n"": 16, ""best_reuse"": ""default"", ""best_reuse_query_after"": 0.6713097095489502, ""best_reuse_utility"": 0.0012309551239013672, ""defer_utility"": 0.0, ""fold_a_fresh_utility"": -0.03711056709289551, ""fold_a_query_n"": 8, ""fold_a_support_n"": 8, ""fold_b_fresh_utility"": -0.0003236532211303711, ""fold_b_query_n"": 8, ""fold_b_support_n"": 8, ""fresh_advantage"": -0.019948065280914307, ""fresh_local_trainability"": -0.003248661756515503, ""fresh_positive"": false, ""fresh_query_after"": 0.6912577748298645, ""fresh_query_before"": 0.688009113073349, ""fresh_utility"": -0.01871711015701294, ""reuse_profiles"": {""default"": {""feasible_both"": true, ""fold_a_harm"": -0.0029836343601346016, ""fold_a_lcb"": -0.006695493282750249, ""fold_a_query_after"": 0.6473122835159302, ""fold_a_utility"": 0.005198001861572266, ""fold_b_harm"": -0.001617342233657837, ""fold_b_lcb"": -0.009275339134037493, ""fold_b_query_after"": 0.6953071355819702, ""fold_b_utility"": -0.0027360916137695312, ""harm_lcb_max"": -0.006695493282750249, ""harm_mean"": -0.0023004882968962193, ""harm_se_mean"": 0.002900473424233496, ""harm_ucb_max"": 0.0060406546667218204, ""local_trainability"": 0.0012309551239013672, ""query_after"": 0.6713097095489502, ""query_before"": 0.6725406646728516, ""system_utility"": 0.0012309551239013672}}, ""status"": ""ok"", ""statusquo_loss"": 0.6725406646728516}, ""utility_status"": ""ok""}"
11,A1,A,1,default,reuse,safe_existing_reuse,0.6368955373764038,1,True,147456,592130,0,67694596,592130,4737056,176,15.147714987397194,443542016,0.0,2.942228702828288,0.0,0.6533457040786743,-0.01203930377960205,0.014392226934432983,-0.026431530714035034,False,,"{""best_reuse"": ""default"", ""best_reuse_utility"": 0.014392226934432983, ""decision"": ""reuse"", ""fresh_advantage"": -0.026431530714035034, ""fresh_positive"": false, ""fresh_utility"": -0.01203930377960205, ""full_batch_guards"": {""default"": {""crossfit_feasible"": true, ""crossfit_utility"": 0.014392226934432983, ""crossfit_utility_positive"": true, ""full_batch_cur_after"": 0.636570930480957, ""full_batch_cur_before"": 0.6533457040786743, ""full_batch_gain"": 0.016774773597717285, ""full_batch_harm"": -0.006793420761823654, ""full_batch_harm_lcb"": -0.015625845827162265, ""full_batch_harm_se"": 0.004506339319050312, ""full_batch_harm_ucb"": 0.0020390043035149567, ""full_batch_safe"": true}}, ""guarded_best_reuse"": ""default"", ""num_adapters"": 1, ""pending_after"": false, ""pending_before"": false, ""policy_version"": ""cau_v1"", ""reason"": ""safe_existing_reuse"", ""utility"": {""batch_n"": 16, ""best_reuse"": ""default"", ""best_reuse_query_after"": 0.6389534771442413, ""best_reuse_utility"": 0.014392226934432983, ""defer_utility"": 0.0, ""fold_a_fresh_utility"": -0.021378397941589355, ""fold_a_query_n"": 8, ""fold_a_support_n"": 8, ""fold_b_fresh_utility"": -0.002700209617614746, ""fold_b_query_n"": 8, ""fold_b_support_n"": 8, ""fresh_advantage"": -0.026431530714035034, ""fresh_local_trainability"": 0.02677270770072937, ""fresh_positive"": false, ""fresh_query_after"": 0.6653850078582764, ""fresh_query_before"": 0.6921577155590057, ""fresh_utility"": -0.01203930377960205, ""reuse_profiles"": {""default"": {""feasible_both"": true, ""fold_a_harm"": -0.006625717505812645, ""fold_a_lcb"": -0.015939971283078194, ""fold_a_query_after"": 0.6319847702980042, ""fold_a_utility"": 0.01163095235824585, ""fold_b_harm"": -0.006676775403320789, ""fold_b_lcb"": -0.014148241402581335, ""fold_b_query_after"": 0.6459221839904785, ""fold_b_utility"": 0.017153501510620117, ""harm_lcb_max"": -0.014148241402581335, ""harm_mean"": -0.006651246454566717, ""harm_se_mean"": 0.004282071371562779, ""harm_ucb_max"": 0.0026885362714529036, ""local_trainability"": 0.014392226934432983, ""query_after"": 0.6389534771442413, ""query_before"": 0.6533457040786743, ""system_utility"": 0.014392226934432983}}, ""status"": ""ok"", ""statusquo_loss"": 0.6533457040786743}, ""utility_status"": ""ok""}"
12,A1,A,1,default,reuse,safe_existing_reuse,0.6763501167297363,1,True,147456,592130,0,67694596,592130,4737056,192,15.48769648000598,443542016,0.0,3.278575899079442,0.0,0.660297304391861,-0.019810497760772705,0.011119425296783447,-0.030929923057556152,False,,"{""best_reuse"": ""default"", ""best_reuse_utility"": 0.011119425296783447, ""decision"": ""reuse"", ""fresh_advantage"": -0.030929923057556152, ""fresh_positive"": false, ""fresh_utility"": -0.019810497760772705, ""full_batch_guards"": {""default"": {""crossfit_feasible"": true, ""crossfit_utility"": 0.011119425296783447, ""crossfit_utility_positive"": true, ""full_batch_cur_after"": 0.6473681926727295, ""full_batch_cur_before"": 0.6602973341941833, ""full_batch_gain"": 0.012929141521453857, ""full_batch_harm"": -0.0027980124577879906, ""full_batch_harm_lcb"": -0.013273044116795063, ""full_batch_harm_se"": 0.00534440390765667, ""full_batch_harm_ucb"": 0.0076770192012190815, ""full_batch_safe"": true}}, ""guarded_best_reuse"": ""default"", ""num_adapters"": 1, ""pending_after"": false, ""pending_before"": false, ""policy_version"": ""cau_v1"", ""reason"": ""safe_existing_reuse"", ""utility"": {""batch_n"": 16, ""best_reuse"": ""default"", ""best_reuse_query_after"": 0.6491778790950775, ""best_reuse_utility"": 0.011119425296783447, ""defer_utility"": 0.0, ""fold_a_fresh_utility"": -0.021815121173858643, ""fold_a_query_n"": 8, ""fold_a_support_n"": 8, ""fold_b_fresh_utility"": -0.017805874347686768, ""fold_b_query_n"": 8, ""fold_b_support_n"": 8, ""fresh_advantage"": -0.030929923057556152, ""fresh_local_trainability"": 0.01899769902229309, ""fresh_positive"": false, ""fresh_query_after"": 0.6801078021526337, ""fresh_query_before"": 0.6991055011749268, ""fresh_utility"": -0.019810497760772705, ""reuse_profiles"": {""default"": {""feasible_both"": true, ""fold_a_harm"": -0.0027955896221101284, ""fold_a_lcb"": -0.013151759952306748, ""fold_a_query_after"": 0.6498929262161255, ""fold_a_utility"": 0.009320318698883057, ""fold_b_harm"": -0.003089599311351776, ""fold_b_lcb"": -0.012666996158659459, ""fold_b_query_after"": 0.6484628319740295, ""fold_b_utility"": 0.012918531894683838, ""harm_lcb_max"": -0.012666996158659459, ""harm_mean"": -0.0029425944667309523, ""harm_se_mean"": 0.005085093667730689, ""harm_ucb_max"": 0.007560580708086491, ""local_trainability"": 0.011119425296783447, ""query_after"": 0.6491778790950775, ""query_before"": 0.660297304391861, ""system_utility"": 0.011119425296783447}}, ""status"": ""ok"", ""statusquo_loss"": 0.660297304391861}, ""utility_status"": ""ok""}"
13,A1,A,1,default,reuse,safe_existing_reuse,0.6805636882781982,1,True,147456,592130,0,67694596,592130,4737056,208,15.847461884841323,443542016,0.0,3.634702078998089,0.0,0.6597822904586792,-0.029400289058685303,-0.0029998719692230225,-0.02640041708946228,False,,"{""best_reuse"": ""default"", ""best_reuse_utility"": -0.0029998719692230225, ""decision"": ""reuse"", ""fresh_advantage"": -0.02640041708946228, ""fresh_positive"": false, ""fresh_utility"": -0.029400289058685303, ""full_batch_guards"": {""default"": {""crossfit_feasible"": true, ""crossfit_utility"": -0.0029998719692230225, ""crossfit_utility_positive"": false, ""full_batch_cur_after"": 0.6591558456420898, ""full_batch_cur_before"": 0.6597822308540344, ""full_batch_gain"": 0.0006263852119445801, ""full_batch_harm"": -0.002629499416798353, ""full_batch_harm_lcb"": -0.008692314326763153, ""full_batch_harm_se"": 0.003093272913247347, ""full_batch_harm_ucb"": 0.003433315493166446, ""full_batch_safe"": true}}, ""guarded_best_reuse"": ""default"", ""num_adapters"": 1, ""pending_after"": false, ""pending_before"": false, ""policy_version"": ""cau_v1"", ""reason"": ""safe_existing_reuse"", ""utility"": {""batch_n"": 16, ""best_reuse"": ""default"", ""best_reuse_query_after"": 0.6627821624279022, ""best_reuse_utility"": -0.0029998719692230225, ""defer_utility"": 0.0, ""fold_a_fresh_utility"": -0.004638195037841797, ""fold_a_query_n"": 8, ""fold_a_support_n"": 8, ""fold_b_fresh_utility"": -0.05416238307952881, ""fold_b_query_n"": 8, ""fold_b_support_n"": 8, ""fresh_advantage"": -0.02640041708946228, ""fresh_local_trainability"": -0.0006229877471923828, ""fresh_positive"": false, ""fresh_query_after"": 0.6891825795173645, ""fresh_query_before"": 0.6885595917701721, ""fresh_utility"": -0.029400289058685303, ""reuse_profiles"": {""default"": {""feasible_both"": true, ""fold_a_harm"": -0.0023190220817923546, ""fold_a_lcb"": -0.01009461622685194, ""fold_a_query_after"": 0.6987808346748352, ""fold_a_utility"": -0.008880913257598877, ""fold_b_harm"": -0.0022185551933944225, ""fold_b_lcb"": -0.008163195578381419, ""fold_b_query_after"": 0.6267834901809692, ""fold_b_utility"": 0.002881169319152832, ""harm_lcb_max"": -0.008163195578381419, ""harm_mean"": -0.0022687886375933886, ""harm_se_mean"": 0.003500059829093516, ""harm_ucb_max"": 0.005456572063267231, ""local_trainability"": -0.0029998719692230225, ""query_after"": 0.6627821624279022, ""query_before"": 0.6597822904586792, ""system_utility"": -0.0029998719692230225}}, ""status"": ""ok"", ""statusquo_loss"": 0.6597822904586792}, ""utility_status"": ""ok""}"
14,A1,A,1,default,reuse,safe_existing_reuse,0.6683398485183716,1,True,147456,592130,0,67694596,592130,4737056,224,16.199781443923712,443542016,0.0,3.983271237462759,0.0,0.6700622141361237,-0.058704495429992676,-0.005696028470993042,-0.053008466958999634,False,,"{""best_reuse"": ""default"", ""best_reuse_utility"": -0.005696028470993042, ""decision"": ""reuse"", ""fresh_advantage"": -0.053008466958999634, ""fresh_positive"": false, ""fresh_utility"": -0.058704495429992676, ""full_batch_guards"": {""default"": {""crossfit_feasible"": true, ""crossfit_utility"": -0.005696028470993042, ""crossfit_utility_positive"": false, ""full_batch_cur_after"": 0.6667635440826416, ""full_batch_cur_before"": 0.6700621843338013, ""full_batch_gain"": 0.003298640251159668, ""full_batch_harm"": -0.002718487288802862, ""full_batch_harm_lcb"": -0.004974938384257257, ""full_batch_harm_se"": 0.0011512505589053035, ""full_batch_harm_ucb"": -0.0004620361933484673, ""full_batch_safe"": true}}, ""guarded_best_reuse"": ""default"", ""num_adapters"": 1, ""pending_after"": false, ""pending_before"": false, ""policy_version"": ""cau_v1"", ""reason"": ""safe_existing_reuse"", ""utility"": {""batch_n"": 16, ""best_reuse"": ""default"", ""best_reuse_query_after"": 0.6757582426071167, ""best_reuse_utility"": -0.005696028470993042, ""defer_utility"": 0.0, ""fold_a_fresh_utility"": -0.13593512773513794, ""fold_a_query_n"": 8, ""fold_a_support_n"": 8, ""fold_b_fresh_utility"": 0.018526136875152588, ""fold_b_query_n"": 8, ""fold_b_support_n"": 8, ""fresh_advantage"": -0.053008466958999634, ""fresh_local_trainability"": -0.0366552472114563, ""fresh_positive"": false, ""fresh_query_after"": 0.7287667095661163, ""fresh_query_before"": 0.69211146235466, ""fresh_utility"": -0.058704495429992676, ""reuse_profiles"": {""default"": {""feasible_both"": true, ""fold_a_harm"": -0.002580630127340555, ""fold_a_lcb"": -0.004497995674610138, ""fold_a_query_after"": 0.5884153842926025, ""fold_a_utility"": 0.0059430599212646484, ""fold_b_harm"": 0.00031336769461631775, ""fold_b_lcb"": -0.007028349880129099, ""fold_b_query_after"": 0.7631011009216309, ""fold_b_utility"": -0.017335116863250732, ""harm_lcb_max"": -0.004497995674610138, ""harm_mean"": -0.0011336312163621187, ""harm_se_mean"": 0.0023620110005140305, ""harm_ucb_max"": 0.007655085269361734, ""local_trainability"": -0.005696028470993042, ""query_after"": 0.6757582426071167, ""query_before"": 0.6700622141361237, ""system_utility"": -0.005696028470993042}}, ""status"": ""ok"", ""statusquo_loss"": 0.6700622141361237}, ""utility_status"": ""ok""}"
15,A1,A,1,default,reuse,safe_existing_reuse,0.5972239971160889,1,True,147456,592130,0,67694596,592130,4737056,240,16.588958198204637,443542016,0.0,4.368397293612361,0.0,0.6020079851150513,-0.06577423214912415,0.007524847984313965,-0.07329908013343811,False,,"{""best_reuse"": ""default"", ""best_reuse_utility"": 0.007524847984313965, ""decision"": ""reuse"", ""fresh_advantage"": -0.07329908013343811, ""fresh_positive"": false, ""fresh_utility"": -0.06577423214912415, ""full_batch_guards"": {""default"": {""crossfit_feasible"": true, ""crossfit_utility"": 0.007524847984313965, ""crossfit_utility_positive"": true, ""full_batch_cur_after"": 0.5920650959014893, ""full_batch_cur_before"": 0.6020079851150513, ""full_batch_gain"": 0.009942889213562012, ""full_batch_harm"": -0.0010176729410886765, ""full_batch_harm_lcb"": -0.005783420251682401, ""full_batch_harm_se"": 0.0024315037298947573, ""full_batch_harm_ucb"": 0.0037480743695050478, ""full_batch_safe"": true}}, ""guarded_best_reuse"": ""default"", ""num_adapters"": 1, ""pending_after"": false, ""pending_before"": false, ""policy_version"": ""cau_v1"", ""reason"": ""safe_existing_reuse"", ""utility"": {""batch_n"": 16, ""best_reuse"": ""default"", ""best_reuse_query_after"": 0.5944831371307373, ""best_reuse_utility"": 0.007524847984313965, ""defer_utility"": 0.0, ""fold_a_fresh_utility"": -0.06311887502670288, ""fold_a_query_n"": 8, ""fold_a_support_n"": 8, ""fold_b_fresh_utility"": -0.06842958927154541, ""fold_b_query_n"": 8, ""fold_b_support_n"": 8, ""fresh_advantage"": -0.07329908013343811, ""fresh_local_trainability"": 0.03497403860092163, ""fresh_positive"": false, ""fresh_query_after"": 0.6677822172641754, ""fresh_query_before"": 0.702756255865097, ""fresh_utility"": -0.06577423214912415, ""reuse_profiles"": {""default"": {""feasible_both"": true, ""fold_a_harm"": -0.0026042209938168526, ""fold_a_lcb"": -0.005503683392889798, ""fold_a_query_after"": 0.5908675193786621, ""fold_a_utility"": 0.007261931896209717, ""fold_b_harm"": -0.0004030573181807995, ""fold_b_lcb"": -0.0057438392378389835, ""fold_b_query_after"": 0.5980987548828125, ""fold_b_utility"": 0.007787764072418213, ""harm_lcb_max"": -0.005503683392889798, ""harm_mean"": -0.001503639155998826, ""harm_se_mean"": 0.0021021031425334513, ""harm_ucb_max"": 0.0049377246014773845, ""local_trainability"": 0.007524847984313965, ""query_after"": 0.5944831371307373, ""query_before"": 0.6020079851150513, ""system_utility"": 0.007524847984313965}}, ""status"": ""ok"", ""statusquo_loss"": 0.6020079851150513}, ""utility_status"": ""ok""}"
16,A1,A,1,default,reuse,pending_fresh_safe_existing_reuse,0.7119143009185791,1,True,147456,592130,0,67694596,592130,4737056,256,16.974285528063774,443542016,0.0,4.749702224507928,0.0,0.7322836518287659,0.07772189378738403,-0.0006583333015441895,0.07838022708892822,True,,"{""best_reuse"": ""default"", ""best_reuse_utility"": -0.0006583333015441895, ""decision"": ""reuse"", ""fresh_advantage"": 0.07838022708892822, ""fresh_positive"": true, ""fresh_utility"": 0.07772189378738403, ""full_batch_guards"": {""default"": {""crossfit_feasible"": true, ""crossfit_utility"": -0.0006583333015441895, ""crossfit_utility_positive"": false, ""full_batch_cur_after"": 0.7312166690826416, ""full_batch_cur_before"": 0.7322836518287659, ""full_batch_gain"": 0.0010669827461242676, ""full_batch_harm"": -0.0026487167924642563, ""full_batch_harm_lcb"": -0.003923252320382744, ""full_batch_harm_se"": 0.0006502732285298407, ""full_batch_harm_ucb"": -0.0013741812645457685, ""full_batch_safe"": true}}, ""guarded_best_reuse"": ""default"", ""num_adapters"": 1, ""pending_after"": true, ""pending_before"": false, ""policy_version"": ""cau_v1"", ""reason"": ""pending_fresh_safe_existing_reuse"", ""utility"": {""batch_n"": 16, ""best_reuse"": ""default"", ""best_reuse_query_after"": 0.7329419851303101, ""best_reuse_utility"": -0.0006583333015441895, ""defer_utility"": 0.0, ""fold_a_fresh_utility"": 0.12992382049560547, ""fold_a_query_n"": 8, ""fold_a_support_n"": 8, ""fold_b_fresh_utility"": 0.025519967079162598, ""fold_b_query_n"": 8, ""fold_b_support_n"": 8, ""fresh_advantage"": 0.07838022708892822, ""fresh_local_trainability"": 0.03102770447731018, ""fresh_positive"": true, ""fresh_query_after"": 0.6545617580413818, ""fresh_query_before"": 0.685589462518692, ""fresh_utility"": 0.07772189378738403, ""reuse_profiles"": {""default"": {""feasible_both"": true, ""fold_a_harm"": -0.002228055614978075, ""fold_a_lcb"": -0.00377834516344592, ""fold_a_query_after"": 0.7769910097122192, ""fold_a_utility"": -0.001205146312713623, ""fold_b_harm"": -0.002890779636800289, ""fold_b_lcb"": -0.004047996520530433, ""fold_b_query_after"": 0.6888929605484009, ""fold_b_utility"": -0.00011152029037475586, ""harm_lcb_max"": -0.00377834516344592, ""harm_mean"": -0.002559417625889182, ""harm_se_mean"": 0.0006906904163770378, ""harm_ucb_max"": -0.0006777660665102303, ""local_trainability"": -0.0006583333015441895, ""query_after"": 0.7329419851303101, ""query_before"": 0.7322836518287659, ""system_utility"": -0.0006583333015441895}}, ""status"": ""ok"", ""statusquo_loss"": 0.7322836518287659}, ""utility_status"": ""ok""}"
17,B1,B,1,default,reuse,safe_existing_reuse,0.6478502154350281,1,True,147456,592130,0,67694596,592130,4737056,272,17.973649377003312,486254080,0.0,5.112373011186719,0.6328487172722816,0.6412723660469055,-0.06595051288604736,0.0031356215476989746,-0.06908613443374634,False,,"{""best_reuse"": ""default"", ""best_reuse_utility"": 0.0031356215476989746, ""decision"": ""reuse"", ""fresh_advantage"": -0.06908613443374634, ""fresh_positive"": false, ""fresh_utility"": -0.06595051288604736, ""full_batch_guards"": {""default"": {""crossfit_feasible"": true, ""crossfit_utility"": 0.0031356215476989746, ""crossfit_utility_positive"": true, ""full_batch_cur_after"": 0.6347480416297913, ""full_batch_cur_before"": 0.6412724256515503, ""full_batch_gain"": 0.006524384021759033, ""full_batch_harm"": -0.004808132536709309, ""full_batch_harm_lcb"": -0.006592083473224193, ""full_batch_harm_se"": 0.0009101790492422879, ""full_batch_harm_ucb"": -0.0030241816001944245, ""full_batch_safe"": true}}, ""guarded_best_reuse"": ""default"", ""num_adapters"": 1, ""pending_after"": false, ""pending_before"": true, ""policy_version"": ""cau_v1"", ""reason"": ""safe_existing_reuse"", ""utility"": {""batch_n"": 16, ""best_reuse"": ""default"", ""best_reuse_query_after"": 0.6381367444992065, ""best_reuse_utility"": 0.0031356215476989746, ""defer_utility"": 0.0, ""fold_a_fresh_utility"": -0.004918694496154785, ""fold_a_query_n"": 8, ""fold_a_support_n"": 8, ""fold_b_fresh_utility"": -0.12698233127593994, ""fold_b_query_n"": 8, ""fold_b_support_n"": 8, ""fresh_advantage"": -0.06908613443374634, ""fresh_local_trainability"": -0.01754152774810791, ""fresh_positive"": false, ""fresh_query_after"": 0.7072228789329529, ""fresh_query_before"": 0.689681351184845, ""fresh_utility"": -0.06595051288604736, ""reuse_profiles"": {""default"": {""feasible_both"": true, ""fold_a_harm"": -0.0030003138817846775, ""fold_a_lcb"": -0.004605065148789436, ""fold_a_query_after"": 0.6976488828659058, ""fold_a_utility"": 0.0015151500701904297, ""fold_b_harm"": -0.005389041732996702, ""fold_b_lcb"": -0.008025143155828118, ""fold_b_query_after"": 0.5786246061325073, ""fold_b_utility"": 0.0047560930252075195, ""harm_lcb_max"": -0.004605065148789436, ""harm_mean"": -0.00419467780739069, ""harm_se_mean"": 0.0010818501759786159, ""harm_ucb_max"": -0.0013955626147799194, ""local_trainability"": 0.0031356215476989746, ""query_after"": 0.6381367444992065, ""query_before"": 0.6412723660469055, ""system_utility"": 0.0031356215476989746}}, ""status"": ""ok"", ""statusquo_loss"": 0.6412723660469055}, ""utility_status"": ""ok""}"
18,B1,B,1,default,reuse,safe_existing_reuse,0.6652606725692749,1,True,147456,592130,0,67694596,592130,4737056,288,18.347741786390543,486254080,0.0,5.482409473508596,0.6328487172722816,0.6713293790817261,-0.015799760818481445,0.005013793706893921,-0.020813554525375366,False,,"{""best_reuse"": ""default"", ""best_reuse_utility"": 0.005013793706893921, ""decision"": ""reuse"", ""fresh_advantage"": -0.020813554525375366, ""fresh_positive"": false, ""fresh_utility"": -0.015799760818481445, ""full_batch_guards"": {""default"": {""crossfit_feasible"": true, ""crossfit_utility"": 0.005013793706893921, ""crossfit_utility_positive"": true, ""full_batch_cur_after"": 0.6640645861625671, ""full_batch_cur_before"": 0.6713294386863708, ""full_batch_gain"": 0.007264852523803711, ""full_batch_harm"": -0.005958724766969681, ""full_batch_harm_lcb"": -0.009828813252970577, ""full_batch_harm_se"": 0.0019745349418371916, ""full_batch_harm_ucb"": -0.002088636280968785, ""full_batch_safe"": true}}, ""guarded_best_reuse"": ""default"", ""num_adapters"": 1, ""pending_after"": false, ""pending_before"": false, ""policy_version"": ""cau_v1"", ""reason"": ""safe_existing_reuse"", ""utility"": {""batch_n"": 16, ""best_reuse"": ""default"", ""best_reuse_query_after"": 0.6663155853748322, ""best_reuse_utility"": 0.005013793706893921, ""defer_utility"": 0.0, ""fold_a_fresh_utility"": 0.0049741268157958984, ""fold_a_query_n"": 8, ""fold_a_support_n"": 8, ""fold_b_fresh_utility"": -0.03657364845275879, ""fold_b_query_n"": 8, ""fold_b_support_n"": 8, ""fresh_advantage"": -0.020813554525375366, ""fresh_local_trainability"": 0.00012040138244628906, ""fresh_positive"": false, ""fresh_query_after"": 0.6871291399002075, ""fresh_query_before"": 0.6872495412826538, ""fresh_utility"": -0.015799760818481445, ""reuse_profiles"": {""default"": {""feasible_both"": true, ""fold_a_harm"": -0.004800188820809126, ""fold_a_lcb"": -0.007040495690889657, ""fold_a_query_after"": 0.685954749584198, ""fold_a_utility"": 0.006789982318878174, ""fold_b_harm"": -0.006055418401956558, ""fold_b_lcb"": -0.010129515463486314, ""fold_b_query_after"": 0.6466764211654663, ""fold_b_utility"": 0.003237605094909668, ""harm_lcb_max"": -0.007040495690889657, ""harm_mean"": -0.005427803611382842, ""harm_se_mean"": 0.00161081732949242, ""harm_ucb_max"": -0.0019813213404268025, ""local_trainability"": 0.005013793706893921, ""query_after"": 0.6663155853748322, ""query_before"": 0.6713293790817261, ""system_utility"": 0.005013793706893921}}, ""status"": ""ok"", ""statusquo_loss"": 0.6713293790817261}, ""utility_status"": ""ok""}"
19,B1,B,1,default,reuse,safe_existing_reuse,0.6816321611404419,1,True,147456,592130,0,67694596,592130,4737056,304,18.710731765255332,486254080,0.0,5.840924348682165,0.6328487172722816,0.6989471316337585,0.003379255533218384,0.00860866904258728,-0.0052294135093688965,False,,"{""best_reuse"": ""default"", ""best_reuse_utility"": 0.00860866904258728, ""decision"": ""reuse"", ""fresh_advantage"": -0.0052294135093688965, ""fresh_positive"": false, ""fresh_utility"": 0.003379255533218384, ""full_batch_guards"": {""default"": {""crossfit_feasible"": true, ""crossfit_utility"": 0.00860866904258728, ""crossfit_utility_positive"": true, ""full_batch_cur_after"": 0.6884022951126099, ""full_batch_cur_before"": 0.6989471316337585, ""full_batch_gain"": 0.010544836521148682, ""full_batch_harm"": -0.005517438519746065, ""full_batch_harm_lcb"": -0.011707708705216646, ""full_batch_harm_se"": 0.0031583011150360107, ""full_batch_harm_ucb"": 0.0006728316657245159, ""full_batch_safe"": true}}, ""guarded_best_reuse"": ""default"", ""num_adapters"": 1, ""pending_after"": false, ""pending_before"": false, ""policy_version"": ""cau_v1"", ""reason"": ""safe_existing_reuse"", ""utility"": {""batch_n"": 16, ""best_reuse"": ""default"", ""best_reuse_query_after"": 0.6903384625911713, ""best_reuse_utility"": 0.00860866904258728, ""defer_utility"": 0.0, ""fold_a_fresh_utility"": 0.03821682929992676, ""fold_a_query_n"": 8, ""fold_a_support_n"": 8, ""fold_b_fresh_utility"": -0.03145831823348999, ""fold_b_query_n"": 8, ""fold_b_support_n"": 8, ""fresh_advantage"": -0.0052294135093688965, ""fresh_local_trainability"": -0.001990765333175659, ""fresh_positive"": false, ""fresh_query_after"": 0.6955678761005402, ""fresh_query_before"": 0.6935771107673645, ""fresh_utility"": 0.003379255533218384, ""reuse_profiles"": {""default"": {""feasible_both"": true, ""fold_a_harm"": -0.005461769178509712, ""fold_a_lcb"": -0.011047238083556295, ""fold_a_query_after"": 0.7190567255020142, ""fold_a_utility"": 0.010328888893127441, ""fold_b_harm"": -0.005349490325897932, ""fold_b_lcb"": -0.011414398048073053, ""fold_b_query_after"": 0.6616201996803284, ""fold_b_utility"": 0.006888449192047119, ""harm_lcb_max"": -0.011047238083556295, ""harm_mean"": -0.005405629752203822, ""harm_se_mean"": 0.0029720348538830876, ""harm_ucb_max"": 0.0007154173962771893, ""local_trainability"": 0.00860866904258728, ""query_after"": 0.6903384625911713, ""query_before"": 0.6989471316337585, ""system_utility"": 0.00860866904258728}}, ""status"": ""ok"", ""statusquo_loss"": 0.6989471316337585}, ""utility_status"": ""ok""}"
20,B1,B,1,default,reuse,safe_existing_reuse,0.6805251240730286,1,True,147456,592130,0,67694596,592130,4737056,320,19.088009456172585,486254080,0.0,6.213246935978532,0.6328487172722816,0.6781131625175476,-0.013208568096160889,0.008961200714111328,-0.022169768810272217,False,,"{""best_reuse"": ""default"", ""best_reuse_utility"": 0.008961200714111328, ""decision"": ""reuse"", ""fresh_advantage"": -0.022169768810272217, ""fresh_positive"": false, ""fresh_utility"": -0.013208568096160889, ""full_batch_guards"": {""default"": {""crossfit_feasible"": true, ""crossfit_utility"": 0.008961200714111328, ""crossfit_utility_positive"": true, ""full_batch_cur_after"": 0.6672769784927368, ""full_batch_cur_before"": 0.6781132221221924, ""full_batch_gain"": 0.010836243629455566, ""full_batch_harm"": -0.004385876934975386, ""full_batch_harm_lcb"": -0.012649640291929245, ""full_batch_harm_se"": 0.004216205794364214, ""full_batch_harm_ucb"": 0.0038778864219784735, ""full_batch_safe"": true}}, ""guarded_best_reuse"": ""default"", ""num_adapters"": 1, ""pending_after"": false, ""pending_before"": false, ""policy_version"": ""cau_v1"", ""reason"": ""safe_existing_reuse"", ""utility"": {""batch_n"": 16, ""best_reuse"": ""default"", ""best_reuse_query_after"": 0.6691519618034363, ""best_reuse_utility"": 0.008961200714111328, ""defer_utility"": 0.0, ""fold_a_fresh_utility"": 0.004606008529663086, ""fold_a_query_n"": 8, ""fold_a_support_n"": 8, ""fold_b_fresh_utility"": -0.031023144721984863, ""fold_b_query_n"": 8, ""fold_b_support_n"": 8, ""fresh_advantage"": -0.022169768810272217, ""fresh_local_trainability"": -0.002391427755355835, ""fresh_positive"": false, ""fresh_query_after"": 0.6913217306137085, ""fresh_query_before"": 0.6889303028583527, ""fresh_utility"": -0.013208568096160889, ""reuse_profiles"": {""default"": {""feasible_both"": true, ""fold_a_harm"": -0.0041757854633033276, ""fold_a_lcb"": -0.011381866810843348, ""fold_a_query_after"": 0.6870416402816772, ""fold_a_utility"": 0.011113882064819336, ""fold_b_harm"": -0.00439414894208312, ""fold_b_lcb"": -0.01249656405299902, ""fold_b_query_after"": 0.6512622833251953, ""fold_b_utility"": 0.00680851936340332, ""harm_lcb_max"": -0.011381866810843348, ""harm_mean"": -0.004284967202693224, ""harm_se_mean"": 0.0039052286883816123, ""harm_ucb_max"": 0.0037082661688327793, ""local_trainability"": 0.008961200714111328, ""query_after"": 0.6691519618034363, ""query_before"": 0.6781131625175476, ""system_utility"": 0.008961200714111328}}, ""status"": ""ok"", ""statusquo_loss"": 0.6781131625175476}, ""utility_status"": ""ok""}"
21,B1,B,1,default,reuse,safe_existing_reuse,0.6741987466812134,1,True,147456,592130,0,67694596,592130,4737056,336,19.458354400470853,486254080,0.0,6.579175757244229,0.6328487172722816,0.6656608581542969,-0.03398489952087402,0.008286654949188232,-0.042271554470062256,False,,"{""best_reuse"": ""default"", ""best_reuse_utility"": 0.008286654949188232, ""decision"": ""reuse"", ""fresh_advantage"": -0.042271554470062256, ""fresh_positive"": false, ""fresh_utility"": -0.03398489952087402, ""full_batch_guards"": {""default"": {""crossfit_feasible"": true, ""crossfit_utility"": 0.008286654949188232, ""crossfit_utility_positive"": true, ""full_batch_cur_after"": 0.6537659168243408, ""full_batch_cur_before"": 0.6656608581542969, ""full_batch_gain"": 0.011894941329956055, ""full_batch_harm"": -0.0014465544372797012, ""full_batch_harm_lcb"": -0.010650570038706064, ""full_batch_harm_se"": 0.0046959263272583485, ""full_batch_harm_ucb"": 0.007757461164146662, ""full_batch_safe"": true}}, ""guarded_best_reuse"": ""default"", ""num_adapters"": 1, ""pending_after"": false, ""pending_before"": false, ""policy_version"": ""cau_v1"", ""reason"": ""safe_existing_reuse"", ""utility"": {""batch_n"": 16, ""best_reuse"": ""default"", ""best_reuse_query_after"": 0.6573742032051086, ""best_reuse_utility"": 0.008286654949188232, ""defer_utility"": 0.0, ""fold_a_fresh_utility"": -0.009189605712890625, ""fold_a_query_n"": 8, ""fold_a_support_n"": 8, ""fold_b_fresh_utility"": -0.05878019332885742, ""fold_b_query_n"": 8, ""fold_b_support_n"": 8, ""fresh_advantage"": -0.042271554470062256, ""fresh_local_trainability"": -0.0028020739555358887, ""fresh_positive"": false, ""fresh_query_after"": 0.6996457576751709, ""fresh_query_before"": 0.696843683719635, ""fresh_utility"": -0.03398489952087402, ""reuse_profiles"": {""default"": {""feasible_both"": true, ""fold_a_harm"": -0.0016242694109678268, ""fold_a_lcb"": -0.011224125884473324, ""fold_a_query_after"": 0.6871029138565063, ""fold_a_utility"": 0.0036394596099853516, ""fold_b_harm"": -0.0013321703299880028, ""fold_b_lcb"": -0.0086931115668267, ""fold_b_query_after"": 0.6276454925537109, ""fold_b_utility"": 0.012933850288391113, ""harm_lcb_max"": -0.0086931115668267, ""harm_mean"": -0.0014782198704779148, ""harm_se_mean"": 0.0043267341097816825, ""harm_ucb_max"": 0.00797558706253767, ""local_trainability"": 0.008286654949188232, ""query_after"": 0.6573742032051086, ""query_before"": 0.6656608581542969, ""system_utility"": 0.008286654949188232}}, ""status"": ""ok"", ""statusquo_loss"": 0.6656608581542969}, ""utility_status"": ""ok""}"
22,B1,B,1,default,reuse,safe_existing_reuse,0.63874351978302,1,True,147456,592130,0,67694596,592130,4737056,352,19.84427570924163,486254080,0.0,6.961006857454777,0.6328487172722816,0.6206329762935638,-0.1298075020313263,-0.00275343656539917,-0.12705406546592712,False,,"{""best_reuse"": ""default"", ""best_reuse_utility"": -0.00275343656539917, ""decision"": ""reuse"", ""fresh_advantage"": -0.12705406546592712, ""fresh_positive"": false, ""fresh_utility"": -0.1298075020313263, ""full_batch_guards"": {""default"": {""crossfit_feasible"": true, ""crossfit_utility"": -0.00275343656539917, ""crossfit_utility_positive"": false, ""full_batch_cur_after"": 0.6133193373680115, ""full_batch_cur_before"": 0.6206330060958862, ""full_batch_gain"": 0.007313668727874756, ""full_batch_harm"": 0.001310199499130249, ""full_batch_harm_lcb"": -0.008025250732898712, ""full_batch_harm_se"": 0.004762984812259674, ""full_batch_harm_ucb"": 0.01064564973115921, ""full_batch_safe"": true}}, ""guarded_best_reuse"": ""default"", ""num_adapters"": 1, ""pending_after"": false, ""pending_before"": false, ""policy_version"": ""cau_v1"", ""reason"": ""safe_existing_reuse"", ""utility"": {""batch_n"": 16, ""best_reuse"": ""default"", ""best_reuse_query_after"": 0.623386412858963, ""best_reuse_utility"": -0.00275343656539917, ""defer_utility"": 0.0, ""fold_a_fresh_utility"": -0.09952431917190552, ""fold_a_query_n"": 8, ""fold_a_support_n"": 8, ""fold_b_fresh_utility"": -0.16009068489074707, ""fold_b_query_n"": 8, ""fold_b_support_n"": 8, ""fresh_advantage"": -0.12705406546592712, ""fresh_local_trainability"": -0.06833314895629883, ""fresh_positive"": false, ""fresh_query_after"": 0.7504404783248901, ""fresh_query_before"": 0.6821073293685913, ""fresh_utility"": -0.1298075020313263, ""reuse_profiles"": {""default"": {""feasible_both"": true, ""fold_a_harm"": -0.00045566679909825325, ""fold_a_lcb"": -0.005446927174925804, ""fold_a_query_after"": 0.6354638338088989, ""fold_a_utility"": 0.012953460216522217, ""fold_b_harm"": 0.002595704048871994, ""fold_b_lcb"": -0.00878975933417678, ""fold_b_query_after"": 0.6113089919090271, ""fold_b_utility"": -0.018460333347320557, ""harm_lcb_max"": -0.005446927174925804, ""harm_mean"": 0.0010700186248868704, ""harm_se_mean"": 0.004177735652774572, ""harm_ucb_max"": 0.013981167431920767, ""local_trainability"": -0.00275343656539917, ""query_after"": 0.623386412858963, ""query_before"": 0.6206329762935638, ""system_utility"": -0.00275343656539917}}, ""status"": ""ok"", ""statusquo_loss"": 0.6206329762935638}, ""utility_status"": ""ok""}"
23,B1,B,1,default,reuse,safe_existing_reuse,0.5976155996322632,1,True,147456,592130,0,67694596,592130,4737056,368,20.22755926847458,486254080,0.0,7.339304031804204,0.6328487172722816,0.6284502148628235,-0.018289148807525635,0.025661826133728027,-0.04395097494125366,False,,"{""best_reuse"": ""default"", ""best_reuse_utility"": 0.025661826133728027, ""decision"": ""reuse"", ""fresh_advantage"": -0.04395097494125366, ""fresh_positive"": false, ""fresh_utility"": -0.018289148807525635, ""full_batch_guards"": {""default"": {""crossfit_feasible"": true, ""crossfit_utility"": 0.025661826133728027, ""crossfit_utility_positive"": true, ""full_batch_cur_after"": 0.600257396697998, ""full_batch_cur_before"": 0.6284502744674683, ""full_batch_gain"": 0.028192877769470215, ""full_batch_harm"": 0.003242267295718193, ""full_batch_harm_lcb"": -0.008434614483267069, ""full_batch_harm_se"": 0.005957592744380236, ""full_batch_harm_ucb"": 0.014919149074703455, ""full_batch_safe"": true}}, ""guarded_best_reuse"": ""default"", ""num_adapters"": 1, ""pending_after"": false, ""pending_before"": false, ""policy_version"": ""cau_v1"", ""reason"": ""safe_existing_reuse"", ""utility"": {""batch_n"": 16, ""best_reuse"": ""default"", ""best_reuse_query_after"": 0.6027883887290955, ""best_reuse_utility"": 0.025661826133728027, ""defer_utility"": 0.0, ""fold_a_fresh_utility"": 0.024629592895507812, ""fold_a_query_n"": 8, ""fold_a_support_n"": 8, ""fold_b_fresh_utility"": -0.06120789051055908, ""fold_b_query_n"": 8, ""fold_b_support_n"": 8, ""fresh_advantage"": -0.04395097494125366, ""fresh_local_trainability"": 0.03510928153991699, ""fresh_positive"": false, ""fresh_query_after"": 0.6467393636703491, ""fresh_query_before"": 0.6818486452102661, ""fresh_utility"": -0.018289148807525635, ""reuse_profiles"": {""default"": {""feasible_both"": true, ""fold_a_harm"": 0.002309070434421301, ""fold_a_lcb"": -0.008318477310240269, ""fold_a_query_after"": 0.6199649572372437, ""fold_a_utility"": 0.03651320934295654, ""fold_b_harm"": 0.0035206242464482784, ""fold_b_lcb"": -0.008239269983023404, ""fold_b_query_after"": 0.5856118202209473, ""fold_b_utility"": 0.014810442924499512, ""harm_lcb_max"": -0.008239269983023404, ""harm_mean"": 0.0029148473404347897, ""harm_se_mean"": 0.005711082136258483, ""harm_ucb_max"": 0.015280518475919961, ""local_trainability"": 0.025661826133728027, ""query_after"": 0.6027883887290955, ""query_before"": 0.6284502148628235, ""system_utility"": 0.025661826133728027}}, ""status"": ""ok"", ""statusquo_loss"": 0.6284502148628235}, ""utility_status"": ""ok""}"
24,B1,B,1,default,reuse,safe_existing_reuse,0.6354411840438843,1,True,147456,592130,0,67694596,592130,4737056,384,20.606695637106895,486254080,0.0,7.712110098451376,0.6328487172722816,0.6493777930736542,-0.039559781551361084,-0.007778435945510864,-0.03178134560585022,False,,"{""best_reuse"": ""default"", ""best_reuse_utility"": -0.007778435945510864, ""decision"": ""reuse"", ""fresh_advantage"": -0.03178134560585022, ""fresh_positive"": false, ""fresh_utility"": -0.039559781551361084, ""full_batch_guards"": {""default"": {""crossfit_feasible"": true, ""crossfit_utility"": -0.007778435945510864, ""crossfit_utility_positive"": false, ""full_batch_cur_after"": 0.6532117128372192, ""full_batch_cur_before"": 0.6493778228759766, ""full_batch_gain"": -0.0038338899612426758, ""full_batch_harm"": -0.00028336280956864357, ""full_batch_harm_lcb"": -0.007744959369301796, ""full_batch_harm_se"": 0.0038069370202720165, ""full_batch_harm_ucb"": 0.007178233750164509, ""full_batch_safe"": true}}, ""guarded_best_reuse"": ""default"", ""num_adapters"": 1, ""pending_after"": false, ""pending_before"": false, ""policy_version"": ""cau_v1"", ""reason"": ""safe_existing_reuse"", ""utility"": {""batch_n"": 16, ""best_reuse"": ""default"", ""best_reuse_query_after"": 0.657156229019165, ""best_reuse_utility"": -0.007778435945510864, ""defer_utility"": 0.0, ""fold_a_fresh_utility"": -0.05765867233276367, ""fold_a_query_n"": 8, ""fold_a_support_n"": 8, ""fold_b_fresh_utility"": -0.021460890769958496, ""fold_b_query_n"": 8, ""fold_b_support_n"": 8, ""fresh_advantage"": -0.03178134560585022, ""fresh_local_trainability"": 0.0014705061912536621, ""fresh_positive"": false, ""fresh_query_after"": 0.6889375746250153, ""fresh_query_before"": 0.6904080808162689, ""fresh_utility"": -0.039559781551361084, ""reuse_profiles"": {""default"": {""feasible_both"": true, ""fold_a_harm"": -0.0001954822801053524, ""fold_a_lcb"": -0.007597797401249409, ""fold_a_query_after"": 0.6363673210144043, ""fold_a_utility"": -0.0017393827438354492, ""fold_b_harm"": 0.000605335459113121, ""fold_b_lcb"": -0.008415084015578032, ""fold_b_query_after"": 0.6779451370239258, ""fold_b_utility"": -0.01381748914718628, ""harm_lcb_max"": -0.007597797401249409, ""harm_mean"": 0.00020492658950388432, ""harm_se_mean"": 0.004189473111182451, ""harm_ucb_max"": 0.009625754933804274, ""local_trainability"": -0.007778435945510864, ""query_after"": 0.657156229019165, ""query_before"": 0.6493777930736542, ""system_utility"": -0.007778435945510864}}, ""status"": ""ok"", ""statusquo_loss"": 0.6493777930736542}, ""utility_status"": ""ok""}"
25,B1,B,1,default,reuse,safe_existing_reuse,0.6109625101089478,1,True,147456,592130,0,67694596,592130,4737056,400,20.981384938582778,486254080,0.0,8.082491412758827,0.6328487172722816,0.6005263030529022,-0.0881945788860321,0.002586066722869873,-0.09078064560890198,False,,"{""best_reuse"": ""default"", ""best_reuse_utility"": 0.002586066722869873, ""decision"": ""reuse"", ""fresh_advantage"": -0.09078064560890198, ""fresh_positive"": false, ""fresh_utility"": -0.0881945788860321, ""full_batch_guards"": {""default"": {""crossfit_feasible"": true, ""crossfit_utility"": 0.002586066722869873, ""crossfit_utility_positive"": true, ""full_batch_cur_after"": 0.5959552526473999, ""full_batch_cur_before"": 0.6005263328552246, ""full_batch_gain"": 0.004571080207824707, ""full_batch_harm"": 0.0004206569865345955, ""full_batch_harm_lcb"": -0.0069200310669839385, ""full_batch_harm_se"": 0.003745249006897211, ""full_batch_harm_ucb"": 0.0077613450400531294, ""full_batch_safe"": true}}, ""guarded_best_reuse"": ""default"", ""num_adapters"": 1, ""pending_after"": false, ""pending_before"": false, ""policy_version"": ""cau_v1"", ""reason"": ""safe_existing_reuse"", ""utility"": {""batch_n"": 16, ""best_reuse"": ""default"", ""best_reuse_query_after"": 0.5979402363300323, ""best_reuse_utility"": 0.002586066722869873, ""defer_utility"": 0.0, ""fold_a_fresh_utility"": -0.10289531946182251, ""fold_a_query_n"": 8, ""fold_a_support_n"": 8, ""fold_b_fresh_utility"": -0.0734938383102417, ""fold_b_query_n"": 8, ""fold_b_support_n"": 8, ""fresh_advantage"": -0.09078064560890198, ""fresh_local_trainability"": 0.001908719539642334, ""fresh_positive"": false, ""fresh_query_after"": 0.6887208819389343, ""fresh_query_before"": 0.6906296014785767, ""fresh_utility"": -0.0881945788860321, ""reuse_profiles"": {""default"": {""feasible_both"": true, ""fold_a_harm"": 0.0013101245276629925, ""fold_a_lcb"": -0.006718557514250278, ""fold_a_query_after"": 0.5842931866645813, ""fold_a_utility"": -0.0010271072387695312, ""fold_b_harm"": -0.0007703737355768681, ""fold_b_lcb"": -0.006370288338512182, ""fold_b_query_after"": 0.6115872859954834, ""fold_b_utility"": 0.006199240684509277, ""harm_lcb_max"": -0.006370288338512182, ""harm_mean"": 0.0002698753960430622, ""harm_se_mean"": 0.0034766828175634146, ""harm_ucb_max"": 0.009338806569576263, ""local_trainability"": 0.002586066722869873, ""query_after"": 0.5979402363300323, ""query_before"": 0.6005263030529022, ""system_utility"": 0.002586066722869873}}, ""status"": ""ok"", ""statusquo_loss"": 0.6005263030529022}, ""utility_status"": ""ok""}"
26,B1,B,1,default,reuse,safe_existing_reuse,0.6769490242004395,1,True,147456,592130,0,67694596,592130,4737056,416,21.354180425405502,486254080,0.0,8.450678220018744,0.6328487172722816,0.6800416707992554,-0.010721087455749512,-0.000995635986328125,-0.009725451469421387,False,,"{""best_reuse"": ""default"", ""best_reuse_utility"": -0.000995635986328125, ""decision"": ""reuse"", ""fresh_advantage"": -0.009725451469421387, ""fresh_positive"": false, ""fresh_utility"": -0.010721087455749512, ""full_batch_guards"": {""default"": {""crossfit_feasible"": true, ""crossfit_utility"": -0.000995635986328125, ""crossfit_utility_positive"": false, ""full_batch_cur_after"": 0.6785928606987, ""full_batch_cur_before"": 0.6800416111946106, ""full_batch_gain"": 0.0014487504959106445, ""full_batch_harm"": -0.0007767495699226856, ""full_batch_harm_lcb"": -0.005308614848181605, ""full_batch_harm_se"": 0.002312176162377, ""full_batch_harm_ucb"": 0.003755115708336234, ""full_batch_safe"": true}}, ""guarded_best_reuse"": ""default"", ""num_adapters"": 1, ""pending_after"": false, ""pending_before"": false, ""policy_version"": ""cau_v1"", ""reason"": ""safe_existing_reuse"", ""utility"": {""batch_n"": 16, ""best_reuse"": ""default"", ""best_reuse_query_after"": 0.6810373067855835, ""best_reuse_utility"": -0.000995635986328125, ""defer_utility"": 0.0, ""fold_a_fresh_utility"": -0.032671332359313965, ""fold_a_query_n"": 8, ""fold_a_support_n"": 8, ""fold_b_fresh_utility"": 0.011229157447814941, ""fold_b_query_n"": 8, ""fold_b_support_n"": 8, ""fresh_advantage"": -0.009725451469421387, ""fresh_local_trainability"": 0.002011418342590332, ""fresh_positive"": false, ""fresh_query_after"": 0.6907627582550049, ""fresh_query_before"": 0.6927741765975952, ""fresh_utility"": -0.010721087455749512, ""reuse_profiles"": {""default"": {""feasible_both"": true, ""fold_a_harm"": -0.00025952979922294617, ""fold_a_lcb"": -0.00551589691080153, ""fold_a_query_after"": 0.6520328521728516, ""fold_a_utility"": -8.988380432128906e-05, ""fold_b_harm"": -0.0006801844574511051, ""fold_b_lcb"": -0.005700287856161594, ""fold_b_query_after"": 0.7100417613983154, ""fold_b_utility"": -0.001901388168334961, ""harm_lcb_max"": -0.00551589691080153, ""harm_mean"": -0.00046985712833702564, ""harm_se_mean"": 0.002621548599563539, ""harm_ucb_max"": 0.0049968373123556375, ""local_trainability"": -0.000995635986328125, ""query_after"": 0.6810373067855835, ""query_before"": 0.6800416707992554, ""system_utility"": -0.000995635986328125}}, ""status"": ""ok"", ""statusquo_loss"": 0.6800416707992554}, ""utility_status"": ""ok""}"
27,B1,B,1,default,reuse,safe_existing_reuse,0.6798272132873535,1,True,147456,592130,0,67694596,592130,4737056,432,21.721358919516206,486254080,0.0,8.812652304768562,0.6328487172722816,0.638920783996582,-0.035764098167419434,0.0010439157485961914,-0.036808013916015625,False,,"{""best_reuse"": ""default"", ""best_reuse_utility"": 0.0010439157485961914, ""decision"": ""reuse"", ""fresh_advantage"": -0.036808013916015625, ""fresh_positive"": false, ""fresh_utility"": -0.035764098167419434, ""full_batch_guards"": {""default"": {""crossfit_feasible"": true, ""crossfit_utility"": 0.0010439157485961914, ""crossfit_utility_positive"": true, ""full_batch_cur_after"": 0.6364555358886719, ""full_batch_cur_before"": 0.6389207243919373, ""full_batch_gain"": 0.002465188503265381, ""full_batch_harm"": -0.0025442386977374554, ""full_batch_harm_lcb"": -0.0038365274202078583, ""full_batch_harm_se"": 0.0006593309808522463, ""full_batch_harm_ucb"": -0.0012519499752670527, ""full_batch_safe"": true}}, ""guarded_best_reuse"": ""default"", ""num_adapters"": 1, ""pending_after"": false, ""pending_before"": false, ""policy_version"": ""cau_v1"", ""reason"": ""safe_existing_reuse"", ""utility"": {""batch_n"": 16, ""best_reuse"": ""default"", ""best_reuse_query_after"": 0.6378768682479858, ""best_reuse_utility"": 0.0010439157485961914, ""defer_utility"": 0.0, ""fold_a_fresh_utility"": -0.03252309560775757, ""fold_a_query_n"": 8, ""fold_a_support_n"": 8, ""fold_b_fresh_utility"": -0.0390051007270813, ""fold_b_query_n"": 8, ""fold_b_support_n"": 8, ""fresh_advantage"": -0.036808013916015625, ""fresh_local_trainability"": 0.02290475368499756, ""fresh_positive"": false, ""fresh_query_after"": 0.6746848821640015, ""fresh_query_before"": 0.697589635848999, ""fresh_utility"": -0.035764098167419434, ""reuse_profiles"": {""default"": {""feasible_both"": true, ""fold_a_harm"": -0.002490710001438856, ""fold_a_lcb"": -0.0039697039499878885, ""fold_a_query_after"": 0.6417617797851562, ""fold_a_utility"": 0.0011827945709228516, ""fold_b_harm"": -0.0021659042686223984, ""fold_b_lcb"": -0.0037874359101988378, ""fold_b_query_after"": 0.6339919567108154, ""fold_b_utility"": 0.0009050369262695312, ""harm_lcb_max"": -0.0037874359101988378, ""harm_mean"": -0.0023283071350306273, ""harm_se_mean"": 0.0007909504056442529, ""harm_ucb_max"": -0.0005443726270459592, ""local_trainability"": 0.0010439157485961914, ""query_after"": 0.6378768682479858, ""query_before"": 0.638920783996582, ""system_utility"": 0.0010439157485961914}}, ""status"": ""ok"", ""statusquo_loss"": 0.638920783996582}, ""utility_status"": ""ok""}"
28,B1,B,1,default,reuse,safe_existing_reuse,0.6371870636940002,1,True,147456,592130,0,67694596,592130,4737056,448,22.08714445307851,486254080,0.0,9.172256896272302,0.6328487172722816,0.6365535855293274,-0.03344264626502991,0.007651716470718384,-0.04109436273574829,False,,"{""best_reuse"": ""default"", ""best_reuse_utility"": 0.007651716470718384, ""decision"": ""reuse"", ""fresh_advantage"": -0.04109436273574829, ""fresh_positive"": false, ""fresh_utility"": -0.03344264626502991, ""full_batch_guards"": {""default"": {""crossfit_feasible"": true, ""crossfit_utility"": 0.007651716470718384, ""crossfit_utility_positive"": true, ""full_batch_cur_after"": 0.6274388432502747, ""full_batch_cur_before"": 0.6365535855293274, ""full_batch_gain"": 0.009114742279052734, ""full_batch_harm"": -0.0049153706058859825, ""full_batch_harm_lcb"": -0.007658489528112114, ""full_batch_harm_se"": 0.0013995504705235362, ""full_batch_harm_ucb"": -0.0021722516836598514, ""full_batch_safe"": true}}, ""guarded_best_reuse"": ""default"", ""num_adapters"": 1, ""pending_after"": false, ""pending_before"": false, ""policy_version"": ""cau_v1"", ""reason"": ""safe_existing_reuse"", ""utility"": {""batch_n"": 16, ""best_reuse"": ""default"", ""best_reuse_query_after"": 0.628901869058609, ""best_reuse_utility"": 0.007651716470718384, ""defer_utility"": 0.0, ""fold_a_fresh_utility"": -0.004625439643859863, ""fold_a_query_n"": 8, ""fold_a_support_n"": 8, ""fold_b_fresh_utility"": -0.06225985288619995, ""fold_b_query_n"": 8, ""fold_b_support_n"": 8, ""fresh_advantage"": -0.04109436273574829, ""fresh_local_trainability"": 0.023910343647003174, ""fresh_positive"": false, ""fresh_query_after"": 0.6699962317943573, ""fresh_query_before"": 0.6939065754413605, ""fresh_utility"": -0.03344264626502991, ""reuse_profiles"": {""default"": {""feasible_both"": true, ""fold_a_harm"": -0.00459302356466651, ""fold_a_lcb"": -0.006879012016579509, ""fold_a_query_after"": 0.6592661738395691, ""fold_a_utility"": 0.006953895092010498, ""fold_b_harm"": -0.0047376081347465515, ""fold_b_lcb"": -0.007256130794994533, ""fold_b_query_after"": 0.5985375642776489, ""fold_b_utility"": 0.00834953784942627, ""harm_lcb_max"": -0.006879012016579509, ""harm_mean"": -0.004665315849706531, ""harm_se_mean"": 0.0012256405898369849, ""harm_ucb_max"": -0.00221908547449857, ""local_trainability"": 0.007651716470718384, ""query_after"": 0.628901869058609, ""query_before"": 0.6365535855293274, ""system_utility"": 0.007651716470718384}}, ""status"": ""ok"", ""statusquo_loss"": 0.6365535855293274}, ""utility_status"": ""ok""}"
29,B1,B,1,default,reuse,safe_existing_reuse,0.5970595479011536,1,True,147456,592130,0,67694596,592130,4737056,464,22.45394496433437,486254080,0.0,9.534723963588476,0.6328487172722816,0.5958919525146484,-0.08039653301239014,0.002194702625274658,-0.0825912356376648,False,,"{""best_reuse"": ""default"", ""best_reuse_utility"": 0.002194702625274658, ""decision"": ""reuse"", ""fresh_advantage"": -0.0825912356376648, ""fresh_positive"": false, ""fresh_utility"": -0.08039653301239014, ""full_batch_guards"": {""default"": {""crossfit_feasible"": true, ""crossfit_utility"": 0.002194702625274658, ""crossfit_utility_positive"": true, ""full_batch_cur_after"": 0.5916450619697571, ""full_batch_cur_before"": 0.5958920121192932, ""full_batch_gain"": 0.004246950149536133, ""full_batch_harm"": -0.003442789427936077, ""full_batch_harm_lcb"": -0.004775932026095688, ""full_batch_harm_se"": 0.0006801747949793935, ""full_batch_harm_ucb"": -0.002109646829776466, ""full_batch_safe"": true}}, ""guarded_best_reuse"": ""default"", ""num_adapters"": 1, ""pending_after"": false, ""pending_before"": false, ""policy_version"": ""cau_v1"", ""reason"": ""safe_existing_reuse"", ""utility"": {""batch_n"": 16, ""best_reuse"": ""default"", ""best_reuse_query_after"": 0.5936972498893738, ""best_reuse_utility"": 0.002194702625274658, ""defer_utility"": 0.0, ""fold_a_fresh_utility"": -0.10113012790679932, ""fold_a_query_n"": 8, ""fold_a_support_n"": 8, ""fold_b_fresh_utility"": -0.05966293811798096, ""fold_b_query_n"": 8, ""fold_b_support_n"": 8, ""fresh_advantage"": -0.0825912356376648, ""fresh_local_trainability"": 0.010694384574890137, ""fresh_positive"": false, ""fresh_query_after"": 0.6762884855270386, ""fresh_query_before"": 0.6869828701019287, ""fresh_utility"": -0.08039653301239014, ""reuse_profiles"": {""default"": {""feasible_both"": true, ""fold_a_harm"": -0.0035156751982867718, ""fold_a_lcb"": -0.005014550976920873, ""fold_a_query_after"": 0.5772994756698608, ""fold_a_utility"": 0.002942800521850586, ""fold_b_harm"": -0.00326130585744977, ""fold_b_lcb"": -0.004780495627783239, ""fold_b_query_after"": 0.6100950241088867, ""fold_b_utility"": 0.0014466047286987305, ""harm_lcb_max"": -0.004780495627783239, ""harm_mean"": -0.003388490527868271, ""harm_se_mean"": 0.000769914680859074, ""harm_ucb_max"": -0.001742116087116301, ""local_trainability"": 0.002194702625274658, ""query_after"": 0.5936972498893738, ""query_before"": 0.5958919525146484, ""system_utility"": 0.002194702625274658}}, ""status"": ""ok"", ""statusquo_loss"": 0.5958919525146484}, ""utility_status"": ""ok""}"
30,B1,B,1,default,reuse,safe_existing_reuse,0.6582450270652771,1,True,147456,592130,0,67694596,592130,4737056,480,22.843452088534832,486254080,0.0,9.919759204611182,0.6328487172722816,0.657285064458847,-0.012686461210250854,0.00981643795967102,-0.022502899169921875,False,,"{""best_reuse"": ""default"", ""best_reuse_utility"": 0.00981643795967102, ""decision"": ""reuse"", ""fresh_advantage"": -0.022502899169921875, ""fresh_positive"": false, ""fresh_utility"": -0.012686461210250854, ""full_batch_guards"": {""default"": {""crossfit_feasible"": true, ""crossfit_utility"": 0.00981643795967102, ""crossfit_utility_positive"": true, ""full_batch_cur_after"": 0.6452678442001343, ""full_batch_cur_before"": 0.6572850942611694, ""full_batch_gain"": 0.012017250061035156, ""full_batch_harm"": -0.00470246747136116, ""full_batch_harm_lcb"": -0.009013662906363606, ""full_batch_harm_se"": 0.0021995895076543093, ""full_batch_harm_ucb"": -0.00039127203635871445, ""full_batch_safe"": true}}, ""guarded_best_reuse"": ""default"", ""num_adapters"": 1, ""pending_after"": false, ""pending_before"": false, ""policy_version"": ""cau_v1"", ""reason"": ""safe_existing_reuse"", ""utility"": {""batch_n"": 16, ""best_reuse"": ""default"", ""best_reuse_query_after"": 0.647468626499176, ""best_reuse_utility"": 0.00981643795967102, ""defer_utility"": 0.0, ""fold_a_fresh_utility"": -0.06512373685836792, ""fold_a_query_n"": 8, ""fold_a_support_n"": 8, ""fold_b_fresh_utility"": 0.03975081443786621, ""fold_b_query_n"": 8, ""fold_b_support_n"": 8, ""fresh_advantage"": -0.022502899169921875, ""fresh_local_trainability"": 0.025617748498916626, ""fresh_positive"": false, ""fresh_query_after"": 0.6699715256690979, ""fresh_query_before"": 0.6955892741680145, ""fresh_utility"": -0.012686461210250854, ""reuse_profiles"": {""default"": {""feasible_both"": true, ""fold_a_harm"": -0.004459046293050051, ""fold_a_lcb"": -0.00841542928479612, ""fold_a_query_after"": 0.5899426937103271, ""fold_a_utility"": 0.010538041591644287, ""fold_b_harm"": -0.004622283857315779, ""fold_b_lcb"": -0.008394700395874678, ""fold_b_query_after"": 0.7049945592880249, ""fold_b_utility"": 0.009094834327697754, ""harm_lcb_max"": -0.008394700395874678, ""harm_mean"": -0.004540665075182915, ""harm_se_mean"": 0.0019716325332410634, ""harm_ucb_max"": -0.000502663301303983, ""local_trainability"": 0.00981643795967102, ""query_after"": 0.647468626499176, ""query_before"": 0.657285064458847, ""system_utility"": 0.00981643795967102}}, ""status"": ""ok"", ""statusquo_loss"": 0.657285064458847}, ""utility_status"": ""ok""}"
31,B1,B,1,default,reuse,safe_existing_reuse,0.6719179153442383,1,True,147456,592130,0,67694596,592130,4737056,496,23.213040605187416,486254080,0.0,10.28467632085085,0.6328487172722816,0.6641031801700592,-0.07057321071624756,-0.0016516149044036865,-0.06892159581184387,False,,"{""best_reuse"": ""default"", ""best_reuse_utility"": -0.0016516149044036865, ""decision"": ""reuse"", ""fresh_advantage"": -0.06892159581184387, ""fresh_positive"": false, ""fresh_utility"": -0.07057321071624756, ""full_batch_guards"": {""default"": {""crossfit_feasible"": true, ""crossfit_utility"": -0.0016516149044036865, ""crossfit_utility_positive"": false, ""full_batch_cur_after"": 0.6564098596572876, ""full_batch_cur_before"": 0.6641031503677368, ""full_batch_gain"": 0.007693290710449219, ""full_batch_harm"": -0.003943218383938074, ""full_batch_harm_lcb"": -0.010084275538101792, ""full_batch_harm_se"": 0.003133192425593734, ""full_batch_harm_ucb"": 0.0021978387702256443, ""full_batch_safe"": true}}, ""guarded_best_reuse"": ""default"", ""num_adapters"": 1, ""pending_after"": false, ""pending_before"": false, ""policy_version"": ""cau_v1"", ""reason"": ""safe_existing_reuse"", ""utility"": {""batch_n"": 16, ""best_reuse"": ""default"", ""best_reuse_query_after"": 0.6657547950744629, ""best_reuse_utility"": -0.0016516149044036865, ""defer_utility"": 0.0, ""fold_a_fresh_utility"": -0.08698683977127075, ""fold_a_query_n"": 8, ""fold_a_support_n"": 8, ""fold_b_fresh_utility"": -0.054159581661224365, ""fold_b_query_n"": 8, ""fold_b_support_n"": 8, ""fresh_advantage"": -0.06892159581184387, ""fresh_local_trainability"": -0.04318380355834961, ""fresh_positive"": false, ""fresh_query_after"": 0.7346763908863068, ""fresh_query_before"": 0.6914925873279572, ""fresh_utility"": -0.07057321071624756, ""reuse_profiles"": {""default"": {""feasible_both"": true, ""fold_a_harm"": -0.0037487749941647053, ""fold_a_lcb"": -0.011002108445391059, ""fold_a_query_after"": 0.6514145135879517, ""fold_a_utility"": -0.007789552211761475, ""fold_b_harm"": -0.003096427768468857, ""fold_b_lcb"": -0.004682067292742431, ""fold_b_query_after"": 0.6800950765609741, ""fold_b_utility"": 0.0044863224029541016, ""harm_lcb_max"": -0.004682067292742431, ""harm_mean"": -0.003422601381316781, ""harm_se_mean"": 0.00225484004477039, ""harm_ucb_max"": 0.0035045584570616486, ""local_trainability"": -0.0016516149044036865, ""query_after"": 0.6657547950744629, ""query_before"": 0.6641031801700592, ""system_utility"": -0.0016516149044036865}}, ""status"": ""ok"", ""statusquo_loss"": 0.6641031801700592}, ""utility_status"": ""ok""}"
32,B1,B,1,default,reuse,safe_existing_reuse,0.6667434573173523,1,True,147456,592130,0,67694596,592130,4737056,512,23.596159268170595,486254080,0.0,10.658807203173637,0.6328487172722816,0.6680476367473602,-0.03878709673881531,0.018034785985946655,-0.05682188272476196,False,,"{""best_reuse"": ""default"", ""best_reuse_utility"": 0.018034785985946655, ""decision"": ""reuse"", ""fresh_advantage"": -0.05682188272476196, ""fresh_positive"": false, ""fresh_utility"": -0.03878709673881531, ""full_batch_guards"": {""default"": {""crossfit_feasible"": true, ""crossfit_utility"": 0.018034785985946655, ""crossfit_utility_positive"": true, ""full_batch_cur_after"": 0.6467457413673401, ""full_batch_cur_before"": 0.6680476665496826, ""full_batch_gain"": 0.02130192518234253, ""full_batch_harm"": -0.004344471264630556, ""full_batch_harm_lcb"": -0.013213693499565124, ""full_batch_harm_se"": 0.004525113385170698, ""full_batch_harm_ucb"": 0.004524750970304012, ""full_batch_safe"": true}}, ""guarded_best_reuse"": ""default"", ""num_adapters"": 1, ""pending_after"": false, ""pending_before"": false, ""policy_version"": ""cau_v1"", ""reason"": ""safe_existing_reuse"", ""utility"": {""batch_n"": 16, ""best_reuse"": ""default"", ""best_reuse_query_after"": 0.6500128507614136, ""best_reuse_utility"": 0.018034785985946655, ""defer_utility"": 0.0, ""fold_a_fresh_utility"": -0.08067470788955688, ""fold_a_query_n"": 8, ""fold_a_support_n"": 8, ""fold_b_fresh_utility"": 0.0031005144119262695, ""fold_b_query_n"": 8, ""fold_b_support_n"": 8, ""fresh_advantage"": -0.05682188272476196, ""fresh_local_trainability"": -0.004067927598953247, ""fresh_positive"": false, ""fresh_query_after"": 0.7068347334861755, ""fresh_query_before"": 0.7027668058872223, ""fresh_utility"": -0.03878709673881531, ""reuse_profiles"": {""default"": {""feasible_both"": true, ""fold_a_harm"": -0.004301020409911871, ""fold_a_lcb"": -0.013180043175816536, ""fold_a_query_after"": 0.6165106296539307, ""fold_a_utility"": 0.008398592472076416, ""fold_b_harm"": -0.004223022144287825, ""fold_b_lcb"": -0.011711071832105516, ""fold_b_query_after"": 0.6835150718688965, ""fold_b_utility"": 0.027670979499816895, ""harm_lcb_max"": -0.011711071832105516, ""harm_mean"": -0.004262021277099848, ""harm_se_mean"": 0.0041752735851332545, ""harm_ucb_max"": 0.004578002355992794, ""local_trainability"": 0.018034785985946655, ""query_after"": 0.6500128507614136, ""query_before"": 0.6680476367473602, ""system_utility"": 0.018034785985946655}}, ""status"": ""ok"", ""statusquo_loss"": 0.6680476367473602}, ""utility_status"": ""ok""}"
33,A2,A,2,default,reuse,safe_existing_reuse,0.5918141603469849,1,True,147456,592130,0,67694596,592130,4737056,512,24.652904596179724,487040512,0.0,11.039480483159423,1.3041742332279682,0.586601585149765,-0.08293074369430542,-0.0005278587341308594,-0.08240288496017456,False,,"{""best_reuse"": ""default"", ""best_reuse_utility"": -0.0005278587341308594, ""decision"": ""reuse"", ""fresh_advantage"": -0.08240288496017456, ""fresh_positive"": false, ""fresh_utility"": -0.08293074369430542, ""full_batch_guards"": {""default"": {""crossfit_feasible"": true, ""crossfit_utility"": -0.0005278587341308594, ""crossfit_utility_positive"": false, ""full_batch_cur_after"": 0.585284948348999, ""full_batch_cur_before"": 0.5866015553474426, ""full_batch_gain"": 0.0013166069984436035, ""full_batch_harm"": -0.0075180260464549065, ""full_batch_harm_lcb"": -0.014394457526504994, ""full_batch_harm_se"": 0.00350838340818882, ""full_batch_harm_ucb"": -0.0006415945664048194, ""full_batch_safe"": true}}, ""guarded_best_reuse"": ""default"", ""num_adapters"": 1, ""pending_after"": false, ""pending_before"": false, ""policy_version"": ""cau_v1"", ""reason"": ""safe_existing_reuse"", ""utility"": {""batch_n"": 16, ""best_reuse"": ""default"", ""best_reuse_query_after"": 0.5871294438838959, ""best_reuse_utility"": -0.0005278587341308594, ""defer_utility"": 0.0, ""fold_a_fresh_utility"": -0.07063478231430054, ""fold_a_query_n"": 8, ""fold_a_support_n"": 8, ""fold_b_fresh_utility"": -0.0952267050743103, ""fold_b_query_n"": 8, ""fold_b_support_n"": 8, ""fresh_advantage"": -0.08240288496017456, ""fresh_local_trainability"": 0.01713663339614868, ""fresh_positive"": false, ""fresh_query_after"": 0.6695323288440704, ""fresh_query_before"": 0.6866689622402191, ""fresh_utility"": -0.08293074369430542, ""reuse_profiles"": {""default"": {""feasible_both"": true, ""fold_a_harm"": -0.007855687290430069, ""fold_a_lcb"": -0.015488302111625671, ""fold_a_query_after"": 0.6026521921157837, ""fold_a_utility"": -0.0025663375854492188, ""fold_b_harm"": -0.007244260516017675, ""fold_b_lcb"": -0.013663435345515609, ""fold_b_query_after"": 0.5716066956520081, ""fold_b_utility"": 0.0015106201171875, ""harm_lcb_max"": -0.013663435345515609, ""harm_mean"": -0.007549973903223872, ""harm_se_mean"": 0.003584640217013657, ""harm_ucb_max"": -0.00022307246923446676, ""local_trainability"": -0.0005278587341308594, ""query_after"": 0.5871294438838959, ""query_before"": 0.586601585149765, ""system_utility"": -0.0005278587341308594}}, ""status"": ""ok"", ""statusquo_loss"": 0.586601585149765}, ""utility_status"": ""ok""}"
34,A2,A,2,default,reuse,safe_existing_reuse,0.5870292782783508,1,True,147456,592130,0,67694596,592130,4737056,512,25.02700898051262,487040512,0.0,11.408046193420887,1.3041742332279682,0.5695054531097412,-0.2074049711227417,-0.004671931266784668,-0.20273303985595703,False,,"{""best_reuse"": ""default"", ""best_reuse_utility"": -0.004671931266784668, ""decision"": ""reuse"", ""fresh_advantage"": -0.20273303985595703, ""fresh_positive"": false, ""fresh_utility"": -0.2074049711227417, ""full_batch_guards"": {""default"": {""crossfit_feasible"": true, ""crossfit_utility"": -0.004671931266784668, ""crossfit_utility_positive"": false, ""full_batch_cur_after"": 0.5637608766555786, ""full_batch_cur_before"": 0.5695053935050964, ""full_batch_gain"": 0.005744516849517822, ""full_batch_harm"": -0.004098531324416399, ""full_batch_harm_lcb"": -0.01054216549731791, ""full_batch_harm_se"": 0.0032875684555619955, ""full_batch_harm_ucb"": 0.002345102848485112, ""full_batch_safe"": true}}, ""guarded_best_reuse"": ""default"", ""num_adapters"": 1, ""pending_after"": false, ""pending_before"": false, ""policy_version"": ""cau_v1"", ""reason"": ""safe_existing_reuse"", ""utility"": {""batch_n"": 16, ""best_reuse"": ""default"", ""best_reuse_query_after"": 0.5741773843765259, ""best_reuse_utility"": -0.004671931266784668, ""defer_utility"": 0.0, ""fold_a_fresh_utility"": -0.14415884017944336, ""fold_a_query_n"": 8, ""fold_a_support_n"": 8, ""fold_b_fresh_utility"": -0.27065110206604004, ""fold_b_query_n"": 8, ""fold_b_support_n"": 8, ""fresh_advantage"": -0.20273303985595703, ""fresh_local_trainability"": -0.08170783519744873, ""fresh_positive"": false, ""fresh_query_after"": 0.7769104242324829, ""fresh_query_before"": 0.6952025890350342, ""fresh_utility"": -0.2074049711227417, ""reuse_profiles"": {""default"": {""feasible_both"": true, ""fold_a_harm"": -0.00399604719132185, ""fold_a_lcb"": -0.007141181831248105, ""fold_a_query_after"": 0.6212037801742554, ""fold_a_utility"": 0.009317874908447266, ""fold_b_harm"": -0.0030630119144916534, ""fold_b_lcb"": -0.012477041631937026, ""fold_b_query_after"": 0.5271509885787964, ""fold_b_utility"": -0.0186617374420166, ""harm_lcb_max"": -0.007141181831248105, ""harm_mean"": -0.0035295295529067516, ""harm_se_mean"": 0.0032038684585131705, ""harm_ucb_max"": 0.00635101780295372, ""local_trainability"": -0.004671931266784668, ""query_after"": 0.5741773843765259, ""query_before"": 0.5695054531097412, ""system_utility"": -0.004671931266784668}}, ""status"": ""ok"", ""statusquo_loss"": 0.5695054531097412}, ""utility_status"": ""ok""}"
35,A2,A,2,default,reuse,safe_existing_reuse,0.573334813117981,1,True,147456,592130,0,67694596,592130,4737056,512,25.443340292200446,487040512,0.0,11.815637793391943,1.3041742332279682,0.5804141461849213,-0.0875350832939148,0.015623360872268677,-0.10315844416618347,False,,"{""best_reuse"": ""default"", ""best_reuse_utility"": 0.015623360872268677, ""decision"": ""reuse"", ""fresh_advantage"": -0.10315844416618347, ""fresh_positive"": false, ""fresh_utility"": -0.0875350832939148, ""full_batch_guards"": {""default"": {""crossfit_feasible"": true, ""crossfit_utility"": 0.015623360872268677, ""crossfit_utility_positive"": true, ""full_batch_cur_after"": 0.563130795955658, ""full_batch_cur_before"": 0.5804141163825989, ""full_batch_gain"": 0.017283320426940918, ""full_batch_harm"": -0.004115158226341009, ""full_batch_harm_lcb"": -0.01294567484408617, ""full_batch_harm_se"": 0.0045053656212985516, ""full_batch_harm_ucb"": 0.0047153583914041515, ""full_batch_safe"": true}}, ""guarded_best_reuse"": ""default"", ""num_adapters"": 1, ""pending_after"": false, ""pending_before"": false, ""policy_version"": ""cau_v1"", ""reason"": ""safe_existing_reuse"", ""utility"": {""batch_n"": 16, ""best_reuse"": ""default"", ""best_reuse_query_after"": 0.5647907853126526, ""best_reuse_utility"": 0.015623360872268677, ""defer_utility"": 0.0, ""fold_a_fresh_utility"": -0.1388179063796997, ""fold_a_query_n"": 8, ""fold_a_support_n"": 8, ""fold_b_fresh_utility"": -0.03625226020812988, ""fold_b_query_n"": 8, ""fold_b_support_n"": 8, ""fresh_advantage"": -0.10315844416618347, ""fresh_local_trainability"": 0.030119359493255615, ""fresh_positive"": false, ""fresh_query_after"": 0.6679492294788361, ""fresh_query_before"": 0.6980685889720917, ""fresh_utility"": -0.0875350832939148, ""reuse_profiles"": {""default"": {""feasible_both"": true, ""fold_a_harm"": -0.0037945909425616264, ""fold_a_lcb"": -0.012658899221569299, ""fold_a_query_after"": 0.5020064115524292, ""fold_a_utility"": 0.017655491828918457, ""fold_b_harm"": -0.004239695146679878, ""fold_b_lcb"": -0.01243318546563387, ""fold_b_query_after"": 0.627575159072876, ""fold_b_utility"": 0.013591229915618896, ""harm_lcb_max"": -0.01243318546563387, ""harm_mean"": -0.004017143044620752, ""harm_se_mean"": 0.004351479234173894, ""harm_ucb_max"": 0.005069717336446046, ""local_trainability"": 0.015623360872268677, ""query_after"": 0.5647907853126526, ""query_before"": 0.5804141461849213, ""system_utility"": 0.015623360872268677}}, ""status"": ""ok"", ""statusquo_loss"": 0.5804141461849213}, ""utility_status"": ""ok""}"
36,A2,A,2,default,reuse,safe_existing_reuse,0.5919523239135742,1,True,147456,592130,0,67694596,592130,4737056,512,25.848228549584746,487040512,0.0,12.215270226821303,1.3041742332279682,0.5570310652256012,-0.09309461712837219,0.015917032957077026,-0.10901165008544922,False,,"{""best_reuse"": ""default"", ""best_reuse_utility"": 0.015917032957077026, ""decision"": ""reuse"", ""fresh_advantage"": -0.10901165008544922, ""fresh_positive"": false, ""fresh_utility"": -0.09309461712837219, ""full_batch_guards"": {""default"": {""crossfit_feasible"": true, ""crossfit_utility"": 0.015917032957077026, ""crossfit_utility_positive"": true, ""full_batch_cur_after"": 0.5397550463676453, ""full_batch_cur_before"": 0.5570310354232788, ""full_batch_gain"": 0.017275989055633545, ""full_batch_harm"": -0.002951684407889843, ""full_batch_harm_lcb"": -0.014192636962980032, ""full_batch_harm_se"": 0.005735179875046015, ""full_batch_harm_ucb"": 0.008289268147200346, ""full_batch_safe"": true}}, ""guarded_best_reuse"": ""default"", ""num_adapters"": 1, ""pending_after"": false, ""pending_before"": false, ""policy_version"": ""cau_v1"", ""reason"": ""safe_existing_reuse"", ""utility"": {""batch_n"": 16, ""best_reuse"": ""default"", ""best_reuse_query_after"": 0.5411140322685242, ""best_reuse_utility"": 0.015917032957077026, ""defer_utility"": 0.0, ""fold_a_fresh_utility"": -0.06385445594787598, ""fold_a_query_n"": 8, ""fold_a_support_n"": 8, ""fold_b_fresh_utility"": -0.12233477830886841, ""fold_b_query_n"": 8, ""fold_b_support_n"": 8, ""fresh_advantage"": -0.10901165008544922, ""fresh_local_trainability"": 0.035266995429992676, ""fresh_positive"": false, ""fresh_query_after"": 0.6501256823539734, ""fresh_query_before"": 0.6853926777839661, ""fresh_utility"": -0.09309461712837219, ""reuse_profiles"": {""default"": {""feasible_both"": true, ""fold_a_harm"": -0.003108086995780468, ""fold_a_lcb"": -0.013770740684121848, ""fold_a_query_after"": 0.5656071901321411, ""fold_a_utility"": 0.019495248794555664, ""fold_b_harm"": -0.002876699436455965, ""fold_b_lcb"": -0.01395789822563529, ""fold_b_query_after"": 0.5166208744049072, ""fold_b_utility"": 0.012338817119598389, ""harm_lcb_max"": -0.013770740684121848, ""harm_mean"": -0.0029923932161182165, ""harm_se_mean"": 0.0055469011422246695, ""harm_ucb_max"": 0.00820449935272336, ""local_trainability"": 0.015917032957077026, ""query_after"": 0.5411140322685242, ""query_before"": 0.5570310652256012, ""system_utility"": 0.015917032957077026}}, ""status"": ""ok"", ""statusquo_loss"": 0.5570310652256012}, ""utility_status"": ""ok""}"
37,A2,A,2,default,reuse,safe_existing_reuse,0.5066055655479431,1,True,147456,592130,0,67694596,592130,4737056,512,26.242566810920835,487040512,0.0,12.604624604806304,1.3041742332279682,0.5024894028902054,-0.19805867969989777,0.011639386415481567,-0.20969806611537933,False,,"{""best_reuse"": ""default"", ""best_reuse_utility"": 0.011639386415481567, ""decision"": ""reuse"", ""fresh_advantage"": -0.20969806611537933, ""fresh_positive"": false, ""fresh_utility"": -0.19805867969989777, ""full_batch_guards"": {""default"": {""crossfit_feasible"": true, ""crossfit_utility"": 0.011639386415481567, ""crossfit_utility_positive"": true, ""full_batch_cur_after"": 0.4846169352531433, ""full_batch_cur_before"": 0.5024893283843994, ""full_batch_gain"": 0.017872393131256104, ""full_batch_harm"": -0.002205866388976574, ""full_batch_harm_lcb"": -0.015278358198702335, ""full_batch_harm_se"": 0.006669638678431511, ""full_batch_harm_ucb"": 0.010866625420749187, ""full_batch_safe"": true}}, ""guarded_best_reuse"": ""default"", ""num_adapters"": 1, ""pending_after"": false, ""pending_before"": false, ""policy_version"": ""cau_v1"", ""reason"": ""safe_existing_reuse"", ""utility"": {""batch_n"": 16, ""best_reuse"": ""default"", ""best_reuse_query_after"": 0.4908500164747238, ""best_reuse_utility"": 0.011639386415481567, ""defer_utility"": 0.0, ""fold_a_fresh_utility"": -0.1921432614326477, ""fold_a_query_n"": 8, ""fold_a_support_n"": 8, ""fold_b_fresh_utility"": -0.20397409796714783, ""fold_b_query_n"": 8, ""fold_b_support_n"": 8, ""fresh_advantage"": -0.20969806611537933, ""fresh_local_trainability"": -0.0019195377826690674, ""fresh_positive"": false, ""fresh_query_after"": 0.7005480825901031, ""fresh_query_before"": 0.6986285448074341, ""fresh_utility"": -0.19805867969989777, ""reuse_profiles"": {""default"": {""feasible_both"": true, ""fold_a_harm"": -0.003280231263488531, ""fold_a_lcb"": -0.012326835077255963, ""fold_a_query_after"": 0.48070672154426575, ""fold_a_utility"": 0.026451975107192993, ""fold_b_harm"": -0.0016602729447185993, ""fold_b_lcb"": -0.015430378559976816, ""fold_b_query_after"": 0.5009933114051819, ""fold_b_utility"": -0.0031732022762298584, ""harm_lcb_max"": -0.012326835077255963, ""harm_mean"": -0.002470252104103565, ""harm_se_mean"": 0.005820589140057564, ""harm_ucb_max"": 0.012109832670539618, ""local_trainability"": 0.011639386415481567, ""query_after"": 0.4908500164747238, ""query_before"": 0.5024894028902054, ""system_utility"": 0.011639386415481567}}, ""status"": ""ok"", ""statusquo_loss"": 0.5024894028902054}, ""utility_status"": ""ok""}"
38,A2,A,2,default,reuse,safe_existing_reuse,0.613037645816803,1,True,147456,592130,0,67694596,592130,4737056,512,26.646755572408438,487040512,0.0,13.003828855231404,1.3041742332279682,0.6127831041812897,-0.07792234420776367,-0.0050439536571502686,-0.0728783905506134,False,,"{""best_reuse"": ""default"", ""best_reuse_utility"": -0.0050439536571502686, ""decision"": ""reuse"", ""fresh_advantage"": -0.0728783905506134, ""fresh_positive"": false, ""fresh_utility"": -0.07792234420776367, ""full_batch_guards"": {""default"": {""crossfit_feasible"": true, ""crossfit_utility"": -0.0050439536571502686, ""crossfit_utility_positive"": false, ""full_batch_cur_after"": 0.6149853467941284, ""full_batch_cur_before"": 0.6127831935882568, ""full_batch_gain"": -0.002202153205871582, ""full_batch_harm"": 0.004172254353761673, ""full_batch_harm_lcb"": -0.006218751762062311, ""full_batch_harm_se"": 0.005301533732563257, ""full_batch_harm_ucb"": 0.014563260469585657, ""full_batch_safe"": true}}, ""guarded_best_reuse"": ""default"", ""num_adapters"": 1, ""pending_after"": false, ""pending_before"": false, ""policy_version"": ""cau_v1"", ""reason"": ""safe_existing_reuse"", ""utility"": {""batch_n"": 16, ""best_reuse"": ""default"", ""best_reuse_query_after"": 0.6178270578384399, ""best_reuse_utility"": -0.0050439536571502686, ""defer_utility"": 0.0, ""fold_a_fresh_utility"": -0.038920044898986816, ""fold_a_query_n"": 8, ""fold_a_support_n"": 8, ""fold_b_fresh_utility"": -0.11692464351654053, ""fold_b_query_n"": 8, ""fold_b_support_n"": 8, ""fresh_advantage"": -0.0728783905506134, ""fresh_local_trainability"": -0.000613093376159668, ""fresh_positive"": false, ""fresh_query_after"": 0.6907054483890533, ""fresh_query_before"": 0.6900923550128937, ""fresh_utility"": -0.07792234420776367, ""reuse_profiles"": {""default"": {""feasible_both"": true, ""fold_a_harm"": 0.005471541080623865, ""fold_a_lcb"": -0.006468825116753578, ""fold_a_query_after"": 0.6591588258743286, ""fold_a_utility"": -0.008870303630828857, ""fold_b_harm"": 0.004337814636528492, ""fold_b_lcb"": -0.00640642313286662, ""fold_b_query_after"": 0.5764952898025513, ""fold_b_utility"": -0.0012176036834716797, ""harm_lcb_max"": -0.00640642313286662, ""harm_mean"": 0.0049046778585761786, ""harm_se_mean"": 0.005786888767033815, ""harm_ucb_max"": 0.017411907278001307, ""local_trainability"": -0.0050439536571502686, ""query_after"": 0.6178270578384399, ""query_before"": 0.6127831041812897, ""system_utility"": -0.0050439536571502686}}, ""status"": ""ok"", ""statusquo_loss"": 0.6127831041812897}, ""utility_status"": ""ok""}"
39,A2,A,2,default,reuse,safe_existing_reuse,0.586457371711731,1,True,147456,592130,0,67694596,592130,4737056,512,27.070881044492126,487040512,0.0,13.422634653747082,1.3041742332279682,0.6084905564785004,-0.10142543911933899,-0.0076535046100616455,-0.09377193450927734,False,,"{""best_reuse"": ""default"", ""best_reuse_utility"": -0.0076535046100616455, ""decision"": ""reuse"", ""fresh_advantage"": -0.09377193450927734, ""fresh_positive"": false, ""fresh_utility"": -0.10142543911933899, ""full_batch_guards"": {""default"": {""crossfit_feasible"": true, ""crossfit_utility"": -0.0076535046100616455, ""crossfit_utility_positive"": false, ""full_batch_cur_after"": 0.6111212372779846, ""full_batch_cur_before"": 0.608490526676178, ""full_batch_gain"": -0.0026307106018066406, ""full_batch_harm"": 0.0026758036110550165, ""full_batch_harm_lcb"": -0.003956544175744057, ""full_batch_harm_se"": 0.00338385091163218, ""full_batch_harm_ucb"": 0.00930815139785409, ""full_batch_safe"": true}}, ""guarded_best_reuse"": ""default"", ""num_adapters"": 1, ""pending_after"": false, ""pending_before"": false, ""policy_version"": ""cau_v1"", ""reason"": ""safe_existing_reuse"", ""utility"": {""batch_n"": 16, ""best_reuse"": ""default"", ""best_reuse_query_after"": 0.616144061088562, ""best_reuse_utility"": -0.0076535046100616455, ""defer_utility"": 0.0, ""fold_a_fresh_utility"": -0.0694580078125, ""fold_a_query_n"": 8, ""fold_a_support_n"": 8, ""fold_b_fresh_utility"": -0.13339287042617798, ""fold_b_query_n"": 8, ""fold_b_support_n"": 8, ""fresh_advantage"": -0.09377193450927734, ""fresh_local_trainability"": -0.017050206661224365, ""fresh_positive"": false, ""fresh_query_after"": 0.7099159955978394, ""fresh_query_before"": 0.692865788936615, ""fresh_utility"": -0.10142543911933899, ""reuse_profiles"": {""default"": {""feasible_both"": true, ""fold_a_harm"": 0.005793544929474592, ""fold_a_lcb"": -0.004135990161448716, ""fold_a_query_after"": 0.6577067971229553, ""fold_a_utility"": -0.01645272970199585, ""fold_b_harm"": 0.002939544152468443, ""fold_b_lcb"": -0.003655286803841591, ""fold_b_query_after"": 0.5745813250541687, ""fold_b_utility"": 0.0011457204818725586, ""harm_lcb_max"": -0.003655286803841591, ""harm_mean"": 0.0043665445409715176, ""harm_se_mean"": 0.004215399501845241, ""harm_ucb_max"": 0.0157230800203979, ""local_trainability"": -0.0076535046100616455, ""query_after"": 0.616144061088562, ""query_before"": 0.6084905564785004, ""system_utility"": -0.0076535046100616455}}, ""status"": ""ok"", ""statusquo_loss"": 0.6084905564785004}, ""utility_status"": ""ok""}"
40,A2,A,2,default,reuse,safe_existing_reuse,0.6276707649230957,1,True,147456,592130,0,67694596,592130,4737056,512,27.46195800229907,487040512,0.0,13.808733761310577,1.3041742332279682,0.6130934059619904,-0.056303471326828,-0.0018698573112487793,-0.054433614015579224,False,,"{""best_reuse"": ""default"", ""best_reuse_utility"": -0.0018698573112487793, ""decision"": ""reuse"", ""fresh_advantage"": -0.054433614015579224, ""fresh_positive"": false, ""fresh_utility"": -0.056303471326828, ""full_batch_guards"": {""default"": {""crossfit_feasible"": true, ""crossfit_utility"": -0.0018698573112487793, ""crossfit_utility_positive"": false, ""full_batch_cur_after"": 0.6133580207824707, ""full_batch_cur_before"": 0.613093376159668, ""full_batch_gain"": -0.0002646446228027344, ""full_batch_harm"": 0.0009170090779662132, ""full_batch_harm_lcb"": -0.0018481386778876185, ""full_batch_harm_se"": 0.0014107896713539958, ""full_batch_harm_ucb"": 0.003682156833820045, ""full_batch_safe"": true}}, ""guarded_best_reuse"": ""default"", ""num_adapters"": 1, ""pending_after"": false, ""pending_before"": false, ""policy_version"": ""cau_v1"", ""reason"": ""safe_existing_reuse"", ""utility"": {""batch_n"": 16, ""best_reuse"": ""default"", ""best_reuse_query_after"": 0.6149632632732391, ""best_reuse_utility"": -0.0018698573112487793, ""defer_utility"": 0.0, ""fold_a_fresh_utility"": -0.15937179327011108, ""fold_a_query_n"": 8, ""fold_a_support_n"": 8, ""fold_b_fresh_utility"": 0.04676485061645508, ""fold_b_query_n"": 8, ""fold_b_support_n"": 8, ""fresh_advantage"": -0.054433614015579224, ""fresh_local_trainability"": 0.019277721643447876, ""fresh_positive"": false, ""fresh_query_after"": 0.6693968772888184, ""fresh_query_before"": 0.6886745989322662, ""fresh_utility"": -0.056303471326828, ""reuse_profiles"": {""default"": {""feasible_both"": true, ""fold_a_harm"": 0.0008301497437059879, ""fold_a_lcb"": -0.00178163836710155, ""fold_a_query_after"": 0.5049267411231995, ""fold_a_utility"": 0.0015833377838134766, ""fold_b_harm"": 0.0012492758687585592, ""fold_b_lcb"": -0.0019589790096506475, ""fold_b_query_after"": 0.7249997854232788, ""fold_b_utility"": -0.005323052406311035, ""harm_lcb_max"": -0.00178163836710155, ""harm_mean"": 0.0010397128062322736, ""harm_se_mean"": 0.0014847048441879451, ""harm_ucb_max"": 0.004457530747167766, ""local_trainability"": -0.0018698573112487793, ""query_after"": 0.6149632632732391, ""query_before"": 0.6130934059619904, ""system_utility"": -0.0018698573112487793}}, ""status"": ""ok"", ""statusquo_loss"": 0.6130934059619904}, ""utility_status"": ""ok""}"
41,A2,A,2,default,reuse,safe_existing_reuse,0.6022200584411621,1,True,147456,592130,0,67694596,592130,4737056,512,27.8512030094862,487040512,0.0,14.192938471212983,1.3041742332279682,0.6062800288200378,-0.11816033720970154,0.001079648733139038,-0.11923998594284058,False,,"{""best_reuse"": ""default"", ""best_reuse_utility"": 0.001079648733139038, ""decision"": ""reuse"", ""fresh_advantage"": -0.11923998594284058, ""fresh_positive"": false, ""fresh_utility"": -0.11816033720970154, ""full_batch_guards"": {""default"": {""crossfit_feasible"": true, ""crossfit_utility"": 0.001079648733139038, ""crossfit_utility_positive"": true, ""full_batch_cur_after"": 0.5998705625534058, ""full_batch_cur_before"": 0.6062800884246826, ""full_batch_gain"": 0.0064095258712768555, ""full_batch_harm"": -0.004857517313212156, ""full_batch_harm_lcb"": -0.006367040604818613, ""full_batch_harm_se"": 0.0007701649446971714, ""full_batch_harm_ucb"": -0.0033479940216057003, ""full_batch_safe"": true}}, ""guarded_best_reuse"": ""default"", ""num_adapters"": 1, ""pending_after"": false, ""pending_before"": false, ""policy_version"": ""cau_v1"", ""reason"": ""safe_existing_reuse"", ""utility"": {""batch_n"": 16, ""best_reuse"": ""default"", ""best_reuse_query_after"": 0.6052003800868988, ""best_reuse_utility"": 0.001079648733139038, ""defer_utility"": 0.0, ""fold_a_fresh_utility"": -0.02099287509918213, ""fold_a_query_n"": 8, ""fold_a_support_n"": 8, ""fold_b_fresh_utility"": -0.21532779932022095, ""fold_b_query_n"": 8, ""fold_b_support_n"": 8, ""fresh_advantage"": -0.11923998594284058, ""fresh_local_trainability"": -0.03421163558959961, ""fresh_positive"": false, ""fresh_query_after"": 0.7244403660297394, ""fresh_query_before"": 0.6902287304401398, ""fresh_utility"": -0.11816033720970154, ""reuse_profiles"": {""default"": {""feasible_both"": true, ""fold_a_harm"": -0.0008099270053207874, ""fold_a_lcb"": -0.0029138072533532976, ""fold_a_query_after"": 0.7002723813056946, ""fold_a_utility"": -0.00139695405960083, ""fold_b_harm"": -0.0048476532101631165, ""fold_b_lcb"": -0.006394240520894528, ""fold_b_query_after"": 0.510128378868103, ""fold_b_utility"": 0.0035562515258789062, ""harm_lcb_max"": -0.0029138072533532976, ""harm_mean"": -0.002828790107741952, ""harm_se_mean"": 0.0009312417241744697, ""harm_ucb_max"": 0.0012939532427117227, ""local_trainability"": 0.001079648733139038, ""query_after"": 0.6052003800868988, ""query_before"": 0.6062800288200378, ""system_utility"": 0.001079648733139038}}, ""status"": ""ok"", ""statusquo_loss"": 0.6062800288200378}, ""utility_status"": ""ok""}"
42,A2,A,2,default,reuse,safe_existing_reuse,0.5138809680938721,1,True,147456,592130,0,67694596,592130,4737056,512,28.23635195195675,487040512,0.0,14.571989264339209,1.3041742332279682,0.5072360932826996,-0.2025665044784546,0.006629347801208496,-0.20919585227966309,False,,"{""best_reuse"": ""default"", ""best_reuse_utility"": 0.006629347801208496, ""decision"": ""reuse"", ""fresh_advantage"": -0.20919585227966309, ""fresh_positive"": false, ""fresh_utility"": -0.2025665044784546, ""full_batch_guards"": {""default"": {""crossfit_feasible"": true, ""crossfit_utility"": 0.006629347801208496, ""crossfit_utility_positive"": true, ""full_batch_cur_after"": 0.4978594183921814, ""full_batch_cur_before"": 0.507236123085022, ""full_batch_gain"": 0.009376704692840576, ""full_batch_harm"": -0.008412491530179977, ""full_batch_harm_lcb"": -0.012074682898819446, ""full_batch_harm_se"": 0.0018684649839997292, ""full_batch_harm_ucb"": -0.004750300161540508, ""full_batch_safe"": true}}, ""guarded_best_reuse"": ""default"", ""num_adapters"": 1, ""pending_after"": false, ""pending_before"": false, ""policy_version"": ""cau_v1"", ""reason"": ""safe_existing_reuse"", ""utility"": {""batch_n"": 16, ""best_reuse"": ""default"", ""best_reuse_query_after"": 0.5006067454814911, ""best_reuse_utility"": 0.006629347801208496, ""defer_utility"": 0.0, ""fold_a_fresh_utility"": -0.14697712659835815, ""fold_a_query_n"": 8, ""fold_a_support_n"": 8, ""fold_b_fresh_utility"": -0.258155882358551, ""fold_b_query_n"": 8, ""fold_b_support_n"": 8, ""fresh_advantage"": -0.20919585227966309, ""fresh_local_trainability"": -0.020450085401535034, ""fresh_positive"": false, ""fresh_query_after"": 0.7098025977611542, ""fresh_query_before"": 0.6893525123596191, ""fresh_utility"": -0.2025665044784546, ""reuse_profiles"": {""default"": {""feasible_both"": true, ""fold_a_harm"": -0.005795666482299566, ""fold_a_lcb"": -0.007935097385197877, ""fold_a_query_after"": 0.5483778715133667, ""fold_a_utility"": 0.008668661117553711, ""fold_b_harm"": -0.009551813825964928, ""fold_b_lcb"": -0.013990732869133354, ""fold_b_query_after"": 0.4528356194496155, ""fold_b_utility"": 0.004590034484863281, ""harm_lcb_max"": -0.007935097385197877, ""harm_mean"": -0.007673740154132247, ""harm_se_mean"": 0.0016781504964455962, ""harm_ucb_max"": -0.0036562355794012547, ""local_trainability"": 0.006629347801208496, ""query_after"": 0.5006067454814911, ""query_before"": 0.5072360932826996, ""system_utility"": 0.006629347801208496}}, ""status"": ""ok"", ""statusquo_loss"": 0.5072360932826996}, ""utility_status"": ""ok""}"
43,A2,A,2,default,reuse,safe_existing_reuse,0.6360476016998291,1,True,147456,592130,0,67694596,592130,4737056,512,28.643352933228016,487040512,0.0,14.973006518557668,1.3041742332279682,0.614986777305603,-0.07985001802444458,0.00236627459526062,-0.0822162926197052,False,,"{""best_reuse"": ""default"", ""best_reuse_utility"": 0.00236627459526062, ""decision"": ""reuse"", ""fresh_advantage"": -0.0822162926197052, ""fresh_positive"": false, ""fresh_utility"": -0.07985001802444458, ""full_batch_guards"": {""default"": {""crossfit_feasible"": true, ""crossfit_utility"": 0.00236627459526062, ""crossfit_utility_positive"": true, ""full_batch_cur_after"": 0.6076720952987671, ""full_batch_cur_before"": 0.614986777305603, ""full_batch_gain"": 0.0073146820068359375, ""full_batch_harm"": -0.008077031932771206, ""full_batch_harm_lcb"": -0.013071274999529123, ""full_batch_harm_se"": 0.002548083197325468, ""full_batch_harm_ucb"": -0.0030827888660132884, ""full_batch_safe"": true}}, ""guarded_best_reuse"": ""default"", ""num_adapters"": 1, ""pending_after"": false, ""pending_before"": false, ""policy_version"": ""cau_v1"", ""reason"": ""safe_existing_reuse"", ""utility"": {""batch_n"": 16, ""best_reuse"": ""default"", ""best_reuse_query_after"": 0.6126205027103424, ""best_reuse_utility"": 0.00236627459526062, ""defer_utility"": 0.0, ""fold_a_fresh_utility"": -0.08384287357330322, ""fold_a_query_n"": 8, ""fold_a_support_n"": 8, ""fold_b_fresh_utility"": -0.07585716247558594, ""fold_b_query_n"": 8, ""fold_b_support_n"": 8, ""fresh_advantage"": -0.0822162926197052, ""fresh_local_trainability"": 0.001801908016204834, ""fresh_positive"": false, ""fresh_query_after"": 0.6948367953300476, ""fresh_query_before"": 0.6966387033462524, ""fresh_utility"": -0.07985001802444458, ""reuse_profiles"": {""default"": {""feasible_both"": true, ""fold_a_harm"": -0.00929024163633585, ""fold_a_lcb"": -0.015459163403138517, ""fold_a_query_after"": 0.6127195358276367, ""fold_a_utility"": -0.0010031461715698242, ""fold_b_harm"": -0.004931378178298473, ""fold_b_lcb"": -0.0072542838193476195, ""fold_b_query_after"": 0.6125214695930481, ""fold_b_utility"": 0.0057356953620910645, ""harm_lcb_max"": -0.0072542838193476195, ""harm_mean"": -0.0071108099073171616, ""harm_se_mean"": 0.002166282502003014, ""harm_ucb_max"": -0.0026084725372493268, ""local_trainability"": 0.00236627459526062, ""query_after"": 0.6126205027103424, ""query_before"": 0.614986777305603, ""system_utility"": 0.00236627459526062}}, ""status"": ""ok"", ""statusquo_loss"": 0.614986777305603}, ""utility_status"": ""ok""}"
44,A2,A,2,default,reuse,safe_existing_reuse,0.6210988163948059,1,True,147456,592130,0,67694596,592130,4737056,512,29.051947835832834,487040512,0.0,15.376096460968256,1.3041742332279682,0.605529248714447,-0.10017856955528259,0.006973356008529663,-0.10715192556381226,False,,"{""best_reuse"": ""default"", ""best_reuse_utility"": 0.006973356008529663, ""decision"": ""reuse"", ""fresh_advantage"": -0.10715192556381226, ""fresh_positive"": false, ""fresh_utility"": -0.10017856955528259, ""full_batch_guards"": {""default"": {""crossfit_feasible"": true, ""crossfit_utility"": 0.006973356008529663, ""crossfit_utility_positive"": true, ""full_batch_cur_after"": 0.5957200527191162, ""full_batch_cur_before"": 0.6055293083190918, ""full_batch_gain"": 0.009809255599975586, ""full_batch_harm"": -0.01001431979238987, ""full_batch_harm_lcb"": -0.01688141530379653, ""full_batch_harm_se"": 0.003503620158880949, ""full_batch_harm_ucb"": -0.0031472242809832095, ""full_batch_safe"": true}}, ""guarded_best_reuse"": ""default"", ""num_adapters"": 1, ""pending_after"": false, ""pending_before"": false, ""policy_version"": ""cau_v1"", ""reason"": ""safe_existing_reuse"", ""utility"": {""batch_n"": 16, ""best_reuse"": ""default"", ""best_reuse_query_after"": 0.5985558927059174, ""best_reuse_utility"": 0.006973356008529663, ""defer_utility"": 0.0, ""fold_a_fresh_utility"": -0.015158355236053467, ""fold_a_query_n"": 8, ""fold_a_support_n"": 8, ""fold_b_fresh_utility"": -0.18519878387451172, ""fold_b_query_n"": 8, ""fold_b_support_n"": 8, ""fresh_advantage"": -0.10715192556381226, ""fresh_local_trainability"": -0.015915334224700928, ""fresh_positive"": false, ""fresh_query_after"": 0.7057078182697296, ""fresh_query_before"": 0.6897924840450287, ""fresh_utility"": -0.10017856955528259, ""reuse_profiles"": {""default"": {""feasible_both"": true, ""fold_a_harm"": -0.007488370873034, ""fold_a_lcb"": -0.011734168892726302, ""fold_a_query_after"": 0.6804929971694946, ""fold_a_utility"": 0.008177757263183594, ""fold_b_harm"": -0.009641068987548351, ""fold_b_lcb"": -0.01616568075492978, ""fold_b_query_after"": 0.5166187882423401, ""fold_b_utility"": 0.005768954753875732, ""harm_lcb_max"": -0.011734168892726302, ""harm_mean"": -0.008564719930291176, ""harm_se_mean"": 0.0027475535171106458, ""harm_ucb_max"": -0.0031164572201669216, ""local_trainability"": 0.006973356008529663, ""query_after"": 0.5985558927059174, ""query_before"": 0.605529248714447, ""system_utility"": 0.006973356008529663}}, ""status"": ""ok"", ""statusquo_loss"": 0.605529248714447}, ""utility_status"": ""ok""}"
45,A2,A,2,default,reuse,safe_existing_reuse,0.5390049815177917,1,True,147456,592130,0,67694596,592130,4737056,512,29.44652332738042,487040512,0.0,15.765175931155682,1.3041742332279682,0.5729954540729523,-0.14017674326896667,0.004253476858139038,-0.1444302201271057,False,,"{""best_reuse"": ""default"", ""best_reuse_utility"": 0.004253476858139038, ""decision"": ""reuse"", ""fresh_advantage"": -0.1444302201271057, ""fresh_positive"": false, ""fresh_utility"": -0.14017674326896667, ""full_batch_guards"": {""default"": {""crossfit_feasible"": true, ""crossfit_utility"": 0.004253476858139038, ""crossfit_utility_positive"": true, ""full_batch_cur_after"": 0.5640243291854858, ""full_batch_cur_before"": 0.5729954242706299, ""full_batch_gain"": 0.008971095085144043, ""full_batch_harm"": -0.006325786001980305, ""full_batch_harm_lcb"": -0.01492463205009699, ""full_batch_harm_se"": 0.004387166351079941, ""full_batch_harm_ucb"": 0.00227306004613638, ""full_batch_safe"": true}}, ""guarded_best_reuse"": ""default"", ""num_adapters"": 1, ""pending_after"": false, ""pending_before"": false, ""policy_version"": ""cau_v1"", ""reason"": ""safe_existing_reuse"", ""utility"": {""batch_n"": 16, ""best_reuse"": ""default"", ""best_reuse_query_after"": 0.5687419772148132, ""best_reuse_utility"": 0.004253476858139038, ""defer_utility"": 0.0, ""fold_a_fresh_utility"": -0.17259687185287476, ""fold_a_query_n"": 8, ""fold_a_support_n"": 8, ""fold_b_fresh_utility"": -0.1077566146850586, ""fold_b_query_n"": 8, ""fold_b_support_n"": 8, ""fresh_advantage"": -0.1444302201271057, ""fresh_local_trainability"": -0.014656096696853638, ""fresh_positive"": false, ""fresh_query_after"": 0.713172197341919, ""fresh_query_before"": 0.6985161006450653, ""fresh_utility"": -0.14017674326896667, ""reuse_profiles"": {""default"": {""feasible_both"": true, ""fold_a_harm"": -0.004965712316334248, ""fold_a_lcb"": -0.010084721855819226, ""fold_a_query_after"": 0.5294020175933838, ""fold_a_utility"": 0.01278907060623169, ""fold_b_harm"": -0.006099545396864414, ""fold_b_lcb"": -0.01505208583548665, ""fold_b_query_after"": 0.6080819368362427, ""fold_b_utility"": -0.004282116889953613, ""harm_lcb_max"": -0.010084721855819226, ""harm_mean"": -0.005532628856599331, ""harm_se_mean"": 0.003589681116864085, ""harm_ucb_max"": 0.0028529950417578217, ""local_trainability"": 0.004253476858139038, ""query_after"": 0.5687419772148132, ""query_before"": 0.5729954540729523, ""system_utility"": 0.004253476858139038}}, ""status"": ""ok"", ""statusquo_loss"": 0.5729954540729523}, ""utility_status"": ""ok""}"
46,A2,A,2,default,reuse,safe_existing_reuse,0.5454163551330566,1,True,147456,592130,0,67694596,592130,4737056,512,29.84672087058425,487040512,0.0,16.160027330741286,1.3041742332279682,0.5065192878246307,-0.18845632672309875,0.012878045439720154,-0.2013343721628189,False,,"{""best_reuse"": ""default"", ""best_reuse_utility"": 0.012878045439720154, ""decision"": ""reuse"", ""fresh_advantage"": -0.2013343721628189, ""fresh_positive"": false, ""fresh_utility"": -0.18845632672309875, ""full_batch_guards"": {""default"": {""crossfit_feasible"": true, ""crossfit_utility"": 0.012878045439720154, ""crossfit_utility_positive"": true, ""full_batch_cur_after"": 0.4910756051540375, ""full_batch_cur_before"": 0.5065193176269531, ""full_batch_gain"": 0.01544371247291565, ""full_batch_harm"": 0.0003097490407526493, ""full_batch_harm_lcb"": -0.010392928197979927, ""full_batch_harm_se"": 0.005460549611598253, ""full_batch_harm_ucb"": 0.011012426279485225, ""full_batch_safe"": true}}, ""guarded_best_reuse"": ""default"", ""num_adapters"": 1, ""pending_after"": false, ""pending_before"": false, ""policy_version"": ""cau_v1"", ""reason"": ""safe_existing_reuse"", ""utility"": {""batch_n"": 16, ""best_reuse"": ""default"", ""best_reuse_query_after"": 0.4936412423849106, ""best_reuse_utility"": 0.012878045439720154, ""defer_utility"": 0.0, ""fold_a_fresh_utility"": -0.21271580457687378, ""fold_a_query_n"": 8, ""fold_a_support_n"": 8, ""fold_b_fresh_utility"": -0.16419684886932373, ""fold_b_query_n"": 8, ""fold_b_support_n"": 8, ""fresh_advantage"": -0.2013343721628189, ""fresh_local_trainability"": 0.00042551755905151367, ""fresh_positive"": false, ""fresh_query_after"": 0.6949756145477295, ""fresh_query_before"": 0.695401132106781, ""fresh_utility"": -0.18845632672309875, ""reuse_profiles"": {""default"": {""feasible_both"": true, ""fold_a_harm"": -0.00043429015204310417, ""fold_a_lcb"": -0.009213698524981736, ""fold_a_query_after"": 0.4528637230396271, ""fold_a_utility"": 0.018556445837020874, ""fold_b_harm"": 0.00029113655909895897, ""fold_b_lcb"": -0.01029388776049018, ""fold_b_query_after"": 0.5344187617301941, ""fold_b_utility"": 0.007199645042419434, ""harm_lcb_max"": -0.009213698524981736, ""harm_mean"": -7.15767964720726e-05, ""harm_se_mean"": 0.004939906299114227, ""harm_ucb_max"": 0.010876160878688097, ""local_trainability"": 0.012878045439720154, ""query_after"": 0.4936412423849106, ""query_before"": 0.5065192878246307, ""system_utility"": 0.012878045439720154}}, ""status"": ""ok"", ""statusquo_loss"": 0.5065192878246307}, ""utility_status"": ""ok""}"
47,A2,A,2,default,reuse,safe_existing_reuse,0.5783913135528564,1,True,147456,592130,0,67694596,592130,4737056,512,30.270359735935926,487040512,0.0,16.578246688470244,1.3041742332279682,0.562912791967392,-0.1356355845928192,-0.002652674913406372,-0.13298290967941284,False,,"{""best_reuse"": ""default"", ""best_reuse_utility"": -0.002652674913406372, ""decision"": ""reuse"", ""fresh_advantage"": -0.13298290967941284, ""fresh_positive"": false, ""fresh_utility"": -0.1356355845928192, ""full_batch_guards"": {""default"": {""crossfit_feasible"": true, ""crossfit_utility"": -0.002652674913406372, ""crossfit_utility_positive"": false, ""full_batch_cur_after"": 0.5597978830337524, ""full_batch_cur_before"": 0.5629128217697144, ""full_batch_gain"": 0.003114938735961914, ""full_batch_harm"": -0.0009821425192058086, ""full_batch_harm_lcb"": -0.009650894701480865, ""full_batch_harm_se"": 0.0044228327460587025, ""full_batch_harm_ucb"": 0.007686609663069248, ""full_batch_safe"": true}}, ""guarded_best_reuse"": ""default"", ""num_adapters"": 1, ""pending_after"": false, ""pending_before"": false, ""policy_version"": ""cau_v1"", ""reason"": ""safe_existing_reuse"", ""utility"": {""batch_n"": 16, ""best_reuse"": ""default"", ""best_reuse_query_after"": 0.5655654668807983, ""best_reuse_utility"": -0.002652674913406372, ""defer_utility"": 0.0, ""fold_a_fresh_utility"": -0.10813796520233154, ""fold_a_query_n"": 8, ""fold_a_support_n"": 8, ""fold_b_fresh_utility"": -0.16313320398330688, ""fold_b_query_n"": 8, ""fold_b_support_n"": 8, ""fresh_advantage"": -0.13298290967941284, ""fresh_local_trainability"": -0.01128697395324707, ""fresh_positive"": false, ""fresh_query_after"": 0.6985483765602112, ""fresh_query_before"": 0.6872614026069641, ""fresh_utility"": -0.1356355845928192, ""reuse_profiles"": {""default"": {""feasible_both"": true, ""fold_a_harm"": 0.000604056753218174, ""fold_a_lcb"": -0.011207193061709404, ""fold_a_query_after"": 0.6025857329368591, ""fold_a_utility"": -0.016391336917877197, ""fold_b_harm"": -0.0014475728385150433, ""fold_b_lcb"": -0.00811901961453259, ""fold_b_query_after"": 0.5285452008247375, ""fold_b_utility"": 0.011085987091064453, ""harm_lcb_max"": -0.00811901961453259, ""harm_mean"": -0.00042175804264843464, ""harm_se_mean"": 0.004714973620139062, ""harm_ucb_max"": 0.012415306568145752, ""local_trainability"": -0.002652674913406372, ""query_after"": 0.5655654668807983, ""query_before"": 0.562912791967392, ""system_utility"": -0.002652674913406372}}, ""status"": ""ok"", ""statusquo_loss"": 0.562912791967392}, ""utility_status"": ""ok""}"
48,A2,A,2,default,reuse,safe_existing_reuse,0.5194593071937561,1,True,147456,592130,0,67694596,592130,4737056,512,30.7001098934561,487040512,0.0,17.00228083692491,1.3041742332279682,0.5309730768203735,-0.16021272540092468,0.01229161024093628,-0.17250433564186096,False,,"{""best_reuse"": ""default"", ""best_reuse_utility"": 0.01229161024093628, ""decision"": ""reuse"", ""fresh_advantage"": -0.17250433564186096, ""fresh_positive"": false, ""fresh_utility"": -0.16021272540092468, ""full_batch_guards"": {""default"": {""crossfit_feasible"": true, ""crossfit_utility"": 0.01229161024093628, ""crossfit_utility_positive"": true, ""full_batch_cur_after"": 0.5145701766014099, ""full_batch_cur_before"": 0.5309731960296631, ""full_batch_gain"": 0.016403019428253174, ""full_batch_harm"": 0.0030313716270029545, ""full_batch_harm_lcb"": -0.008440998680889607, ""full_batch_harm_se"": 0.005853250157088041, ""full_batch_harm_ucb"": 0.014503741934895516, ""full_batch_safe"": true}}, ""guarded_best_reuse"": ""default"", ""num_adapters"": 1, ""pending_after"": false, ""pending_before"": false, ""policy_version"": ""cau_v1"", ""reason"": ""safe_existing_reuse"", ""utility"": {""batch_n"": 16, ""best_reuse"": ""default"", ""best_reuse_query_after"": 0.5186814665794373, ""best_reuse_utility"": 0.01229161024093628, ""defer_utility"": 0.0, ""fold_a_fresh_utility"": -0.12877988815307617, ""fold_a_query_n"": 8, ""fold_a_support_n"": 8, ""fold_b_fresh_utility"": -0.1916455626487732, ""fold_b_query_n"": 8, ""fold_b_support_n"": 8, ""fresh_advantage"": -0.17250433564186096, ""fresh_local_trainability"": -0.002291947603225708, ""fresh_positive"": false, ""fresh_query_after"": 0.6911858022212982, ""fresh_query_before"": 0.6888938546180725, ""fresh_utility"": -0.16021272540092468, ""reuse_profiles"": {""default"": {""feasible_both"": true, ""fold_a_harm"": 0.0011271690018475056, ""fold_a_lcb"": -0.007531268801540137, ""fold_a_query_after"": 0.5252935886383057, ""fold_a_utility"": 0.0225946307182312, ""fold_b_harm"": 0.0033126240596175194, ""fold_b_lcb"": -0.008299480024725199, ""fold_b_query_after"": 0.5120693445205688, ""fold_b_utility"": 0.0019885897636413574, ""harm_lcb_max"": -0.007531268801540137, ""harm_mean"": 0.0022198965307325125, ""harm_se_mean"": 0.005171056604012847, ""harm_ucb_max"": 0.014924728143960238, ""local_trainability"": 0.01229161024093628, ""query_after"": 0.5186814665794373, ""query_before"": 0.5309730768203735, ""system_utility"": 0.01229161024093628}}, ""status"": ""ok"", ""statusquo_loss"": 0.5309730768203735}, ""utility_status"": ""ok""}"
49,C1,C,1,default,reuse,safe_existing_reuse,0.6031299233436584,1,True,147456,592130,0,67694596,592130,4737056,512,31.87458890117705,487040512,0.0,17.44975488446653,2.0253610517829657,0.5775766372680664,-0.19206327199935913,-0.008207559585571289,-0.18385571241378784,False,,"{""best_reuse"": ""default"", ""best_reuse_utility"": -0.008207559585571289, ""decision"": ""reuse"", ""fresh_advantage"": -0.18385571241378784, ""fresh_positive"": false, ""fresh_utility"": -0.19206327199935913, ""full_batch_guards"": {""default"": {""crossfit_feasible"": true, ""crossfit_utility"": -0.008207559585571289, ""crossfit_utility_positive"": false, ""full_batch_cur_after"": 0.5751370191574097, ""full_batch_cur_before"": 0.5775766372680664, ""full_batch_gain"": 0.0024396181106567383, ""full_batch_harm"": 0.0027987705543637276, ""full_batch_harm_lcb"": -0.00789302734658122, ""full_batch_harm_se"": 0.005454998929053545, ""full_batch_harm_ucb"": 0.013490568455308676, ""full_batch_safe"": true}}, ""guarded_best_reuse"": ""default"", ""num_adapters"": 1, ""pending_after"": false, ""pending_before"": false, ""policy_version"": ""cau_v1"", ""reason"": ""safe_existing_reuse"", ""utility"": {""batch_n"": 16, ""best_reuse"": ""default"", ""best_reuse_query_after"": 0.5857841968536377, ""best_reuse_utility"": -0.008207559585571289, ""defer_utility"": 0.0, ""fold_a_fresh_utility"": -0.2976086735725403, ""fold_a_query_n"": 8, ""fold_a_support_n"": 8, ""fold_b_fresh_utility"": -0.08651787042617798, ""fold_b_query_n"": 8, ""fold_b_support_n"": 8, ""fresh_advantage"": -0.18385571241378784, ""fresh_local_trainability"": -0.07879301905632019, ""fresh_positive"": false, ""fresh_query_after"": 0.7696399092674255, ""fresh_query_before"": 0.6908468902111053, ""fresh_utility"": -0.19206327199935913, ""reuse_profiles"": {""default"": {""feasible_both"": true, ""fold_a_harm"": 0.0011295548174530268, ""fold_a_lcb"": -0.006312908437103033, ""fold_a_query_after"": 0.45637011528015137, ""fold_a_utility"": 0.020521938800811768, ""fold_b_harm"": 0.005229576490819454, ""fold_b_lcb"": -0.009036509189754724, ""fold_b_query_after"": 0.715198278427124, ""fold_b_utility"": -0.036937057971954346, ""harm_lcb_max"": -0.006312908437103033, ""harm_mean"": 0.0031795656541362405, ""harm_se_mean"": 0.005537895136512816, ""harm_ucb_max"": 0.019495662171393632, ""local_trainability"": -0.008207559585571289, ""query_after"": 0.5857841968536377, ""query_before"": 0.5775766372680664, ""system_utility"": -0.008207559585571289}}, ""status"": ""ok"", ""statusquo_loss"": 0.5775766372680664}, ""utility_status"": ""ok""}"
50,C1,C,1,default,reuse,safe_existing_reuse,0.5356762409210205,1,True,147456,592130,0,67694596,592130,4737056,512,32.27573345787823,487040512,0.0,17.845303868874907,2.0253610517829657,0.5416180789470673,-0.14865675568580627,-0.00043007731437683105,-0.14822667837142944,False,,"{""best_reuse"": ""default"", ""best_reuse_utility"": -0.00043007731437683105, ""decision"": ""reuse"", ""fresh_advantage"": -0.14822667837142944, ""fresh_positive"": false, ""fresh_utility"": -0.14865675568580627, ""full_batch_guards"": {""default"": {""crossfit_feasible"": true, ""crossfit_utility"": -0.00043007731437683105, ""crossfit_utility_positive"": false, ""full_batch_cur_after"": 0.5403971076011658, ""full_batch_cur_before"": 0.5416180491447449, ""full_batch_gain"": 0.0012209415435791016, ""full_batch_harm"": 0.003405406139791012, ""full_batch_harm_lcb"": -0.004402529392391443, ""full_batch_harm_se"": 0.00398364057764411, ""full_batch_harm_ucb"": 0.011213341671973466, ""full_batch_safe"": true}}, ""guarded_best_reuse"": ""default"", ""num_adapters"": 1, ""pending_after"": false, ""pending_before"": false, ""policy_version"": ""cau_v1"", ""reason"": ""safe_existing_reuse"", ""utility"": {""batch_n"": 16, ""best_reuse"": ""default"", ""best_reuse_query_after"": 0.5420481562614441, ""best_reuse_utility"": -0.00043007731437683105, ""defer_utility"": 0.0, ""fold_a_fresh_utility"": -0.12071514129638672, ""fold_a_query_n"": 8, ""fold_a_support_n"": 8, ""fold_b_fresh_utility"": -0.17659837007522583, ""fold_b_query_n"": 8, ""fold_b_support_n"": 8, ""fresh_advantage"": -0.14822667837142944, ""fresh_local_trainability"": 0.0030087530612945557, ""fresh_positive"": false, ""fresh_query_after"": 0.6902748346328735, ""fresh_query_before"": 0.6932835876941681, ""fresh_utility"": -0.14865675568580627, ""reuse_profiles"": {""default"": {""feasible_both"": true, ""fold_a_harm"": 0.0031657787039875984, ""fold_a_lcb"": -0.004428096730262041, ""fold_a_query_after"": 0.5614668130874634, ""fold_a_utility"": -0.00044214725494384766, ""fold_b_harm"": 0.003453613258898258, ""fold_b_lcb"": -0.004283942449837923, ""fold_b_query_after"": 0.5226294994354248, ""fold_b_utility"": -0.00041800737380981445, ""harm_lcb_max"": -0.004283942449837923, ""harm_mean"": 0.0033096959814429283, ""harm_se_mean"": 0.0039110793732106686, ""harm_ucb_max"": 0.01119116896763444, ""local_trainability"": -0.00043007731437683105, ""query_after"": 0.5420481562614441, ""query_before"": 0.5416180789470673, ""system_utility"": -0.00043007731437683105}}, ""status"": ""ok"", ""statusquo_loss"": 0.5416180789470673}, ""utility_status"": ""ok""}"
51,C1,C,1,default,reuse,safe_existing_reuse,0.6260600090026855,1,True,147456,592130,0,67694596,592130,4737056,512,32.672003196552396,487040512,0.0,18.235928593203425,2.0253610517829657,0.619645744562149,-0.07158225774765015,-0.004242628812789917,-0.06733962893486023,False,,"{""best_reuse"": ""default"", ""best_reuse_utility"": -0.004242628812789917, ""decision"": ""reuse"", ""fresh_advantage"": -0.06733962893486023, ""fresh_positive"": false, ""fresh_utility"": -0.07158225774765015, ""full_batch_guards"": {""default"": {""crossfit_feasible"": true, ""crossfit_utility"": -0.004242628812789917, ""crossfit_utility_positive"": false, ""full_batch_cur_after"": 0.6218082904815674, ""full_batch_cur_before"": 0.6196457147598267, ""full_batch_gain"": -0.0021625757217407227, ""full_batch_harm"": -0.0003132214769721031, ""full_batch_harm_lcb"": -0.003966491469182074, ""full_batch_harm_se"": 0.0018639132613316178, ""full_batch_harm_ucb"": 0.003340048515237868, ""full_batch_safe"": true}}, ""guarded_best_reuse"": ""default"", ""num_adapters"": 1, ""pending_after"": false, ""pending_before"": false, ""policy_version"": ""cau_v1"", ""reason"": ""safe_existing_reuse"", ""utility"": {""batch_n"": 16, ""best_reuse"": ""default"", ""best_reuse_query_after"": 0.623888373374939, ""best_reuse_utility"": -0.004242628812789917, ""defer_utility"": 0.0, ""fold_a_fresh_utility"": -0.08766448497772217, ""fold_a_query_n"": 8, ""fold_a_support_n"": 8, ""fold_b_fresh_utility"": -0.055500030517578125, ""fold_b_query_n"": 8, ""fold_b_support_n"": 8, ""fresh_advantage"": -0.06733962893486023, ""fresh_local_trainability"": 0.0008594989776611328, ""fresh_positive"": false, ""fresh_query_after"": 0.6912280023097992, ""fresh_query_before"": 0.6920875012874603, ""fresh_utility"": -0.07158225774765015, ""reuse_profiles"": {""default"": {""feasible_both"": true, ""fold_a_harm"": -8.821254596114159e-05, ""fold_a_lcb"": -0.003928841482847929, ""fold_a_query_after"": 0.6156855821609497, ""fold_a_utility"": -0.004515886306762695, ""fold_b_harm"": -0.00018379976972937584, ""fold_b_lcb"": -0.003944468540139496, ""fold_b_query_after"": 0.6320911645889282, ""fold_b_utility"": -0.003969371318817139, ""harm_lcb_max"": -0.003928841482847929, ""harm_mean"": -0.0001360061578452587, ""harm_se_mean"": 0.001939106557983905, ""harm_ucb_max"": 0.0037524163909256458, ""local_trainability"": -0.004242628812789917, ""query_after"": 0.623888373374939, ""query_before"": 0.619645744562149, ""system_utility"": -0.004242628812789917}}, ""status"": ""ok"", ""statusquo_loss"": 0.619645744562149}, ""utility_status"": ""ok""}"
52,C1,C,1,default,reuse,safe_existing_reuse,0.649263322353363,1,True,147456,592130,0,67694596,592130,4737056,512,33.078875832259655,487040512,0.0,18.637145223096013,2.0253610517829657,0.6259493231773376,-0.06903454661369324,0.00010156631469726562,-0.0691361129283905,False,,"{""best_reuse"": ""default"", ""best_reuse_utility"": 0.00010156631469726562, ""decision"": ""reuse"", ""fresh_advantage"": -0.0691361129283905, ""fresh_positive"": false, ""fresh_utility"": -0.06903454661369324, ""full_batch_guards"": {""default"": {""crossfit_feasible"": true, ""crossfit_utility"": 0.00010156631469726562, ""crossfit_utility_positive"": true, ""full_batch_cur_after"": 0.6215839982032776, ""full_batch_cur_before"": 0.6259493827819824, ""full_batch_gain"": 0.004365384578704834, ""full_batch_harm"": -0.003022148972377181, ""full_batch_harm_lcb"": -0.0045616962015628815, ""full_batch_harm_se"": 0.0007854832801967859, ""full_batch_harm_ucb"": -0.0014826017431914806, ""full_batch_safe"": true}}, ""guarded_best_reuse"": ""default"", ""num_adapters"": 1, ""pending_after"": false, ""pending_before"": false, ""policy_version"": ""cau_v1"", ""reason"": ""safe_existing_reuse"", ""utility"": {""batch_n"": 16, ""best_reuse"": ""default"", ""best_reuse_query_after"": 0.6258477568626404, ""best_reuse_utility"": 0.00010156631469726562, ""defer_utility"": 0.0, ""fold_a_fresh_utility"": -0.06813383102416992, ""fold_a_query_n"": 8, ""fold_a_support_n"": 8, ""fold_b_fresh_utility"": -0.06993526220321655, ""fold_b_query_n"": 8, ""fold_b_support_n"": 8, ""fresh_advantage"": -0.0691361129283905, ""fresh_local_trainability"": 0.00041243433952331543, ""fresh_positive"": false, ""fresh_query_after"": 0.6949838697910309, ""fresh_query_before"": 0.6953963041305542, ""fresh_utility"": -0.06903454661369324, ""reuse_profiles"": {""default"": {""feasible_both"": true, ""fold_a_harm"": -0.002897794358432293, ""fold_a_lcb"": -0.00431482593761757, ""fold_a_query_after"": 0.6268781423568726, ""fold_a_utility"": 0.0018929243087768555, ""fold_b_harm"": -0.001818592892959714, ""fold_b_lcb"": -0.004559222208335996, ""fold_b_query_after"": 0.6248173713684082, ""fold_b_utility"": -0.0016897916793823242, ""harm_lcb_max"": -0.00431482593761757, ""harm_mean"": -0.0023581936256960034, ""harm_se_mean"": 0.0010606277792248875, ""harm_ucb_max"": 0.0009220364224165676, ""local_trainability"": 0.00010156631469726562, ""query_after"": 0.6258477568626404, ""query_before"": 0.6259493231773376, ""system_utility"": 0.00010156631469726562}}, ""status"": ""ok"", ""statusquo_loss"": 0.6259493231773376}, ""utility_status"": ""ok""}"
53,C1,C,1,default,reuse,safe_existing_reuse,0.5309934616088867,1,True,147456,592130,0,67694596,592130,4737056,512,33.49642249755561,487040512,0.0,19.048996578902006,2.0253610517829657,0.5076262950897217,-0.1327456831932068,0.005989357829093933,-0.13873504102230072,False,,"{""best_reuse"": ""default"", ""best_reuse_utility"": 0.005989357829093933, ""decision"": ""reuse"", ""fresh_advantage"": -0.13873504102230072, ""fresh_positive"": false, ""fresh_utility"": -0.1327456831932068, ""full_batch_guards"": {""default"": {""crossfit_feasible"": true, ""crossfit_utility"": 0.005989357829093933, ""crossfit_utility_positive"": true, ""full_batch_cur_after"": 0.5007352232933044, ""full_batch_cur_before"": 0.5076262354850769, ""full_batch_gain"": 0.006891012191772461, ""full_batch_harm"": -0.0012286503333598375, ""full_batch_harm_lcb"": -0.00391163079533726, ""full_batch_harm_se"": 0.001368867582641542, ""full_batch_harm_ucb"": 0.0014543301286175847, ""full_batch_safe"": true}}, ""guarded_best_reuse"": ""default"", ""num_adapters"": 1, ""pending_after"": false, ""pending_before"": false, ""policy_version"": ""cau_v1"", ""reason"": ""safe_existing_reuse"", ""utility"": {""batch_n"": 16, ""best_reuse"": ""default"", ""best_reuse_query_after"": 0.5016369372606277, ""best_reuse_utility"": 0.005989357829093933, ""defer_utility"": 0.0, ""fold_a_fresh_utility"": -0.06696426868438721, ""fold_a_query_n"": 8, ""fold_a_support_n"": 8, ""fold_b_fresh_utility"": -0.19852709770202637, ""fold_b_query_n"": 8, ""fold_b_support_n"": 8, ""fresh_advantage"": -0.13873504102230072, ""fresh_local_trainability"": 0.04667055606842041, ""fresh_positive"": false, ""fresh_query_after"": 0.6403719782829285, ""fresh_query_before"": 0.6870425343513489, ""fresh_utility"": -0.1327456831932068, ""reuse_profiles"": {""default"": {""feasible_both"": true, ""fold_a_harm"": -0.0013236221857368946, ""fold_a_lcb"": -0.004024463654495776, ""fold_a_query_after"": 0.5676473379135132, ""fold_a_utility"": 0.004845976829528809, ""fold_b_harm"": -0.0010086861439049244, ""fold_b_lcb"": -0.0038977417536079882, ""fold_b_query_after"": 0.4356265366077423, ""fold_b_utility"": 0.007132738828659058, ""harm_lcb_max"": -0.0038977417536079882, ""harm_mean"": -0.0011661541648209095, ""harm_se_mean"": 0.0014259941526688635, ""harm_ucb_max"": 0.0018803694657981394, ""local_trainability"": 0.005989357829093933, ""query_after"": 0.5016369372606277, ""query_before"": 0.5076262950897217, ""system_utility"": 0.005989357829093933}}, ""status"": ""ok"", ""statusquo_loss"": 0.5076262950897217}, ""utility_status"": ""ok""}"
54,C1,C,1,default,reuse,safe_existing_reuse,0.6049339771270752,1,True,147456,592130,0,67694596,592130,4737056,512,33.88477603159845,487040512,0.0,19.431685799732804,2.0253610517829657,0.5989460349082947,-0.10514602065086365,0.0018167197704315186,-0.10696274042129517,False,,"{""best_reuse"": ""default"", ""best_reuse_utility"": 0.0018167197704315186, ""decision"": ""reuse"", ""fresh_advantage"": -0.10696274042129517, ""fresh_positive"": false, ""fresh_utility"": -0.10514602065086365, ""full_batch_guards"": {""default"": {""crossfit_feasible"": true, ""crossfit_utility"": 0.0018167197704315186, ""crossfit_utility_positive"": true, ""full_batch_cur_after"": 0.5935090780258179, ""full_batch_cur_before"": 0.5989460945129395, ""full_batch_gain"": 0.005437016487121582, ""full_batch_harm"": -0.003804675303399563, ""full_batch_harm_lcb"": -0.005627457923255861, ""full_batch_harm_se"": 0.0009299911325797439, ""full_batch_harm_ucb"": -0.001981892683543265, ""full_batch_safe"": true}}, ""guarded_best_reuse"": ""default"", ""num_adapters"": 1, ""pending_after"": false, ""pending_before"": false, ""policy_version"": ""cau_v1"", ""reason"": ""safe_existing_reuse"", ""utility"": {""batch_n"": 16, ""best_reuse"": ""default"", ""best_reuse_query_after"": 0.5971293151378632, ""best_reuse_utility"": 0.0018167197704315186, ""defer_utility"": 0.0, ""fold_a_fresh_utility"": -0.05881220102310181, ""fold_a_query_n"": 8, ""fold_a_support_n"": 8, ""fold_b_fresh_utility"": -0.1514798402786255, ""fold_b_query_n"": 8, ""fold_b_support_n"": 8, ""fresh_advantage"": -0.10696274042129517, ""fresh_local_trainability"": -0.002558380365371704, ""fresh_positive"": false, ""fresh_query_after"": 0.7040920555591583, ""fresh_query_before"": 0.7015336751937866, ""fresh_utility"": -0.10514602065086365, ""reuse_profiles"": {""default"": {""feasible_both"": true, ""fold_a_harm"": -0.0038391619455069304, ""fold_a_lcb"": -0.005747859731782228, ""fold_a_query_after"": 0.6401504278182983, ""fold_a_utility"": 0.001330256462097168, ""fold_b_harm"": -0.0021122845355421305, ""fold_b_lcb"": -0.0034962868969887493, ""fold_b_query_after"": 0.554108202457428, ""fold_b_utility"": 0.002303183078765869, ""harm_lcb_max"": -0.0034962868969887493, ""harm_mean"": -0.0029757232405245304, ""harm_se_mean"": 0.0008399745274800807, ""harm_ucb_max"": -0.0007282821740955115, ""local_trainability"": 0.0018167197704315186, ""query_after"": 0.5971293151378632, ""query_before"": 0.5989460349082947, ""system_utility"": 0.0018167197704315186}}, ""status"": ""ok"", ""statusquo_loss"": 0.5989460349082947}, ""utility_status"": ""ok""}"
55,C1,C,1,default,reuse,pending_fresh_safe_existing_reuse,0.7628843784332275,1,True,147456,592130,0,67694596,592130,4737056,512,34.30677198804915,487040512,0.0,19.84790948778391,2.0253610517829657,0.7532283365726471,0.04074934124946594,0.007117927074432373,0.03363141417503357,True,,"{""best_reuse"": ""default"", ""best_reuse_utility"": 0.007117927074432373, ""decision"": ""reuse"", ""fresh_advantage"": 0.03363141417503357, ""fresh_positive"": true, ""fresh_utility"": 0.04074934124946594, ""full_batch_guards"": {""default"": {""crossfit_feasible"": true, ""crossfit_utility"": 0.007117927074432373, ""crossfit_utility_positive"": true, ""full_batch_cur_after"": 0.7402914762496948, ""full_batch_cur_before"": 0.7532282471656799, ""full_batch_gain"": 0.012936770915985107, ""full_batch_harm"": -0.0043113213032484055, ""full_batch_harm_lcb"": -0.009410530813038349, ""full_batch_harm_se"": 0.0026016375049948692, ""full_batch_harm_ucb"": 0.0007878882065415378, ""full_batch_safe"": true}}, ""guarded_best_reuse"": ""default"", ""num_adapters"": 1, ""pending_after"": true, ""pending_before"": false, ""policy_version"": ""cau_v1"", ""reason"": ""pending_fresh_safe_existing_reuse"", ""utility"": {""batch_n"": 16, ""best_reuse"": ""default"", ""best_reuse_query_after"": 0.7461104094982147, ""best_reuse_utility"": 0.007117927074432373, ""defer_utility"": 0.0, ""fold_a_fresh_utility"": -0.001187443733215332, ""fold_a_query_n"": 8, ""fold_a_support_n"": 8, ""fold_b_fresh_utility"": 0.08268612623214722, ""fold_b_query_n"": 8, ""fold_b_support_n"": 8, ""fresh_advantage"": 0.03363141417503357, ""fresh_local_trainability"": -0.00787210464477539, ""fresh_positive"": true, ""fresh_query_after"": 0.7124789953231812, ""fresh_query_before"": 0.7046068906784058, ""fresh_utility"": 0.04074934124946594, ""reuse_profiles"": {""default"": {""feasible_both"": true, ""fold_a_harm"": -0.0044909631833434105, ""fold_a_lcb"": -0.009996249908581376, ""fold_a_query_after"": 0.7122587561607361, ""fold_a_utility"": 0.0009164214134216309, ""fold_b_harm"": -0.0036757260095328093, ""fold_b_lcb"": -0.006732399859465658, ""fold_b_query_after"": 0.7799620628356934, ""fold_b_utility"": 0.013319432735443115, ""harm_lcb_max"": -0.006732399859465658, ""harm_mean"": -0.00408334459643811, ""harm_se_mean"": 0.002184173616115004, ""harm_ucb_max"": 0.0010143235418945554, ""local_trainability"": 0.007117927074432373, ""query_after"": 0.7461104094982147, ""query_before"": 0.7532283365726471, ""system_utility"": 0.007117927074432373}}, ""status"": ""ok"", ""statusquo_loss"": 0.7532283365726471}, ""utility_status"": ""ok""}"
56,C1,C,1,default,reuse,safe_existing_reuse,0.4693053066730499,1,True,147456,592130,0,67694596,592130,4737056,512,34.74455451220274,487040512,0.0,20.279797548428178,2.0253610517829657,0.46813689172267914,-0.2248488813638687,-0.0001585632562637329,-0.22469031810760498,False,,"{""best_reuse"": ""default"", ""best_reuse_utility"": -0.0001585632562637329, ""decision"": ""reuse"", ""fresh_advantage"": -0.22469031810760498, ""fresh_positive"": false, ""fresh_utility"": -0.2248488813638687, ""full_batch_guards"": {""default"": {""crossfit_feasible"": true, ""crossfit_utility"": -0.0001585632562637329, ""crossfit_utility_positive"": false, ""full_batch_cur_after"": 0.46408724784851074, ""full_batch_cur_before"": 0.46813687682151794, ""full_batch_gain"": 0.004049628973007202, ""full_batch_harm"": -0.003782352665439248, ""full_batch_harm_lcb"": -0.00655125844758004, ""full_batch_harm_se"": 0.0014127070317044854, ""full_batch_harm_ucb"": -0.0010134468832984568, ""full_batch_safe"": true}}, ""guarded_best_reuse"": ""default"", ""num_adapters"": 1, ""pending_after"": false, ""pending_before"": true, ""policy_version"": ""cau_v1"", ""reason"": ""safe_existing_reuse"", ""utility"": {""batch_n"": 16, ""best_reuse"": ""default"", ""best_reuse_query_after"": 0.46829545497894287, ""best_reuse_utility"": -0.0001585632562637329, ""defer_utility"": 0.0, ""fold_a_fresh_utility"": -0.2422611117362976, ""fold_a_query_n"": 8, ""fold_a_support_n"": 8, ""fold_b_fresh_utility"": -0.20743665099143982, ""fold_b_query_n"": 8, ""fold_b_support_n"": 8, ""fresh_advantage"": -0.22469031810760498, ""fresh_local_trainability"": -0.0012353956699371338, ""fresh_positive"": false, ""fresh_query_after"": 0.6929857730865479, ""fresh_query_before"": 0.6917503774166107, ""fresh_utility"": -0.2248488813638687, ""reuse_profiles"": {""default"": {""feasible_both"": true, ""fold_a_harm"": -0.0047605643048882484, ""fold_a_lcb"": -0.011033410672098398, ""fold_a_query_after"": 0.449633926153183, ""fold_a_utility"": -0.003978639841079712, ""fold_b_harm"": -0.003161790780723095, ""fold_b_lcb"": -0.0048824455565772956, ""fold_b_query_after"": 0.48695698380470276, ""fold_b_utility"": 0.003661513328552246, ""harm_lcb_max"": -0.0048824455565772956, ""harm_mean"": -0.003961177542805672, ""harm_se_mean"": 0.0020391584548633546, ""harm_ucb_max"": 0.0015122820623219013, ""local_trainability"": -0.0001585632562637329, ""query_after"": 0.46829545497894287, ""query_before"": 0.46813689172267914, ""system_utility"": -0.0001585632562637329}}, ""status"": ""ok"", ""statusquo_loss"": 0.46813689172267914}, ""utility_status"": ""ok""}"
57,C1,C,1,default,reuse,safe_existing_reuse,0.6624817848205566,1,True,147456,592130,0,67694596,592130,4737056,512,35.14747100137174,487040512,0.0,20.67638496682048,2.0253610517829657,0.6011012196540833,-0.11871516704559326,0.00032404065132141113,-0.11903920769691467,False,,"{""best_reuse"": ""default"", ""best_reuse_utility"": 0.00032404065132141113, ""decision"": ""reuse"", ""fresh_advantage"": -0.11903920769691467, ""fresh_positive"": false, ""fresh_utility"": -0.11871516704559326, ""full_batch_guards"": {""default"": {""crossfit_feasible"": true, ""crossfit_utility"": 0.00032404065132141113, ""crossfit_utility_positive"": true, ""full_batch_cur_after"": 0.5950316190719604, ""full_batch_cur_before"": 0.6011012196540833, ""full_batch_gain"": 0.006069600582122803, ""full_batch_harm"": -0.0017753667198121548, ""full_batch_harm_lcb"": -0.007207161327823996, ""full_batch_harm_se"": 0.0027713237795978785, ""full_batch_harm_ucb"": 0.003656427888199687, ""full_batch_safe"": true}}, ""guarded_best_reuse"": ""default"", ""num_adapters"": 1, ""pending_after"": false, ""pending_before"": false, ""policy_version"": ""cau_v1"", ""reason"": ""safe_existing_reuse"", ""utility"": {""batch_n"": 16, ""best_reuse"": ""default"", ""best_reuse_query_after"": 0.6007771790027618, ""best_reuse_utility"": 0.00032404065132141113, ""defer_utility"": 0.0, ""fold_a_fresh_utility"": -0.07575088739395142, ""fold_a_query_n"": 8, ""fold_a_support_n"": 8, ""fold_b_fresh_utility"": -0.1616794466972351, ""fold_b_query_n"": 8, ""fold_b_support_n"": 8, ""fresh_advantage"": -0.11903920769691467, ""fresh_local_trainability"": -0.029627621173858643, ""fresh_positive"": false, ""fresh_query_after"": 0.7198163866996765, ""fresh_query_before"": 0.6901887655258179, ""fresh_utility"": -0.11871516704559326, ""reuse_profiles"": {""default"": {""feasible_both"": true, ""fold_a_harm"": -0.001648913836106658, ""fold_a_lcb"": -0.008097923332825302, ""fold_a_query_after"": 0.6482198238372803, ""fold_a_utility"": -0.0033535361289978027, ""fold_b_harm"": -0.0022748452611267567, ""fold_b_lcb"": -0.003978728789370507, ""fold_b_query_after"": 0.5533345341682434, ""fold_b_utility"": 0.004001617431640625, ""harm_lcb_max"": -0.003978728789370507, ""harm_mean"": -0.0019618795486167073, ""harm_se_mean"": 0.002079819649225101, ""harm_ucb_max"": 0.004800095660611987, ""local_trainability"": 0.00032404065132141113, ""query_after"": 0.6007771790027618, ""query_before"": 0.6011012196540833, ""system_utility"": 0.00032404065132141113}}, ""status"": ""ok"", ""statusquo_loss"": 0.6011012196540833}, ""utility_status"": ""ok""}"
58,C1,C,1,default,reuse,safe_existing_reuse,0.6139861941337585,1,True,147456,592130,0,67694596,592130,4737056,512,35.54871189035475,487040512,0.0,21.071580179035664,2.0253610517829657,0.6123070120811462,-0.10652470588684082,0.00476384162902832,-0.11128854751586914,False,,"{""best_reuse"": ""default"", ""best_reuse_utility"": 0.00476384162902832, ""decision"": ""reuse"", ""fresh_advantage"": -0.11128854751586914, ""fresh_positive"": false, ""fresh_utility"": -0.10652470588684082, ""full_batch_guards"": {""default"": {""crossfit_feasible"": true, ""crossfit_utility"": 0.00476384162902832, ""crossfit_utility_positive"": true, ""full_batch_cur_after"": 0.6013057231903076, ""full_batch_cur_before"": 0.612307071685791, ""full_batch_gain"": 0.011001348495483398, ""full_batch_harm"": 0.00015231291763484478, ""full_batch_harm_lcb"": -0.008390163192525505, ""full_batch_harm_se"": 0.00435840617865324, ""full_batch_harm_ucb"": 0.008694789027795195, ""full_batch_safe"": true}}, ""guarded_best_reuse"": ""default"", ""num_adapters"": 1, ""pending_after"": false, ""pending_before"": false, ""policy_version"": ""cau_v1"", ""reason"": ""safe_existing_reuse"", ""utility"": {""batch_n"": 16, ""best_reuse"": ""default"", ""best_reuse_query_after"": 0.6075431704521179, ""best_reuse_utility"": 0.00476384162902832, ""defer_utility"": 0.0, ""fold_a_fresh_utility"": -0.14241039752960205, ""fold_a_query_n"": 8, ""fold_a_support_n"": 8, ""fold_b_fresh_utility"": -0.07063901424407959, ""fold_b_query_n"": 8, ""fold_b_support_n"": 8, ""fresh_advantage"": -0.11128854751586914, ""fresh_local_trainability"": -0.028855472803115845, ""fresh_positive"": false, ""fresh_query_after"": 0.7188317179679871, ""fresh_query_before"": 0.6899762451648712, ""fresh_utility"": -0.10652470588684082, ""reuse_profiles"": {""default"": {""feasible_both"": true, ""fold_a_harm"": 0.0003265554551035166, ""fold_a_lcb"": -0.008471491998061537, ""fold_a_query_after"": 0.5662025213241577, ""fold_a_utility"": -0.0021172761917114258, ""fold_b_harm"": -0.0013058972544968128, ""fold_b_lcb"": -0.005707218237221241, ""fold_b_query_after"": 0.6488838195800781, ""fold_b_utility"": 0.011644959449768066, ""harm_lcb_max"": -0.005707218237221241, ""harm_mean"": -0.0004896708996966481, ""harm_se_mean"": 0.003367185825482011, ""harm_ucb_max"": 0.00912460290826857, ""local_trainability"": 0.00476384162902832, ""query_after"": 0.6075431704521179, ""query_before"": 0.6123070120811462, ""system_utility"": 0.00476384162902832}}, ""status"": ""ok"", ""statusquo_loss"": 0.6123070120811462}, ""utility_status"": ""ok""}"
59,C1,C,1,default,reuse,safe_existing_reuse,0.5286437273025513,1,True,147456,592130,0,67694596,592130,4737056,512,35.95076061785221,487040512,0.0,21.467257855460048,2.0253610517829657,0.5112356841564178,-0.18678998947143555,-0.0026894807815551758,-0.18410050868988037,False,,"{""best_reuse"": ""default"", ""best_reuse_utility"": -0.0026894807815551758, ""decision"": ""reuse"", ""fresh_advantage"": -0.18410050868988037, ""fresh_positive"": false, ""fresh_utility"": -0.18678998947143555, ""full_batch_guards"": {""default"": {""crossfit_feasible"": true, ""crossfit_utility"": -0.0026894807815551758, ""crossfit_utility_positive"": false, ""full_batch_cur_after"": 0.5083370208740234, ""full_batch_cur_before"": 0.5112356543540955, ""full_batch_gain"": 0.0028986334800720215, ""full_batch_harm"": 0.0009032792877405882, ""full_batch_harm_lcb"": -0.006815017620101571, ""full_batch_harm_se"": 0.003937906585633755, ""full_batch_harm_ucb"": 0.008621576195582747, ""full_batch_safe"": true}}, ""guarded_best_reuse"": ""default"", ""num_adapters"": 1, ""pending_after"": false, ""pending_before"": false, ""policy_version"": ""cau_v1"", ""reason"": ""safe_existing_reuse"", ""utility"": {""batch_n"": 16, ""best_reuse"": ""default"", ""best_reuse_query_after"": 0.513925164937973, ""best_reuse_utility"": -0.0026894807815551758, ""defer_utility"": 0.0, ""fold_a_fresh_utility"": -0.22477543354034424, ""fold_a_query_n"": 8, ""fold_a_support_n"": 8, ""fold_b_fresh_utility"": -0.14880454540252686, ""fold_b_query_n"": 8, ""fold_b_support_n"": 8, ""fresh_advantage"": -0.18410050868988037, ""fresh_local_trainability"": -0.011486083269119263, ""fresh_positive"": false, ""fresh_query_after"": 0.6980256736278534, ""fresh_query_before"": 0.6865395903587341, ""fresh_utility"": -0.18678998947143555, ""reuse_profiles"": {""default"": {""feasible_both"": true, ""fold_a_harm"": 0.0028701189439743757, ""fold_a_lcb"": -0.007967986883595585, ""fold_a_query_after"": 0.4789504408836365, ""fold_a_utility"": -0.011823594570159912, ""fold_b_harm"": -0.00036829232703894377, ""fold_b_lcb"": -0.005026327348314225, ""fold_b_query_after"": 0.5488998889923096, ""fold_b_utility"": 0.0064446330070495605, ""harm_lcb_max"": -0.005026327348314225, ""harm_mean"": 0.001250913308467716, ""harm_se_mean"": 0.003953097155317664, ""harm_ucb_max"": 0.013708224771544337, ""local_trainability"": -0.0026894807815551758, ""query_after"": 0.513925164937973, ""query_before"": 0.5112356841564178, ""system_utility"": -0.0026894807815551758}}, ""status"": ""ok"", ""statusquo_loss"": 0.5112356841564178}, ""utility_status"": ""ok""}"
60,C1,C,1,default,reuse,safe_existing_reuse,0.49501773715019226,1,True,147456,592130,0,67694596,592130,4737056,512,36.38282108493149,487040512,0.0,21.8930751029402,2.0253610517829657,0.5124935805797577,-0.16595306992530823,-0.0052613019943237305,-0.1606917679309845,False,,"{""best_reuse"": ""default"", ""best_reuse_utility"": -0.0052613019943237305, ""decision"": ""reuse"", ""fresh_advantage"": -0.1606917679309845, ""fresh_positive"": false, ""fresh_utility"": -0.16595306992530823, ""full_batch_guards"": {""default"": {""crossfit_feasible"": true, ""crossfit_utility"": -0.0052613019943237305, ""crossfit_utility_positive"": false, ""full_batch_cur_after"": 0.510715126991272, ""full_batch_cur_before"": 0.5124935507774353, ""full_batch_gain"": 0.00177842378616333, ""full_batch_harm"": -0.00040602998342365026, ""full_batch_harm_lcb"": -0.004262046520598233, ""full_batch_harm_se"": 0.001967355376109481, ""full_batch_harm_ucb"": 0.003449986553750932, ""full_batch_safe"": true}}, ""guarded_best_reuse"": ""default"", ""num_adapters"": 1, ""pending_after"": false, ""pending_before"": false, ""policy_version"": ""cau_v1"", ""reason"": ""safe_existing_reuse"", ""utility"": {""batch_n"": 16, ""best_reuse"": ""default"", ""best_reuse_query_after"": 0.5177548825740814, ""best_reuse_utility"": -0.0052613019943237305, ""defer_utility"": 0.0, ""fold_a_fresh_utility"": -0.18096470832824707, ""fold_a_query_n"": 8, ""fold_a_support_n"": 8, ""fold_b_fresh_utility"": -0.15094143152236938, ""fold_b_query_n"": 8, ""fold_b_support_n"": 8, ""fresh_advantage"": -0.1606917679309845, ""fresh_local_trainability"": 0.0053730010986328125, ""fresh_positive"": false, ""fresh_query_after"": 0.6784466505050659, ""fresh_query_before"": 0.6838196516036987, ""fresh_utility"": -0.16595306992530823, ""reuse_profiles"": {""default"": {""feasible_both"": true, ""fold_a_harm"": 0.0033989783842116594, ""fold_a_lcb"": -0.004394239010289311, ""fold_a_query_after"": 0.5024811625480652, ""fold_a_utility"": -0.014224052429199219, ""fold_b_harm"": -0.0009438297711312771, ""fold_b_lcb"": -0.003834876655600965, ""fold_b_query_after"": 0.5330286026000977, ""fold_b_utility"": 0.003701448440551758, ""harm_lcb_max"": -0.003834876655600965, ""harm_mean"": 0.0012275743065401912, ""harm_se_mean"": 0.0027255776221863925, ""harm_ucb_max"": 0.011192195778712631, ""local_trainability"": -0.0052613019943237305, ""query_after"": 0.5177548825740814, ""query_before"": 0.5124935805797577, ""system_utility"": -0.0052613019943237305}}, ""status"": ""ok"", ""statusquo_loss"": 0.5124935805797577}, ""utility_status"": ""ok""}"
61,C1,C,1,default,reuse,safe_existing_reuse,0.5216639041900635,1,True,147456,592130,0,67694596,592130,4737056,512,36.78994094952941,487040512,0.0,22.293873708695173,2.0253610517829657,0.5020677447319031,-0.18893206119537354,0.0006953179836273193,-0.18962737917900085,False,,"{""best_reuse"": ""default"", ""best_reuse_utility"": 0.0006953179836273193, ""decision"": ""reuse"", ""fresh_advantage"": -0.18962737917900085, ""fresh_positive"": false, ""fresh_utility"": -0.18893206119537354, ""full_batch_guards"": {""default"": {""crossfit_feasible"": true, ""crossfit_utility"": 0.0006953179836273193, ""crossfit_utility_positive"": true, ""full_batch_cur_after"": 0.49579936265945435, ""full_batch_cur_before"": 0.5020678043365479, ""full_batch_gain"": 0.006268441677093506, ""full_batch_harm"": 0.0022005303762853146, ""full_batch_harm_lcb"": -0.0025441957172006365, ""full_batch_harm_se"": 0.0024207786191254854, ""full_batch_harm_ucb"": 0.006945256469771266, ""full_batch_safe"": true}}, ""guarded_best_reuse"": ""default"", ""num_adapters"": 1, ""pending_after"": false, ""pending_before"": false, ""policy_version"": ""cau_v1"", ""reason"": ""safe_existing_reuse"", ""utility"": {""batch_n"": 16, ""best_reuse"": ""default"", ""best_reuse_query_after"": 0.5013724267482758, ""best_reuse_utility"": 0.0006953179836273193, ""defer_utility"": 0.0, ""fold_a_fresh_utility"": -0.08745050430297852, ""fold_a_query_n"": 8, ""fold_a_support_n"": 8, ""fold_b_fresh_utility"": -0.29041361808776855, ""fold_b_query_n"": 8, ""fold_b_support_n"": 8, ""fresh_advantage"": -0.18962737917900085, ""fresh_local_trainability"": 0.005928635597229004, ""fresh_positive"": false, ""fresh_query_after"": 0.6909998059272766, ""fresh_query_before"": 0.6969284415245056, ""fresh_utility"": -0.18893206119537354, ""reuse_profiles"": {""default"": {""feasible_both"": true, ""fold_a_harm"": -0.0019125540275126696, ""fold_a_lcb"": -0.0034104136331006884, ""fold_a_query_after"": 0.5974340438842773, ""fold_a_utility"": 0.0028172731399536133, ""fold_b_harm"": 0.004454334266483784, ""fold_b_lcb"": -0.0020134530402719977, ""fold_b_query_after"": 0.40531080961227417, ""fold_b_utility"": -0.0014266371726989746, ""harm_lcb_max"": -0.0020134530402719977, ""harm_mean"": 0.001270890119485557, ""harm_se_mean"": 0.0020320527837611735, ""harm_ucb_max"": 0.010922121573239565, ""local_trainability"": 0.0006953179836273193, ""query_after"": 0.5013724267482758, ""query_before"": 0.5020677447319031, ""system_utility"": 0.0006953179836273193}}, ""status"": ""ok"", ""statusquo_loss"": 0.5020677447319031}, ""utility_status"": ""ok""}"
62,C1,C,1,default,reuse,safe_existing_reuse,0.5081558227539062,1,True,147456,592130,0,67694596,592130,4737056,512,37.197341652587056,487040512,0.0,22.69481318630278,2.0253610517829657,0.48519696295261383,-0.2133248895406723,-0.001215323805809021,-0.21210956573486328,False,,"{""best_reuse"": ""default"", ""best_reuse_utility"": -0.001215323805809021, ""decision"": ""reuse"", ""fresh_advantage"": -0.21210956573486328, ""fresh_positive"": false, ""fresh_utility"": -0.2133248895406723, ""full_batch_guards"": {""default"": {""crossfit_feasible"": true, ""crossfit_utility"": -0.001215323805809021, ""crossfit_utility_positive"": false, ""full_batch_cur_after"": 0.4822867512702942, ""full_batch_cur_before"": 0.4851970076560974, ""full_batch_gain"": 0.0029102563858032227, ""full_batch_harm"": -0.0016735373064875603, ""full_batch_harm_lcb"": -0.003163003986701369, ""full_batch_harm_se"": 0.000759931979700923, ""full_batch_harm_ucb"": -0.00018407062627375133, ""full_batch_safe"": true}}, ""guarded_best_reuse"": ""default"", ""num_adapters"": 1, ""pending_after"": false, ""pending_before"": false, ""policy_version"": ""cau_v1"", ""reason"": ""safe_existing_reuse"", ""utility"": {""batch_n"": 16, ""best_reuse"": ""default"", ""best_reuse_query_after"": 0.48641228675842285, ""best_reuse_utility"": -0.001215323805809021, ""defer_utility"": 0.0, ""fold_a_fresh_utility"": -0.20577320456504822, ""fold_a_query_n"": 8, ""fold_a_support_n"": 8, ""fold_b_fresh_utility"": -0.2208765745162964, ""fold_b_query_n"": 8, ""fold_b_support_n"": 8, ""fresh_advantage"": -0.21210956573486328, ""fresh_local_trainability"": -0.0053691864013671875, ""fresh_positive"": false, ""fresh_query_after"": 0.6985218524932861, ""fresh_query_before"": 0.693152666091919, ""fresh_utility"": -0.2133248895406723, ""reuse_profiles"": {""default"": {""feasible_both"": true, ""fold_a_harm"": -0.002415188355371356, ""fold_a_lcb"": -0.0035482694464735688, ""fold_a_query_after"": 0.49250686168670654, ""fold_a_utility"": 0.0028906166553497314, ""fold_b_harm"": 0.001350858947262168, ""fold_b_lcb"": -0.002232492589391768, ""fold_b_query_after"": 0.48031771183013916, ""fold_b_utility"": -0.0053212642669677734, ""harm_lcb_max"": -0.002232492589391768, ""harm_mean"": -0.000532164704054594, ""harm_se_mean"": 0.0012031715887133032, ""harm_ucb_max"": 0.004934210483916104, ""local_trainability"": -0.001215323805809021, ""query_after"": 0.48641228675842285, ""query_before"": 0.48519696295261383, ""system_utility"": -0.001215323805809021}}, ""status"": ""ok"", ""statusquo_loss"": 0.48519696295261383}, ""utility_status"": ""ok""}"
63,C1,C,1,default,defer,no_retention_feasible_reuse,,1,False,147456,592130,0,67694596,592130,4737056,512,37.51809788867831,487040512,0.0,23.009102758020163,2.0253610517829657,0.5564337968826294,-0.14532947540283203,,,False,,"{""best_reuse"": null, ""best_reuse_utility"": null, ""decision"": ""defer"", ""fresh_advantage"": null, ""fresh_positive"": false, ""fresh_utility"": -0.14532947540283203, ""full_batch_guards"": {}, ""guarded_best_reuse"": null, ""num_adapters"": 1, ""pending_after"": false, ""pending_before"": false, ""policy_version"": ""cau_v1"", ""reason"": ""no_retention_feasible_reuse"", ""utility"": {""batch_n"": 16, ""best_reuse"": null, ""best_reuse_query_after"": null, ""best_reuse_utility"": null, ""defer_utility"": 0.0, ""fold_a_fresh_utility"": -0.18925708532333374, ""fold_a_query_n"": 8, ""fold_a_support_n"": 8, ""fold_b_fresh_utility"": -0.10140186548233032, ""fold_b_query_n"": 8, ""fold_b_support_n"": 8, ""fresh_advantage"": null, ""fresh_local_trainability"": -0.008598625659942627, ""fresh_positive"": false, ""fresh_query_after"": 0.7017632722854614, ""fresh_query_before"": 0.6931646466255188, ""fresh_utility"": -0.14532947540283203, ""reuse_profiles"": {""default"": {""feasible_both"": false, ""fold_a_harm"": -0.005919341929256916, ""fold_a_lcb"": -0.007798679422121495, ""fold_a_query_after"": 0.5193227529525757, ""fold_a_utility"": -0.0016508698463439941, ""fold_b_harm"": 0.004403314087539911, ""fold_b_lcb"": 4.580343142151881e-05, ""fold_b_query_after"": 0.5999584197998047, ""fold_b_utility"": -0.004762709140777588, ""harm_lcb_max"": 4.580343142151881e-05, ""harm_mean"": -0.0007580139208585024, ""harm_se_mean"": 0.0015910326910670847, ""harm_ucb_max"": 0.008760824743658304, ""local_trainability"": -0.003206789493560791, ""query_after"": 0.5596405863761902, ""query_before"": 0.5564337968826294, ""system_utility"": -0.003206789493560791}}, ""status"": ""ok"", ""statusquo_loss"": 0.5564337968826294}, ""utility_status"": ""ok""}"
64,C1,C,1,default,defer,no_retention_feasible_reuse,,1,False,147456,592130,0,67694596,592130,4737056,512,37.85356658510864,487040512,0.0,23.33244266360998,2.0253610517829657,0.49786774814128876,-0.14517177641391754,,,False,,"{""best_reuse"": null, ""best_reuse_utility"": null, ""decision"": ""defer"", ""fresh_advantage"": null, ""fresh_positive"": false, ""fresh_utility"": -0.14517177641391754, ""full_batch_guards"": {}, ""guarded_best_reuse"": null, ""num_adapters"": 1, ""pending_after"": false, ""pending_before"": false, ""policy_version"": ""cau_v1"", ""reason"": ""no_retention_feasible_reuse"", ""utility"": {""batch_n"": 16, ""best_reuse"": null, ""best_reuse_query_after"": null, ""best_reuse_utility"": null, ""defer_utility"": 0.0, ""fold_a_fresh_utility"": -0.18572762608528137, ""fold_a_query_n"": 8, ""fold_a_support_n"": 8, ""fold_b_fresh_utility"": -0.10461592674255371, ""fold_b_query_n"": 8, ""fold_b_support_n"": 8, ""fresh_advantage"": null, ""fresh_local_trainability"": 0.05480048060417175, ""fresh_positive"": false, ""fresh_query_after"": 0.6430395245552063, ""fresh_query_before"": 0.697840005159378, ""fresh_utility"": -0.14517177641391754, ""reuse_profiles"": {""default"": {""feasible_both"": false, ""fold_a_harm"": 0.004323424305766821, ""fold_a_lcb"": 4.58504073321854e-06, ""fold_a_query_after"": 0.4475315809249878, ""fold_a_utility"": 0.008141785860061646, ""fold_b_harm"": 0.003848893102258444, ""fold_b_lcb"": -0.00032295097596943354, ""fold_b_query_after"": 0.5311278104782104, ""fold_b_utility"": 0.008934319019317627, ""harm_lcb_max"": 4.58504073321854e-06, ""harm_mean"": 0.004086158704012632, ""harm_se_mean"": 0.002165990648791194, ""harm_ucb_max"": 0.008642263570800423, ""local_trainability"": 0.008538052439689636, ""query_after"": 0.4893296957015991, ""query_before"": 0.49786774814128876, ""system_utility"": 0.008538052439689636}}, ""status"": ""ok"", ""statusquo_loss"": 0.49786774814128876}, ""utility_status"": ""ok""}"
65,B2,B,2,default,reuse,safe_existing_reuse,0.5277366638183594,1,True,147456,592130,0,67694596,592130,4737056,512,38.94454950094223,487040512,0.0,23.749324256554246,2.6929012071341276,0.540687769651413,-0.15784141421318054,0.004118591547012329,-0.16196000576019287,False,,"{""best_reuse"": ""default"", ""best_reuse_utility"": 0.004118591547012329, ""decision"": ""reuse"", ""fresh_advantage"": -0.16196000576019287, ""fresh_positive"": false, ""fresh_utility"": -0.15784141421318054, ""full_batch_guards"": {""default"": {""crossfit_feasible"": true, ""crossfit_utility"": 0.004118591547012329, ""crossfit_utility_positive"": true, ""full_batch_cur_after"": 0.5335208773612976, ""full_batch_cur_before"": 0.5406878590583801, ""full_batch_gain"": 0.0071669816970825195, ""full_batch_harm"": -0.006981602869927883, ""full_batch_harm_lcb"": -0.009393311333842577, ""full_batch_harm_se"": 0.001230463501997292, ""full_batch_harm_ucb"": -0.004569894406013191, ""full_batch_safe"": true}}, ""guarded_best_reuse"": ""default"", ""num_adapters"": 1, ""pending_after"": false, ""pending_before"": false, ""policy_version"": ""cau_v1"", ""reason"": ""safe_existing_reuse"", ""utility"": {""batch_n"": 16, ""best_reuse"": ""default"", ""best_reuse_query_after"": 0.5365691781044006, ""best_reuse_utility"": 0.004118591547012329, ""defer_utility"": 0.0, ""fold_a_fresh_utility"": -0.031491219997406006, ""fold_a_query_n"": 8, ""fold_a_support_n"": 8, ""fold_b_fresh_utility"": -0.2841916084289551, ""fold_b_query_n"": 8, ""fold_b_support_n"": 8, ""fresh_advantage"": -0.16196000576019287, ""fresh_local_trainability"": -0.003580421209335327, ""fresh_positive"": false, ""fresh_query_after"": 0.6985291838645935, ""fresh_query_before"": 0.6949487626552582, ""fresh_utility"": -0.15784141421318054, ""reuse_profiles"": {""default"": {""feasible_both"": true, ""fold_a_harm"": -0.00438632071018219, ""fold_a_lcb"": -0.005659368999768048, ""fold_a_query_after"": 0.6522749662399292, ""fold_a_utility"": 0.002876579761505127, ""fold_b_harm"": -0.007419052068144083, ""fold_b_lcb"": -0.010108863832429052, ""fold_b_query_after"": 0.42086338996887207, ""fold_b_utility"": 0.005360603332519531, ""harm_lcb_max"": -0.005659368999768048, ""harm_mean"": -0.0059026863891631365, ""harm_se_mean"": 0.0010109336872119457, ""harm_ucb_max"": -0.0031132724205963315, ""local_trainability"": 0.004118591547012329, ""query_after"": 0.5365691781044006, ""query_before"": 0.540687769651413, ""system_utility"": 0.004118591547012329}}, ""status"": ""ok"", ""statusquo_loss"": 0.540687769651413}, ""utility_status"": ""ok""}"
66,B2,B,2,default,reuse,safe_existing_reuse,0.5233896970748901,1,True,147456,592130,0,67694596,592130,4737056,512,39.34821321256459,487040512,0.0,24.146456103771925,2.6929012071341276,0.49908028542995453,-0.1806919127702713,0.002095624804496765,-0.18278753757476807,False,,"{""best_reuse"": ""default"", ""best_reuse_utility"": 0.002095624804496765, ""decision"": ""reuse"", ""fresh_advantage"": -0.18278753757476807, ""fresh_positive"": false, ""fresh_utility"": -0.1806919127702713, ""full_batch_guards"": {""default"": {""crossfit_feasible"": true, ""crossfit_utility"": 0.002095624804496765, ""crossfit_utility_positive"": true, ""full_batch_cur_after"": 0.4939388632774353, ""full_batch_cur_before"": 0.4990803003311157, ""full_batch_gain"": 0.00514143705368042, ""full_batch_harm"": -0.00023031618911772966, ""full_batch_harm_lcb"": -0.002173217376694083, ""full_batch_harm_se"": 0.0009912761161103845, ""full_batch_harm_ucb"": 0.0017125849984586238, ""full_batch_safe"": true}}, ""guarded_best_reuse"": ""default"", ""num_adapters"": 1, ""pending_after"": false, ""pending_before"": false, ""policy_version"": ""cau_v1"", ""reason"": ""safe_existing_reuse"", ""utility"": {""batch_n"": 16, ""best_reuse"": ""default"", ""best_reuse_query_after"": 0.49698466062545776, ""best_reuse_utility"": 0.002095624804496765, ""defer_utility"": 0.0, ""fold_a_fresh_utility"": -0.12485551834106445, ""fold_a_query_n"": 8, ""fold_a_support_n"": 8, ""fold_b_fresh_utility"": -0.23652830719947815, ""fold_b_query_n"": 8, ""fold_b_support_n"": 8, ""fresh_advantage"": -0.18278753757476807, ""fresh_local_trainability"": 0.01616448163986206, ""fresh_positive"": false, ""fresh_query_after"": 0.6797721982002258, ""fresh_query_before"": 0.6959366798400879, ""fresh_utility"": -0.1806919127702713, ""reuse_profiles"": {""default"": {""feasible_both"": true, ""fold_a_harm"": -0.0029106682632118464, ""fold_a_lcb"": -0.004095517706591636, ""fold_a_query_after"": 0.5542986989021301, ""fold_a_utility"": 0.0001525282859802246, ""fold_b_harm"": -0.0009638499468564987, ""fold_b_lcb"": -0.0023670225776731965, ""fold_b_query_after"": 0.4396706223487854, ""fold_b_utility"": 0.004038721323013306, ""harm_lcb_max"": -0.0023670225776731965, ""harm_mean"": -0.0019372591050341725, ""harm_se_mean"": 0.0006602097128052264, ""harm_ucb_max"": 0.00043932268396019926, ""local_trainability"": 0.002095624804496765, ""query_after"": 0.49698466062545776, ""query_before"": 0.49908028542995453, ""system_utility"": 0.002095624804496765}}, ""status"": ""ok"", ""statusquo_loss"": 0.49908028542995453}, ""utility_status"": ""ok""}"
67,B2,B,2,default,reuse,safe_existing_reuse,0.4616568684577942,1,True,147456,592130,0,67694596,592130,4737056,512,39.752022583037615,487040512,0.0,24.543791998177767,2.6929012071341276,0.43856948614120483,-0.21719932556152344,0.008486807346343994,-0.22568613290786743,False,,"{""best_reuse"": ""default"", ""best_reuse_utility"": 0.008486807346343994, ""decision"": ""reuse"", ""fresh_advantage"": -0.22568613290786743, ""fresh_positive"": false, ""fresh_utility"": -0.21719932556152344, ""full_batch_guards"": {""default"": {""crossfit_feasible"": true, ""crossfit_utility"": 0.008486807346343994, ""crossfit_utility_positive"": true, ""full_batch_cur_after"": 0.4282083511352539, ""full_batch_cur_before"": 0.43856948614120483, ""full_batch_gain"": 0.010361135005950928, ""full_batch_harm"": 0.00338220177218318, ""full_batch_harm_lcb"": -0.0016031680628657338, ""full_batch_harm_se"": 0.0025435560382902622, ""full_batch_harm_ucb"": 0.008367571607232093, ""full_batch_safe"": true}}, ""guarded_best_reuse"": ""default"", ""num_adapters"": 1, ""pending_after"": false, ""pending_before"": false, ""policy_version"": ""cau_v1"", ""reason"": ""safe_existing_reuse"", ""utility"": {""batch_n"": 16, ""best_reuse"": ""default"", ""best_reuse_query_after"": 0.43008267879486084, ""best_reuse_utility"": 0.008486807346343994, ""defer_utility"": 0.0, ""fold_a_fresh_utility"": -0.2040492296218872, ""fold_a_query_n"": 8, ""fold_a_support_n"": 8, ""fold_b_fresh_utility"": -0.23034942150115967, ""fold_b_query_n"": 8, ""fold_b_support_n"": 8, ""fresh_advantage"": -0.22568613290786743, ""fresh_local_trainability"": 0.04166674613952637, ""fresh_positive"": false, ""fresh_query_after"": 0.6557688117027283, ""fresh_query_before"": 0.6974355578422546, ""fresh_utility"": -0.21719932556152344, ""reuse_profiles"": {""default"": {""feasible_both"": true, ""fold_a_harm"": 0.0032039079815149307, ""fold_a_lcb"": -0.0015180823951959606, ""fold_a_query_after"": 0.45122694969177246, ""fold_a_utility"": 0.006838440895080566, ""fold_b_harm"": 0.001958292443305254, ""fold_b_lcb"": -0.002055489551275968, ""fold_b_query_after"": 0.4089384078979492, ""fold_b_utility"": 0.010135173797607422, ""harm_lcb_max"": -0.0015180823951959606, ""harm_mean"": 0.0025811002124100924, ""harm_se_mean"": 0.0022285133600234985, ""harm_ucb_max"": 0.007925898358225821, ""local_trainability"": 0.008486807346343994, ""query_after"": 0.43008267879486084, ""query_before"": 0.43856948614120483, ""system_utility"": 0.008486807346343994}}, ""status"": ""ok"", ""statusquo_loss"": 0.43856948614120483}, ""utility_status"": ""ok""}"
68,B2,B,2,default,reuse,safe_existing_reuse,0.4924885928630829,1,True,147456,592130,0,67694596,592130,4737056,512,40.158763233572245,487040512,0.0,24.943864239379764,2.6929012071341276,0.49071282148361206,-0.17807286977767944,0.0010429918766021729,-0.17911586165428162,False,,"{""best_reuse"": ""default"", ""best_reuse_utility"": 0.0010429918766021729, ""decision"": ""reuse"", ""fresh_advantage"": -0.17911586165428162, ""fresh_positive"": false, ""fresh_utility"": -0.17807286977767944, ""full_batch_guards"": {""default"": {""crossfit_feasible"": true, ""crossfit_utility"": 0.0010429918766021729, ""crossfit_utility_positive"": true, ""full_batch_cur_after"": 0.4873051643371582, ""full_batch_cur_before"": 0.49071282148361206, ""full_batch_gain"": 0.0034076571464538574, ""full_batch_harm"": -0.0022700619883835316, ""full_batch_harm_lcb"": -0.003618359335232526, ""full_batch_harm_se"": 0.0006879068096168339, ""full_batch_harm_ucb"": -0.0009217646415345371, ""full_batch_safe"": true}}, ""guarded_best_reuse"": ""default"", ""num_adapters"": 1, ""pending_after"": false, ""pending_before"": false, ""policy_version"": ""cau_v1"", ""reason"": ""safe_existing_reuse"", ""utility"": {""batch_n"": 16, ""best_reuse"": ""default"", ""best_reuse_query_after"": 0.4896698296070099, ""best_reuse_utility"": 0.0010429918766021729, ""defer_utility"": 0.0, ""fold_a_fresh_utility"": -0.1973423957824707, ""fold_a_query_n"": 8, ""fold_a_support_n"": 8, ""fold_b_fresh_utility"": -0.15880334377288818, ""fold_b_query_n"": 8, ""fold_b_support_n"": 8, ""fresh_advantage"": -0.17911586165428162, ""fresh_local_trainability"": 0.02085605263710022, ""fresh_positive"": false, ""fresh_query_after"": 0.6687856912612915, ""fresh_query_before"": 0.6896417438983917, ""fresh_utility"": -0.17807286977767944, ""reuse_profiles"": {""default"": {""feasible_both"": true, ""fold_a_harm"": -0.0018690834986045957, ""fold_a_lcb"": -0.0033858281560242174, ""fold_a_query_after"": 0.464480459690094, ""fold_a_utility"": 0.0032816529273986816, ""fold_b_harm"": -0.0008968993788585067, ""fold_b_lcb"": -0.003226384874433279, ""fold_b_query_after"": 0.5148591995239258, ""fold_b_utility"": -0.001195669174194336, ""harm_lcb_max"": -0.003226384874433279, ""harm_mean"": -0.0013829914387315512, ""harm_se_mean"": 0.0009811811614781618, ""harm_ucb_max"": 0.0014325861167162656, ""local_trainability"": 0.0010429918766021729, ""query_after"": 0.4896698296070099, ""query_before"": 0.49071282148361206, ""system_utility"": 0.0010429918766021729}}, ""status"": ""ok"", ""statusquo_loss"": 0.49071282148361206}, ""utility_status"": ""ok""}"
69,B2,B,2,default,reuse,safe_existing_reuse,0.6732677221298218,1,True,147456,592130,0,67694596,592130,4737056,512,40.572428192943335,487040512,0.0,25.35102119296789,2.6929012071341276,0.6222219467163086,-0.07456973195075989,0.0026547908782958984,-0.07722452282905579,False,,"{""best_reuse"": ""default"", ""best_reuse_utility"": 0.0026547908782958984, ""decision"": ""reuse"", ""fresh_advantage"": -0.07722452282905579, ""fresh_positive"": false, ""fresh_utility"": -0.07456973195075989, ""full_batch_guards"": {""default"": {""crossfit_feasible"": true, ""crossfit_utility"": 0.0026547908782958984, ""crossfit_utility_positive"": true, ""full_batch_cur_after"": 0.6149243712425232, ""full_batch_cur_before"": 0.6222219467163086, ""full_batch_gain"": 0.0072975754737854, ""full_batch_harm"": -0.0038648154586553574, ""full_batch_harm_lcb"": -0.007120271786116064, ""full_batch_harm_se"": 0.001660947105847299, ""full_batch_harm_ucb"": -0.0006093591311946514, ""full_batch_safe"": true}}, ""guarded_best_reuse"": ""default"", ""num_adapters"": 1, ""pending_after"": false, ""pending_before"": false, ""policy_version"": ""cau_v1"", ""reason"": ""safe_existing_reuse"", ""utility"": {""batch_n"": 16, ""best_reuse"": ""default"", ""best_reuse_query_after"": 0.6195671558380127, ""best_reuse_utility"": 0.0026547908782958984, ""defer_utility"": 0.0, ""fold_a_fresh_utility"": -0.0012496709823608398, ""fold_a_query_n"": 8, ""fold_a_support_n"": 8, ""fold_b_fresh_utility"": -0.14788979291915894, ""fold_b_query_n"": 8, ""fold_b_support_n"": 8, ""fresh_advantage"": -0.07722452282905579, ""fresh_local_trainability"": -0.013722717761993408, ""fresh_positive"": false, ""fresh_query_after"": 0.6967916786670685, ""fresh_query_before"": 0.6830689609050751, ""fresh_utility"": -0.07456973195075989, ""reuse_profiles"": {""default"": {""feasible_both"": true, ""fold_a_harm"": -0.0026459642685949802, ""fold_a_lcb"": -0.0041289741941727695, ""fold_a_query_after"": 0.6884196996688843, ""fold_a_utility"": 0.003004789352416992, ""fold_b_harm"": -0.003850166220217943, ""fold_b_lcb"": -0.006953578554093838, ""fold_b_query_after"": 0.5507146120071411, ""fold_b_utility"": 0.0023047924041748047, ""harm_lcb_max"": -0.0041289741941727695, ""harm_mean"": -0.0032480652444064617, ""harm_se_mean"": 0.0011700056784320623, ""harm_ucb_max"": -0.0007467538863420485, ""local_trainability"": 0.0026547908782958984, ""query_after"": 0.6195671558380127, ""query_before"": 0.6222219467163086, ""system_utility"": 0.0026547908782958984}}, ""status"": ""ok"", ""statusquo_loss"": 0.6222219467163086}, ""utility_status"": ""ok""}"
70,B2,B,2,default,reuse,safe_existing_reuse,0.5334970951080322,1,True,147456,592130,0,67694596,592130,4737056,512,40.998088328167796,487040512,0.0,25.770162420347333,2.6929012071341276,0.5369703769683838,-0.17324745655059814,0.005205810070037842,-0.178453266620636,False,,"{""best_reuse"": ""default"", ""best_reuse_utility"": 0.005205810070037842, ""decision"": ""reuse"", ""fresh_advantage"": -0.178453266620636, ""fresh_positive"": false, ""fresh_utility"": -0.17324745655059814, ""full_batch_guards"": {""default"": {""crossfit_feasible"": true, ""crossfit_utility"": 0.005205810070037842, ""crossfit_utility_positive"": true, ""full_batch_cur_after"": 0.5296932458877563, ""full_batch_cur_before"": 0.5369704365730286, ""full_batch_gain"": 0.007277190685272217, ""full_batch_harm"": -0.004294088575989008, ""full_batch_harm_lcb"": -0.008676075460389256, ""full_batch_harm_se"": 0.0022357075940817595, ""full_batch_harm_ucb"": 8.789830841124044e-05, ""full_batch_safe"": true}}, ""guarded_best_reuse"": ""default"", ""num_adapters"": 1, ""pending_after"": false, ""pending_before"": false, ""policy_version"": ""cau_v1"", ""reason"": ""safe_existing_reuse"", ""utility"": {""batch_n"": 16, ""best_reuse"": ""default"", ""best_reuse_query_after"": 0.531764566898346, ""best_reuse_utility"": 0.005205810070037842, ""defer_utility"": 0.0, ""fold_a_fresh_utility"": -0.19454628229141235, ""fold_a_query_n"": 8, ""fold_a_support_n"": 8, ""fold_b_fresh_utility"": -0.15194863080978394, ""fold_b_query_n"": 8, ""fold_b_support_n"": 8, ""fresh_advantage"": -0.178453266620636, ""fresh_local_trainability"": -0.01768481731414795, ""fresh_positive"": false, ""fresh_query_after"": 0.7102178335189819, ""fresh_query_before"": 0.692533016204834, ""fresh_utility"": -0.17324745655059814, ""reuse_profiles"": {""default"": {""feasible_both"": true, ""fold_a_harm"": -0.004463573917746544, ""fold_a_lcb"": -0.009455940481275321, ""fold_a_query_after"": 0.5146878957748413, ""fold_a_utility"": 0.003968715667724609, ""fold_b_harm"": -0.004124018829315901, ""fold_b_lcb"": -0.00838212820701301, ""fold_b_query_after"": 0.5488412380218506, ""fold_b_utility"": 0.006442904472351074, ""harm_lcb_max"": -0.00838212820701301, ""harm_mean"": -0.004293796373531222, ""harm_se_mean"": 0.0023598152911290526, ""harm_ucb_max"": 0.0005287926457822325, ""local_trainability"": 0.005205810070037842, ""query_after"": 0.531764566898346, ""query_before"": 0.5369703769683838, ""system_utility"": 0.005205810070037842}}, ""status"": ""ok"", ""statusquo_loss"": 0.5369703769683838}, ""utility_status"": ""ok""}"
71,B2,B,2,default,reuse,safe_existing_reuse,0.4872269630432129,1,True,147456,592130,0,67694596,592130,4737056,512,41.4505973700434,487040512,0.0,26.215857537463307,2.6929012071341276,0.43493323028087616,-0.26741553843021393,0.005609855055809021,-0.27302539348602295,False,,"{""best_reuse"": ""default"", ""best_reuse_utility"": 0.005609855055809021, ""decision"": ""reuse"", ""fresh_advantage"": -0.27302539348602295, ""fresh_positive"": false, ""fresh_utility"": -0.26741553843021393, ""full_batch_guards"": {""default"": {""crossfit_feasible"": true, ""crossfit_utility"": 0.005609855055809021, ""crossfit_utility_positive"": true, ""full_batch_cur_after"": 0.4239012598991394, ""full_batch_cur_before"": 0.43493330478668213, ""full_batch_gain"": 0.011032044887542725, ""full_batch_harm"": -0.0033810611348599195, ""full_batch_harm_lcb"": -0.010989509588107467, ""full_batch_harm_se"": 0.0038818614557385445, ""full_batch_harm_ucb"": 0.004227387318387628, ""full_batch_safe"": true}}, ""guarded_best_reuse"": ""default"", ""num_adapters"": 1, ""pending_after"": false, ""pending_before"": false, ""policy_version"": ""cau_v1"", ""reason"": ""safe_existing_reuse"", ""utility"": {""batch_n"": 16, ""best_reuse"": ""default"", ""best_reuse_query_after"": 0.42932337522506714, ""best_reuse_utility"": 0.005609855055809021, ""defer_utility"": 0.0, ""fold_a_fresh_utility"": -0.21990111470222473, ""fold_a_query_n"": 8, ""fold_a_support_n"": 8, ""fold_b_fresh_utility"": -0.3149299621582031, ""fold_b_query_n"": 8, ""fold_b_support_n"": 8, ""fresh_advantage"": -0.27302539348602295, ""fresh_local_trainability"": -0.01023593544960022, ""fresh_positive"": false, ""fresh_query_after"": 0.7023487687110901, ""fresh_query_before"": 0.6921128332614899, ""fresh_utility"": -0.26741553843021393, ""reuse_profiles"": {""default"": {""feasible_both"": true, ""fold_a_harm"": -0.0031854095868766308, ""fold_a_lcb"": -0.007349088229238987, ""fold_a_query_after"": 0.4675195515155792, ""fold_a_utility"": 0.008899390697479248, ""fold_b_harm"": -0.0033605596981942654, ""fold_b_lcb"": -0.011171225104480983, ""fold_b_query_after"": 0.39112719893455505, ""fold_b_utility"": 0.002320319414138794, ""harm_lcb_max"": -0.007349088229238987, ""harm_mean"": -0.003272984642535448, ""harm_se_mean"": 0.0030546796042472124, ""harm_ucb_max"": 0.004450105708092451, ""local_trainability"": 0.005609855055809021, ""query_after"": 0.42932337522506714, ""query_before"": 0.43493323028087616, ""system_utility"": 0.005609855055809021}}, ""status"": ""ok"", ""statusquo_loss"": 0.43493323028087616}, ""utility_status"": ""ok""}"
72,B2,B,2,default,reuse,safe_existing_reuse,0.5128687620162964,1,True,147456,592130,0,67694596,592130,4737056,512,41.87535962462425,487040512,0.0,26.633697781711817,2.6929012071341276,0.4803946018218994,-0.21642836928367615,-0.0008857548236846924,-0.21554261445999146,False,,"{""best_reuse"": ""default"", ""best_reuse_utility"": -0.0008857548236846924, ""decision"": ""reuse"", ""fresh_advantage"": -0.21554261445999146, ""fresh_positive"": false, ""fresh_utility"": -0.21642836928367615, ""full_batch_guards"": {""default"": {""crossfit_feasible"": true, ""crossfit_utility"": -0.0008857548236846924, ""crossfit_utility_positive"": false, ""full_batch_cur_after"": 0.4781299829483032, ""full_batch_cur_before"": 0.4803946018218994, ""full_batch_gain"": 0.0022646188735961914, ""full_batch_harm"": -0.0015498626744374633, ""full_batch_harm_lcb"": -0.005014501651749015, ""full_batch_harm_se"": 0.0017676729476079345, ""full_batch_harm_ucb"": 0.0019147763028740882, ""full_batch_safe"": true}}, ""guarded_best_reuse"": ""default"", ""num_adapters"": 1, ""pending_after"": false, ""pending_before"": false, ""policy_version"": ""cau_v1"", ""reason"": ""safe_existing_reuse"", ""utility"": {""batch_n"": 16, ""best_reuse"": ""default"", ""best_reuse_query_after"": 0.4812803566455841, ""best_reuse_utility"": -0.0008857548236846924, ""defer_utility"": 0.0, ""fold_a_fresh_utility"": -0.11211711168289185, ""fold_a_query_n"": 8, ""fold_a_support_n"": 8, ""fold_b_fresh_utility"": -0.32073962688446045, ""fold_b_query_n"": 8, ""fold_b_support_n"": 8, ""fresh_advantage"": -0.21554261445999146, ""fresh_local_trainability"": 0.0033126473426818848, ""fresh_positive"": false, ""fresh_query_after"": 0.6968229711055756, ""fresh_query_before"": 0.7001356184482574, ""fresh_utility"": -0.21642836928367615, ""reuse_profiles"": {""default"": {""feasible_both"": true, ""fold_a_harm"": -0.0010644305730238557, ""fold_a_lcb"": -0.006626697373576462, ""fold_a_query_after"": 0.5893186330795288, ""fold_a_utility"": -0.005409896373748779, ""fold_b_harm"": -0.0011014954652637243, ""fold_b_lcb"": -0.005031221797689795, ""fold_b_query_after"": 0.3732420802116394, ""fold_b_utility"": 0.0036383867263793945, ""harm_lcb_max"": -0.005031221797689795, ""harm_mean"": -0.00108296301914379, ""harm_se_mean"": 0.002421426819637418, ""harm_ucb_max"": 0.004497836227528751, ""local_trainability"": -0.0008857548236846924, ""query_after"": 0.4812803566455841, ""query_before"": 0.4803946018218994, ""system_utility"": -0.0008857548236846924}}, ""status"": ""ok"", ""statusquo_loss"": 0.4803946018218994}, ""utility_status"": ""ok""}"
73,B2,B,2,default,reuse,safe_existing_reuse,0.6091187000274658,1,True,147456,592130,0,67694596,592130,4737056,512,42.30760265700519,487040512,0.0,27.059272911399603,2.6929012071341276,0.5905027687549591,-0.06361952424049377,0.01166313886642456,-0.07528266310691833,False,,"{""best_reuse"": ""default"", ""best_reuse_utility"": 0.01166313886642456, ""decision"": ""reuse"", ""fresh_advantage"": -0.07528266310691833, ""fresh_positive"": false, ""fresh_utility"": -0.06361952424049377, ""full_batch_guards"": {""default"": {""crossfit_feasible"": true, ""crossfit_utility"": 0.01166313886642456, ""crossfit_utility_positive"": true, ""full_batch_cur_after"": 0.57613605260849, ""full_batch_cur_before"": 0.5905028581619263, ""full_batch_gain"": 0.01436680555343628, ""full_batch_harm"": 0.0008491107728332281, ""full_batch_harm_lcb"": -0.006434512324631214, ""full_batch_harm_se"": 0.0037161342334002256, ""full_batch_harm_ucb"": 0.00813273387029767, ""full_batch_safe"": true}}, ""guarded_best_reuse"": ""default"", ""num_adapters"": 1, ""pending_after"": false, ""pending_before"": false, ""policy_version"": ""cau_v1"", ""reason"": ""safe_existing_reuse"", ""utility"": {""batch_n"": 16, ""best_reuse"": ""default"", ""best_reuse_query_after"": 0.5788396298885345, ""best_reuse_utility"": 0.01166313886642456, ""defer_utility"": 0.0, ""fold_a_fresh_utility"": 0.035221219062805176, ""fold_a_query_n"": 8, ""fold_a_support_n"": 8, ""fold_b_fresh_utility"": -0.16246026754379272, ""fold_b_query_n"": 8, ""fold_b_support_n"": 8, ""fresh_advantage"": -0.07528266310691833, ""fresh_local_trainability"": 0.03332817554473877, ""fresh_positive"": false, ""fresh_query_after"": 0.6541222929954529, ""fresh_query_before"": 0.6874504685401917, ""fresh_utility"": -0.06361952424049377, ""reuse_profiles"": {""default"": {""feasible_both"": true, ""fold_a_harm"": 0.00017174985259771347, ""fold_a_lcb"": -0.006239964598789811, ""fold_a_query_after"": 0.6681787967681885, ""fold_a_utility"": 0.013478517532348633, ""fold_b_harm"": 0.0008909581229090691, ""fold_b_lcb"": -0.0063079982623457905, ""fold_b_query_after"": 0.4895004630088806, ""fold_b_utility"": 0.009847760200500488, ""harm_lcb_max"": -0.006239964598789811, ""harm_mean"": 0.0005313539877533913, ""harm_se_mean"": 0.0034721099073067307, ""harm_ucb_max"": 0.008089914508163928, ""local_trainability"": 0.01166313886642456, ""query_after"": 0.5788396298885345, ""query_before"": 0.5905027687549591, ""system_utility"": 0.01166313886642456}}, ""status"": ""ok"", ""statusquo_loss"": 0.5905027687549591}, ""utility_status"": ""ok""}"
74,B2,B,2,default,reuse,safe_existing_reuse,0.5481879711151123,1,True,147456,592130,0,67694596,592130,4737056,512,42.79601176828146,487040512,0.0,27.53964010812342,2.6929012071341276,0.5208293199539185,-0.2117958962917328,0.007146298885345459,-0.21894219517707825,False,,"{""best_reuse"": ""default"", ""best_reuse_utility"": 0.007146298885345459, ""decision"": ""reuse"", ""fresh_advantage"": -0.21894219517707825, ""fresh_positive"": false, ""fresh_utility"": -0.2117958962917328, ""full_batch_guards"": {""default"": {""crossfit_feasible"": true, ""crossfit_utility"": 0.007146298885345459, ""crossfit_utility_positive"": true, ""full_batch_cur_after"": 0.5027925968170166, ""full_batch_cur_before"": 0.520829439163208, ""full_batch_gain"": 0.018036842346191406, ""full_batch_harm"": -0.00044943857938051224, ""full_batch_harm_lcb"": -0.011466585267335176, ""full_batch_harm_se"": 0.005620993208140135, ""full_batch_harm_ucb"": 0.010567708108574152, ""full_batch_safe"": true}}, ""guarded_best_reuse"": ""default"", ""num_adapters"": 1, ""pending_after"": false, ""pending_before"": false, ""policy_version"": ""cau_v1"", ""reason"": ""safe_existing_reuse"", ""utility"": {""batch_n"": 16, ""best_reuse"": ""default"", ""best_reuse_query_after"": 0.513683021068573, ""best_reuse_utility"": 0.007146298885345459, ""defer_utility"": 0.0, ""fold_a_fresh_utility"": -0.3145632743835449, ""fold_a_query_n"": 8, ""fold_a_support_n"": 8, ""fold_b_fresh_utility"": -0.10902851819992065, ""fold_b_query_n"": 8, ""fold_b_support_n"": 8, ""fresh_advantage"": -0.21894219517707825, ""fresh_local_trainability"": -0.04243841767311096, ""fresh_positive"": false, ""fresh_query_after"": 0.7326252162456512, ""fresh_query_before"": 0.6901867985725403, ""fresh_utility"": -0.2117958962917328, ""reuse_profiles"": {""default"": {""feasible_both"": true, ""fold_a_harm"": -0.0003095567226409912, ""fold_a_lcb"": -0.011357319802045822, ""fold_a_query_after"": 0.4214167594909668, ""fold_a_utility"": -0.0019856691360473633, ""fold_b_harm"": -0.0013680922565981746, ""fold_b_lcb"": -0.006641412242315709, ""fold_b_query_after"": 0.6059492826461792, ""fold_b_utility"": 0.01627826690673828, ""harm_lcb_max"": -0.006641412242315709, ""harm_mean"": -0.0008388244896195829, ""harm_se_mean"": 0.0041635415982455015, ""harm_ucb_max"": 0.010738206356763839, ""local_trainability"": 0.007146298885345459, ""query_after"": 0.513683021068573, ""query_before"": 0.5208293199539185, ""system_utility"": 0.007146298885345459}}, ""status"": ""ok"", ""statusquo_loss"": 0.5208293199539185}, ""utility_status"": ""ok""}"
75,B2,B,2,default,reuse,safe_existing_reuse,0.48002541065216064,1,True,147456,592130,0,67694596,592130,4737056,512,43.264735432341695,487040512,0.0,28.00163052789867,2.6929012071341276,0.462603360414505,-0.2284092903137207,-0.001927405595779419,-0.22648188471794128,False,,"{""best_reuse"": ""default"", ""best_reuse_utility"": -0.001927405595779419, ""decision"": ""reuse"", ""fresh_advantage"": -0.22648188471794128, ""fresh_positive"": false, ""fresh_utility"": -0.2284092903137207, ""full_batch_guards"": {""default"": {""crossfit_feasible"": true, ""crossfit_utility"": -0.001927405595779419, ""crossfit_utility_positive"": false, ""full_batch_cur_after"": 0.4618226885795593, ""full_batch_cur_before"": 0.4626033306121826, ""full_batch_gain"": 0.000780642032623291, ""full_batch_harm"": -0.0006165348459035158, ""full_batch_harm_lcb"": -0.008353195199742914, ""full_batch_harm_se"": 0.0039472756907343864, ""full_batch_harm_ucb"": 0.0071201255079358814, ""full_batch_safe"": true}}, ""guarded_best_reuse"": ""default"", ""num_adapters"": 1, ""pending_after"": false, ""pending_before"": false, ""policy_version"": ""cau_v1"", ""reason"": ""safe_existing_reuse"", ""utility"": {""batch_n"": 16, ""best_reuse"": ""default"", ""best_reuse_query_after"": 0.4645307660102844, ""best_reuse_utility"": -0.001927405595779419, ""defer_utility"": 0.0, ""fold_a_fresh_utility"": -0.16792184114456177, ""fold_a_query_n"": 8, ""fold_a_support_n"": 8, ""fold_b_fresh_utility"": -0.28889673948287964, ""fold_b_query_n"": 8, ""fold_b_support_n"": 8, ""fresh_advantage"": -0.22648188471794128, ""fresh_local_trainability"": 0.0011673271656036377, ""fresh_positive"": false, ""fresh_query_after"": 0.6910126507282257, ""fresh_query_before"": 0.6921799778938293, ""fresh_utility"": -0.2284092903137207, ""reuse_profiles"": {""default"": {""feasible_both"": true, ""fold_a_harm"": -7.345667108893394e-05, ""fold_a_lcb"": -0.00974715482443571, ""fold_a_query_after"": 0.5303162336349487, ""fold_a_utility"": -0.0054514408111572266, ""fold_b_harm"": -0.000594668323174119, ""fold_b_lcb"": -0.007893455410376192, ""fold_b_query_after"": 0.3987452983856201, ""fold_b_utility"": 0.0015966296195983887, ""harm_lcb_max"": -0.007893455410376192, ""harm_mean"": -0.00033406249713152647, ""harm_se_mean"": 0.004329715622588992, ""harm_ucb_max"": 0.009600241482257842, ""local_trainability"": -0.001927405595779419, ""query_after"": 0.4645307660102844, ""query_before"": 0.462603360414505, ""system_utility"": -0.001927405595779419}}, ""status"": ""ok"", ""statusquo_loss"": 0.462603360414505}, ""utility_status"": ""ok""}"
76,B2,B,2,default,reuse,safe_existing_reuse,0.5079354643821716,1,True,147456,592130,0,67694596,592130,4737056,512,43.70926772803068,487040512,0.0,28.439395051449537,2.6929012071341276,0.526523545384407,-0.1884649246931076,-0.004618749022483826,-0.18384617567062378,False,,"{""best_reuse"": ""default"", ""best_reuse_utility"": -0.004618749022483826, ""decision"": ""reuse"", ""fresh_advantage"": -0.18384617567062378, ""fresh_positive"": false, ""fresh_utility"": -0.1884649246931076, ""full_batch_guards"": {""default"": {""crossfit_feasible"": true, ""crossfit_utility"": -0.004618749022483826, ""crossfit_utility_positive"": false, ""full_batch_cur_after"": 0.5230053663253784, ""full_batch_cur_before"": 0.5265235900878906, ""full_batch_gain"": 0.003518223762512207, ""full_batch_harm"": 0.0013133775210008025, ""full_batch_harm_lcb"": -0.004729976425878703, ""full_batch_harm_se"": 0.0030833438504487276, ""full_batch_harm_ucb"": 0.007356731467880308, ""full_batch_safe"": true}}, ""guarded_best_reuse"": ""default"", ""num_adapters"": 1, ""pending_after"": false, ""pending_before"": false, ""policy_version"": ""cau_v1"", ""reason"": ""safe_existing_reuse"", ""utility"": {""batch_n"": 16, ""best_reuse"": ""default"", ""best_reuse_query_after"": 0.5311422944068909, ""best_reuse_utility"": -0.004618749022483826, ""defer_utility"": 0.0, ""fold_a_fresh_utility"": -0.22165438532829285, ""fold_a_query_n"": 8, ""fold_a_support_n"": 8, ""fold_b_fresh_utility"": -0.15527546405792236, ""fold_b_query_n"": 8, ""fold_b_support_n"": 8, ""fresh_advantage"": -0.18384617567062378, ""fresh_local_trainability"": -0.017715811729431152, ""fresh_positive"": false, ""fresh_query_after"": 0.7149884700775146, ""fresh_query_before"": 0.6972726583480835, ""fresh_utility"": -0.1884649246931076, ""reuse_profiles"": {""default"": {""feasible_both"": true, ""fold_a_harm"": 0.00369729520753026, ""fold_a_lcb"": -0.006481587551534176, ""fold_a_query_after"": 0.5031579732894897, ""fold_a_utility"": -0.013956993818283081, ""fold_b_harm"": -0.0002498277463018894, ""fold_b_lcb"": -0.003041617558337748, ""fold_b_query_after"": 0.559126615524292, ""fold_b_utility"": 0.00471949577331543, ""harm_lcb_max"": -0.003041617558337748, ""harm_mean"": 0.0017237337306141853, ""harm_se_mean"": 0.0033088450436480343, ""harm_ucb_max"": 0.013876177966594697, ""local_trainability"": -0.004618749022483826, ""query_after"": 0.5311422944068909, ""query_before"": 0.526523545384407, ""system_utility"": -0.004618749022483826}}, ""status"": ""ok"", ""statusquo_loss"": 0.526523545384407}, ""utility_status"": ""ok""}"
77,B2,B,2,default,reuse,safe_existing_reuse,0.4771217703819275,1,True,147456,592130,0,67694596,592130,4737056,512,44.17222563177347,487040512,0.0,28.89013779349625,2.6929012071341276,0.4312664270401001,-0.2550554871559143,0.007218405604362488,-0.2622738927602768,False,,"{""best_reuse"": ""default"", ""best_reuse_utility"": 0.007218405604362488, ""decision"": ""reuse"", ""fresh_advantage"": -0.2622738927602768, ""fresh_positive"": false, ""fresh_utility"": -0.2550554871559143, ""full_batch_guards"": {""default"": {""crossfit_feasible"": true, ""crossfit_utility"": 0.007218405604362488, ""crossfit_utility_positive"": true, ""full_batch_cur_after"": 0.42211973667144775, ""full_batch_cur_before"": 0.4312663674354553, ""full_batch_gain"": 0.009146630764007568, ""full_batch_harm"": -0.0003869846696034074, ""full_batch_harm_lcb"": -0.008146879528649151, ""full_batch_harm_se"": 0.0039591300301253796, ""full_batch_harm_ucb"": 0.007372910189442337, ""full_batch_safe"": true}}, ""guarded_best_reuse"": ""default"", ""num_adapters"": 1, ""pending_after"": false, ""pending_before"": false, ""policy_version"": ""cau_v1"", ""reason"": ""safe_existing_reuse"", ""utility"": {""batch_n"": 16, ""best_reuse"": ""default"", ""best_reuse_query_after"": 0.4240480214357376, ""best_reuse_utility"": 0.007218405604362488, ""defer_utility"": 0.0, ""fold_a_fresh_utility"": -0.27602121233940125, ""fold_a_query_n"": 8, ""fold_a_support_n"": 8, ""fold_b_fresh_utility"": -0.23408976197242737, ""fold_b_query_n"": 8, ""fold_b_support_n"": 8, ""fresh_advantage"": -0.2622738927602768, ""fresh_local_trainability"": 0.0064942240715026855, ""fresh_positive"": false, ""fresh_query_after"": 0.6863219141960144, ""fresh_query_before"": 0.6928161382675171, ""fresh_utility"": -0.2550554871559143, ""reuse_profiles"": {""default"": {""feasible_both"": true, ""fold_a_harm"": -0.00019320123828947544, ""fold_a_lcb"": -0.007567897718399763, ""fold_a_query_after"": 0.41112563014030457, ""fold_a_utility"": 0.005652129650115967, ""fold_b_harm"": -0.0008655950659886003, ""fold_b_lcb"": -0.007061773133464158, ""fold_b_query_after"": 0.43697041273117065, ""fold_b_utility"": 0.008784681558609009, ""harm_lcb_max"": -0.007061773133464158, ""harm_mean"": -0.0005293981521390378, ""harm_se_mean"": 0.003461957792751491, ""harm_ucb_max"": 0.007181495241820812, ""local_trainability"": 0.007218405604362488, ""query_after"": 0.4240480214357376, ""query_before"": 0.4312664270401001, ""system_utility"": 0.007218405604362488}}, ""status"": ""ok"", ""statusquo_loss"": 0.4312664270401001}, ""utility_status"": ""ok""}"
78,B2,B,2,default,reuse,safe_existing_reuse,0.5672838687896729,1,True,147456,592130,0,67694596,592130,4737056,512,44.60642381198704,487040512,0.0,29.31730554997921,2.6929012071341276,0.5460518896579742,-0.10302308201789856,-0.00848323106765747,-0.09453985095024109,False,,"{""best_reuse"": ""default"", ""best_reuse_utility"": -0.00848323106765747, ""decision"": ""reuse"", ""fresh_advantage"": -0.09453985095024109, ""fresh_positive"": false, ""fresh_utility"": -0.10302308201789856, ""full_batch_guards"": {""default"": {""crossfit_feasible"": true, ""crossfit_utility"": -0.00848323106765747, ""crossfit_utility_positive"": false, ""full_batch_cur_after"": 0.5514473915100098, ""full_batch_cur_before"": 0.5460519194602966, ""full_batch_gain"": -0.005395472049713135, ""full_batch_harm"": -0.0011355237802490592, ""full_batch_harm_lcb"": -0.004131683595478535, ""full_batch_harm_se"": 0.001528652966953814, ""full_batch_harm_ucb"": 0.0018606360349804163, ""full_batch_safe"": true}}, ""guarded_best_reuse"": ""default"", ""num_adapters"": 1, ""pending_after"": false, ""pending_before"": false, ""policy_version"": ""cau_v1"", ""reason"": ""safe_existing_reuse"", ""utility"": {""batch_n"": 16, ""best_reuse"": ""default"", ""best_reuse_query_after"": 0.5545351207256317, ""best_reuse_utility"": -0.00848323106765747, ""defer_utility"": 0.0, ""fold_a_fresh_utility"": -0.19079440832138062, ""fold_a_query_n"": 8, ""fold_a_support_n"": 8, ""fold_b_fresh_utility"": -0.015251755714416504, ""fold_b_query_n"": 8, ""fold_b_support_n"": 8, ""fresh_advantage"": -0.09453985095024109, ""fresh_local_trainability"": 0.05517935752868652, ""fresh_positive"": false, ""fresh_query_after"": 0.6490749716758728, ""fresh_query_before"": 0.7042543292045593, ""fresh_utility"": -0.10302308201789856, ""reuse_profiles"": {""default"": {""feasible_both"": true, ""fold_a_harm"": -0.0011261196341365576, ""fold_a_lcb"": -0.0038488687761127948, ""fold_a_query_after"": 0.4821973443031311, ""fold_a_utility"": -0.0011811256408691406, ""fold_b_harm"": -0.0011750789126381278, ""fold_b_lcb"": -0.00528724133502692, ""fold_b_query_after"": 0.6268728971481323, ""fold_b_utility"": -0.0157853364944458, ""harm_lcb_max"": -0.0038488687761127948, ""harm_mean"": -0.0011505992733873427, ""harm_se_mean"": 0.00174359988886863, ""harm_ucb_max"": 0.0029370835097506645, ""local_trainability"": -0.00848323106765747, ""query_after"": 0.5545351207256317, ""query_before"": 0.5460518896579742, ""system_utility"": -0.00848323106765747}}, ""status"": ""ok"", ""statusquo_loss"": 0.5460518896579742}, ""utility_status"": ""ok""}"
79,B2,B,2,default,reuse,safe_existing_reuse,0.5232504606246948,1,True,147456,592130,0,67694596,592130,4737056,512,45.09176331013441,487040512,0.0,29.795762529596686,2.6929012071341276,0.4838572293519974,-0.2820894867181778,-0.009405344724655151,-0.27268414199352264,False,,"{""best_reuse"": ""default"", ""best_reuse_utility"": -0.009405344724655151, ""decision"": ""reuse"", ""fresh_advantage"": -0.27268414199352264, ""fresh_positive"": false, ""fresh_utility"": -0.2820894867181778, ""full_batch_guards"": {""default"": {""crossfit_feasible"": true, ""crossfit_utility"": -0.009405344724655151, ""crossfit_utility_positive"": false, ""full_batch_cur_after"": 0.48042723536491394, ""full_batch_cur_before"": 0.4838571846485138, ""full_batch_gain"": 0.0034299492835998535, ""full_batch_harm"": -0.000844840775243938, ""full_batch_harm_lcb"": -0.002388248024508357, ""full_batch_harm_se"": 0.0007874526781961322, ""full_batch_harm_ucb"": 0.0006985664740204811, ""full_batch_safe"": true}}, ""guarded_best_reuse"": ""default"", ""num_adapters"": 1, ""pending_after"": false, ""pending_before"": false, ""policy_version"": ""cau_v1"", ""reason"": ""safe_existing_reuse"", ""utility"": {""batch_n"": 16, ""best_reuse"": ""default"", ""best_reuse_query_after"": 0.4932625740766525, ""best_reuse_utility"": -0.009405344724655151, ""defer_utility"": 0.0, ""fold_a_fresh_utility"": -0.07725650072097778, ""fold_a_query_n"": 8, ""fold_a_support_n"": 8, ""fold_b_fresh_utility"": -0.4869224727153778, ""fold_b_query_n"": 8, ""fold_b_support_n"": 8, ""fresh_advantage"": -0.27268414199352264, ""fresh_local_trainability"": -0.07638254761695862, ""fresh_positive"": false, ""fresh_query_after"": 0.7659467160701752, ""fresh_query_before"": 0.6895641684532166, ""fresh_utility"": -0.2820894867181778, ""reuse_profiles"": {""default"": {""feasible_both"": true, ""fold_a_harm"": 0.005743871442973614, ""fold_a_lcb"": -0.0007118687313050027, ""fold_a_query_after"": 0.7096239328384399, ""fold_a_utility"": -0.020087599754333496, ""fold_b_harm"": -0.0029813339933753014, ""fold_b_lcb"": -0.004221603143960237, ""fold_b_query_after"": 0.2769012153148651, ""fold_b_utility"": 0.0012769103050231934, ""harm_lcb_max"": -0.0007118687313050027, ""harm_mean"": 0.0013812687247991562, ""harm_se_mean"": 0.0019632676849141717, ""harm_ucb_max"": 0.012199611617252231, ""local_trainability"": -0.009405344724655151, ""query_after"": 0.4932625740766525, ""query_before"": 0.4838572293519974, ""system_utility"": -0.009405344724655151}}, ""status"": ""ok"", ""statusquo_loss"": 0.4838572293519974}, ""utility_status"": ""ok""}"
80,B2,B,2,default,reuse,safe_existing_reuse,0.5561519265174866,1,True,147456,592130,0,67694596,592130,4737056,512,45.54711565002799,487040512,0.0,30.24421807192266,2.6929012071341276,0.5613584518432617,-0.13208776712417603,0.0016009807586669922,-0.13368874788284302,False,,"{""best_reuse"": ""default"", ""best_reuse_utility"": 0.0016009807586669922, ""decision"": ""reuse"", ""fresh_advantage"": -0.13368874788284302, ""fresh_positive"": false, ""fresh_utility"": -0.13208776712417603, ""full_batch_guards"": {""default"": {""crossfit_feasible"": true, ""crossfit_utility"": 0.0016009807586669922, ""crossfit_utility_positive"": true, ""full_batch_cur_after"": 0.5572247505187988, ""full_batch_cur_before"": 0.5613583326339722, ""full_batch_gain"": 0.00413358211517334, ""full_batch_harm"": -0.004849068820476532, ""full_batch_harm_lcb"": -0.0072270784899592395, ""full_batch_harm_se"": 0.0012132702395319939, ""full_batch_harm_ucb"": -0.002471059150993824, ""full_batch_safe"": true}}, ""guarded_best_reuse"": ""default"", ""num_adapters"": 1, ""pending_after"": false, ""pending_before"": false, ""policy_version"": ""cau_v1"", ""reason"": ""safe_existing_reuse"", ""utility"": {""batch_n"": 16, ""best_reuse"": ""default"", ""best_reuse_query_after"": 0.5597574710845947, ""best_reuse_utility"": 0.0016009807586669922, ""defer_utility"": 0.0, ""fold_a_fresh_utility"": -0.08376997709274292, ""fold_a_query_n"": 8, ""fold_a_support_n"": 8, ""fold_b_fresh_utility"": -0.18040555715560913, ""fold_b_query_n"": 8, ""fold_b_support_n"": 8, ""fresh_advantage"": -0.13368874788284302, ""fresh_local_trainability"": -0.00282326340675354, ""fresh_positive"": false, ""fresh_query_after"": 0.6934462189674377, ""fresh_query_before"": 0.6906229555606842, ""fresh_utility"": -0.13208776712417603, ""reuse_profiles"": {""default"": {""feasible_both"": true, ""fold_a_harm"": -0.0030044647864997387, ""fold_a_lcb"": -0.0040344706550240516, ""fold_a_query_after"": 0.6060131788253784, ""fold_a_utility"": 0.0008742213249206543, ""fold_b_harm"": -0.005036120302975178, ""fold_b_lcb"": -0.0077771621569991106, ""fold_b_query_after"": 0.513501763343811, ""fold_b_utility"": 0.00232774019241333, ""harm_lcb_max"": -0.0040344706550240516, ""harm_mean"": -0.004020292544737458, ""harm_se_mean"": 0.000962001970037818, ""harm_ucb_max"": -0.001974458917975426, ""local_trainability"": 0.0016009807586669922, ""query_after"": 0.5597574710845947, ""query_before"": 0.5613584518432617, ""system_utility"": 0.0016009807586669922}}, ""status"": ""ok"", ""statusquo_loss"": 0.5613584518432617}, ""utility_status"": ""ok""}"
