step,segment,concept,occurrence,adapter,decision,reason,loss,num_adapters,train_executed,lora_parameters,private_head_parameters,unwrapped_shared_head_parameters,total_unique_parameters,currently_trainable_parameters,optimizer_state_bytes,replay_items,elapsed_seconds,gpu_peak_allocated_bytes,component_audit_seconds,live_training_seconds,evaluation_seconds,memory_budget,allocated_memory_slots,statusquo_loss,fresh_utility,best_reuse_utility,fresh_advantage,fresh_positive,fresh_feasible_both,info
1,A1,A,1,default,warmup,existing_warmup,4.455996513366699,1,True,294912,59213,0,109895578,354125,2833200,16,3.6039581389632076,704988672,0.0,0.39780577807687223,0.0,512,512,,,,,,,"{""best_reuse"": null, ""best_reuse_utility"": null, ""decision"": ""warmup"", ""fresh_positive"": null, ""fresh_utility"": null, ""full_batch_guards"": {}, ""guarded_best_reuse"": null, ""num_adapters"": 1, ""pending_after"": false, ""pending_before"": false, ""policy_version"": ""cau_v1"", ""reason"": ""existing_warmup"", ""utility_status"": ""warmup""}"
2,A1,A,1,default,warmup,existing_warmup,4.070351600646973,1,True,294912,59213,0,109895578,354125,2833200,32,3.6462468879763037,704988672,0.0,0.43521750206127763,0.0,512,512,,,,,,,"{""best_reuse"": null, ""best_reuse_utility"": null, ""decision"": ""warmup"", ""fresh_positive"": null, ""fresh_utility"": null, ""full_batch_guards"": {}, ""guarded_best_reuse"": null, ""num_adapters"": 1, ""pending_after"": false, ""pending_before"": false, ""policy_version"": ""cau_v1"", ""reason"": ""existing_warmup"", ""utility_status"": ""warmup""}"
3,A1,A,1,default,warmup,existing_warmup,4.24189567565918,1,True,294912,59213,0,109895578,354125,2833200,48,3.6919798930175602,704988672,0.0,0.47734436695463955,0.0,512,512,,,,,,,"{""best_reuse"": null, ""best_reuse_utility"": null, ""decision"": ""warmup"", ""fresh_positive"": null, ""fresh_utility"": null, ""full_batch_guards"": {}, ""guarded_best_reuse"": null, ""num_adapters"": 1, ""pending_after"": false, ""pending_before"": false, ""policy_version"": ""cau_v1"", ""reason"": ""existing_warmup"", ""utility_status"": ""warmup""}"
4,A1,A,1,default,warmup,existing_warmup,4.1600494384765625,1,True,294912,59213,0,109895578,354125,2833200,64,3.743873796891421,704988672,0.0,0.525832116836682,0.0,512,512,,,,,,,"{""best_reuse"": null, ""best_reuse_utility"": null, ""decision"": ""warmup"", ""fresh_positive"": null, ""fresh_utility"": null, ""full_batch_guards"": {}, ""guarded_best_reuse"": null, ""num_adapters"": 1, ""pending_after"": false, ""pending_before"": false, ""policy_version"": ""cau_v1"", ""reason"": ""existing_warmup"", ""utility_status"": ""warmup""}"
5,A1,A,1,default,reuse,safe_existing_reuse,4.10093879699707,1,True,294912,59213,0,109895578,354125,2833200,80,4.477532680844888,728825344,0.0,1.2558705199044198,0.0,512,512,4.115786075592041,-0.29540395736694336,0.10881972312927246,-0.4042236804962158,False,,"{""best_reuse"": ""default"", ""best_reuse_utility"": 0.10881972312927246, ""decision"": ""reuse"", ""fresh_advantage"": -0.4042236804962158, ""fresh_positive"": false, ""fresh_utility"": -0.29540395736694336, ""full_batch_guards"": {""default"": {""crossfit_feasible"": true, ""crossfit_utility"": 0.10881972312927246, ""crossfit_utility_positive"": true, ""full_batch_cur_after"": 4.002707481384277, ""full_batch_cur_before"": 4.115786075592041, ""full_batch_gain"": 0.11307859420776367, ""full_batch_harm"": -0.10663746297359467, ""full_batch_harm_lcb"": -0.10987384737469257, ""full_batch_harm_se"": 0.0016512165311723948, ""full_batch_harm_ucb"": -0.10340107857249677, ""full_batch_safe"": true}}, ""guarded_best_reuse"": ""default"", ""num_adapters"": 1, ""pending_after"": false, ""pending_before"": false, ""policy_version"": ""cau_v1"", ""reason"": ""safe_existing_reuse"", ""utility"": {""batch_n"": 16, ""best_reuse"": ""default"", ""best_reuse_query_after"": 4.0069663524627686, ""best_reuse_utility"": 0.10881972312927246, ""budget_blocked_fresh"": false, ""defer_utility"": 0.0, ""fold_a_fresh_utility"": -0.30362462997436523, ""fold_a_query_n"": 8, ""fold_a_support_n"": 8, ""fold_b_fresh_utility"": -0.2871832847595215, ""fold_b_query_n"": 8, ""fold_b_support_n"": 8, ""fresh_advantage"": -0.4042236804962158, ""fresh_local_trainability"": 0.09482836723327637, ""fresh_positive"": false, ""fresh_query_after"": 4.411190032958984, ""fresh_query_before"": 4.506018400192261, ""fresh_utility"": -0.29540395736694336, ""max_adapters"": 8, ""reuse_profiles"": {""default"": {""feasible_both"": true, ""fold_a_harm"": -0.10320361703634262, ""fold_a_lcb"": -0.10668328423984348, ""fold_a_query_after"": 3.8837552070617676, ""fold_a_utility"": 0.10047674179077148, ""fold_b_harm"": -0.10672137141227722, ""fold_b_lcb"": -0.10991095161531121, ""fold_b_query_after"": 4.1301774978637695, ""fold_b_utility"": 0.11716270446777344, ""harm_lcb_max"": -0.10668328423984348, ""harm_mean"": -0.10496249422430992, ""harm_se_mean"": 0.0017013386241160333, ""harm_ucb_max"": -0.09972394983284176, ""local_trainability"": 0.10881972312927246, ""query_after"": 4.0069663524627686, ""query_before"": 4.115786075592041, ""system_utility"": 0.10881972312927246}}, ""status"": ""ok"", ""statusquo_loss"": 4.115786075592041, ""total_memory_budget"": 512}, ""utility_status"": ""ok""}"
6,A1,A,1,default,reuse,safe_existing_reuse,3.982480049133301,1,True,294912,59213,0,109895578,354125,2833200,96,5.264441506937146,728825344,0.0,2.0389445000328124,0.0,512,512,3.9151253700256348,-0.44202661514282227,0.08735942840576172,-0.529386043548584,False,,"{""best_reuse"": ""default"", ""best_reuse_utility"": 0.08735942840576172, ""decision"": ""reuse"", ""fresh_advantage"": -0.529386043548584, ""fresh_positive"": false, ""fresh_utility"": -0.44202661514282227, ""full_batch_guards"": {""default"": {""crossfit_feasible"": true, ""crossfit_utility"": 0.08735942840576172, ""crossfit_utility_positive"": true, ""full_batch_cur_after"": 3.813868761062622, ""full_batch_cur_before"": 3.915125608444214, ""full_batch_gain"": 0.1012568473815918, ""full_batch_harm"": -0.10769225656986237, ""full_batch_harm_lcb"": -0.11050846237223595, ""full_batch_harm_se"": 0.0014368396950885653, ""full_batch_harm_ucb"": -0.10487605076748878, ""full_batch_safe"": true}}, ""guarded_best_reuse"": ""default"", ""num_adapters"": 1, ""pending_after"": false, ""pending_before"": false, ""policy_version"": ""cau_v1"", ""reason"": ""safe_existing_reuse"", ""utility"": {""batch_n"": 16, ""best_reuse"": ""default"", ""best_reuse_query_after"": 3.827765941619873, ""best_reuse_utility"": 0.08735942840576172, ""budget_blocked_fresh"": false, ""defer_utility"": 0.0, ""fold_a_fresh_utility"": -0.4433412551879883, ""fold_a_query_n"": 8, ""fold_a_support_n"": 8, ""fold_b_fresh_utility"": -0.44071197509765625, ""fold_b_query_n"": 8, ""fold_b_support_n"": 8, ""fresh_advantage"": -0.529386043548584, ""fresh_local_trainability"": 0.020268678665161133, ""fresh_positive"": false, ""fresh_query_after"": 4.357151985168457, ""fresh_query_before"": 4.377420663833618, ""fresh_utility"": -0.44202661514282227, ""max_adapters"": 8, ""reuse_profiles"": {""default"": {""feasible_both"": true, ""fold_a_harm"": -0.10351467877626419, ""fold_a_lcb"": -0.10747402027249336, ""fold_a_query_after"": 3.71425724029541, ""fold_a_utility"": 0.08510017395019531, ""fold_b_harm"": -0.10256212949752808, ""fold_b_lcb"": -0.1053310859343037, ""fold_b_query_after"": 3.941274642944336, ""fold_b_utility"": 0.08961868286132812, ""harm_lcb_max"": -0.1053310859343037, ""harm_mean"": -0.10303840413689613, ""harm_se_mean"": 0.001716402533929795, ""harm_ucb_max"": -0.09955533728003502, ""local_trainability"": 0.08735942840576172, ""query_after"": 3.827765941619873, ""query_before"": 3.9151253700256348, ""system_utility"": 0.08735942840576172}}, ""status"": ""ok"", ""statusquo_loss"": 3.9151253700256348, ""total_memory_budget"": 512}, ""utility_status"": ""ok""}"
7,A1,A,1,default,reuse,safe_existing_reuse,3.811129570007324,1,True,294912,59213,0,109895578,354125,2833200,112,5.979316551005468,728825344,0.0,2.7499432070180774,0.0,512,512,3.825202465057373,-0.6257896423339844,0.10054898262023926,-0.7263386249542236,False,,"{""best_reuse"": ""default"", ""best_reuse_utility"": 0.10054898262023926, ""decision"": ""reuse"", ""fresh_advantage"": -0.7263386249542236, ""fresh_positive"": false, ""fresh_utility"": -0.6257896423339844, ""full_batch_guards"": {""default"": {""crossfit_feasible"": true, ""crossfit_utility"": 0.10054898262023926, ""crossfit_utility_positive"": true, ""full_batch_cur_after"": 3.713475227355957, ""full_batch_cur_before"": 3.825202703475952, ""full_batch_gain"": 0.11172747611999512, ""full_batch_harm"": -0.10536348819732666, ""full_batch_harm_lcb"": -0.10879078421276063, ""full_batch_harm_se"": 0.0017486204160377383, ""full_batch_harm_ucb"": -0.10193619218189269, ""full_batch_safe"": true}}, ""guarded_best_reuse"": ""default"", ""num_adapters"": 1, ""pending_after"": false, ""pending_before"": false, ""policy_version"": ""cau_v1"", ""reason"": ""safe_existing_reuse"", ""utility"": {""batch_n"": 16, ""best_reuse"": ""default"", ""best_reuse_query_after"": 3.724653482437134, ""best_reuse_utility"": 0.10054898262023926, ""budget_blocked_fresh"": false, ""defer_utility"": 0.0, ""fold_a_fresh_utility"": -0.6304185390472412, ""fold_a_query_n"": 8, ""fold_a_support_n"": 8, ""fold_b_fresh_utility"": -0.6211607456207275, ""fold_b_query_n"": 8, ""fold_b_support_n"": 8, ""fresh_advantage"": -0.7263386249542236, ""fresh_local_trainability"": 0.047499895095825195, ""fresh_positive"": false, ""fresh_query_after"": 4.450992107391357, ""fresh_query_before"": 4.498492002487183, ""fresh_utility"": -0.6257896423339844, ""max_adapters"": 8, ""reuse_profiles"": {""default"": {""feasible_both"": true, ""fold_a_harm"": -0.10268756747245789, ""fold_a_lcb"": -0.10651386114768684, ""fold_a_query_after"": 3.7557129859924316, ""fold_a_utility"": 0.09940409660339355, ""fold_b_harm"": -0.10164203494787216, ""fold_b_lcb"": -0.10473163796123117, ""fold_b_query_after"": 3.693593978881836, ""fold_b_utility"": 0.10169386863708496, ""harm_lcb_max"": -0.10473163796123117, ""harm_mean"": -0.10216480121016502, ""harm_se_mean"": 0.0017642593593336642, ""harm_ucb_max"": -0.09855243193451316, ""local_trainability"": 0.10054898262023926, ""query_after"": 3.724653482437134, ""query_before"": 3.825202465057373, ""system_utility"": 0.10054898262023926}}, ""status"": ""ok"", ""statusquo_loss"": 3.825202465057373, ""total_memory_budget"": 512}, ""utility_status"": ""ok""}"
8,A1,A,1,default,reuse,safe_existing_reuse,3.659975290298462,1,True,294912,59213,0,109895578,354125,2833200,128,6.700283823069185,728825344,0.0,3.46699336101301,0.0,512,512,3.6226123571395874,-0.5813318490982056,0.09906911849975586,-0.6804009675979614,False,,"{""best_reuse"": ""default"", ""best_reuse_utility"": 0.09906911849975586, ""decision"": ""reuse"", ""fresh_advantage"": -0.6804009675979614, ""fresh_positive"": false, ""fresh_utility"": -0.5813318490982056, ""full_batch_guards"": {""default"": {""crossfit_feasible"": true, ""crossfit_utility"": 0.09906911849975586, ""crossfit_utility_positive"": true, ""full_batch_cur_after"": 3.517819881439209, ""full_batch_cur_before"": 3.622612237930298, ""full_batch_gain"": 0.10479235649108887, ""full_batch_harm"": -0.10055102407932281, ""full_batch_harm_lcb"": -0.10354006052948535, ""full_batch_harm_se"": 0.001525018597021699, ""full_batch_harm_ucb"": -0.09756198762916028, ""full_batch_safe"": true}}, ""guarded_best_reuse"": ""default"", ""num_adapters"": 1, ""pending_after"": false, ""pending_before"": false, ""policy_version"": ""cau_v1"", ""reason"": ""safe_existing_reuse"", ""utility"": {""batch_n"": 16, ""best_reuse"": ""default"", ""best_reuse_query_after"": 3.5235432386398315, ""best_reuse_utility"": 0.09906911849975586, ""budget_blocked_fresh"": false, ""defer_utility"": 0.0, ""fold_a_fresh_utility"": -0.5682435035705566, ""fold_a_query_n"": 8, ""fold_a_support_n"": 8, ""fold_b_fresh_utility"": -0.5944201946258545, ""fold_b_query_n"": 8, ""fold_b_support_n"": 8, ""fresh_advantage"": -0.6804009675979614, ""fresh_local_trainability"": 0.08500909805297852, ""fresh_positive"": false, ""fresh_query_after"": 4.203944206237793, ""fresh_query_before"": 4.2889533042907715, ""fresh_utility"": -0.5813318490982056, ""max_adapters"": 8, ""reuse_profiles"": {""default"": {""feasible_both"": true, ""fold_a_harm"": -0.10003465414047241, ""fold_a_lcb"": -0.10280472246930003, ""fold_a_query_after"": 3.4500789642333984, ""fold_a_utility"": 0.10420656204223633, ""fold_b_harm"": -0.0978703647851944, ""fold_b_lcb"": -0.10158784842584283, ""fold_b_query_after"": 3.5970075130462646, ""fold_b_utility"": 0.09393167495727539, ""harm_lcb_max"": -0.10158784842584283, ""harm_mean"": -0.0989525094628334, ""harm_se_mean"": 0.0016549877473153174, ""harm_ucb_max"": -0.09415288114454597, ""local_trainability"": 0.09906911849975586, ""query_after"": 3.5235432386398315, ""query_before"": 3.6226123571395874, ""system_utility"": 0.09906911849975586}}, ""status"": ""ok"", ""statusquo_loss"": 3.6226123571395874, ""total_memory_budget"": 512}, ""utility_status"": ""ok""}"
9,A1,A,1,default,reuse,safe_existing_reuse,3.589778423309326,1,True,294912,59213,0,109895578,354125,2833200,144,7.428415033966303,847532032,0.0,4.191122181015089,0.0,512,512,3.5877625942230225,-0.7526242733001709,0.0923529863357544,-0.8449772596359253,False,,"{""best_reuse"": ""default"", ""best_reuse_utility"": 0.0923529863357544, ""decision"": ""reuse"", ""fresh_advantage"": -0.8449772596359253, ""fresh_positive"": false, ""fresh_utility"": -0.7526242733001709, ""full_batch_guards"": {""default"": {""crossfit_feasible"": true, ""crossfit_utility"": 0.0923529863357544, ""crossfit_utility_positive"": true, ""full_batch_cur_after"": 3.4842748641967773, ""full_batch_cur_before"": 3.5877628326416016, ""full_batch_gain"": 0.10348796844482422, ""full_batch_harm"": -0.10271613299846649, ""full_batch_harm_lcb"": -0.10579101810231804, ""full_batch_harm_se"": 0.0015688189305365086, ""full_batch_harm_ucb"": -0.09964124789461494, ""full_batch_safe"": true}}, ""guarded_best_reuse"": ""default"", ""num_adapters"": 1, ""pending_after"": false, ""pending_before"": false, ""policy_version"": ""cau_v1"", ""reason"": ""safe_existing_reuse"", ""utility"": {""batch_n"": 16, ""best_reuse"": ""default"", ""best_reuse_query_after"": 3.495409607887268, ""best_reuse_utility"": 0.0923529863357544, ""budget_blocked_fresh"": false, ""defer_utility"": 0.0, ""fold_a_fresh_utility"": -0.7535290718078613, ""fold_a_query_n"": 8, ""fold_a_support_n"": 8, ""fold_b_fresh_utility"": -0.7517194747924805, ""fold_b_query_n"": 8, ""fold_b_support_n"": 8, ""fresh_advantage"": -0.8449772596359253, ""fresh_local_trainability"": 0.038402557373046875, ""fresh_positive"": false, ""fresh_query_after"": 4.340386867523193, ""fresh_query_before"": 4.37878942489624, ""fresh_utility"": -0.7526242733001709, ""max_adapters"": 8, ""reuse_profiles"": {""default"": {""feasible_both"": true, ""fold_a_harm"": -0.09735232591629028, ""fold_a_lcb"": -0.10042768151499332, ""fold_a_query_after"": 3.332268476486206, ""fold_a_utility"": 0.09449267387390137, ""fold_b_harm"": -0.10081273317337036, ""fold_b_lcb"": -0.10461078004445881, ""fold_b_query_after"": 3.65855073928833, ""fold_b_utility"": 0.09021329879760742, ""harm_lcb_max"": -0.10042768151499332, ""harm_mean"": -0.09908252954483032, ""harm_se_mean"": 0.0017534189973957837, ""harm_ucb_max"": -0.09427697031758725, ""local_trainability"": 0.0923529863357544, ""query_after"": 3.495409607887268, ""query_before"": 3.5877625942230225, ""system_utility"": 0.0923529863357544}}, ""status"": ""ok"", ""statusquo_loss"": 3.5877625942230225, ""total_memory_budget"": 512}, ""utility_status"": ""ok""}"
10,A1,A,1,default,reuse,safe_existing_reuse,3.4749014377593994,1,True,294912,59213,0,109895578,354125,2833200,160,8.142111005960032,847532032,0.0,4.900725438958034,0.0,512,512,3.473175525665283,-0.7376418113708496,0.09536576271057129,-0.8330075740814209,False,,"{""best_reuse"": ""default"", ""best_reuse_utility"": 0.09536576271057129, ""decision"": ""reuse"", ""fresh_advantage"": -0.8330075740814209, ""fresh_positive"": false, ""fresh_utility"": -0.7376418113708496, ""full_batch_guards"": {""default"": {""crossfit_feasible"": true, ""crossfit_utility"": 0.09536576271057129, ""crossfit_utility_positive"": true, ""full_batch_cur_after"": 3.3712408542633057, ""full_batch_cur_before"": 3.473175525665283, ""full_batch_gain"": 0.10193467140197754, ""full_batch_harm"": -0.10219345986843109, ""full_batch_harm_lcb"": -0.10581232235766948, ""full_batch_harm_se"": 0.0018463584128767252, ""full_batch_harm_ucb"": -0.0985745973791927, ""full_batch_safe"": true}}, ""guarded_best_reuse"": ""default"", ""num_adapters"": 1, ""pending_after"": false, ""pending_before"": false, ""policy_version"": ""cau_v1"", ""reason"": ""safe_existing_reuse"", ""utility"": {""batch_n"": 16, ""best_reuse"": ""default"", ""best_reuse_query_after"": 3.377809762954712, ""best_reuse_utility"": 0.09536576271057129, ""budget_blocked_fresh"": false, ""defer_utility"": 0.0, ""fold_a_fresh_utility"": -0.7336568832397461, ""fold_a_query_n"": 8, ""fold_a_support_n"": 8, ""fold_b_fresh_utility"": -0.7416267395019531, ""fold_b_query_n"": 8, ""fold_b_support_n"": 8, ""fresh_advantage"": -0.8330075740814209, ""fresh_local_trainability"": 0.07262063026428223, ""fresh_positive"": false, ""fresh_query_after"": 4.210817337036133, ""fresh_query_before"": 4.283437967300415, ""fresh_utility"": -0.7376418113708496, ""max_adapters"": 8, ""reuse_profiles"": {""default"": {""feasible_both"": true, ""fold_a_harm"": -0.10210853070020676, ""fold_a_lcb"": -0.1065836253669113, ""fold_a_query_after"": 3.383841037750244, ""fold_a_utility"": 0.09282445907592773, ""fold_b_harm"": -0.09872741997241974, ""fold_b_lcb"": -0.101559775932692, ""fold_b_query_after"": 3.3717784881591797, ""fold_b_utility"": 0.09790706634521484, ""harm_lcb_max"": -0.101559775932692, ""harm_mean"": -0.10041797533631325, ""harm_se_mean"": 0.0018641455681063235, ""harm_ucb_max"": -0.09589506401214748, ""local_trainability"": 0.09536576271057129, ""query_after"": 3.377809762954712, ""query_before"": 3.473175525665283, ""system_utility"": 0.09536576271057129}}, ""status"": ""ok"", ""statusquo_loss"": 3.473175525665283, ""total_memory_budget"": 512}, ""utility_status"": ""ok""}"
11,A1,A,1,default,reuse,safe_existing_reuse,3.3911147117614746,1,True,294912,59213,0,109895578,354125,2833200,176,8.892136961920187,847532032,0.0,5.646656731143594,0.0,512,512,3.311616897583008,-0.8870429992675781,0.09748256206512451,-0.9845255613327026,False,,"{""best_reuse"": ""default"", ""best_reuse_utility"": 0.09748256206512451, ""decision"": ""reuse"", ""fresh_advantage"": -0.9845255613327026, ""fresh_positive"": false, ""fresh_utility"": -0.8870429992675781, ""full_batch_guards"": {""default"": {""crossfit_feasible"": true, ""crossfit_utility"": 0.09748256206512451, ""crossfit_utility_positive"": true, ""full_batch_cur_after"": 3.208160161972046, ""full_batch_cur_before"": 3.311616897583008, ""full_batch_gain"": 0.10345673561096191, ""full_batch_harm"": -0.1003013327717781, ""full_batch_harm_lcb"": -0.10451701273210347, ""full_batch_harm_se"": 0.0021508571226149797, ""full_batch_harm_ucb"": -0.09608565281145275, ""full_batch_safe"": true}}, ""guarded_best_reuse"": ""default"", ""num_adapters"": 1, ""pending_after"": false, ""pending_before"": false, ""policy_version"": ""cau_v1"", ""reason"": ""safe_existing_reuse"", ""utility"": {""batch_n"": 16, ""best_reuse"": ""default"", ""best_reuse_query_after"": 3.2141343355178833, ""best_reuse_utility"": 0.09748256206512451, ""budget_blocked_fresh"": false, ""defer_utility"": 0.0, ""fold_a_fresh_utility"": -0.9126245975494385, ""fold_a_query_n"": 8, ""fold_a_support_n"": 8, ""fold_b_fresh_utility"": -0.8614614009857178, ""fold_b_query_n"": 8, ""fold_b_support_n"": 8, ""fresh_advantage"": -0.9845255613327026, ""fresh_local_trainability"": 0.07675719261169434, ""fresh_positive"": false, ""fresh_query_after"": 4.198659896850586, ""fresh_query_before"": 4.27541708946228, ""fresh_utility"": -0.8870429992675781, ""max_adapters"": 8, ""reuse_profiles"": {""default"": {""feasible_both"": true, ""fold_a_harm"": -0.09739595651626587, ""fold_a_lcb"": -0.10129851781763137, ""fold_a_query_after"": 3.1856141090393066, ""fold_a_utility"": 0.10016083717346191, ""fold_b_harm"": -0.09880446642637253, ""fold_b_lcb"": -0.10347165670245886, ""fold_b_query_after"": 3.24265456199646, ""fold_b_utility"": 0.09480428695678711, ""harm_lcb_max"": -0.10129851781763137, ""harm_mean"": -0.0981002114713192, ""harm_se_mean"": 0.002186161116696894, ""harm_ucb_max"": -0.09349339521490037, ""local_trainability"": 0.09748256206512451, ""query_after"": 3.2141343355178833, ""query_before"": 3.311616897583008, ""system_utility"": 0.09748256206512451}}, ""status"": ""ok"", ""statusquo_loss"": 3.311616897583008, ""total_memory_budget"": 512}, ""utility_status"": ""ok""}"
12,A1,A,1,default,reuse,safe_existing_reuse,3.279221773147583,1,True,294912,59213,0,109895578,354125,2833200,192,9.626824813894928,847532032,0.0,6.377065325155854,0.0,512,512,3.267564058303833,-0.9954476356506348,0.08852064609527588,-1.0839682817459106,False,,"{""best_reuse"": ""default"", ""best_reuse_utility"": 0.08852064609527588, ""decision"": ""reuse"", ""fresh_advantage"": -1.0839682817459106, ""fresh_positive"": false, ""fresh_utility"": -0.9954476356506348, ""full_batch_guards"": {""default"": {""crossfit_feasible"": true, ""crossfit_utility"": 0.08852064609527588, ""crossfit_utility_positive"": true, ""full_batch_cur_after"": 3.1718480587005615, ""full_batch_cur_before"": 3.267564296722412, ""full_batch_gain"": 0.09571623802185059, ""full_batch_harm"": -0.09804481267929077, ""full_batch_harm_lcb"": -0.10232105139642954, ""full_batch_harm_se"": 0.002181754447519779, ""full_batch_harm_ucb"": -0.093768573962152, ""full_batch_safe"": true}}, ""guarded_best_reuse"": ""default"", ""num_adapters"": 1, ""pending_after"": false, ""pending_before"": false, ""policy_version"": ""cau_v1"", ""reason"": ""safe_existing_reuse"", ""utility"": {""batch_n"": 16, ""best_reuse"": ""default"", ""best_reuse_query_after"": 3.179043412208557, ""best_reuse_utility"": 0.08852064609527588, ""budget_blocked_fresh"": false, ""defer_utility"": 0.0, ""fold_a_fresh_utility"": -1.0257744789123535, ""fold_a_query_n"": 8, ""fold_a_support_n"": 8, ""fold_b_fresh_utility"": -0.965120792388916, ""fold_b_query_n"": 8, ""fold_b_support_n"": 8, ""fresh_advantage"": -1.0839682817459106, ""fresh_local_trainability"": 0.06252217292785645, ""fresh_positive"": false, ""fresh_query_after"": 4.263011693954468, ""fresh_query_before"": 4.325533866882324, ""fresh_utility"": -0.9954476356506348, ""max_adapters"": 8, ""reuse_profiles"": {""default"": {""feasible_both"": true, ""fold_a_harm"": -0.09529954195022583, ""fold_a_lcb"": -0.09870982006192207, ""fold_a_query_after"": 3.1330673694610596, ""fold_a_utility"": 0.09254670143127441, ""fold_b_harm"": -0.09681142866611481, ""fold_b_lcb"": -0.10212476033717394, ""fold_b_query_after"": 3.2250194549560547, ""fold_b_utility"": 0.08449459075927734, ""harm_lcb_max"": -0.09870982006192207, ""harm_mean"": -0.09605548530817032, ""harm_se_mean"": 0.002225410658866167, ""harm_ucb_max"": -0.09149809699505568, ""local_trainability"": 0.08852064609527588, ""query_after"": 3.179043412208557, ""query_before"": 3.267564058303833, ""system_utility"": 0.08852064609527588}}, ""status"": ""ok"", ""statusquo_loss"": 3.267564058303833, ""total_memory_budget"": 512}, ""utility_status"": ""ok""}"
13,A1,A,1,default,reuse,safe_existing_reuse,3.287838935852051,1,True,294912,59213,0,109895578,354125,2833200,208,10.354991615051404,847532032,0.0,7.101026570191607,0.0,512,512,3.147295117378235,-1.1595410108566284,0.08724582195281982,-1.2467868328094482,False,,"{""best_reuse"": ""default"", ""best_reuse_utility"": 0.08724582195281982, ""decision"": ""reuse"", ""fresh_advantage"": -1.2467868328094482, ""fresh_positive"": false, ""fresh_utility"": -1.1595410108566284, ""full_batch_guards"": {""default"": {""crossfit_feasible"": true, ""crossfit_utility"": 0.08724582195281982, ""crossfit_utility_positive"": true, ""full_batch_cur_after"": 3.048550605773926, ""full_batch_cur_before"": 3.1472949981689453, ""full_batch_gain"": 0.09874439239501953, ""full_batch_harm"": -0.09374871850013733, ""full_batch_harm_lcb"": -0.09948989473283291, ""full_batch_harm_se"": 0.002929171547293663, ""full_batch_harm_ucb"": -0.08800754226744174, ""full_batch_safe"": true}}, ""guarded_best_reuse"": ""default"", ""num_adapters"": 1, ""pending_after"": false, ""pending_before"": false, ""policy_version"": ""cau_v1"", ""reason"": ""safe_existing_reuse"", ""utility"": {""batch_n"": 16, ""best_reuse"": ""default"", ""best_reuse_query_after"": 3.060049295425415, ""best_reuse_utility"": 0.08724582195281982, ""budget_blocked_fresh"": false, ""defer_utility"": 0.0, ""fold_a_fresh_utility"": -1.0877714157104492, ""fold_a_query_n"": 8, ""fold_a_support_n"": 8, ""fold_b_fresh_utility"": -1.2313106060028076, ""fold_b_query_n"": 8, ""fold_b_support_n"": 8, ""fresh_advantage"": -1.2467868328094482, ""fresh_local_trainability"": 0.028397083282470703, ""fresh_positive"": false, ""fresh_query_after"": 4.306836128234863, ""fresh_query_before"": 4.335233211517334, ""fresh_utility"": -1.1595410108566284, ""max_adapters"": 8, ""reuse_profiles"": {""default"": {""feasible_both"": true, ""fold_a_harm"": -0.0919405147433281, ""fold_a_lcb"": -0.09778031235560775, ""fold_a_query_after"": 3.039550304412842, ""fold_a_utility"": 0.08662986755371094, ""fold_b_harm"": -0.09085862338542938, ""fold_b_lcb"": -0.09617131753824651, ""fold_b_query_after"": 3.0805482864379883, ""fold_b_utility"": 0.08786177635192871, ""harm_lcb_max"": -0.09617131753824651, ""harm_mean"": -0.09139956906437874, ""harm_se_mean"": 0.002845023409463465, ""harm_ucb_max"": -0.08554592923261226, ""local_trainability"": 0.08724582195281982, ""query_after"": 3.060049295425415, ""query_before"": 3.147295117378235, ""system_utility"": 0.08724582195281982}}, ""status"": ""ok"", ""statusquo_loss"": 3.147295117378235, ""total_memory_budget"": 512}, ""utility_status"": ""ok""}"
14,A1,A,1,default,reuse,safe_existing_reuse,3.122349739074707,1,True,294912,59213,0,109895578,354125,2833200,224,11.0935231030453,847532032,0.0,7.8348707989789546,0.0,512,512,3.103223443031311,-1.2134510278701782,0.08758807182312012,-1.3010390996932983,False,,"{""best_reuse"": ""default"", ""best_reuse_utility"": 0.08758807182312012, ""decision"": ""reuse"", ""fresh_advantage"": -1.3010390996932983, ""fresh_positive"": false, ""fresh_utility"": -1.2134510278701782, ""full_batch_guards"": {""default"": {""crossfit_feasible"": true, ""crossfit_utility"": 0.08758807182312012, ""crossfit_utility_positive"": true, ""full_batch_cur_after"": 3.0072436332702637, ""full_batch_cur_before"": 3.1032235622406006, ""full_batch_gain"": 0.09597992897033691, ""full_batch_harm"": -0.0869237408041954, ""full_batch_harm_lcb"": -0.09276539301499724, ""full_batch_harm_se"": 0.00298043480142951, ""full_batch_harm_ucb"": -0.08108208859339357, ""full_batch_safe"": true}}, ""guarded_best_reuse"": ""default"", ""num_adapters"": 1, ""pending_after"": false, ""pending_before"": false, ""policy_version"": ""cau_v1"", ""reason"": ""safe_existing_reuse"", ""utility"": {""batch_n"": 16, ""best_reuse"": ""default"", ""best_reuse_query_after"": 3.015635371208191, ""best_reuse_utility"": 0.08758807182312012, ""budget_blocked_fresh"": false, ""defer_utility"": 0.0, ""fold_a_fresh_utility"": -1.2053337097167969, ""fold_a_query_n"": 8, ""fold_a_support_n"": 8, ""fold_b_fresh_utility"": -1.2215683460235596, ""fold_b_query_n"": 8, ""fold_b_support_n"": 8, ""fresh_advantage"": -1.3010390996932983, ""fresh_local_trainability"": 0.06682562828063965, ""fresh_positive"": false, ""fresh_query_after"": 4.316674470901489, ""fresh_query_before"": 4.383500099182129, ""fresh_utility"": -1.2134510278701782, ""max_adapters"": 8, ""reuse_profiles"": {""default"": {""feasible_both"": true, ""fold_a_harm"": -0.08420181274414062, ""fold_a_lcb"": -0.08959287372417749, ""fold_a_query_after"": 3.068222999572754, ""fold_a_utility"": 0.08708858489990234, ""fold_b_harm"": -0.08575209975242615, ""fold_b_lcb"": -0.0913882762286812, ""fold_b_query_after"": 2.963047742843628, ""fold_b_utility"": 0.08808755874633789, ""harm_lcb_max"": -0.08959287372417749, ""harm_mean"": -0.08497695624828339, ""harm_se_mean"": 0.0028130707796663046, ""harm_ucb_max"": -0.07881075176410376, ""local_trainability"": 0.08758807182312012, ""query_after"": 3.015635371208191, ""query_before"": 3.103223443031311, ""system_utility"": 0.08758807182312012}}, ""status"": ""ok"", ""statusquo_loss"": 3.103223443031311, ""total_memory_budget"": 512}, ""utility_status"": ""ok""}"
15,A1,A,1,default,reuse,safe_existing_reuse,3.1080050468444824,1,True,294912,59213,0,109895578,354125,2833200,240,11.868971131974831,847532032,0.0,8.60606476990506,0.0,512,512,3.0373705625534058,-1.298402190208435,0.061136722564697266,-1.3595389127731323,False,,"{""best_reuse"": ""default"", ""best_reuse_utility"": 0.061136722564697266, ""decision"": ""reuse"", ""fresh_advantage"": -1.3595389127731323, ""fresh_positive"": false, ""fresh_utility"": -1.298402190208435, ""full_batch_guards"": {""default"": {""crossfit_feasible"": true, ""crossfit_utility"": 0.061136722564697266, ""crossfit_utility_positive"": true, ""full_batch_cur_after"": 2.959317207336426, ""full_batch_cur_before"": 3.0373706817626953, ""full_batch_gain"": 0.07805347442626953, ""full_batch_harm"": -0.07741381227970123, ""full_batch_harm_lcb"": -0.08201511730439962, ""full_batch_harm_se"": 0.0023476046044379473, ""full_batch_harm_ucb"": -0.07281250725500285, ""full_batch_safe"": true}}, ""guarded_best_reuse"": ""default"", ""num_adapters"": 1, ""pending_after"": false, ""pending_before"": false, ""policy_version"": ""cau_v1"", ""reason"": ""safe_existing_reuse"", ""utility"": {""batch_n"": 16, ""best_reuse"": ""default"", ""best_reuse_query_after"": 2.9762338399887085, ""best_reuse_utility"": 0.061136722564697266, ""budget_blocked_fresh"": false, ""defer_utility"": 0.0, ""fold_a_fresh_utility"": -1.3343875408172607, ""fold_a_query_n"": 8, ""fold_a_support_n"": 8, ""fold_b_fresh_utility"": -1.2624168395996094, ""fold_b_query_n"": 8, ""fold_b_support_n"": 8, ""fresh_advantage"": -1.3595389127731323, ""fresh_local_trainability"": 0.004955768585205078, ""fresh_positive"": false, ""fresh_query_after"": 4.335772752761841, ""fresh_query_before"": 4.340728521347046, ""fresh_utility"": -1.298402190208435, ""max_adapters"": 8, ""reuse_profiles"": {""default"": {""feasible_both"": true, ""fold_a_harm"": -0.08083949983119965, ""fold_a_lcb"": -0.08568237361498177, ""fold_a_query_after"": 2.842304229736328, ""fold_a_utility"": 0.05555367469787598, ""fold_b_harm"": -0.071894571185112, ""fold_b_lcb"": -0.07747522516176104, ""fold_b_query_after"": 3.110163450241089, ""fold_b_utility"": 0.06671977043151855, ""harm_lcb_max"": -0.07747522516176104, ""harm_mean"": -0.07636703550815582, ""harm_se_mean"": 0.002659063204191625, ""harm_ucb_max"": -0.06631391720846296, ""local_trainability"": 0.061136722564697266, ""query_after"": 2.9762338399887085, ""query_before"": 3.0373705625534058, ""system_utility"": 0.061136722564697266}}, ""status"": ""ok"", ""statusquo_loss"": 3.0373705625534058, ""total_memory_budget"": 512}, ""utility_status"": ""ok""}"
16,A1,A,1,default,reuse,safe_existing_reuse,2.9725840091705322,1,True,294912,59213,0,109895578,354125,2833200,253,12.62876785802655,847532032,0.0,9.361564447870478,0.0,512,512,2.909985120479877,-1.3611186284285326,0.06331722552959736,-1.4244358539581299,False,,"{""best_reuse"": ""default"", ""best_reuse_utility"": 0.06331722552959736, ""decision"": ""reuse"", ""fresh_advantage"": -1.4244358539581299, ""fresh_positive"": false, ""fresh_utility"": -1.3611186284285326, ""full_batch_guards"": {""default"": {""crossfit_feasible"": true, ""crossfit_utility"": 0.06331722552959736, ""crossfit_utility_positive"": true, ""full_batch_cur_after"": 2.836974620819092, ""full_batch_cur_before"": 2.9099855422973633, ""full_batch_gain"": 0.07301092147827148, ""full_batch_harm"": -0.07052519917488098, ""full_batch_harm_lcb"": -0.07455645017325878, ""full_batch_harm_se"": 0.0020567607134580612, ""full_batch_harm_ucb"": -0.06649394817650318, ""full_batch_safe"": true}}, ""guarded_best_reuse"": ""default"", ""num_adapters"": 1, ""pending_after"": false, ""pending_before"": false, ""policy_version"": ""cau_v1"", ""reason"": ""safe_existing_reuse"", ""utility"": {""batch_n"": 13, ""best_reuse"": ""default"", ""best_reuse_query_after"": 2.8466678949502797, ""best_reuse_utility"": 0.06331722552959736, ""budget_blocked_fresh"": false, ""defer_utility"": 0.0, ""fold_a_fresh_utility"": -1.4078760147094727, ""fold_a_query_n"": 6, ""fold_a_support_n"": 7, ""fold_b_fresh_utility"": -1.3210408687591553, ""fold_b_query_n"": 7, ""fold_b_support_n"": 6, ""fresh_advantage"": -1.4244358539581299, ""fresh_local_trainability"": 0.03227655704204853, ""fresh_positive"": false, ""fresh_query_after"": 4.27110374890841, ""fresh_query_before"": 4.3033803059504585, ""fresh_utility"": -1.3611186284285326, ""max_adapters"": 8, ""reuse_profiles"": {""default"": {""feasible_both"": true, ""fold_a_harm"": -0.06824912875890732, ""fold_a_lcb"": -0.07200010515283793, ""fold_a_query_after"": 2.7942616939544678, ""fold_a_utility"": 0.06373047828674316, ""fold_b_harm"": -0.0706905871629715, ""fold_b_lcb"": -0.07573926068842411, ""fold_b_query_after"": 2.891587495803833, ""fold_b_utility"": 0.06296300888061523, ""harm_lcb_max"": -0.07200010515283793, ""harm_mean"": -0.06946985796093941, ""harm_se_mean"": 0.0022448086529038846, ""harm_ucb_max"": -0.0644981523649767, ""local_trainability"": 0.06331722552959736, ""query_after"": 2.8466678949502797, ""query_before"": 2.909985120479877, ""system_utility"": 0.06331722552959736}}, ""status"": ""ok"", ""statusquo_loss"": 2.909985120479877, ""total_memory_budget"": 512}, ""utility_status"": ""ok""}"
17,B1,B,1,default,reuse,pending_fresh_safe_existing_reuse,5.292822360992432,1,True,294912,59213,0,109895578,354125,2833200,269,14.74595915293321,847532032,0.0,10.13908463390544,1.3350715208798647,512,512,5.378087520599365,1.0187699794769287,-0.05660676956176758,1.0753767490386963,True,,"{""best_reuse"": ""default"", ""best_reuse_utility"": -0.05660676956176758, ""decision"": ""reuse"", ""fresh_advantage"": 1.0753767490386963, ""fresh_positive"": true, ""fresh_utility"": 1.0187699794769287, ""full_batch_guards"": {""default"": {""crossfit_feasible"": true, ""crossfit_utility"": -0.05660676956176758, ""crossfit_utility_positive"": false, ""full_batch_cur_after"": 5.3930983543396, ""full_batch_cur_before"": 5.378087043762207, ""full_batch_gain"": -0.015011310577392578, ""full_batch_harm"": -0.04964321851730347, ""full_batch_harm_lcb"": -0.052507315082475546, ""full_batch_harm_se"": 0.0014612737577408552, ""full_batch_harm_ucb"": -0.04677912195213139, ""full_batch_safe"": true}}, ""guarded_best_reuse"": ""default"", ""num_adapters"": 1, ""pending_after"": true, ""pending_before"": false, ""policy_version"": ""cau_v1"", ""reason"": ""pending_fresh_safe_existing_reuse"", ""utility"": {""batch_n"": 16, ""best_reuse"": ""default"", ""best_reuse_query_after"": 5.434694290161133, ""best_reuse_utility"": -0.05660676956176758, ""budget_blocked_fresh"": false, ""defer_utility"": 0.0, ""fold_a_fresh_utility"": 1.0335330963134766, ""fold_a_query_n"": 8, ""fold_a_support_n"": 8, ""fold_b_fresh_utility"": 1.0040068626403809, ""fold_b_query_n"": 8, ""fold_b_support_n"": 8, ""fresh_advantage"": 1.0753767490386963, ""fresh_local_trainability"": 0.06890010833740234, ""fresh_positive"": true, ""fresh_query_after"": 4.3593175411224365, ""fresh_query_before"": 4.428217649459839, ""fresh_utility"": 1.0187699794769287, ""max_adapters"": 8, ""reuse_profiles"": {""default"": {""feasible_both"": true, ""fold_a_harm"": -0.050446078181266785, ""fold_a_lcb"": -0.05339225693140179, ""fold_a_query_after"": 5.522553443908691, ""fold_a_utility"": -0.04571247100830078, ""fold_b_harm"": -0.05126303806900978, ""fold_b_lcb"": -0.0542296379385516, ""fold_b_query_after"": 5.346835136413574, ""fold_b_utility"": -0.06750106811523438, ""harm_lcb_max"": -0.05339225693140179, ""harm_mean"": -0.05085455812513828, ""harm_se_mean"": 0.0015083618927747011, ""harm_ucb_max"": -0.04749989943113178, ""local_trainability"": -0.05660676956176758, ""query_after"": 5.434694290161133, ""query_before"": 5.378087520599365, ""system_utility"": -0.05660676956176758}}, ""status"": ""ok"", ""statusquo_loss"": 5.378087520599365, ""total_memory_budget"": 512}, ""utility_status"": ""ok""}"
18,B1,B,1,adapter_1,spawn,confirmed_fresh,4.36764669418335,2,True,589824,118426,0,110249703,354125,5666400,272,15.428885072935373,847532032,0.0,10.816949894884601,1.3350715208798647,512,512,5.309779644012451,1.0654888153076172,0.001926422119140625,1.0635623931884766,True,,"{""best_reuse"": ""default"", ""best_reuse_utility"": 0.001926422119140625, ""decision"": ""spawn"", ""fresh_advantage"": 1.0635623931884766, ""fresh_positive"": true, ""fresh_utility"": 1.0654888153076172, ""full_batch_guards"": {}, ""guarded_best_reuse"": null, ""num_adapters"": 2, ""pending_after"": false, ""pending_before"": true, ""policy_version"": ""cau_v1"", ""reason"": ""confirmed_fresh"", ""utility"": {""batch_n"": 16, ""best_reuse"": ""default"", ""best_reuse_query_after"": 5.3078532218933105, ""best_reuse_utility"": 0.001926422119140625, ""budget_blocked_fresh"": false, ""defer_utility"": 0.0, ""fold_a_fresh_utility"": 1.1029033660888672, ""fold_a_query_n"": 8, ""fold_a_support_n"": 8, ""fold_b_fresh_utility"": 1.0280742645263672, ""fold_b_query_n"": 8, ""fold_b_support_n"": 8, ""fresh_advantage"": 1.0635623931884766, ""fresh_local_trainability"": 0.08470892906188965, ""fresh_positive"": true, ""fresh_query_after"": 4.244290828704834, ""fresh_query_before"": 4.328999757766724, ""fresh_utility"": 1.0654888153076172, ""max_adapters"": 8, ""reuse_profiles"": {""default"": {""feasible_both"": true, ""fold_a_harm"": -0.03727521747350693, ""fold_a_lcb"": -0.03979352131485939, ""fold_a_query_after"": 5.33708381652832, ""fold_a_utility"": -0.0038595199584960938, ""fold_b_harm"": -0.03659918159246445, ""fold_b_lcb"": -0.03913929567672312, ""fold_b_query_after"": 5.278622627258301, ""fold_b_utility"": 0.007712364196777344, ""harm_lcb_max"": -0.03913929567672312, ""harm_mean"": -0.03693719953298569, ""harm_se_mean"": 0.0012904127361252904, ""harm_ucb_max"": -0.034059067508205774, ""local_trainability"": 0.001926422119140625, ""query_after"": 5.3078532218933105, ""query_before"": 5.309779644012451, ""system_utility"": 0.001926422119140625}}, ""status"": ""ok"", ""statusquo_loss"": 5.309779644012451, ""total_memory_budget"": 512}, ""utility_status"": ""ok""}"
19,B1,B,1,adapter_1,warmup,existing_warmup,4.340769290924072,2,True,589824,118426,0,110249703,354125,5666400,288,15.48108901688829,847532032,0.0,10.864417036995292,1.3350715208798647,512,512,,,,,,,"{""best_reuse"": null, ""best_reuse_utility"": null, ""decision"": ""warmup"", ""fresh_positive"": null, ""fresh_utility"": null, ""full_batch_guards"": {}, ""guarded_best_reuse"": null, ""num_adapters"": 2, ""pending_after"": false, ""pending_before"": false, ""policy_version"": ""cau_v1"", ""reason"": ""existing_warmup"", ""utility_status"": ""warmup""}"
20,B1,B,1,adapter_1,warmup,existing_warmup,4.1091766357421875,2,True,589824,118426,0,110249703,354125,5666400,304,15.533302109921351,847532032,0.0,10.912045044125989,1.3350715208798647,512,512,,,,,,,"{""best_reuse"": null, ""best_reuse_utility"": null, ""decision"": ""warmup"", ""fresh_positive"": null, ""fresh_utility"": null, ""full_batch_guards"": {}, ""guarded_best_reuse"": null, ""num_adapters"": 2, ""pending_after"": false, ""pending_before"": false, ""policy_version"": ""cau_v1"", ""reason"": ""existing_warmup"", ""utility_status"": ""warmup""}"
21,B1,B,1,adapter_1,warmup,existing_warmup,3.9801950454711914,2,True,589824,118426,0,110249703,354125,5666400,320,15.583118048030883,847532032,0.0,10.957375817000866,1.3350715208798647,512,512,,,,,,,"{""best_reuse"": null, ""best_reuse_utility"": null, ""decision"": ""warmup"", ""fresh_positive"": null, ""fresh_utility"": null, ""full_batch_guards"": {}, ""guarded_best_reuse"": null, ""num_adapters"": 2, ""pending_after"": false, ""pending_before"": false, ""policy_version"": ""cau_v1"", ""reason"": ""existing_warmup"", ""utility_status"": ""warmup""}"
22,B1,B,1,adapter_1,reuse,safe_existing_reuse,3.9153261184692383,2,True,589824,118426,0,110249703,354125,5666400,336,16.769989571068436,847532032,0.0,12.139731545001268,1.3350715208798647,512,512,3.8934526443481445,-0.38164186477661133,0.10549616813659668,-0.487138032913208,False,,"{""best_reuse"": ""adapter_1"", ""best_reuse_utility"": 0.10549616813659668, ""decision"": ""reuse"", ""fresh_advantage"": -0.487138032913208, ""fresh_positive"": false, ""fresh_utility"": -0.38164186477661133, ""full_batch_guards"": {""adapter_1"": {""crossfit_feasible"": true, ""crossfit_utility"": 0.10549616813659668, ""crossfit_utility_positive"": true, ""full_batch_cur_after"": 3.775377035140991, ""full_batch_cur_before"": 3.8934526443481445, ""full_batch_gain"": 0.11807560920715332, ""full_batch_harm"": -0.11367212980985641, ""full_batch_harm_lcb"": -0.11755743339657783, ""full_batch_harm_se"": 0.0019822977483272552, ""full_batch_harm_ucb"": -0.109786826223135, ""full_batch_safe"": true}, ""default"": {""crossfit_feasible"": true, ""crossfit_utility"": -1.407726526260376, ""crossfit_utility_positive"": false, ""full_batch_cur_after"": 5.269102096557617, ""full_batch_cur_before"": 5.287112236022949, ""full_batch_gain"": 0.01801013946533203, ""full_batch_harm"": -0.03459973633289337, ""full_batch_harm_lcb"": -0.037488344949670134, ""full_batch_harm_se"": 0.0014737799065187573, ""full_batch_harm_ucb"": -0.03171112771611661, ""full_batch_safe"": true}}, ""guarded_best_reuse"": ""adapter_1"", ""num_adapters"": 2, ""pending_after"": false, ""pending_before"": false, ""policy_version"": ""cau_v1"", ""reason"": ""safe_existing_reuse"", ""utility"": {""batch_n"": 16, ""best_reuse"": ""adapter_1"", ""best_reuse_query_after"": 3.787956476211548, ""best_reuse_utility"": 0.10549616813659668, ""budget_blocked_fresh"": false, ""defer_utility"": 0.0, ""fold_a_fresh_utility"": -0.36768293380737305, ""fold_a_query_n"": 8, ""fold_a_support_n"": 8, ""fold_b_fresh_utility"": -0.3956007957458496, ""fold_b_query_n"": 8, ""fold_b_support_n"": 8, ""fresh_advantage"": -0.487138032913208, ""fresh_local_trainability"": 0.05038142204284668, ""fresh_positive"": false, ""fresh_query_after"": 4.275094509124756, ""fresh_query_before"": 4.3254759311676025, ""fresh_utility"": -0.38164186477661133, ""max_adapters"": 8, ""reuse_profiles"": {""adapter_1"": {""feasible_both"": true, ""fold_a_harm"": -0.10868437588214874, ""fold_a_lcb"": -0.1127882044762373, ""fold_a_query_after"": 3.7035250663757324, ""fold_a_utility"": 0.10762310028076172, ""fold_b_harm"": -0.10893270373344421, ""fold_b_lcb"": -0.1133623178396374, ""fold_b_query_after"": 3.8723878860473633, ""fold_b_utility"": 0.10336923599243164, ""harm_lcb_max"": -0.1127882044762373, ""harm_mean"": -0.10880853980779648, ""harm_se_mean"": 0.002176898648031056, ""harm_ucb_max"": -0.10450308962725102, ""local_trainability"": 0.10549616813659668, ""query_after"": 3.787956476211548, ""query_before"": 3.8934526443481445, ""system_utility"": 0.10549616813659668}, ""default"": {""feasible_both"": true, ""fold_a_harm"": -0.03570576757192612, ""fold_a_lcb"": -0.038366839219816026, ""fold_a_query_after"": 5.164280891418457, ""fold_a_utility"": -1.353132724761963, ""fold_b_harm"": -0.03471698611974716, ""fold_b_lcb"": -0.038349339398555456, ""fold_b_query_after"": 5.438077449798584, ""fold_b_utility"": -1.462320327758789, ""harm_lcb_max"": -0.038349339398555456, ""harm_mean"": -0.03521137684583664, ""harm_se_mean"": 0.001605465542525053, ""harm_ucb_max"": -0.031084632840938868, ""local_trainability"": -0.014067411422729492, ""query_after"": 5.3011791706085205, ""query_before"": 5.287111759185791, ""system_utility"": -1.407726526260376}}, ""status"": ""ok"", ""statusquo_loss"": 3.8934526443481445, ""total_memory_budget"": 512}, ""utility_status"": ""ok""}"
23,B1,B,1,adapter_1,reuse,safe_existing_reuse,3.9334850311279297,2,True,589824,118426,0,110249703,354125,5666400,352,17.885986614972353,847532032,0.0,13.25080198305659,1.3350715208798647,512,512,3.8123669624328613,-0.47622203826904297,0.10945332050323486,-0.5856753587722778,False,,"{""best_reuse"": ""adapter_1"", ""best_reuse_utility"": 0.10945332050323486, ""decision"": ""reuse"", ""fresh_advantage"": -0.5856753587722778, ""fresh_positive"": false, ""fresh_utility"": -0.47622203826904297, ""full_batch_guards"": {""adapter_1"": {""crossfit_feasible"": true, ""crossfit_utility"": 0.10945332050323486, ""crossfit_utility_positive"": true, ""full_batch_cur_after"": 3.69218111038208, ""full_batch_cur_before"": 3.8123669624328613, ""full_batch_gain"": 0.12018585205078125, ""full_batch_harm"": -0.11362547427415848, ""full_batch_harm_lcb"": -0.11762802919372917, ""full_batch_harm_se"": 0.0020421198569238186, ""full_batch_harm_ucb"": -0.10962291935458779, ""full_batch_safe"": true}, ""default"": {""crossfit_feasible"": true, ""crossfit_utility"": -1.4825007915496826, ""crossfit_utility_positive"": false, ""full_batch_cur_after"": 5.265438079833984, ""full_batch_cur_before"": 5.2860426902771, ""full_batch_gain"": 0.020604610443115234, ""full_batch_harm"": -0.035168588161468506, ""full_batch_harm_lcb"": -0.037820897698402405, ""full_batch_harm_se"": 0.0013532191514968872, ""full_batch_harm_ucb"": -0.03251627862453461, ""full_batch_safe"": true}}, ""guarded_best_reuse"": ""adapter_1"", ""num_adapters"": 2, ""pending_after"": false, ""pending_before"": false, ""policy_version"": ""cau_v1"", ""reason"": ""safe_existing_reuse"", ""utility"": {""batch_n"": 16, ""best_reuse"": ""adapter_1"", ""best_reuse_query_after"": 3.7029136419296265, ""best_reuse_utility"": 0.10945332050323486, ""budget_blocked_fresh"": false, ""defer_utility"": 0.0, ""fold_a_fresh_utility"": -0.47154998779296875, ""fold_a_query_n"": 8, ""fold_a_support_n"": 8, ""fold_b_fresh_utility"": -0.4808940887451172, ""fold_b_query_n"": 8, ""fold_b_support_n"": 8, ""fresh_advantage"": -0.5856753587722778, ""fresh_local_trainability"": 0.05767679214477539, ""fresh_positive"": false, ""fresh_query_after"": 4.288589000701904, ""fresh_query_before"": 4.34626579284668, ""fresh_utility"": -0.47622203826904297, ""max_adapters"": 8, ""reuse_profiles"": {""adapter_1"": {""feasible_both"": true, ""fold_a_harm"": -0.10997961461544037, ""fold_a_lcb"": -0.11445397866889834, ""fold_a_query_after"": 3.712843894958496, ""fold_a_utility"": 0.1049652099609375, ""fold_b_harm"": -0.11097221821546555, ""fold_b_lcb"": -0.11464416060131043, ""fold_b_query_after"": 3.692983388900757, ""fold_b_utility"": 0.11394143104553223, ""harm_lcb_max"": -0.11445397866889834, ""harm_mean"": -0.11047591641545296, ""harm_se_mean"": 0.0020781393977813423, ""harm_ucb_max"": -0.1055052505619824, ""local_trainability"": 0.10945332050323486, ""query_after"": 3.7029136419296265, ""query_before"": 3.8123669624328613, ""system_utility"": 0.10945332050323486}, ""default"": {""feasible_both"": true, ""fold_a_harm"": -0.036024268716573715, ""fold_a_lcb"": -0.038567607356235385, ""fold_a_query_after"": 5.253273963928223, ""fold_a_utility"": -1.435464859008789, ""fold_b_harm"": -0.03499327227473259, ""fold_b_lcb"": -0.038599555301479994, ""fold_b_query_after"": 5.336461544036865, ""fold_b_utility"": -1.5295367240905762, ""harm_lcb_max"": -0.038567607356235385, ""harm_mean"": -0.03550877049565315, ""harm_se_mean"": 0.001568781037349254, ""harm_ucb_max"": -0.031386989247985185, ""local_trainability"": -0.008825063705444336, ""query_after"": 5.294867753982544, ""query_before"": 5.2860426902771, ""system_utility"": -1.4825007915496826}}, ""status"": ""ok"", ""statusquo_loss"": 3.8123669624328613, ""total_memory_budget"": 512}, ""utility_status"": ""ok""}"
24,B1,B,1,adapter_1,reuse,safe_existing_reuse,3.799147129058838,2,True,589824,118426,0,110249703,354125,5666400,368,18.99968953593634,847532032,0.0,14.359465564135462,1.3350715208798647,512,512,3.73824405670166,-0.548020601272583,0.10719406604766846,-0.6552146673202515,False,,"{""best_reuse"": ""adapter_1"", ""best_reuse_utility"": 0.10719406604766846, ""decision"": ""reuse"", ""fresh_advantage"": -0.6552146673202515, ""fresh_positive"": false, ""fresh_utility"": -0.548020601272583, ""full_batch_guards"": {""adapter_1"": {""crossfit_feasible"": true, ""crossfit_utility"": 0.10719406604766846, ""crossfit_utility_positive"": true, ""full_batch_cur_after"": 3.624577283859253, ""full_batch_cur_before"": 3.73824405670166, ""full_batch_gain"": 0.11366677284240723, ""full_batch_harm"": -0.11168369650840759, ""full_batch_harm_lcb"": -0.11553496611304581, ""full_batch_harm_se"": 0.0019649334717541933, ""full_batch_harm_ucb"": -0.10783242690376937, ""full_batch_safe"": true}, ""default"": {""crossfit_feasible"": true, ""crossfit_utility"": -1.6365182399749756, ""crossfit_utility_positive"": false, ""full_batch_cur_after"": 5.361626625061035, ""full_batch_cur_before"": 5.384488105773926, ""full_batch_gain"": 0.022861480712890625, ""full_batch_harm"": -0.03556592017412186, ""full_batch_harm_lcb"": -0.03845170057378709, ""full_batch_harm_se"": 0.0014723369386047125, ""full_batch_harm_ucb"": -0.03268013977445662, ""full_batch_safe"": true}}, ""guarded_best_reuse"": ""adapter_1"", ""num_adapters"": 2, ""pending_after"": false, ""pending_before"": false, ""policy_version"": ""cau_v1"", ""reason"": ""safe_existing_reuse"", ""utility"": {""batch_n"": 16, ""best_reuse"": ""adapter_1"", ""best_reuse_query_after"": 3.6310499906539917, ""best_reuse_utility"": 0.10719406604766846, ""budget_blocked_fresh"": false, ""defer_utility"": 0.0, ""fold_a_fresh_utility"": -0.5230638980865479, ""fold_a_query_n"": 8, ""fold_a_support_n"": 8, ""fold_b_fresh_utility"": -0.5729773044586182, ""fold_b_query_n"": 8, ""fold_b_support_n"": 8, ""fresh_advantage"": -0.6552146673202515, ""fresh_local_trainability"": 0.09632277488708496, ""fresh_positive"": false, ""fresh_query_after"": 4.286264657974243, ""fresh_query_before"": 4.382587432861328, ""fresh_utility"": -0.548020601272583, ""max_adapters"": 8, ""reuse_profiles"": {""adapter_1"": {""feasible_both"": true, ""fold_a_harm"": -0.10929537564516068, ""fold_a_lcb"": -0.11274939426220953, ""fold_a_query_after"": 3.6779730319976807, ""fold_a_utility"": 0.10937118530273438, ""fold_b_harm"": -0.11038325726985931, ""fold_b_lcb"": -0.11446823823265731, ""fold_b_query_after"": 3.5841269493103027, ""fold_b_utility"": 0.10501694679260254, ""harm_lcb_max"": -0.11274939426220953, ""harm_mean"": -0.10983931645751, ""harm_se_mean"": 0.001923214178532362, ""harm_ucb_max"": -0.10584135702811182, ""local_trainability"": 0.10719406604766846, ""query_after"": 3.6310499906539917, ""query_before"": 3.73824405670166, ""system_utility"": 0.10719406604766846}, ""default"": {""feasible_both"": true, ""fold_a_harm"": -0.03592892363667488, ""fold_a_lcb"": -0.039540458545088766, ""fold_a_query_after"": 5.413893699645996, ""fold_a_utility"": -1.626549482345581, ""fold_b_harm"": -0.035374417901039124, ""fold_b_lcb"": -0.03814193615689874, ""fold_b_query_after"": 5.335630893707275, ""fold_b_utility"": -1.6464869976043701, ""harm_lcb_max"": -0.03814193615689874, ""harm_mean"": -0.035651670768857, ""harm_se_mean"": 0.0016273094806820154, ""harm_ucb_max"": -0.032317388728260996, ""local_trainability"": 0.009725570678710938, ""query_after"": 5.374762296676636, ""query_before"": 5.384487867355347, ""system_utility"": -1.6365182399749756}}, ""status"": ""ok"", ""statusquo_loss"": 3.73824405670166, ""total_memory_budget"": 512}, ""utility_status"": ""ok""}"
25,B1,B,1,adapter_1,reuse,safe_existing_reuse,3.8265368938446045,2,True,589824,118426,0,110249703,354125,5666400,384,20.17015845584683,847532032,0.0,15.52286332915537,1.3350715208798647,512,512,3.777168869972229,-0.6698850393295288,0.10453915596008301,-0.7744241952896118,False,,"{""best_reuse"": ""adapter_1"", ""best_reuse_utility"": 0.10453915596008301, ""decision"": ""reuse"", ""fresh_advantage"": -0.7744241952896118, ""fresh_positive"": false, ""fresh_utility"": -0.6698850393295288, ""full_batch_guards"": {""adapter_1"": {""crossfit_feasible"": true, ""crossfit_utility"": 0.10453915596008301, ""crossfit_utility_positive"": true, ""full_batch_cur_after"": 3.6621909141540527, ""full_batch_cur_before"": 3.7771687507629395, ""full_batch_gain"": 0.11497783660888672, ""full_batch_harm"": -0.10778728127479553, ""full_batch_harm_lcb"": -0.1121606618911028, ""full_batch_harm_se"": 0.002231316640973091, ""full_batch_harm_ucb"": -0.10341390065848827, ""full_batch_safe"": true}, ""default"": {""crossfit_feasible"": true, ""crossfit_utility"": -1.719067931175232, ""crossfit_utility_positive"": false, ""full_batch_cur_after"": 5.467982769012451, ""full_batch_cur_before"": 5.490226745605469, ""full_batch_gain"": 0.022243976593017578, ""full_batch_harm"": -0.035021934658288956, ""full_batch_harm_lcb"": -0.03859282812103629, ""full_batch_harm_se"": 0.0018218844197690487, ""full_batch_harm_ucb"": -0.031451041195541624, ""full_batch_safe"": true}}, ""guarded_best_reuse"": ""adapter_1"", ""num_adapters"": 2, ""pending_after"": false, ""pending_before"": false, ""policy_version"": ""cau_v1"", ""reason"": ""safe_existing_reuse"", ""utility"": {""batch_n"": 16, ""best_reuse"": ""adapter_1"", ""best_reuse_query_after"": 3.672629714012146, ""best_reuse_utility"": 0.10453915596008301, ""budget_blocked_fresh"": false, ""defer_utility"": 0.0, ""fold_a_fresh_utility"": -0.7020807266235352, ""fold_a_query_n"": 8, ""fold_a_support_n"": 8, ""fold_b_fresh_utility"": -0.6376893520355225, ""fold_b_query_n"": 8, ""fold_b_support_n"": 8, ""fresh_advantage"": -0.7744241952896118, ""fresh_local_trainability"": 0.054338932037353516, ""fresh_positive"": false, ""fresh_query_after"": 4.447053909301758, ""fresh_query_before"": 4.501392841339111, ""fresh_utility"": -0.6698850393295288, ""max_adapters"": 8, ""reuse_profiles"": {""adapter_1"": {""feasible_both"": true, ""fold_a_harm"": -0.10535469651222229, ""fold_a_lcb"": -0.11001797223463655, ""fold_a_query_after"": 3.608299493789673, ""fold_a_utility"": 0.1027686595916748, ""fold_b_harm"": -0.10626387596130371, ""fold_b_lcb"": -0.110508131980896, ""fold_b_query_after"": 3.736959934234619, ""fold_b_utility"": 0.10630965232849121, ""harm_lcb_max"": -0.11001797223463655, ""harm_mean"": -0.105809286236763, ""harm_se_mean"": 0.0022723295260220766, ""harm_ucb_max"": -0.10069142078980803, ""local_trainability"": 0.10453915596008301, ""query_after"": 3.672629714012146, ""query_before"": 3.777168869972229, ""system_utility"": 0.10453915596008301}, ""default"": {""feasible_both"": true, ""fold_a_harm"": -0.0353177972137928, ""fold_a_lcb"": -0.03890383618418127, ""fold_a_query_after"": 5.414633274078369, ""fold_a_utility"": -1.7035651206970215, ""fold_b_harm"": -0.035557813942432404, ""fold_b_lcb"": -0.03913730317726731, ""fold_b_query_after"": 5.577840328216553, ""fold_b_utility"": -1.7345707416534424, ""harm_lcb_max"": -0.03890383618418127, ""harm_mean"": -0.0354378055781126, ""harm_se_mean"": 0.001827940868679434, ""harm_ucb_max"": -0.03173175824340433, ""local_trainability"": -0.0060100555419921875, ""query_after"": 5.496236801147461, ""query_before"": 5.490226745605469, ""system_utility"": -1.719067931175232}}, ""status"": ""ok"", ""statusquo_loss"": 3.777168869972229, ""total_memory_budget"": 512}, ""utility_status"": ""ok""}"
26,B1,B,1,adapter_1,reuse,safe_existing_reuse,3.572500705718994,2,True,589824,118426,0,110249703,354125,5666400,400,21.55225890688598,847532032,0.0,16.899313094094396,1.3350715208798647,512,512,3.508913993835449,-0.814457893371582,0.1042705774307251,-0.9187284708023071,False,,"{""best_reuse"": ""adapter_1"", ""best_reuse_utility"": 0.1042705774307251, ""decision"": ""reuse"", ""fresh_advantage"": -0.9187284708023071, ""fresh_positive"": false, ""fresh_utility"": -0.814457893371582, ""full_batch_guards"": {""adapter_1"": {""crossfit_feasible"": true, ""crossfit_utility"": 0.1042705774307251, ""crossfit_utility_positive"": true, ""full_batch_cur_after"": 3.396488666534424, ""full_batch_cur_before"": 3.508913993835449, ""full_batch_gain"": 0.11242532730102539, ""full_batch_harm"": -0.10542985796928406, ""full_batch_harm_lcb"": -0.11033705173060299, ""full_batch_harm_se"": 0.002503670286387205, ""full_batch_harm_ucb"": -0.10052266420796513, ""full_batch_safe"": true}, ""default"": {""crossfit_feasible"": true, ""crossfit_utility"": -1.7975149154663086, ""crossfit_utility_positive"": false, ""full_batch_cur_after"": 5.277274131774902, ""full_batch_cur_before"": 5.301131248474121, ""full_batch_gain"": 0.02385711669921875, ""full_batch_harm"": -0.03576398268342018, ""full_batch_harm_lcb"": -0.038404151536524295, ""full_batch_harm_se"": 0.0013470249250531197, ""full_batch_harm_ucb"": -0.03312381383031607, ""full_batch_safe"": true}}, ""guarded_best_reuse"": ""adapter_1"", ""num_adapters"": 2, ""pending_after"": false, ""pending_before"": false, ""policy_version"": ""cau_v1"", ""reason"": ""safe_existing_reuse"", ""utility"": {""batch_n"": 16, ""best_reuse"": ""adapter_1"", ""best_reuse_query_after"": 3.404643416404724, ""best_reuse_utility"": 0.1042705774307251, ""budget_blocked_fresh"": false, ""defer_utility"": 0.0, ""fold_a_fresh_utility"": -0.8716609477996826, ""fold_a_query_n"": 8, ""fold_a_support_n"": 8, ""fold_b_fresh_utility"": -0.7572548389434814, ""fold_b_query_n"": 8, ""fold_b_support_n"": 8, ""fresh_advantage"": -0.9187284708023071, ""fresh_local_trainability"": 0.06461620330810547, ""fresh_positive"": false, ""fresh_query_after"": 4.323371887207031, ""fresh_query_before"": 4.387988090515137, ""fresh_utility"": -0.814457893371582, ""max_adapters"": 8, ""reuse_profiles"": {""adapter_1"": {""feasible_both"": true, ""fold_a_harm"": -0.10339197516441345, ""fold_a_lcb"": -0.10784806749783456, ""fold_a_query_after"": 3.216405153274536, ""fold_a_utility"": 0.10794925689697266, ""fold_b_harm"": -0.1034034788608551, ""fold_b_lcb"": -0.10845148246735334, ""fold_b_query_after"": 3.592881679534912, ""fold_b_utility"": 0.10059189796447754, ""harm_lcb_max"": -0.10784806749783456, ""harm_mean"": -0.10339772701263428, ""harm_se_mean"": 0.00242451427038759, ""harm_ucb_max"": -0.09835547525435687, ""local_trainability"": 0.1042705774307251, ""query_after"": 3.404643416404724, ""query_before"": 3.508913993835449, ""system_utility"": 0.1042705774307251}, ""default"": {""feasible_both"": true, ""fold_a_harm"": -0.03662514314055443, ""fold_a_lcb"": -0.040206308541819454, ""fold_a_query_after"": 5.144051551818848, ""fold_a_utility"": -1.8196971416473389, ""fold_b_harm"": -0.03557741269469261, ""fold_b_lcb"": -0.038132194718346, ""fold_b_query_after"": 5.468806266784668, ""fold_b_utility"": -1.7753326892852783, ""harm_lcb_max"": -0.038132194718346, ""harm_mean"": -0.03610127791762352, ""harm_se_mean"": 0.0015652927104383707, ""harm_ucb_max"": -0.03302263067103922, ""local_trainability"": -0.005297422409057617, ""query_after"": 5.306428909301758, ""query_before"": 5.3011314868927, ""system_utility"": -1.7975149154663086}}, ""status"": ""ok"", ""statusquo_loss"": 3.508913993835449, ""total_memory_budget"": 512}, ""utility_status"": ""ok""}"
27,B1,B,1,adapter_1,reuse,safe_existing_reuse,3.559666872024536,2,True,589824,118426,0,110249703,354125,5666400,416,22.797451253049076,847532032,0.0,18.13848002301529,1.3350715208798647,512,512,3.4824661016464233,-0.9083589315414429,0.09563064575195312,-1.003989577293396,False,,"{""best_reuse"": ""adapter_1"", ""best_reuse_utility"": 0.09563064575195312, ""decision"": ""reuse"", ""fresh_advantage"": -1.003989577293396, ""fresh_positive"": false, ""fresh_utility"": -0.9083589315414429, ""full_batch_guards"": {""adapter_1"": {""crossfit_feasible"": true, ""crossfit_utility"": 0.09563064575195312, ""crossfit_utility_positive"": true, ""full_batch_cur_after"": 3.3773193359375, ""full_batch_cur_before"": 3.482466220855713, ""full_batch_gain"": 0.10514688491821289, ""full_batch_harm"": -0.1036379337310791, ""full_batch_harm_lcb"": -0.10845431605353952, ""full_batch_harm_se"": 0.0024573379196226597, ""full_batch_harm_ucb"": -0.09882155140861869, ""full_batch_safe"": true}, ""default"": {""crossfit_feasible"": true, ""crossfit_utility"": -1.8940798044204712, ""crossfit_utility_positive"": false, ""full_batch_cur_after"": 5.3443450927734375, ""full_batch_cur_before"": 5.363605499267578, ""full_batch_gain"": 0.019260406494140625, ""full_batch_harm"": -0.035414598882198334, ""full_batch_harm_lcb"": -0.038324068537913265, ""full_batch_harm_se"": 0.0014844232937321067, ""full_batch_harm_ucb"": -0.0325051292264834, ""full_batch_safe"": true}}, ""guarded_best_reuse"": ""adapter_1"", ""num_adapters"": 2, ""pending_after"": false, ""pending_before"": false, ""policy_version"": ""cau_v1"", ""reason"": ""safe_existing_reuse"", ""utility"": {""batch_n"": 16, ""best_reuse"": ""adapter_1"", ""best_reuse_query_after"": 3.38683545589447, ""best_reuse_utility"": 0.09563064575195312, ""budget_blocked_fresh"": false, ""defer_utility"": 0.0, ""fold_a_fresh_utility"": -0.8999691009521484, ""fold_a_query_n"": 8, ""fold_a_support_n"": 8, ""fold_b_fresh_utility"": -0.9167487621307373, ""fold_b_query_n"": 8, ""fold_b_support_n"": 8, ""fresh_advantage"": -1.003989577293396, ""fresh_local_trainability"": 0.03155827522277832, ""fresh_positive"": false, ""fresh_query_after"": 4.390825033187866, ""fresh_query_before"": 4.4223833084106445, ""fresh_utility"": -0.9083589315414429, ""max_adapters"": 8, ""reuse_profiles"": {""adapter_1"": {""feasible_both"": true, ""fold_a_harm"": -0.10125220566987991, ""fold_a_lcb"": -0.10617528308182955, ""fold_a_query_after"": 3.4438507556915283, ""fold_a_utility"": 0.1009056568145752, ""fold_b_harm"": -0.10011332482099533, ""fold_b_lcb"": -0.10543958209455014, ""fold_b_query_after"": 3.329820156097412, ""fold_b_utility"": 0.09035563468933105, ""harm_lcb_max"": -0.10543958209455014, ""harm_mean"": -0.10068276524543762, ""harm_se_mean"": 0.002614626195281744, ""harm_ucb_max"": -0.09478706754744053, ""local_trainability"": 0.09563064575195312, ""query_after"": 3.38683545589447, ""query_before"": 3.4824661016464233, ""system_utility"": 0.09563064575195312}, ""default"": {""feasible_both"": true, ""fold_a_harm"": -0.03624590486288071, ""fold_a_lcb"": -0.038812673552893105, ""fold_a_query_after"": 5.4472455978393555, ""fold_a_utility"": -1.902489185333252, ""fold_b_harm"": -0.035737305879592896, ""fold_b_lcb"": -0.03931297434028238, ""fold_b_query_after"": 5.305846214294434, ""fold_b_utility"": -1.8856704235076904, ""harm_lcb_max"": -0.038812673552893105, ""harm_mean"": -0.0359916053712368, ""harm_se_mean"": 0.0015669482527300715, ""harm_ucb_max"": -0.03216163741890341, ""local_trainability"": -0.01294088363647461, ""query_after"": 5.3765459060668945, ""query_before"": 5.36360502243042, ""system_utility"": -1.8940798044204712}}, ""status"": ""ok"", ""statusquo_loss"": 3.4824661016464233, ""total_memory_budget"": 512}, ""utility_status"": ""ok""}"
28,B1,B,1,adapter_1,reuse,safe_existing_reuse,3.3766894340515137,2,True,589824,118426,0,110249703,354125,5666400,432,24.06459688488394,847532032,0.0,19.399641880998388,1.3350715208798647,512,512,3.2804149389266968,-1.0283361673355103,0.10319507122039795,-1.1315312385559082,False,,"{""best_reuse"": ""adapter_1"", ""best_reuse_utility"": 0.10319507122039795, ""decision"": ""reuse"", ""fresh_advantage"": -1.1315312385559082, ""fresh_positive"": false, ""fresh_utility"": -1.0283361673355103, ""full_batch_guards"": {""adapter_1"": {""crossfit_feasible"": true, ""crossfit_utility"": 0.10319507122039795, ""crossfit_utility_positive"": true, ""full_batch_cur_after"": 3.169025182723999, ""full_batch_cur_before"": 3.2804150581359863, ""full_batch_gain"": 0.1113898754119873, ""full_batch_harm"": -0.09871451556682587, ""full_batch_harm_lcb"": -0.10490570529364049, ""full_batch_harm_se"": 0.0031587702687829733, ""full_batch_harm_ucb"": -0.09252332584001124, ""full_batch_safe"": true}, ""default"": {""crossfit_feasible"": true, ""crossfit_utility"": -1.9360312223434448, ""crossfit_utility_positive"": false, ""full_batch_cur_after"": 5.190662384033203, ""full_batch_cur_before"": 5.211106777191162, ""full_batch_gain"": 0.020444393157958984, ""full_batch_harm"": -0.035078804939985275, ""full_batch_harm_lcb"": -0.03789154614787549, ""full_batch_harm_se"": 0.0014350720448419452, ""full_batch_harm_ucb"": -0.03226606373209506, ""full_batch_safe"": true}}, ""guarded_best_reuse"": ""adapter_1"", ""num_adapters"": 2, ""pending_after"": false, ""pending_before"": false, ""policy_version"": ""cau_v1"", ""reason"": ""safe_existing_reuse"", ""utility"": {""batch_n"": 16, ""best_reuse"": ""adapter_1"", ""best_reuse_query_after"": 3.177219867706299, ""best_reuse_utility"": 0.10319507122039795, ""budget_blocked_fresh"": false, ""defer_utility"": 0.0, ""fold_a_fresh_utility"": -1.0402841567993164, ""fold_a_query_n"": 8, ""fold_a_support_n"": 8, ""fold_b_fresh_utility"": -1.016388177871704, ""fold_b_query_n"": 8, ""fold_b_support_n"": 8, ""fresh_advantage"": -1.1315312385559082, ""fresh_local_trainability"": 0.05434298515319824, ""fresh_positive"": false, ""fresh_query_after"": 4.308751106262207, ""fresh_query_before"": 4.363094091415405, ""fresh_utility"": -1.0283361673355103, ""max_adapters"": 8, ""reuse_profiles"": {""adapter_1"": {""feasible_both"": true, ""fold_a_harm"": -0.09592557698488235, ""fold_a_lcb"": -0.10287316818721592, ""fold_a_query_after"": 3.150306224822998, ""fold_a_utility"": 0.10276317596435547, ""fold_b_harm"": -0.09683817625045776, ""fold_b_lcb"": -0.10235420449636877, ""fold_b_query_after"": 3.2041335105895996, ""fold_b_utility"": 0.10362696647644043, ""harm_lcb_max"": -0.10235420449636877, ""harm_mean"": -0.09638187661767006, ""harm_se_mean"": 0.003179494757205248, ""harm_ucb_max"": -0.08897798578254879, ""local_trainability"": 0.10319507122039795, ""query_after"": 3.177219867706299, ""query_before"": 3.2804149389266968, ""system_utility"": 0.10319507122039795}, ""default"": {""feasible_both"": true, ""fold_a_harm"": -0.0358954519033432, ""fold_a_lcb"": -0.039448677622713146, ""fold_a_query_after"": 5.227935314178467, ""fold_a_utility"": -1.9748659133911133, ""fold_b_harm"": -0.03468426689505577, ""fold_b_lcb"": -0.03777266583405435, ""fold_b_query_after"": 5.204957008361816, ""fold_b_utility"": -1.8971965312957764, ""harm_lcb_max"": -0.03777266583405435, ""harm_mean"": -0.035289859399199486, ""harm_se_mean"": 0.001694292004685849, ""harm_ucb_max"": -0.03159586795605719, ""local_trainability"": -0.005339622497558594, ""query_after"": 5.216446161270142, ""query_before"": 5.211106538772583, ""system_utility"": -1.9360312223434448}}, ""status"": ""ok"", ""statusquo_loss"": 3.2804149389266968, ""total_memory_budget"": 512}, ""utility_status"": ""ok""}"
29,B1,B,1,adapter_1,reuse,safe_existing_reuse,3.240138292312622,2,True,589824,118426,0,110249703,354125,5666400,448,25.348440380068496,847532032,0.0,20.677980603883043,1.3350715208798647,512,512,3.2704339027404785,-1.0698904991149902,0.10134434700012207,-1.1712348461151123,False,,"{""best_reuse"": ""adapter_1"", ""best_reuse_utility"": 0.10134434700012207, ""decision"": ""reuse"", ""fresh_advantage"": -1.1712348461151123, ""fresh_positive"": false, ""fresh_utility"": -1.0698904991149902, ""full_batch_guards"": {""adapter_1"": {""crossfit_feasible"": true, ""crossfit_utility"": 0.10134434700012207, ""crossfit_utility_positive"": true, ""full_batch_cur_after"": 3.160430669784546, ""full_batch_cur_before"": 3.2704339027404785, ""full_batch_gain"": 0.11000323295593262, ""full_batch_harm"": -0.09085661172866821, ""full_batch_harm_lcb"": -0.09767996992915869, ""full_batch_harm_se"": 0.003481305204331875, ""full_batch_harm_ucb"": -0.08403325352817774, ""full_batch_safe"": true}, ""default"": {""crossfit_feasible"": true, ""crossfit_utility"": -2.028895139694214, ""crossfit_utility_positive"": false, ""full_batch_cur_after"": 5.275552749633789, ""full_batch_cur_before"": 5.300620079040527, ""full_batch_gain"": 0.02506732940673828, ""full_batch_harm"": -0.035530395805835724, ""full_batch_harm_lcb"": -0.03850160615984351, ""full_batch_harm_se"": 0.0015159236500039697, ""full_batch_harm_ucb"": -0.03255918545182794, ""full_batch_safe"": true}}, ""guarded_best_reuse"": ""adapter_1"", ""num_adapters"": 2, ""pending_after"": false, ""pending_before"": false, ""policy_version"": ""cau_v1"", ""reason"": ""safe_existing_reuse"", ""utility"": {""batch_n"": 16, ""best_reuse"": ""adapter_1"", ""best_reuse_query_after"": 3.1690895557403564, ""best_reuse_utility"": 0.10134434700012207, ""budget_blocked_fresh"": false, ""defer_utility"": 0.0, ""fold_a_fresh_utility"": -1.0949525833129883, ""fold_a_query_n"": 8, ""fold_a_support_n"": 8, ""fold_b_fresh_utility"": -1.0448284149169922, ""fold_b_query_n"": 8, ""fold_b_support_n"": 8, ""fresh_advantage"": -1.1712348461151123, ""fresh_local_trainability"": 0.06423449516296387, ""fresh_positive"": false, ""fresh_query_after"": 4.340324401855469, ""fresh_query_before"": 4.404558897018433, ""fresh_utility"": -1.0698904991149902, ""max_adapters"": 8, ""reuse_profiles"": {""adapter_1"": {""feasible_both"": true, ""fold_a_harm"": -0.08749548345804214, ""fold_a_lcb"": -0.09433361410163343, ""fold_a_query_after"": 3.1538686752319336, ""fold_a_utility"": 0.09640312194824219, ""fold_b_harm"": -0.08970023691654205, ""fold_b_lcb"": -0.09641937799751758, ""fold_b_query_after"": 3.1843104362487793, ""fold_b_utility"": 0.10628557205200195, ""harm_lcb_max"": -0.09433361410163343, ""harm_mean"": -0.0885978601872921, ""harm_se_mean"": 0.003458487684838474, ""harm_ucb_max"": -0.08065735281445086, ""local_trainability"": 0.10134434700012207, ""query_after"": 3.1690895557403564, ""query_before"": 3.2704339027404785, ""system_utility"": 0.10134434700012207}, ""default"": {""feasible_both"": true, ""fold_a_harm"": -0.03597056120634079, ""fold_a_lcb"": -0.0388040502788499, ""fold_a_query_after"": 5.282644748687744, ""fold_a_utility"": -2.0323729515075684, ""fold_b_harm"": -0.03564663603901863, ""fold_b_lcb"": -0.03918444472365081, ""fold_b_query_after"": 5.316013336181641, ""fold_b_utility"": -2.0254173278808594, ""harm_lcb_max"": -0.0388040502788499, ""harm_mean"": -0.03580859862267971, ""harm_se_mean"": 0.0016253310604952276, ""harm_ucb_max"": -0.03210882735438645, ""local_trainability"": 0.001291036605834961, ""query_after"": 5.299329042434692, ""query_before"": 5.300620079040527, ""system_utility"": -2.028895139694214}}, ""status"": ""ok"", ""statusquo_loss"": 3.2704339027404785, ""total_memory_budget"": 512}, ""utility_status"": ""ok""}"
30,B1,B,1,adapter_1,reuse,safe_existing_reuse,3.100816488265991,2,True,589824,118426,0,110249703,354125,5666400,464,26.575328100007027,847532032,0.0,21.898644170723855,1.3350715208798647,512,512,3.094719648361206,-1.156456708908081,0.07723748683929443,-1.2336941957473755,False,,"{""best_reuse"": ""adapter_1"", ""best_reuse_utility"": 0.07723748683929443, ""decision"": ""reuse"", ""fresh_advantage"": -1.2336941957473755, ""fresh_positive"": false, ""fresh_utility"": -1.156456708908081, ""full_batch_guards"": {""adapter_1"": {""crossfit_feasible"": true, ""crossfit_utility"": 0.07723748683929443, ""crossfit_utility_positive"": true, ""full_batch_cur_after"": 3.010643482208252, ""full_batch_cur_before"": 3.094719409942627, ""full_batch_gain"": 0.084075927734375, ""full_batch_harm"": -0.0886506512761116, ""full_batch_harm_lcb"": -0.09609309764578938, ""full_batch_harm_se"": 0.0037971665151417255, ""full_batch_harm_ucb"": -0.08120820490643382, ""full_batch_safe"": true}, ""default"": {""crossfit_feasible"": true, ""crossfit_utility"": -2.219308853149414, ""crossfit_utility_positive"": false, ""full_batch_cur_after"": 5.295417785644531, ""full_batch_cur_before"": 5.312211036682129, ""full_batch_gain"": 0.016793251037597656, ""full_batch_harm"": -0.03449665755033493, ""full_batch_harm_lcb"": -0.03720414983574301, ""full_batch_harm_se"": 0.0013813736150041223, ""full_batch_harm_ucb"": -0.03178916526492685, ""full_batch_safe"": true}}, ""guarded_best_reuse"": ""adapter_1"", ""num_adapters"": 2, ""pending_after"": false, ""pending_before"": false, ""policy_version"": ""cau_v1"", ""reason"": ""safe_existing_reuse"", ""utility"": {""batch_n"": 16, ""best_reuse"": ""adapter_1"", ""best_reuse_query_after"": 3.0174821615219116, ""best_reuse_utility"": 0.07723748683929443, ""budget_blocked_fresh"": false, ""defer_utility"": 0.0, ""fold_a_fresh_utility"": -1.1430964469909668, ""fold_a_query_n"": 8, ""fold_a_support_n"": 8, ""fold_b_fresh_utility"": -1.1698169708251953, ""fold_b_query_n"": 8, ""fold_b_support_n"": 8, ""fresh_advantage"": -1.2336941957473755, ""fresh_local_trainability"": 0.06926655769348145, ""fresh_positive"": false, ""fresh_query_after"": 4.251176357269287, ""fresh_query_before"": 4.3204429149627686, ""fresh_utility"": -1.156456708908081, ""max_adapters"": 8, ""reuse_profiles"": {""adapter_1"": {""feasible_both"": true, ""fold_a_harm"": -0.0867438018321991, ""fold_a_lcb"": -0.09411463167518377, ""fold_a_query_after"": 3.0360546112060547, ""fold_a_utility"": 0.07625818252563477, ""fold_b_harm"": -0.08892732858657837, ""fold_b_lcb"": -0.09678917342796922, ""fold_b_query_after"": 2.9989097118377686, ""fold_b_utility"": 0.0782167911529541, ""harm_lcb_max"": -0.09411463167518377, ""harm_mean"": -0.08783556520938873, ""harm_se_mean"": 0.003885886399075389, ""harm_ucb_max"": -0.07937297198921442, ""local_trainability"": 0.07723748683929443, ""query_after"": 3.0174821615219116, ""query_before"": 3.094719648361206, ""system_utility"": 0.07723748683929443}, ""default"": {""feasible_both"": true, ""fold_a_harm"": -0.034518834203481674, ""fold_a_lcb"": -0.037299107387661935, ""fold_a_query_after"": 5.353575706481934, ""fold_a_utility"": -2.241262912750244, ""fold_b_harm"": -0.03525497019290924, ""fold_b_lcb"": -0.03798425081651658, ""fold_b_query_after"": 5.274481296539307, ""fold_b_utility"": -2.197354793548584, ""harm_lcb_max"": -0.037299107387661935, ""harm_mean"": -0.03488690219819546, ""harm_se_mean"": 0.0014054984203539789, ""harm_ucb_max"": -0.03173856101930141, ""local_trainability"": -0.001817464828491211, ""query_after"": 5.31402850151062, ""query_before"": 5.312211036682129, ""system_utility"": -2.219308853149414}}, ""status"": ""ok"", ""statusquo_loss"": 3.094719648361206, ""total_memory_budget"": 512}, ""utility_status"": ""ok""}"
31,B1,B,1,adapter_1,reuse,safe_existing_reuse,3.1285061836242676,2,True,589824,118426,0,110249703,354125,5666400,480,27.801421206910163,847532032,0.0,23.119082601740956,1.3350715208798647,512,512,3.0723748207092285,-1.2973425388336182,0.07198750972747803,-1.3693300485610962,False,,"{""best_reuse"": ""adapter_1"", ""best_reuse_utility"": 0.07198750972747803, ""decision"": ""reuse"", ""fresh_advantage"": -1.3693300485610962, ""fresh_positive"": false, ""fresh_utility"": -1.2973425388336182, ""full_batch_guards"": {""adapter_1"": {""crossfit_feasible"": true, ""crossfit_utility"": 0.07198750972747803, ""crossfit_utility_positive"": true, ""full_batch_cur_after"": 2.9903039932250977, ""full_batch_cur_before"": 3.0723748207092285, ""full_batch_gain"": 0.08207082748413086, ""full_batch_harm"": -0.08100979775190353, ""full_batch_harm_lcb"": -0.08733941929414868, ""full_batch_harm_se"": 0.0032293987460434437, ""full_batch_harm_ucb"": -0.07468017620965839, ""full_batch_safe"": true}, ""default"": {""crossfit_feasible"": true, ""crossfit_utility"": -2.3947253227233887, ""crossfit_utility_positive"": false, ""full_batch_cur_after"": 5.43976354598999, ""full_batch_cur_before"": 5.464831352233887, ""full_batch_gain"": 0.025067806243896484, ""full_batch_harm"": -0.03468167409300804, ""full_batch_harm_lcb"": -0.038201628159731625, ""full_batch_harm_se"": 0.0017958949320018291, ""full_batch_harm_ucb"": -0.031161720026284458, ""full_batch_safe"": true}}, ""guarded_best_reuse"": ""adapter_1"", ""num_adapters"": 2, ""pending_after"": false, ""pending_before"": false, ""policy_version"": ""cau_v1"", ""reason"": ""safe_existing_reuse"", ""utility"": {""batch_n"": 16, ""best_reuse"": ""adapter_1"", ""best_reuse_query_after"": 3.0003873109817505, ""best_reuse_utility"": 0.07198750972747803, ""budget_blocked_fresh"": false, ""defer_utility"": 0.0, ""fold_a_fresh_utility"": -1.2801165580749512, ""fold_a_query_n"": 8, ""fold_a_support_n"": 8, ""fold_b_fresh_utility"": -1.3145685195922852, ""fold_b_query_n"": 8, ""fold_b_support_n"": 8, ""fresh_advantage"": -1.3693300485610962, ""fresh_local_trainability"": 0.06730461120605469, ""fresh_positive"": false, ""fresh_query_after"": 4.369717359542847, ""fresh_query_before"": 4.437021970748901, ""fresh_utility"": -1.2973425388336182, ""max_adapters"": 8, ""reuse_profiles"": {""adapter_1"": {""feasible_both"": true, ""fold_a_harm"": -0.07649111747741699, ""fold_a_lcb"": -0.08249667257070542, ""fold_a_query_after"": 2.9268593788146973, ""fold_a_utility"": 0.07057714462280273, ""fold_b_harm"": -0.08112740516662598, ""fold_b_lcb"": -0.087590761333704, ""fold_b_query_after"": 3.0739152431488037, ""fold_b_utility"": 0.07339787483215332, ""harm_lcb_max"": -0.08249667257070542, ""harm_mean"": -0.07880926132202148, ""harm_se_mean"": 0.003180844709277153, ""harm_ucb_max"": -0.07048556238412856, ""local_trainability"": 0.07198750972747803, ""query_after"": 3.0003873109817505, ""query_before"": 3.0723748207092285, ""system_utility"": 0.07198750972747803}, ""default"": {""feasible_both"": true, ""fold_a_harm"": -0.036085885018110275, ""fold_a_lcb"": -0.0396202396042645, ""fold_a_query_after"": 5.376273155212402, ""fold_a_utility"": -2.3788366317749023, ""fold_b_harm"": -0.034774068742990494, ""fold_b_lcb"": -0.03834675976075232, ""fold_b_query_after"": 5.557927131652832, ""fold_b_utility"": -2.410614013671875, ""harm_lcb_max"": -0.03834675976075232, ""harm_mean"": -0.035429976880550385, ""harm_se_mean"": 0.001813021837733686, ""harm_ucb_max"": -0.031201377725228668, ""local_trainability"": -0.002268552780151367, ""query_after"": 5.467100143432617, ""query_before"": 5.464831590652466, ""system_utility"": -2.3947253227233887}}, ""status"": ""ok"", ""statusquo_loss"": 3.0723748207092285, ""total_memory_budget"": 512}, ""utility_status"": ""ok""}"
32,B1,B,1,adapter_1,reuse,safe_existing_reuse,2.9656307697296143,2,True,589824,118426,0,110249703,354125,5666400,493,29.037306415848434,847532032,0.0,24.34933479479514,1.3350715208798647,512,512,2.947626774127667,-1.2873952572162335,0.05520107195927547,-1.342596329175509,False,,"{""best_reuse"": ""adapter_1"", ""best_reuse_utility"": 0.05520107195927547, ""decision"": ""reuse"", ""fresh_advantage"": -1.342596329175509, ""fresh_positive"": false, ""fresh_utility"": -1.2873952572162335, ""full_batch_guards"": {""adapter_1"": {""crossfit_feasible"": true, ""crossfit_utility"": 0.05520107195927547, ""crossfit_utility_positive"": true, ""full_batch_cur_after"": 2.8792049884796143, ""full_batch_cur_before"": 2.947627067565918, ""full_batch_gain"": 0.06842207908630371, ""full_batch_harm"": -0.06962302327156067, ""full_batch_harm_lcb"": -0.07352723518386484, ""full_batch_harm_se"": 0.0019919448532164097, ""full_batch_harm_ucb"": -0.0657188113592565, ""full_batch_safe"": true}, ""default"": {""crossfit_feasible"": true, ""crossfit_utility"": -2.357225748208853, ""crossfit_utility_positive"": false, ""full_batch_cur_after"": 5.268314361572266, ""full_batch_cur_before"": 5.289597511291504, ""full_batch_gain"": 0.02128314971923828, ""full_batch_harm"": -0.035015642642974854, ""full_batch_harm_lcb"": -0.037643901039846245, ""full_batch_harm_se"": 0.0013409481616690755, ""full_batch_harm_ucb"": -0.03238738424610346, ""full_batch_safe"": true}}, ""guarded_best_reuse"": ""adapter_1"", ""num_adapters"": 2, ""pending_after"": false, ""pending_before"": false, ""policy_version"": ""cau_v1"", ""reason"": ""safe_existing_reuse"", ""utility"": {""batch_n"": 13, ""best_reuse"": ""adapter_1"", ""best_reuse_query_after"": 2.8924257021683912, ""best_reuse_utility"": 0.05520107195927547, ""budget_blocked_fresh"": false, ""defer_utility"": 0.0, ""fold_a_fresh_utility"": -1.1718733310699463, ""fold_a_query_n"": 6, ""fold_a_support_n"": 7, ""fold_b_fresh_utility"": -1.3864140510559082, ""fold_b_query_n"": 7, ""fold_b_support_n"": 6, ""fresh_advantage"": -1.342596329175509, ""fresh_local_trainability"": 0.04323284442608173, ""fresh_positive"": false, ""fresh_query_after"": 4.235022031343901, ""fresh_query_before"": 4.278254875769982, ""fresh_utility"": -1.2873952572162335, ""max_adapters"": 8, ""reuse_profiles"": {""adapter_1"": {""feasible_both"": true, ""fold_a_harm"": -0.06777892261743546, ""fold_a_lcb"": -0.07267671378329396, ""fold_a_query_after"": 3.1102921962738037, ""fold_a_utility"": 0.05587339401245117, ""fold_b_harm"": -0.07128775119781494, ""fold_b_lcb"": -0.07640300179831684, ""fold_b_query_after"": 2.7056829929351807, ""fold_b_utility"": 0.05462479591369629, ""harm_lcb_max"": -0.07267671378329396, ""harm_mean"": -0.0695333369076252, ""harm_se_mean"": 0.0025543473893776536, ""harm_ucb_max"": -0.06288113145157695, ""local_trainability"": 0.05520107195927547, ""query_after"": 2.8924257021683912, ""query_before"": 2.947626774127667, ""system_utility"": 0.05520107195927547}, ""default"": {""feasible_both"": true, ""fold_a_harm"": -0.03624608367681503, ""fold_a_lcb"": -0.03882836477831006, ""fold_a_query_after"": 5.466581344604492, ""fold_a_utility"": -2.3004157543182373, ""fold_b_harm"": -0.03532657399773598, ""fold_b_lcb"": -0.03889245447702706, ""fold_b_query_after"": 5.1662278175354, ""fold_b_utility"": -2.4059200286865234, ""harm_lcb_max"": -0.03882836477831006, ""harm_mean"": -0.035786328837275505, ""harm_se_mean"": 0.0015684085665270686, ""harm_ucb_max"": -0.0317606935184449, ""local_trainability"": -0.015255487882173978, ""query_after"": 5.304852522336519, ""query_before"": 5.289597034454346, ""system_utility"": -2.357225748208853}}, ""status"": ""ok"", ""statusquo_loss"": 2.947626774127667, ""total_memory_budget"": 512}, ""utility_status"": ""ok""}"
33,A2,A,2,default,reuse,safe_existing_reuse,2.7730629444122314,2,True,589824,118426,0,110249703,354125,5666400,493,32.38178775086999,847532032,0.0,25.595674452837557,3.427384077804163,512,512,5.271310091018677,1.063359022140503,2.5304168462753296,-1.4670578241348267,False,,"{""best_reuse"": ""default"", ""best_reuse_utility"": 2.5304168462753296, ""decision"": ""reuse"", ""fresh_advantage"": -1.4670578241348267, ""fresh_positive"": false, ""fresh_utility"": 1.063359022140503, ""full_batch_guards"": {""adapter_1"": {""crossfit_feasible"": true, ""crossfit_utility"": -0.07117891311645508, ""crossfit_utility_positive"": false, ""full_batch_cur_after"": 5.282834053039551, ""full_batch_cur_before"": 5.271309852600098, ""full_batch_gain"": -0.011524200439453125, ""full_batch_harm"": -0.05078332871198654, ""full_batch_harm_lcb"": -0.054429980060085655, ""full_batch_harm_se"": 0.001860536402091384, ""full_batch_harm_ucb"": -0.04713667736388743, ""full_batch_safe"": true}, ""default"": {""crossfit_feasible"": true, ""crossfit_utility"": 2.5304168462753296, ""crossfit_utility_positive"": true, ""full_batch_cur_after"": 2.7299656867980957, ""full_batch_cur_before"": 2.7830686569213867, ""full_batch_gain"": 0.053102970123291016, ""full_batch_harm"": -0.039895232766866684, ""full_batch_harm_lcb"": -0.044721186077222225, ""full_batch_harm_se"": 0.0024622210767120123, ""full_batch_harm_ucb"": -0.03506927945651114, ""full_batch_safe"": true}}, ""guarded_best_reuse"": ""default"", ""num_adapters"": 2, ""pending_after"": false, ""pending_before"": false, ""policy_version"": ""cau_v1"", ""reason"": ""safe_existing_reuse"", ""utility"": {""batch_n"": 16, ""best_reuse"": ""default"", ""best_reuse_query_after"": 2.740893244743347, ""best_reuse_utility"": 2.5304168462753296, ""budget_blocked_fresh"": false, ""defer_utility"": 0.0, ""fold_a_fresh_utility"": 1.1051139831542969, ""fold_a_query_n"": 8, ""fold_a_support_n"": 8, ""fold_b_fresh_utility"": 1.021604061126709, ""fold_b_query_n"": 8, ""fold_b_support_n"": 8, ""fresh_advantage"": -1.4670578241348267, ""fresh_local_trainability"": 0.055140018463134766, ""fresh_positive"": false, ""fresh_query_after"": 4.207951068878174, ""fresh_query_before"": 4.263091087341309, ""fresh_utility"": 1.063359022140503, ""max_adapters"": 8, ""reuse_profiles"": {""adapter_1"": {""feasible_both"": true, ""fold_a_harm"": -0.052171483635902405, ""fold_a_lcb"": -0.055719090341590345, ""fold_a_query_after"": 5.466259956359863, ""fold_a_utility"": -0.07284069061279297, ""fold_b_harm"": -0.052330538630485535, ""fold_b_lcb"": -0.05587762281764299, ""fold_b_query_after"": 5.2187180519104, ""fold_b_utility"": -0.06951713562011719, ""harm_lcb_max"": -0.055719090341590345, ""harm_mean"": -0.05225101113319397, ""harm_se_mean"": 0.0018098701257258654, ""harm_ucb_max"": -0.048623876930214464, ""local_trainability"": -0.07117891311645508, ""query_after"": 5.342489004135132, ""query_before"": 5.271310091018677, ""system_utility"": -0.07117891311645508}, ""default"": {""feasible_both"": true, ""fold_a_harm"": -0.0392921157181263, ""fold_a_lcb"": -0.04390670092776418, ""fold_a_query_after"": 2.854733467102051, ""fold_a_utility"": 2.5386857986450195, ""fold_b_harm"": -0.03967944160103798, ""fold_b_lcb"": -0.04460546610876918, ""fold_b_query_after"": 2.6270530223846436, ""fold_b_utility"": 2.5221478939056396, ""harm_lcb_max"": -0.04390670092776418, ""harm_mean"": -0.03948577865958214, ""harm_se_mean"": 0.0024338290095329285, ""harm_ucb_max"": -0.034677530508488416, ""local_trainability"": 0.04217529296875, ""query_after"": 2.740893244743347, ""query_before"": 2.783068537712097, ""system_utility"": 2.5304168462753296}}, ""status"": ""ok"", ""statusquo_loss"": 5.271310091018677, ""total_memory_budget"": 512}, ""utility_status"": ""ok""}"
34,A2,A,2,default,reuse,safe_existing_reuse,2.7997119426727295,2,True,589824,118426,0,110249703,354125,5666400,493,33.59200120996684,847532032,0.0,26.799769582692534,3.427384077804163,512,512,2.7658004760742188,-1.5499181747436523,0.03301882743835449,-1.5829370021820068,False,,"{""best_reuse"": ""default"", ""best_reuse_utility"": 0.03301882743835449, ""decision"": ""reuse"", ""fresh_advantage"": -1.5829370021820068, ""fresh_positive"": false, ""fresh_utility"": -1.5499181747436523, ""full_batch_guards"": {""adapter_1"": {""crossfit_feasible"": true, ""crossfit_utility"": -2.7095041275024414, ""crossfit_utility_positive"": false, ""full_batch_cur_after"": 5.412477493286133, ""full_batch_cur_before"": 5.394477367401123, ""full_batch_gain"": -0.018000125885009766, ""full_batch_harm"": -0.050483815371990204, ""full_batch_harm_lcb"": -0.05411472704727203, ""full_batch_harm_se"": 0.0018525059567764401, ""full_batch_harm_ucb"": -0.04685290369670838, ""full_batch_safe"": true}, ""default"": {""crossfit_feasible"": true, ""crossfit_utility"": 0.03301882743835449, ""crossfit_utility_positive"": true, ""full_batch_cur_after"": 2.721888542175293, ""full_batch_cur_before"": 2.7658004760742188, ""full_batch_gain"": 0.04391193389892578, ""full_batch_harm"": -0.0370723120868206, ""full_batch_harm_lcb"": -0.04294931347481906, ""full_batch_harm_se"": 0.0029984700959175825, ""full_batch_harm_ucb"": -0.031195310698822143, ""full_batch_safe"": true}}, ""guarded_best_reuse"": ""default"", ""num_adapters"": 2, ""pending_after"": false, ""pending_before"": false, ""policy_version"": ""cau_v1"", ""reason"": ""safe_existing_reuse"", ""utility"": {""batch_n"": 16, ""best_reuse"": ""default"", ""best_reuse_query_after"": 2.7327816486358643, ""best_reuse_utility"": 0.03301882743835449, ""budget_blocked_fresh"": false, ""defer_utility"": 0.0, ""fold_a_fresh_utility"": -1.4948625564575195, ""fold_a_query_n"": 8, ""fold_a_support_n"": 8, ""fold_b_fresh_utility"": -1.6049737930297852, ""fold_b_query_n"": 8, ""fold_b_support_n"": 8, ""fresh_advantage"": -1.5829370021820068, ""fresh_local_trainability"": 0.04372406005859375, ""fresh_positive"": false, ""fresh_query_after"": 4.315718650817871, ""fresh_query_before"": 4.359442710876465, ""fresh_utility"": -1.5499181747436523, ""max_adapters"": 8, ""reuse_profiles"": {""adapter_1"": {""feasible_both"": true, ""fold_a_harm"": -0.052660439163446426, ""fold_a_lcb"": -0.05624262404628098, ""fold_a_query_after"": 5.542011737823486, ""fold_a_utility"": -2.748190402984619, ""fold_b_harm"": -0.05216069146990776, ""fold_b_lcb"": -0.055715446867980065, ""fold_b_query_after"": 5.408597469329834, ""fold_b_utility"": -2.6708178520202637, ""harm_lcb_max"": -0.055715446867980065, ""harm_mean"": -0.052410565316677094, ""harm_se_mean"": 0.0018206480308435857, ""harm_ucb_max"": -0.04860593607183546, ""local_trainability"": -0.08082771301269531, ""query_after"": 5.47530460357666, ""query_before"": 5.394476890563965, ""system_utility"": -2.7095041275024414}, ""default"": {""feasible_both"": true, ""fold_a_harm"": -0.03808290883898735, ""fold_a_lcb"": -0.043961703218519686, ""fold_a_query_after"": 2.762697696685791, ""fold_a_utility"": 0.031123638153076172, ""fold_b_harm"": -0.03433391451835632, ""fold_b_lcb"": -0.04065816758200526, ""fold_b_query_after"": 2.7028656005859375, ""fold_b_utility"": 0.03491401672363281, ""harm_lcb_max"": -0.04065816758200526, ""harm_mean"": -0.03620841167867184, ""harm_se_mean"": 0.003113022306933999, ""harm_ucb_max"": -0.028009661454707385, ""local_trainability"": 0.03301882743835449, ""query_after"": 2.7327816486358643, ""query_before"": 2.7658004760742188, ""system_utility"": 0.03301882743835449}}, ""status"": ""ok"", ""statusquo_loss"": 2.7658004760742188, ""total_memory_budget"": 512}, ""utility_status"": ""ok""}"
35,A2,A,2,default,reuse,safe_existing_reuse,2.799370527267456,2,True,589824,118426,0,110249703,354125,5666400,493,34.83082632999867,847532032,0.0,28.032805042807013,3.427384077804163,512,512,2.7873799800872803,-1.617182731628418,0.03660750389099121,-1.6537902355194092,False,,"{""best_reuse"": ""default"", ""best_reuse_utility"": 0.03660750389099121, ""decision"": ""reuse"", ""fresh_advantage"": -1.6537902355194092, ""fresh_positive"": false, ""fresh_utility"": -1.617182731628418, ""full_batch_guards"": {""adapter_1"": {""crossfit_feasible"": true, ""crossfit_utility"": -2.7810873985290527, ""crossfit_utility_positive"": false, ""full_batch_cur_after"": 5.503179550170898, ""full_batch_cur_before"": 5.498305320739746, ""full_batch_gain"": -0.004874229431152344, ""full_batch_harm"": -0.051628682762384415, ""full_batch_harm_lcb"": -0.0552260998589918, ""full_batch_harm_se"": 0.001835416886024177, ""full_batch_harm_ucb"": -0.04803126566577703, ""full_batch_safe"": true}, ""default"": {""crossfit_feasible"": true, ""crossfit_utility"": 0.03660750389099121, ""crossfit_utility_positive"": true, ""full_batch_cur_after"": 2.738755702972412, ""full_batch_cur_before"": 2.787379741668701, ""full_batch_gain"": 0.04862403869628906, ""full_batch_harm"": -0.0368267297744751, ""full_batch_harm_lcb"": -0.04243409927934408, ""full_batch_harm_se"": 0.0028609028086066246, ""full_batch_harm_ucb"": -0.031219360269606113, ""full_batch_safe"": true}}, ""guarded_best_reuse"": ""default"", ""num_adapters"": 2, ""pending_after"": false, ""pending_before"": false, ""policy_version"": ""cau_v1"", ""reason"": ""safe_existing_reuse"", ""utility"": {""batch_n"": 16, ""best_reuse"": ""default"", ""best_reuse_query_after"": 2.750772476196289, ""best_reuse_utility"": 0.03660750389099121, ""budget_blocked_fresh"": false, ""defer_utility"": 0.0, ""fold_a_fresh_utility"": -1.5206165313720703, ""fold_a_query_n"": 8, ""fold_a_support_n"": 8, ""fold_b_fresh_utility"": -1.7137489318847656, ""fold_b_query_n"": 8, ""fold_b_support_n"": 8, ""fresh_advantage"": -1.6537902355194092, ""fresh_local_trainability"": 0.05702829360961914, ""fresh_positive"": false, ""fresh_query_after"": 4.404562711715698, ""fresh_query_before"": 4.461591005325317, ""fresh_utility"": -1.617182731628418, ""max_adapters"": 8, ""reuse_profiles"": {""adapter_1"": {""feasible_both"": true, ""fold_a_harm"": -0.0530773364007473, ""fold_a_lcb"": -0.05666636353824288, ""fold_a_query_after"": 5.657088756561279, ""fold_a_utility"": -2.7502245903015137, ""fold_b_harm"": -0.05329383537173271, ""fold_b_lcb"": -0.05677047561854124, ""fold_b_query_after"": 5.479846000671387, ""fold_b_utility"": -2.811950206756592, ""harm_lcb_max"": -0.05666636353824288, ""harm_mean"": -0.053185585886240005, ""harm_se_mean"": 0.0018024661694653332, ""harm_ucb_max"": -0.04948830926325172, ""local_trainability"": -0.07016229629516602, ""query_after"": 5.568467378616333, ""query_before"": 5.498305082321167, ""system_utility"": -2.7810873985290527}, ""default"": {""feasible_both"": true, ""fold_a_harm"": -0.03495511785149574, ""fold_a_lcb"": -0.04027371121570468, ""fold_a_query_after"": 2.865429401397705, ""fold_a_utility"": 0.04143476486206055, ""fold_b_harm"": -0.03563891351222992, ""fold_b_lcb"": -0.04117275393567979, ""fold_b_query_after"": 2.636115550994873, ""fold_b_utility"": 0.031780242919921875, ""harm_lcb_max"": -0.04027371121570468, ""harm_mean"": -0.03529701568186283, ""harm_se_mean"": 0.002768478007055819, ""harm_ucb_max"": -0.029636524487286806, ""local_trainability"": 0.03660750389099121, ""query_after"": 2.750772476196289, ""query_before"": 2.7873799800872803, ""system_utility"": 0.03660750389099121}}, ""status"": ""ok"", ""statusquo_loss"": 2.7873799800872803, ""total_memory_budget"": 512}, ""utility_status"": ""ok""}"
36,A2,A,2,default,reuse,safe_existing_reuse,2.595266819000244,2,True,589824,118426,0,110249703,354125,5666400,493,36.08450144995004,847532032,0.0,29.280053145019338,3.427384077804163,512,512,2.580613613128662,-1.54878568649292,0.029700517654418945,-1.5784862041473389,False,,"{""best_reuse"": ""default"", ""best_reuse_utility"": 0.029700517654418945, ""decision"": ""reuse"", ""fresh_advantage"": -1.5784862041473389, ""fresh_positive"": false, ""fresh_utility"": -1.54878568649292, ""full_batch_guards"": {""adapter_1"": {""crossfit_feasible"": true, ""crossfit_utility"": -2.6714282035827637, ""crossfit_utility_positive"": false, ""full_batch_cur_after"": 5.218858242034912, ""full_batch_cur_before"": 5.210866928100586, ""full_batch_gain"": -0.007991313934326172, ""full_batch_harm"": -0.052811067551374435, ""full_batch_harm_lcb"": -0.05634659495204687, ""full_batch_harm_se"": 0.001803840510547161, ""full_batch_harm_ucb"": -0.049275540150702, ""full_batch_safe"": true}, ""default"": {""crossfit_feasible"": true, ""crossfit_utility"": 0.029700517654418945, ""crossfit_utility_positive"": true, ""full_batch_cur_after"": 2.542285203933716, ""full_batch_cur_before"": 2.580613613128662, ""full_batch_gain"": 0.03832840919494629, ""full_batch_harm"": -0.02902529388666153, ""full_batch_harm_lcb"": -0.03435732715763152, ""full_batch_harm_se"": 0.0027204251382499933, ""full_batch_harm_ucb"": -0.023693260615691544, ""full_batch_safe"": true}}, ""guarded_best_reuse"": ""default"", ""num_adapters"": 2, ""pending_after"": false, ""pending_before"": false, ""policy_version"": ""cau_v1"", ""reason"": ""safe_existing_reuse"", ""utility"": {""batch_n"": 16, ""best_reuse"": ""default"", ""best_reuse_query_after"": 2.550913095474243, ""best_reuse_utility"": 0.029700517654418945, ""budget_blocked_fresh"": false, ""defer_utility"": 0.0, ""fold_a_fresh_utility"": -1.5040192604064941, ""fold_a_query_n"": 8, ""fold_a_support_n"": 8, ""fold_b_fresh_utility"": -1.5935521125793457, ""fold_b_query_n"": 8, ""fold_b_support_n"": 8, ""fresh_advantage"": -1.5784862041473389, ""fresh_local_trainability"": 0.10001969337463379, ""fresh_positive"": false, ""fresh_query_after"": 4.129399299621582, ""fresh_query_before"": 4.229418992996216, ""fresh_utility"": -1.54878568649292, ""max_adapters"": 8, ""reuse_profiles"": {""adapter_1"": {""feasible_both"": true, ""fold_a_harm"": -0.05434386059641838, ""fold_a_lcb"": -0.05782595488708466, ""fold_a_query_after"": 5.3375654220581055, ""fold_a_utility"": -2.6963419914245605, ""fold_b_harm"": -0.052675873041152954, ""fold_b_lcb"": -0.056208406342193484, ""fold_b_query_after"": 5.166518211364746, ""fold_b_utility"": -2.646514415740967, ""harm_lcb_max"": -0.056208406342193484, ""harm_mean"": -0.05350986681878567, ""harm_se_mean"": 0.0017894458142109215, ""harm_ucb_max"": -0.049143339740112424, ""local_trainability"": -0.04117465019226074, ""query_after"": 5.252041816711426, ""query_before"": 5.210867166519165, ""system_utility"": -2.6714282035827637}, ""default"": {""feasible_both"": true, ""fold_a_harm"": -0.028536368161439896, ""fold_a_lcb"": -0.03384959167800844, ""fold_a_query_after"": 2.6090426445007324, ""fold_a_utility"": 0.0321807861328125, ""fold_b_harm"": -0.029228266328573227, ""fold_b_lcb"": -0.03464449353516102, ""fold_b_query_after"": 2.492783546447754, ""fold_b_utility"": 0.02722024917602539, ""harm_lcb_max"": -0.03384959167800844, ""harm_mean"": -0.02888231724500656, ""harm_se_mean"": 0.002737104776315391, ""harm_ucb_max"": -0.023223144644871355, ""local_trainability"": 0.029700517654418945, ""query_after"": 2.550913095474243, ""query_before"": 2.580613613128662, ""system_utility"": 0.029700517654418945}}, ""status"": ""ok"", ""statusquo_loss"": 2.580613613128662, ""total_memory_budget"": 512}, ""utility_status"": ""ok""}"
37,A2,A,2,default,reuse,safe_existing_reuse,2.6633286476135254,2,True,589824,118426,0,110249703,354125,5666400,493,37.319292329018936,847532032,0.0,30.50897670094855,3.427384077804163,512,512,2.691168785095215,-1.5527617931365967,0.028893470764160156,-1.5816552639007568,False,,"{""best_reuse"": ""default"", ""best_reuse_utility"": 0.028893470764160156, ""decision"": ""reuse"", ""fresh_advantage"": -1.5816552639007568, ""fresh_positive"": false, ""fresh_utility"": -1.5527617931365967, ""full_batch_guards"": {""adapter_1"": {""crossfit_feasible"": true, ""crossfit_utility"": -2.705369234085083, ""crossfit_utility_positive"": false, ""full_batch_cur_after"": 5.354268550872803, ""full_batch_cur_before"": 5.344511032104492, ""full_batch_gain"": -0.009757518768310547, ""full_batch_harm"": -0.051692549139261246, ""full_batch_harm_lcb"": -0.05530974732711911, ""full_batch_harm_se"": 0.0018455092795193195, ""full_batch_harm_ucb"": -0.04807535095140338, ""full_batch_safe"": true}, ""default"": {""crossfit_feasible"": true, ""crossfit_utility"": 0.028893470764160156, ""crossfit_utility_positive"": true, ""full_batch_cur_after"": 2.6529152393341064, ""full_batch_cur_before"": 2.691168785095215, ""full_batch_gain"": 0.0382535457611084, ""full_batch_harm"": -0.029633138328790665, ""full_batch_harm_lcb"": -0.034188152775168415, ""full_batch_harm_se"": 0.0023239869624376297, ""full_batch_harm_ucb"": -0.02507812388241291, ""full_batch_safe"": true}}, ""guarded_best_reuse"": ""default"", ""num_adapters"": 2, ""pending_after"": false, ""pending_before"": false, ""policy_version"": ""cau_v1"", ""reason"": ""safe_existing_reuse"", ""utility"": {""batch_n"": 16, ""best_reuse"": ""default"", ""best_reuse_query_after"": 2.6622753143310547, ""best_reuse_utility"": 0.028893470764160156, ""budget_blocked_fresh"": false, ""defer_utility"": 0.0, ""fold_a_fresh_utility"": -1.6232810020446777, ""fold_a_query_n"": 8, ""fold_a_support_n"": 8, ""fold_b_fresh_utility"": -1.4822425842285156, ""fold_b_query_n"": 8, ""fold_b_support_n"": 8, ""fresh_advantage"": -1.5816552639007568, ""fresh_local_trainability"": 0.07489752769470215, ""fresh_positive"": false, ""fresh_query_after"": 4.2439305782318115, ""fresh_query_before"": 4.318828105926514, ""fresh_utility"": -1.5527617931365967, ""max_adapters"": 8, ""reuse_profiles"": {""adapter_1"": {""feasible_both"": true, ""fold_a_harm"": -0.05275389924645424, ""fold_a_lcb"": -0.05626012773253024, ""fold_a_query_after"": 5.538876533508301, ""fold_a_utility"": -2.804213523864746, ""fold_b_harm"": -0.05219344422221184, ""fold_b_lcb"": -0.0557630717754364, ""fold_b_query_after"": 5.254199504852295, ""fold_b_utility"": -2.60652494430542, ""harm_lcb_max"": -0.0557630717754364, ""harm_mean"": -0.05247367173433304, ""harm_se_mean"": 0.0018050653161481023, ""harm_ucb_max"": -0.048623816668987276, ""local_trainability"": -0.05202770233154297, ""query_after"": 5.396538019180298, ""query_before"": 5.344510316848755, ""system_utility"": -2.705369234085083}, ""default"": {""feasible_both"": true, ""fold_a_harm"": -0.027974866330623627, ""fold_a_lcb"": -0.03236125241033733, ""fold_a_query_after"": 2.7017297744750977, ""fold_a_utility"": 0.03293323516845703, ""fold_b_harm"": -0.030095499008893967, ""fold_b_lcb"": -0.03462423556484282, ""fold_b_query_after"": 2.6228208541870117, ""fold_b_utility"": 0.02485370635986328, ""harm_lcb_max"": -0.03236125241033733, ""harm_mean"": -0.029035182669758797, ""harm_se_mean"": 0.002274265978485346, ""harm_ucb_max"": -0.023588480250909927, ""local_trainability"": 0.028893470764160156, ""query_after"": 2.6622753143310547, ""query_before"": 2.691168785095215, ""system_utility"": 0.028893470764160156}}, ""status"": ""ok"", ""statusquo_loss"": 2.691168785095215, ""total_memory_budget"": 512}, ""utility_status"": ""ok""}"
38,A2,A,2,default,reuse,safe_existing_reuse,2.5477218627929688,2,True,589824,118426,0,110249703,354125,5666400,493,38.515618114033714,847532032,0.0,31.699307919945568,3.427384077804163,512,512,2.5809597969055176,-1.682110071182251,0.02744877338409424,-1.7095588445663452,False,,"{""best_reuse"": ""default"", ""best_reuse_utility"": 0.02744877338409424, ""decision"": ""reuse"", ""fresh_advantage"": -1.7095588445663452, ""fresh_positive"": false, ""fresh_utility"": -1.682110071182251, ""full_batch_guards"": {""adapter_1"": {""crossfit_feasible"": true, ""crossfit_utility"": -2.8400719165802, ""crossfit_utility_positive"": false, ""full_batch_cur_after"": 5.369606971740723, ""full_batch_cur_before"": 5.354397773742676, ""full_batch_gain"": -0.015209197998046875, ""full_batch_harm"": -0.05118102952837944, ""full_batch_harm_lcb"": -0.05480712513439357, ""full_batch_harm_se"": 0.001850048778578639, ""full_batch_harm_ucb"": -0.04755493392236531, ""full_batch_safe"": true}, ""default"": {""crossfit_feasible"": true, ""crossfit_utility"": 0.02744877338409424, ""crossfit_utility_positive"": true, ""full_batch_cur_after"": 2.54362154006958, ""full_batch_cur_before"": 2.5809597969055176, ""full_batch_gain"": 0.0373382568359375, ""full_batch_harm"": -0.02558932453393936, ""full_batch_harm_lcb"": -0.03283169285394251, ""full_batch_harm_se"": 0.0036950858775526285, ""full_batch_harm_ucb"": -0.01834695621393621, ""full_batch_safe"": true}}, ""guarded_best_reuse"": ""default"", ""num_adapters"": 2, ""pending_after"": false, ""pending_before"": false, ""policy_version"": ""cau_v1"", ""reason"": ""safe_existing_reuse"", ""utility"": {""batch_n"": 16, ""best_reuse"": ""default"", ""best_reuse_query_after"": 2.5535110235214233, ""best_reuse_utility"": 0.02744877338409424, ""budget_blocked_fresh"": false, ""defer_utility"": 0.0, ""fold_a_fresh_utility"": -1.6205601692199707, ""fold_a_query_n"": 8, ""fold_a_support_n"": 8, ""fold_b_fresh_utility"": -1.7436599731445312, ""fold_b_query_n"": 8, ""fold_b_support_n"": 8, ""fresh_advantage"": -1.7095588445663452, ""fresh_local_trainability"": 0.06036972999572754, ""fresh_positive"": false, ""fresh_query_after"": 4.2630698680877686, ""fresh_query_before"": 4.323439598083496, ""fresh_utility"": -1.682110071182251, ""max_adapters"": 8, ""reuse_profiles"": {""adapter_1"": {""feasible_both"": true, ""fold_a_harm"": -0.05328086391091347, ""fold_a_lcb"": -0.05683042424265295, ""fold_a_query_after"": 5.415173530578613, ""fold_a_utility"": -2.810087203979492, ""fold_b_harm"": -0.0519486665725708, ""fold_b_lcb"": -0.055594037408009174, ""fold_b_query_after"": 5.426889896392822, ""fold_b_utility"": -2.870056629180908, ""harm_lcb_max"": -0.055594037408009174, ""harm_mean"": -0.052614765241742134, ""harm_se_mean"": 0.0018354416242800653, ""harm_ucb_max"": -0.04830329573713243, ""local_trainability"": -0.06663393974304199, ""query_after"": 5.421031713485718, ""query_before"": 5.354397773742676, ""system_utility"": -2.8400719165802}, ""default"": {""feasible_both"": true, ""fold_a_harm"": -0.025228213518857956, ""fold_a_lcb"": -0.03183563374914229, ""fold_a_query_after"": 2.575371265411377, ""fold_a_utility"": 0.02971506118774414, ""fold_b_harm"": -0.024081721901893616, ""fold_b_lcb"": -0.031241995487362145, ""fold_b_query_after"": 2.5316507816314697, ""fold_b_utility"": 0.025182485580444336, ""harm_lcb_max"": -0.031241995487362145, ""harm_mean"": -0.024654967710375786, ""harm_se_mean"": 0.0035121667897328734, ""harm_ucb_max"": -0.016921448316425086, ""local_trainability"": 0.02744877338409424, ""query_after"": 2.5535110235214233, ""query_before"": 2.5809597969055176, ""system_utility"": 0.02744877338409424}}, ""status"": ""ok"", ""statusquo_loss"": 2.5809597969055176, ""total_memory_budget"": 512}, ""utility_status"": ""ok""}"
39,A2,A,2,default,reuse,safe_existing_reuse,2.6125497817993164,2,True,589824,118426,0,110249703,354125,5666400,493,39.73770049097948,847532032,0.0,32.91533885989338,3.427384077804163,512,512,2.5981650352478027,-1.675497055053711,0.020884037017822266,-1.6963810920715332,False,,"{""best_reuse"": ""default"", ""best_reuse_utility"": 0.020884037017822266, ""decision"": ""reuse"", ""fresh_advantage"": -1.6963810920715332, ""fresh_positive"": false, ""fresh_utility"": -1.675497055053711, ""full_batch_guards"": {""adapter_1"": {""crossfit_feasible"": true, ""crossfit_utility"": -2.8394670486450195, ""crossfit_utility_positive"": false, ""full_batch_cur_after"": 5.392935276031494, ""full_batch_cur_before"": 5.3809814453125, ""full_batch_gain"": -0.01195383071899414, ""full_batch_harm"": -0.05059048905968666, ""full_batch_harm_lcb"": -0.054344515912234784, ""full_batch_harm_se"": 0.0019153198227286339, ""full_batch_harm_ucb"": -0.04683646220713854, ""full_batch_safe"": true}, ""default"": {""crossfit_feasible"": true, ""crossfit_utility"": 0.020884037017822266, ""crossfit_utility_positive"": true, ""full_batch_cur_after"": 2.567898750305176, ""full_batch_cur_before"": 2.5981650352478027, ""full_batch_gain"": 0.030266284942626953, ""full_batch_harm"": -0.019009370356798172, ""full_batch_harm_lcb"": -0.02728254543617368, ""full_batch_harm_se"": 0.004221007693558931, ""full_batch_harm_ucb"": -0.010736195277422667, ""full_batch_safe"": true}}, ""guarded_best_reuse"": ""default"", ""num_adapters"": 2, ""pending_after"": false, ""pending_before"": false, ""policy_version"": ""cau_v1"", ""reason"": ""safe_existing_reuse"", ""utility"": {""batch_n"": 16, ""best_reuse"": ""default"", ""best_reuse_query_after"": 2.5772809982299805, ""best_reuse_utility"": 0.020884037017822266, ""budget_blocked_fresh"": false, ""defer_utility"": 0.0, ""fold_a_fresh_utility"": -1.618539571762085, ""fold_a_query_n"": 8, ""fold_a_support_n"": 8, ""fold_b_fresh_utility"": -1.732454538345337, ""fold_b_query_n"": 8, ""fold_b_support_n"": 8, ""fresh_advantage"": -1.6963810920715332, ""fresh_local_trainability"": 0.06957769393920898, ""fresh_positive"": false, ""fresh_query_after"": 4.273662090301514, ""fresh_query_before"": 4.343239784240723, ""fresh_utility"": -1.675497055053711, ""max_adapters"": 8, ""reuse_profiles"": {""adapter_1"": {""feasible_both"": true, ""fold_a_harm"": -0.051766157150268555, ""fold_a_lcb"": -0.05538384477142245, ""fold_a_query_after"": 5.482488632202148, ""fold_a_utility"": -2.8177497386932373, ""fold_b_harm"": -0.051522523164749146, ""fold_b_lcb"": -0.055126195652410385, ""fold_b_query_after"": 5.392775535583496, ""fold_b_utility"": -2.8611843585968018, ""harm_lcb_max"": -0.055126195652410385, ""harm_mean"": -0.05164434015750885, ""harm_se_mean"": 0.0018421837012283504, ""harm_ucb_max"": -0.047918850677087906, ""local_trainability"": -0.056650638580322266, ""query_after"": 5.437632083892822, ""query_before"": 5.3809814453125, ""system_utility"": -2.8394670486450195}, ""default"": {""feasible_both"": true, ""fold_a_harm"": -0.01820058375597, ""fold_a_lcb"": -0.02652588291093707, ""fold_a_query_after"": 2.6478500366210938, ""fold_a_utility"": 0.016888856887817383, ""fold_b_harm"": -0.018304940313100815, ""fold_b_lcb"": -0.025916832368820905, ""fold_b_query_after"": 2.506711959838867, ""fold_b_utility"": 0.02487921714782715, ""harm_lcb_max"": -0.025916832368820905, ""harm_mean"": -0.018252762034535408, ""harm_se_mean"": 0.0040656100027263165, ""harm_ucb_max"": -0.009875284601002931, ""local_trainability"": 0.020884037017822266, ""query_after"": 2.5772809982299805, ""query_before"": 2.5981650352478027, ""system_utility"": 0.020884037017822266}}, ""status"": ""ok"", ""statusquo_loss"": 2.5981650352478027, ""total_memory_budget"": 512}, ""utility_status"": ""ok""}"
40,A2,A,2,default,reuse,safe_existing_reuse,2.4865617752075195,2,True,589824,118426,0,110249703,354125,5666400,493,40.97050373395905,847532032,0.0,34.1419286809396,3.427384077804163,512,512,2.514280080795288,-1.7422480583190918,0.011867761611938477,-1.7541158199310303,False,,"{""best_reuse"": ""default"", ""best_reuse_utility"": 0.011867761611938477, ""decision"": ""reuse"", ""fresh_advantage"": -1.7541158199310303, ""fresh_positive"": false, ""fresh_utility"": -1.7422480583190918, ""full_batch_guards"": {""adapter_1"": {""crossfit_feasible"": true, ""crossfit_utility"": -2.8563032150268555, ""crossfit_utility_positive"": false, ""full_batch_cur_after"": 5.301902770996094, ""full_batch_cur_before"": 5.293191909790039, ""full_batch_gain"": -0.008710861206054688, ""full_batch_harm"": -0.051697954535484314, ""full_batch_harm_lcb"": -0.05534049076493829, ""full_batch_harm_se"": 0.0018584368517622352, ""full_batch_harm_ucb"": -0.048055418306030336, ""full_batch_safe"": true}, ""default"": {""crossfit_feasible"": true, ""crossfit_utility"": 0.011867761611938477, ""crossfit_utility_positive"": true, ""full_batch_cur_after"": 2.4873852729797363, ""full_batch_cur_before"": 2.514279842376709, ""full_batch_gain"": 0.026894569396972656, ""full_batch_harm"": -0.019263681024312973, ""full_batch_harm_lcb"": -0.027821354437619447, ""full_batch_harm_se"": 0.004366159904748201, ""full_batch_harm_ucb"": -0.010706007611006499, ""full_batch_safe"": true}}, ""guarded_best_reuse"": ""default"", ""num_adapters"": 2, ""pending_after"": false, ""pending_before"": false, ""policy_version"": ""cau_v1"", ""reason"": ""safe_existing_reuse"", ""utility"": {""batch_n"": 16, ""best_reuse"": ""default"", ""best_reuse_query_after"": 2.5024123191833496, ""best_reuse_utility"": 0.011867761611938477, ""budget_blocked_fresh"": false, ""defer_utility"": 0.0, ""fold_a_fresh_utility"": -1.7081122398376465, ""fold_a_query_n"": 8, ""fold_a_support_n"": 8, ""fold_b_fresh_utility"": -1.776383876800537, ""fold_b_query_n"": 8, ""fold_b_support_n"": 8, ""fresh_advantage"": -1.7541158199310303, ""fresh_local_trainability"": 0.04611086845397949, ""fresh_positive"": false, ""fresh_query_after"": 4.25652813911438, ""fresh_query_before"": 4.302639007568359, ""fresh_utility"": -1.7422480583190918, ""max_adapters"": 8, ""reuse_profiles"": {""adapter_1"": {""feasible_both"": true, ""fold_a_harm"": -0.05392855405807495, ""fold_a_lcb"": -0.05753148612100631, ""fold_a_query_after"": 5.508134365081787, ""fold_a_utility"": -2.8677291870117188, ""fold_b_harm"": -0.0522804856300354, ""fold_b_lcb"": -0.05582488808780908, ""fold_b_query_after"": 5.2330322265625, ""fold_b_utility"": -2.844877243041992, ""harm_lcb_max"": -0.05582488808780908, ""harm_mean"": -0.053104519844055176, ""harm_se_mean"": 0.0018232996226288378, ""harm_ucb_max"": -0.04873608317226172, ""local_trainability"": -0.0773918628692627, ""query_after"": 5.3705832958221436, ""query_before"": 5.293191432952881, ""system_utility"": -2.8563032150268555}, ""default"": {""feasible_both"": true, ""fold_a_harm"": -0.01712575927376747, ""fold_a_lcb"": -0.02554591128602624, ""fold_a_query_after"": 2.6305127143859863, ""fold_a_utility"": 0.009892463684082031, ""fold_b_harm"": -0.01893635466694832, ""fold_b_lcb"": -0.026986088044941424, ""fold_b_query_after"": 2.374311923980713, ""fold_b_utility"": 0.013843059539794922, ""harm_lcb_max"": -0.02554591128602624, ""harm_mean"": -0.018031056970357895, ""harm_se_mean"": 0.004201501375064254, ""harm_ucb_max"": -0.008705607261508704, ""local_trainability"": 0.011867761611938477, ""query_after"": 2.5024123191833496, ""query_before"": 2.514280080795288, ""system_utility"": 0.011867761611938477}}, ""status"": ""ok"", ""statusquo_loss"": 2.514280080795288, ""total_memory_budget"": 512}, ""utility_status"": ""ok""}"
41,A2,A,2,default,reuse,safe_existing_reuse,2.6825156211853027,2,True,589824,118426,0,110249703,354125,5666400,493,42.21672946889885,847532032,0.0,35.38188234181143,3.427384077804163,512,512,2.661896228790283,-1.713313341140747,0.025262832641601562,-1.7385761737823486,False,,"{""best_reuse"": ""default"", ""best_reuse_utility"": 0.025262832641601562, ""decision"": ""reuse"", ""fresh_advantage"": -1.7385761737823486, ""fresh_positive"": false, ""fresh_utility"": -1.713313341140747, ""full_batch_guards"": {""adapter_1"": {""crossfit_feasible"": true, ""crossfit_utility"": -2.9081146717071533, ""crossfit_utility_positive"": false, ""full_batch_cur_after"": 5.525857925415039, ""full_batch_cur_before"": 5.519613265991211, ""full_batch_gain"": -0.006244659423828125, ""full_batch_harm"": -0.05184955894947052, ""full_batch_harm_lcb"": -0.05547649218235165, ""full_batch_harm_se"": 0.0018504761392250657, ""full_batch_harm_ucb"": -0.04822262571658939, ""full_batch_safe"": true}, ""default"": {""crossfit_feasible"": true, ""crossfit_utility"": 0.025262832641601562, ""crossfit_utility_positive"": true, ""full_batch_cur_after"": 2.628631591796875, ""full_batch_cur_before"": 2.661896228790283, ""full_batch_gain"": 0.0332646369934082, ""full_batch_harm"": -0.012448366731405258, ""full_batch_harm_lcb"": -0.02056790493428707, ""full_batch_harm_se"": 0.004142621532082558, ""full_batch_harm_ucb"": -0.004328828528523445, ""full_batch_safe"": true}}, ""guarded_best_reuse"": ""default"", ""num_adapters"": 2, ""pending_after"": false, ""pending_before"": false, ""policy_version"": ""cau_v1"", ""reason"": ""safe_existing_reuse"", ""utility"": {""batch_n"": 16, ""best_reuse"": ""default"", ""best_reuse_query_after"": 2.6366333961486816, ""best_reuse_utility"": 0.025262832641601562, ""budget_blocked_fresh"": false, ""defer_utility"": 0.0, ""fold_a_fresh_utility"": -1.7311124801635742, ""fold_a_query_n"": 8, ""fold_a_support_n"": 8, ""fold_b_fresh_utility"": -1.69551420211792, ""fold_b_query_n"": 8, ""fold_b_support_n"": 8, ""fresh_advantage"": -1.7385761737823486, ""fresh_local_trainability"": 0.07797574996948242, ""fresh_positive"": false, ""fresh_query_after"": 4.37520956993103, ""fresh_query_before"": 4.453185319900513, ""fresh_utility"": -1.713313341140747, ""max_adapters"": 8, ""reuse_profiles"": {""adapter_1"": {""feasible_both"": true, ""fold_a_harm"": -0.05291241779923439, ""fold_a_lcb"": -0.05639932701829821, ""fold_a_query_after"": 5.51238489151001, ""fold_a_utility"": -2.92567777633667, ""fold_b_harm"": -0.052997469902038574, ""fold_b_lcb"": -0.056573698758147654, ""fold_b_query_after"": 5.627636909484863, ""fold_b_utility"": -2.8905515670776367, ""harm_lcb_max"": -0.05639932701829821, ""harm_mean"": -0.05295494385063648, ""harm_se_mean"": 0.0018018209375441074, ""harm_ucb_max"": -0.049421241045929494, ""local_trainability"": -0.05039811134338379, ""query_after"": 5.5700109004974365, ""query_before"": 5.519612789154053, ""system_utility"": -2.9081146717071533}, ""default"": {""feasible_both"": true, ""fold_a_harm"": -0.012599602341651917, ""fold_a_lcb"": -0.019730619452893734, ""fold_a_query_after"": 2.555631160736084, ""fold_a_utility"": 0.03107595443725586, ""fold_b_harm"": -0.01181843876838684, ""fold_b_lcb"": -0.020837412532418966, ""fold_b_query_after"": 2.7176356315612793, ""fold_b_utility"": 0.019449710845947266, ""harm_lcb_max"": -0.019730619452893734, ""harm_mean"": -0.012209020555019379, ""harm_se_mean"": 0.004119895631447434, ""harm_ucb_max"": -0.0027994650043547155, ""local_trainability"": 0.025262832641601562, ""query_after"": 2.6366333961486816, ""query_before"": 2.661896228790283, ""system_utility"": 0.025262832641601562}}, ""status"": ""ok"", ""statusquo_loss"": 2.661896228790283, ""total_memory_budget"": 512}, ""utility_status"": ""ok""}"
42,A2,A,2,default,reuse,safe_existing_reuse,2.4813761711120605,2,True,589824,118426,0,110249703,354125,5666400,493,43.43589323502965,847532032,0.0,36.59478131495416,3.427384077804163,512,512,2.4495697021484375,-1.7521495819091797,0.012738943099975586,-1.7648885250091553,False,,"{""best_reuse"": ""default"", ""best_reuse_utility"": 0.012738943099975586, ""decision"": ""reuse"", ""fresh_advantage"": -1.7648885250091553, ""fresh_positive"": false, ""fresh_utility"": -1.7521495819091797, ""full_batch_guards"": {""adapter_1"": {""crossfit_feasible"": true, ""crossfit_utility"": -2.884258508682251, ""crossfit_utility_positive"": false, ""full_batch_cur_after"": 5.3060760498046875, ""full_batch_cur_before"": 5.29434871673584, ""full_batch_gain"": -0.011727333068847656, ""full_batch_harm"": -0.05211157351732254, ""full_batch_harm_lcb"": -0.05564179724082351, ""full_batch_harm_se"": 0.0018011345528066158, ""full_batch_harm_ucb"": -0.048581349793821574, ""full_batch_safe"": true}, ""default"": {""crossfit_feasible"": true, ""crossfit_utility"": 0.012738943099975586, ""crossfit_utility_positive"": true, ""full_batch_cur_after"": 2.4322662353515625, ""full_batch_cur_before"": 2.4495697021484375, ""full_batch_gain"": 0.017303466796875, ""full_batch_harm"": -0.012283701449632645, ""full_batch_harm_lcb"": -0.01976216645911336, ""full_batch_harm_se"": 0.003815543372184038, ""full_batch_harm_ucb"": -0.00480523644015193, ""full_batch_safe"": true}}, ""guarded_best_reuse"": ""default"", ""num_adapters"": 2, ""pending_after"": false, ""pending_before"": false, ""policy_version"": ""cau_v1"", ""reason"": ""safe_existing_reuse"", ""utility"": {""batch_n"": 16, ""best_reuse"": ""default"", ""best_reuse_query_after"": 2.436830759048462, ""best_reuse_utility"": 0.012738943099975586, ""budget_blocked_fresh"": false, ""defer_utility"": 0.0, ""fold_a_fresh_utility"": -1.7557768821716309, ""fold_a_query_n"": 8, ""fold_a_support_n"": 8, ""fold_b_fresh_utility"": -1.7485222816467285, ""fold_b_query_n"": 8, ""fold_b_support_n"": 8, ""fresh_advantage"": -1.7648885250091553, ""fresh_local_trainability"": 0.09234619140625, ""fresh_positive"": false, ""fresh_query_after"": 4.201719284057617, ""fresh_query_before"": 4.294065475463867, ""fresh_utility"": -1.7521495819091797, ""max_adapters"": 8, ""reuse_profiles"": {""adapter_1"": {""feasible_both"": true, ""fold_a_harm"": -0.05268189683556557, ""fold_a_lcb"": -0.05621580716688186, ""fold_a_query_after"": 5.3254594802856445, ""fold_a_utility"": -2.8737778663635254, ""fold_b_harm"": -0.053434282541275024, ""fold_b_lcb"": -0.05691978917457163, ""fold_b_query_after"": 5.342196941375732, ""fold_b_utility"": -2.8947391510009766, ""harm_lcb_max"": -0.05621580716688186, ""harm_mean"": -0.053058089688420296, ""harm_se_mean"": 0.0017906675930134952, ""harm_ucb_max"": -0.04914798650424927, ""local_trainability"": -0.03947925567626953, ""query_after"": 5.3338282108306885, ""query_before"": 5.294348955154419, ""system_utility"": -2.884258508682251}, ""default"": {""feasible_both"": true, ""fold_a_harm"": -0.012314967811107635, ""fold_a_lcb"": -0.01901621274650097, ""fold_a_query_after"": 2.4323716163635254, ""fold_a_utility"": 0.01930999755859375, ""fold_b_harm"": -0.012471657246351242, ""fold_b_lcb"": -0.020655275844037535, ""fold_b_query_after"": 2.4412899017333984, ""fold_b_utility"": 0.006167888641357422, ""harm_lcb_max"": -0.01901621274650097, ""harm_mean"": -0.012393312528729439, ""harm_se_mean"": 0.0037971590645611286, ""harm_ucb_max"": -0.004288038648664951, ""local_trainability"": 0.012738943099975586, ""query_after"": 2.436830759048462, ""query_before"": 2.4495697021484375, ""system_utility"": 0.012738943099975586}}, ""status"": ""ok"", ""statusquo_loss"": 2.4495697021484375, ""total_memory_budget"": 512}, ""utility_status"": ""ok""}"
43,A2,A,2,default,reuse,safe_existing_reuse,2.6008810997009277,2,True,589824,118426,0,110249703,354125,5666400,493,44.68580106087029,847532032,0.0,37.83834286592901,3.427384077804163,512,512,2.5580610036849976,-1.6879786252975464,0.00735926628112793,-1.6953378915786743,False,,"{""best_reuse"": ""default"", ""best_reuse_utility"": 0.00735926628112793, ""decision"": ""reuse"", ""fresh_advantage"": -1.6953378915786743, ""fresh_positive"": false, ""fresh_utility"": -1.6879786252975464, ""full_batch_guards"": {""adapter_1"": {""crossfit_feasible"": true, ""crossfit_utility"": -2.772731900215149, ""crossfit_utility_positive"": false, ""full_batch_cur_after"": 5.300590515136719, ""full_batch_cur_before"": 5.292490005493164, ""full_batch_gain"": -0.008100509643554688, ""full_batch_harm"": -0.051951467990875244, ""full_batch_harm_lcb"": -0.055537421852350236, ""full_batch_harm_se"": 0.0018295682966709137, ""full_batch_harm_ucb"": -0.04836551412940025, ""full_batch_safe"": true}, ""default"": {""crossfit_feasible"": true, ""crossfit_utility"": 0.00735926628112793, ""crossfit_utility_positive"": true, ""full_batch_cur_after"": 2.5448784828186035, ""full_batch_cur_before"": 2.558060884475708, ""full_batch_gain"": 0.013182401657104492, ""full_batch_harm"": -0.010447435081005096, ""full_batch_harm_lcb"": -0.01756359121762216, ""full_batch_harm_se"": 0.003630691906437278, ""full_batch_harm_ucb"": -0.003331278944388032, ""full_batch_safe"": true}}, ""guarded_best_reuse"": ""default"", ""num_adapters"": 2, ""pending_after"": false, ""pending_before"": false, ""policy_version"": ""cau_v1"", ""reason"": ""safe_existing_reuse"", ""utility"": {""batch_n"": 16, ""best_reuse"": ""default"", ""best_reuse_query_after"": 2.5507017374038696, ""best_reuse_utility"": 0.00735926628112793, ""budget_blocked_fresh"": false, ""defer_utility"": 0.0, ""fold_a_fresh_utility"": -1.6463673114776611, ""fold_a_query_n"": 8, ""fold_a_support_n"": 8, ""fold_b_fresh_utility"": -1.7295899391174316, ""fold_b_query_n"": 8, ""fold_b_support_n"": 8, ""fresh_advantage"": -1.6953378915786743, ""fresh_local_trainability"": 0.09480071067810059, ""fresh_positive"": false, ""fresh_query_after"": 4.246039628982544, ""fresh_query_before"": 4.3408403396606445, ""fresh_utility"": -1.6879786252975464, ""max_adapters"": 8, ""reuse_profiles"": {""adapter_1"": {""feasible_both"": true, ""fold_a_harm"": -0.05287628248333931, ""fold_a_lcb"": -0.05641370920464397, ""fold_a_query_after"": 5.312723159790039, ""fold_a_utility"": -2.741833448410034, ""fold_b_harm"": -0.052828144282102585, ""fold_b_lcb"": -0.05643611579667777, ""fold_b_query_after"": 5.348862648010254, ""fold_b_utility"": -2.8036303520202637, ""harm_lcb_max"": -0.05641370920464397, ""harm_mean"": -0.05285221338272095, ""harm_se_mean"": 0.0018228056724183261, ""harm_ucb_max"": -0.0492201727675274, ""local_trainability"": -0.03830289840698242, ""query_after"": 5.3307929039001465, ""query_before"": 5.292490005493164, ""system_utility"": -2.772731900215149}, ""default"": {""feasible_both"": true, ""fold_a_harm"": -0.010470610111951828, ""fold_a_lcb"": -0.018562474455684423, ""fold_a_query_after"": 2.5699143409729004, ""fold_a_utility"": 0.0009753704071044922, ""fold_b_harm"": -0.009823661297559738, ""fold_b_lcb"": -0.016140292435884475, ""fold_b_query_after"": 2.531489133834839, ""fold_b_utility"": 0.013743162155151367, ""harm_lcb_max"": -0.016140292435884475, ""harm_mean"": -0.010147135704755783, ""harm_se_mean"": 0.003675636602565646, ""harm_ucb_max"": -0.002378745768219233, ""local_trainability"": 0.00735926628112793, ""query_after"": 2.5507017374038696, ""query_before"": 2.5580610036849976, ""system_utility"": 0.00735926628112793}}, ""status"": ""ok"", ""statusquo_loss"": 2.5580610036849976, ""total_memory_budget"": 512}, ""utility_status"": ""ok""}"
44,A2,A,2,default,reuse,safe_existing_reuse,2.502842664718628,2,True,589824,118426,0,110249703,354125,5666400,493,45.917449882952496,847532032,0.0,39.063630311982706,3.427384077804163,512,512,2.4862030744552612,-1.807754635810852,0.010571718215942383,-1.8183263540267944,False,,"{""best_reuse"": ""default"", ""best_reuse_utility"": 0.010571718215942383, ""decision"": ""reuse"", ""fresh_advantage"": -1.8183263540267944, ""fresh_positive"": false, ""fresh_utility"": -1.807754635810852, ""full_batch_guards"": {""adapter_1"": {""crossfit_feasible"": true, ""crossfit_utility"": -2.946914792060852, ""crossfit_utility_positive"": false, ""full_batch_cur_after"": 5.381596088409424, ""full_batch_cur_before"": 5.374266147613525, ""full_batch_gain"": -0.0073299407958984375, ""full_batch_harm"": -0.05178613215684891, ""full_batch_harm_lcb"": -0.05541429159697145, ""full_batch_harm_se"": 0.0018511017551645637, ""full_batch_harm_ucb"": -0.048157972716726366, ""full_batch_safe"": true}, ""default"": {""crossfit_feasible"": true, ""crossfit_utility"": 0.010571718215942383, ""crossfit_utility_positive"": true, ""full_batch_cur_after"": 2.465000629425049, ""full_batch_cur_before"": 2.486203193664551, ""full_batch_gain"": 0.021202564239501953, ""full_batch_harm"": -0.010918579995632172, ""full_batch_harm_lcb"": -0.017705936441197993, ""full_batch_harm_se"": 0.0034629369620233774, ""full_batch_harm_ucb"": -0.004131223550066352, ""full_batch_safe"": true}}, ""guarded_best_reuse"": ""default"", ""num_adapters"": 2, ""pending_after"": false, ""pending_before"": false, ""policy_version"": ""cau_v1"", ""reason"": ""safe_existing_reuse"", ""utility"": {""batch_n"": 16, ""best_reuse"": ""default"", ""best_reuse_query_after"": 2.475631356239319, ""best_reuse_utility"": 0.010571718215942383, ""budget_blocked_fresh"": false, ""defer_utility"": 0.0, ""fold_a_fresh_utility"": -1.8148319721221924, ""fold_a_query_n"": 8, ""fold_a_support_n"": 8, ""fold_b_fresh_utility"": -1.8006772994995117, ""fold_b_query_n"": 8, ""fold_b_support_n"": 8, ""fresh_advantage"": -1.8183263540267944, ""fresh_local_trainability"": 0.06620240211486816, ""fresh_positive"": false, ""fresh_query_after"": 4.293957710266113, ""fresh_query_before"": 4.3601601123809814, ""fresh_utility"": -1.807754635810852, ""max_adapters"": 8, ""reuse_profiles"": {""adapter_1"": {""feasible_both"": true, ""fold_a_harm"": -0.05209401249885559, ""fold_a_lcb"": -0.05565092368517071, ""fold_a_query_after"": 5.4905805587768555, ""fold_a_utility"": -2.956937074661255, ""fold_b_harm"": -0.053960103541612625, ""fold_b_lcb"": -0.057501344648189845, ""fold_b_query_after"": 5.375655174255371, ""fold_b_utility"": -2.936892509460449, ""harm_lcb_max"": -0.05565092368517071, ""harm_mean"": -0.05302705802023411, ""harm_se_mean"": 0.0018107531359419227, ""harm_ucb_max"": -0.04853710131254047, ""local_trainability"": -0.05885171890258789, ""query_after"": 5.433117866516113, ""query_before"": 5.374266147613525, ""system_utility"": -2.946914792060852}, ""default"": {""feasible_both"": true, ""fold_a_harm"": -0.010390032082796097, ""fold_a_lcb"": -0.016758523983880877, ""fold_a_query_after"": 2.522233724594116, ""fold_a_utility"": 0.011409759521484375, ""fold_b_harm"": -0.009744875133037567, ""fold_b_lcb"": -0.016593702118843794, ""fold_b_query_after"": 2.4290289878845215, ""fold_b_utility"": 0.00973367691040039, ""harm_lcb_max"": -0.016593702118843794, ""harm_mean"": -0.010067453607916832, ""harm_se_mean"": 0.0033717650221660733, ""harm_ucb_max"": -0.002896048147231341, ""local_trainability"": 0.010571718215942383, ""query_after"": 2.475631356239319, ""query_before"": 2.4862030744552612, ""system_utility"": 0.010571718215942383}}, ""status"": ""ok"", ""statusquo_loss"": 2.4862030744552612, ""total_memory_budget"": 512}, ""utility_status"": ""ok""}"
45,A2,A,2,default,reuse,safe_existing_reuse,2.6281886100769043,2,True,589824,118426,0,110249703,354125,5666400,493,47.18692192994058,847532032,0.0,40.326641600811854,3.427384077804163,512,512,2.5585453510284424,-1.7566399574279785,0.008501172065734863,-1.7651411294937134,False,,"{""best_reuse"": ""default"", ""best_reuse_utility"": 0.008501172065734863, ""decision"": ""reuse"", ""fresh_advantage"": -1.7651411294937134, ""fresh_positive"": false, ""fresh_utility"": -1.7566399574279785, ""full_batch_guards"": {""adapter_1"": {""crossfit_feasible"": true, ""crossfit_utility"": -2.832681655883789, ""crossfit_utility_positive"": false, ""full_batch_cur_after"": 5.35172700881958, ""full_batch_cur_before"": 5.342021942138672, ""full_batch_gain"": -0.009705066680908203, ""full_batch_harm"": -0.05166725441813469, ""full_batch_harm_lcb"": -0.05519107238389551, ""full_batch_harm_se"": 0.0017978663090616465, ""full_batch_harm_ucb"": -0.048143436452373865, ""full_batch_safe"": true}, ""default"": {""crossfit_feasible"": true, ""crossfit_utility"": 0.008501172065734863, ""crossfit_utility_positive"": true, ""full_batch_cur_after"": 2.54036283493042, ""full_batch_cur_before"": 2.5585453510284424, ""full_batch_gain"": 0.01818251609802246, ""full_batch_harm"": -0.003668680787086487, ""full_batch_harm_lcb"": -0.010760443294420838, ""full_batch_harm_se"": 0.003618246177211404, ""full_batch_harm_ucb"": 0.0034230817202478645, ""full_batch_safe"": true}}, ""guarded_best_reuse"": ""default"", ""num_adapters"": 2, ""pending_after"": false, ""pending_before"": false, ""policy_version"": ""cau_v1"", ""reason"": ""safe_existing_reuse"", ""utility"": {""batch_n"": 16, ""best_reuse"": ""default"", ""best_reuse_query_after"": 2.5500441789627075, ""best_reuse_utility"": 0.008501172065734863, ""budget_blocked_fresh"": false, ""defer_utility"": 0.0, ""fold_a_fresh_utility"": -1.669076919555664, ""fold_a_query_n"": 8, ""fold_a_support_n"": 8, ""fold_b_fresh_utility"": -1.844202995300293, ""fold_b_query_n"": 8, ""fold_b_support_n"": 8, ""fresh_advantage"": -1.7651411294937134, ""fresh_local_trainability"": 0.07268476486206055, ""fresh_positive"": false, ""fresh_query_after"": 4.315185308456421, ""fresh_query_before"": 4.3878700733184814, ""fresh_utility"": -1.7566399574279785, ""max_adapters"": 8, ""reuse_profiles"": {""adapter_1"": {""feasible_both"": true, ""fold_a_harm"": -0.054428230971097946, ""fold_a_lcb"": -0.05796145700849593, ""fold_a_query_after"": 5.3044962882995605, ""fold_a_utility"": -2.762721061706543, ""fold_b_harm"": -0.0515814870595932, ""fold_b_lcb"": -0.055175759233534336, ""fold_b_query_after"": 5.477957725524902, ""fold_b_utility"": -2.902642250061035, ""harm_lcb_max"": -0.055175759233534336, ""harm_mean"": -0.05300485901534557, ""harm_se_mean"": 0.0018182393396273255, ""harm_ucb_max"": -0.047987214885652066, ""local_trainability"": -0.04920506477355957, ""query_after"": 5.3912270069122314, ""query_before"": 5.342021942138672, ""system_utility"": -2.832681655883789}, ""default"": {""feasible_both"": true, ""fold_a_harm"": -0.003303147852420807, ""fold_a_lcb"": -0.010669264532625674, ""fold_a_query_after"": 2.5352816581726074, ""fold_a_utility"": 0.006493568420410156, ""fold_b_harm"": -0.0025381147861480713, ""fold_b_lcb"": -0.009278384326025842, ""fold_b_query_after"": 2.5648066997528076, ""fold_b_utility"": 0.01050877571105957, ""harm_lcb_max"": -0.009278384326025842, ""harm_mean"": -0.002920631319284439, ""harm_se_mean"": 0.003598567913286388, ""harm_ucb_max"": 0.004202154753729701, ""local_trainability"": 0.008501172065734863, ""query_after"": 2.5500441789627075, ""query_before"": 2.5585453510284424, ""system_utility"": 0.008501172065734863}}, ""status"": ""ok"", ""statusquo_loss"": 2.5585453510284424, ""total_memory_budget"": 512}, ""utility_status"": ""ok""}"
46,A2,A,2,default,reuse,safe_existing_reuse,2.4705471992492676,2,True,589824,118426,0,110249703,354125,5666400,493,48.42606747802347,847532032,0.0,41.559008731739596,3.427384077804163,512,512,2.42988121509552,-1.7976261377334595,0.00048601627349853516,-1.798112154006958,False,,"{""best_reuse"": ""default"", ""best_reuse_utility"": 0.00048601627349853516, ""decision"": ""reuse"", ""fresh_advantage"": -1.798112154006958, ""fresh_positive"": false, ""fresh_utility"": -1.7976261377334595, ""full_batch_guards"": {""adapter_1"": {""crossfit_feasible"": true, ""crossfit_utility"": -2.8843833208084106, ""crossfit_utility_positive"": false, ""full_batch_cur_after"": 5.271944999694824, ""full_batch_cur_before"": 5.258850574493408, ""full_batch_gain"": -0.013094425201416016, ""full_batch_harm"": -0.051491543650627136, ""full_batch_harm_lcb"": -0.055106903212144974, ""full_batch_harm_se"": 0.001844571204856038, ""full_batch_harm_ucb"": -0.0478761840891093, ""full_batch_safe"": true}, ""default"": {""crossfit_feasible"": true, ""crossfit_utility"": 0.00048601627349853516, ""crossfit_utility_positive"": true, ""full_batch_cur_after"": 2.418818950653076, ""full_batch_cur_before"": 2.4298813343048096, ""full_batch_gain"": 0.011062383651733398, ""full_batch_harm"": -0.0041045211255550385, ""full_batch_harm_lcb"": -0.01072996938601136, ""full_batch_harm_se"": 0.0033803307451307774, ""full_batch_harm_ucb"": 0.0025209271349012847, ""full_batch_safe"": true}}, ""guarded_best_reuse"": ""default"", ""num_adapters"": 2, ""pending_after"": false, ""pending_before"": false, ""policy_version"": ""cau_v1"", ""reason"": ""safe_existing_reuse"", ""utility"": {""batch_n"": 16, ""best_reuse"": ""default"", ""best_reuse_query_after"": 2.4293951988220215, ""best_reuse_utility"": 0.00048601627349853516, ""budget_blocked_fresh"": false, ""defer_utility"": 0.0, ""fold_a_fresh_utility"": -1.809861660003662, ""fold_a_query_n"": 8, ""fold_a_support_n"": 8, ""fold_b_fresh_utility"": -1.7853906154632568, ""fold_b_query_n"": 8, ""fold_b_support_n"": 8, ""fresh_advantage"": -1.798112154006958, ""fresh_local_trainability"": 0.07195591926574707, ""fresh_positive"": false, ""fresh_query_after"": 4.2275073528289795, ""fresh_query_before"": 4.299463272094727, ""fresh_utility"": -1.7976261377334595, ""max_adapters"": 8, ""reuse_profiles"": {""adapter_1"": {""feasible_both"": true, ""fold_a_harm"": -0.050924282521009445, ""fold_a_lcb"": -0.054572853040881455, ""fold_a_query_after"": 5.20922327041626, ""fold_a_utility"": -2.8285317420959473, ""fold_b_harm"": -0.053827472031116486, ""fold_b_lcb"": -0.05744697454851121, ""fold_b_query_after"": 5.419305801391602, ""fold_b_utility"": -2.940234899520874, ""harm_lcb_max"": -0.054572853040881455, ""harm_mean"": -0.052375877276062965, ""harm_se_mean"": 0.00185410026460886, ""harm_ucb_max"": -0.047275712001137435, ""local_trainability"": -0.05541396141052246, ""query_after"": 5.314264535903931, ""query_before"": 5.258850574493408, ""system_utility"": -2.8843833208084106}, ""default"": {""feasible_both"": true, ""fold_a_harm"": -0.004370119422674179, ""fold_a_lcb"": -0.011219790652394295, ""fold_a_query_after"": 2.3833365440368652, ""fold_a_utility"": -0.0026450157165527344, ""fold_b_harm"": -0.004520993679761887, ""fold_b_lcb"": -0.011330296816304326, ""fold_b_query_after"": 2.4754538536071777, ""fold_b_utility"": 0.0036170482635498047, ""harm_lcb_max"": -0.011219790652394295, ""harm_mean"": -0.004445556551218033, ""harm_se_mean"": 0.003484432236291468, ""harm_ucb_max"": 0.002479551807045936, ""local_trainability"": 0.00048601627349853516, ""query_after"": 2.4293951988220215, ""query_before"": 2.42988121509552, ""system_utility"": 0.00048601627349853516}}, ""status"": ""ok"", ""statusquo_loss"": 2.42988121509552, ""total_memory_budget"": 512}, ""utility_status"": ""ok""}"
47,A2,A,2,default,reuse,safe_existing_reuse,2.545557975769043,2,True,589824,118426,0,110249703,354125,5666400,493,49.68515362800099,847532032,0.0,42.81069842679426,3.427384077804163,512,512,2.529508113861084,-1.9484539031982422,0.011206626892089844,-1.959660530090332,False,,"{""best_reuse"": ""default"", ""best_reuse_utility"": 0.011206626892089844, ""decision"": ""reuse"", ""fresh_advantage"": -1.959660530090332, ""fresh_positive"": false, ""fresh_utility"": -1.9484539031982422, ""full_batch_guards"": {""adapter_1"": {""crossfit_feasible"": true, ""crossfit_utility"": -3.1812360286712646, ""crossfit_utility_positive"": false, ""full_batch_cur_after"": 5.6285552978515625, ""full_batch_cur_before"": 5.617514610290527, ""full_batch_gain"": -0.011040687561035156, ""full_batch_harm"": -0.05187930166721344, ""full_batch_harm_lcb"": -0.05546059758402407, ""full_batch_harm_se"": 0.0018271917942911386, ""full_batch_harm_ucb"": -0.04829800575040281, ""full_batch_safe"": true}, ""default"": {""crossfit_feasible"": true, ""crossfit_utility"": 0.011206626892089844, ""crossfit_utility_positive"": true, ""full_batch_cur_after"": 2.5019187927246094, ""full_batch_cur_before"": 2.529508113861084, ""full_batch_gain"": 0.02758932113647461, ""full_batch_harm"": -0.0033079050481319427, ""full_batch_harm_lcb"": -0.010730607062578201, ""full_batch_harm_se"": 0.003787092864513397, ""full_batch_harm_ucb"": 0.0041147969663143154, ""full_batch_safe"": true}}, ""guarded_best_reuse"": ""default"", ""num_adapters"": 2, ""pending_after"": false, ""pending_before"": false, ""policy_version"": ""cau_v1"", ""reason"": ""safe_existing_reuse"", ""utility"": {""batch_n"": 16, ""best_reuse"": ""default"", ""best_reuse_query_after"": 2.518301486968994, ""best_reuse_utility"": 0.011206626892089844, ""budget_blocked_fresh"": false, ""defer_utility"": 0.0, ""fold_a_fresh_utility"": -2.0295839309692383, ""fold_a_query_n"": 8, ""fold_a_support_n"": 8, ""fold_b_fresh_utility"": -1.867323875427246, ""fold_b_query_n"": 8, ""fold_b_support_n"": 8, ""fresh_advantage"": -1.959660530090332, ""fresh_local_trainability"": 0.027710676193237305, ""fresh_positive"": false, ""fresh_query_after"": 4.477962017059326, ""fresh_query_before"": 4.5056726932525635, ""fresh_utility"": -1.9484539031982422, ""max_adapters"": 8, ""reuse_profiles"": {""adapter_1"": {""feasible_both"": true, ""fold_a_harm"": -0.053453270345926285, ""fold_a_lcb"": -0.05704053164459765, ""fold_a_query_after"": 5.994757652282715, ""fold_a_utility"": -3.3809971809387207, ""fold_b_harm"": -0.053566139191389084, ""fold_b_lcb"": -0.05705014284234494, ""fold_b_query_after"": 5.426730632781982, ""fold_b_utility"": -2.9814748764038086, ""harm_lcb_max"": -0.05704053164459765, ""harm_mean"": -0.053509704768657684, ""harm_se_mean"": 0.0018038941198028624, ""harm_ucb_max"": -0.04986600904725492, ""local_trainability"": -0.09322953224182129, ""query_after"": 5.710744142532349, ""query_before"": 5.617514610290527, ""system_utility"": -3.1812360286712646}, ""default"": {""feasible_both"": true, ""fold_a_harm"": -0.004071228206157684, ""fold_a_lcb"": -0.01173276362940669, ""fold_a_query_after"": 2.6010708808898926, ""fold_a_utility"": 0.012689590454101562, ""fold_b_harm"": -0.003204610198736191, ""fold_b_lcb"": -0.009718778440728784, ""fold_b_query_after"": 2.4355320930480957, ""fold_b_utility"": 0.009723663330078125, ""harm_lcb_max"": -0.009718778440728784, ""harm_mean"": -0.0036379192024469376, ""harm_se_mean"": 0.003616250935010612, ""harm_ucb_max"": 0.0035903072170913215, ""local_trainability"": 0.011206626892089844, ""query_after"": 2.518301486968994, ""query_before"": 2.529508113861084, ""system_utility"": 0.011206626892089844}}, ""status"": ""ok"", ""statusquo_loss"": 2.529508113861084, ""total_memory_budget"": 512}, ""utility_status"": ""ok""}"
48,A2,A,2,default,reuse,safe_existing_reuse,2.5654096603393555,2,True,589824,118426,0,110249703,354125,5666400,493,50.95456822402775,847532032,0.0,44.07346535869874,3.427384077804163,512,512,2.50133046737084,-1.8189201171581562,0.012386101942795973,-1.8313062191009521,False,,"{""best_reuse"": ""default"", ""best_reuse_utility"": 0.012386101942795973, ""decision"": ""reuse"", ""fresh_advantage"": -1.8313062191009521, ""fresh_positive"": false, ""fresh_utility"": -1.8189201171581562, ""full_batch_guards"": {""adapter_1"": {""crossfit_feasible"": true, ""crossfit_utility"": -3.028269969500028, ""crossfit_utility_positive"": false, ""full_batch_cur_after"": 5.4697265625, ""full_batch_cur_before"": 5.458001136779785, ""full_batch_gain"": -0.011725425720214844, ""full_batch_harm"": -0.05047043040394783, ""full_batch_harm_lcb"": -0.05418108388315886, ""full_batch_harm_se"": 0.0018931905506178737, ""full_batch_harm_ucb"": -0.0467597769247368, ""full_batch_safe"": true}, ""default"": {""crossfit_feasible"": true, ""crossfit_utility"": 0.012386101942795973, ""crossfit_utility_positive"": true, ""full_batch_cur_after"": 2.4779088497161865, ""full_batch_cur_before"": 2.501330614089966, ""full_batch_gain"": 0.023421764373779297, ""full_batch_harm"": 0.0011933594942092896, ""full_batch_harm_lcb"": -0.007320607639849186, ""full_batch_harm_se"": 0.004343860782682896, ""full_batch_harm_ucb"": 0.009707326628267765, ""full_batch_safe"": true}}, ""guarded_best_reuse"": ""default"", ""num_adapters"": 2, ""pending_after"": false, ""pending_before"": false, ""policy_version"": ""cau_v1"", ""reason"": ""safe_existing_reuse"", ""utility"": {""batch_n"": 13, ""best_reuse"": ""default"", ""best_reuse_query_after"": 2.4889443654280443, ""best_reuse_utility"": 0.012386101942795973, ""budget_blocked_fresh"": false, ""defer_utility"": 0.0, ""fold_a_fresh_utility"": -1.8829138278961182, ""fold_a_query_n"": 6, ""fold_a_support_n"": 7, ""fold_b_fresh_utility"": -1.764068365097046, ""fold_b_query_n"": 7, ""fold_b_support_n"": 6, ""fresh_advantage"": -1.8313062191009521, ""fresh_local_trainability"": 0.052160409780649036, ""fresh_positive"": false, ""fresh_query_after"": 4.3202505845289965, ""fresh_query_before"": 4.372410994309646, ""fresh_utility"": -1.8189201171581562, ""max_adapters"": 8, ""reuse_profiles"": {""adapter_1"": {""feasible_both"": true, ""fold_a_harm"": -0.051995228976011276, ""fold_a_lcb"": -0.055559578179381786, ""fold_a_query_after"": 5.5940070152282715, ""fold_a_utility"": -3.070380926132202, ""fold_b_harm"": -0.05256199836730957, ""fold_b_lcb"": -0.0562105549685657, ""fold_b_query_after"": 5.474394798278809, ""fold_b_utility"": -2.9921748638153076, ""harm_lcb_max"": -0.055559578179381786, ""harm_mean"": -0.05227861367166042, ""harm_se_mean"": 0.0018400269909761846, ""harm_ucb_max"": -0.04843087977264077, ""local_trainability"": -0.07159908001239483, ""query_after"": 5.529600436870869, ""query_before"": 5.458001356858474, ""system_utility"": -3.028269969500028}, ""default"": {""feasible_both"": true, ""fold_a_harm"": -0.0009494982659816742, ""fold_a_lcb"": -0.009172571804374457, ""fold_a_query_after"": 2.5080509185791016, ""fold_a_utility"": 0.015575170516967773, ""fold_b_harm"": 0.004334796220064163, ""fold_b_lcb"": -0.00390755346044898, ""fold_b_query_after"": 2.472567319869995, ""fold_b_utility"": 0.00965261459350586, ""harm_lcb_max"": -0.00390755346044898, ""harm_mean"": 0.0016926489770412445, ""harm_se_mean"": 0.00420036306604743, ""harm_ucb_max"": 0.012577145900577307, ""local_trainability"": 0.012386101942795973, ""query_after"": 2.4889443654280443, ""query_before"": 2.50133046737084, ""system_utility"": 0.012386101942795973}}, ""status"": ""ok"", ""statusquo_loss"": 2.50133046737084, ""total_memory_budget"": 512}, ""utility_status"": ""ok""}"
49,C1,C,1,adapter_1,reuse,pending_fresh_safe_existing_reuse,5.334805011749268,2,True,589824,118426,0,110249703,354125,5666400,509,54.324355388991535,847532032,0.0,45.31607049284503,5.547271396731958,512,512,7.598391056060791,3.221597671508789,2.0780582427978516,1.1435394287109375,True,,"{""best_reuse"": ""adapter_1"", ""best_reuse_utility"": 2.0780582427978516, ""decision"": ""reuse"", ""fresh_advantage"": 1.1435394287109375, ""fresh_positive"": true, ""fresh_utility"": 3.221597671508789, ""full_batch_guards"": {""adapter_1"": {""crossfit_feasible"": true, ""crossfit_utility"": 2.0780582427978516, ""crossfit_utility_positive"": true, ""full_batch_cur_after"": 5.476377964019775, ""full_batch_cur_before"": 5.464144706726074, ""full_batch_gain"": -0.012233257293701172, ""full_batch_harm"": -0.05152337625622749, ""full_batch_harm_lcb"": -0.05513514162041247, ""full_batch_harm_se"": 0.0018427374307066202, ""full_batch_harm_ucb"": -0.04791161089204252, ""full_batch_safe"": true}, ""default"": {""crossfit_feasible"": true, ""crossfit_utility"": -0.0070307254791259766, ""crossfit_utility_positive"": false, ""full_batch_cur_after"": 7.56132698059082, ""full_batch_cur_before"": 7.598390579223633, ""full_batch_gain"": 0.0370635986328125, ""full_batch_harm"": -0.005058124661445618, ""full_batch_harm_lcb"": -0.012526803743094206, ""full_batch_harm_se"": 0.0038105505518615246, ""full_batch_harm_ucb"": 0.00241055442020297, ""full_batch_safe"": true}}, ""guarded_best_reuse"": ""adapter_1"", ""num_adapters"": 2, ""pending_after"": true, ""pending_before"": false, ""policy_version"": ""cau_v1"", ""reason"": ""pending_fresh_safe_existing_reuse"", ""utility"": {""batch_n"": 16, ""best_reuse"": ""adapter_1"", ""best_reuse_query_after"": 5.5203328132629395, ""best_reuse_utility"": 2.0780582427978516, ""budget_blocked_fresh"": false, ""defer_utility"": 0.0, ""fold_a_fresh_utility"": 3.2340574264526367, ""fold_a_query_n"": 8, ""fold_a_support_n"": 8, ""fold_b_fresh_utility"": 3.2091379165649414, ""fold_b_query_n"": 8, ""fold_b_support_n"": 8, ""fresh_advantage"": 1.1435394287109375, ""fresh_local_trainability"": 0.06674361228942871, ""fresh_positive"": true, ""fresh_query_after"": 4.376793384552002, ""fresh_query_before"": 4.443536996841431, ""fresh_utility"": 3.221597671508789, ""max_adapters"": 8, ""reuse_profiles"": {""adapter_1"": {""feasible_both"": true, ""fold_a_harm"": -0.0524156354367733, ""fold_a_lcb"": -0.05595884636975825, ""fold_a_query_after"": 5.53945255279541, ""fold_a_utility"": 2.049077033996582, ""fold_b_harm"": -0.05282508209347725, ""fold_b_lcb"": -0.05630842198617756, ""fold_b_query_after"": 5.501213073730469, ""fold_b_utility"": 2.107039451599121, ""harm_lcb_max"": -0.05595884636975825, ""harm_mean"": -0.052620358765125275, ""harm_se_mean"": 0.0017924874555319548, ""harm_ucb_max"": -0.04887242450378835, ""local_trainability"": -0.05618786811828613, ""query_after"": 5.5203328132629395, ""query_before"": 5.464144945144653, ""system_utility"": 2.0780582427978516}, ""default"": {""feasible_both"": true, ""fold_a_harm"": -0.0052503906190395355, ""fold_a_lcb"": -0.01276307078078389, ""fold_a_query_after"": 7.596601963043213, ""fold_a_utility"": -0.008072376251220703, ""fold_b_harm"": -0.005310557782649994, ""fold_b_lcb"": -0.01281813551671803, ""fold_b_query_after"": 7.614241600036621, ""fold_b_utility"": -0.00598907470703125, ""harm_lcb_max"": -0.01276307078078389, ""harm_mean"": -0.005280474200844765, ""harm_se_mean"": 0.0038316984428092837, ""harm_ucb_max"": 0.00226228954270482, ""local_trainability"": -0.0070307254791259766, ""query_after"": 7.605421781539917, ""query_before"": 7.598391056060791, ""system_utility"": -0.0070307254791259766}}, ""status"": ""ok"", ""statusquo_loss"": 7.598391056060791, ""total_memory_budget"": 512}, ""utility_status"": ""ok""}"
50,C1,C,1,adapter_2,spawn,confirmed_fresh,4.518317222595215,3,True,884736,177639,0,110603828,354125,8499600,356,55.40049310098402,847532032,0.0,46.38442199979909,5.547271396731958,512,510,5.5405614376068115,1.1296164989471436,0.012385845184326172,1.1172306537628174,True,,"{""best_reuse"": ""adapter_1"", ""best_reuse_utility"": 0.012385845184326172, ""decision"": ""spawn"", ""fresh_advantage"": 1.1172306537628174, ""fresh_positive"": true, ""fresh_utility"": 1.1296164989471436, ""full_batch_guards"": {}, ""guarded_best_reuse"": null, ""num_adapters"": 3, ""pending_after"": false, ""pending_before"": true, ""policy_version"": ""cau_v1"", ""reason"": ""confirmed_fresh"", ""utility"": {""batch_n"": 16, ""best_reuse"": ""adapter_1"", ""best_reuse_query_after"": 5.528175592422485, ""best_reuse_utility"": 0.012385845184326172, ""budget_blocked_fresh"": false, ""defer_utility"": 0.0, ""fold_a_fresh_utility"": 1.073653221130371, ""fold_a_query_n"": 8, ""fold_a_support_n"": 8, ""fold_b_fresh_utility"": 1.185579776763916, ""fold_b_query_n"": 8, ""fold_b_support_n"": 8, ""fresh_advantage"": 1.1172306537628174, ""fresh_local_trainability"": 0.06293487548828125, ""fresh_positive"": true, ""fresh_query_after"": 4.410944938659668, ""fresh_query_before"": 4.473879814147949, ""fresh_utility"": 1.1296164989471436, ""max_adapters"": 8, ""reuse_profiles"": {""adapter_1"": {""feasible_both"": true, ""fold_a_harm"": -0.03768395259976387, ""fold_a_lcb"": -0.042388258576393126, ""fold_a_query_after"": 5.433225631713867, ""fold_a_utility"": -0.0016679763793945312, ""fold_b_harm"": -0.03621474280953407, ""fold_b_lcb"": -0.04109023863449693, ""fold_b_query_after"": 5.6231255531311035, ""fold_b_utility"": 0.026439666748046875, ""harm_lcb_max"": -0.04109023863449693, ""harm_mean"": -0.03694934770464897, ""harm_se_mean"": 0.0024438269902020693, ""harm_ucb_max"": -0.03133924698457122, ""local_trainability"": 0.012385845184326172, ""query_after"": 5.528175592422485, ""query_before"": 5.5405614376068115, ""system_utility"": 0.012385845184326172}, ""default"": {""feasible_both"": true, ""fold_a_harm"": -0.005668241530656815, ""fold_a_lcb"": -0.01318679261021316, ""fold_a_query_after"": 7.567449569702148, ""fold_a_utility"": -2.135891914367676, ""fold_b_harm"": -0.00543537363409996, ""fold_b_lcb"": -0.012937450548633933, ""fold_b_query_after"": 7.728945732116699, ""fold_b_utility"": -2.079380512237549, ""harm_lcb_max"": -0.012937450548633933, ""harm_mean"": -0.0055518075823783875, ""harm_se_mean"": 0.0038317928556352854, ""harm_ucb_max"": 0.0020667032804340124, ""local_trainability"": -0.015326261520385742, ""query_after"": 7.648197650909424, ""query_before"": 7.632871389389038, ""system_utility"": -2.1076362133026123}}, ""status"": ""ok"", ""statusquo_loss"": 5.5405614376068115, ""total_memory_budget"": 512}, ""utility_status"": ""ok""}"
51,C1,C,1,adapter_2,warmup,existing_warmup,4.248993873596191,3,True,884736,177639,0,110603828,354125,8499600,372,55.45799074997194,847532032,0.0,46.433460275642574,5.547271396731958,512,510,,,,,,,"{""best_reuse"": null, ""best_reuse_utility"": null, ""decision"": ""warmup"", ""fresh_positive"": null, ""fresh_utility"": null, ""full_batch_guards"": {}, ""guarded_best_reuse"": null, ""num_adapters"": 3, ""pending_after"": false, ""pending_before"": false, ""policy_version"": ""cau_v1"", ""reason"": ""existing_warmup"", ""utility_status"": ""warmup""}"
52,C1,C,1,adapter_2,warmup,existing_warmup,4.03609561920166,3,True,884736,177639,0,110603828,354125,8499600,388,55.511136419838294,847532032,0.0,46.47876820876263,5.547271396731958,512,510,,,,,,,"{""best_reuse"": null, ""best_reuse_utility"": null, ""decision"": ""warmup"", ""fresh_positive"": null, ""fresh_utility"": null, ""full_batch_guards"": {}, ""guarded_best_reuse"": null, ""num_adapters"": 3, ""pending_after"": false, ""pending_before"": false, ""policy_version"": ""cau_v1"", ""reason"": ""existing_warmup"", ""utility_status"": ""warmup""}"
53,C1,C,1,adapter_2,warmup,existing_warmup,4.317998886108398,3,True,884736,177639,0,110603828,354125,8499600,404,55.562326814979315,847532032,0.0,46.522759744897485,5.547271396731958,512,510,,,,,,,"{""best_reuse"": null, ""best_reuse_utility"": null, ""decision"": ""warmup"", ""fresh_positive"": null, ""fresh_utility"": null, ""full_batch_guards"": {}, ""guarded_best_reuse"": null, ""num_adapters"": 3, ""pending_after"": false, ""pending_before"": false, ""policy_version"": ""cau_v1"", ""reason"": ""existing_warmup"", ""utility_status"": ""warmup""}"
54,C1,C,1,adapter_2,reuse,safe_existing_reuse,4.013808727264404,3,True,884736,177639,0,110603828,354125,8499600,420,57.357580687850714,847532032,0.0,48.31082733976655,5.547271396731958,512,510,3.983708381652832,-0.2891991138458252,0.10320115089416504,-0.39240026473999023,False,,"{""best_reuse"": ""adapter_2"", ""best_reuse_utility"": 0.10320115089416504, ""decision"": ""reuse"", ""fresh_advantage"": -0.39240026473999023, ""fresh_positive"": false, ""fresh_utility"": -0.2891991138458252, ""full_batch_guards"": {""adapter_1"": {""crossfit_feasible"": true, ""crossfit_utility"": -1.3118138313293457, ""crossfit_utility_positive"": false, ""full_batch_cur_after"": 5.269321441650391, ""full_batch_cur_before"": 5.2930192947387695, ""full_batch_gain"": 0.023697853088378906, ""full_batch_harm"": -0.036689989268779755, ""full_batch_harm_lcb"": -0.041162731004878876, ""full_batch_harm_se"": 0.002282011089846492, ""full_batch_harm_ucb"": -0.03221724753268063, ""full_batch_safe"": true}, ""adapter_2"": {""crossfit_feasible"": true, ""crossfit_utility"": 0.10320115089416504, ""crossfit_utility_positive"": true, ""full_batch_cur_after"": 3.8708090782165527, ""full_batch_cur_before"": 3.9837088584899902, ""full_batch_gain"": 0.1128997802734375, ""full_batch_harm"": -0.1064198911190033, ""full_batch_harm_lcb"": -0.1102712843939662, ""full_batch_harm_se"": 0.0019649965688586235, ""full_batch_harm_ucb"": -0.10256849784404039, ""full_batch_safe"": true}, ""default"": {""crossfit_feasible"": true, ""crossfit_utility"": -3.2798900604248047, ""crossfit_utility_positive"": false, ""full_batch_cur_after"": 7.2143754959106445, ""full_batch_cur_before"": 7.250552654266357, ""full_batch_gain"": 0.03617715835571289, ""full_batch_harm"": -0.0015043094754219055, ""full_batch_harm_lcb"": -0.009369269348680972, ""full_batch_harm_se"": 0.00401273462921381, ""full_batch_harm_ucb"": 0.0063606503978371615, ""full_batch_safe"": true}}, ""guarded_best_reuse"": ""adapter_2"", ""num_adapters"": 3, ""pending_after"": false, ""pending_before"": false, ""policy_version"": ""cau_v1"", ""reason"": ""safe_existing_reuse"", ""utility"": {""batch_n"": 16, ""best_reuse"": ""adapter_2"", ""best_reuse_query_after"": 3.880507230758667, ""best_reuse_utility"": 0.10320115089416504, ""budget_blocked_fresh"": false, ""defer_utility"": 0.0, ""fold_a_fresh_utility"": -0.27298545837402344, ""fold_a_query_n"": 8, ""fold_a_support_n"": 8, ""fold_b_fresh_utility"": -0.30541276931762695, ""fold_b_query_n"": 8, ""fold_b_support_n"": 8, ""fresh_advantage"": -0.39240026473999023, ""fresh_local_trainability"": 0.07132768630981445, ""fresh_positive"": false, ""fresh_query_after"": 4.272907495498657, ""fresh_query_before"": 4.344235181808472, ""fresh_utility"": -0.2891991138458252, ""max_adapters"": 8, ""reuse_profiles"": {""adapter_1"": {""feasible_both"": true, ""fold_a_harm"": -0.03728596493601799, ""fold_a_lcb"": -0.041867646537721154, ""fold_a_query_after"": 5.316129684448242, ""fold_a_utility"": -1.3014063835144043, ""fold_b_harm"": -0.0365602932870388, ""fold_b_lcb"": -0.041671393401920796, ""fold_b_query_after"": 5.274914741516113, ""fold_b_utility"": -1.322221279144287, ""harm_lcb_max"": -0.041671393401920796, ""harm_mean"": -0.0369231291115284, ""harm_se_mean"": 0.002472648397088051, ""harm_ucb_max"": -0.03144919317215681, ""local_trainability"": -0.002502918243408203, ""query_after"": 5.295522212982178, ""query_before"": 5.2930192947387695, ""system_utility"": -1.3118138313293457}, ""adapter_2"": {""feasible_both"": true, ""fold_a_harm"": -0.10407833755016327, ""fold_a_lcb"": -0.10855824851430952, ""fold_a_query_after"": 3.9171946048736572, ""fold_a_utility"": 0.09752869606018066, ""fold_b_harm"": -0.10332075506448746, ""fold_b_lcb"": -0.10693383950274438, ""fold_b_query_after"": 3.8438198566436768, ""fold_b_utility"": 0.10887360572814941, ""harm_lcb_max"": -0.10693383950274438, ""harm_mean"": -0.10369954630732536, ""harm_se_mean"": 0.002064539643470198, ""harm_ucb_max"": -0.09959842658601702, ""local_trainability"": 0.10320115089416504, ""query_after"": 3.880507230758667, ""query_before"": 3.983708381652832, ""system_utility"": 0.10320115089416504}, ""default"": {""feasible_both"": true, ""fold_a_harm"": -0.0017775557935237885, ""fold_a_lcb"": -0.0096728272177279, ""fold_a_query_after"": 7.304529190063477, ""fold_a_utility"": -3.2898058891296387, ""fold_b_harm"": -0.0016829483211040497, ""fold_b_lcb"": -0.009503713622689248, ""fold_b_query_after"": 7.222667694091797, ""fold_b_utility"": -3.2699742317199707, ""harm_lcb_max"": -0.009503713622689248, ""harm_mean"": -0.001730252057313919, ""harm_se_mean"": 0.004009193042293191, ""harm_ucb_max"": 0.0061378169804811485, ""local_trainability"": -0.013045787811279297, ""query_after"": 7.263598442077637, ""query_before"": 7.250552654266357, ""system_utility"": -3.2798900604248047}}, ""status"": ""ok"", ""statusquo_loss"": 3.983708381652832, ""total_memory_budget"": 512}, ""utility_status"": ""ok""}"
55,C1,C,1,adapter_2,reuse,safe_existing_reuse,3.886321544647217,3,True,884736,177639,0,110603828,354125,8499600,436,59.150637700920925,873451008,0.0,50.09606711566448,5.547271396731958,512,510,3.887625813484192,-0.4166182279586792,0.10686087608337402,-0.5234791040420532,False,,"{""best_reuse"": ""adapter_2"", ""best_reuse_utility"": 0.10686087608337402, ""decision"": ""reuse"", ""fresh_advantage"": -0.5234791040420532, ""fresh_positive"": false, ""fresh_utility"": -0.4166182279586792, ""full_batch_guards"": {""adapter_1"": {""crossfit_feasible"": true, ""crossfit_utility"": -1.5119394063949585, ""crossfit_utility_positive"": false, ""full_batch_cur_after"": 5.378647804260254, ""full_batch_cur_before"": 5.405141830444336, ""full_batch_gain"": 0.02649402618408203, ""full_batch_harm"": -0.03531923145055771, ""full_batch_harm_lcb"": -0.04021855001337826, ""full_batch_harm_se"": 0.0024996523279696703, ""full_batch_harm_ucb"": -0.030419912887737155, ""full_batch_safe"": true}, ""adapter_2"": {""crossfit_feasible"": true, ""crossfit_utility"": 0.10686087608337402, ""crossfit_utility_positive"": true, ""full_batch_cur_after"": 3.772113561630249, ""full_batch_cur_before"": 3.8876261711120605, ""full_batch_gain"": 0.11551260948181152, ""full_batch_harm"": -0.10619426518678665, ""full_batch_harm_lcb"": -0.11012665659189225, ""full_batch_harm_se"": 0.002006322145462036, ""full_batch_harm_ucb"": -0.10226187378168106, ""full_batch_safe"": true}, ""default"": {""crossfit_feasible"": true, ""crossfit_utility"": -3.6182464361190796, ""crossfit_utility_positive"": false, ""full_batch_cur_after"": 7.454612731933594, ""full_batch_cur_before"": 7.487573623657227, ""full_batch_gain"": 0.03296089172363281, ""full_batch_harm"": -0.0014416389167308807, ""full_batch_harm_lcb"": -0.009272701255977154, ""full_batch_harm_se"": 0.0039954399690032005, ""full_batch_harm_ucb"": 0.0063894234225153924, ""full_batch_safe"": true}}, ""guarded_best_reuse"": ""adapter_2"", ""num_adapters"": 3, ""pending_after"": false, ""pending_before"": false, ""policy_version"": ""cau_v1"", ""reason"": ""safe_existing_reuse"", ""utility"": {""batch_n"": 16, ""best_reuse"": ""adapter_2"", ""best_reuse_query_after"": 3.780764937400818, ""best_reuse_utility"": 0.10686087608337402, ""budget_blocked_fresh"": false, ""defer_utility"": 0.0, ""fold_a_fresh_utility"": -0.44643521308898926, ""fold_a_query_n"": 8, ""fold_a_support_n"": 8, ""fold_b_fresh_utility"": -0.38680124282836914, ""fold_b_query_n"": 8, ""fold_b_support_n"": 8, ""fresh_advantage"": -0.5234791040420532, ""fresh_local_trainability"": 0.06732296943664551, ""fresh_positive"": false, ""fresh_query_after"": 4.304244041442871, ""fresh_query_before"": 4.371567010879517, ""fresh_utility"": -0.4166182279586792, ""max_adapters"": 8, ""reuse_profiles"": {""adapter_1"": {""feasible_both"": true, ""fold_a_harm"": -0.035374727100133896, ""fold_a_lcb"": -0.04073425625450909, ""fold_a_query_after"": 5.3138346672058105, ""fold_a_utility"": -1.5162723064422607, ""fold_b_harm"": -0.03635674715042114, ""fold_b_lcb"": -0.04101062119007111, ""fold_b_query_after"": 5.48529577255249, ""fold_b_utility"": -1.5076065063476562, ""harm_lcb_max"": -0.04073425625450909, ""harm_mean"": -0.03586573712527752, ""harm_se_mean"": 0.0025544395903125405, ""harm_ucb_max"": -0.0300151979457587, ""local_trainability"": 0.005576610565185547, ""query_after"": 5.39956521987915, ""query_before"": 5.405141830444336, ""system_utility"": -1.5119394063949585}, ""adapter_2"": {""feasible_both"": true, ""fold_a_harm"": -0.10167941451072693, ""fold_a_lcb"": -0.10552448006346822, ""fold_a_query_after"": 3.6916863918304443, ""fold_a_utility"": 0.10587596893310547, ""fold_b_harm"": -0.1049439013004303, ""fold_b_lcb"": -0.10921869293786585, ""fold_b_query_after"": 3.8698434829711914, ""fold_b_utility"": 0.10784578323364258, ""harm_lcb_max"": -0.10552448006346822, ""harm_mean"": -0.10331165790557861, ""harm_se_mean"": 0.002071392140351236, ""harm_ucb_max"": -0.09783434895798564, ""local_trainability"": 0.10686087608337402, ""query_after"": 3.780764937400818, ""query_before"": 3.887625813484192, ""system_utility"": 0.10686087608337402}, ""default"": {""feasible_both"": true, ""fold_a_harm"": -0.001721210777759552, ""fold_a_lcb"": -0.009580850545316934, ""fold_a_query_after"": 7.390939712524414, ""fold_a_utility"": -3.5933773517608643, ""fold_b_harm"": -0.001634150743484497, ""fold_b_lcb"": -0.009549167435616254, ""fold_b_query_after"": 7.620804786682129, ""fold_b_utility"": -3.643115520477295, ""harm_lcb_max"": -0.009549167435616254, ""harm_mean"": -0.0016776807606220245, ""harm_se_mean"": 0.004024147056043148, ""harm_ucb_max"": 0.00628086594864726, ""local_trainability"": -0.01829838752746582, ""query_after"": 7.5058722496032715, ""query_before"": 7.487573862075806, ""system_utility"": -3.6182464361190796}}, ""status"": ""ok"", ""statusquo_loss"": 3.887625813484192, ""total_memory_budget"": 512}, ""utility_status"": ""ok""}"
56,C1,C,1,adapter_2,reuse,safe_existing_reuse,4.002377033233643,3,True,884736,177639,0,110603828,354125,8499600,452,60.93799484591,873451008,0.0,51.87550233164802,5.547271396731958,512,510,3.938417911529541,-0.5506987571716309,0.1050105094909668,-0.6557092666625977,False,,"{""best_reuse"": ""adapter_2"", ""best_reuse_utility"": 0.1050105094909668, ""decision"": ""reuse"", ""fresh_advantage"": -0.6557092666625977, ""fresh_positive"": false, ""fresh_utility"": -0.5506987571716309, ""full_batch_guards"": {""adapter_1"": {""crossfit_feasible"": true, ""crossfit_utility"": -1.5975494384765625, ""crossfit_utility_positive"": false, ""full_batch_cur_after"": 5.504097938537598, ""full_batch_cur_before"": 5.53127384185791, ""full_batch_gain"": 0.0271759033203125, ""full_batch_harm"": -0.03543230518698692, ""full_batch_harm_lcb"": -0.0402759132348001, ""full_batch_harm_se"": 0.0024712285958230495, ""full_batch_harm_ucb"": -0.030588697139173747, ""full_batch_safe"": true}, ""adapter_2"": {""crossfit_feasible"": true, ""crossfit_utility"": 0.1050105094909668, ""crossfit_utility_positive"": true, ""full_batch_cur_after"": 3.825183391571045, ""full_batch_cur_before"": 3.938417911529541, ""full_batch_gain"": 0.1132345199584961, ""full_batch_harm"": -0.10817262530326843, ""full_batch_harm_lcb"": -0.11209324703551829, ""full_batch_harm_se"": 0.002000317210331559, ""full_batch_harm_ucb"": -0.10425200357101858, ""full_batch_safe"": true}, ""default"": {""crossfit_feasible"": true, ""crossfit_utility"": -3.6677794456481934, ""crossfit_utility_positive"": false, ""full_batch_cur_after"": 7.554441452026367, ""full_batch_cur_before"": 7.587989807128906, ""full_batch_gain"": 0.03354835510253906, ""full_batch_harm"": -0.0015521086752414703, ""full_batch_harm_lcb"": -0.009404913261532784, ""full_batch_harm_se"": 0.0040065329521894455, ""full_batch_harm_ucb"": 0.0063006959110498435, ""full_batch_safe"": true}}, ""guarded_best_reuse"": ""adapter_2"", ""num_adapters"": 3, ""pending_after"": false, ""pending_before"": false, ""policy_version"": ""cau_v1"", ""reason"": ""safe_existing_reuse"", ""utility"": {""batch_n"": 16, ""best_reuse"": ""adapter_2"", ""best_reuse_query_after"": 3.833407402038574, ""best_reuse_utility"": 0.1050105094909668, ""budget_blocked_fresh"": false, ""defer_utility"": 0.0, ""fold_a_fresh_utility"": -0.5097284317016602, ""fold_a_query_n"": 8, ""fold_a_support_n"": 8, ""fold_b_fresh_utility"": -0.5916690826416016, ""fold_b_query_n"": 8, ""fold_b_support_n"": 8, ""fresh_advantage"": -0.6557092666625977, ""fresh_local_trainability"": 0.056329965591430664, ""fresh_positive"": false, ""fresh_query_after"": 4.489116668701172, ""fresh_query_before"": 4.5454466342926025, ""fresh_utility"": -0.5506987571716309, ""max_adapters"": 8, ""reuse_profiles"": {""adapter_1"": {""feasible_both"": true, ""fold_a_harm"": -0.03532465547323227, ""fold_a_lcb"": -0.040497525492683054, ""fold_a_query_after"": 5.554924011230469, ""fold_a_utility"": -1.5123825073242188, ""fold_b_harm"": -0.03619347885251045, ""fold_b_lcb"": -0.04133885481394827, ""fold_b_query_after"": 5.517010688781738, ""fold_b_utility"": -1.6827163696289062, ""harm_lcb_max"": -0.040497525492683054, ""harm_mean"": -0.03575906716287136, ""harm_se_mean"": 0.002632205607369542, ""harm_ucb_max"": -0.030151785453781485, ""local_trainability"": -0.004693508148193359, ""query_after"": 5.5359673500061035, ""query_before"": 5.53127384185791, ""system_utility"": -1.5975494384765625}, ""adapter_2"": {""feasible_both"": true, ""fold_a_harm"": -0.1050000861287117, ""fold_a_lcb"": -0.10874541224911809, ""fold_a_query_after"": 3.938356399536133, ""fold_a_utility"": 0.10418510437011719, ""fold_b_harm"": -0.10363450646400452, ""fold_b_lcb"": -0.10726226340513677, ""fold_b_query_after"": 3.7284584045410156, ""fold_b_utility"": 0.1058359146118164, ""harm_lcb_max"": -0.10726226340513677, ""harm_mean"": -0.10431729629635811, ""harm_se_mean"": 0.001880888536106795, ""harm_ucb_max"": -0.10000674952287227, ""local_trainability"": 0.1050105094909668, ""query_after"": 3.833407402038574, ""query_before"": 3.938417911529541, ""system_utility"": 0.1050105094909668}, ""default"": {""feasible_both"": true, ""fold_a_harm"": -0.0016459859907627106, ""fold_a_lcb"": -0.009560027923434973, ""fold_a_query_after"": 7.554347991943359, ""fold_a_utility"": -3.5118064880371094, ""fold_b_harm"": -0.0017409659922122955, ""fold_b_lcb"": -0.00953096704557538, ""fold_b_query_after"": 7.658046722412109, ""fold_b_utility"": -3.8237524032592773, ""harm_lcb_max"": -0.00953096704557538, ""harm_mean"": -0.001693475991487503, ""harm_se_mean"": 0.0040061334148049355, ""harm_ucb_max"": 0.006268055941909552, ""local_trainability"": -0.018207788467407227, ""query_after"": 7.606197357177734, ""query_before"": 7.587989568710327, ""system_utility"": -3.6677794456481934}}, ""status"": ""ok"", ""statusquo_loss"": 3.938417911529541, ""total_memory_budget"": 512}, ""utility_status"": ""ok""}"
57,C1,C,1,adapter_2,reuse,safe_existing_reuse,3.6656222343444824,3,True,884736,177639,0,110603828,354125,8499600,468,62.71685030590743,873451008,0.0,53.64522152976133,5.547271396731958,512,510,3.61352801322937,-0.7059199810028076,0.0948723554611206,-0.8007923364639282,False,,"{""best_reuse"": ""adapter_2"", ""best_reuse_utility"": 0.0948723554611206, ""decision"": ""reuse"", ""fresh_advantage"": -0.8007923364639282, ""fresh_positive"": false, ""fresh_utility"": -0.7059199810028076, ""full_batch_guards"": {""adapter_1"": {""crossfit_feasible"": true, ""crossfit_utility"": -1.7694330215454102, ""crossfit_utility_positive"": false, ""full_batch_cur_after"": 5.33524227142334, ""full_batch_cur_before"": 5.359228134155273, ""full_batch_gain"": 0.023985862731933594, ""full_batch_harm"": -0.0355660580098629, ""full_batch_harm_lcb"": -0.04026136297732592, ""full_batch_harm_se"": 0.0023955637589097023, ""full_batch_harm_ucb"": -0.030870753042399883, ""full_batch_safe"": true}, ""adapter_2"": {""crossfit_feasible"": true, ""crossfit_utility"": 0.0948723554611206, ""crossfit_utility_positive"": true, ""full_batch_cur_after"": 3.5052711963653564, ""full_batch_cur_before"": 3.61352801322937, ""full_batch_gain"": 0.10825681686401367, ""full_batch_harm"": -0.11018215864896774, ""full_batch_harm_lcb"": -0.11418772409670055, ""full_batch_harm_se"": 0.002043655840680003, ""full_batch_harm_ucb"": -0.10617659320123493, ""full_batch_safe"": true}, ""default"": {""crossfit_feasible"": true, ""crossfit_utility"": -3.8715932369232178, ""crossfit_utility_positive"": false, ""full_batch_cur_after"": 7.394435882568359, ""full_batch_cur_before"": 7.422469139099121, ""full_batch_gain"": 0.02803325653076172, ""full_batch_harm"": -0.0014988481998443604, ""full_batch_harm_lcb"": -0.009387607537209988, ""full_batch_harm_se"": 0.004024877212941647, ""full_batch_harm_ucb"": 0.006389911137521267, ""full_batch_safe"": true}}, ""guarded_best_reuse"": ""adapter_2"", ""num_adapters"": 3, ""pending_after"": false, ""pending_before"": false, ""policy_version"": ""cau_v1"", ""reason"": ""safe_existing_reuse"", ""utility"": {""batch_n"": 16, ""best_reuse"": ""adapter_2"", ""best_reuse_query_after"": 3.5186556577682495, ""best_reuse_utility"": 0.0948723554611206, ""budget_blocked_fresh"": false, ""defer_utility"": 0.0, ""fold_a_fresh_utility"": -0.7072868347167969, ""fold_a_query_n"": 8, ""fold_a_support_n"": 8, ""fold_b_fresh_utility"": -0.7045531272888184, ""fold_b_query_n"": 8, ""fold_b_support_n"": 8, ""fresh_advantage"": -0.8007923364639282, ""fresh_local_trainability"": 0.0014715194702148438, ""fresh_positive"": false, ""fresh_query_after"": 4.319447994232178, ""fresh_query_before"": 4.320919513702393, ""fresh_utility"": -0.7059199810028076, ""max_adapters"": 8, ""reuse_profiles"": {""adapter_1"": {""feasible_both"": true, ""fold_a_harm"": -0.036094341427087784, ""fold_a_lcb"": -0.04136970402672887, ""fold_a_query_after"": 5.189310550689697, ""fold_a_utility"": -1.71162748336792, ""fold_b_harm"": -0.035943787544965744, ""fold_b_lcb"": -0.04082093443721533, ""fold_b_query_after"": 5.576611518859863, ""fold_b_utility"": -1.8272385597229004, ""harm_lcb_max"": -0.04082093443721533, ""harm_mean"": -0.036019064486026764, ""harm_se_mean"": 0.002589925890788436, ""harm_ucb_max"": -0.0308189788274467, ""local_trainability"": -0.023732900619506836, ""query_after"": 5.38296103477478, ""query_before"": 5.359228134155273, ""system_utility"": -1.7694330215454102}, ""adapter_2"": {""feasible_both"": true, ""fold_a_harm"": -0.10422218590974808, ""fold_a_lcb"": -0.10829124169424176, ""fold_a_query_after"": 3.378087282180786, ""fold_a_utility"": 0.09959578514099121, ""fold_b_harm"": -0.10601907223463058, ""fold_b_lcb"": -0.11070041523315012, ""fold_b_query_after"": 3.659224033355713, ""fold_b_utility"": 0.09014892578125, ""harm_lcb_max"": -0.10829124169424176, ""harm_mean"": -0.10512062907218933, ""harm_se_mean"": 0.0022322445875033736, ""harm_ucb_max"": -0.1001531301252544, ""local_trainability"": 0.0948723554611206, ""query_after"": 3.5186556577682495, ""query_before"": 3.61352801322937, ""system_utility"": 0.0948723554611206}, ""default"": {""feasible_both"": true, ""fold_a_harm"": -0.0018530264496803284, ""fold_a_lcb"": -0.009806863758713006, ""fold_a_query_after"": 7.350037574768066, ""fold_a_utility"": -3.872354507446289, ""fold_b_harm"": -0.0015632137656211853, ""fold_b_lcb"": -0.009484878536313772, ""fold_b_query_after"": 7.620204925537109, ""fold_b_utility"": -3.8708319664001465, ""harm_lcb_max"": -0.009484878536313772, ""harm_mean"": -0.0017081201076507568, ""harm_se_mean"": 0.004049872979521751, ""harm_ucb_max"": 0.006358451005071401, ""local_trainability"": -0.0626521110534668, ""query_after"": 7.485121250152588, ""query_before"": 7.422469139099121, ""system_utility"": -3.8715932369232178}}, ""status"": ""ok"", ""statusquo_loss"": 3.61352801322937, ""total_memory_budget"": 512}, ""utility_status"": ""ok""}"
58,C1,C,1,adapter_2,reuse,safe_existing_reuse,3.587183713912964,3,True,884736,177639,0,110603828,354125,8499600,484,64.51111544203013,873451008,0.0,55.43157870671712,5.547271396731958,512,510,3.5645997524261475,-0.7759106159210205,0.09587860107421875,-0.8717892169952393,False,,"{""best_reuse"": ""adapter_2"", ""best_reuse_utility"": 0.09587860107421875, ""decision"": ""reuse"", ""fresh_advantage"": -0.8717892169952393, ""fresh_positive"": false, ""fresh_utility"": -0.7759106159210205, ""full_batch_guards"": {""adapter_1"": {""crossfit_feasible"": true, ""crossfit_utility"": -1.9055378437042236, ""crossfit_utility_positive"": false, ""full_batch_cur_after"": 5.424331188201904, ""full_batch_cur_before"": 5.456026077270508, ""full_batch_gain"": 0.031694889068603516, ""full_batch_harm"": -0.03533625230193138, ""full_batch_harm_lcb"": -0.040650396728888157, ""full_batch_harm_se"": 0.0027112981770187616, ""full_batch_harm_ucb"": -0.03002210787497461, ""full_batch_safe"": true}, ""adapter_2"": {""crossfit_feasible"": true, ""crossfit_utility"": 0.09587860107421875, ""crossfit_utility_positive"": true, ""full_batch_cur_after"": 3.45888090133667, ""full_batch_cur_before"": 3.5645995140075684, ""full_batch_gain"": 0.10571861267089844, ""full_batch_harm"": -0.10541841387748718, ""full_batch_harm_lcb"": -0.10880753272678703, ""full_batch_harm_se"": 0.001729142270050943, ""full_batch_harm_ucb"": -0.10202929502818733, ""full_batch_safe"": true}, ""default"": {""crossfit_feasible"": true, ""crossfit_utility"": -3.982736587524414, ""crossfit_utility_positive"": false, ""full_batch_cur_after"": 7.483650207519531, ""full_batch_cur_before"": 7.522690773010254, ""full_batch_gain"": 0.039040565490722656, ""full_batch_harm"": -0.00155731663107872, ""full_batch_harm_lcb"": -0.009390552099794149, ""full_batch_harm_se"": 0.00399654870852828, ""full_batch_harm_ucb"": 0.006275918837636708, ""full_batch_safe"": true}}, ""guarded_best_reuse"": ""adapter_2"", ""num_adapters"": 3, ""pending_after"": false, ""pending_before"": false, ""policy_version"": ""cau_v1"", ""reason"": ""safe_existing_reuse"", ""utility"": {""batch_n"": 16, ""best_reuse"": ""adapter_2"", ""best_reuse_query_after"": 3.4687211513519287, ""best_reuse_utility"": 0.09587860107421875, ""budget_blocked_fresh"": false, ""defer_utility"": 0.0, ""fold_a_fresh_utility"": -0.8104391098022461, ""fold_a_query_n"": 8, ""fold_a_support_n"": 8, ""fold_b_fresh_utility"": -0.7413821220397949, ""fold_b_query_n"": 8, ""fold_b_support_n"": 8, ""fresh_advantage"": -0.8717892169952393, ""fresh_local_trainability"": 0.05256843566894531, ""fresh_positive"": false, ""fresh_query_after"": 4.340510368347168, ""fresh_query_before"": 4.393078804016113, ""fresh_utility"": -0.7759106159210205, ""max_adapters"": 8, ""reuse_profiles"": {""adapter_1"": {""feasible_both"": true, ""fold_a_harm"": -0.036227863281965256, ""fold_a_lcb"": -0.041415039813145996, ""fold_a_query_after"": 5.463728427886963, ""fold_a_utility"": -1.8868012428283691, ""fold_b_harm"": -0.03662770241498947, ""fold_b_lcb"": -0.04178884383291006, ""fold_b_query_after"": 5.476546764373779, ""fold_b_utility"": -1.9242744445800781, ""harm_lcb_max"": -0.041415039813145996, ""harm_mean"": -0.036427782848477364, ""harm_se_mean"": 0.0026398770278319716, ""harm_ucb_max"": -0.031040686750784516, ""local_trainability"": -0.01411128044128418, ""query_after"": 5.470137596130371, ""query_before"": 5.456026315689087, ""system_utility"": -1.9055378437042236}, ""adapter_2"": {""feasible_both"": true, ""fold_a_harm"": -0.10294973850250244, ""fold_a_lcb"": -0.1066662387130782, ""fold_a_query_after"": 3.4871389865875244, ""fold_a_utility"": 0.08978819847106934, ""fold_b_harm"": -0.10341307520866394, ""fold_b_lcb"": -0.10660295751411468, ""fold_b_query_after"": 3.450303316116333, ""fold_b_utility"": 0.10196900367736816, ""harm_lcb_max"": -0.10660295751411468, ""harm_mean"": -0.10318140685558319, ""harm_se_mean"": 0.0017618322744965553, ""harm_ucb_max"": -0.09923323829192668, ""local_trainability"": 0.09587860107421875, ""query_after"": 3.4687211513519287, ""query_before"": 3.5645997524261475, ""system_utility"": 0.09587860107421875}, ""default"": {""feasible_both"": true, ""fold_a_harm"": -0.0016703642904758453, ""fold_a_lcb"": -0.009493315499275923, ""fold_a_query_after"": 7.5025634765625, ""fold_a_utility"": -3.9256362915039062, ""fold_b_harm"": -0.0017757676541805267, ""fold_b_lcb"": -0.009600043185055255, ""fold_b_query_after"": 7.592109203338623, ""fold_b_utility"": -4.039836883544922, ""harm_lcb_max"": -0.009493315499275923, ""harm_mean"": -0.001723065972328186, ""harm_se_mean"": 0.003991639474406838, ""harm_ucb_max"": 0.0061525869183242324, ""local_trainability"": -0.024644851684570312, ""query_after"": 7.5473363399505615, ""query_before"": 7.522691488265991, ""system_utility"": -3.982736587524414}}, ""status"": ""ok"", ""statusquo_loss"": 3.5645997524261475, ""total_memory_budget"": 512}, ""utility_status"": ""ok""}"
59,C1,C,1,adapter_2,reuse,safe_existing_reuse,3.4804158210754395,3,True,884736,177639,0,110603828,354125,8499600,500,66.30805476289243,873451008,0.0,57.22072443156503,5.547271396731958,512,510,3.328343391418457,-0.8259499073028564,0.1030648946762085,-0.9290148019790649,False,,"{""best_reuse"": ""adapter_2"", ""best_reuse_utility"": 0.1030648946762085, ""decision"": ""reuse"", ""fresh_advantage"": -0.9290148019790649, ""fresh_positive"": false, ""fresh_utility"": -0.8259499073028564, ""full_batch_guards"": {""adapter_1"": {""crossfit_feasible"": true, ""crossfit_utility"": -1.9024183750152588, ""crossfit_utility_positive"": false, ""full_batch_cur_after"": 5.2086663246154785, ""full_batch_cur_before"": 5.232823371887207, ""full_batch_gain"": 0.024157047271728516, ""full_batch_harm"": -0.035924240946769714, ""full_batch_harm_lcb"": -0.040674363812431696, ""full_batch_harm_se"": 0.002423532074317336, ""full_batch_harm_ucb"": -0.031174118081107736, ""full_batch_safe"": true}, ""adapter_2"": {""crossfit_feasible"": true, ""crossfit_utility"": 0.1030648946762085, ""crossfit_utility_positive"": true, ""full_batch_cur_after"": 3.2201950550079346, ""full_batch_cur_before"": 3.328343391418457, ""full_batch_gain"": 0.10814833641052246, ""full_batch_harm"": -0.10236407071352005, ""full_batch_harm_lcb"": -0.1068482403177768, ""full_batch_harm_se"": 0.002287841634824872, ""full_batch_harm_ucb"": -0.0978799011092633, ""full_batch_safe"": true}, ""default"": {""crossfit_feasible"": true, ""crossfit_utility"": -4.001819849014282, ""crossfit_utility_positive"": false, ""full_batch_cur_after"": 7.292568206787109, ""full_batch_cur_before"": 7.323068618774414, ""full_batch_gain"": 0.030500411987304688, ""full_batch_harm"": -0.0015167705714702606, ""full_batch_harm_lcb"": -0.009377120416611432, ""full_batch_harm_se"": 0.004010382574051619, ""full_batch_harm_ucb"": 0.006343579273670911, ""full_batch_safe"": true}}, ""guarded_best_reuse"": ""adapter_2"", ""num_adapters"": 3, ""pending_after"": false, ""pending_before"": false, ""policy_version"": ""cau_v1"", ""reason"": ""safe_existing_reuse"", ""utility"": {""batch_n"": 16, ""best_reuse"": ""adapter_2"", ""best_reuse_query_after"": 3.2252784967422485, ""best_reuse_utility"": 0.1030648946762085, ""budget_blocked_fresh"": false, ""defer_utility"": 0.0, ""fold_a_fresh_utility"": -0.8190405368804932, ""fold_a_query_n"": 8, ""fold_a_support_n"": 8, ""fold_b_fresh_utility"": -0.8328592777252197, ""fold_b_query_n"": 8, ""fold_b_support_n"": 8, ""fresh_advantage"": -0.9290148019790649, ""fresh_local_trainability"": 0.07830214500427246, ""fresh_positive"": false, ""fresh_query_after"": 4.1542932987213135, ""fresh_query_before"": 4.232595443725586, ""fresh_utility"": -0.8259499073028564, ""max_adapters"": 8, ""reuse_profiles"": {""adapter_1"": {""feasible_both"": true, ""fold_a_harm"": -0.03722381219267845, ""fold_a_lcb"": -0.04178984607569873, ""fold_a_query_after"": 5.369885444641113, ""fold_a_utility"": -1.921508550643921, ""fold_b_harm"": -0.03506046161055565, ""fold_b_lcb"": -0.0405892625823617, ""fold_b_query_after"": 5.091638088226318, ""fold_b_utility"": -1.8833281993865967, ""harm_lcb_max"": -0.0405892625823617, ""harm_mean"": -0.03614213690161705, ""harm_se_mean"": 0.0025752129731699824, ""harm_ucb_max"": -0.0295316606387496, ""local_trainability"": 0.002061605453491211, ""query_after"": 5.230761766433716, ""query_before"": 5.232823371887207, ""system_utility"": -1.9024183750152588}, ""adapter_2"": {""feasible_both"": true, ""fold_a_harm"": -0.1000506728887558, ""fold_a_lcb"": -0.1043496820051223, ""fold_a_query_after"": 3.347764492034912, ""fold_a_utility"": 0.10061240196228027, ""fold_b_harm"": -0.10145311057567596, ""fold_b_lcb"": -0.10576680725440384, ""fold_b_query_after"": 3.102792501449585, ""fold_b_utility"": 0.10551738739013672, ""harm_lcb_max"": -0.1043496820051223, ""harm_mean"": -0.10075189173221588, ""harm_se_mean"": 0.0021971188252791762, ""harm_ucb_max"": -0.09575166377238929, ""local_trainability"": 0.1030648946762085, ""query_after"": 3.2252784967422485, ""query_before"": 3.328343391418457, ""system_utility"": 0.1030648946762085}, ""default"": {""feasible_both"": true, ""fold_a_harm"": -0.0016775205731391907, ""fold_a_lcb"": -0.009549771063029766, ""fold_a_query_after"": 7.446374416351318, ""fold_a_utility"": -3.997997522354126, ""fold_b_harm"": -0.0016874223947525024, ""fold_b_lcb"": -0.009545651134103536, ""fold_b_query_after"": 7.21395206451416, ""fold_b_utility"": -4.0056421756744385, ""harm_lcb_max"": -0.009545651134103536, ""harm_mean"": -0.0016824714839458466, ""harm_se_mean"": 0.00401287735439837, ""harm_ucb_max"": 0.006194729916751384, ""local_trainability"": -0.007094860076904297, ""query_after"": 7.330163240432739, ""query_before"": 7.323068380355835, ""system_utility"": -4.001819849014282}}, ""status"": ""ok"", ""statusquo_loss"": 3.328343391418457, ""total_memory_budget"": 512}, ""utility_status"": ""ok""}"
60,C1,C,1,adapter_2,reuse,safe_existing_reuse,3.607316493988037,3,True,884736,177639,0,110603828,354125,8499600,510,68.08254051185213,873451008,0.0,58.986662194598466,5.547271396731958,512,510,3.524815559387207,-0.9614529609680176,0.09682607650756836,-1.058279037475586,False,,"{""best_reuse"": ""adapter_2"", ""best_reuse_utility"": 0.09682607650756836, ""decision"": ""reuse"", ""fresh_advantage"": -1.058279037475586, ""fresh_positive"": false, ""fresh_utility"": -0.9614529609680176, ""full_batch_guards"": {""adapter_1"": {""crossfit_feasible"": true, ""crossfit_utility"": -2.0258822441101074, ""crossfit_utility_positive"": false, ""full_batch_cur_after"": 5.502862930297852, ""full_batch_cur_before"": 5.533938884735107, ""full_batch_gain"": 0.03107595443725586, ""full_batch_harm"": -0.03500738367438316, ""full_batch_harm_lcb"": -0.040360999014228585, ""full_batch_harm_se"": 0.0027314363978803158, ""full_batch_harm_ucb"": -0.029653768334537745, ""full_batch_safe"": true}, ""adapter_2"": {""crossfit_feasible"": true, ""crossfit_utility"": 0.09682607650756836, ""crossfit_utility_positive"": true, ""full_batch_cur_after"": 3.418386220932007, ""full_batch_cur_before"": 3.524815559387207, ""full_batch_gain"": 0.1064293384552002, ""full_batch_harm"": -0.10214811563491821, ""full_batch_harm_lcb"": -0.10664936954155564, ""full_batch_harm_se"": 0.002296558115631342, ""full_batch_harm_ucb"": -0.09764686172828078, ""full_batch_safe"": true}, ""default"": {""crossfit_feasible"": true, ""crossfit_utility"": -4.118887424468994, ""crossfit_utility_positive"": false, ""full_batch_cur_after"": 7.567005157470703, ""full_batch_cur_before"": 7.605159282684326, ""full_batch_gain"": 0.03815412521362305, ""full_batch_harm"": -0.0016159527003765106, ""full_batch_harm_lcb"": -0.009458873700350524, ""full_batch_harm_se"": 0.00400149030610919, ""full_batch_harm_ucb"": 0.0062269682995975024, ""full_batch_safe"": true}}, ""guarded_best_reuse"": ""adapter_2"", ""num_adapters"": 3, ""pending_after"": false, ""pending_before"": false, ""policy_version"": ""cau_v1"", ""reason"": ""safe_existing_reuse"", ""utility"": {""batch_n"": 16, ""best_reuse"": ""adapter_2"", ""best_reuse_query_after"": 3.4279894828796387, ""best_reuse_utility"": 0.09682607650756836, ""budget_blocked_fresh"": false, ""defer_utility"": 0.0, ""fold_a_fresh_utility"": -0.9553523063659668, ""fold_a_query_n"": 8, ""fold_a_support_n"": 8, ""fold_b_fresh_utility"": -0.9675536155700684, ""fold_b_query_n"": 8, ""fold_b_support_n"": 8, ""fresh_advantage"": -1.058279037475586, ""fresh_local_trainability"": 0.041489601135253906, ""fresh_positive"": false, ""fresh_query_after"": 4.486268520355225, ""fresh_query_before"": 4.5277581214904785, ""fresh_utility"": -0.9614529609680176, ""max_adapters"": 8, ""reuse_profiles"": {""adapter_1"": {""feasible_both"": true, ""fold_a_harm"": -0.03535490110516548, ""fold_a_lcb"": -0.040888546211645005, ""fold_a_query_after"": 5.600866317749023, ""fold_a_utility"": -1.9627156257629395, ""fold_b_harm"": -0.03692571073770523, ""fold_b_lcb"": -0.04220839544199407, ""fold_b_query_after"": 5.5005292892456055, ""fold_b_utility"": -2.0890488624572754, ""harm_lcb_max"": -0.040888546211645005, ""harm_mean"": -0.036140305921435356, ""harm_se_mean"": 0.002759267808869481, ""harm_ucb_max"": -0.029821255998685958, ""local_trainability"": -0.01675891876220703, ""query_after"": 5.5506978034973145, ""query_before"": 5.533938884735107, ""system_utility"": -2.0258822441101074}, ""adapter_2"": {""feasible_both"": true, ""fold_a_harm"": -0.10117439180612564, ""fold_a_lcb"": -0.10590440478175879, ""fold_a_query_after"": 3.5433764457702637, ""fold_a_utility"": 0.09477424621582031, ""fold_b_harm"": -0.09819391369819641, ""fold_b_lcb"": -0.10184195462614298, ""fold_b_query_after"": 3.3126025199890137, ""fold_b_utility"": 0.0988779067993164, ""harm_lcb_max"": -0.10184195462614298, ""harm_mean"": -0.09968415275216103, ""harm_se_mean"": 0.0021372586488723755, ""harm_ucb_max"": -0.09454587277024984, ""local_trainability"": 0.09682607650756836, ""query_after"": 3.4279894828796387, ""query_before"": 3.524815559387207, ""system_utility"": 0.09682607650756836}, ""default"": {""feasible_both"": true, ""fold_a_harm"": -0.0017810501158237457, ""fold_a_lcb"": -0.009629777688533068, ""fold_a_query_after"": 7.765363693237305, ""fold_a_utility"": -4.127213001251221, ""fold_b_harm"": -0.0018973760306835175, ""fold_b_lcb"": -0.009770866874605417, ""fold_b_query_after"": 7.522042274475098, ""fold_b_utility"": -4.110561847686768, ""harm_lcb_max"": -0.009629777688533068, ""harm_mean"": -0.0018392130732536316, ""harm_se_mean"": 0.004010770004242659, ""harm_ucb_max"": 0.006067677456885577, ""local_trainability"": -0.0385439395904541, ""query_after"": 7.643702983856201, ""query_before"": 7.605159044265747, ""system_utility"": -4.118887424468994}}, ""status"": ""ok"", ""statusquo_loss"": 3.524815559387207, ""total_memory_budget"": 512}, ""utility_status"": ""ok""}"
61,C1,C,1,adapter_2,reuse,safe_existing_reuse,3.2665212154388428,3,True,884736,177639,0,110603828,354125,8499600,510,69.82963367388584,873451008,0.0,60.725475827464834,5.547271396731958,512,510,3.10831618309021,-1.121997594833374,0.09917330741882324,-1.2211709022521973,False,,"{""best_reuse"": ""adapter_2"", ""best_reuse_utility"": 0.09917330741882324, ""decision"": ""reuse"", ""fresh_advantage"": -1.2211709022521973, ""fresh_positive"": false, ""fresh_utility"": -1.121997594833374, ""full_batch_guards"": {""adapter_1"": {""crossfit_feasible"": true, ""crossfit_utility"": -2.1490893363952637, ""crossfit_utility_positive"": false, ""full_batch_cur_after"": 5.223498821258545, ""full_batch_cur_before"": 5.2502946853637695, ""full_batch_gain"": 0.02679586410522461, ""full_batch_harm"": -0.0360034704208374, ""full_batch_harm_lcb"": -0.0409076714515686, ""full_batch_harm_se"": 0.002502143383026123, ""full_batch_harm_ucb"": -0.031099269390106203, ""full_batch_safe"": true}, ""adapter_2"": {""crossfit_feasible"": true, ""crossfit_utility"": 0.09917330741882324, ""crossfit_utility_positive"": true, ""full_batch_cur_after"": 3.0020923614501953, ""full_batch_cur_before"": 3.10831618309021, ""full_batch_gain"": 0.10622382164001465, ""full_batch_harm"": -0.09712987393140793, ""full_batch_harm_lcb"": -0.10275842026807368, ""full_batch_harm_se"": 0.0028717073146253824, ""full_batch_harm_ucb"": -0.09150132759474218, ""full_batch_safe"": true}, ""default"": {""crossfit_feasible"": true, ""crossfit_utility"": -4.230236530303955, ""crossfit_utility_positive"": false, ""full_batch_cur_after"": 7.292330265045166, ""full_batch_cur_before"": 7.325328350067139, ""full_batch_gain"": 0.032998085021972656, ""full_batch_harm"": -0.0014771819114685059, ""full_batch_harm_lcb"": -0.009317119307816028, ""full_batch_harm_se"": 0.003999968059360981, ""full_batch_harm_ucb"": 0.006362755484879017, ""full_batch_safe"": true}}, ""guarded_best_reuse"": ""adapter_2"", ""num_adapters"": 3, ""pending_after"": false, ""pending_before"": false, ""policy_version"": ""cau_v1"", ""reason"": ""safe_existing_reuse"", ""utility"": {""batch_n"": 16, ""best_reuse"": ""adapter_2"", ""best_reuse_query_after"": 3.0091428756713867, ""best_reuse_utility"": 0.09917330741882324, ""budget_blocked_fresh"": false, ""defer_utility"": 0.0, ""fold_a_fresh_utility"": -1.1135225296020508, ""fold_a_query_n"": 8, ""fold_a_support_n"": 8, ""fold_b_fresh_utility"": -1.1304726600646973, ""fold_b_query_n"": 8, ""fold_b_support_n"": 8, ""fresh_advantage"": -1.2211709022521973, ""fresh_local_trainability"": 0.07802796363830566, ""fresh_positive"": false, ""fresh_query_after"": 4.230313777923584, ""fresh_query_before"": 4.30834174156189, ""fresh_utility"": -1.121997594833374, ""max_adapters"": 8, ""reuse_profiles"": {""adapter_1"": {""feasible_both"": true, ""fold_a_harm"": -0.03556770086288452, ""fold_a_lcb"": -0.04056155603379011, ""fold_a_query_after"": 5.1270246505737305, ""fold_a_utility"": -2.053046226501465, ""fold_b_harm"": -0.037955787032842636, ""fold_b_lcb"": -0.042736074961721895, ""fold_b_query_after"": 5.387786388397217, ""fold_b_utility"": -2.2451324462890625, ""harm_lcb_max"": -0.04056155603379011, ""harm_mean"": -0.03676174394786358, ""harm_se_mean"": 0.0024934038519859314, ""harm_ucb_max"": -0.03057384569197893, ""local_trainability"": -0.0071108341217041016, ""query_after"": 5.257405519485474, ""query_before"": 5.2502946853637695, ""system_utility"": -2.1490893363952637}, ""adapter_2"": {""feasible_both"": true, ""fold_a_harm"": -0.09736629575490952, ""fold_a_lcb"": -0.10200676411390304, ""fold_a_query_after"": 2.9645018577575684, ""fold_a_utility"": 0.10947656631469727, ""fold_b_harm"": -0.09314148128032684, ""fold_b_lcb"": -0.09918901172466577, ""fold_b_query_after"": 3.053783893585205, ""fold_b_utility"": 0.08887004852294922, ""harm_lcb_max"": -0.09918901172466577, ""harm_mean"": -0.09525388851761818, ""harm_se_mean"": 0.0027265303069725633, ""harm_ucb_max"": -0.08709395083598792, ""local_trainability"": 0.09917330741882324, ""query_after"": 3.0091428756713867, ""query_before"": 3.10831618309021, ""system_utility"": 0.09917330741882324}, ""default"": {""feasible_both"": true, ""fold_a_harm"": -0.0015655234456062317, ""fold_a_lcb"": -0.009412773363292217, ""fold_a_query_after"": 7.16149377822876, ""fold_a_utility"": -4.087515354156494, ""fold_b_harm"": -0.0017608292400836945, ""fold_b_lcb"": -0.009661623388528823, ""fold_b_query_after"": 7.51561164855957, ""fold_b_utility"": -4.372957706451416, ""harm_lcb_max"": -0.009412773363292217, ""harm_mean"": -0.001663176342844963, ""harm_se_mean"": 0.0040173581801354885, ""harm_ucb_max"": 0.006281726472079753, ""local_trainability"": -0.013224601745605469, ""query_after"": 7.338552713394165, ""query_before"": 7.32532811164856, ""system_utility"": -4.230236530303955}}, ""status"": ""ok"", ""statusquo_loss"": 3.10831618309021, ""total_memory_budget"": 512}, ""utility_status"": ""ok""}"
62,C1,C,1,adapter_2,reuse,safe_existing_reuse,3.3855772018432617,3,True,884736,177639,0,110603828,354125,8499600,510,71.53895781096071,873451008,0.0,62.42651887657121,5.547271396731958,512,510,3.2742981910705566,-1.1866674423217773,0.08501768112182617,-1.2716851234436035,False,,"{""best_reuse"": ""adapter_2"", ""best_reuse_utility"": 0.08501768112182617, ""decision"": ""reuse"", ""fresh_advantage"": -1.2716851234436035, ""fresh_positive"": false, ""fresh_utility"": -1.1866674423217773, ""full_batch_guards"": {""adapter_1"": {""crossfit_feasible"": true, ""crossfit_utility"": -2.262633800506592, ""crossfit_utility_positive"": false, ""full_batch_cur_after"": 5.510720252990723, ""full_batch_cur_before"": 5.540822505950928, ""full_batch_gain"": 0.030102252960205078, ""full_batch_harm"": -0.035445164889097214, ""full_batch_harm_lcb"": -0.04032125077210367, ""full_batch_harm_se"": 0.002487798919901252, ""full_batch_harm_ucb"": -0.03056907900609076, ""full_batch_safe"": true}, ""adapter_2"": {""crossfit_feasible"": true, ""crossfit_utility"": 0.08501768112182617, ""crossfit_utility_positive"": true, ""full_batch_cur_after"": 3.1807265281677246, ""full_batch_cur_before"": 3.2742981910705566, ""full_batch_gain"": 0.09357166290283203, ""full_batch_harm"": -0.09141488373279572, ""full_batch_harm_lcb"": -0.09726656373590231, ""full_batch_harm_se"": 0.0029855510219931602, ""full_batch_harm_ucb"": -0.08556320372968912, ""full_batch_safe"": true}, ""default"": {""crossfit_feasible"": true, ""crossfit_utility"": -4.354053258895874, ""crossfit_utility_positive"": false, ""full_batch_cur_after"": 7.577712535858154, ""full_batch_cur_before"": 7.612776756286621, ""full_batch_gain"": 0.0350642204284668, ""full_batch_harm"": -0.001480884850025177, ""full_batch_harm_lcb"": -0.009341827034950257, ""full_batch_harm_se"": 0.004010684788227081, ""full_batch_harm_ucb"": 0.006380057334899903, ""full_batch_safe"": true}}, ""guarded_best_reuse"": ""adapter_2"", ""num_adapters"": 3, ""pending_after"": false, ""pending_before"": false, ""policy_version"": ""cau_v1"", ""reason"": ""safe_existing_reuse"", ""utility"": {""batch_n"": 16, ""best_reuse"": ""adapter_2"", ""best_reuse_query_after"": 3.1892805099487305, ""best_reuse_utility"": 0.08501768112182617, ""budget_blocked_fresh"": false, ""defer_utility"": 0.0, ""fold_a_fresh_utility"": -1.19187593460083, ""fold_a_query_n"": 8, ""fold_a_support_n"": 8, ""fold_b_fresh_utility"": -1.1814589500427246, ""fold_b_query_n"": 8, ""fold_b_support_n"": 8, ""fresh_advantage"": -1.2716851234436035, ""fresh_local_trainability"": 0.06301212310791016, ""fresh_positive"": false, ""fresh_query_after"": 4.460965633392334, ""fresh_query_before"": 4.523977756500244, ""fresh_utility"": -1.1866674423217773, ""max_adapters"": 8, ""reuse_profiles"": {""adapter_1"": {""feasible_both"": true, ""fold_a_harm"": -0.03638424724340439, ""fold_a_lcb"": -0.04144867390394211, ""fold_a_query_after"": 5.655207633972168, ""fold_a_utility"": -2.335233211517334, ""fold_b_harm"": -0.035449109971523285, ""fold_b_lcb"": -0.04078621737658977, ""fold_b_query_after"": 5.418656349182129, ""fold_b_utility"": -2.1900343894958496, ""harm_lcb_max"": -0.04078621737658977, ""harm_mean"": -0.03591667860746384, ""harm_se_mean"": 0.002653452567756176, ""harm_ucb_max"": -0.030112002566456797, ""local_trainability"": 0.0038909912109375, ""query_after"": 5.536931991577148, ""query_before"": 5.540822982788086, ""system_utility"": -2.262633800506592}, ""adapter_2"": {""feasible_both"": true, ""fold_a_harm"": -0.08917389810085297, ""fold_a_lcb"": -0.0958113537915051, ""fold_a_query_after"": 3.2435317039489746, ""fold_a_utility"": 0.07644271850585938, ""fold_b_harm"": -0.08909516036510468, ""fold_b_lcb"": -0.09418853044509888, ""fold_b_query_after"": 3.1350293159484863, ""fold_b_utility"": 0.09359264373779297, ""harm_lcb_max"": -0.09418853044509888, ""harm_mean"": -0.08913452923297882, ""harm_se_mean"": 0.002992557594552636, ""harm_ucb_max"": -0.08253644241020083, ""local_trainability"": 0.08501768112182617, ""query_after"": 3.1892805099487305, ""query_before"": 3.2742981910705566, ""system_utility"": 0.08501768112182617}, ""default"": {""feasible_both"": true, ""fold_a_harm"": -0.001661933958530426, ""fold_a_lcb"": -0.009619232211261987, ""fold_a_query_after"": 7.717490196228027, ""fold_a_utility"": -4.397515773773193, ""fold_b_harm"": -0.0016982629895210266, ""fold_b_lcb"": -0.009588678870350122, ""fold_b_query_after"": 7.539212703704834, ""fold_b_utility"": -4.310590744018555, ""harm_lcb_max"": -0.009588678870350122, ""harm_mean"": -0.0016800984740257263, ""harm_se_mean"": 0.004042784217745066, ""harm_ucb_max"": 0.006295364294201135, ""local_trainability"": -0.01557469367980957, ""query_after"": 7.628351449966431, ""query_before"": 7.612776756286621, ""system_utility"": -4.354053258895874}}, ""status"": ""ok"", ""statusquo_loss"": 3.2742981910705566, ""total_memory_budget"": 512}, ""utility_status"": ""ok""}"
63,C1,C,1,adapter_2,reuse,safe_existing_reuse,3.129120111465454,3,True,884736,177639,0,110603828,354125,8499600,510,73.38309370586649,873451008,0.0,64.26011415943503,5.547271396731958,512,510,3.051845669746399,-1.295979380607605,0.06816411018371582,-1.3641434907913208,False,,"{""best_reuse"": ""adapter_2"", ""best_reuse_utility"": 0.06816411018371582, ""decision"": ""reuse"", ""fresh_advantage"": -1.3641434907913208, ""fresh_positive"": false, ""fresh_utility"": -1.295979380607605, ""full_batch_guards"": {""adapter_1"": {""crossfit_feasible"": true, ""crossfit_utility"": -2.4303427934646606, ""crossfit_utility_positive"": false, ""full_batch_cur_after"": 5.440108299255371, ""full_batch_cur_before"": 5.469952583312988, ""full_batch_gain"": 0.029844284057617188, ""full_batch_harm"": -0.03605790436267853, ""full_batch_harm_lcb"": -0.040823496971279384, ""full_batch_harm_se"": 0.0024314248003065586, ""full_batch_harm_ucb"": -0.03129231175407767, ""full_batch_safe"": true}, ""adapter_2"": {""crossfit_feasible"": true, ""crossfit_utility"": 0.06816411018371582, ""crossfit_utility_positive"": true, ""full_batch_cur_after"": 2.9699602127075195, ""full_batch_cur_before"": 3.0518455505371094, ""full_batch_gain"": 0.08188533782958984, ""full_batch_harm"": -0.08347243070602417, ""full_batch_harm_lcb"": -0.08904550930485129, ""full_batch_harm_se"": 0.0028434074483811855, ""full_batch_harm_ucb"": -0.07789935210719705, ""full_batch_safe"": true}, ""default"": {""crossfit_feasible"": true, ""crossfit_utility"": -4.602442383766174, ""crossfit_utility_positive"": false, ""full_batch_cur_after"": 7.579488277435303, ""full_batch_cur_before"": 7.613164901733398, ""full_batch_gain"": 0.0336766242980957, ""full_batch_harm"": -0.0015377327799797058, ""full_batch_harm_lcb"": -0.00940385451540351, ""full_batch_harm_se"": 0.004013327416032553, ""full_batch_harm_ucb"": 0.006328388955444098, ""full_batch_safe"": true}}, ""guarded_best_reuse"": ""adapter_2"", ""num_adapters"": 3, ""pending_after"": false, ""pending_before"": false, ""policy_version"": ""cau_v1"", ""reason"": ""safe_existing_reuse"", ""utility"": {""batch_n"": 16, ""best_reuse"": ""adapter_2"", ""best_reuse_query_after"": 2.983681559562683, ""best_reuse_utility"": 0.06816411018371582, ""budget_blocked_fresh"": false, ""defer_utility"": 0.0, ""fold_a_fresh_utility"": -1.2115180492401123, ""fold_a_query_n"": 8, ""fold_a_support_n"": 8, ""fold_b_fresh_utility"": -1.3804407119750977, ""fold_b_query_n"": 8, ""fold_b_support_n"": 8, ""fresh_advantage"": -1.3641434907913208, ""fresh_local_trainability"": 0.032746076583862305, ""fresh_positive"": false, ""fresh_query_after"": 4.347825050354004, ""fresh_query_before"": 4.380571126937866, ""fresh_utility"": -1.295979380607605, ""max_adapters"": 8, ""reuse_profiles"": {""adapter_1"": {""feasible_both"": true, ""fold_a_harm"": -0.036921750754117966, ""fold_a_lcb"": -0.041940353224053976, ""fold_a_query_after"": 5.666763782501221, ""fold_a_utility"": -2.4294159412384033, ""fold_b_harm"": -0.03578224405646324, ""fold_b_lcb"": -0.041186282206326724, ""fold_b_query_after"": 5.297613143920898, ""fold_b_utility"": -2.431269645690918, ""harm_lcb_max"": -0.041186282206326724, ""harm_mean"": -0.036351997405290604, ""harm_se_mean"": 0.0026588368928059936, ""harm_ucb_max"": -0.03037820590659976, ""local_trainability"": -0.012235641479492188, ""query_after"": 5.48218846321106, ""query_before"": 5.469952821731567, ""system_utility"": -2.4303427934646606}, ""adapter_2"": {""feasible_both"": true, ""fold_a_harm"": -0.0803108960390091, ""fold_a_lcb"": -0.08709238613024355, ""fold_a_query_after"": 3.177353858947754, ""fold_a_utility"": 0.05999398231506348, ""fold_b_harm"": -0.08159352838993073, ""fold_b_lcb"": -0.0865319596324116, ""fold_b_query_after"": 2.7900092601776123, ""fold_b_utility"": 0.07633423805236816, ""harm_lcb_max"": -0.0865319596324116, ""harm_mean"": -0.08095221221446991, ""harm_se_mean"": 0.0029897758504375815, ""harm_ucb_max"": -0.07352940594777464, ""local_trainability"": 0.06816411018371582, ""query_after"": 2.983681559562683, ""query_before"": 3.051845669746399, ""system_utility"": 0.06816411018371582}, ""default"": {""feasible_both"": true, ""fold_a_harm"": -0.0017545856535434723, ""fold_a_lcb"": -0.009624383728951216, ""fold_a_query_after"": 7.8461103439331055, ""fold_a_utility"": -4.608762502670288, ""fold_b_harm"": -0.0017747469246387482, ""fold_b_lcb"": -0.009683623909950256, ""fold_b_query_after"": 7.462465763092041, ""fold_b_utility"": -4.5961222648620605, ""harm_lcb_max"": -0.009624383728951216, ""harm_mean"": -0.0017646662890911102, ""harm_se_mean"": 0.004025172209367156, ""harm_ucb_max"": 0.00613413006067276, ""local_trainability"": -0.0411226749420166, ""query_after"": 7.654288053512573, ""query_before"": 7.613165378570557, ""system_utility"": -4.602442383766174}}, ""status"": ""ok"", ""statusquo_loss"": 3.051845669746399, ""total_memory_budget"": 512}, ""utility_status"": ""ok""}"
64,C1,C,1,adapter_2,reuse,safe_existing_reuse,3.1967544555664062,3,True,884736,177639,0,110603828,354125,8499600,510,75.1661389018409,873451008,0.0,66.03452323726378,5.547271396731958,512,510,3.143381063754742,-1.3062954132373517,0.06820178031921387,-1.3744971935565655,False,,"{""best_reuse"": ""adapter_2"", ""best_reuse_utility"": 0.06820178031921387, ""decision"": ""reuse"", ""fresh_advantage"": -1.3744971935565655, ""fresh_positive"": false, ""fresh_utility"": -1.3062954132373517, ""full_batch_guards"": {""adapter_1"": {""crossfit_feasible"": true, ""crossfit_utility"": -2.3909504413604736, ""crossfit_utility_positive"": false, ""full_batch_cur_after"": 5.498427391052246, ""full_batch_cur_before"": 5.531775951385498, ""full_batch_gain"": 0.03334856033325195, ""full_batch_harm"": -0.03594178333878517, ""full_batch_harm_lcb"": -0.04120965452864766, ""full_batch_harm_se"": 0.002687689382582903, ""full_batch_harm_ucb"": -0.03067391214892268, ""full_batch_safe"": true}, ""adapter_2"": {""crossfit_feasible"": true, ""crossfit_utility"": 0.06820178031921387, ""crossfit_utility_positive"": true, ""full_batch_cur_after"": 3.0646963119506836, ""full_batch_cur_before"": 3.143381118774414, ""full_batch_gain"": 0.07868480682373047, ""full_batch_harm"": -0.07957687973976135, ""full_batch_harm_lcb"": -0.08536305280402302, ""full_batch_harm_se"": 0.002952129114419222, ""full_batch_harm_ucb"": -0.07379070667549968, ""full_batch_safe"": true}, ""default"": {""crossfit_feasible"": true, ""crossfit_utility"": -4.508586388367873, ""crossfit_utility_positive"": false, ""full_batch_cur_after"": 7.5833964347839355, ""full_batch_cur_before"": 7.62080717086792, ""full_batch_gain"": 0.037410736083984375, ""full_batch_harm"": -0.00161052867770195, ""full_batch_harm_lcb"": -0.009446916598826646, ""full_batch_harm_se"": 0.003998157102614641, ""full_batch_harm_ucb"": 0.006225859243422746, ""full_batch_safe"": true}}, ""guarded_best_reuse"": ""adapter_2"", ""num_adapters"": 3, ""pending_after"": false, ""pending_before"": false, ""policy_version"": ""cau_v1"", ""reason"": ""safe_existing_reuse"", ""utility"": {""batch_n"": 13, ""best_reuse"": ""adapter_2"", ""best_reuse_query_after"": 3.0751792834355283, ""best_reuse_utility"": 0.06820178031921387, ""budget_blocked_fresh"": false, ""defer_utility"": 0.0, ""fold_a_fresh_utility"": -1.3285019397735596, ""fold_a_query_n"": 6, ""fold_a_support_n"": 7, ""fold_b_fresh_utility"": -1.2872612476348877, ""fold_b_query_n"": 7, ""fold_b_support_n"": 6, ""fresh_advantage"": -1.3744971935565655, ""fresh_local_trainability"": 0.047174893892728366, ""fresh_positive"": false, ""fresh_query_after"": 4.449676476992094, ""fresh_query_before"": 4.496851370884822, ""fresh_utility"": -1.3062954132373517, ""max_adapters"": 8, ""reuse_profiles"": {""adapter_1"": {""feasible_both"": true, ""fold_a_harm"": -0.03630669787526131, ""fold_a_lcb"": -0.04186092062853276, ""fold_a_query_after"": 5.746957302093506, ""fold_a_utility"": -2.4061176776885986, ""fold_b_harm"": -0.036461472511291504, ""fold_b_lcb"": -0.041766527397558095, ""fold_b_query_after"": 5.352080821990967, ""fold_b_utility"": -2.3779499530792236, ""harm_lcb_max"": -0.041766527397558095, ""harm_mean"": -0.036384085193276405, ""harm_se_mean"": 0.0027702238876372576, ""harm_ucb_max"": -0.030752475121989847, ""local_trainability"": -0.002555370330810547, ""query_after"": 5.534331505115215, ""query_before"": 5.531776134784405, ""system_utility"": -2.3909504413604736}, ""adapter_2"": {""feasible_both"": true, ""fold_a_harm"": -0.07829127460718155, ""fold_a_lcb"": -0.0835624894592911, ""fold_a_query_after"": 3.263967752456665, ""fold_a_utility"": 0.07687187194824219, ""fold_b_harm"": -0.07691572606563568, ""fold_b_lcb"": -0.08350693361833691, ""fold_b_query_after"": 2.913360595703125, ""fold_b_utility"": 0.060770273208618164, ""harm_lcb_max"": -0.08350693361833691, ""harm_mean"": -0.07760350033640862, ""harm_se_mean"": 0.0030261281644925475, ""harm_ucb_max"": -0.07032451851293445, ""local_trainability"": 0.06820178031921387, ""query_after"": 3.0751792834355283, ""query_before"": 3.143381063754742, ""system_utility"": 0.06820178031921387}, ""default"": {""feasible_both"": true, ""fold_a_harm"": -0.0018229968845844269, ""fold_a_lcb"": -0.00967439591884613, ""fold_a_query_after"": 7.849409580230713, ""fold_a_utility"": -4.508569955825806, ""fold_b_harm"": -0.0018713735044002533, ""fold_b_lcb"": -0.00969183487817645, ""fold_b_query_after"": 7.482731342315674, ""fold_b_utility"": -4.508600473403931, ""harm_lcb_max"": -0.00967439591884613, ""harm_mean"": -0.00184718519449234, ""harm_se_mean"": 0.003997923573479056, ""harm_ucb_max"": 0.006028402149677276, ""local_trainability"": -0.031160501333383415, ""query_after"": 7.651967452122615, ""query_before"": 7.620806950789231, ""system_utility"": -4.508586388367873}}, ""status"": ""ok"", ""statusquo_loss"": 3.143381063754742, ""total_memory_budget"": 512}, ""utility_status"": ""ok""}"
65,B2,B,2,adapter_1,reuse,safe_existing_reuse,2.7544472217559814,3,True,884736,177639,0,110603828,354125,8499600,510,79.84874726296403,873451008,0.0,67.80589673132636,8.449603877728805,512,510,5.120715856552124,0.8148694038391113,2.444088935852051,-1.6292195320129395,False,,"{""best_reuse"": ""adapter_1"", ""best_reuse_utility"": 2.444088935852051, ""decision"": ""reuse"", ""fresh_advantage"": -1.6292195320129395, ""fresh_positive"": false, ""fresh_utility"": 0.8148694038391113, ""full_batch_guards"": {""adapter_1"": {""crossfit_feasible"": true, ""crossfit_utility"": 2.444088935852051, ""crossfit_utility_positive"": true, ""full_batch_cur_after"": 2.6641218662261963, ""full_batch_cur_before"": 2.7255096435546875, ""full_batch_gain"": 0.06138777732849121, ""full_batch_harm"": -0.04335225746035576, ""full_batch_harm_lcb"": -0.050741159599274395, ""full_batch_harm_se"": 0.0037698480300605297, ""full_batch_harm_ucb"": -0.03596335532143712, ""full_batch_safe"": true}, ""adapter_2"": {""crossfit_feasible"": true, ""crossfit_utility"": -0.06834077835083008, ""crossfit_utility_positive"": false, ""full_batch_cur_after"": 5.129106521606445, ""full_batch_cur_before"": 5.120716094970703, ""full_batch_gain"": -0.008390426635742188, ""full_batch_harm"": -0.05652087554335594, ""full_batch_harm_lcb"": -0.06047625091858208, ""full_batch_harm_se"": 0.0020180486608296633, ""full_batch_harm_ucb"": -0.0525655001681298, ""full_batch_safe"": true}, ""default"": {""crossfit_feasible"": true, ""crossfit_utility"": -1.4381120204925537, ""crossfit_utility_positive"": false, ""full_batch_cur_after"": 6.510704040527344, ""full_batch_cur_before"": 6.539076328277588, ""full_batch_gain"": 0.02837228775024414, ""full_batch_harm"": -0.002545420080423355, ""full_batch_harm_lcb"": -0.010372008383274078, ""full_batch_harm_se"": 0.003993157297372818, ""full_batch_harm_ucb"": 0.0052811682224273675, ""full_batch_safe"": true}}, ""guarded_best_reuse"": ""adapter_1"", ""num_adapters"": 3, ""pending_after"": false, ""pending_before"": false, ""policy_version"": ""cau_v1"", ""reason"": ""safe_existing_reuse"", ""utility"": {""batch_n"": 16, ""best_reuse"": ""adapter_1"", ""best_reuse_query_after"": 2.6766269207000732, ""best_reuse_utility"": 2.444088935852051, ""budget_blocked_fresh"": false, ""defer_utility"": 0.0, ""fold_a_fresh_utility"": 0.8267617225646973, ""fold_a_query_n"": 8, ""fold_a_support_n"": 8, ""fold_b_fresh_utility"": 0.8029770851135254, ""fold_b_query_n"": 8, ""fold_b_support_n"": 8, ""fresh_advantage"": -1.6292195320129395, ""fresh_local_trainability"": 0.04585838317871094, ""fresh_positive"": false, ""fresh_query_after"": 4.305846452713013, ""fresh_query_before"": 4.351704835891724, ""fresh_utility"": 0.8148694038391113, ""max_adapters"": 8, ""reuse_profiles"": {""adapter_1"": {""feasible_both"": true, ""fold_a_harm"": -0.04156070947647095, ""fold_a_lcb"": -0.04848298613913357, ""fold_a_query_after"": 2.7618212699890137, ""fold_a_utility"": 2.4308810234069824, ""fold_b_harm"": -0.042594507336616516, ""fold_b_lcb"": -0.049554497972130775, ""fold_b_query_after"": 2.591432571411133, ""fold_b_utility"": 2.457296848297119, ""harm_lcb_max"": -0.04848298613913357, ""harm_mean"": -0.04207760840654373, ""harm_se_mean"": 0.0035413947189226747, ""harm_ucb_max"": -0.03463843281380832, ""local_trainability"": 0.04888260364532471, ""query_after"": 2.6766269207000732, ""query_before"": 2.725509524345398, ""system_utility"": 2.444088935852051}, ""adapter_2"": {""feasible_both"": true, ""fold_a_harm"": -0.05833332985639572, ""fold_a_lcb"": -0.06247860169969499, ""fold_a_query_after"": 5.26740026473999, ""fold_a_utility"": -0.07469797134399414, ""fold_b_harm"": -0.05805455148220062, ""fold_b_lcb"": -0.06205157318152487, ""fold_b_query_after"": 5.110713005065918, ""fold_b_utility"": -0.061983585357666016, ""harm_lcb_max"": -0.06205157318152487, ""harm_mean"": -0.05819394066929817, ""harm_se_mean"": 0.002077115699648857, ""harm_ucb_max"": -0.054057529782876375, ""local_trainability"": -0.06834077835083008, ""query_after"": 5.189056634902954, ""query_before"": 5.120715856552124, ""system_utility"": -0.06834077835083008}, ""default"": {""feasible_both"": true, ""fold_a_harm"": -0.0028892233967781067, ""fold_a_lcb"": -0.010726544093340635, ""fold_a_query_after"": 6.766116142272949, ""fold_a_utility"": -1.5734138488769531, ""fold_b_harm"": -0.0015944801270961761, ""fold_b_lcb"": -0.009501332752406597, ""fold_b_query_after"": 6.351539611816406, ""fold_b_utility"": -1.3028101921081543, ""harm_lcb_max"": -0.009501332752406597, ""harm_mean"": -0.0022418517619371414, ""harm_se_mean"": 0.0040163707453757524, ""harm_ucb_max"": 0.006312372498214244, ""local_trainability"": -0.019751548767089844, ""query_after"": 6.558827877044678, ""query_before"": 6.539076328277588, ""system_utility"": -1.4381120204925537}}, ""status"": ""ok"", ""statusquo_loss"": 5.120715856552124, ""total_memory_budget"": 512}, ""utility_status"": ""ok""}"
66,B2,B,2,adapter_1,reuse,safe_existing_reuse,2.7970194816589355,3,True,884736,177639,0,110603828,354125,8499600,510,81.66404059994966,873451008,0.0,69.61296738148667,8.449603877728805,512,510,2.746651768684387,-1.551214337348938,0.03537285327911377,-1.5865871906280518,False,,"{""best_reuse"": ""adapter_1"", ""best_reuse_utility"": 0.03537285327911377, ""decision"": ""reuse"", ""fresh_advantage"": -1.5865871906280518, ""fresh_positive"": false, ""fresh_utility"": -1.551214337348938, ""full_batch_guards"": {""adapter_1"": {""crossfit_feasible"": true, ""crossfit_utility"": 0.03537285327911377, ""crossfit_utility_positive"": true, ""full_batch_cur_after"": 2.6978089809417725, ""full_batch_cur_before"": 2.7466516494750977, ""full_batch_gain"": 0.048842668533325195, ""full_batch_harm"": -0.03515959158539772, ""full_batch_harm_lcb"": -0.04355144089087844, ""full_batch_harm_se"": 0.0042815557681024075, ""full_batch_harm_ucb"": -0.026767742279917003, ""full_batch_safe"": true}, ""adapter_2"": {""crossfit_feasible"": true, ""crossfit_utility"": -2.4557021856307983, ""crossfit_utility_positive"": false, ""full_batch_cur_after"": 5.142556667327881, ""full_batch_cur_before"": 5.130154609680176, ""full_batch_gain"": -0.012402057647705078, ""full_batch_harm"": -0.055699512362480164, ""full_batch_harm_lcb"": -0.059732385678216815, ""full_batch_harm_se"": 0.0020575884263962507, ""full_batch_harm_ucb"": -0.05166663904674351, ""full_batch_safe"": true}, ""default"": {""crossfit_feasible"": true, ""crossfit_utility"": -3.726484179496765, ""crossfit_utility_positive"": false, ""full_batch_cur_after"": 6.430811882019043, ""full_batch_cur_before"": 6.454107284545898, ""full_batch_gain"": 0.02329540252685547, ""full_batch_harm"": -0.0028103291988372803, ""full_batch_harm_lcb"": -0.010631801839917899, ""full_batch_harm_se"": 0.003990547265857458, ""full_batch_harm_ucb"": 0.005011143442243338, ""full_batch_safe"": true}}, ""guarded_best_reuse"": ""adapter_1"", ""num_adapters"": 3, ""pending_after"": false, ""pending_before"": false, ""policy_version"": ""cau_v1"", ""reason"": ""safe_existing_reuse"", ""utility"": {""batch_n"": 16, ""best_reuse"": ""adapter_1"", ""best_reuse_query_after"": 2.7112789154052734, ""best_reuse_utility"": 0.03537285327911377, ""budget_blocked_fresh"": false, ""defer_utility"": 0.0, ""fold_a_fresh_utility"": -1.5448479652404785, ""fold_a_query_n"": 8, ""fold_a_support_n"": 8, ""fold_b_fresh_utility"": -1.5575807094573975, ""fold_b_query_n"": 8, ""fold_b_support_n"": 8, ""fresh_advantage"": -1.5865871906280518, ""fresh_local_trainability"": 0.04367256164550781, ""fresh_positive"": false, ""fresh_query_after"": 4.297866106033325, ""fresh_query_before"": 4.341538667678833, ""fresh_utility"": -1.551214337348938, ""max_adapters"": 8, ""reuse_profiles"": {""adapter_1"": {""feasible_both"": true, ""fold_a_harm"": -0.03342115506529808, ""fold_a_lcb"": -0.04166473688557744, ""fold_a_query_after"": 2.647317409515381, ""fold_a_utility"": 0.040747642517089844, ""fold_b_harm"": -0.03484832122921944, ""fold_b_lcb"": -0.04324807813391089, ""fold_b_query_after"": 2.775240421295166, ""fold_b_utility"": 0.029998064041137695, ""harm_lcb_max"": -0.04166473688557744, ""harm_mean"": -0.03413473814725876, ""harm_se_mean"": 0.0042457496747374535, ""harm_ucb_max"": -0.025177573245018722, ""local_trainability"": 0.03537285327911377, ""query_after"": 2.7112789154052734, ""query_before"": 2.746651768684387, ""system_utility"": 0.03537285327911377}, ""adapter_2"": {""feasible_both"": true, ""fold_a_harm"": -0.058395784348249435, ""fold_a_lcb"": -0.06270871664397419, ""fold_a_query_after"": 5.075983047485352, ""fold_a_utility"": -2.387917995452881, ""fold_b_harm"": -0.05756290629506111, ""fold_b_lcb"": -0.061551833748817446, ""fold_b_query_after"": 5.3287248611450195, ""fold_b_utility"": -2.523486375808716, ""harm_lcb_max"": -0.061551833748817446, ""harm_mean"": -0.05797934532165527, ""harm_se_mean"": 0.0021178213646635413, ""harm_ucb_max"": -0.05357397884130478, ""local_trainability"": -0.07219910621643066, ""query_after"": 5.2023539543151855, ""query_before"": 5.130154848098755, ""system_utility"": -2.4557021856307983}, ""default"": {""feasible_both"": true, ""fold_a_harm"": -0.0020797960460186005, ""fold_a_lcb"": -0.00994734888896346, ""fold_a_query_after"": 6.638027667999268, ""fold_a_utility"": -3.949962615966797, ""fold_b_harm"": -0.0033218003809452057, ""fold_b_lcb"": -0.01107882846146822, ""fold_b_query_after"": 6.308244228363037, ""fold_b_utility"": -3.5030057430267334, ""harm_lcb_max"": -0.00994734888896346, ""harm_mean"": -0.002700798213481903, ""harm_se_mean"": 0.003985862480476499, ""harm_ucb_max"": 0.005787756796926259, ""local_trainability"": -0.019028663635253906, ""query_after"": 6.473135948181152, ""query_before"": 6.454107284545898, ""system_utility"": -3.726484179496765}}, ""status"": ""ok"", ""statusquo_loss"": 2.746651768684387, ""total_memory_budget"": 512}, ""utility_status"": ""ok""}"
67,B2,B,2,adapter_1,reuse,safe_existing_reuse,2.7278096675872803,3,True,884736,177639,0,110603828,354125,8499600,510,83.46113659488037,873451008,0.0,71.40131417335942,8.449603877728805,512,510,2.691300868988037,-1.5714693069458008,0.02255260944366455,-1.5940219163894653,False,,"{""best_reuse"": ""adapter_1"", ""best_reuse_utility"": 0.02255260944366455, ""decision"": ""reuse"", ""fresh_advantage"": -1.5940219163894653, ""fresh_positive"": false, ""fresh_utility"": -1.5714693069458008, ""full_batch_guards"": {""adapter_1"": {""crossfit_feasible"": true, ""crossfit_utility"": 0.02255260944366455, ""crossfit_utility_positive"": true, ""full_batch_cur_after"": 2.65435791015625, ""full_batch_cur_before"": 2.691300868988037, ""full_batch_gain"": 0.03694295883178711, ""full_batch_harm"": -0.030991319566965103, ""full_batch_harm_lcb"": -0.038670188914984464, ""full_batch_harm_se"": 0.003917790483683348, ""full_batch_harm_ucb"": -0.023312450218945742, ""full_batch_safe"": true}, ""adapter_2"": {""crossfit_feasible"": true, ""crossfit_utility"": -2.565217971801758, ""crossfit_utility_positive"": false, ""full_batch_cur_after"": 5.185810089111328, ""full_batch_cur_before"": 5.172303199768066, ""full_batch_gain"": -0.013506889343261719, ""full_batch_harm"": -0.05561951547861099, ""full_batch_harm_lcb"": -0.05957831802777946, ""full_batch_harm_se"": 0.002019797218963504, ""full_batch_harm_ucb"": -0.05166071292944253, ""full_batch_safe"": true}, ""default"": {""crossfit_feasible"": true, ""crossfit_utility"": -3.9274179935455322, ""crossfit_utility_positive"": false, ""full_batch_cur_after"": 6.567776679992676, ""full_batch_cur_before"": 6.590717792510986, ""full_batch_gain"": 0.022941112518310547, ""full_batch_harm"": -0.002472296357154846, ""full_batch_harm_lcb"": -0.010217381808906793, ""full_batch_harm_se"": 0.003951574210077524, ""full_batch_harm_ucb"": 0.005272789094597101, ""full_batch_safe"": true}}, ""guarded_best_reuse"": ""adapter_1"", ""num_adapters"": 3, ""pending_after"": false, ""pending_before"": false, ""policy_version"": ""cau_v1"", ""reason"": ""safe_existing_reuse"", ""utility"": {""batch_n"": 16, ""best_reuse"": ""adapter_1"", ""best_reuse_query_after"": 2.6687482595443726, ""best_reuse_utility"": 0.02255260944366455, ""budget_blocked_fresh"": false, ""defer_utility"": 0.0, ""fold_a_fresh_utility"": -1.524820327758789, ""fold_a_query_n"": 8, ""fold_a_support_n"": 8, ""fold_b_fresh_utility"": -1.6181182861328125, ""fold_b_query_n"": 8, ""fold_b_support_n"": 8, ""fresh_advantage"": -1.5940219163894653, ""fresh_local_trainability"": 0.03959369659423828, ""fresh_positive"": false, ""fresh_query_after"": 4.262770175933838, ""fresh_query_before"": 4.302363872528076, ""fresh_utility"": -1.5714693069458008, ""max_adapters"": 8, ""reuse_profiles"": {""adapter_1"": {""feasible_both"": true, ""fold_a_harm"": -0.0319489985704422, ""fold_a_lcb"": -0.040037396494299174, ""fold_a_query_after"": 2.613158702850342, ""fold_a_utility"": 0.01739645004272461, ""fold_b_harm"": -0.03000568598508835, ""fold_b_lcb"": -0.03753469017334282, ""fold_b_query_after"": 2.7243378162384033, ""fold_b_utility"": 0.027708768844604492, ""harm_lcb_max"": -0.03753469017334282, ""harm_mean"": -0.030977342277765274, ""harm_se_mean"": 0.003984031151048839, ""harm_ucb_max"": -0.022476681796833875, ""local_trainability"": 0.02255260944366455, ""query_after"": 2.6687482595443726, ""query_before"": 2.691300868988037, ""system_utility"": 0.02255260944366455}, ""adapter_2"": {""feasible_both"": true, ""fold_a_harm"": -0.057310380041599274, ""fold_a_lcb"": -0.061432994659990074, ""fold_a_query_after"": 5.1204328536987305, ""fold_a_utility"": -2.489877700805664, ""fold_b_harm"": -0.058430470526218414, ""fold_b_lcb"": -0.06255245949141681, ""fold_b_query_after"": 5.392604827880859, ""fold_b_utility"": -2.6405582427978516, ""harm_lcb_max"": -0.061432994659990074, ""harm_mean"": -0.057870425283908844, ""harm_se_mean"": 0.002103215199895203, ""harm_ucb_max"": -0.05318776542320847, ""local_trainability"": -0.08421564102172852, ""query_after"": 5.256518840789795, ""query_before"": 5.172303199768066, ""system_utility"": -2.565217971801758}, ""default"": {""feasible_both"": true, ""fold_a_harm"": -0.0031023845076560974, ""fold_a_lcb"": -0.010853589586913586, ""fold_a_query_after"": 6.93977689743042, ""fold_a_utility"": -4.3092217445373535, ""fold_b_harm"": -0.0015904717147350311, ""fold_b_lcb"": -0.009455413334071636, ""fold_b_query_after"": 6.297660827636719, ""fold_b_utility"": -3.545614242553711, ""harm_lcb_max"": -0.009455413334071636, ""harm_mean"": -0.0023464281111955643, ""harm_se_mean"": 0.003983710892498493, ""harm_ucb_max"": 0.006274469904601574, ""local_trainability"": -0.028001070022583008, ""query_after"": 6.618718862533569, ""query_before"": 6.590717792510986, ""system_utility"": -3.9274179935455322}}, ""status"": ""ok"", ""statusquo_loss"": 2.691300868988037, ""total_memory_budget"": 512}, ""utility_status"": ""ok""}"
68,B2,B,2,adapter_1,reuse,safe_existing_reuse,2.740083694458008,3,True,884736,177639,0,110603828,354125,8499600,510,85.24806651799008,873451008,0.0,73.17984230420552,8.449603877728805,512,510,2.7688790559768677,-1.6486057043075562,0.02554774284362793,-1.674153447151184,False,,"{""best_reuse"": ""adapter_1"", ""best_reuse_utility"": 0.02554774284362793, ""decision"": ""reuse"", ""fresh_advantage"": -1.674153447151184, ""fresh_positive"": false, ""fresh_utility"": -1.6486057043075562, ""full_batch_guards"": {""adapter_1"": {""crossfit_feasible"": true, ""crossfit_utility"": 0.02554774284362793, ""crossfit_utility_positive"": true, ""full_batch_cur_after"": 2.728041648864746, ""full_batch_cur_before"": 2.7688791751861572, ""full_batch_gain"": 0.04083752632141113, ""full_batch_harm"": -0.028383200988173485, ""full_batch_harm_lcb"": -0.03471885317005217, ""full_batch_harm_se"": 0.0032324756029993296, ""full_batch_harm_ucb"": -0.0220475488062948, ""full_batch_safe"": true}, ""adapter_2"": {""crossfit_feasible"": true, ""crossfit_utility"": -2.6193124055862427, ""crossfit_utility_positive"": false, ""full_batch_cur_after"": 5.314892768859863, ""full_batch_cur_before"": 5.306316375732422, ""full_batch_gain"": -0.008576393127441406, ""full_batch_harm"": -0.05624660104513168, ""full_batch_harm_lcb"": -0.060238766288384794, ""full_batch_harm_se"": 0.002036819001659751, ""full_batch_harm_ucb"": -0.05225443580187857, ""full_batch_safe"": true}, ""default"": {""crossfit_feasible"": true, ""crossfit_utility"": -3.793490767478943, ""crossfit_utility_positive"": false, ""full_batch_cur_after"": 6.510197162628174, ""full_batch_cur_before"": 6.53878116607666, ""full_batch_gain"": 0.028584003448486328, ""full_batch_harm"": -0.003215320408344269, ""full_batch_harm_lcb"": -0.011049888413399458, ""full_batch_harm_se"": 0.0039972285740077496, ""full_batch_harm_ucb"": 0.00461924759671092, ""full_batch_safe"": true}}, ""guarded_best_reuse"": ""adapter_1"", ""num_adapters"": 3, ""pending_after"": false, ""pending_before"": false, ""policy_version"": ""cau_v1"", ""reason"": ""safe_existing_reuse"", ""utility"": {""batch_n"": 16, ""best_reuse"": ""adapter_1"", ""best_reuse_query_after"": 2.7433313131332397, ""best_reuse_utility"": 0.02554774284362793, ""budget_blocked_fresh"": false, ""defer_utility"": 0.0, ""fold_a_fresh_utility"": -1.582841396331787, ""fold_a_query_n"": 8, ""fold_a_support_n"": 8, ""fold_b_fresh_utility"": -1.7143700122833252, ""fold_b_query_n"": 8, ""fold_b_support_n"": 8, ""fresh_advantage"": -1.674153447151184, ""fresh_local_trainability"": 0.035121917724609375, ""fresh_positive"": false, ""fresh_query_after"": 4.417484760284424, ""fresh_query_before"": 4.452606678009033, ""fresh_utility"": -1.6486057043075562, ""max_adapters"": 8, ""reuse_profiles"": {""adapter_1"": {""feasible_both"": true, ""fold_a_harm"": -0.026254277676343918, ""fold_a_lcb"": -0.03280911930836737, ""fold_a_query_after"": 2.9626874923706055, ""fold_a_utility"": 0.02674245834350586, ""fold_b_harm"": -0.02882354147732258, ""fold_b_lcb"": -0.03494981523603201, ""fold_b_query_after"": 2.523975133895874, ""fold_b_utility"": 0.02435302734375, ""harm_lcb_max"": -0.03280911930836737, ""harm_mean"": -0.027538909576833248, ""harm_se_mean"": 0.003234978416003287, ""harm_ucb_max"": -0.019699436044320465, ""local_trainability"": 0.02554774284362793, ""query_after"": 2.7433313131332397, ""query_before"": 2.7688790559768677, ""system_utility"": 0.02554774284362793}, ""adapter_2"": {""feasible_both"": true, ""fold_a_harm"": -0.05830729752779007, ""fold_a_lcb"": -0.06249845562502742, ""fold_a_query_after"": 5.593397617340088, ""fold_a_utility"": -2.6039676666259766, ""fold_b_harm"": -0.05777447298169136, ""fold_b_lcb"": -0.06158405838534236, ""fold_b_query_after"": 5.182985305786133, ""fold_b_utility"": -2.634657144546509, ""harm_lcb_max"": -0.06158405838534236, ""harm_mean"": -0.058040885254740715, ""harm_se_mean"": 0.0020410059951245785, ""harm_ucb_max"": -0.05396488757804036, ""local_trainability"": -0.08187532424926758, ""query_after"": 5.38819146156311, ""query_before"": 5.306316137313843, ""system_utility"": -2.6193124055862427}, ""default"": {""feasible_both"": true, ""fold_a_harm"": -0.0024719610810279846, ""fold_a_lcb"": -0.010197063963860272, ""fold_a_query_after"": 6.764955997467041, ""fold_a_utility"": -3.7755260467529297, ""fold_b_harm"": -0.003650311380624771, ""fold_b_lcb"": -0.011498112566769123, ""fold_b_query_after"": 6.35978364944458, ""fold_b_utility"": -3.811455488204956, ""harm_lcb_max"": -0.010197063963860272, ""harm_mean"": -0.003061136230826378, ""harm_se_mean"": 0.0039726796094328165, ""harm_ucb_max"": 0.005253141801804304, ""local_trainability"": -0.023588895797729492, ""query_after"": 6.5623698234558105, ""query_before"": 6.538780927658081, ""system_utility"": -3.793490767478943}}, ""status"": ""ok"", ""statusquo_loss"": 2.7688790559768677, ""total_memory_budget"": 512}, ""utility_status"": ""ok""}"
69,B2,B,2,adapter_1,reuse,safe_existing_reuse,2.735625982284546,3,True,884736,177639,0,110603828,354125,8499600,510,87.03971878206357,873451008,0.0,74.96310569602065,8.449603877728805,512,510,2.751215696334839,-1.6819086074829102,0.040334224700927734,-1.722242832183838,False,,"{""best_reuse"": ""adapter_1"", ""best_reuse_utility"": 0.040334224700927734, ""decision"": ""reuse"", ""fresh_advantage"": -1.722242832183838, ""fresh_positive"": false, ""fresh_utility"": -1.6819086074829102, ""full_batch_guards"": {""adapter_1"": {""crossfit_feasible"": true, ""crossfit_utility"": 0.040334224700927734, ""crossfit_utility_positive"": true, ""full_batch_cur_after"": 2.6995606422424316, ""full_batch_cur_before"": 2.751215696334839, ""full_batch_gain"": 0.05165505409240723, ""full_batch_harm"": -0.028557170182466507, ""full_batch_harm_lcb"": -0.037316705510020254, ""full_batch_harm_se"": 0.004469150677323341, ""full_batch_harm_ucb"": -0.01979763485491276, ""full_batch_safe"": true}, ""adapter_2"": {""crossfit_feasible"": true, ""crossfit_utility"": -2.6470084190368652, ""crossfit_utility_positive"": false, ""full_batch_cur_after"": 5.342861175537109, ""full_batch_cur_before"": 5.3361430168151855, ""full_batch_gain"": -0.006718158721923828, ""full_batch_harm"": -0.05644907057285309, ""full_batch_harm_lcb"": -0.06044961254112422, ""full_batch_harm_se"": 0.0020410928409546614, ""full_batch_harm_ucb"": -0.052448528604581955, ""full_batch_safe"": true}, ""default"": {""crossfit_feasible"": true, ""crossfit_utility"": -3.8063950538635254, ""crossfit_utility_positive"": false, ""full_batch_cur_after"": 6.515666961669922, ""full_batch_cur_before"": 6.545164108276367, ""full_batch_gain"": 0.029497146606445312, ""full_batch_harm"": -0.0034448057413101196, ""full_batch_harm_lcb"": -0.011326743587851525, ""full_batch_harm_se"": 0.0040213968604803085, ""full_batch_harm_ucb"": 0.004437132105231285, ""full_batch_safe"": true}}, ""guarded_best_reuse"": ""adapter_1"", ""num_adapters"": 3, ""pending_after"": false, ""pending_before"": false, ""policy_version"": ""cau_v1"", ""reason"": ""safe_existing_reuse"", ""utility"": {""batch_n"": 16, ""best_reuse"": ""adapter_1"", ""best_reuse_query_after"": 2.710881471633911, ""best_reuse_utility"": 0.040334224700927734, ""budget_blocked_fresh"": false, ""defer_utility"": 0.0, ""fold_a_fresh_utility"": -1.6831471920013428, ""fold_a_query_n"": 8, ""fold_a_support_n"": 8, ""fold_b_fresh_utility"": -1.6806700229644775, ""fold_b_query_n"": 8, ""fold_b_support_n"": 8, ""fresh_advantage"": -1.722242832183838, ""fresh_local_trainability"": 0.059143781661987305, ""fresh_positive"": false, ""fresh_query_after"": 4.433124303817749, ""fresh_query_before"": 4.492268085479736, ""fresh_utility"": -1.6819086074829102, ""max_adapters"": 8, ""reuse_profiles"": {""adapter_1"": {""feasible_both"": true, ""fold_a_harm"": -0.028266141191124916, ""fold_a_lcb"": -0.03673893477767706, ""fold_a_query_after"": 2.656301498413086, ""fold_a_utility"": 0.03761792182922363, ""fold_b_harm"": -0.026370562613010406, ""fold_b_lcb"": -0.034838396608829494, ""fold_b_query_after"": 2.7654614448547363, ""fold_b_utility"": 0.043050527572631836, ""harm_lcb_max"": -0.034838396608829494, ""harm_mean"": -0.02731835190206766, ""harm_se_mean"": 0.004321588668972254, ""harm_ucb_max"": -0.017902728617191315, ""local_trainability"": 0.040334224700927734, ""query_after"": 2.710881471633911, ""query_before"": 2.751215696334839, ""system_utility"": 0.040334224700927734}, ""adapter_2"": {""feasible_both"": true, ""fold_a_harm"": -0.059772882610559464, ""fold_a_lcb"": -0.06405729725956917, ""fold_a_query_after"": 5.338621139526367, ""fold_a_utility"": -2.6447017192840576, ""fold_b_harm"": -0.05679091811180115, ""fold_b_lcb"": -0.06082616991363466, ""fold_b_query_after"": 5.457827091217041, ""fold_b_utility"": -2.649315118789673, ""harm_lcb_max"": -0.06082616991363466, ""harm_mean"": -0.058281900361180305, ""harm_se_mean"": 0.0021223638905212283, ""harm_ucb_max"": -0.052755666309967635, ""local_trainability"": -0.062081098556518555, ""query_after"": 5.398224115371704, ""query_before"": 5.3361430168151855, ""system_utility"": -2.6470084190368652}, ""default"": {""feasible_both"": true, ""fold_a_harm"": -0.003815464675426483, ""fold_a_lcb"": -0.011667705215513706, ""fold_a_query_after"": 6.309423923492432, ""fold_a_utility"": -3.615504503250122, ""fold_b_harm"": -0.0031560808420181274, ""fold_b_lcb"": -0.010966089107096195, ""fold_b_query_after"": 6.805797576904297, ""fold_b_utility"": -3.9972856044769287, ""harm_lcb_max"": -0.010966089107096195, ""harm_mean"": -0.0034857727587223053, ""harm_se_mean"": 0.0039954716339707375, ""harm_ucb_max"": 0.00465392742305994, ""local_trainability"": -0.01244664192199707, ""query_after"": 6.557610750198364, ""query_before"": 6.545164108276367, ""system_utility"": -3.8063950538635254}}, ""status"": ""ok"", ""statusquo_loss"": 2.751215696334839, ""total_memory_budget"": 512}, ""utility_status"": ""ok""}"
70,B2,B,2,adapter_1,reuse,safe_existing_reuse,2.6585519313812256,3,True,884736,177639,0,110603828,354125,8499600,510,88.9734768839553,873451008,0.0,76.88854023907334,8.449603877728805,512,510,2.607239007949829,-1.677558422088623,0.017641663551330566,-1.6952000856399536,False,,"{""best_reuse"": ""adapter_1"", ""best_reuse_utility"": 0.017641663551330566, ""decision"": ""reuse"", ""fresh_advantage"": -1.6952000856399536, ""fresh_positive"": false, ""fresh_utility"": -1.677558422088623, ""full_batch_guards"": {""adapter_1"": {""crossfit_feasible"": true, ""crossfit_utility"": 0.017641663551330566, ""crossfit_utility_positive"": true, ""full_batch_cur_after"": 2.5763564109802246, ""full_batch_cur_before"": 2.607239007949829, ""full_batch_gain"": 0.030882596969604492, ""full_batch_harm"": -0.02470366656780243, ""full_batch_harm_lcb"": -0.032858398333191874, ""full_batch_harm_se"": 0.004160577431321144, ""full_batch_harm_ucb"": -0.016548934802412985, ""full_batch_safe"": true}, ""adapter_2"": {""crossfit_feasible"": true, ""crossfit_utility"": -2.6281094551086426, ""crossfit_utility_positive"": false, ""full_batch_cur_after"": 5.174254417419434, ""full_batch_cur_before"": 5.157888889312744, ""full_batch_gain"": -0.016365528106689453, ""full_batch_harm"": -0.056956302374601364, ""full_batch_harm_lcb"": -0.06110690071247518, ""full_batch_harm_se"": 0.0021176522132009268, ""full_batch_harm_ucb"": -0.05280570403672755, ""full_batch_safe"": true}, ""default"": {""crossfit_feasible"": true, ""crossfit_utility"": -3.917745351791382, ""crossfit_utility_positive"": false, ""full_batch_cur_after"": 6.472273826599121, ""full_batch_cur_before"": 6.4972429275512695, ""full_batch_gain"": 0.024969100952148438, ""full_batch_harm"": -0.0017525404691696167, ""full_batch_harm_lcb"": -0.00960405359044671, ""full_batch_harm_se"": 0.004005874041467905, ""full_batch_harm_ucb"": 0.006098972652107477, ""full_batch_safe"": true}}, ""guarded_best_reuse"": ""adapter_1"", ""num_adapters"": 3, ""pending_after"": false, ""pending_before"": false, ""policy_version"": ""cau_v1"", ""reason"": ""safe_existing_reuse"", ""utility"": {""batch_n"": 16, ""best_reuse"": ""adapter_1"", ""best_reuse_query_after"": 2.5895973443984985, ""best_reuse_utility"": 0.017641663551330566, ""budget_blocked_fresh"": false, ""defer_utility"": 0.0, ""fold_a_fresh_utility"": -1.8022513389587402, ""fold_a_query_n"": 8, ""fold_a_support_n"": 8, ""fold_b_fresh_utility"": -1.5528655052185059, ""fold_b_query_n"": 8, ""fold_b_support_n"": 8, ""fresh_advantage"": -1.6952000856399536, ""fresh_local_trainability"": 0.0321500301361084, ""fresh_positive"": false, ""fresh_query_after"": 4.284797430038452, ""fresh_query_before"": 4.3169474601745605, ""fresh_utility"": -1.677558422088623, ""max_adapters"": 8, ""reuse_profiles"": {""adapter_1"": {""feasible_both"": true, ""fold_a_harm"": -0.024876803159713745, ""fold_a_lcb"": -0.03338906994089484, ""fold_a_query_after"": 2.397360324859619, ""fold_a_utility"": 0.005206108093261719, ""fold_b_harm"": -0.022000104188919067, ""fold_b_lcb"": -0.030204683765769007, ""fold_b_query_after"": 2.781834363937378, ""fold_b_utility"": 0.030077219009399414, ""harm_lcb_max"": -0.030204683765769007, ""harm_mean"": -0.023438453674316406, ""harm_se_mean"": 0.0042645016219466925, ""harm_ucb_max"": -0.01379552461206913, ""local_trainability"": 0.017641663551330566, ""query_after"": 2.5895973443984985, ""query_before"": 2.607239007949829, ""system_utility"": 0.017641663551330566}, ""adapter_2"": {""feasible_both"": true, ""fold_a_harm"": -0.05648914724588394, ""fold_a_lcb"": -0.060216207350604234, ""fold_a_query_after"": 5.068291187286377, ""fold_a_utility"": -2.665724754333496, ""fold_b_harm"": -0.059981316328048706, ""fold_b_lcb"": -0.06448710633441807, ""fold_b_query_after"": 5.402405738830566, ""fold_b_utility"": -2.590494155883789, ""harm_lcb_max"": -0.060216207350604234, ""harm_mean"": -0.058235231786966324, ""harm_se_mean"": 0.0021002168650738895, ""harm_ucb_max"": -0.05276208714116365, ""local_trainability"": -0.07745981216430664, ""query_after"": 5.235348463058472, ""query_before"": 5.157888650894165, ""system_utility"": -2.6281094551086426}, ""default"": {""feasible_both"": true, ""fold_a_harm"": -0.0021661072969436646, ""fold_a_lcb"": -0.009980402495712042, ""fold_a_query_after"": 6.3333587646484375, ""fold_a_utility"": -3.9307923316955566, ""fold_b_harm"": -0.0016549155116081238, ""fold_b_lcb"": -0.009632219150662423, ""fold_b_query_after"": 6.716609954833984, ""fold_b_utility"": -3.904698371887207, ""harm_lcb_max"": -0.009632219150662423, ""harm_mean"": -0.0019105114042758942, ""harm_se_mean"": 0.004028469091281295, ""harm_ucb_max"": 0.006322388127446175, ""local_trainability"": -0.027740955352783203, ""query_after"": 6.524984359741211, ""query_before"": 6.497243404388428, ""system_utility"": -3.917745351791382}}, ""status"": ""ok"", ""statusquo_loss"": 2.607239007949829, ""total_memory_budget"": 512}, ""utility_status"": ""ok""}"
71,B2,B,2,adapter_1,reuse,safe_existing_reuse,2.637087345123291,3,True,884736,177639,0,110603828,354125,8499600,510,90.75270655495115,873451008,0.0,78.65917702205479,8.449603877728805,512,510,2.6227134466171265,-1.7210835218429565,0.0255129337310791,-1.7465964555740356,False,,"{""best_reuse"": ""adapter_1"", ""best_reuse_utility"": 0.0255129337310791, ""decision"": ""reuse"", ""fresh_advantage"": -1.7465964555740356, ""fresh_positive"": false, ""fresh_utility"": -1.7210835218429565, ""full_batch_guards"": {""adapter_1"": {""crossfit_feasible"": true, ""crossfit_utility"": 0.0255129337310791, ""crossfit_utility_positive"": true, ""full_batch_cur_after"": 2.5855112075805664, ""full_batch_cur_before"": 2.622713327407837, ""full_batch_gain"": 0.03720211982727051, ""full_batch_harm"": -0.023302540183067322, ""full_batch_harm_lcb"": -0.03263341598212719, ""full_batch_harm_se"": 0.004760650917887688, ""full_batch_harm_ucb"": -0.013971664384007454, ""full_batch_safe"": true}, ""adapter_2"": {""crossfit_feasible"": true, ""crossfit_utility"": -2.693341851234436, ""crossfit_utility_positive"": false, ""full_batch_cur_after"": 5.259030818939209, ""full_batch_cur_before"": 5.243010520935059, ""full_batch_gain"": -0.01602029800415039, ""full_batch_harm"": -0.05630117282271385, ""full_batch_harm_lcb"": -0.06034145358018577, ""full_batch_harm_se"": 0.0020613677334040403, ""full_batch_harm_ucb"": -0.05226089206524193, ""full_batch_safe"": true}, ""default"": {""crossfit_feasible"": true, ""crossfit_utility"": -4.055824637413025, ""crossfit_utility_positive"": false, ""full_batch_cur_after"": 6.630498886108398, ""full_batch_cur_before"": 6.656163692474365, ""full_batch_gain"": 0.025664806365966797, ""full_batch_harm"": -0.0034904591739177704, ""full_batch_harm_lcb"": -0.011396704856306315, ""full_batch_harm_se"": 0.0040337988175451756, ""full_batch_harm_ucb"": 0.004415786508470774, ""full_batch_safe"": true}}, ""guarded_best_reuse"": ""adapter_1"", ""num_adapters"": 3, ""pending_after"": false, ""pending_before"": false, ""policy_version"": ""cau_v1"", ""reason"": ""safe_existing_reuse"", ""utility"": {""batch_n"": 16, ""best_reuse"": ""adapter_1"", ""best_reuse_query_after"": 2.5972005128860474, ""best_reuse_utility"": 0.0255129337310791, ""budget_blocked_fresh"": false, ""defer_utility"": 0.0, ""fold_a_fresh_utility"": -1.7419559955596924, ""fold_a_query_n"": 8, ""fold_a_support_n"": 8, ""fold_b_fresh_utility"": -1.7002110481262207, ""fold_b_query_n"": 8, ""fold_b_support_n"": 8, ""fresh_advantage"": -1.7465964555740356, ""fresh_local_trainability"": 0.04557490348815918, ""fresh_positive"": false, ""fresh_query_after"": 4.343796968460083, ""fresh_query_before"": 4.389371871948242, ""fresh_utility"": -1.7210835218429565, ""max_adapters"": 8, ""reuse_profiles"": {""adapter_1"": {""feasible_both"": true, ""fold_a_harm"": -0.02317209355533123, ""fold_a_lcb"": -0.031785988137125964, ""fold_a_query_after"": 2.666661262512207, ""fold_a_utility"": 0.029971837997436523, ""fold_b_harm"": -0.02200603485107422, ""fold_b_lcb"": -0.031408822890371085, ""fold_b_query_after"": 2.5277397632598877, ""fold_b_utility"": 0.02105402946472168, ""harm_lcb_max"": -0.031408822890371085, ""harm_mean"": -0.022589064203202724, ""harm_se_mean"": 0.004596092505380511, ""harm_ucb_max"": -0.012603246811777354, ""local_trainability"": 0.0255129337310791, ""query_after"": 2.5972005128860474, ""query_before"": 2.6227134466171265, ""system_utility"": 0.0255129337310791}, ""adapter_2"": {""feasible_both"": true, ""fold_a_harm"": -0.057790327817201614, ""fold_a_lcb"": -0.062005660496652126, ""fold_a_query_after"": 5.417885780334473, ""fold_a_utility"": -2.721252679824829, ""fold_b_harm"": -0.05849449336528778, ""fold_b_lcb"": -0.06254667294211685, ""fold_b_query_after"": 5.214224815368652, ""fold_b_utility"": -2.665431022644043, ""harm_lcb_max"": -0.062005660496652126, ""harm_mean"": -0.0581424105912447, ""harm_se_mean"": 0.0021090592490509152, ""harm_ucb_max"": -0.0535749951377511, ""local_trainability"": -0.0730445384979248, ""query_after"": 5.3160552978515625, ""query_before"": 5.243010759353638, ""system_utility"": -2.693341851234436}, ""default"": {""feasible_both"": true, ""fold_a_harm"": -0.002952083945274353, ""fold_a_lcb"": -0.010876861922442914, ""fold_a_query_after"": 6.561135768890381, ""fold_a_utility"": -3.8645026683807373, ""fold_b_harm"": -0.003989294171333313, ""fold_b_lcb"": -0.01190514324232936, ""fold_b_query_after"": 6.795940399169922, ""fold_b_utility"": -4.2471466064453125, ""harm_lcb_max"": -0.010876861922442914, ""harm_mean"": -0.003470689058303833, ""harm_se_mean"": 0.004040976287797093, ""harm_ucb_max"": 0.0049726940318942075, ""local_trainability"": -0.022374629974365234, ""query_after"": 6.678538084030151, ""query_before"": 6.656163454055786, ""system_utility"": -4.055824637413025}}, ""status"": ""ok"", ""statusquo_loss"": 2.6227134466171265, ""total_memory_budget"": 512}, ""utility_status"": ""ok""}"
72,B2,B,2,adapter_1,reuse,safe_existing_reuse,2.623488664627075,3,True,884736,177639,0,110603828,354125,8499600,510,92.53465686086565,873451008,0.0,80.43223654222675,8.449603877728805,512,510,2.67707622051239,-1.6423307657241821,0.034264564514160156,-1.6765953302383423,False,,"{""best_reuse"": ""adapter_1"", ""best_reuse_utility"": 0.034264564514160156, ""decision"": ""reuse"", ""fresh_advantage"": -1.6765953302383423, ""fresh_positive"": false, ""fresh_utility"": -1.6423307657241821, ""full_batch_guards"": {""adapter_1"": {""crossfit_feasible"": true, ""crossfit_utility"": 0.034264564514160156, ""crossfit_utility_positive"": true, ""full_batch_cur_after"": 2.637692928314209, ""full_batch_cur_before"": 2.6770763397216797, ""full_batch_gain"": 0.0393834114074707, ""full_batch_harm"": -0.023798707872629166, ""full_batch_harm_lcb"": -0.03329076489433646, ""full_batch_harm_se"": 0.004842886235564947, ""full_batch_harm_ucb"": -0.01430665085092187, ""full_batch_safe"": true}, ""adapter_2"": {""crossfit_feasible"": true, ""crossfit_utility"": -2.5860475301742554, ""crossfit_utility_positive"": false, ""full_batch_cur_after"": 5.237344741821289, ""full_batch_cur_before"": 5.224597454071045, ""full_batch_gain"": -0.01274728775024414, ""full_batch_harm"": -0.05717349052429199, ""full_batch_harm_lcb"": -0.06101224615238607, ""full_batch_harm_se"": 0.001958548789843917, ""full_batch_harm_ucb"": -0.053334734896197916, ""full_batch_safe"": true}, ""default"": {""crossfit_feasible"": true, ""crossfit_utility"": -4.2832218408584595, ""crossfit_utility_positive"": false, ""full_batch_cur_after"": 6.937217712402344, ""full_batch_cur_before"": 6.971211910247803, ""full_batch_gain"": 0.033994197845458984, ""full_batch_harm"": -0.0014807917177677155, ""full_batch_harm_lcb"": -0.009288738202303647, ""full_batch_harm_se"": 0.003983646165579557, ""full_batch_harm_ucb"": 0.006327154766768217, ""full_batch_safe"": true}}, ""guarded_best_reuse"": ""adapter_1"", ""num_adapters"": 3, ""pending_after"": false, ""pending_before"": false, ""policy_version"": ""cau_v1"", ""reason"": ""safe_existing_reuse"", ""utility"": {""batch_n"": 16, ""best_reuse"": ""adapter_1"", ""best_reuse_query_after"": 2.64281165599823, ""best_reuse_utility"": 0.034264564514160156, ""budget_blocked_fresh"": false, ""defer_utility"": 0.0, ""fold_a_fresh_utility"": -1.637235164642334, ""fold_a_query_n"": 8, ""fold_a_support_n"": 8, ""fold_b_fresh_utility"": -1.6474263668060303, ""fold_b_query_n"": 8, ""fold_b_support_n"": 8, ""fresh_advantage"": -1.6765953302383423, ""fresh_local_trainability"": 0.07893919944763184, ""fresh_positive"": false, ""fresh_query_after"": 4.319406986236572, ""fresh_query_before"": 4.398346185684204, ""fresh_utility"": -1.6423307657241821, ""max_adapters"": 8, ""reuse_profiles"": {""adapter_1"": {""feasible_both"": true, ""fold_a_harm"": -0.023148223757743835, ""fold_a_lcb"": -0.03301320658996701, ""fold_a_query_after"": 2.6036078929901123, ""fold_a_utility"": 0.02620863914489746, ""fold_b_harm"": -0.024102307856082916, ""fold_b_lcb"": -0.03310692125931382, ""fold_b_query_after"": 2.6820154190063477, ""fold_b_utility"": 0.04232048988342285, ""harm_lcb_max"": -0.03301320658996701, ""harm_mean"": -0.023625265806913376, ""harm_se_mean"": 0.004813672509044409, ""harm_ucb_max"": -0.013283240925520658, ""local_trainability"": 0.034264564514160156, ""query_after"": 2.64281165599823, ""query_before"": 2.67707622051239, ""system_utility"": 0.034264564514160156}, ""adapter_2"": {""feasible_both"": true, ""fold_a_harm"": -0.058806564658880234, ""fold_a_lcb"": -0.06279884216375649, ""fold_a_query_after"": 5.164855480194092, ""fold_a_utility"": -2.535038948059082, ""fold_b_harm"": -0.0570562519133091, ""fold_b_lcb"": -0.06099463379941881, ""fold_b_query_after"": 5.361392021179199, ""fold_b_utility"": -2.6370561122894287, ""harm_lcb_max"": -0.06099463379941881, ""harm_mean"": -0.057931408286094666, ""harm_se_mean"": 0.002023127395659685, ""harm_ucb_max"": -0.053117870027199386, ""local_trainability"": -0.03852581977844238, ""query_after"": 5.2631237506866455, ""query_before"": 5.224597930908203, ""system_utility"": -2.5860475301742554}, ""default"": {""feasible_both"": true, ""fold_a_harm"": -0.001704186201095581, ""fold_a_lcb"": -0.009550321716815233, ""fold_a_query_after"": 6.888028144836426, ""fold_a_utility"": -4.258211612701416, ""fold_b_harm"": -0.0015141777694225311, ""fold_b_lcb"": -0.009384476002305745, ""fold_b_query_after"": 7.032567977905273, ""fold_b_utility"": -4.308232069015503, ""harm_lcb_max"": -0.009384476002305745, ""harm_mean"": -0.001609181985259056, ""harm_se_mean"": 0.00400929432362318, ""harm_ucb_max"": 0.006356120463460683, ""local_trainability"": 0.010913848876953125, ""query_after"": 6.96029806137085, ""query_before"": 6.971211910247803, ""system_utility"": -4.2832218408584595}}, ""status"": ""ok"", ""statusquo_loss"": 2.67707622051239, ""total_memory_budget"": 512}, ""utility_status"": ""ok""}"
73,B2,B,2,adapter_1,reuse,safe_existing_reuse,2.660722494125366,3,True,884736,177639,0,110603828,354125,8499600,510,94.29115637298673,873451008,0.0,82.17997360229492,8.449603877728805,512,510,2.6666232347488403,-1.7341991662979126,0.04519045352935791,-1.7793896198272705,False,,"{""best_reuse"": ""adapter_1"", ""best_reuse_utility"": 0.04519045352935791, ""decision"": ""reuse"", ""fresh_advantage"": -1.7793896198272705, ""fresh_positive"": false, ""fresh_utility"": -1.7341991662979126, ""full_batch_guards"": {""adapter_1"": {""crossfit_feasible"": true, ""crossfit_utility"": 0.04519045352935791, ""crossfit_utility_positive"": true, ""full_batch_cur_after"": 2.6166608333587646, ""full_batch_cur_before"": 2.666623115539551, ""full_batch_gain"": 0.04996228218078613, ""full_batch_harm"": -0.01899028569459915, ""full_batch_harm_lcb"": -0.029938637912273407, ""full_batch_harm_se"": 0.005585893988609314, ""full_batch_harm_ucb"": -0.008041933476924897, ""full_batch_safe"": true}, ""adapter_2"": {""crossfit_feasible"": true, ""crossfit_utility"": -2.6756540536880493, ""crossfit_utility_positive"": false, ""full_batch_cur_after"": 5.31898307800293, ""full_batch_cur_before"": 5.3071489334106445, ""full_batch_gain"": -0.011834144592285156, ""full_batch_harm"": -0.056717704981565475, ""full_batch_harm_lcb"": -0.0605195470713079, ""full_batch_harm_se"": 0.001939715351909399, ""full_batch_harm_ucb"": -0.052915862891823054, ""full_batch_safe"": true}, ""default"": {""crossfit_feasible"": true, ""crossfit_utility"": -3.8128045797348022, ""crossfit_utility_positive"": false, ""full_batch_cur_after"": 6.455378532409668, ""full_batch_cur_before"": 6.4866042137146, ""full_batch_gain"": 0.03122568130493164, ""full_batch_harm"": -0.003562983125448227, ""full_batch_harm_lcb"": -0.011471464913338423, ""full_batch_harm_se"": 0.0040349396876990795, ""full_batch_harm_ucb"": 0.004345498662441969, ""full_batch_safe"": true}}, ""guarded_best_reuse"": ""adapter_1"", ""num_adapters"": 3, ""pending_after"": false, ""pending_before"": false, ""policy_version"": ""cau_v1"", ""reason"": ""safe_existing_reuse"", ""utility"": {""batch_n"": 16, ""best_reuse"": ""adapter_1"", ""best_reuse_query_after"": 2.6214327812194824, ""best_reuse_utility"": 0.04519045352935791, ""budget_blocked_fresh"": false, ""defer_utility"": 0.0, ""fold_a_fresh_utility"": -1.7268357276916504, ""fold_a_query_n"": 8, ""fold_a_support_n"": 8, ""fold_b_fresh_utility"": -1.7415626049041748, ""fold_b_query_n"": 8, ""fold_b_support_n"": 8, ""fresh_advantage"": -1.7793896198272705, ""fresh_local_trainability"": 0.08076310157775879, ""fresh_positive"": false, ""fresh_query_after"": 4.400822401046753, ""fresh_query_before"": 4.481585502624512, ""fresh_utility"": -1.7341991662979126, ""max_adapters"": 8, ""reuse_profiles"": {""adapter_1"": {""feasible_both"": true, ""fold_a_harm"": -0.018361594527959824, ""fold_a_lcb"": -0.028508422486484053, ""fold_a_query_after"": 2.6516494750976562, ""fold_a_utility"": 0.04978656768798828, ""fold_b_harm"": -0.01906869187951088, ""fold_b_lcb"": -0.030258333571255208, ""fold_b_query_after"": 2.5912160873413086, ""fold_b_utility"": 0.04059433937072754, ""harm_lcb_max"": -0.028508422486484053, ""harm_mean"": -0.01871514320373535, ""harm_se_mean"": 0.005442976951599121, ""harm_ucb_max"": -0.007879050187766553, ""local_trainability"": 0.04519045352935791, ""query_after"": 2.6214327812194824, ""query_before"": 2.6666232347488403, ""system_utility"": 0.04519045352935791}, ""adapter_2"": {""feasible_both"": true, ""fold_a_harm"": -0.05699774622917175, ""fold_a_lcb"": -0.060791060999035834, ""fold_a_query_after"": 5.308620452880859, ""fold_a_utility"": -2.607184410095215, ""fold_b_harm"": -0.057050589472055435, ""fold_b_lcb"": -0.06079345975536853, ""fold_b_query_after"": 5.37593412399292, ""fold_b_utility"": -2.744123697280884, ""harm_lcb_max"": -0.060791060999035834, ""harm_mean"": -0.057024167850613594, ""harm_se_mean"": 0.0019224961870349944, ""harm_ucb_max"": -0.05320443145930767, ""local_trainability"": -0.03512859344482422, ""query_after"": 5.34227728843689, ""query_before"": 5.307148694992065, ""system_utility"": -2.6756540536880493}, ""default"": {""feasible_both"": true, ""fold_a_harm"": -0.00356375053524971, ""fold_a_lcb"": -0.011397262550890446, ""fold_a_query_after"": 6.381968975067139, ""fold_a_utility"": -3.680532932281494, ""fold_b_harm"": -0.0034334883093833923, ""fold_b_lcb"": -0.011252974923700095, ""fold_b_query_after"": 6.5768866539001465, ""fold_b_utility"": -3.9450762271881104, ""harm_lcb_max"": -0.011252974923700095, ""harm_mean"": -0.003498619422316551, ""harm_se_mean"": 0.0039931118953973055, ""harm_ucb_max"": 0.00438599830493331, ""local_trainability"": 0.00717616081237793, ""query_after"": 6.479427814483643, ""query_before"": 6.4866039752960205, ""system_utility"": -3.8128045797348022}}, ""status"": ""ok"", ""statusquo_loss"": 2.6666232347488403, ""total_memory_budget"": 512}, ""utility_status"": ""ok""}"
74,B2,B,2,adapter_1,reuse,safe_existing_reuse,2.5625202655792236,3,True,884736,177639,0,110603828,354125,8499600,510,96.05365655105561,873451008,0.0,83.93360935524106,8.449603877728805,512,510,2.569714307785034,-1.8916904926300049,0.018522024154663086,-1.910212516784668,False,,"{""best_reuse"": ""adapter_1"", ""best_reuse_utility"": 0.018522024154663086, ""decision"": ""reuse"", ""fresh_advantage"": -1.910212516784668, ""fresh_positive"": false, ""fresh_utility"": -1.8916904926300049, ""full_batch_guards"": {""adapter_1"": {""crossfit_feasible"": true, ""crossfit_utility"": 0.018522024154663086, ""crossfit_utility_positive"": true, ""full_batch_cur_after"": 2.5350961685180664, ""full_batch_cur_before"": 2.569714307785034, ""full_batch_gain"": 0.03461813926696777, ""full_batch_harm"": -0.016761712729930878, ""full_batch_harm_lcb"": -0.028850394785404205, ""full_batch_harm_se"": 0.006167694926261902, ""full_batch_harm_ucb"": -0.0046730306744575505, ""full_batch_safe"": true}, ""adapter_2"": {""crossfit_feasible"": true, ""crossfit_utility"": -2.827141761779785, ""crossfit_utility_positive"": false, ""full_batch_cur_after"": 5.316377639770508, ""full_batch_cur_before"": 5.305474281311035, ""full_batch_gain"": -0.010903358459472656, ""full_batch_harm"": -0.05636949837207794, ""full_batch_harm_lcb"": -0.060458429027348756, ""full_batch_harm_se"": 0.0020861891098320484, ""full_batch_harm_ucb"": -0.05228056771680713, ""full_batch_safe"": true}, ""default"": {""crossfit_feasible"": true, ""crossfit_utility"": -3.8758511543273926, ""crossfit_utility_positive"": false, ""full_batch_cur_after"": 6.385712623596191, ""full_batch_cur_before"": 6.409720420837402, ""full_batch_gain"": 0.024007797241210938, ""full_batch_harm"": -0.0029858537018299103, ""full_batch_harm_lcb"": -0.010782211683690548, ""full_batch_harm_se"": 0.003977733664214611, ""full_batch_harm_ucb"": 0.004810504280030727, ""full_batch_safe"": true}}, ""guarded_best_reuse"": ""adapter_1"", ""num_adapters"": 3, ""pending_after"": false, ""pending_before"": false, ""policy_version"": ""cau_v1"", ""reason"": ""safe_existing_reuse"", ""utility"": {""batch_n"": 16, ""best_reuse"": ""adapter_1"", ""best_reuse_query_after"": 2.551192283630371, ""best_reuse_utility"": 0.018522024154663086, ""budget_blocked_fresh"": false, ""defer_utility"": 0.0, ""fold_a_fresh_utility"": -1.8624496459960938, ""fold_a_query_n"": 8, ""fold_a_support_n"": 8, ""fold_b_fresh_utility"": -1.920931339263916, ""fold_b_query_n"": 8, ""fold_b_support_n"": 8, ""fresh_advantage"": -1.910212516784668, ""fresh_local_trainability"": 0.021214723587036133, ""fresh_positive"": false, ""fresh_query_after"": 4.461404800415039, ""fresh_query_before"": 4.482619524002075, ""fresh_utility"": -1.8916904926300049, ""max_adapters"": 8, ""reuse_profiles"": {""adapter_1"": {""feasible_both"": true, ""fold_a_harm"": -0.015820536762475967, ""fold_a_lcb"": -0.026255917251110077, ""fold_a_query_after"": 2.6967880725860596, ""fold_a_utility"": 0.03627133369445801, ""fold_b_harm"": -0.01664041355252266, ""fold_b_lcb"": -0.028402460832148792, ""fold_b_query_after"": 2.4055964946746826, ""fold_b_utility"": 0.0007727146148681641, ""harm_lcb_max"": -0.026255917251110077, ""harm_mean"": -0.016230475157499313, ""harm_se_mean"": 0.005662609124556184, ""harm_ucb_max"": -0.004878366272896529, ""local_trainability"": 0.018522024154663086, ""query_after"": 2.551192283630371, ""query_before"": 2.569714307785034, ""system_utility"": 0.018522024154663086}, ""adapter_2"": {""feasible_both"": true, ""fold_a_harm"": -0.058435216546058655, ""fold_a_lcb"": -0.0628287800680846, ""fold_a_query_after"": 5.576226711273193, ""fold_a_utility"": -2.843167304992676, ""fold_b_harm"": -0.05811868607997894, ""fold_b_lcb"": -0.06204115054570138, ""fold_b_query_after"": 5.217485427856445, ""fold_b_utility"": -2.8111162185668945, ""harm_lcb_max"": -0.06204115054570138, ""harm_mean"": -0.0582769513130188, ""harm_se_mean"": 0.002121435711160302, ""harm_ucb_max"": -0.054041653024032715, ""local_trainability"": -0.09138178825378418, ""query_after"": 5.396856069564819, ""query_before"": 5.305474281311035, ""system_utility"": -2.827141761779785}, ""default"": {""feasible_both"": true, ""fold_a_harm"": -0.0014273859560489655, ""fold_a_lcb"": -0.009335564728826285, ""fold_a_query_after"": 6.5261454582214355, ""fold_a_utility"": -3.793086051940918, ""fold_b_harm"": -0.003667231649160385, ""fold_b_lcb"": -0.011572345588356256, ""fold_b_query_after"": 6.364985466003418, ""fold_b_utility"": -3.958616256713867, ""harm_lcb_max"": -0.009335564728826285, ""harm_mean"": -0.0025473088026046753, ""harm_se_mean"": 0.004034003242850304, ""harm_ucb_max"": 0.006480792816728354, ""local_trainability"": -0.035845041275024414, ""query_after"": 6.445565462112427, ""query_before"": 6.409720420837402, ""system_utility"": -3.8758511543273926}}, ""status"": ""ok"", ""statusquo_loss"": 2.569714307785034, ""total_memory_budget"": 512}, ""utility_status"": ""ok""}"
75,B2,B,2,adapter_1,reuse,safe_existing_reuse,2.5243959426879883,3,True,884736,177639,0,110603828,354125,8499600,510,97.7888263228815,873451008,0.0,85.6598432501778,8.449603877728805,512,510,2.5502651929855347,-1.7041758298873901,-0.0016257762908935547,-1.7025500535964966,False,,"{""best_reuse"": ""adapter_1"", ""best_reuse_utility"": -0.0016257762908935547, ""decision"": ""reuse"", ""fresh_advantage"": -1.7025500535964966, ""fresh_positive"": false, ""fresh_utility"": -1.7041758298873901, ""full_batch_guards"": {""adapter_1"": {""crossfit_feasible"": true, ""crossfit_utility"": -0.0016257762908935547, ""crossfit_utility_positive"": false, ""full_batch_cur_after"": 2.536874294281006, ""full_batch_cur_before"": 2.550265312194824, ""full_batch_gain"": 0.01339101791381836, ""full_batch_harm"": -0.014788210391998291, ""full_batch_harm_lcb"": -0.025669704880565407, ""full_batch_harm_se"": 0.00555178290233016, ""full_batch_harm_ucb"": -0.003906715903431177, ""full_batch_safe"": true}, ""adapter_2"": {""crossfit_feasible"": true, ""crossfit_utility"": -2.6549402475357056, ""crossfit_utility_positive"": false, ""full_batch_cur_after"": 5.139132499694824, ""full_batch_cur_before"": 5.121906280517578, ""full_batch_gain"": -0.017226219177246094, ""full_batch_harm"": -0.05492115765810013, ""full_batch_harm_lcb"": -0.05892686183564365, ""full_batch_harm_se"": 0.002043726621195674, ""full_batch_harm_ucb"": -0.05091545348055661, ""full_batch_safe"": true}, ""default"": {""crossfit_feasible"": true, ""crossfit_utility"": -4.0824583768844604, ""crossfit_utility_positive"": false, ""full_batch_cur_after"": 6.58073616027832, ""full_batch_cur_before"": 6.603955268859863, ""full_batch_gain"": 0.02321910858154297, ""full_batch_harm"": -0.0016353391110897064, ""full_batch_harm_lcb"": -0.009490930158644915, ""full_batch_harm_se"": 0.004007954616099596, ""full_batch_harm_ucb"": 0.006220251936465502, ""full_batch_safe"": true}}, ""guarded_best_reuse"": ""adapter_1"", ""num_adapters"": 3, ""pending_after"": false, ""pending_before"": false, ""policy_version"": ""cau_v1"", ""reason"": ""safe_existing_reuse"", ""utility"": {""batch_n"": 16, ""best_reuse"": ""adapter_1"", ""best_reuse_query_after"": 2.5518909692764282, ""best_reuse_utility"": -0.0016257762908935547, ""budget_blocked_fresh"": false, ""defer_utility"": 0.0, ""fold_a_fresh_utility"": -1.7585937976837158, ""fold_a_query_n"": 8, ""fold_a_support_n"": 8, ""fold_b_fresh_utility"": -1.6497578620910645, ""fold_b_query_n"": 8, ""fold_b_support_n"": 8, ""fresh_advantage"": -1.7025500535964966, ""fresh_local_trainability"": 0.0333099365234375, ""fresh_positive"": false, ""fresh_query_after"": 4.254441022872925, ""fresh_query_before"": 4.287750959396362, ""fresh_utility"": -1.7041758298873901, ""max_adapters"": 8, ""reuse_profiles"": {""adapter_1"": {""feasible_both"": true, ""fold_a_harm"": -0.012636575847864151, ""fold_a_lcb"": -0.02039691336452961, ""fold_a_query_after"": 2.5884056091308594, ""fold_a_utility"": 0.0266420841217041, ""fold_b_harm"": -0.014819085597991943, ""fold_b_lcb"": -0.027595774419605732, ""fold_b_query_after"": 2.515376329421997, ""fold_b_utility"": -0.02989363670349121, ""harm_lcb_max"": -0.02039691336452961, ""harm_mean"": -0.013727830722928047, ""harm_se_mean"": 0.0052390373311936855, ""harm_ucb_max"": -0.0020423967763781546, ""local_trainability"": -0.0016257762908935547, ""query_after"": 2.5518909692764282, ""query_before"": 2.5502651929855347, ""system_utility"": -0.0016257762908935547}, ""adapter_2"": {""feasible_both"": true, ""fold_a_harm"": -0.05767427384853363, ""fold_a_lcb"": -0.06190481387078762, ""fold_a_query_after"": 5.3573503494262695, ""fold_a_utility"": -2.742302656173706, ""fold_b_harm"": -0.05684342980384827, ""fold_b_lcb"": -0.0606459443224594, ""fold_b_query_after"": 5.053060531616211, ""fold_b_utility"": -2.567577838897705, ""harm_lcb_max"": -0.0606459443224594, ""harm_mean"": -0.05725885182619095, ""harm_se_mean"": 0.002049248607363552, ""harm_ucb_max"": -0.053040915285237134, ""local_trainability"": -0.08329892158508301, ""query_after"": 5.20520544052124, ""query_before"": 5.121906518936157, ""system_utility"": -2.6549402475357056}, ""default"": {""feasible_both"": true, ""fold_a_harm"": -0.0014108270406723022, ""fold_a_lcb"": -0.009401531796902418, ""fold_a_query_after"": 6.709421157836914, ""fold_a_utility"": -4.094373464584351, ""fold_b_harm"": -0.002177175134420395, ""fold_b_lcb"": -0.01001214837655425, ""fold_b_query_after"": 6.556025981903076, ""fold_b_utility"": -4.07054328918457, ""harm_lcb_max"": -0.009401531796902418, ""harm_mean"": -0.0017940010875463486, ""harm_se_mean"": 0.004037162754684687, ""harm_ucb_max"": 0.006579877715557814, ""local_trainability"": -0.028767824172973633, ""query_after"": 6.632723569869995, ""query_before"": 6.6039557456970215, ""system_utility"": -4.0824583768844604}}, ""status"": ""ok"", ""statusquo_loss"": 2.5502651929855347, ""total_memory_budget"": 512}, ""utility_status"": ""ok""}"
76,B2,B,2,adapter_1,reuse,safe_existing_reuse,2.393220901489258,3,True,884736,177639,0,110603828,354125,8499600,510,99.516307502985,873451008,0.0,87.37813488626853,8.449603877728805,512,510,2.4367936849594116,-1.9035767316818237,0.007183194160461426,-1.9107599258422852,False,,"{""best_reuse"": ""adapter_1"", ""best_reuse_utility"": 0.007183194160461426, ""decision"": ""reuse"", ""fresh_advantage"": -1.9107599258422852, ""fresh_positive"": false, ""fresh_utility"": -1.9035767316818237, ""full_batch_guards"": {""adapter_1"": {""crossfit_feasible"": true, ""crossfit_utility"": 0.007183194160461426, ""crossfit_utility_positive"": true, ""full_batch_cur_after"": 2.418527126312256, ""full_batch_cur_before"": 2.436793804168701, ""full_batch_gain"": 0.018266677856445312, ""full_batch_harm"": -0.01087157428264618, ""full_batch_harm_lcb"": -0.021729709226638076, ""full_batch_harm_se"": 0.005539864767342806, ""full_batch_harm_ucb"": -1.3439338654280472e-05, ""full_batch_safe"": true}, ""adapter_2"": {""crossfit_feasible"": true, ""crossfit_utility"": -2.835835337638855, ""crossfit_utility_positive"": false, ""full_batch_cur_after"": 5.232851028442383, ""full_batch_cur_before"": 5.219963073730469, ""full_batch_gain"": -0.012887954711914062, ""full_batch_harm"": -0.056214120239019394, ""full_batch_harm_lcb"": -0.060214681830257175, ""full_batch_harm_se"": 0.0020411028526723385, ""full_batch_harm_ucb"": -0.05221355864778161, ""full_batch_safe"": true}, ""default"": {""crossfit_feasible"": true, ""crossfit_utility"": -4.051346182823181, ""crossfit_utility_positive"": false, ""full_batch_cur_after"": 6.451756477355957, ""full_batch_cur_before"": 6.47810697555542, ""full_batch_gain"": 0.02635049819946289, ""full_batch_harm"": -0.0030555836856365204, ""full_batch_harm_lcb"": -0.0109305065497756, ""full_batch_harm_se"": 0.004017817787826061, ""full_batch_harm_ucb"": 0.004819339178502559, ""full_batch_safe"": true}}, ""guarded_best_reuse"": ""adapter_1"", ""num_adapters"": 3, ""pending_after"": false, ""pending_before"": false, ""policy_version"": ""cau_v1"", ""reason"": ""safe_existing_reuse"", ""utility"": {""batch_n"": 16, ""best_reuse"": ""adapter_1"", ""best_reuse_query_after"": 2.42961049079895, ""best_reuse_utility"": 0.007183194160461426, ""budget_blocked_fresh"": false, ""defer_utility"": 0.0, ""fold_a_fresh_utility"": -1.875960111618042, ""fold_a_query_n"": 8, ""fold_a_support_n"": 8, ""fold_b_fresh_utility"": -1.9311933517456055, ""fold_b_query_n"": 8, ""fold_b_support_n"": 8, ""fresh_advantage"": -1.9107599258422852, ""fresh_local_trainability"": 0.06746625900268555, ""fresh_positive"": false, ""fresh_query_after"": 4.340370416641235, ""fresh_query_before"": 4.407836675643921, ""fresh_utility"": -1.9035767316818237, ""max_adapters"": 8, ""reuse_profiles"": {""adapter_1"": {""feasible_both"": true, ""fold_a_harm"": -0.011482905596494675, ""fold_a_lcb"": -0.02262836366891861, ""fold_a_query_after"": 2.401979446411133, ""fold_a_utility"": -0.0003287792205810547, ""fold_b_harm"": -0.009865570813417435, ""fold_b_lcb"": -0.020368352998048067, ""fold_b_query_after"": 2.4572415351867676, ""fold_b_utility"": 0.014695167541503906, ""harm_lcb_max"": -0.020368352998048067, ""harm_mean"": -0.010674238204956055, ""harm_se_mean"": 0.005522510269656777, ""harm_ucb_max"": 0.0006372113712131977, ""local_trainability"": 0.007183194160461426, ""query_after"": 2.42961049079895, ""query_before"": 2.4367936849594116, ""system_utility"": 0.007183194160461426}, ""adapter_2"": {""feasible_both"": true, ""fold_a_harm"": -0.055636197328567505, ""fold_a_lcb"": -0.05950172781012952, ""fold_a_query_after"": 5.206181049346924, ""fold_a_utility"": -2.804530382156372, ""fold_b_harm"": -0.05920790880918503, ""fold_b_lcb"": -0.06330860274843872, ""fold_b_query_after"": 5.339076995849609, ""fold_b_utility"": -2.867140293121338, ""harm_lcb_max"": -0.05950172781012952, ""harm_mean"": -0.057422053068876266, ""harm_se_mean"": 0.0020322001073509455, ""harm_ucb_max"": -0.051770666847005486, ""local_trainability"": -0.052666425704956055, ""query_after"": 5.272629022598267, ""query_before"": 5.2199625968933105, ""system_utility"": -2.835835337638855}, ""default"": {""feasible_both"": true, ""fold_a_harm"": -0.003245007246732712, ""fold_a_lcb"": -0.011066853180527686, ""fold_a_query_after"": 6.2667388916015625, ""fold_a_utility"": -3.8650882244110107, ""fold_b_harm"": -0.0030573569238185883, ""fold_b_lcb"": -0.010910650715231895, ""fold_b_query_after"": 6.709540843963623, ""fold_b_utility"": -4.237604141235352, ""harm_lcb_max"": -0.010910650715231895, ""harm_mean"": -0.00315118208527565, ""harm_se_mean"": 0.003998760133981705, ""harm_ucb_max"": 0.004795936867594719, ""local_trainability"": -0.010032892227172852, ""query_after"": 6.488139867782593, ""query_before"": 6.47810697555542, ""system_utility"": -4.051346182823181}}, ""status"": ""ok"", ""statusquo_loss"": 2.4367936849594116, ""total_memory_budget"": 512}, ""utility_status"": ""ok""}"
77,B2,B,2,adapter_1,reuse,safe_existing_reuse,2.5718514919281006,3,True,884736,177639,0,110603828,354125,8499600,510,101.27039077784866,873451008,0.0,89.12310065026395,8.449603877728805,512,510,2.5219430923461914,-1.6094403266906738,-0.009489297866821289,-1.5999510288238525,False,,"{""best_reuse"": ""adapter_1"", ""best_reuse_utility"": -0.009489297866821289, ""decision"": ""reuse"", ""fresh_advantage"": -1.5999510288238525, ""fresh_positive"": false, ""fresh_utility"": -1.6094403266906738, ""full_batch_guards"": {""adapter_1"": {""crossfit_feasible"": true, ""crossfit_utility"": -0.009489297866821289, ""crossfit_utility_positive"": false, ""full_batch_cur_after"": 2.5205249786376953, ""full_batch_cur_before"": 2.5219430923461914, ""full_batch_gain"": 0.0014181137084960938, ""full_batch_harm"": -0.010091032832860947, ""full_batch_harm_lcb"": -0.018426726683974264, ""full_batch_harm_se"": 0.004252905026078224, ""full_batch_harm_ucb"": -0.001755338981747628, ""full_batch_safe"": true}, ""adapter_2"": {""crossfit_feasible"": true, ""crossfit_utility"": -2.568504810333252, ""crossfit_utility_positive"": false, ""full_batch_cur_after"": 5.0562543869018555, ""full_batch_cur_before"": 5.0492072105407715, ""full_batch_gain"": -0.007047176361083984, ""full_batch_harm"": -0.0570954829454422, ""full_batch_harm_lcb"": -0.06120894732885063, ""full_batch_harm_se"": 0.002098706318065524, ""full_batch_harm_ucb"": -0.05298201856203377, ""full_batch_safe"": true}, ""default"": {""crossfit_feasible"": true, ""crossfit_utility"": -3.8929309844970703, ""crossfit_utility_positive"": false, ""full_batch_cur_after"": 6.386087417602539, ""full_batch_cur_before"": 6.411756992340088, ""full_batch_gain"": 0.025669574737548828, ""full_batch_harm"": -0.0013054832816123962, ""full_batch_harm_lcb"": -0.009178621824830771, ""full_batch_harm_se"": 0.004016907420009375, ""full_batch_harm_ucb"": 0.006567655261605979, ""full_batch_safe"": true}}, ""guarded_best_reuse"": ""adapter_1"", ""num_adapters"": 3, ""pending_after"": false, ""pending_before"": false, ""policy_version"": ""cau_v1"", ""reason"": ""safe_existing_reuse"", ""utility"": {""batch_n"": 16, ""best_reuse"": ""adapter_1"", ""best_reuse_query_after"": 2.5314323902130127, ""best_reuse_utility"": -0.009489297866821289, ""budget_blocked_fresh"": false, ""defer_utility"": 0.0, ""fold_a_fresh_utility"": -1.4686870574951172, ""fold_a_query_n"": 8, ""fold_a_support_n"": 8, ""fold_b_fresh_utility"": -1.7501935958862305, ""fold_b_query_n"": 8, ""fold_b_support_n"": 8, ""fresh_advantage"": -1.5999510288238525, ""fresh_local_trainability"": 0.09193992614746094, ""fresh_positive"": false, ""fresh_query_after"": 4.131383419036865, ""fresh_query_before"": 4.223323345184326, ""fresh_utility"": -1.6094403266906738, ""max_adapters"": 8, ""reuse_profiles"": {""adapter_1"": {""feasible_both"": true, ""fold_a_harm"": -0.010157179087400436, ""fold_a_lcb"": -0.019041999299079182, ""fold_a_query_after"": 2.5725317001342773, ""fold_a_utility"": -0.010625839233398438, ""fold_b_harm"": -0.009290270507335663, ""fold_b_lcb"": -0.018168146926909684, ""fold_b_query_after"": 2.490333080291748, ""fold_b_utility"": -0.00835275650024414, ""harm_lcb_max"": -0.018168146926909684, ""harm_mean"": -0.00972372479736805, ""harm_se_mean"": 0.004531300161033869, ""harm_ucb_max"": -0.0004123940877616399, ""local_trainability"": -0.009489297866821289, ""query_after"": 2.5314323902130127, ""query_before"": 2.5219430923461914, ""system_utility"": -0.009489297866821289}, ""adapter_2"": {""feasible_both"": true, ""fold_a_harm"": -0.05843745172023773, ""fold_a_lcb"": -0.06263213099911809, ""fold_a_query_after"": 5.040380477905273, ""fold_a_utility"": -2.4784746170043945, ""fold_b_harm"": -0.058457858860492706, ""fold_b_lcb"": -0.06263733672909438, ""fold_b_query_after"": 5.140515327453613, ""fold_b_utility"": -2.6585350036621094, ""harm_lcb_max"": -0.06263213099911809, ""harm_mean"": -0.05844765529036522, ""harm_se_mean"": 0.0021362645784392953, ""harm_ucb_max"": -0.054242772441357376, ""local_trainability"": -0.04124093055725098, ""query_after"": 5.090447902679443, ""query_before"": 5.049206972122192, ""system_utility"": -2.568504810333252}, ""default"": {""feasible_both"": true, ""fold_a_harm"": -0.0015099570155143738, ""fold_a_lcb"": -0.0093898787163198, ""fold_a_query_after"": 6.404714107513428, ""fold_a_utility"": -3.842808246612549, ""fold_b_harm"": -0.0014967620372772217, ""fold_b_lcb"": -0.009398542810231447, ""fold_b_query_after"": 6.425034046173096, ""fold_b_utility"": -3.943053722381592, ""harm_lcb_max"": -0.0093898787163198, ""harm_mean"": -0.0015033595263957977, ""harm_se_mean"": 0.004025944508612156, ""harm_ucb_max"": 0.006405018735677004, ""local_trainability"": -0.003116607666015625, ""query_after"": 6.414874076843262, ""query_before"": 6.411757469177246, ""system_utility"": -3.8929309844970703}}, ""status"": ""ok"", ""statusquo_loss"": 2.5219430923461914, ""total_memory_budget"": 512}, ""utility_status"": ""ok""}"
78,B2,B,2,adapter_1,reuse,safe_existing_reuse,2.61397123336792,3,True,884736,177639,0,110603828,354125,8499600,510,103.07151497388259,873451008,0.0,90.9147957554087,8.449603877728805,512,510,2.5339133739471436,-1.7774646282196045,0.007188320159912109,-1.7846529483795166,False,,"{""best_reuse"": ""adapter_1"", ""best_reuse_utility"": 0.007188320159912109, ""decision"": ""reuse"", ""fresh_advantage"": -1.7846529483795166, ""fresh_positive"": false, ""fresh_utility"": -1.7774646282196045, ""full_batch_guards"": {""adapter_1"": {""crossfit_feasible"": true, ""crossfit_utility"": 0.007188320159912109, ""crossfit_utility_positive"": true, ""full_batch_cur_after"": 2.512629508972168, ""full_batch_cur_before"": 2.5339133739471436, ""full_batch_gain"": 0.021283864974975586, ""full_batch_harm"": -0.0066658854484558105, ""full_batch_harm_lcb"": -0.015132955517619848, ""full_batch_harm_se"": 0.004319933708757162, ""full_batch_harm_ucb"": 0.001801184620708227, ""full_batch_safe"": true}, ""adapter_2"": {""crossfit_feasible"": true, ""crossfit_utility"": -2.8092663288116455, ""crossfit_utility_positive"": false, ""full_batch_cur_after"": 5.2801666259765625, ""full_batch_cur_before"": 5.2713623046875, ""full_batch_gain"": -0.0088043212890625, ""full_batch_harm"": -0.0554315559566021, ""full_batch_harm_lcb"": -0.0592771175596863, ""full_batch_harm_se"": 0.0019620212260633707, ""full_batch_harm_ucb"": -0.05158599435351789, ""full_batch_safe"": true}, ""default"": {""crossfit_feasible"": true, ""crossfit_utility"": -4.069225311279297, ""crossfit_utility_positive"": false, ""full_batch_cur_after"": 6.551486015319824, ""full_batch_cur_before"": 6.578281402587891, ""full_batch_gain"": 0.026795387268066406, ""full_batch_harm"": -0.0034132860600948334, ""full_batch_harm_lcb"": -0.011290965266525746, ""full_batch_harm_se"": 0.004019224084913731, ""full_batch_harm_ucb"": 0.004464393146336079, ""full_batch_safe"": true}}, ""guarded_best_reuse"": ""adapter_1"", ""num_adapters"": 3, ""pending_after"": false, ""pending_before"": false, ""policy_version"": ""cau_v1"", ""reason"": ""safe_existing_reuse"", ""utility"": {""batch_n"": 16, ""best_reuse"": ""adapter_1"", ""best_reuse_query_after"": 2.5267250537872314, ""best_reuse_utility"": 0.007188320159912109, ""budget_blocked_fresh"": false, ""defer_utility"": 0.0, ""fold_a_fresh_utility"": -1.7414889335632324, ""fold_a_query_n"": 8, ""fold_a_support_n"": 8, ""fold_b_fresh_utility"": -1.8134403228759766, ""fold_b_query_n"": 8, ""fold_b_support_n"": 8, ""fresh_advantage"": -1.7846529483795166, ""fresh_local_trainability"": 0.0560305118560791, ""fresh_positive"": false, ""fresh_query_after"": 4.311378002166748, ""fresh_query_before"": 4.367408514022827, ""fresh_utility"": -1.7774646282196045, ""max_adapters"": 8, ""reuse_profiles"": {""adapter_1"": {""feasible_both"": true, ""fold_a_harm"": -0.006430145353078842, ""fold_a_lcb"": -0.014382928498089313, ""fold_a_query_after"": 2.4949822425842285, ""fold_a_utility"": 0.007615089416503906, ""fold_b_harm"": -0.005421638488769531, ""fold_b_lcb"": -0.014172262251377106, ""fold_b_query_after"": 2.5584678649902344, ""fold_b_utility"": 0.0067615509033203125, ""harm_lcb_max"": -0.014172262251377106, ""harm_mean"": -0.005925891920924187, ""harm_se_mean"": 0.004261073190718889, ""harm_ucb_max"": 0.003328985273838044, ""local_trainability"": 0.007188320159912109, ""query_after"": 2.5267250537872314, ""query_before"": 2.5339133739471436, ""system_utility"": 0.007188320159912109}, ""adapter_2"": {""feasible_both"": true, ""fold_a_harm"": -0.05743207409977913, ""fold_a_lcb"": -0.06147714788094163, ""fold_a_query_after"": 5.302867889404297, ""fold_a_utility"": -2.8002705574035645, ""fold_b_harm"": -0.05828256160020828, ""fold_b_lcb"": -0.06223725792951882, ""fold_b_query_after"": 5.383491516113281, ""fold_b_utility"": -2.8182621002197266, ""harm_lcb_max"": -0.06147714788094163, ""harm_mean"": -0.057857317849993706, ""harm_se_mean"": 0.0020407576812431216, ""harm_ucb_max"": -0.05338700031861663, ""local_trainability"": -0.07181739807128906, ""query_after"": 5.343179702758789, ""query_before"": 5.2713623046875, ""system_utility"": -2.8092663288116455}, ""default"": {""feasible_both"": true, ""fold_a_harm"": -0.002428915351629257, ""fold_a_lcb"": -0.010424006525427102, ""fold_a_query_after"": 6.58963680267334, ""fold_a_utility"": -4.087039470672607, ""fold_b_harm"": -0.003645285964012146, ""fold_b_lcb"": -0.011546194199472665, ""fold_b_query_after"": 6.616640567779541, ""fold_b_utility"": -4.051411151885986, ""harm_lcb_max"": -0.010424006525427102, ""harm_mean"": -0.0030371006578207016, ""harm_se_mean"": 0.00405510189011693, ""harm_ucb_max"": 0.005566175822168588, ""local_trainability"": -0.024857044219970703, ""query_after"": 6.60313868522644, ""query_before"": 6.57828164100647, ""system_utility"": -4.069225311279297}}, ""status"": ""ok"", ""statusquo_loss"": 2.5339133739471436, ""total_memory_budget"": 512}, ""utility_status"": ""ok""}"
79,B2,B,2,adapter_1,reuse,safe_existing_reuse,2.5622034072875977,3,True,884736,177639,0,110603828,354125,8499600,510,104.86193175287917,873451008,0.0,92.69526685029268,8.449603877728805,512,510,2.5456868410110474,-1.7082775831222534,0.011451005935668945,-1.7197285890579224,False,,"{""best_reuse"": ""adapter_1"", ""best_reuse_utility"": 0.011451005935668945, ""decision"": ""reuse"", ""fresh_advantage"": -1.7197285890579224, ""fresh_positive"": false, ""fresh_utility"": -1.7082775831222534, ""full_batch_guards"": {""adapter_1"": {""crossfit_feasible"": true, ""crossfit_utility"": 0.011451005935668945, ""crossfit_utility_positive"": true, ""full_batch_cur_after"": 2.5240721702575684, ""full_batch_cur_before"": 2.545686721801758, ""full_batch_gain"": 0.021614551544189453, ""full_batch_harm"": -0.0008654855191707611, ""full_batch_harm_lcb"": -0.009496906604617834, ""full_batch_harm_se"": 0.004403786268085241, ""full_batch_harm_ucb"": 0.007765935566276312, ""full_batch_safe"": true}, ""adapter_2"": {""crossfit_feasible"": true, ""crossfit_utility"": -2.6880234479904175, ""crossfit_utility_positive"": false, ""full_batch_cur_after"": 5.190654754638672, ""full_batch_cur_before"": 5.17241096496582, ""full_batch_gain"": -0.018243789672851562, ""full_batch_harm"": -0.055712684988975525, ""full_batch_harm_lcb"": -0.059519008644856514, ""full_batch_harm_se"": 0.0019420018652454019, ""full_batch_harm_ucb"": -0.051906361333094536, ""full_batch_safe"": true}, ""default"": {""crossfit_feasible"": true, ""crossfit_utility"": -4.110928416252136, ""crossfit_utility_positive"": false, ""full_batch_cur_after"": 6.623558044433594, ""full_batch_cur_before"": 6.64654541015625, ""full_batch_gain"": 0.02298736572265625, ""full_batch_harm"": -0.0016501620411872864, ""full_batch_harm_lcb"": -0.009482951201498509, ""full_batch_harm_se"": 0.003996321000158787, ""full_batch_harm_ucb"": 0.006182627119123936, ""full_batch_safe"": true}}, ""guarded_best_reuse"": ""adapter_1"", ""num_adapters"": 3, ""pending_after"": false, ""pending_before"": false, ""policy_version"": ""cau_v1"", ""reason"": ""safe_existing_reuse"", ""utility"": {""batch_n"": 16, ""best_reuse"": ""adapter_1"", ""best_reuse_query_after"": 2.5342358350753784, ""best_reuse_utility"": 0.011451005935668945, ""budget_blocked_fresh"": false, ""defer_utility"": 0.0, ""fold_a_fresh_utility"": -1.8519413471221924, ""fold_a_query_n"": 8, ""fold_a_support_n"": 8, ""fold_b_fresh_utility"": -1.5646138191223145, ""fold_b_query_n"": 8, ""fold_b_support_n"": 8, ""fresh_advantage"": -1.7197285890579224, ""fresh_local_trainability"": 0.061929941177368164, ""fresh_positive"": false, ""fresh_query_after"": 4.253964424133301, ""fresh_query_before"": 4.315894365310669, ""fresh_utility"": -1.7082775831222534, ""max_adapters"": 8, ""reuse_profiles"": {""adapter_1"": {""feasible_both"": true, ""fold_a_harm"": 0.0006614699959754944, ""fold_a_lcb"": -0.007085261959582567, ""fold_a_query_after"": 2.4993247985839844, ""fold_a_utility"": 0.017589330673217773, ""fold_b_harm"": -0.0026582516729831696, ""fold_b_lcb"": -0.012301672045141458, ""fold_b_query_after"": 2.5691468715667725, ""fold_b_utility"": 0.005312681198120117, ""harm_lcb_max"": -0.007085261959582567, ""harm_mean"": -0.0009983908385038376, ""harm_se_mean"": 0.004436263348907232, ""harm_ucb_max"": 0.008408201951533556, ""local_trainability"": 0.011451005935668945, ""query_after"": 2.5342358350753784, ""query_before"": 2.5456868410110474, ""system_utility"": 0.011451005935668945}, ""adapter_2"": {""feasible_both"": true, ""fold_a_harm"": -0.05660001188516617, ""fold_a_lcb"": -0.06035869325976819, ""fold_a_query_after"": 5.358245849609375, ""fold_a_utility"": -2.841331720352173, ""fold_b_harm"": -0.05741175264120102, ""fold_b_lcb"": -0.06138721873983741, ""fold_b_query_after"": 5.109174728393555, ""fold_b_utility"": -2.534715175628662, ""harm_lcb_max"": -0.06035869325976819, ""harm_mean"": -0.057005882263183594, ""harm_se_mean"": 0.001972996804397553, ""harm_ucb_max"": -0.052841330510564145, ""local_trainability"": -0.06129884719848633, ""query_after"": 5.233710289001465, ""query_before"": 5.1724114418029785, ""system_utility"": -2.6880234479904175}, ""default"": {""feasible_both"": true, ""fold_a_harm"": -0.0013725534081459045, ""fold_a_lcb"": -0.009234434757381678, ""fold_a_query_after"": 6.47185754776001, ""fold_a_utility"": -3.9549434185028076, ""fold_b_harm"": -0.0021052286028862, ""fold_b_lcb"": -0.009990313425660133, ""fold_b_query_after"": 6.841372966766357, ""fold_b_utility"": -4.266913414001465, ""harm_lcb_max"": -0.009234434757381678, ""harm_mean"": -0.0017388910055160522, ""harm_se_mean"": 0.004017083207145333, ""harm_ucb_max"": 0.006489327941089869, ""local_trainability"": -0.010069847106933594, ""query_after"": 6.656615257263184, ""query_before"": 6.64654541015625, ""system_utility"": -4.110928416252136}}, ""status"": ""ok"", ""statusquo_loss"": 2.5456868410110474, ""total_memory_budget"": 512}, ""utility_status"": ""ok""}"
80,B2,B,2,adapter_1,reuse,safe_existing_reuse,2.5414929389953613,3,True,884736,177639,0,110603828,354125,8499600,510,106.77905072597787,873451008,0.0,94.6028959704563,8.449603877728805,512,510,2.4828958144554725,-1.7224142368023212,-0.01186974232013409,-1.710544494482187,False,,"{""best_reuse"": ""adapter_1"", ""best_reuse_utility"": -0.01186974232013409, ""decision"": ""reuse"", ""fresh_advantage"": -1.710544494482187, ""fresh_positive"": false, ""fresh_utility"": -1.7224142368023212, ""full_batch_guards"": {""adapter_1"": {""crossfit_feasible"": true, ""crossfit_utility"": -0.01186974232013409, ""crossfit_utility_positive"": false, ""full_batch_cur_after"": 2.479276657104492, ""full_batch_cur_before"": 2.482896089553833, ""full_batch_gain"": 0.0036194324493408203, ""full_batch_harm"": -0.00603373721241951, ""full_batch_harm_lcb"": -0.013266200041398406, ""full_batch_harm_se"": 0.0036900320556014776, ""full_batch_harm_ucb"": 0.0011987256165593863, ""full_batch_safe"": true}, ""adapter_2"": {""crossfit_feasible"": true, ""crossfit_utility"": -2.5807134554936337, ""crossfit_utility_positive"": false, ""full_batch_cur_after"": 4.999051570892334, ""full_batch_cur_before"": 4.9895830154418945, ""full_batch_gain"": -0.009468555450439453, ""full_batch_harm"": -0.05669452250003815, ""full_batch_harm_lcb"": -0.06091338001191616, ""full_batch_harm_se"": 0.0021524783223867416, ""full_batch_harm_ucb"": -0.052475664988160135, ""full_batch_safe"": true}, ""default"": {""crossfit_feasible"": true, ""crossfit_utility"": -3.89745543553279, ""crossfit_utility_positive"": false, ""full_batch_cur_after"": 6.334507465362549, ""full_batch_cur_before"": 6.355782508850098, ""full_batch_gain"": 0.021275043487548828, ""full_batch_harm"": -0.0025936253368854523, ""full_batch_harm_lcb"": -0.010395139139145613, ""full_batch_harm_se"": 0.0039803641848266125, ""full_batch_harm_ucb"": 0.005207888465374708, ""full_batch_safe"": true}}, ""guarded_best_reuse"": ""adapter_1"", ""num_adapters"": 3, ""pending_after"": false, ""pending_before"": false, ""policy_version"": ""cau_v1"", ""reason"": ""safe_existing_reuse"", ""utility"": {""batch_n"": 13, ""best_reuse"": ""adapter_1"", ""best_reuse_query_after"": 2.4947655567756066, ""best_reuse_utility"": -0.01186974232013409, ""budget_blocked_fresh"": false, ""defer_utility"": 0.0, ""fold_a_fresh_utility"": -1.8343229293823242, ""fold_a_query_n"": 6, ""fold_a_support_n"": 7, ""fold_b_fresh_utility"": -1.6264925003051758, ""fold_b_query_n"": 7, ""fold_b_support_n"": 6, ""fresh_advantage"": -1.710544494482187, ""fresh_local_trainability"": 0.04572725296020508, ""fresh_positive"": false, ""fresh_query_after"": 4.2053100512577934, ""fresh_query_before"": 4.2510373042179985, ""fresh_utility"": -1.7224142368023212, ""max_adapters"": 8, ""reuse_profiles"": {""adapter_1"": {""feasible_both"": true, ""fold_a_harm"": -0.005371756851673126, ""fold_a_lcb"": -0.012179099973291158, ""fold_a_query_after"": 2.509251356124878, ""fold_a_utility"": 0.0007650852203369141, ""fold_b_harm"": -0.007338631898164749, ""fold_b_lcb"": -0.015781962741166354, ""fold_b_query_after"": 2.482349157333374, ""fold_b_utility"": -0.022699594497680664, ""harm_lcb_max"": -0.012179099973291158, ""harm_mean"": -0.006355194374918938, ""harm_se_mean"": 0.003890478052198887, ""harm_ucb_max"": 0.0014355862699449058, ""local_trainability"": -0.01186974232013409, ""query_after"": 2.4947655567756066, ""query_before"": 2.4828958144554725, ""system_utility"": -0.01186974232013409}, ""adapter_2"": {""feasible_both"": true, ""fold_a_harm"": -0.05843184143304825, ""fold_a_lcb"": -0.06268730490468442, ""fold_a_query_after"": 5.268024444580078, ""fold_a_utility"": -2.7580080032348633, ""fold_b_harm"": -0.05832810699939728, ""fold_b_lcb"": -0.06239139180630446, ""fold_b_query_after"": 4.888396263122559, ""fold_b_utility"": -2.4287467002868652, ""harm_lcb_max"": -0.06239139180630446, ""harm_mean"": -0.05837997421622276, ""harm_se_mean"": 0.0021221296628937125, ""harm_ucb_max"": -0.05417637796141207, ""local_trainability"": -0.07402665798480694, ""query_after"": 5.063609269949106, ""query_before"": 4.989582611964299, ""system_utility"": -2.5807134554936337}, ""default"": {""feasible_both"": true, ""fold_a_harm"": -0.001461174339056015, ""fold_a_lcb"": -0.009291942790150642, ""fold_a_query_after"": 6.385715961456299, ""fold_a_utility"": -3.875699520111084, ""fold_b_harm"": -0.0034549497067928314, ""fold_b_lcb"": -0.01128765033558011, ""fold_b_query_after"": 6.375752925872803, ""fold_b_utility"": -3.9161033630371094, ""harm_lcb_max"": -0.009291942790150642, ""harm_mean"": -0.0024580620229244232, ""harm_se_mean"": 0.003995782928541303, ""harm_ucb_max"": 0.006369594112038612, ""local_trainability"": -0.02456940137423002, ""query_after"": 6.380351249988262, ""query_before"": 6.355781848614033, ""system_utility"": -3.89745543553279}}, ""status"": ""ok"", ""statusquo_loss"": 2.4828958144554725, ""total_memory_budget"": 512}, ""utility_status"": ""ok""}"
