step,segment,source_adapter,fold,variant,query_before,query_after,local_trainability,support_loss,head_update_l2,lora_update_l2,support_n,query_n
5,A1,default,A,reuse_lora_inherit_head,4.140946388244629,4.083639621734619,0.057306766510009766,4.175883769989014,0.08347775766599326,0.0489633148257411,8,8
5,A1,default,A,reuse_lora_fresh_head,4.323677062988281,4.2733306884765625,0.05034637451171875,4.374824523925781,0.1327309993474112,0.047084374623980914,8,8
5,A1,default,A,fresh_lora_inherit_head,4.143373966217041,4.08683443069458,0.05653953552246094,4.179637908935547,0.08338475512272633,0.05416907391793607,8,8
5,A1,default,A,fresh_lora_fresh_head,4.324832916259766,4.2750725746154785,0.04976034164428711,4.3768839836120605,0.13261569738703052,0.05415883028905968,8,8
5,A1,default,A,reuse_lora_inherit_head_reset_optimizer,4.140946388244629,4.086025238037109,0.05492115020751953,4.175883769989014,0.13068039004190032,0.07615230401345786,8,8
5,A1,default,A,reuse_lora_common_frozen_head,4.140946388244629,4.139974594116211,0.0009717941284179688,4.175883769989014,0.0,0.04672556244540347,8,8
5,A1,default,A,fresh_lora_common_frozen_head,4.143373966217041,4.142595291137695,0.0007786750793457031,4.179637908935547,0.0,0.05425320267625006,8,8
5,A1,default,B,reuse_lora_inherit_head,4.136977195739746,4.081096649169922,0.05588054656982422,4.1647515296936035,0.08270510411628783,0.04625387706464015,8,8
5,A1,default,B,reuse_lora_fresh_head,4.350566387176514,4.300606727600098,0.049959659576416016,4.334239959716797,0.12580933368925418,0.04081865794027603,8,8
5,A1,default,B,fresh_lora_inherit_head,4.1411356925964355,4.086930751800537,0.05420494079589844,4.165843486785889,0.08267885833414168,0.054167600279732275,8,8
5,A1,default,B,fresh_lora_fresh_head,4.352869987487793,4.304311752319336,0.04855823516845703,4.334110736846924,0.12567695153062525,0.054175459085980794,8,8
5,A1,default,B,reuse_lora_inherit_head_reset_optimizer,4.136977195739746,4.088134288787842,0.0488429069519043,4.1647515296936035,0.12336948642000038,0.07582376712370575,8,8
5,A1,default,B,reuse_lora_common_frozen_head,4.136977195739746,4.135834217071533,0.0011429786682128906,4.1647515296936035,0.0,0.046343885781405005,8,8
5,A1,default,B,fresh_lora_common_frozen_head,4.1411356925964355,4.1407623291015625,0.0003733634948730469,4.165843486785889,0.0,0.054250222645385454,8,8
6,A1,default,A,reuse_lora_inherit_head,4.18114709854126,4.142665386199951,0.038481712341308594,4.1038312911987305,0.08127945432240685,0.04914526090415428,8,8
6,A1,default,A,reuse_lora_fresh_head,4.359969615936279,4.341889381408691,0.01808023452758789,4.321653366088867,0.1328726207954021,0.04484031456658266,8,8
6,A1,default,A,fresh_lora_inherit_head,4.185050010681152,4.147365093231201,0.03768491744995117,4.107585906982422,0.0813804134199295,0.054181160912642225,8,8
6,A1,default,A,fresh_lora_fresh_head,4.36229133605957,4.345760345458984,0.016530990600585938,4.322792053222656,0.13300115694153603,0.05416968009800545,8,8
6,A1,default,A,reuse_lora_inherit_head_reset_optimizer,4.18114709854126,4.161710262298584,0.01943683624267578,4.1038312911987305,0.1327270028022912,0.07614016589300772,8,8
6,A1,default,A,reuse_lora_common_frozen_head,4.18114709854126,4.179952144622803,0.0011949539184570312,4.1038312911987305,0.0,0.046780798147139716,8,8
6,A1,default,A,fresh_lora_common_frozen_head,4.185050010681152,4.184233665466309,0.00081634521484375,4.107585906982422,0.0,0.054261855640148286,8,8
6,A1,default,B,reuse_lora_inherit_head,4.088318824768066,4.0414838790893555,0.04683494567871094,4.178790092468262,0.07858953752013599,0.04795596849942664,8,8
6,A1,default,B,reuse_lora_fresh_head,4.324981689453125,4.303255081176758,0.021726608276367188,4.34312629699707,0.1307975195611108,0.04503638825531116,8,8
6,A1,default,B,fresh_lora_inherit_head,4.09345817565918,4.048336982727051,0.045121192932128906,4.182250499725342,0.07847028449297193,0.054133868107670687,8,8
6,A1,default,B,fresh_lora_fresh_head,4.32669734954834,4.304476261138916,0.022221088409423828,4.34499454498291,0.13080056304612034,0.054110897420459075,8,8
6,A1,default,B,reuse_lora_inherit_head_reset_optimizer,4.088318824768066,4.066568374633789,0.021750450134277344,4.178790092468262,0.12897821039871588,0.07583044268347904,8,8
6,A1,default,B,reuse_lora_common_frozen_head,4.088318824768066,4.086621284484863,0.001697540283203125,4.178790092468262,0.0,0.046796101412758535,8,8
6,A1,default,B,fresh_lora_common_frozen_head,4.09345817565918,4.092247009277344,0.0012111663818359375,4.182250499725342,0.0,0.054255035139606604,8,8
7,A1,default,A,reuse_lora_inherit_head,4.032590866088867,3.9759325981140137,0.056658267974853516,4.091907501220703,0.07724324794160889,0.05117993093035183,8,8
7,A1,default,A,reuse_lora_fresh_head,4.343735694885254,4.30283260345459,0.04090309143066406,4.393956184387207,0.12460270101731305,0.04711342919650197,8,8
7,A1,default,A,fresh_lora_inherit_head,4.04207181930542,3.987044334411621,0.05502748489379883,4.1004228591918945,0.07725136962812991,0.05417087403665103,8,8
7,A1,default,A,fresh_lora_fresh_head,4.347503185272217,4.307277679443359,0.04022550582885742,4.396927833557129,0.12446564003063226,0.054139980581851634,8,8
7,A1,default,A,reuse_lora_inherit_head_reset_optimizer,4.032590866088867,3.9889755249023438,0.04361534118652344,4.091907501220703,0.12227488315057672,0.07640973802685799,8,8
7,A1,default,A,reuse_lora_common_frozen_head,4.032590866088867,4.029792785644531,0.0027980804443359375,4.091907501220703,0.0,0.04698804452849412,8,8
7,A1,default,A,fresh_lora_common_frozen_head,4.04207181930542,4.039547920227051,0.0025238990783691406,4.1004228591918945,0.0,0.05425412964437201,8,8
7,A1,default,B,reuse_lora_inherit_head,4.046132564544678,3.993548631668091,0.052583932876586914,4.063647270202637,0.0785858322023022,0.05068671127564039,8,8
7,A1,default,B,reuse_lora_fresh_head,4.368962287902832,4.329570770263672,0.039391517639160156,4.349609375,0.13223063965195506,0.04839313652305637,8,8
7,A1,default,B,fresh_lora_inherit_head,4.055722236633301,4.004732131958008,0.05099010467529297,4.072657585144043,0.0784185142686189,0.05420382933063822,8,8
7,A1,default,B,fresh_lora_fresh_head,4.371995449066162,4.334763526916504,0.0372319221496582,4.353335857391357,0.13196864835990982,0.05416942543067053,8,8
7,A1,default,B,reuse_lora_inherit_head_reset_optimizer,4.046132564544678,4.004519939422607,0.04161262512207031,4.063647270202637,0.12702357108671566,0.07647112681102661,8,8
7,A1,default,B,reuse_lora_common_frozen_head,4.046132564544678,4.043366432189941,0.002766132354736328,4.063647270202637,0.0,0.046333535192450835,8,8
7,A1,default,B,fresh_lora_common_frozen_head,4.055722236633301,4.053510665893555,0.0022115707397460938,4.072657585144043,0.0,0.05426388330717197,8,8
8,A1,default,A,reuse_lora_inherit_head,3.9076008796691895,3.8592653274536133,0.04833555221557617,4.046514511108398,0.07630256255479881,0.052725767290204575,8,8
8,A1,default,A,reuse_lora_fresh_head,4.322542190551758,4.308548927307129,0.013993263244628906,4.360837936401367,0.12897612485082222,0.04855425105429586,8,8
8,A1,default,A,fresh_lora_inherit_head,3.925360679626465,3.8803653717041016,0.04499530792236328,4.059266090393066,0.07612213690563618,0.054196337790700606,8,8
8,A1,default,A,fresh_lora_fresh_head,4.328071117401123,4.317406177520752,0.010664939880371094,4.364495754241943,0.12922277604518453,0.054165375978576805,8,8
8,A1,default,A,reuse_lora_inherit_head_reset_optimizer,3.9076008796691895,3.883286714553833,0.024314165115356445,4.046514511108398,0.12444810737720136,0.07651335647182662,8,8
8,A1,default,A,reuse_lora_common_frozen_head,3.9076008796691895,3.9028797149658203,0.004721164703369141,4.046514511108398,0.0,0.048114347066574664,8,8
8,A1,default,A,fresh_lora_common_frozen_head,3.925360679626465,3.9220359325408936,0.003324747085571289,4.059266090393066,0.0,0.05426419894168552,8,8
8,A1,default,B,reuse_lora_inherit_head,4.024669647216797,3.9752020835876465,0.04946756362915039,3.9254682064056396,0.07483176841262415,0.052500045768719264,8,8
8,A1,default,B,reuse_lora_fresh_head,4.349480628967285,4.343018054962158,0.006462574005126953,4.321843147277832,0.1293637074656565,0.04706736627664726,8,8
8,A1,default,B,fresh_lora_inherit_head,4.034942150115967,3.987854480743408,0.047087669372558594,3.9421303272247314,0.07477256863526438,0.054198266955185516,8,8
8,A1,default,B,fresh_lora_fresh_head,4.351356506347656,4.345808982849121,0.005547523498535156,4.326117038726807,0.1293710470607662,0.0541398758907084,8,8
8,A1,default,B,reuse_lora_inherit_head_reset_optimizer,4.024669647216797,4.0137176513671875,0.010951995849609375,3.9254682064056396,0.12581019843645103,0.07652112344687956,8,8
8,A1,default,B,reuse_lora_common_frozen_head,4.024669647216797,4.022163391113281,0.002506256103515625,3.9254682064056396,0.0,0.046750174642293994,8,8
8,A1,default,B,fresh_lora_common_frozen_head,4.034942150115967,4.033181667327881,0.0017604827880859375,3.9421303272247314,0.0,0.05427126765478667,8,8
9,A1,default,A,reuse_lora_inherit_head,3.8988430500030518,3.825894832611084,0.07294821739196777,3.913773536682129,0.07573605058986219,0.054622044930580815,8,8
9,A1,default,A,reuse_lora_fresh_head,4.379697799682617,4.300597190856934,0.0791006088256836,4.383092403411865,0.13042529752551482,0.049564552629716645,8,8
9,A1,default,A,fresh_lora_inherit_head,3.9239237308502197,3.857166290283203,0.0667574405670166,3.9353771209716797,0.07556096765704928,0.05420124836598195,8,8
9,A1,default,A,fresh_lora_fresh_head,4.38564395904541,4.3111724853515625,0.07447147369384766,4.387630462646484,0.131059831900919,0.05415078808048345,8,8
9,A1,default,A,reuse_lora_inherit_head_reset_optimizer,3.8988430500030518,3.8049535751342773,0.09388947486877441,3.913773536682129,0.12595176496485516,0.0766057943385693,8,8
9,A1,default,A,reuse_lora_common_frozen_head,3.8988430500030518,3.892484426498413,0.006358623504638672,3.913773536682129,0.0,0.04868650940544914,8,8
9,A1,default,A,fresh_lora_common_frozen_head,3.9239237308502197,3.9195098876953125,0.0044138431549072266,3.9353771209716797,0.0,0.054265728013398,8,8
9,A1,default,B,reuse_lora_inherit_head,3.910428524017334,3.842954635620117,0.0674738883972168,3.929018020629883,0.07558040402751257,0.0541563495469396,8,8
9,A1,default,B,reuse_lora_fresh_head,4.373802185058594,4.305588245391846,0.06821393966674805,4.391895294189453,0.13222643409861812,0.05129307709300236,8,8
9,A1,default,B,fresh_lora_inherit_head,3.933310031890869,3.871631622314453,0.061678409576416016,3.9540138244628906,0.07553667639629537,0.054214191820225105,8,8
9,A1,default,B,fresh_lora_fresh_head,4.379317283630371,4.314183235168457,0.06513404846191406,4.398587226867676,0.1315843074780435,0.05416635079225291,8,8
9,A1,default,B,reuse_lora_inherit_head_reset_optimizer,3.910428524017334,3.831386089324951,0.07904243469238281,3.929018020629883,0.12686777960880818,0.0766198878615151,8,8
9,A1,default,B,reuse_lora_common_frozen_head,3.910428524017334,3.9049570560455322,0.005471467971801758,3.929018020629883,0.0,0.04757096930746367,8,8
9,A1,default,B,fresh_lora_common_frozen_head,3.933310031890869,3.9295313358306885,0.003778696060180664,3.9540138244628906,0.0,0.05427158887711305,8,8
10,A1,default,A,reuse_lora_inherit_head,3.888169527053833,3.816467761993408,0.0717017650604248,3.940253734588623,0.07437719002876296,0.05632309155574245,8,8
10,A1,default,A,reuse_lora_fresh_head,4.400046348571777,4.347234725952148,0.052811622619628906,4.373330593109131,0.13082594699841862,0.0531856877791911,8,8
10,A1,default,A,fresh_lora_inherit_head,3.9205493927001953,3.8572380542755127,0.06331133842468262,3.966872453689575,0.0742212547543942,0.054210141685613736,8,8
10,A1,default,A,fresh_lora_fresh_head,4.40778923034668,4.359138488769531,0.04865074157714844,4.379877090454102,0.13145964040437738,0.05415549118028644,8,8
10,A1,default,A,reuse_lora_inherit_head_reset_optimizer,3.888169527053833,3.8215537071228027,0.06661581993103027,3.940253734588623,0.12525115580190915,0.0766041405427619,8,8
10,A1,default,A,reuse_lora_common_frozen_head,3.888169527053833,3.8805975914001465,0.0075719356536865234,3.940253734588623,0.0,0.05065826514291815,8,8
10,A1,default,A,fresh_lora_common_frozen_head,3.9205493927001953,3.91628360748291,0.004265785217285156,3.966872453689575,0.0,0.054272214423983445,8,8
10,A1,default,B,reuse_lora_inherit_head,3.9431216716766357,3.8802547454833984,0.0628669261932373,3.907139778137207,0.07554562830507702,0.05648812315123861,8,8
10,A1,default,B,reuse_lora_fresh_head,4.388023376464844,4.3268890380859375,0.06113433837890625,4.397238254547119,0.13082346745882426,0.052827597808773316,8,8
10,A1,default,B,fresh_lora_inherit_head,3.9697489738464355,3.9135913848876953,0.056157588958740234,3.937312126159668,0.07537775505872162,0.054214395278594125,8,8
10,A1,default,B,fresh_lora_fresh_head,4.394071578979492,4.3364410400390625,0.05763053894042969,4.404308795928955,0.1308241833686273,0.0541707679277457,8,8
10,A1,default,B,reuse_lora_inherit_head_reset_optimizer,3.9431216716766357,3.871990919113159,0.07113075256347656,3.907139778137207,0.12580096069530697,0.0766469149976173,8,8
10,A1,default,B,reuse_lora_common_frozen_head,3.9431216716766357,3.937091827392578,0.006029844284057617,3.907139778137207,0.0,0.049804919636176045,8,8
10,A1,default,B,fresh_lora_common_frozen_head,3.9697489738464355,3.9661612510681152,0.0035877227783203125,3.937312126159668,0.0,0.054270610725077294,8,8
11,A1,default,A,reuse_lora_inherit_head,3.846583127975464,3.7808642387390137,0.0657188892364502,3.7949156761169434,0.07407427635869354,0.05817832769062789,8,8
11,A1,default,A,reuse_lora_fresh_head,4.3547515869140625,4.292514801025391,0.062236785888671875,4.331959247589111,0.12991207287626366,0.050592443662130254,8,8
11,A1,default,A,fresh_lora_inherit_head,3.881169557571411,3.8239471912384033,0.05722236633300781,3.8272147178649902,0.07392925082811787,0.05422034166977757,8,8
11,A1,default,A,fresh_lora_fresh_head,4.363959789276123,4.307868003845215,0.0560917854309082,4.332646369934082,0.12965160914688487,0.0541732617006926,8,8
11,A1,default,A,reuse_lora_inherit_head_reset_optimizer,3.846583127975464,3.7704553604125977,0.07612776756286621,3.7949156761169434,0.12282030488834889,0.0766405433384033,8,8
11,A1,default,A,reuse_lora_common_frozen_head,3.846583127975464,3.839442014694214,0.00714111328125,3.7949156761169434,0.0,0.052967204092736975,8,8
11,A1,default,A,fresh_lora_common_frozen_head,3.881169557571411,3.8774189949035645,0.0037505626678466797,3.8272147178649902,0.0,0.0542756873784086,8,8
11,A1,default,B,reuse_lora_inherit_head,3.7794461250305176,3.708012819290161,0.07143330574035645,3.840769052505493,0.07224464184864551,0.058159900425040954,8,8
11,A1,default,B,reuse_lora_fresh_head,4.330415725708008,4.276362419128418,0.054053306579589844,4.362329959869385,0.12593652102277234,0.054442932184429346,8,8
11,A1,default,B,fresh_lora_inherit_head,3.8151357173919678,3.7534255981445312,0.06171011924743652,3.875749349594116,0.0720699278003463,0.05418297848969034,8,8
11,A1,default,B,fresh_lora_fresh_head,4.33176326751709,4.282067775726318,0.049695491790771484,4.3731584548950195,0.12459488880654053,0.05413573552293225,8,8
11,A1,default,B,reuse_lora_inherit_head_reset_optimizer,3.7794461250305176,3.709990978240967,0.06945514678955078,3.840769052505493,0.12030730510077421,0.07660961354724574,8,8
11,A1,default,B,reuse_lora_common_frozen_head,3.7794461250305176,3.7719178199768066,0.0075283050537109375,3.840769052505493,0.0,0.05244757123058122,8,8
11,A1,default,B,fresh_lora_common_frozen_head,3.8151357173919678,3.8111956119537354,0.003940105438232422,3.875749349594116,0.0,0.054269082059082596,8,8
12,A1,default,A,reuse_lora_inherit_head,3.763385772705078,3.6958653926849365,0.0675203800201416,3.7665836811065674,0.07120535031151658,0.05970779435254978,8,8
12,A1,default,A,reuse_lora_fresh_head,4.362546920776367,4.352550506591797,0.009996414184570312,4.332828521728516,0.1319714124647371,0.05386107428379688,8,8
12,A1,default,A,fresh_lora_inherit_head,3.8153743743896484,3.758504867553711,0.0568695068359375,3.822258949279785,0.07094229736294272,0.05419862982375492,8,8
12,A1,default,A,fresh_lora_fresh_head,4.365758895874023,4.355303764343262,0.010455131530761719,4.341062545776367,0.13118957212043672,0.054133934101347765,8,8
12,A1,default,A,reuse_lora_inherit_head_reset_optimizer,3.763385772705078,3.744673728942871,0.01871204376220703,3.7665836811065674,0.12376047053375767,0.07666951996645466,8,8
12,A1,default,A,reuse_lora_common_frozen_head,3.763385772705078,3.754671573638916,0.00871419906616211,3.7665836811065674,0.0,0.051255147979858445,8,8
12,A1,default,A,fresh_lora_common_frozen_head,3.8153743743896484,3.810791254043579,0.004583120346069336,3.822258949279785,0.0,0.05427209912870277,8,8
12,A1,default,B,reuse_lora_inherit_head,3.7359023094177246,3.6772117614746094,0.058690547943115234,3.763700485229492,0.07274976322794476,0.05985896038447757,8,8
12,A1,default,B,reuse_lora_fresh_head,4.329751014709473,4.321101188659668,0.008649826049804688,4.350571632385254,0.1314437677835946,0.053239782037686555,8,8
12,A1,default,B,fresh_lora_inherit_head,3.794389486312866,3.7483928203582764,0.045996665954589844,3.8145523071289062,0.07245715048191333,0.054212255438113324,8,8
12,A1,default,B,fresh_lora_fresh_head,4.340400695800781,4.336015701293945,0.0043849945068359375,4.35534143447876,0.1308242568864091,0.05415243926383806,8,8
12,A1,default,B,reuse_lora_inherit_head_reset_optimizer,3.7359023094177246,3.7152929306030273,0.020609378814697266,3.763700485229492,0.12337813141370185,0.0766643668038914,8,8
12,A1,default,B,reuse_lora_common_frozen_head,3.7359023094177246,3.724353790283203,0.011548519134521484,3.763700485229492,0.0,0.052425868052881575,8,8
12,A1,default,B,fresh_lora_common_frozen_head,3.794389486312866,3.789792776107788,0.004596710205078125,3.8145523071289062,0.0,0.054273795553388744,8,8
13,A1,default,A,reuse_lora_inherit_head,3.723083972930908,3.6512136459350586,0.07187032699584961,3.6910619735717773,0.07105894601037847,0.060808083137596634,8,8
13,A1,default,A,reuse_lora_fresh_head,4.3146796226501465,4.257903099060059,0.05677652359008789,4.309444427490234,0.13210394558707442,0.054620214389723164,8,8
13,A1,default,A,fresh_lora_inherit_head,3.781033992767334,3.722186803817749,0.05884718894958496,3.755166530609131,0.0707832893892205,0.05420714895214901,8,8
13,A1,default,A,fresh_lora_fresh_head,4.320021152496338,4.269947052001953,0.050074100494384766,4.315237998962402,0.13119105135868317,0.054126850276037794,8,8
13,A1,default,A,reuse_lora_inherit_head_reset_optimizer,3.723083972930908,3.6499478816986084,0.0731360912322998,3.6910619735717773,0.12391315077098311,0.07664880717909588,8,8
13,A1,default,A,reuse_lora_common_frozen_head,3.723083972930908,3.713200569152832,0.009883403778076172,3.6910619735717773,0.0,0.05508022406068705,8,8
13,A1,default,A,fresh_lora_common_frozen_head,3.781033992767334,3.776402473449707,0.004631519317626953,3.755166530609131,0.0,0.05427808960086597,8,8
13,A1,default,B,reuse_lora_inherit_head,3.719167709350586,3.6472344398498535,0.07193326950073242,3.7306718826293945,0.07188837726742812,0.06130604111674384,8,8
13,A1,default,B,reuse_lora_fresh_head,4.329825401306152,4.259163856506348,0.07066154479980469,4.298680305480957,0.12935929148627143,0.05465072727033221,8,8
13,A1,default,B,fresh_lora_inherit_head,3.78128719329834,3.7206828594207764,0.06060433387756348,3.7913596630096436,0.07165484430752328,0.05421544342603482,8,8
13,A1,default,B,fresh_lora_fresh_head,4.335529327392578,4.27156400680542,0.0639653205871582,4.305374622344971,0.12791541134746698,0.054161242396358424,8,8
13,A1,default,B,reuse_lora_inherit_head_reset_optimizer,3.719167709350586,3.6292271614074707,0.08994054794311523,3.7306718826293945,0.12100674912960617,0.07668534636825909,8,8
13,A1,default,B,reuse_lora_common_frozen_head,3.719167709350586,3.7092652320861816,0.009902477264404297,3.7306718826293945,0.0,0.05515184762945132,8,8
13,A1,default,B,fresh_lora_common_frozen_head,3.78128719329834,3.7759130001068115,0.00537419319152832,3.7913596630096436,0.0,0.054274271733243284,8,8
14,A1,default,A,reuse_lora_inherit_head,3.5748257637023926,3.4939632415771484,0.08086252212524414,3.635244846343994,0.07023199952806547,0.06203720218473503,8,8
14,A1,default,A,reuse_lora_fresh_head,4.432869911193848,4.414895057678223,0.017974853515625,4.3270368576049805,0.131977822944468,0.054078670352741796,8,8
14,A1,default,A,fresh_lora_inherit_head,3.6850764751434326,3.622912883758545,0.062163591384887695,3.716817855834961,0.06977252495020016,0.05421668668246205,8,8
14,A1,default,A,fresh_lora_fresh_head,4.442174911499023,4.430638313293457,0.011536598205566406,4.328977108001709,0.13027758424878694,0.0541595674340003,8,8
14,A1,default,A,reuse_lora_inherit_head_reset_optimizer,3.5748257637023926,3.542001247406006,0.03282451629638672,3.635244846343994,0.12074621826081347,0.0766650127357757,8,8
14,A1,default,A,reuse_lora_common_frozen_head,3.5748257637023926,3.557919979095459,0.016905784606933594,3.635244846343994,0.0,0.05563330002896663,8,8
14,A1,default,A,fresh_lora_common_frozen_head,3.6850764751434326,3.6782126426696777,0.006863832473754883,3.716817855834961,0.0,0.05427889442885389,8,8
14,A1,default,B,reuse_lora_inherit_head,3.60992431640625,3.5364251136779785,0.07349920272827148,3.602400541305542,0.07014127217280318,0.0629364054065343,8,8
14,A1,default,B,reuse_lora_fresh_head,4.334271430969238,4.311400413513184,0.022871017456054688,4.4408769607543945,0.12764129599817095,0.05663479879592785,8,8
14,A1,default,B,fresh_lora_inherit_head,3.698823928833008,3.6397042274475098,0.05911970138549805,3.706601619720459,0.06991189684745346,0.05422577296920903,8,8
14,A1,default,B,fresh_lora_fresh_head,4.3449811935424805,4.328333854675293,0.0166473388671875,4.447577476501465,0.12698603732094477,0.054144960098518345,8,8
14,A1,default,B,reuse_lora_inherit_head_reset_optimizer,3.60992431640625,3.5773568153381348,0.032567501068115234,3.602400541305542,0.11848084067864799,0.07669467684085385,8,8
14,A1,default,B,reuse_lora_common_frozen_head,3.60992431640625,3.59844970703125,0.011474609375,3.602400541305542,0.0,0.053031439676787494,8,8
14,A1,default,B,fresh_lora_common_frozen_head,3.698823928833008,3.692758560180664,0.00606536865234375,3.706601619720459,0.0,0.05428332613095799,8,8
15,A1,default,A,reuse_lora_inherit_head,3.49420166015625,3.411318063735962,0.08288359642028809,3.5214242935180664,0.07222528565187587,0.06463444979063662,8,8
15,A1,default,A,reuse_lora_fresh_head,4.3131327629089355,4.299232482910156,0.013900279998779297,4.357574939727783,0.13300426041958743,0.058384906906628,8,8
15,A1,default,A,fresh_lora_inherit_head,3.612422466278076,3.549323797225952,0.06309866905212402,3.6331591606140137,0.07168048287830925,0.05422904428766363,8,8
15,A1,default,A,fresh_lora_fresh_head,4.322835445404053,4.31008243560791,0.012753009796142578,4.368045806884766,0.13439002653093174,0.054168835097512906,8,8
15,A1,default,A,reuse_lora_inherit_head_reset_optimizer,3.49420166015625,3.452587842941284,0.04161381721496582,3.5214242935180664,0.12540225422785642,0.07671622732152283,8,8
15,A1,default,A,reuse_lora_common_frozen_head,3.49420166015625,3.4786183834075928,0.015583276748657227,3.5214242935180664,0.0,0.05538256835526765,8,8
15,A1,default,A,fresh_lora_common_frozen_head,3.612422466278076,3.6056408882141113,0.006781578063964844,3.6331591606140137,0.0,0.05428045230815095,8,8
15,A1,default,B,reuse_lora_inherit_head,3.4902963638305664,3.401984214782715,0.08831214904785156,3.5210509300231934,0.07108113243481579,0.06414430075495446,8,8
15,A1,default,B,reuse_lora_fresh_head,4.374444961547852,4.354538917541504,0.019906044006347656,4.325769424438477,0.128873821236745,0.05613634125076139,8,8
15,A1,default,B,fresh_lora_inherit_head,3.6217041015625,3.5550928115844727,0.06661128997802734,3.6307129859924316,0.07049582471061289,0.05423155912798769,8,8
15,A1,default,B,fresh_lora_fresh_head,4.390104293823242,4.372702121734619,0.017402172088623047,4.322554111480713,0.12675766607207786,0.05416889486987733,8,8
15,A1,default,B,reuse_lora_inherit_head_reset_optimizer,3.4902963638305664,3.447418212890625,0.042878150939941406,3.5210509300231934,0.12032381698456303,0.07670418745111728,8,8
15,A1,default,B,reuse_lora_common_frozen_head,3.4902963638305664,3.4733617305755615,0.016934633255004883,3.5210509300231934,0.0,0.05659838963896419,8,8
15,A1,default,B,fresh_lora_common_frozen_head,3.6217041015625,3.6146013736724854,0.0071027278900146484,3.6307129859924316,0.0,0.05428173107085595,8,8
16,A1,default,A,reuse_lora_inherit_head,3.4024322032928467,3.3200223445892334,0.08240985870361328,3.4822781085968018,0.07229043972472778,0.06582234000389295,7,6
16,A1,default,A,reuse_lora_fresh_head,4.304388523101807,4.286865234375,0.01752328872680664,4.332739353179932,0.13172752004862645,0.05989036979070511,7,6
16,A1,default,A,fresh_lora_inherit_head,3.526042938232422,3.4643523693084717,0.061690568923950195,3.6253459453582764,0.07177864514112527,0.0542358907287361,7,6
16,A1,default,A,fresh_lora_fresh_head,4.311233043670654,4.295568943023682,0.015664100646972656,4.351559638977051,0.12991552920504956,0.05417620554008575,7,6
16,A1,default,A,reuse_lora_inherit_head_reset_optimizer,3.4024322032928467,3.3581597805023193,0.044272422790527344,3.4822781085968018,0.1221335909771669,0.07672282048774173,7,6
16,A1,default,A,reuse_lora_common_frozen_head,3.4024322032928467,3.387028932571411,0.015403270721435547,3.4822781085968018,0.0,0.05639108725160159,7,6
16,A1,default,A,fresh_lora_common_frozen_head,3.526042938232422,3.520256280899048,0.0057866573333740234,3.6253459453582764,0.0,0.05428347330304931,7,6
16,A1,default,B,reuse_lora_inherit_head,3.4262797832489014,3.338298797607422,0.08798098564147949,3.449082612991333,0.07152778419098942,0.06515066251705674,6,7
16,A1,default,B,reuse_lora_fresh_head,4.3148193359375,4.296143054962158,0.018676280975341797,4.309436321258545,0.12582175169284457,0.05895699969697969,6,7
16,A1,default,B,fresh_lora_inherit_head,3.5817973613739014,3.5204803943634033,0.06131696701049805,3.566584587097168,0.07095848396411003,0.05422704322650893,6,7
16,A1,default,B,fresh_lora_fresh_head,4.3306756019592285,4.317500591278076,0.013175010681152344,4.303415775299072,0.12500277970322476,0.05417074522847188,6,7
16,A1,default,B,reuse_lora_inherit_head_reset_optimizer,3.4262797832489014,3.381930112838745,0.04434967041015625,3.449082612991333,0.11919239007373016,0.07670570619745873,6,7
16,A1,default,B,reuse_lora_common_frozen_head,3.4262797832489014,3.405656576156616,0.020623207092285156,3.449082612991333,0.0,0.05779358853648053,6,7
16,A1,default,B,fresh_lora_common_frozen_head,3.5817973613739014,3.5754201412200928,0.006377220153808594,3.566584587097168,0.0,0.054282587851822876,6,7
17,B1,default,A,reuse_lora_inherit_head,4.767435550689697,4.805032730102539,-0.0375971794128418,4.723278045654297,0.06614745858145665,0.053970296537250995,8,8
17,B1,default,A,reuse_lora_fresh_head,4.358841896057129,4.318698406219482,0.040143489837646484,4.3632612228393555,0.1303036410369086,0.05872397783727606,8,8
17,B1,default,A,fresh_lora_inherit_head,4.669878005981445,4.683979034423828,-0.014101028442382812,4.631859302520752,0.06658432149617613,0.054159767873353616,8,8
17,B1,default,A,fresh_lora_fresh_head,4.358351707458496,4.326761245727539,0.03159046173095703,4.347944259643555,0.12845981534263848,0.05411630447810011,8,8
17,B1,default,A,reuse_lora_inherit_head_reset_optimizer,4.767435550689697,4.696356773376465,0.07107877731323242,4.723278045654297,0.12086974177454261,0.07664315688586888,8,8
17,B1,default,A,reuse_lora_common_frozen_head,4.767435550689697,4.77009916305542,-0.0026636123657226562,4.723278045654297,0.0,0.03531729115621001,8,8
17,B1,default,A,fresh_lora_common_frozen_head,4.669878005981445,4.666448593139648,0.003429412841796875,4.631859302520752,0.0,0.054271336833044304,8,8
17,B1,default,B,reuse_lora_inherit_head,4.716867446899414,4.739189147949219,-0.022321701049804688,4.782907009124756,0.06544592051688117,0.05411533104015916,8,8
17,B1,default,B,reuse_lora_fresh_head,4.372361183166504,4.309305191040039,0.06305599212646484,4.357783317565918,0.12676250491103355,0.06052919062742239,8,8
17,B1,default,B,fresh_lora_inherit_head,4.624781608581543,4.625735282897949,-0.00095367431640625,4.688846588134766,0.0658387107381541,0.05417262668393077,8,8
17,B1,default,B,fresh_lora_fresh_head,4.356828689575195,4.307528018951416,0.0493006706237793,4.367206573486328,0.12432986765167228,0.05414153036338819,8,8
17,B1,default,B,reuse_lora_inherit_head_reset_optimizer,4.716867446899414,4.621118545532227,0.0957489013671875,4.782907009124756,0.11847924488084141,0.0766426162410619,8,8
17,B1,default,B,reuse_lora_common_frozen_head,4.716867446899414,4.7209320068359375,-0.0040645599365234375,4.782907009124756,0.0,0.03713400109532758,8,8
17,B1,default,B,fresh_lora_common_frozen_head,4.624781608581543,4.62160062789917,0.003180980682373047,4.688846588134766,0.0,0.054269773865550784,8,8
18,B1,default,A,reuse_lora_inherit_head,4.656314849853516,4.664549827575684,-0.008234977722167969,4.734202861785889,0.060544407373939235,0.03845440771830115,8,8
18,B1,default,A,reuse_lora_fresh_head,4.344181060791016,4.296238422393799,0.0479426383972168,4.389628887176514,0.13427693838192428,0.04788086456861512,8,8
18,B1,default,A,fresh_lora_inherit_head,4.570428848266602,4.56540060043335,0.005028247833251953,4.625802040100098,0.06068242621655302,0.054200553537004016,8,8
18,B1,default,A,fresh_lora_fresh_head,4.348309516906738,4.312531471252441,0.035778045654296875,4.382943153381348,0.13388734310094869,0.054158707766456905,8,8
18,B1,default,A,reuse_lora_inherit_head_reset_optimizer,4.656314849853516,4.58401346206665,0.07230138778686523,4.734202861785889,0.12296939017452233,0.07670827379783862,8,8
18,B1,default,A,reuse_lora_common_frozen_head,4.656314849853516,4.656229019165039,8.58306884765625e-05,4.734202861785889,0.0,0.027520756848134535,8,8
18,B1,default,A,fresh_lora_common_frozen_head,4.570428848266602,4.567597389221191,0.0028314590454101562,4.625802040100098,0.0,0.05427220262633806,8,8
18,B1,default,B,reuse_lora_inherit_head,4.772923469543457,4.794657230377197,-0.021733760833740234,4.688826560974121,0.060281548549123716,0.04190989820488194,8,8
18,B1,default,B,reuse_lora_fresh_head,4.399473190307617,4.3545355796813965,0.0449376106262207,4.377523899078369,0.12965259267423143,0.04905002998230095,8,8
18,B1,default,B,fresh_lora_inherit_head,4.645537376403809,4.644094467163086,0.0014429092407226562,4.610300064086914,0.06066592602262921,0.05416634474757561,8,8
18,B1,default,B,fresh_lora_fresh_head,4.387240886688232,4.353245258331299,0.033995628356933594,4.386468410491943,0.12525812196198519,0.054155668794780974,8,8
18,B1,default,B,reuse_lora_inherit_head_reset_optimizer,4.772923469543457,4.688920974731445,0.08400249481201172,4.688826560974121,0.11873053745751637,0.07666247775881563,8,8
18,B1,default,B,reuse_lora_common_frozen_head,4.772923469543457,4.776812553405762,-0.0038890838623046875,4.688826560974121,0.0,0.030661379625503492,8,8
18,B1,default,B,fresh_lora_common_frozen_head,4.645537376403809,4.642117500305176,0.0034198760986328125,4.610300064086914,0.0,0.05426178403618481,8,8
22,B1,adapter_1,A,reuse_lora_inherit_head,4.153099536895752,4.107775688171387,0.045323848724365234,4.155760765075684,0.08592947037413837,0.04944678475188159,8,8
22,B1,adapter_1,A,reuse_lora_fresh_head,4.348155975341797,4.335448265075684,0.012707710266113281,4.360189437866211,0.12871617578526068,0.04769447971924697,8,8
22,B1,adapter_1,A,fresh_lora_inherit_head,4.15793514251709,4.113777160644531,0.044157981872558594,4.159999847412109,0.08577601143478415,0.0541576550233582,8,8
22,B1,adapter_1,A,fresh_lora_fresh_head,4.351049423217773,4.3384928703308105,0.01255655288696289,4.362484931945801,0.12792765203921896,0.054137728799497555,8,8
22,B1,adapter_1,A,reuse_lora_inherit_head_reset_optimizer,4.153099536895752,4.140163898468018,0.012935638427734375,4.155760765075684,0.12755331628771815,0.07606615804192716,8,8
22,B1,adapter_1,A,reuse_lora_common_frozen_head,4.153099536895752,4.151453018188477,0.0016465187072753906,4.155760765075684,0.0,0.0468529948226047,8,8
22,B1,adapter_1,A,fresh_lora_common_frozen_head,4.15793514251709,4.156846046447754,0.0010890960693359375,4.159999847412109,0.0,0.0542521201159445,8,8
22,B1,adapter_1,B,reuse_lora_inherit_head,4.115924835205078,4.060799598693848,0.05512523651123047,4.107460021972656,0.0845543716211528,0.04922045288499948,8,8
22,B1,adapter_1,B,reuse_lora_fresh_head,4.337172985076904,4.32309103012085,0.014081954956054688,4.307747840881348,0.13197140018562126,0.04802610636557077,8,8
22,B1,adapter_1,B,fresh_lora_inherit_head,4.121208190917969,4.067864418029785,0.053343772888183594,4.1111369132995605,0.08444424238589891,0.05413765622497638,8,8
22,B1,adapter_1,B,fresh_lora_fresh_head,4.340024948120117,4.325708389282227,0.014316558837890625,4.3104939460754395,0.13158416139368942,0.054128021227849196,8,8
22,B1,adapter_1,B,reuse_lora_inherit_head_reset_optimizer,4.115924835205078,4.103256702423096,0.012668132781982422,4.107460021972656,0.12965315080505302,0.07596362753192444,8,8
22,B1,adapter_1,B,reuse_lora_common_frozen_head,4.115924835205078,4.114087104797363,0.0018377304077148438,4.107460021972656,0.0,0.04683816040819239,8,8
22,B1,adapter_1,B,fresh_lora_common_frozen_head,4.121208190917969,4.120159149169922,0.001049041748046875,4.1111369132995605,0.0,0.054247295291806434,8,8
23,B1,adapter_1,A,reuse_lora_inherit_head,4.0552077293396,3.9888997077941895,0.06630802154541016,4.095860004425049,0.08365497149361723,0.05106422716521813,8,8
23,B1,adapter_1,A,reuse_lora_fresh_head,4.368076801300049,4.312084674835205,0.05599212646484375,4.364980697631836,0.12362448801274398,0.047760543043309844,8,8
23,B1,adapter_1,A,fresh_lora_inherit_head,4.065818786621094,4.001678943634033,0.06413984298706055,4.1041388511657715,0.08346897179821251,0.054186301666718714,8,8
23,B1,adapter_1,A,fresh_lora_fresh_head,4.373249530792236,4.319948196411133,0.053301334381103516,4.368654727935791,0.1226577326148318,0.05413210653948384,8,8
23,B1,adapter_1,A,reuse_lora_inherit_head_reset_optimizer,4.0552077293396,3.99246883392334,0.06273889541625977,4.095860004425049,0.12310205403238174,0.07638484727473312,8,8
23,B1,adapter_1,A,reuse_lora_common_frozen_head,4.0552077293396,4.051811218261719,0.0033965110778808594,4.095860004425049,0.0,0.04770449353529027,8,8
23,B1,adapter_1,A,fresh_lora_common_frozen_head,4.065818786621094,4.0631208419799805,0.0026979446411132812,4.1041388511657715,0.0,0.05425801972915706,8,8
23,B1,adapter_1,B,reuse_lora_inherit_head,4.062700271606445,3.9962892532348633,0.06641101837158203,4.078556537628174,0.08434316162879602,0.05045725092079971,8,8
23,B1,adapter_1,B,reuse_lora_fresh_head,4.354242324829102,4.303060531616211,0.051181793212890625,4.367189407348633,0.131709320007241,0.04686569632834421,8,8
23,B1,adapter_1,B,fresh_lora_inherit_head,4.071957588195801,4.008428573608398,0.06352901458740234,4.086359024047852,0.08426919610909708,0.054196073846384016,8,8
23,B1,adapter_1,B,fresh_lora_fresh_head,4.358448505401611,4.308709144592285,0.04973936080932617,4.370699882507324,0.13158232108516782,0.0541618770046696,8,8
23,B1,adapter_1,B,reuse_lora_inherit_head_reset_optimizer,4.062700271606445,4.001410484313965,0.06128978729248047,4.078556537628174,0.1299190460301123,0.07634986449406603,8,8
23,B1,adapter_1,B,reuse_lora_common_frozen_head,4.062700271606445,4.059365272521973,0.0033349990844726562,4.078556537628174,0.0,0.047615286440361,8,8
23,B1,adapter_1,B,fresh_lora_common_frozen_head,4.071957588195801,4.069761753082275,0.0021958351135253906,4.086359024047852,0.0,0.05426157780094738,8,8
24,B1,adapter_1,A,reuse_lora_inherit_head,4.029576778411865,3.9652862548828125,0.06429052352905273,4.092106342315674,0.08200155114703313,0.052579047715091004,8,8
24,B1,adapter_1,A,reuse_lora_fresh_head,4.386664390563965,4.3489990234375,0.037665367126464844,4.427900791168213,0.12686361423341794,0.04852296878706339,8,8
24,B1,adapter_1,A,fresh_lora_inherit_head,4.040632247924805,3.979177236557007,0.06145501136779785,4.106258392333984,0.0815757411372732,0.05418042257971075,8,8
24,B1,adapter_1,A,fresh_lora_fresh_head,4.391057968139648,4.355103492736816,0.03595447540283203,4.4327263832092285,0.12618840774113527,0.05412623151340894,8,8
24,B1,adapter_1,A,reuse_lora_inherit_head_reset_optimizer,4.029576778411865,3.9839468002319336,0.04562997817993164,4.092106342315674,0.12473518019220374,0.07648139118914062,8,8
24,B1,adapter_1,A,reuse_lora_common_frozen_head,4.029576778411865,4.026511192321777,0.0030655860900878906,4.092106342315674,0.0,0.04790333602161001,8,8
24,B1,adapter_1,A,fresh_lora_common_frozen_head,4.040632247924805,4.038500785827637,0.0021314620971679688,4.106258392333984,0.0,0.05426295328301509,8,8
24,B1,adapter_1,B,reuse_lora_inherit_head,4.088596343994141,4.018932342529297,0.06966400146484375,4.046331405639648,0.08266496732314844,0.051082747892729694,8,8
24,B1,adapter_1,B,reuse_lora_fresh_head,4.446626663208008,4.40065336227417,0.04597330093383789,4.373392105102539,0.13030960222482332,0.04698382390659832,8,8
24,B1,adapter_1,B,fresh_lora_inherit_head,4.10408353805542,4.03851318359375,0.06557035446166992,4.055202484130859,0.08259431828409103,0.05418851946953773,8,8
24,B1,adapter_1,B,fresh_lora_fresh_head,4.451668739318848,4.409722328186035,0.0419464111328125,4.376833915710449,0.1305663666916323,0.054157782922239106,8,8
24,B1,adapter_1,B,reuse_lora_inherit_head_reset_optimizer,4.088596343994141,4.035801887512207,0.052794456481933594,4.046331405639648,0.1274150548185275,0.0763502190955521,8,8
24,B1,adapter_1,B,reuse_lora_common_frozen_head,4.088596343994141,4.083759307861328,0.0048370361328125,4.046331405639648,0.0,0.049500752523442194,8,8
24,B1,adapter_1,B,fresh_lora_common_frozen_head,4.10408353805542,4.101484298706055,0.0025992393493652344,4.055202484130859,0.0,0.054257960457273595,8,8
25,B1,adapter_1,A,reuse_lora_inherit_head,3.879272699356079,3.809396266937256,0.06987643241882324,3.9470953941345215,0.08069980308330982,0.05373579826238637,8,8
25,B1,adapter_1,A,reuse_lora_fresh_head,4.348299026489258,4.308485984802246,0.03981304168701172,4.364053249359131,0.13525422137876444,0.04867588595411805,8,8
25,B1,adapter_1,A,fresh_lora_inherit_head,3.9066338539123535,3.842306613922119,0.06432723999023438,3.967600107192993,0.08045850481213526,0.05420001669845653,8,8
25,B1,adapter_1,A,fresh_lora_fresh_head,4.3545684814453125,4.3182549476623535,0.036313533782958984,4.366708755493164,0.13436832771265092,0.05413506605725574,8,8
25,B1,adapter_1,A,reuse_lora_inherit_head_reset_optimizer,3.879272699356079,3.828402042388916,0.050870656967163086,3.9470953941345215,0.13223496218965877,0.07648255647293693,8,8
25,B1,adapter_1,A,reuse_lora_common_frozen_head,3.879272699356079,3.8720672130584717,0.007205486297607422,3.9470953941345215,0.0,0.04891913783155654,8,8
25,B1,adapter_1,A,fresh_lora_common_frozen_head,3.9066338539123535,3.9025120735168457,0.0041217803955078125,3.967600107192993,0.0,0.05427193985536886,8,8
25,B1,adapter_1,B,reuse_lora_inherit_head,3.9083826541900635,3.8432250022888184,0.06515765190124512,3.9090170860290527,0.08092435096706566,0.05399047834603834,8,8
25,B1,adapter_1,B,reuse_lora_fresh_head,4.344956874847412,4.30765438079834,0.037302494049072266,4.358691215515137,0.1292501433586668,0.04962294338852755,8,8
25,B1,adapter_1,B,fresh_lora_inherit_head,3.929229259490967,3.8681883811950684,0.06104087829589844,3.9359846115112305,0.08058871858199526,0.05421355835198987,8,8
25,B1,adapter_1,B,fresh_lora_fresh_head,4.349095821380615,4.314544677734375,0.034551143646240234,4.364592552185059,0.12686534143720712,0.05414864881231483,8,8
25,B1,adapter_1,B,reuse_lora_inherit_head_reset_optimizer,3.9083826541900635,3.8597569465637207,0.04862570762634277,3.9090170860290527,0.12568344840646306,0.0765941677163704,8,8
25,B1,adapter_1,B,reuse_lora_common_frozen_head,3.9083826541900635,3.903566837310791,0.004815816879272461,3.9090170860290527,0.0,0.04727559985001452,8,8
25,B1,adapter_1,B,fresh_lora_common_frozen_head,3.929229259490967,3.925689220428467,0.0035400390625,3.9359846115112305,0.0,0.054271755381868944,8,8
26,B1,adapter_1,A,reuse_lora_inherit_head,3.8443920612335205,3.756129264831543,0.08826279640197754,3.909724712371826,0.07961309352619224,0.05517272972428922,8,8
26,B1,adapter_1,A,reuse_lora_fresh_head,4.368170738220215,4.2833099365234375,0.08486080169677734,4.353024005889893,0.13171348392224044,0.05215483628273692,8,8
26,B1,adapter_1,A,fresh_lora_inherit_head,3.881368637084961,3.8037405014038086,0.07762813568115234,3.9336965084075928,0.07929683058473226,0.0541995148968498,8,8
26,B1,adapter_1,A,fresh_lora_fresh_head,4.38037633895874,4.303920745849609,0.07645559310913086,4.361915588378906,0.1305308418554581,0.05414915377267526,8,8
26,B1,adapter_1,A,reuse_lora_inherit_head_reset_optimizer,3.8443920612335205,3.7408251762390137,0.10356688499450684,3.909724712371826,0.1291159361615266,0.0765501257942198,8,8
26,B1,adapter_1,A,reuse_lora_common_frozen_head,3.8443920612335205,3.835170030593872,0.009222030639648438,3.909724712371826,0.0,0.0508465121877343,8,8
26,B1,adapter_1,A,fresh_lora_common_frozen_head,3.881368637084961,3.876941204071045,0.004427433013916016,3.9336965084075928,0.0,0.0542694453880822,8,8
26,B1,adapter_1,B,reuse_lora_inherit_head,3.8821418285369873,3.8080453872680664,0.0740964412689209,3.8612868785858154,0.07961649493407293,0.05563815093107091,8,8
26,B1,adapter_1,B,reuse_lora_fresh_head,4.335847854614258,4.259596824645996,0.07625102996826172,4.354411602020264,0.12870939625175631,0.05261875777376796,8,8
26,B1,adapter_1,B,fresh_lora_inherit_head,3.9068264961242676,3.8389995098114014,0.06782698631286621,3.8950865268707275,0.07936483167935418,0.05420081342313828,8,8
26,B1,adapter_1,B,fresh_lora_fresh_head,4.344891548156738,4.2730302810668945,0.07186126708984375,4.366194248199463,0.1275225598471026,0.05413984820140428,8,8
26,B1,adapter_1,B,reuse_lora_inherit_head_reset_optimizer,3.8821418285369873,3.7899837493896484,0.09215807914733887,3.8612868785858154,0.126476580654781,0.07660346436820406,8,8
26,B1,adapter_1,B,reuse_lora_common_frozen_head,3.8821418285369873,3.8765242099761963,0.005617618560791016,3.8612868785858154,0.0,0.04907947962908468,8,8
26,B1,adapter_1,B,fresh_lora_common_frozen_head,3.9068264961242676,3.9032936096191406,0.003532886505126953,3.8950865268707275,0.0,0.05427408136448403,8,8
27,B1,adapter_1,A,reuse_lora_inherit_head,3.80892276763916,3.741962194442749,0.06696057319641113,3.735381603240967,0.08035117934140903,0.05728445918061538,8,8
27,B1,adapter_1,A,reuse_lora_fresh_head,4.362504959106445,4.327289581298828,0.03521537780761719,4.347077369689941,0.13122222622930696,0.05291599672540723,8,8
27,B1,adapter_1,A,fresh_lora_inherit_head,3.843463897705078,3.785193681716919,0.05827021598815918,3.7866106033325195,0.07992684063741959,0.054225657838971965,8,8
27,B1,adapter_1,A,fresh_lora_fresh_head,4.367588043212891,4.3356499671936035,0.03193807601928711,4.357499122619629,0.12991969586396793,0.05414772003844063,8,8
27,B1,adapter_1,A,reuse_lora_inherit_head_reset_optimizer,3.80892276763916,3.759255886077881,0.0496668815612793,3.735381603240967,0.1262223542878774,0.07664402827006024,8,8
27,B1,adapter_1,A,reuse_lora_common_frozen_head,3.80892276763916,3.8015222549438477,0.0074005126953125,3.735381603240967,0.0,0.05030657123665746,8,8
27,B1,adapter_1,A,fresh_lora_common_frozen_head,3.843463897705078,3.8398237228393555,0.0036401748657226562,3.7866106033325195,0.0,0.05427789039819005,8,8
27,B1,adapter_1,B,reuse_lora_inherit_head,3.739529848098755,3.659541606903076,0.07998824119567871,3.830078125,0.0786733723617373,0.05713618761410732,8,8
27,B1,adapter_1,B,reuse_lora_fresh_head,4.349699974060059,4.324496269226074,0.025203704833984375,4.37239933013916,0.13362463655954557,0.04981039322223429,8,8
27,B1,adapter_1,B,fresh_lora_inherit_head,3.7931017875671387,3.7235612869262695,0.06954050064086914,3.861307144165039,0.07853279201779964,0.05420216306279255,8,8
27,B1,adapter_1,B,fresh_lora_fresh_head,4.36317777633667,4.340137481689453,0.023040294647216797,4.374879837036133,0.13311699031838395,0.054146800654861896,8,8
27,B1,adapter_1,B,reuse_lora_inherit_head_reset_optimizer,3.739529848098755,3.702542781829834,0.0369870662689209,3.830078125,0.12874293993308047,0.07660032182109536,8,8
27,B1,adapter_1,B,reuse_lora_common_frozen_head,3.739529848098755,3.7296440601348877,0.009885787963867188,3.830078125,0.0,0.05211305865891181,8,8
27,B1,adapter_1,B,fresh_lora_common_frozen_head,3.7931017875671387,3.7881410121917725,0.004960775375366211,3.861307144165039,0.0,0.05426835216231707,8,8
28,B1,adapter_1,A,reuse_lora_inherit_head,3.674398422241211,3.589625597000122,0.08477282524108887,3.7936739921569824,0.07806952416243491,0.058595227431505775,8,8
28,B1,adapter_1,A,reuse_lora_fresh_head,4.334783554077148,4.29279899597168,0.04198455810546875,4.419739723205566,0.13030527636218425,0.051606445802804456,8,8
28,B1,adapter_1,A,fresh_lora_inherit_head,3.7344517707824707,3.6638293266296387,0.07062244415283203,3.8439762592315674,0.07760489199449999,0.05419714047188467,8,8
28,B1,adapter_1,A,fresh_lora_fresh_head,4.3425188064575195,4.307968616485596,0.03455018997192383,4.423015117645264,0.12700554905363517,0.054132302107324844,8,8
28,B1,adapter_1,A,reuse_lora_inherit_head_reset_optimizer,3.674398422241211,3.60979962348938,0.06459879875183105,3.7936739921569824,0.12474055252034168,0.07663559140412031,8,8
28,B1,adapter_1,A,reuse_lora_common_frozen_head,3.674398422241211,3.663311719894409,0.011086702346801758,3.7936739921569824,0.0,0.052652573511660604,8,8
28,B1,adapter_1,A,fresh_lora_common_frozen_head,3.7344517707824707,3.729440689086914,0.005011081695556641,3.8439762592315674,0.0,0.054270271259022125,8,8
28,B1,adapter_1,B,reuse_lora_inherit_head,3.7597291469573975,3.680389881134033,0.07933926582336426,3.695878028869629,0.0793675343575946,0.05898371631565584,8,8
28,B1,adapter_1,B,reuse_lora_fresh_head,4.401586532592773,4.354350566864014,0.047235965728759766,4.336217880249023,0.12953441977580776,0.05353335628798497,8,8
28,B1,adapter_1,B,fresh_lora_inherit_head,3.816134452819824,3.751176357269287,0.06495809555053711,3.750373601913452,0.0790548210574307,0.05422612504907654,8,8
28,B1,adapter_1,B,fresh_lora_fresh_head,4.407781600952148,4.367310523986816,0.04047107696533203,4.3433027267456055,0.12940049886841845,0.05414786018864391,8,8
28,B1,adapter_1,B,reuse_lora_inherit_head_reset_optimizer,3.7597291469573975,3.696726083755493,0.0630030632019043,3.695878028869629,0.12513038985030542,0.07666345227803445,8,8
28,B1,adapter_1,B,reuse_lora_common_frozen_head,3.7597291469573975,3.7484147548675537,0.01131439208984375,3.695878028869629,0.0,0.05279517180603997,8,8
28,B1,adapter_1,B,fresh_lora_common_frozen_head,3.816134452819824,3.8114051818847656,0.004729270935058594,3.750373601913452,0.0,0.05427619115229528,8,8
29,B1,adapter_1,A,reuse_lora_inherit_head,3.8023858070373535,3.7328238487243652,0.06956195831298828,3.7421276569366455,0.07824437116526789,0.0587363829166606,8,8
29,B1,adapter_1,A,reuse_lora_fresh_head,4.382566452026367,4.316596031188965,0.06597042083740234,4.396981239318848,0.1318538349934272,0.053741092236586664,8,8
29,B1,adapter_1,A,fresh_lora_inherit_head,3.8372750282287598,3.779184103012085,0.058090925216674805,3.7957677841186523,0.07806324830024172,0.05422140123802028,8,8
29,B1,adapter_1,A,fresh_lora_fresh_head,4.37569522857666,4.319131851196289,0.056563377380371094,4.406063556671143,0.13223382845842263,0.054167326792724166,8,8
29,B1,adapter_1,A,reuse_lora_inherit_head_reset_optimizer,3.8023858070373535,3.7190792560577393,0.08330655097961426,3.7421276569366455,0.12514752558654538,0.07661029764531481,8,8
29,B1,adapter_1,A,reuse_lora_common_frozen_head,3.8023858070373535,3.7953953742980957,0.0069904327392578125,3.7421276569366455,0.0,0.05637245051863728,8,8
29,B1,adapter_1,A,fresh_lora_common_frozen_head,3.8372750282287598,3.834637403488159,0.002637624740600586,3.7957677841186523,0.0,0.05427674157652083,8,8
29,B1,adapter_1,B,reuse_lora_inherit_head,3.714756488800049,3.6385951042175293,0.07616138458251953,3.7994186878204346,0.07704632790054596,0.05850258909411641,8,8
29,B1,adapter_1,B,reuse_lora_fresh_head,4.397713661193848,4.337939262390137,0.05977439880371094,4.358153343200684,0.13014964240034527,0.053524719382121534,8,8
29,B1,adapter_1,B,fresh_lora_inherit_head,3.771967887878418,3.7065589427948,0.06540894508361816,3.83677339553833,0.07682063375821159,0.054177230785144394,8,8
29,B1,adapter_1,B,fresh_lora_fresh_head,4.4014573097229,4.349522590637207,0.05193471908569336,4.359583854675293,0.1289896139708798,0.05410702754341079,8,8
29,B1,adapter_1,B,reuse_lora_inherit_head_reset_optimizer,3.714756488800049,3.6394784450531006,0.07527804374694824,3.7994186878204346,0.124323208788039,0.07656090075418542,8,8
29,B1,adapter_1,B,reuse_lora_common_frozen_head,3.714756488800049,3.705655813217163,0.009100675582885742,3.7994186878204346,0.0,0.057223775322496596,8,8
29,B1,adapter_1,B,fresh_lora_common_frozen_head,3.771967887878418,3.7677133083343506,0.004254579544067383,3.83677339553833,0.0,0.0542652050936788,8,8
30,B1,adapter_1,A,reuse_lora_inherit_head,3.4916324615478516,3.4047470092773438,0.08688545227050781,3.574927806854248,0.07754408361991665,0.06071173720971115,8,8
30,B1,adapter_1,A,reuse_lora_fresh_head,4.306182861328125,4.263978958129883,0.04220390319824219,4.348394870758057,0.13236081905056113,0.055118427861235754,8,8
30,B1,adapter_1,A,fresh_lora_inherit_head,3.6030325889587402,3.5355820655822754,0.06745052337646484,3.658822536468506,0.076986195709466,0.05423140818798751,8,8
30,B1,adapter_1,A,fresh_lora_fresh_head,4.3197784423828125,4.285862922668457,0.03391551971435547,4.3566575050354,0.13183420702317472,0.05415936295902468,8,8
30,B1,adapter_1,A,reuse_lora_inherit_head_reset_optimizer,3.4916324615478516,3.4171648025512695,0.07446765899658203,3.574927806854248,0.12447279080425924,0.0767035639510795,8,8
30,B1,adapter_1,A,reuse_lora_common_frozen_head,3.4916324615478516,3.4764044284820557,0.015228033065795898,3.574927806854248,0.0,0.053057887871486686,8,8
30,B1,adapter_1,A,fresh_lora_common_frozen_head,3.6030325889587402,3.5966696739196777,0.0063629150390625,3.658822536468506,0.0,0.05427685659383464,8,8
30,B1,adapter_1,B,reuse_lora_inherit_head,3.560201644897461,3.4704396724700928,0.08976197242736816,3.5110740661621094,0.07656377255405472,0.06073562108255333,8,8
30,B1,adapter_1,B,reuse_lora_fresh_head,4.370059967041016,4.327429294586182,0.042630672454833984,4.281490802764893,0.13249531347576288,0.05365875883582771,8,8
30,B1,adapter_1,B,fresh_lora_inherit_head,3.646770477294922,3.5783605575561523,0.06840991973876953,3.608734130859375,0.0758082446819348,0.05422794447338552,8,8
30,B1,adapter_1,B,fresh_lora_fresh_head,4.3754119873046875,4.339956760406494,0.03545522689819336,4.282009124755859,0.12925716224723438,0.054136547704272016,8,8
30,B1,adapter_1,B,reuse_lora_inherit_head_reset_optimizer,3.560201644897461,3.4884424209594727,0.07175922393798828,3.5110740661621094,0.1249916499067243,0.07669064811724328,8,8
30,B1,adapter_1,B,reuse_lora_common_frozen_head,3.560201644897461,3.5447025299072266,0.015499114990234375,3.5110740661621094,0.0,0.0534044083696279,8,8
30,B1,adapter_1,B,fresh_lora_common_frozen_head,3.646770477294922,3.6418938636779785,0.004876613616943359,3.608734130859375,0.0,0.05427844482664657,8,8
31,B1,adapter_1,A,reuse_lora_inherit_head,3.533010959625244,3.4446072578430176,0.08840370178222656,3.5960118770599365,0.07683627135958289,0.062206680376958694,8,8
31,B1,adapter_1,A,reuse_lora_fresh_head,4.3209357261657715,4.261600494384766,0.05933523178100586,4.356612682342529,0.13173597293138015,0.057291108639450944,8,8
31,B1,adapter_1,A,fresh_lora_inherit_head,3.625556468963623,3.557337760925293,0.06821870803833008,3.6909890174865723,0.07638645554317534,0.054218201522622286,8,8
31,B1,adapter_1,A,fresh_lora_fresh_head,4.324366569519043,4.276453495025635,0.0479130744934082,4.368999004364014,0.1330017203981812,0.05413753553602018,8,8
31,B1,adapter_1,A,reuse_lora_inherit_head_reset_optimizer,3.533010959625244,3.4394989013671875,0.09351205825805664,3.5960118770599365,0.12527743510991382,0.07669157854207641,8,8
31,B1,adapter_1,A,reuse_lora_common_frozen_head,3.533010959625244,3.5193557739257812,0.01365518569946289,3.5960118770599365,0.0,0.05653047815643853,8,8
31,B1,adapter_1,A,fresh_lora_common_frozen_head,3.625556468963623,3.6205015182495117,0.005054950714111328,3.6909890174865723,0.0,0.054276173725231566,8,8
31,B1,adapter_1,B,reuse_lora_inherit_head,3.5304222106933594,3.4369606971740723,0.09346151351928711,3.618227005004883,0.07615683541383879,0.06181994787678279,8,8
31,B1,adapter_1,B,reuse_lora_fresh_head,4.3639421463012695,4.303382873535156,0.06055927276611328,4.338569641113281,0.1326254331384496,0.055975769516247983,8,8
31,B1,adapter_1,B,fresh_lora_inherit_head,3.632178783416748,3.562377452850342,0.06980133056640625,3.7050530910491943,0.07574238130260276,0.054211607452139356,8,8
31,B1,adapter_1,B,fresh_lora_fresh_head,4.368085861206055,4.318975925445557,0.04910993576049805,4.34561824798584,0.13349623216190384,0.05413876149751268,8,8
31,B1,adapter_1,B,reuse_lora_inherit_head_reset_optimizer,3.5304222106933594,3.439241647720337,0.09118056297302246,3.618227005004883,0.12647786698738367,0.07667701615137446,8,8
31,B1,adapter_1,B,reuse_lora_common_frozen_head,3.5304222106933594,3.513981342315674,0.016440868377685547,3.618227005004883,0.0,0.05680943168579009,8,8
31,B1,adapter_1,B,fresh_lora_common_frozen_head,3.632178783416748,3.6272048950195312,0.004973888397216797,3.7050530910491943,0.0,0.054276172116579244,8,8
32,B1,adapter_1,A,reuse_lora_inherit_head,3.338179349899292,3.2457683086395264,0.09241104125976562,3.509974241256714,0.07400323699781956,0.06366397204437593,7,6
32,B1,adapter_1,A,reuse_lora_fresh_head,4.310760021209717,4.233173847198486,0.07758617401123047,4.363461971282959,0.1267547970309136,0.05629527738036424,7,6
32,B1,adapter_1,A,fresh_lora_inherit_head,3.4877519607543945,3.413457155227661,0.0742948055267334,3.6537742614746094,0.07341894803595458,0.054204467870001494,7,6
32,B1,adapter_1,A,fresh_lora_fresh_head,4.315426349639893,4.254360675811768,0.061065673828125,4.366442680358887,0.12484297582447006,0.05411217131105205,7,6
32,B1,adapter_1,A,reuse_lora_inherit_head_reset_optimizer,3.338179349899292,3.2311222553253174,0.10705709457397461,3.509974241256714,0.12100373049050415,0.07669820503768168,7,6
32,B1,adapter_1,A,reuse_lora_common_frozen_head,3.338179349899292,3.3248939514160156,0.013285398483276367,3.509974241256714,0.0,0.05435828846841145,7,6
32,B1,adapter_1,A,fresh_lora_common_frozen_head,3.4877519607543945,3.479989767074585,0.00776219367980957,3.6537742614746094,0.0,0.054278311313928594,7,6
32,B1,adapter_1,B,reuse_lora_inherit_head,3.4781832695007324,3.3831214904785156,0.0950617790222168,3.3440768718719482,0.07511534840255715,0.06193131915823896,6,7
32,B1,adapter_1,B,reuse_lora_fresh_head,4.346479415893555,4.262613296508789,0.08386611938476562,4.264309883117676,0.12913201772157137,0.056380450252420666,6,7
32,B1,adapter_1,B,fresh_lora_inherit_head,3.616746187210083,3.5499329566955566,0.06681323051452637,3.4652721881866455,0.07465155792772252,0.05423274982152761,6,7
32,B1,adapter_1,B,fresh_lora_fresh_head,4.3532843589782715,4.290613651275635,0.06267070770263672,4.267669200897217,0.12951508224081376,0.05414941753801628,6,7
32,B1,adapter_1,B,reuse_lora_inherit_head_reset_optimizer,3.4781832695007324,3.3677284717559814,0.11045479774475098,3.3440768718719482,0.12254421953861827,0.07666163999266634,6,7
32,B1,adapter_1,B,reuse_lora_common_frozen_head,3.4781832695007324,3.458876371383667,0.01930689811706543,3.3440768718719482,0.0,0.057591072916388125,6,7
32,B1,adapter_1,B,fresh_lora_common_frozen_head,3.616746187210083,3.6115448474884033,0.0052013397216796875,3.4652721881866455,0.0,0.05428430699806265,6,7
33,A2,adapter_1,A,reuse_lora_inherit_head,4.769623756408691,4.808344841003418,-0.03872108459472656,4.71942138671875,0.06683333242742812,0.050901862979514455,8,8
33,A2,adapter_1,A,reuse_lora_fresh_head,4.405093193054199,4.360871315002441,0.04422187805175781,4.344526290893555,0.12769223273595015,0.055820486855618336,8,8
33,A2,adapter_1,A,fresh_lora_inherit_head,4.650923252105713,4.661535263061523,-0.010612010955810547,4.6109161376953125,0.06737520894078018,0.054143904803626616,8,8
33,A2,adapter_1,A,fresh_lora_fresh_head,4.39405632019043,4.362398147583008,0.031658172607421875,4.334585189819336,0.12294357718932993,0.054100761660046695,8,8
33,A2,adapter_1,A,reuse_lora_inherit_head_reset_optimizer,4.769623756408691,4.69645881652832,0.0731649398803711,4.71942138671875,0.11961609438184041,0.07662141929413757,8,8
33,A2,adapter_1,A,reuse_lora_common_frozen_head,4.769623756408691,4.773048400878906,-0.0034246444702148438,4.71942138671875,0.0,0.03169042617081107,8,8
33,A2,adapter_1,A,fresh_lora_common_frozen_head,4.650923252105713,4.646862983703613,0.004060268402099609,4.6109161376953125,0.0,0.05426470121323433,8,8
33,A2,adapter_1,B,reuse_lora_inherit_head,4.748203754425049,4.798056125640869,-0.04985237121582031,4.752409934997559,0.06757294734534952,0.050521783618427525,8,8
33,A2,adapter_1,B,reuse_lora_fresh_head,4.324584007263184,4.294558525085449,0.030025482177734375,4.411673545837402,0.13197721542600827,0.05742142994772676,8,8
33,A2,adapter_1,B,fresh_lora_inherit_head,4.631964206695557,4.653042793273926,-0.02107858657836914,4.644931793212891,0.06829108095124498,0.05417930378761121,8,8
33,A2,adapter_1,B,fresh_lora_fresh_head,4.309470176696777,4.277130126953125,0.032340049743652344,4.395872116088867,0.13286996460575778,0.05415481268835213,8,8
33,A2,adapter_1,B,reuse_lora_inherit_head_reset_optimizer,4.748203754425049,4.688438415527344,0.05976533889770508,4.752409934997559,0.12349656731770418,0.0766177226083628,8,8
33,A2,adapter_1,B,reuse_lora_common_frozen_head,4.748203754425049,4.750953197479248,-0.0027494430541992188,4.752409934997559,0.0,0.031503881878878155,8,8
33,A2,adapter_1,B,fresh_lora_common_frozen_head,4.631964206695557,4.627864837646484,0.004099369049072266,4.644931793212891,0.0,0.054275922506783605,8,8
34,A2,default,A,reuse_lora_inherit_head,3.1317806243896484,3.0483503341674805,0.08343029022216797,3.1373701095581055,0.06635927191986013,0.05796190151961586,8,8
34,A2,default,A,reuse_lora_fresh_head,4.320245742797852,4.245429039001465,0.07481670379638672,4.333487510681152,0.13211654979793594,0.053054253188807035,8,8
34,A2,default,A,fresh_lora_inherit_head,3.3752315044403076,3.3147661685943604,0.060465335845947266,3.3657968044281006,0.06567547117645038,0.05424107364756428,8,8
34,A2,default,A,fresh_lora_fresh_head,4.327495098114014,4.277521133422852,0.04997396469116211,4.353720664978027,0.13095172883776252,0.054156624969573394,8,8
34,A2,default,A,reuse_lora_inherit_head_reset_optimizer,3.1317806243896484,3.031735897064209,0.10004472732543945,3.1373701095581055,0.12115913959141059,0.07671827598668009,8,8
34,A2,default,A,reuse_lora_common_frozen_head,3.1317806243896484,3.1111552715301514,0.02062535285949707,3.1373701095581055,0.0,0.05498714801608852,8,8
34,A2,default,A,fresh_lora_common_frozen_head,3.3752315044403076,3.366654396057129,0.008577108383178711,3.3657968044281006,0.0,0.05428599392720905,8,8
34,A2,default,B,reuse_lora_inherit_head,3.124657154083252,3.0399041175842285,0.08475303649902344,3.1880064010620117,0.0656378787891401,0.05774397268763591,8,8
34,A2,default,B,reuse_lora_fresh_head,4.345561504364014,4.274125576019287,0.07143592834472656,4.33649206161499,0.1319910198438323,0.051471730348643455,8,8
34,A2,default,B,fresh_lora_inherit_head,3.35486102104187,3.290390968322754,0.06447005271911621,3.4055685997009277,0.06511315245762231,0.05423657839282627,8,8
34,A2,default,B,fresh_lora_fresh_head,4.358593940734863,4.306479454040527,0.05211448669433594,4.335734844207764,0.13235975856322527,0.054162564538351554,8,8
34,A2,default,B,reuse_lora_inherit_head_reset_optimizer,3.124657154083252,3.0234463214874268,0.1012108325958252,3.1880064010620117,0.1218593956986027,0.07671448912361455,8,8
34,A2,default,B,reuse_lora_common_frozen_head,3.124657154083252,3.1076889038085938,0.016968250274658203,3.1880064010620117,0.0,0.055331620309163304,8,8
34,A2,default,B,fresh_lora_common_frozen_head,3.35486102104187,3.3464691638946533,0.008391857147216797,3.4055685997009277,0.0,0.05428500129115589,8,8
35,A2,default,A,reuse_lora_inherit_head,3.0140538215637207,2.9248337745666504,0.08922004699707031,3.012263774871826,0.0671833738507371,0.06037968591096264,8,8
35,A2,default,A,reuse_lora_fresh_head,4.384588718414307,4.34409761428833,0.04049110412597656,4.330754280090332,0.1328789520491513,0.054402628085509094,8,8
35,A2,default,A,fresh_lora_inherit_head,3.330684185028076,3.2668890953063965,0.06379508972167969,3.292012929916382,0.06632458842690235,0.054237544548538186,8,8
35,A2,default,A,fresh_lora_fresh_head,4.408145904541016,4.378612518310547,0.02953338623046875,4.342608451843262,0.13260656689020045,0.05415893372988634,8,8
35,A2,default,A,reuse_lora_inherit_head_reset_optimizer,3.0140538215637207,2.941023826599121,0.07302999496459961,3.012263774871826,0.12295981850987142,0.07672122194354801,8,8
35,A2,default,A,reuse_lora_common_frozen_head,3.0140538215637207,2.990577220916748,0.023476600646972656,3.012263774871826,0.0,0.05679888500943009,8,8
35,A2,default,A,fresh_lora_common_frozen_head,3.330684185028076,3.321106433868408,0.009577751159667969,3.292012929916382,0.0,0.054285448421929776,8,8
35,A2,default,B,reuse_lora_inherit_head,3.0156939029693604,2.9286892414093018,0.0870046615600586,3.053487777709961,0.06642781565686126,0.06129514212229255,8,8
35,A2,default,B,reuse_lora_fresh_head,4.319242477416992,4.275212287902832,0.044030189514160156,4.368922233581543,0.13313009877996682,0.05591216858029333,8,8
35,A2,default,B,fresh_lora_inherit_head,3.284681797027588,3.2198939323425293,0.0647878646850586,3.356363296508789,0.0659193565715952,0.054246153869909074,8,8
35,A2,default,B,fresh_lora_fresh_head,4.331599235534668,4.301908016204834,0.029691219329833984,4.404280662536621,0.13222880900890782,0.05415584506059452,8,8
35,A2,default,B,reuse_lora_inherit_head_reset_optimizer,3.0156939029693604,2.9481687545776367,0.06752514839172363,3.053487777709961,0.12130344863232723,0.07673106437286469,8,8
35,A2,default,B,reuse_lora_common_frozen_head,3.0156939029693604,2.997004985809326,0.01868891716003418,3.053487777709961,0.0,0.056108186945858146,8,8
35,A2,default,B,fresh_lora_common_frozen_head,3.284681797027588,3.276503562927246,0.008178234100341797,3.356363296508789,0.0,0.054288084756625374,8,8
36,A2,default,A,reuse_lora_inherit_head,3.020693302154541,2.9442315101623535,0.0764617919921875,3.0524091720581055,0.06612976264200816,0.06274764015498473,8,8
36,A2,default,A,reuse_lora_fresh_head,4.3138861656188965,4.265770435333252,0.04811573028564453,4.363311767578125,0.13300754388055352,0.05798693420270796,8,8
36,A2,default,A,fresh_lora_inherit_head,3.2632522583007812,3.200906753540039,0.06234550476074219,3.3739266395568848,0.06562298159690609,0.05422847687154978,8,8
36,A2,default,A,fresh_lora_fresh_head,4.335301399230957,4.301482200622559,0.03381919860839844,4.397489547729492,0.13015010289057682,0.0541237166186234,8,8
36,A2,default,A,reuse_lora_inherit_head_reset_optimizer,3.020693302154541,2.9573678970336914,0.06332540512084961,3.0524091720581055,0.11918548545066081,0.07672381605212497,8,8
36,A2,default,A,reuse_lora_common_frozen_head,3.020693302154541,3.0034255981445312,0.017267704010009766,3.0524091720581055,0.0,0.05849495912876035,8,8
36,A2,default,A,fresh_lora_common_frozen_head,3.2632522583007812,3.253916025161743,0.009336233139038086,3.3739266395568848,0.0,0.05428694097568937,8,8
36,A2,default,B,reuse_lora_inherit_head,2.979248285293579,2.8999814987182617,0.07926678657531738,3.0760552883148193,0.06735351750227325,0.06216196097656926,8,8
36,A2,default,B,reuse_lora_fresh_head,4.358406066894531,4.290126323699951,0.06827974319458008,4.321158409118652,0.1331438884081792,0.05699573314021503,8,8
36,A2,default,B,fresh_lora_inherit_head,3.298701763153076,3.242077112197876,0.056624650955200195,3.3167314529418945,0.06730712273815324,0.05424058322546336,8,8
36,A2,default,B,fresh_lora_fresh_head,4.389224529266357,4.345170021057129,0.044054508209228516,4.34556770324707,0.13425549704658307,0.054179326483299296,8,8
36,A2,default,B,reuse_lora_inherit_head_reset_optimizer,2.979248285293579,2.896178960800171,0.0830693244934082,3.0760552883148193,0.1214411577687476,0.0767115675687337,8,8
36,A2,default,B,reuse_lora_common_frozen_head,2.979248285293579,2.955143928527832,0.02410435676574707,3.0760552883148193,0.0,0.06023799667217508,8,8
36,A2,default,B,fresh_lora_common_frozen_head,3.298701763153076,3.2896203994750977,0.009081363677978516,3.3167314529418945,0.0,0.05428635125030026,8,8
37,A2,default,A,reuse_lora_inherit_head,2.9021527767181396,2.8175759315490723,0.08457684516906738,2.9411392211914062,0.06627444268258204,0.06371335859877962,8,8
37,A2,default,A,reuse_lora_fresh_head,4.370818614959717,4.331882953643799,0.03893566131591797,4.272653102874756,0.13108947004432706,0.06076367416395932,8,8
37,A2,default,A,fresh_lora_inherit_head,3.2441647052764893,3.181321144104004,0.06284356117248535,3.2708051204681396,0.0658280509590865,0.05422814224488637,8,8
37,A2,default,A,fresh_lora_fresh_head,4.374898910522461,4.348773956298828,0.026124954223632812,4.299463272094727,0.12682626425466326,0.054121402860606405,8,8
37,A2,default,A,reuse_lora_inherit_head_reset_optimizer,2.9021527767181396,2.8582115173339844,0.04394125938415527,2.9411392211914062,0.11848047052679243,0.07671637442207553,8,8
37,A2,default,A,reuse_lora_common_frozen_head,2.9021527767181396,2.879011869430542,0.023140907287597656,2.9411392211914062,0.0,0.0613703747265737,8,8
37,A2,default,A,fresh_lora_common_frozen_head,3.2441647052764893,3.235135078430176,0.009029626846313477,3.2708051204681396,0.0,0.05428321755656105,8,8
37,A2,default,B,reuse_lora_inherit_head,2.921388626098633,2.848506450653076,0.07288217544555664,2.899078130722046,0.06746124452330088,0.06454075509409601,8,8
37,A2,default,B,reuse_lora_fresh_head,4.292681694030762,4.226875305175781,0.06580638885498047,4.345727920532227,0.12966741046268881,0.05812315154635425,8,8
37,A2,default,B,fresh_lora_inherit_head,3.2550277709960938,3.1980066299438477,0.057021141052246094,3.2524375915527344,0.06654160835708016,0.05424977307379611,8,8
37,A2,default,B,fresh_lora_fresh_head,4.32748556137085,4.289043426513672,0.038442134857177734,4.350043296813965,0.12473452593455071,0.054155924597046025,8,8
37,A2,default,B,reuse_lora_inherit_head_reset_optimizer,2.921388626098633,2.8522114753723145,0.06917715072631836,2.899078130722046,0.11876938277527065,0.07673444231387103,8,8
37,A2,default,B,reuse_lora_common_frozen_head,2.921388626098633,2.9032998085021973,0.018088817596435547,2.899078130722046,0.0,0.06052519726020686,8,8
37,A2,default,B,fresh_lora_common_frozen_head,3.2550277709960938,3.2472877502441406,0.007740020751953125,3.2524375915527344,0.0,0.05428743982475561,8,8
38,A2,default,A,reuse_lora_inherit_head,2.7808775901794434,2.6914210319519043,0.08945655822753906,2.72524356842041,0.0679033062537825,0.06541270164112298,8,8
38,A2,default,A,reuse_lora_fresh_head,4.382941246032715,4.305304527282715,0.07763671875,4.377957344055176,0.13237506238379337,0.060749549983468286,8,8
38,A2,default,A,fresh_lora_inherit_head,3.1625373363494873,3.091420888900757,0.07111644744873047,3.1252548694610596,0.06692451194250164,0.054240512129987734,8,8
38,A2,default,A,fresh_lora_fresh_head,4.390390872955322,4.3322553634643555,0.0581355094909668,4.390358924865723,0.1319789806088662,0.054145022042726976,8,8
38,A2,default,A,reuse_lora_inherit_head_reset_optimizer,2.7808775901794434,2.6915884017944336,0.08928918838500977,2.72524356842041,0.12157155399372861,0.07671666833780895,8,8
38,A2,default,A,reuse_lora_common_frozen_head,2.7808775901794434,2.7620248794555664,0.018852710723876953,2.72524356842041,0.0,0.06203991102907646,8,8
38,A2,default,A,fresh_lora_common_frozen_head,3.1625373363494873,3.152116298675537,0.010421037673950195,3.1252548694610596,0.0,0.05428906688254398,8,8
38,A2,default,B,reuse_lora_inherit_head,2.7428603172302246,2.646876573562622,0.09598374366760254,2.8169608116149902,0.067386336108168,0.06478466740722941,8,8
38,A2,default,B,reuse_lora_fresh_head,4.3842902183532715,4.3017964363098145,0.08249378204345703,4.370166301727295,0.13173755744067572,0.05877151457564821,8,8
38,A2,default,B,fresh_lora_inherit_head,3.1309654712677,3.059016227722168,0.07194924354553223,3.1937434673309326,0.06688136136508888,0.05424009843295624,8,8
38,A2,default,B,fresh_lora_fresh_head,4.39259147644043,4.34323263168335,0.04935884475708008,4.368558883666992,0.12962973440694875,0.05413463058725073,8,8
38,A2,default,B,reuse_lora_inherit_head_reset_optimizer,2.7428603172302246,2.662550449371338,0.08030986785888672,2.8169608116149902,0.11905224186390553,0.0767065855028434,8,8
38,A2,default,B,reuse_lora_common_frozen_head,2.7428603172302246,2.71816086769104,0.02469944953918457,2.8169608116149902,0.0,0.06295916463991576,8,8
38,A2,default,B,fresh_lora_common_frozen_head,3.1309654712677,3.120739698410034,0.010225772857666016,3.1937434673309326,0.0,0.05428741462776063,8,8
39,A2,default,A,reuse_lora_inherit_head,2.811136245727539,2.768763542175293,0.042372703552246094,2.5786595344543457,0.0680094338294943,0.06672909635446114,8,8
39,A2,default,A,reuse_lora_fresh_head,4.326831817626953,4.2840752601623535,0.04275655746459961,4.354378700256348,0.135142111326007,0.061834002177121344,8,8
39,A2,default,A,fresh_lora_inherit_head,3.1847329139709473,3.1384122371673584,0.04632067680358887,3.045775890350342,0.06755353178109147,0.05425340222865708,8,8
39,A2,default,A,fresh_lora_fresh_head,4.375082969665527,4.3471574783325195,0.027925491333007812,4.380274295806885,0.1336408533811595,0.05415184981582706,8,8
39,A2,default,A,reuse_lora_inherit_head_reset_optimizer,2.811136245727539,2.787632465362549,0.023503780364990234,2.5786595344543457,0.1211618080857959,0.07672461700833917,8,8
39,A2,default,A,reuse_lora_common_frozen_head,2.811136245727539,2.793017864227295,0.01811838150024414,2.5786595344543457,0.0,0.06287174709720662,8,8
39,A2,default,A,fresh_lora_common_frozen_head,3.1847329139709473,3.175996780395508,0.008736133575439453,3.045775890350342,0.0,0.0542912578385092,8,8
39,A2,default,B,reuse_lora_inherit_head,2.5874667167663574,2.5084075927734375,0.07905912399291992,2.856391429901123,0.06586750453919915,0.06496396778671924,8,8
39,A2,default,B,reuse_lora_fresh_head,4.366672992706299,4.333057403564453,0.0336155891418457,4.342875003814697,0.1321041344959459,0.061106577213419576,8,8
39,A2,default,B,fresh_lora_inherit_head,3.067281723022461,3.003413200378418,0.06386852264404297,3.2310171127319336,0.06585942756451009,0.054224430353381786,8,8
39,A2,default,B,fresh_lora_fresh_head,4.393949508666992,4.37263298034668,0.0213165283203125,4.377950191497803,0.12660676821210076,0.054147617646595876,8,8
39,A2,default,B,reuse_lora_inherit_head_reset_optimizer,2.5874667167663574,2.573485851287842,0.013980865478515625,2.856391429901123,0.1207349340194005,0.07670476731203824,8,8
39,A2,default,B,reuse_lora_common_frozen_head,2.5874667167663574,2.5631470680236816,0.02431964874267578,2.856391429901123,0.0,0.06365903254463409,8,8
39,A2,default,B,fresh_lora_common_frozen_head,3.067281723022461,3.055715560913086,0.011566162109375,3.2310171127319336,0.0,0.05428410943118499,8,8
40,A2,default,A,reuse_lora_inherit_head,2.7005715370178223,2.631375312805176,0.06919622421264648,2.8446855545043945,0.06634546072787614,0.06622179871611156,8,8
40,A2,default,A,reuse_lora_fresh_head,4.327001571655273,4.226160049438477,0.10084152221679688,4.366896629333496,0.13337761658829597,0.06375563100895981,8,8
40,A2,default,A,fresh_lora_inherit_head,3.078615665435791,3.0207772254943848,0.05783843994140625,3.2254319190979004,0.06634153559259758,0.054231933843963034,8,8
40,A2,default,A,fresh_lora_fresh_head,4.352613925933838,4.295726776123047,0.056887149810791016,4.416465759277344,0.12990444142128854,0.05415114938153948,8,8
40,A2,default,A,reuse_lora_inherit_head_reset_optimizer,2.7005715370178223,2.5790438652038574,0.12152767181396484,2.8446855545043945,0.12130589572176366,0.0767038757491608,8,8
40,A2,default,A,reuse_lora_common_frozen_head,2.7005715370178223,2.680879831314087,0.01969170570373535,2.8446855545043945,0.0,0.0659264890696441,8,8
40,A2,default,A,fresh_lora_common_frozen_head,3.078615665435791,3.069429397583008,0.009186267852783203,3.2254319190979004,0.0,0.0542834022591816,8,8
40,A2,default,B,reuse_lora_inherit_head,2.743344783782959,2.6820788383483887,0.06126594543457031,2.7157773971557617,0.06619208007859359,0.06624049501075699,8,8
40,A2,default,B,reuse_lora_fresh_head,4.3195929527282715,4.2322893142700195,0.08730363845825195,4.277177810668945,0.13490072534237738,0.06394592364330998,8,8
40,A2,default,B,fresh_lora_inherit_head,3.1412267684936523,3.085015296936035,0.05621147155761719,3.114722490310669,0.06607155851501077,0.054231891314049305,8,8
40,A2,default,B,fresh_lora_fresh_head,4.377597808837891,4.327153205871582,0.050444602966308594,4.325040817260742,0.1292483176075501,0.05414463462648711,8,8
40,A2,default,B,reuse_lora_inherit_head_reset_optimizer,2.743344783782959,2.6413724422454834,0.10197234153747559,2.7157773971557617,0.12128725181715837,0.07670426419069254,8,8
40,A2,default,B,reuse_lora_common_frozen_head,2.743344783782959,2.725808620452881,0.017536163330078125,2.7157773971557617,0.0,0.06570128766175505,8,8
40,A2,default,B,fresh_lora_common_frozen_head,3.1412267684936523,3.1316614151000977,0.009565353393554688,3.114722490310669,0.0,0.05428575294054046,8,8
41,A2,default,A,reuse_lora_inherit_head,2.517771005630493,2.452012777328491,0.06575822830200195,2.560685634613037,0.065957987937788,0.06590387046791997,8,8
41,A2,default,A,reuse_lora_fresh_head,4.303316116333008,4.205767631530762,0.0975484848022461,4.338107109069824,0.13352319247069536,0.06214341470124208,8,8
41,A2,default,A,fresh_lora_inherit_head,2.980360984802246,2.9219961166381836,0.0583648681640625,3.049941062927246,0.0653349545787687,0.054238069071854016,8,8
41,A2,default,A,fresh_lora_fresh_head,4.336947917938232,4.284167289733887,0.0527806282043457,4.335558891296387,0.13158710637446,0.0541427075825675,8,8
41,A2,default,A,reuse_lora_inherit_head_reset_optimizer,2.517771005630493,2.423679828643799,0.09409117698669434,2.560685634613037,0.12199708209618085,0.07670470944945713,8,8
41,A2,default,A,reuse_lora_common_frozen_head,2.517771005630493,2.4960062503814697,0.021764755249023438,2.560685634613037,0.0,0.0657918706326349,8,8
41,A2,default,A,fresh_lora_common_frozen_head,2.980360984802246,2.969505548477173,0.010855436325073242,3.049941062927246,0.0,0.05428746421758004,8,8
41,A2,default,B,reuse_lora_inherit_head,2.481308937072754,2.415431022644043,0.06587791442871094,2.592897891998291,0.06613208848089981,0.06682140015527371,8,8
41,A2,default,B,reuse_lora_fresh_head,4.308448791503906,4.1988115310668945,0.10963726043701172,4.332135200500488,0.13678211673839116,0.06247957863865644,8,8
41,A2,default,B,fresh_lora_inherit_head,2.9824297428131104,2.9215567111968994,0.06087303161621094,3.037996530532837,0.06576750618871761,0.054254055343463635,8,8
41,A2,default,B,fresh_lora_fresh_head,4.328731536865234,4.2661590576171875,0.06257247924804688,4.345561504364014,0.13363148151265639,0.0541779161095202,8,8
41,A2,default,B,reuse_lora_inherit_head_reset_optimizer,2.481308937072754,2.3791770935058594,0.10213184356689453,2.592897891998291,0.12269124173695,0.0767191311537613,8,8
41,A2,default,B,reuse_lora_common_frozen_head,2.481308937072754,2.462883710861206,0.01842522621154785,2.592897891998291,0.0,0.06546231129732437,8,8
41,A2,default,B,fresh_lora_common_frozen_head,2.9824297428131104,2.971835136413574,0.010594606399536133,3.037996530532837,0.0,0.05428974717659894,8,8
42,A2,default,A,reuse_lora_inherit_head,2.444443702697754,2.388726234436035,0.05571746826171875,2.526045799255371,0.0651955056569533,0.06362858778890075,8,8
42,A2,default,A,reuse_lora_fresh_head,4.377933979034424,4.336668968200684,0.041265010833740234,4.328425407409668,0.1350368679232353,0.0617006676519953,8,8
42,A2,default,A,fresh_lora_inherit_head,2.963890552520752,2.9054503440856934,0.058440208435058594,2.9354751110076904,0.06509650943842685,0.0542524398422852,8,8
42,A2,default,A,fresh_lora_fresh_head,4.424058437347412,4.398106575012207,0.025951862335205078,4.330648422241211,0.12688297099813958,0.054176415717296,8,8
42,A2,default,A,reuse_lora_inherit_head_reset_optimizer,2.444443702697754,2.4533212184906006,-0.00887751579284668,2.526045799255371,0.12268317775514503,0.0766622841442507,8,8
42,A2,default,A,reuse_lora_common_frozen_head,2.444443702697754,2.4270944595336914,0.0173492431640625,2.526045799255371,0.0,0.06459809121154039,8,8
42,A2,default,A,fresh_lora_common_frozen_head,2.963890552520752,2.952152729034424,0.011737823486328125,2.9354751110076904,0.0,0.05428961744426914,8,8
42,A2,default,B,reuse_lora_inherit_head,2.4987130165100098,2.4704267978668213,0.028286218643188477,2.514186143875122,0.06497657666196717,0.06625312470447008,8,8
42,A2,default,B,reuse_lora_fresh_head,4.32305908203125,4.272520065307617,0.05053901672363281,4.361361503601074,0.1333901844873383,0.06382046777353344,8,8
42,A2,default,B,fresh_lora_inherit_head,2.925938606262207,2.8739445209503174,0.05199408531188965,3.034486770629883,0.06452671689578299,0.05424421138556181,8,8
42,A2,default,B,fresh_lora_fresh_head,4.345062255859375,4.317098617553711,0.027963638305664062,4.41019344329834,0.13119629078789075,0.054134412044502166,8,8
42,A2,default,B,reuse_lora_inherit_head_reset_optimizer,2.4987130165100098,2.499765634536743,-0.0010526180267333984,2.514186143875122,0.12128869384289714,0.07669622101021129,8,8
42,A2,default,B,reuse_lora_common_frozen_head,2.4987130165100098,2.4931459426879883,0.005567073822021484,2.514186143875122,0.0,0.06599200129079785,8,8
42,A2,default,B,fresh_lora_common_frozen_head,2.925938606262207,2.9133784770965576,0.012560129165649414,3.034486770629883,0.0,0.05429073865373257,8,8
43,A2,default,A,reuse_lora_inherit_head,2.4230237007141113,2.3981423377990723,0.024881362915039062,2.6393003463745117,0.06422458580842882,0.06194049194671023,8,8
43,A2,default,A,reuse_lora_fresh_head,4.2920989990234375,4.240718841552734,0.051380157470703125,4.382991313934326,0.13578374380749664,0.06030173502366186,8,8
43,A2,default,A,fresh_lora_inherit_head,2.876152753829956,2.8265175819396973,0.04963517189025879,3.0249528884887695,0.06452211539810988,0.05424080187700252,8,8
43,A2,default,A,fresh_lora_fresh_head,4.324972152709961,4.303327560424805,0.02164459228515625,4.375363349914551,0.1333733320532648,0.054154814569318935,8,8
43,A2,default,A,reuse_lora_inherit_head_reset_optimizer,2.4230237007141113,2.4359445571899414,-0.012920856475830078,2.6393003463745117,0.12363624401813879,0.07667878765071562,8,8
43,A2,default,A,reuse_lora_common_frozen_head,2.4230237007141113,2.4161832332611084,0.00684046745300293,2.6393003463745117,0.0,0.06067330031287796,8,8
43,A2,default,A,fresh_lora_common_frozen_head,2.876152753829956,2.864445924758911,0.011706829071044922,3.0249528884887695,0.0,0.05428595505846389,8,8
43,A2,default,B,reuse_lora_inherit_head,2.6003918647766113,2.5850863456726074,0.015305519104003906,2.408921003341675,0.06440721899946364,0.06414737239518416,8,8
43,A2,default,B,reuse_lora_fresh_head,4.371196269989014,4.3328351974487305,0.0383610725402832,4.249472618103027,0.13415696199435936,0.06336925031279123,8,8
43,A2,default,B,fresh_lora_inherit_head,2.98321533203125,2.9383010864257812,0.04491424560546875,2.8860979080200195,0.06495373950673619,0.05425547285717432,8,8
43,A2,default,B,fresh_lora_fresh_head,4.371965408325195,4.355192184448242,0.016773223876953125,4.296746253967285,0.13042684597066787,0.05416062872855758,8,8
43,A2,default,B,reuse_lora_inherit_head_reset_optimizer,2.6003918647766113,2.6327359676361084,-0.03234410285949707,2.408921003341675,0.12166388595431979,0.07668202689591352,8,8
43,A2,default,B,reuse_lora_common_frozen_head,2.6003918647766113,2.5996737480163574,0.0007181167602539062,2.408921003341675,0.0,0.06570692578887422,8,8
43,A2,default,B,fresh_lora_common_frozen_head,2.98321533203125,2.973557472229004,0.009657859802246094,2.8860979080200195,0.0,0.05429220667137507,8,8
44,A2,default,A,reuse_lora_inherit_head,2.600137710571289,2.578493595123291,0.021644115447998047,2.454861640930176,0.06619927735885639,0.06010747988902979,8,8
44,A2,default,A,reuse_lora_fresh_head,4.307595252990723,4.245248317718506,0.0623469352722168,4.298072814941406,0.13541834186905477,0.060725454420573005,8,8
44,A2,default,A,fresh_lora_inherit_head,2.913674831390381,2.867241859436035,0.0464329719543457,2.908510684967041,0.0652057678932021,0.05425249885197432,8,8
44,A2,default,A,fresh_lora_fresh_head,4.3301825523376465,4.297181606292725,0.033000946044921875,4.359555244445801,0.1346253010838632,0.054162992126702794,8,8
44,A2,default,A,reuse_lora_inherit_head_reset_optimizer,2.600137710571289,2.590320587158203,0.009817123413085938,2.454861640930176,0.1251479842945935,0.07667914433685917,8,8
44,A2,default,A,reuse_lora_common_frozen_head,2.600137710571289,2.5993306636810303,0.0008070468902587891,2.454861640930176,0.0,0.06054072164936709,8,8
44,A2,default,A,fresh_lora_common_frozen_head,2.913674831390381,2.9039371013641357,0.009737730026245117,2.908510684967041,0.0,0.054289664351655574,8,8
44,A2,default,B,reuse_lora_inherit_head,2.42578125,2.386274576187134,0.03950667381286621,2.612792491912842,0.06372104428610088,0.05827777023448309,8,8
44,A2,default,B,reuse_lora_fresh_head,4.3116774559021,4.259990692138672,0.051686763763427734,4.295378684997559,0.134405071163875,0.057701540136701104,8,8
44,A2,default,B,fresh_lora_inherit_head,2.8919215202331543,2.839754104614258,0.052167415618896484,2.9466004371643066,0.06369226349802368,0.054240606029652784,8,8
44,A2,default,B,fresh_lora_fresh_head,4.371133327484131,4.343686103820801,0.027447223663330078,4.309541702270508,0.127017630375185,0.05415820302494621,8,8
44,A2,default,B,reuse_lora_inherit_head_reset_optimizer,2.42578125,2.4212098121643066,0.004571437835693359,2.612792491912842,0.12390774779402171,0.07663334560657303,8,8
44,A2,default,B,reuse_lora_common_frozen_head,2.42578125,2.4205222129821777,0.005259037017822266,2.612792491912842,0.0,0.055865290507685086,8,8
44,A2,default,B,fresh_lora_common_frozen_head,2.8919215202331543,2.880782127380371,0.011139392852783203,2.9466004371643066,0.0,0.05428736584205625,8,8
45,A2,default,A,reuse_lora_inherit_head,2.5327539443969727,2.5007102489471436,0.0320436954498291,2.573063850402832,0.06365020490660787,0.054489186617256796,8,8
45,A2,default,A,reuse_lora_fresh_head,4.375133514404297,4.2972822189331055,0.0778512954711914,4.282224655151367,0.13515397701863105,0.05334273672593659,8,8
45,A2,default,A,fresh_lora_inherit_head,2.856935501098633,2.8039908409118652,0.05294466018676758,2.9362497329711914,0.06370337145343206,0.05423312198479123,8,8
45,A2,default,A,fresh_lora_fresh_head,4.373729228973389,4.330911159515381,0.04281806945800781,4.289155960083008,0.13195560740796217,0.05414119291015736,8,8
45,A2,default,A,reuse_lora_inherit_head_reset_optimizer,2.5327539443969727,2.460618495941162,0.07213544845581055,2.573063850402832,0.12417793360533559,0.07662861653204166,8,8
45,A2,default,A,reuse_lora_common_frozen_head,2.5327539443969727,2.5374696254730225,-0.004715681076049805,2.573063850402832,0.0,0.05201402656110086,8,8
45,A2,default,A,fresh_lora_common_frozen_head,2.856935501098633,2.844910144805908,0.01202535629272461,2.9362497329711914,0.0,0.05428730258140726,8,8
45,A2,default,B,reuse_lora_inherit_head,2.5501155853271484,2.505923271179199,0.04419231414794922,2.607281446456909,0.06430044554796854,0.05143676101526235,8,8
45,A2,default,B,reuse_lora_fresh_head,4.280830383300781,4.1863861083984375,0.09444427490234375,4.392960071563721,0.13503341430197685,0.05272827531220874,8,8
45,A2,default,B,fresh_lora_inherit_head,2.896923542022705,2.8450005054473877,0.05192303657531738,2.906869888305664,0.06432609239220417,0.05425179368198994,8,8
45,A2,default,B,fresh_lora_fresh_head,4.294620513916016,4.245497226715088,0.049123287200927734,4.381762504577637,0.13095493415465229,0.054175397973246824,8,8
45,A2,default,B,reuse_lora_inherit_head_reset_optimizer,2.5501155853271484,2.469182014465332,0.0809335708618164,2.607281446456909,0.12322660292187207,0.07670262352168776,8,8
45,A2,default,B,reuse_lora_common_frozen_head,2.5501155853271484,2.5469417572021484,0.003173828125,2.607281446456909,0.0,0.042643190956356436,8,8
45,A2,default,B,fresh_lora_common_frozen_head,2.896923542022705,2.886828899383545,0.010094642639160156,2.906869888305664,0.0,0.05428919125530114,8,8
46,A2,default,A,reuse_lora_inherit_head,2.479541301727295,2.4705312252044678,0.009010076522827148,2.453193187713623,0.06236450533401489,0.04761817868681108,8,8
46,A2,default,A,reuse_lora_fresh_head,4.3215484619140625,4.231273651123047,0.09027481079101562,4.348499298095703,0.1337672525108932,0.049053301307894336,8,8
46,A2,default,A,fresh_lora_inherit_head,2.8302550315856934,2.791811466217041,0.038443565368652344,2.8536455631256104,0.062187105413074,0.0542298776119142,8,8
46,A2,default,A,fresh_lora_fresh_head,4.372345924377441,4.330749988555908,0.0415959358215332,4.372552871704102,0.13375616281422614,0.05413298302736727,8,8
46,A2,default,A,reuse_lora_inherit_head_reset_optimizer,2.479541301727295,2.4126393795013428,0.06690192222595215,2.453193187713623,0.12350357137297358,0.07664828869203305,8,8
46,A2,default,A,reuse_lora_common_frozen_head,2.479541301727295,2.480637550354004,-0.0010962486267089844,2.453193187713623,0.0,0.04225055922191413,8,8
46,A2,default,A,fresh_lora_common_frozen_head,2.8302550315856934,2.8194119930267334,0.010843038558959961,2.8536455631256104,0.0,0.05428939791716195,8,8
46,A2,default,B,reuse_lora_inherit_head,2.4315409660339355,2.3965930938720703,0.034947872161865234,2.4305789470672607,0.06179597878767182,0.04535737718994585,8,8
46,A2,default,B,reuse_lora_fresh_head,4.3635735511779785,4.27592658996582,0.0876469612121582,4.29197359085083,0.1361551164786678,0.04968520157475124,8,8
46,A2,default,B,fresh_lora_inherit_head,2.8438873291015625,2.795936346054077,0.04795098304748535,2.773068904876709,0.06237115225853486,0.05424721535281759,8,8
46,A2,default,B,fresh_lora_fresh_head,4.418065071105957,4.371270656585693,0.04679441452026367,4.344507217407227,0.1327403758853282,0.05416772062848152,8,8
46,A2,default,B,reuse_lora_inherit_head_reset_optimizer,2.4315409660339355,2.3635926246643066,0.0679483413696289,2.4305789470672607,0.12445110126770097,0.07670960371066711,8,8
46,A2,default,B,reuse_lora_common_frozen_head,2.4315409660339355,2.428607225418091,0.0029337406158447266,2.4305789470672607,0.0,0.03638263559901734,8,8
46,A2,default,B,fresh_lora_common_frozen_head,2.8438873291015625,2.8328065872192383,0.011080741882324219,2.773068904876709,0.0,0.05429050492514998,8,8
47,A2,default,A,reuse_lora_inherit_head,2.5398335456848145,2.4916858673095703,0.04814767837524414,2.3912618160247803,0.061191098547641355,0.042445619737173215,8,8
47,A2,default,A,reuse_lora_fresh_head,4.330946922302246,4.306515693664551,0.024431228637695312,4.205025672912598,0.13762494689173105,0.04569392855543074,8,8
47,A2,default,A,fresh_lora_inherit_head,2.8971829414367676,2.8523788452148438,0.04480409622192383,2.7853212356567383,0.06041741863545972,0.054224169502404995,8,8
47,A2,default,A,fresh_lora_fresh_head,4.365196228027344,4.3487348556518555,0.01646137237548828,4.278357982635498,0.13464184803946466,0.054127709504015395,8,8
47,A2,default,A,reuse_lora_inherit_head_reset_optimizer,2.5398335456848145,2.538120985031128,0.0017125606536865234,2.3912618160247803,0.12751903167674292,0.0766569162704591,8,8
47,A2,default,A,reuse_lora_common_frozen_head,2.5398335456848145,2.53877854347229,0.001055002212524414,2.3912618160247803,0.0,0.03808220297606179,8,8
47,A2,default,A,fresh_lora_common_frozen_head,2.8971829414367676,2.888075828552246,0.009107112884521484,2.7853212356567383,0.0,0.05428918080156743,8,8
47,A2,default,B,reuse_lora_inherit_head,2.365849018096924,2.347774028778076,0.018074989318847656,2.5989279747009277,0.06211271111138149,0.043276812516977806,8,8
47,A2,default,B,reuse_lora_fresh_head,4.238125801086426,4.223210334777832,0.01491546630859375,4.335311412811279,0.13689079857987135,0.04382774899666955,8,8
47,A2,default,B,fresh_lora_inherit_head,2.7207303047180176,2.677802562713623,0.04292774200439453,2.9636707305908203,0.06074898926950062,0.05421990929557959,8,8
47,A2,default,B,fresh_lora_fresh_head,4.267474174499512,4.257401943206787,0.01007223129272461,4.37516975402832,0.13055117083087736,0.05411927359422582,8,8
47,A2,default,B,reuse_lora_inherit_head_reset_optimizer,2.365849018096924,2.3956823348999023,-0.029833316802978516,2.5989279747009277,0.12633603332663282,0.07659074786953876,8,8
47,A2,default,B,reuse_lora_common_frozen_head,2.365849018096924,2.371471405029297,-0.005622386932373047,2.5989279747009277,0.0,0.04228659527332357,8,8
47,A2,default,B,fresh_lora_common_frozen_head,2.7207303047180176,2.7094669342041016,0.011263370513916016,2.9636707305908203,0.0,0.05428526211788823,8,8
48,A2,default,A,reuse_lora_inherit_head,2.2735443115234375,2.2867746353149414,-0.013230323791503906,2.4295899868011475,0.059716581311053334,0.03677937445757851,7,6
48,A2,default,A,reuse_lora_fresh_head,4.3189239501953125,4.3027825355529785,0.016141414642333984,4.297659873962402,0.13478651655574808,0.03892428609469713,7,6
48,A2,default,A,fresh_lora_inherit_head,2.7142207622528076,2.6836225986480713,0.030598163604736328,2.8955883979797363,0.059643621107936584,0.05422900121422966,7,6
48,A2,default,A,fresh_lora_fresh_head,4.355382442474365,4.355720043182373,-0.0003376007080078125,4.3834943771362305,0.12240305487006167,0.054100012954574256,7,6
48,A2,default,A,reuse_lora_inherit_head_reset_optimizer,2.2735443115234375,2.354811191558838,-0.08126688003540039,2.4295899868011475,0.1243108504664767,0.07666003286448955,7,6
48,A2,default,A,reuse_lora_common_frozen_head,2.2735443115234375,2.2754156589508057,-0.001871347427368164,2.4295899868011475,0.0,0.03643805262825107,7,6
48,A2,default,A,fresh_lora_common_frozen_head,2.7142207622528076,2.7029330730438232,0.011287689208984375,2.8955883979797363,0.0,0.05428607246879536,7,6
48,A2,default,B,reuse_lora_inherit_head,2.413747549057007,2.4194045066833496,-0.0056569576263427734,2.2089834213256836,0.05967955378575984,0.03542677162519557,6,7
48,A2,default,B,reuse_lora_fresh_head,4.30834436416626,4.2839436531066895,0.024400711059570312,4.253764629364014,0.13487014074307122,0.03689786398745328,6,7
48,A2,default,B,fresh_lora_inherit_head,2.8500845432281494,2.821310520172119,0.028774023056030273,2.647289276123047,0.059493264626729984,0.05423693738298965,6,7
48,A2,default,B,fresh_lora_fresh_head,4.391276836395264,4.37833309173584,0.012943744659423828,4.288632392883301,0.12925056867996582,0.054147200283608775,6,7
48,A2,default,B,reuse_lora_inherit_head_reset_optimizer,2.413747549057007,2.479436159133911,-0.0656886100769043,2.2089834213256836,0.12672409853928424,0.07670554940116775,6,7
48,A2,default,B,reuse_lora_common_frozen_head,2.413747549057007,2.413156032562256,0.0005915164947509766,2.2089834213256836,0.0,0.03492979444973287,6,7
48,A2,default,B,fresh_lora_common_frozen_head,2.8500845432281494,2.8401734828948975,0.009911060333251953,2.647289276123047,0.0,0.05429146047200529,6,7
49,C1,default,A,reuse_lora_inherit_head,6.850330352783203,6.880380630493164,-0.030050277709960938,6.948880195617676,0.052161218102676384,0.03388414380237019,8,8
49,C1,default,A,reuse_lora_fresh_head,4.390934944152832,4.2920403480529785,0.09889459609985352,4.3527326583862305,0.13587889081075516,0.032901957055229865,8,8
49,C1,default,A,fresh_lora_inherit_head,5.326556205749512,5.328352451324463,-0.0017962455749511719,5.190986156463623,0.054773494025030636,0.05423830544106111,8,8
49,C1,default,A,fresh_lora_fresh_head,4.381356239318848,4.337937831878662,0.04341840744018555,4.387217044830322,0.12699547026178296,0.05412347383394887,8,8
49,C1,default,A,reuse_lora_inherit_head_reset_optimizer,6.850330352783203,6.478705406188965,0.3716249465942383,6.948880195617676,0.12417220538861728,0.07672198100962097,8,8
49,C1,default,A,reuse_lora_common_frozen_head,6.850330352783203,6.7967915534973145,0.05353879928588867,6.948880195617676,0.0,0.041248865043723396,8,8
49,C1,default,A,fresh_lora_common_frozen_head,5.326556205749512,5.307417869567871,0.019138336181640625,5.190986156463623,0.0,0.05429139775219446,8,8
49,C1,default,B,reuse_lora_inherit_head,7.05445671081543,7.064085006713867,-0.0096282958984375,6.76711368560791,0.05275268138639624,0.03914447221780021,8,8
49,C1,default,B,reuse_lora_fresh_head,4.354060173034668,4.2576904296875,0.09636974334716797,4.391575813293457,0.13712910099421924,0.034093572228584466,8,8
49,C1,default,B,fresh_lora_inherit_head,5.346964359283447,5.345429420471191,0.0015349388122558594,5.255387306213379,0.05464479533544614,0.05424971808473414,8,8
49,C1,default,B,fresh_lora_fresh_head,4.401894569396973,4.3577728271484375,0.044121742248535156,4.381605625152588,0.12847446923563316,0.05415010133326643,8,8
49,C1,default,B,reuse_lora_inherit_head_reset_optimizer,7.05445671081543,6.6090240478515625,0.4454326629638672,6.76711368560791,0.12724790271924102,0.07675847920463119,8,8
49,C1,default,B,reuse_lora_common_frozen_head,7.05445671081543,6.983265399932861,0.07119131088256836,6.76711368560791,0.0,0.04503372340985557,8,8
49,C1,default,B,fresh_lora_common_frozen_head,5.346964359283447,5.329642295837402,0.017322063446044922,5.255387306213379,0.0,0.05429406998076898,8,8
50,C1,adapter_1,A,reuse_lora_inherit_head,4.804923057556152,4.80551290512085,-0.0005898475646972656,4.792248249053955,0.06058244414077559,0.03418761421147542,8,8
50,C1,adapter_1,A,reuse_lora_fresh_head,4.3646159172058105,4.288393020629883,0.07622289657592773,4.382311820983887,0.13160934629468252,0.043911206525945726,8,8
50,C1,adapter_1,A,fresh_lora_inherit_head,4.679193496704102,4.667031288146973,0.012162208557128906,4.688684463500977,0.060747167387313235,0.05419328212829936,8,8
50,C1,adapter_1,A,fresh_lora_fresh_head,4.377915859222412,4.316607475280762,0.06130838394165039,4.4047136306762695,0.1297737653547516,0.05417144580775158,8,8
50,C1,adapter_1,A,reuse_lora_inherit_head_reset_optimizer,4.804923057556152,4.674631118774414,0.13029193878173828,4.792248249053955,0.12459607622101954,0.07667849909335295,8,8
50,C1,adapter_1,A,reuse_lora_common_frozen_head,4.804923057556152,4.803701877593994,0.0012211799621582031,4.792248249053955,0.0,0.02719119947095888,8,8
50,C1,adapter_1,A,fresh_lora_common_frozen_head,4.679193496704102,4.6751861572265625,0.0040073394775390625,4.688684463500977,0.0,0.05427016239493555,8,8
50,C1,adapter_1,B,reuse_lora_inherit_head,4.822469711303711,4.826841354370117,-0.00437164306640625,4.771301746368408,0.06048186002955098,0.03594806786614894,8,8
50,C1,adapter_1,B,reuse_lora_fresh_head,4.372270107269287,4.301998138427734,0.07027196884155273,4.372156620025635,0.1300403778777075,0.04396090744059516,8,8
50,C1,adapter_1,B,fresh_lora_inherit_head,4.699917793273926,4.6897664070129395,0.010151386260986328,4.670653343200684,0.06070749352807376,0.0541892402325537,8,8
50,C1,adapter_1,B,fresh_lora_fresh_head,4.387322902679443,4.331141471862793,0.05618143081665039,4.392691612243652,0.12899940778602884,0.05416117952117635,8,8
50,C1,adapter_1,B,reuse_lora_inherit_head_reset_optimizer,4.822469711303711,4.702308654785156,0.12016105651855469,4.771301746368408,0.12141463287401871,0.07665204645725636,8,8
50,C1,adapter_1,B,reuse_lora_common_frozen_head,4.822469711303711,4.82143497467041,0.0010347366333007812,4.771301746368408,0.0,0.028306531514099252,8,8
50,C1,adapter_1,B,fresh_lora_common_frozen_head,4.699917793273926,4.6952714920043945,0.00464630126953125,4.670653343200684,0.0,0.05427380493303774,8,8
54,C1,adapter_2,A,reuse_lora_inherit_head,4.204953193664551,4.158700942993164,0.04625225067138672,4.18017578125,0.08405927765113899,0.05061167118005524,8,8
54,C1,adapter_2,A,reuse_lora_fresh_head,4.367490768432617,4.339364051818848,0.02812671661376953,4.391592025756836,0.13120352056022583,0.049664947931772487,8,8
54,C1,adapter_2,A,fresh_lora_inherit_head,4.2090229988098145,4.163973331451416,0.04504966735839844,4.189611434936523,0.08392923867020403,0.0541899318547523,8,8
54,C1,adapter_2,A,fresh_lora_fresh_head,4.368364334106445,4.338825225830078,0.029539108276367188,4.396177291870117,0.13042906759428216,0.054168233609518966,8,8
54,C1,adapter_2,A,reuse_lora_inherit_head_reset_optimizer,4.204953193664551,4.173450946807861,0.03150224685668945,4.18017578125,0.12781667371981323,0.07641393067178581,8,8
54,C1,adapter_2,A,reuse_lora_common_frozen_head,4.204953193664551,4.203417778015137,0.0015354156494140625,4.18017578125,0.0,0.04717318548145632,8,8
54,C1,adapter_2,A,fresh_lora_common_frozen_head,4.2090229988098145,4.207951545715332,0.0010714530944824219,4.189611434936523,0.0,0.05425616457380919,8,8
54,C1,adapter_2,B,reuse_lora_inherit_head,4.173090934753418,4.122559547424316,0.05053138732910156,4.227514743804932,0.08289576243303695,0.05034743497367258,8,8
54,C1,adapter_2,B,reuse_lora_fresh_head,4.395848751068115,4.3673996925354,0.028449058532714844,4.388410568237305,0.13068311279734274,0.04498067419862756,8,8
54,C1,adapter_2,B,fresh_lora_inherit_head,4.181257247924805,4.132320404052734,0.04893684387207031,4.231949329376221,0.08284730590758733,0.05415549897304457,8,8
54,C1,adapter_2,B,fresh_lora_fresh_head,4.400192737579346,4.372261047363281,0.027931690216064453,4.389632225036621,0.13094169509080175,0.05414170426111702,8,8
54,C1,adapter_2,B,reuse_lora_inherit_head_reset_optimizer,4.173090934753418,4.1453704833984375,0.02772045135498047,4.227514743804932,0.12910581629917942,0.07617322468937364,8,8
54,C1,adapter_2,B,reuse_lora_common_frozen_head,4.173090934753418,4.170483589172363,0.0026073455810546875,4.227514743804932,0.0,0.04833019308065266,8,8
54,C1,adapter_2,B,fresh_lora_common_frozen_head,4.181257247924805,4.179800987243652,0.0014562606811523438,4.231949329376221,0.0,0.054254725352784125,8,8
55,C1,adapter_2,A,reuse_lora_inherit_head,4.133623123168945,4.080712795257568,0.05291032791137695,4.103917121887207,0.08077427069493535,0.05103769946019745,8,8
55,C1,adapter_2,A,reuse_lora_fresh_head,4.361782550811768,4.324310302734375,0.03747224807739258,4.346755504608154,0.12911979413954972,0.041716825197440986,8,8
55,C1,adapter_2,A,fresh_lora_inherit_head,4.138994216918945,4.088137149810791,0.0508570671081543,4.108807563781738,0.0806164420367006,0.054135439837740607,8,8
55,C1,adapter_2,A,fresh_lora_fresh_head,4.364418983459473,4.328065872192383,0.036353111267089844,4.345747947692871,0.12833284407382153,0.05413419592503609,8,8
55,C1,adapter_2,A,reuse_lora_inherit_head_reset_optimizer,4.133623123168945,4.093784332275391,0.03983879089355469,4.103917121887207,0.12619337095150301,0.07615670257850844,8,8
55,C1,adapter_2,A,reuse_lora_common_frozen_head,4.133623123168945,4.131867408752441,0.0017557144165039062,4.103917121887207,0.0,0.049104080781690124,8,8
55,C1,adapter_2,A,fresh_lora_common_frozen_head,4.138994216918945,4.137971878051758,0.0010223388671875,4.108807563781738,0.0,0.05424415129863709,8,8
55,C1,adapter_2,B,reuse_lora_inherit_head,4.0616841316223145,4.003966331481934,0.05771780014038086,4.183345794677734,0.08172290794444023,0.05127710597956678,8,8
55,C1,adapter_2,B,reuse_lora_fresh_head,4.306843280792236,4.254948616027832,0.0518946647644043,4.387570381164551,0.1301760534444928,0.047668934476564104,8,8
55,C1,adapter_2,B,fresh_lora_inherit_head,4.068098545074463,4.013181209564209,0.054917335510253906,4.187633514404297,0.08164216755272047,0.05415621627934171,8,8
55,C1,adapter_2,B,fresh_lora_fresh_head,4.307844161987305,4.257796764373779,0.05004739761352539,4.38950252532959,0.13068237872185728,0.054125892361114585,8,8
55,C1,adapter_2,B,reuse_lora_inherit_head_reset_optimizer,4.0616841316223145,4.0084123611450195,0.05327177047729492,4.183345794677734,0.1288558986119095,0.076233599543604,8,8
55,C1,adapter_2,B,reuse_lora_common_frozen_head,4.0616841316223145,4.059462547302246,0.0022215843200683594,4.183345794677734,0.0,0.04965583346001968,8,8
55,C1,adapter_2,B,fresh_lora_common_frozen_head,4.068098545074463,4.0670166015625,0.0010819435119628906,4.187633514404297,0.0,0.05424243436272481,8,8
56,C1,adapter_2,A,reuse_lora_inherit_head,4.119997024536133,4.064363479614258,0.055633544921875,4.050587177276611,0.08062030133999978,0.05160102564204091,8,8
56,C1,adapter_2,A,reuse_lora_fresh_head,4.40381383895874,4.366335868835449,0.037477970123291016,4.350553512573242,0.13376679181440945,0.05081052656920678,8,8
56,C1,adapter_2,A,fresh_lora_inherit_head,4.132917404174805,4.08039665222168,0.052520751953125,4.0641937255859375,0.08055759446879275,0.05419986917035936,8,8
56,C1,adapter_2,A,fresh_lora_fresh_head,4.407547950744629,4.371670722961426,0.035877227783203125,4.356967926025391,0.13476901197011973,0.05415459181350931,8,8
56,C1,adapter_2,A,reuse_lora_inherit_head_reset_optimizer,4.119997024536133,4.079286098480225,0.0407109260559082,4.050587177276611,0.13198473042030917,0.07649871916125142,8,8
56,C1,adapter_2,A,reuse_lora_common_frozen_head,4.119997024536133,4.116854190826416,0.003142833709716797,4.050587177276611,0.0,0.04659560667574055,8,8
56,C1,adapter_2,A,fresh_lora_common_frozen_head,4.132917404174805,4.131126880645752,0.0017905235290527344,4.0641937255859375,0.0,0.0542640643215213,8,8
56,C1,adapter_2,B,reuse_lora_inherit_head,4.034690856933594,3.97598934173584,0.058701515197753906,4.123327255249023,0.08072014985683625,0.05236210779703065,8,8
56,C1,adapter_2,B,reuse_lora_fresh_head,4.360604286193848,4.326064586639404,0.03453969955444336,4.403304100036621,0.1340164045483526,0.04961032057086514,8,8
56,C1,adapter_2,B,fresh_lora_inherit_head,4.051689624786377,3.996798038482666,0.05489158630371094,4.135222911834717,0.08057731954887772,0.054182208763268624,8,8
56,C1,adapter_2,B,fresh_lora_fresh_head,4.367715835571289,4.336361408233643,0.031354427337646484,4.407941818237305,0.13464185714002821,0.05415446404144748,8,8
56,C1,adapter_2,B,reuse_lora_inherit_head_reset_optimizer,4.034690856933594,3.996844530105591,0.03784632682800293,4.123327255249023,0.13157157319510743,0.07646063847719393,8,8
56,C1,adapter_2,B,reuse_lora_common_frozen_head,4.034690856933594,4.030604362487793,0.004086494445800781,4.123327255249023,0.0,0.047458967568532975,8,8
56,C1,adapter_2,B,fresh_lora_common_frozen_head,4.051689624786377,4.0494184494018555,0.0022711753845214844,4.135222911834717,0.0,0.05425652289796829,8,8
57,C1,adapter_2,A,reuse_lora_inherit_head,3.950408458709717,3.8954083919525146,0.05500006675720215,4.056257247924805,0.07840799683433318,0.052626641004943804,8,8
57,C1,adapter_2,A,reuse_lora_fresh_head,4.331266403198242,4.300424098968506,0.030842304229736328,4.381496429443359,0.1309499024533782,0.0509023297865866,8,8
57,C1,adapter_2,A,fresh_lora_inherit_head,3.968231439590454,3.918830394744873,0.049401044845581055,4.074505805969238,0.07811177084265397,0.05419809068879757,8,8
57,C1,adapter_2,A,fresh_lora_fresh_head,4.3380537033081055,4.308789253234863,0.029264450073242188,4.389550685882568,0.12991585529459876,0.054151563897326394,8,8
57,C1,adapter_2,A,reuse_lora_inherit_head_reset_optimizer,3.950408458709717,3.912632942199707,0.037775516510009766,4.056257247924805,0.126752744731967,0.07654158627568855,8,8
57,C1,adapter_2,A,reuse_lora_common_frozen_head,3.950408458709717,3.9460949897766113,0.004313468933105469,4.056257247924805,0.0,0.04835488669039411,8,8
57,C1,adapter_2,A,fresh_lora_common_frozen_head,3.968231439590454,3.96602201461792,0.0022094249725341797,4.074505805969238,0.0,0.054266468935595086,8,8
57,C1,adapter_2,B,reuse_lora_inherit_head,3.9966189861297607,3.932433605194092,0.06418538093566895,3.969209671020508,0.078599056433012,0.052723530289207454,8,8
57,C1,adapter_2,B,reuse_lora_fresh_head,4.363577842712402,4.331796646118164,0.03178119659423828,4.3395514488220215,0.1318575927750828,0.048021196300887754,8,8
57,C1,adapter_2,B,fresh_lora_inherit_head,4.01441764831543,3.9557530879974365,0.058664560317993164,3.98537540435791,0.07822779679706485,0.05419224228411247,8,8
57,C1,adapter_2,B,fresh_lora_fresh_head,4.37064266204834,4.341343879699707,0.029298782348632812,4.344561576843262,0.1314660462942815,0.05414730926539593,8,8
57,C1,adapter_2,B,reuse_lora_inherit_head_reset_optimizer,3.9966189861297607,3.957411050796509,0.03920793533325195,3.969209671020508,0.12807863664188926,0.07652948280211659,8,8
57,C1,adapter_2,B,reuse_lora_common_frozen_head,3.9966189861297607,3.9924397468566895,0.004179239273071289,3.969209671020508,0.0,0.049171256500771865,8,8
57,C1,adapter_2,B,fresh_lora_common_frozen_head,4.01441764831543,4.011979103088379,0.0024385452270507812,3.98537540435791,0.0,0.05426151290599292,8,8
58,C1,adapter_2,A,reuse_lora_inherit_head,3.9583067893981934,3.8941845893859863,0.06412220001220703,3.8792648315429688,0.0787316075278534,0.05486093997956794,8,8
58,C1,adapter_2,A,reuse_lora_fresh_head,4.436091423034668,4.3914690017700195,0.04462242126464844,4.366706848144531,0.13375493668434557,0.05144626187929453,8,8
58,C1,adapter_2,A,fresh_lora_inherit_head,3.9912753105163574,3.9342923164367676,0.056982994079589844,3.914912700653076,0.07859233475297739,0.054209537300463184,8,8
58,C1,adapter_2,A,fresh_lora_fresh_head,4.448052406311035,4.408504009246826,0.039548397064208984,4.375852584838867,0.134251187591983,0.05414334080495872,8,8
58,C1,adapter_2,A,reuse_lora_inherit_head_reset_optimizer,3.9583067893981934,3.9003169536590576,0.05798983573913574,3.8792648315429688,0.12820919922556473,0.07660738978267816,8,8
58,C1,adapter_2,A,reuse_lora_common_frozen_head,3.9583067893981934,3.951845169067383,0.006461620330810547,3.8792648315429688,0.0,0.04842143325867283,8,8
58,C1,adapter_2,A,fresh_lora_common_frozen_head,3.9912753105163574,3.987697124481201,0.00357818603515625,3.914912700653076,0.0,0.05427339819768585,8,8
58,C1,adapter_2,B,reuse_lora_inherit_head,3.863968849182129,3.791930913925171,0.07203793525695801,3.9566144943237305,0.07775361445332597,0.0547765852125362,8,8
58,C1,adapter_2,B,reuse_lora_fresh_head,4.365956783294678,4.318068504333496,0.04788827896118164,4.424382209777832,0.1329923051770556,0.05201656089228732,8,8
58,C1,adapter_2,B,fresh_lora_inherit_head,3.8993237018585205,3.834444046020508,0.0648796558380127,3.9883458614349365,0.07762774483584875,0.05419960175747545,8,8
58,C1,adapter_2,B,fresh_lora_fresh_head,4.374765396118164,4.331390380859375,0.04337501525878906,4.435105800628662,0.13249186479757608,0.05413943374002423,8,8
58,C1,adapter_2,B,reuse_lora_inherit_head_reset_optimizer,3.863968849182129,3.809292793273926,0.054676055908203125,3.9566144943237305,0.12807301764131382,0.07658566531506102,8,8
58,C1,adapter_2,B,reuse_lora_common_frozen_head,3.863968849182129,3.857056140899658,0.006912708282470703,3.9566144943237305,0.0,0.0489123146122474,8,8
58,C1,adapter_2,B,fresh_lora_common_frozen_head,3.8993237018585205,3.895846366882324,0.003477334976196289,3.9883458614349365,0.0,0.054270338030157565,8,8
59,C1,adapter_2,A,reuse_lora_inherit_head,3.8615267276763916,3.7997355461120605,0.061791181564331055,3.8582191467285156,0.07519559066558162,0.05669634508479345,8,8
59,C1,adapter_2,A,reuse_lora_fresh_head,4.352469444274902,4.3194475173950195,0.03302192687988281,4.314908027648926,0.12793762097507255,0.05084463036246995,8,8
59,C1,adapter_2,A,fresh_lora_inherit_head,3.8898749351501465,3.8360595703125,0.053815364837646484,3.8966612815856934,0.07492108874944022,0.054179069045973687,8,8
59,C1,adapter_2,A,fresh_lora_fresh_head,4.362361431121826,4.333558559417725,0.028802871704101562,4.320075988769531,0.12620636409689684,0.05408652695530021,8,8
59,C1,adapter_2,A,reuse_lora_inherit_head_reset_optimizer,3.8615267276763916,3.822049379348755,0.03947734832763672,3.8582191467285156,0.122814591714481,0.0765906776660835,8,8
59,C1,adapter_2,A,reuse_lora_common_frozen_head,3.8615267276763916,3.855886936187744,0.005639791488647461,3.8582191467285156,0.0,0.050889865680265545,8,8
59,C1,adapter_2,A,fresh_lora_common_frozen_head,3.8898749351501465,3.887270927429199,0.0026040077209472656,3.8966612815856934,0.0,0.05426815507849717,8,8
59,C1,adapter_2,B,reuse_lora_inherit_head,3.8623712062835693,3.7944512367248535,0.06791996955871582,3.9009101390838623,0.07652545103303049,0.05633883799282727,8,8
59,C1,adapter_2,B,reuse_lora_fresh_head,4.345597267150879,4.313165664672852,0.032431602478027344,4.353531837463379,0.13146303519838368,0.05231785281774234,8,8
59,C1,adapter_2,B,fresh_lora_inherit_head,3.9069995880126953,3.8491997718811035,0.0577998161315918,3.9271581172943115,0.07626212248225685,0.05417708950707779,8,8
59,C1,adapter_2,B,fresh_lora_fresh_head,4.35552978515625,4.32828950881958,0.027240276336669922,4.361472129821777,0.13081661121905172,0.05412478803564371,8,8
59,C1,adapter_2,B,reuse_lora_inherit_head_reset_optimizer,3.8623712062835693,3.8149125576019287,0.047458648681640625,3.9009101390838623,0.12581690640662962,0.07656812221076308,8,8
59,C1,adapter_2,B,reuse_lora_common_frozen_head,3.8623712062835693,3.8532333374023438,0.009137868881225586,3.9009101390838623,0.0,0.05329573994570157,8,8
59,C1,adapter_2,B,fresh_lora_common_frozen_head,3.9069995880126953,3.903407335281372,0.003592252731323242,3.9271581172943115,0.0,0.0542579899639708,8,8
60,C1,adapter_2,A,reuse_lora_inherit_head,3.824256420135498,3.7568142414093018,0.06744217872619629,3.789665699005127,0.07616714130443665,0.0586418416432008,8,8
60,C1,adapter_2,A,reuse_lora_fresh_head,4.368316173553467,4.330714225769043,0.03760194778442383,4.329799652099609,0.1331311229149431,0.04977167201893283,8,8
60,C1,adapter_2,A,fresh_lora_inherit_head,3.862602710723877,3.804464340209961,0.058138370513916016,3.8413643836975098,0.07596066479386014,0.0542234843649164,8,8
60,C1,adapter_2,A,fresh_lora_fresh_head,4.372986793518066,4.338562965393066,0.034423828125,4.334140300750732,0.1331202855666289,0.05416952684134539,8,8
60,C1,adapter_2,A,reuse_lora_inherit_head_reset_optimizer,3.824256420135498,3.7725071907043457,0.051749229431152344,3.789665699005127,0.12336675728799325,0.07665089931755434,8,8
60,C1,adapter_2,A,reuse_lora_common_frozen_head,3.824256420135498,3.817230701446533,0.007025718688964844,3.789665699005127,0.0,0.0532658033232919,8,8
60,C1,adapter_2,A,fresh_lora_common_frozen_head,3.862602710723877,3.8596205711364746,0.0029821395874023438,3.8413643836975098,0.0,0.054274537169803204,8,8
60,C1,adapter_2,B,reuse_lora_inherit_head,3.7326037883758545,3.6602673530578613,0.07233643531799316,3.8284502029418945,0.07616584547453309,0.05719254327746408,8,8
60,C1,adapter_2,B,reuse_lora_fresh_head,4.327353477478027,4.293102264404297,0.03425121307373047,4.385261535644531,0.13477460582733386,0.050800861514202066,8,8
60,C1,adapter_2,B,fresh_lora_inherit_head,3.79042911529541,3.7313499450683594,0.05907917022705078,3.8644087314605713,0.07592722299034083,0.054202393821248994,8,8
60,C1,adapter_2,B,fresh_lora_fresh_head,4.334175109863281,4.303964138031006,0.03021097183227539,4.38581657409668,0.13451553868535818,0.05416712517727847,8,8
60,C1,adapter_2,B,reuse_lora_inherit_head_reset_optimizer,3.7326037883758545,3.68253231048584,0.05007147789001465,3.8284502029418945,0.12754180409643076,0.07660117213098311,8,8
60,C1,adapter_2,B,reuse_lora_common_frozen_head,3.7326037883758545,3.7223546504974365,0.010249137878417969,3.8284502029418945,0.0,0.0536292263295994,8,8
60,C1,adapter_2,B,fresh_lora_common_frozen_head,3.79042911529541,3.7869796752929688,0.0034494400024414062,3.8644087314605713,0.0,0.05426841169584352,8,8
61,C1,adapter_2,A,reuse_lora_inherit_head,3.7404186725616455,3.6678943634033203,0.0725243091583252,3.7153398990631104,0.07520056960495061,0.06021849713013513,8,8
61,C1,adapter_2,A,reuse_lora_fresh_head,4.426027297973633,4.3893513679504395,0.03667593002319336,4.340585708618164,0.13106911951473496,0.05314198023286669,8,8
61,C1,adapter_2,A,fresh_lora_inherit_head,3.8065297603607178,3.745877265930176,0.06065249443054199,3.778799533843994,0.07484694026315925,0.054220135818528935,8,8
61,C1,adapter_2,A,fresh_lora_fresh_head,4.444025039672852,4.413724422454834,0.030300617218017578,4.34589958190918,0.13132477849280363,0.05415244719139602,8,8
61,C1,adapter_2,A,reuse_lora_inherit_head_reset_optimizer,3.7404186725616455,3.6932320594787598,0.04718661308288574,3.7153398990631104,0.1241682182001637,0.07668122226871757,8,8
61,C1,adapter_2,A,reuse_lora_common_frozen_head,3.7404186725616455,3.7302889823913574,0.010129690170288086,3.7153398990631104,0.0,0.05429638475226356,8,8
61,C1,adapter_2,A,fresh_lora_common_frozen_head,3.8065297603607178,3.802384614944458,0.004145145416259766,3.778799533843994,0.0,0.05427306733360282,8,8
61,C1,adapter_2,B,reuse_lora_inherit_head,3.6965155601501465,3.626282215118408,0.07023334503173828,3.754932403564453,0.07493133141379472,0.0597118571294848,8,8
61,C1,adapter_2,B,reuse_lora_fresh_head,4.349376678466797,4.321072578430176,0.028304100036621094,4.4011359214782715,0.13362004594045968,0.055560858962161966,8,8
61,C1,adapter_2,B,fresh_lora_inherit_head,3.7601561546325684,3.7047343254089355,0.05542182922363281,3.8219919204711914,0.07461164592995471,0.054216747475960995,8,8
61,C1,adapter_2,B,fresh_lora_fresh_head,4.358591079711914,4.333768844604492,0.024822235107421875,4.421134948730469,0.1332394195664504,0.05415459248528592,8,8
61,C1,adapter_2,B,reuse_lora_inherit_head_reset_optimizer,3.6965155601501465,3.6533915996551514,0.04312396049499512,3.754932403564453,0.12527901473322672,0.07664930098207835,8,8
61,C1,adapter_2,B,reuse_lora_common_frozen_head,3.6965155601501465,3.68516206741333,0.011353492736816406,3.754932403564453,0.0,0.05469087035254129,8,8
61,C1,adapter_2,B,fresh_lora_common_frozen_head,3.7601561546325684,3.756387710571289,0.003768444061279297,3.8219919204711914,0.0,0.054276038603115716,8,8
62,C1,adapter_2,A,reuse_lora_inherit_head,3.5988292694091797,3.520193576812744,0.07863569259643555,3.5907230377197266,0.07300887310671379,0.061417968747168185,8,8
62,C1,adapter_2,A,reuse_lora_fresh_head,4.327043533325195,4.324721813201904,0.0023217201232910156,4.28178596496582,0.13157166723250102,0.05474385974636172,8,8
62,C1,adapter_2,A,fresh_lora_inherit_head,3.685645580291748,3.622997999191284,0.06264758110046387,3.6767807006835938,0.07276600818505405,0.054174027659890135,8,8
62,C1,adapter_2,A,fresh_lora_fresh_head,4.343364715576172,4.341753959655762,0.0016107559204101562,4.290345191955566,0.1309139446232945,0.05409099230844653,8,8
62,C1,adapter_2,A,reuse_lora_inherit_head_reset_optimizer,3.5988292694091797,3.581867218017578,0.016962051391601562,3.5907230377197266,0.12307414012117553,0.07664908929837508,8,8
62,C1,adapter_2,A,reuse_lora_common_frozen_head,3.5988292694091797,3.587526559829712,0.011302709579467773,3.5907230377197266,0.0,0.05405661309289753,8,8
62,C1,adapter_2,A,fresh_lora_common_frozen_head,3.685645580291748,3.6811461448669434,0.0044994354248046875,3.6767807006835938,0.0,0.05427284720330214,8,8
62,C1,adapter_2,B,reuse_lora_inherit_head,3.5559918880462646,3.482546806335449,0.07344508171081543,3.592383861541748,0.07649116383989457,0.06167867825638512,8,8
62,C1,adapter_2,B,reuse_lora_fresh_head,4.271877288818359,4.269169807434082,0.0027074813842773438,4.3212175369262695,0.13526589275407103,0.05436526799288721,8,8
62,C1,adapter_2,B,fresh_lora_inherit_head,3.641356945037842,3.5875611305236816,0.053795814514160156,3.675663471221924,0.0756986004594144,0.054219951839742035,8,8
62,C1,adapter_2,B,fresh_lora_fresh_head,4.2794647216796875,4.274726867675781,0.00473785400390625,4.324447154998779,0.13538620826174258,0.05415715068451487,8,8
62,C1,adapter_2,B,reuse_lora_inherit_head_reset_optimizer,3.5559918880462646,3.5265796184539795,0.029412269592285156,3.592383861541748,0.12715342478196415,0.07668156006135166,8,8
62,C1,adapter_2,B,reuse_lora_common_frozen_head,3.5559918880462646,3.541743278503418,0.01424860954284668,3.592383861541748,0.0,0.055719481479754564,8,8
62,C1,adapter_2,B,fresh_lora_common_frozen_head,3.641356945037842,3.6373214721679688,0.004035472869873047,3.675663471221924,0.0,0.0542744387708484,8,8
63,C1,adapter_2,A,reuse_lora_inherit_head,3.5767970085144043,3.4960224628448486,0.08077454566955566,3.609046220779419,0.07480192915490506,0.062111893847303916,8,8
63,C1,adapter_2,A,reuse_lora_fresh_head,4.351694583892822,4.336883068084717,0.014811515808105469,4.395604133605957,0.13082669004358238,0.05627671474182931,8,8
63,C1,adapter_2,A,fresh_lora_inherit_head,3.6751532554626465,3.6130356788635254,0.062117576599121094,3.701171875,0.07411895299739654,0.054223234244208884,8,8
63,C1,adapter_2,A,fresh_lora_fresh_head,4.355288505554199,4.342397689819336,0.012890815734863281,4.3965301513671875,0.12752706183918183,0.054135422230963876,8,8
63,C1,adapter_2,A,reuse_lora_inherit_head_reset_optimizer,3.5767970085144043,3.5460941791534424,0.030702829360961914,3.609046220779419,0.11975879979442959,0.07666174221068733,8,8
63,C1,adapter_2,A,reuse_lora_common_frozen_head,3.5767970085144043,3.564253807067871,0.012543201446533203,3.609046220779419,0.0,0.05807988778018843,8,8
63,C1,adapter_2,A,fresh_lora_common_frozen_head,3.6751532554626465,3.6710002422332764,0.004153013229370117,3.701171875,0.0,0.054279240270938035,8,8
63,C1,adapter_2,B,reuse_lora_inherit_head,3.5303564071655273,3.4462218284606934,0.08413457870483398,3.6332476139068604,0.07498840115094374,0.06307924076109582,8,8
63,C1,adapter_2,B,reuse_lora_fresh_head,4.342273235321045,4.322728157043457,0.01954507827758789,4.3606767654418945,0.12939690482593758,0.05621217702819185,8,8
63,C1,adapter_2,B,fresh_lora_inherit_head,3.6322083473205566,3.567537307739258,0.06467103958129883,3.716853618621826,0.07426337031649051,0.05421308070423828,8,8
63,C1,adapter_2,B,fresh_lora_fresh_head,4.343456268310547,4.326456069946289,0.017000198364257812,4.363010406494141,0.128588674841784,0.05414089188377581,8,8
63,C1,adapter_2,B,reuse_lora_inherit_head_reset_optimizer,3.5303564071655273,3.485841751098633,0.04451465606689453,3.6332476139068604,0.12045038437084236,0.07667275049314974,8,8
63,C1,adapter_2,B,reuse_lora_common_frozen_head,3.5303564071655273,3.516474723815918,0.013881683349609375,3.6332476139068604,0.0,0.058464403921753116,8,8
63,C1,adapter_2,B,fresh_lora_common_frozen_head,3.6322083473205566,3.6277008056640625,0.004507541656494141,3.716853618621826,0.0,0.05427313704581397,8,8
64,C1,adapter_2,A,reuse_lora_inherit_head,3.4591634273529053,3.372479200363159,0.0866842269897461,3.514488697052002,0.0751640200816992,0.06329694533000982,7,6
64,C1,adapter_2,A,reuse_lora_fresh_head,4.302700996398926,4.2648844718933105,0.037816524505615234,4.360855579376221,0.13005059850853692,0.05904570509068187,7,6
64,C1,adapter_2,A,fresh_lora_inherit_head,3.6002025604248047,3.5368006229400635,0.06340193748474121,3.6306827068328857,0.0747352978579175,0.054226817945129936,7,6
64,C1,adapter_2,A,fresh_lora_fresh_head,4.316147327423096,4.288553714752197,0.027593612670898438,4.384976387023926,0.1270209358695259,0.0541491940881611,7,6
64,C1,adapter_2,A,reuse_lora_inherit_head_reset_optimizer,3.4591634273529053,3.396697759628296,0.062465667724609375,3.514488697052002,0.11733073274309551,0.07668585445260369,7,6
64,C1,adapter_2,A,reuse_lora_common_frozen_head,3.4591634273529053,3.4432544708251953,0.01590895652770996,3.514488697052002,0.0,0.058392650000904406,7,6
64,C1,adapter_2,A,fresh_lora_common_frozen_head,3.6002025604248047,3.5950686931610107,0.005133867263793945,3.6306827068328857,0.0,0.05427910139829182,7,6
64,C1,adapter_2,B,reuse_lora_inherit_head,3.5264270305633545,3.4479212760925293,0.0785057544708252,3.522582769393921,0.07530902063836685,0.06364141821664007,6,7
64,C1,adapter_2,B,reuse_lora_fresh_head,4.385680198669434,4.351948261260986,0.033731937408447266,4.298525333404541,0.12887087872799177,0.057163489146760345,6,7
64,C1,adapter_2,B,fresh_lora_inherit_head,3.6457035541534424,3.5859386920928955,0.059764862060546875,3.641782522201538,0.07453872672500922,0.05422604910907679,6,7
64,C1,adapter_2,B,fresh_lora_fresh_head,4.403130054473877,4.375227451324463,0.027902603149414062,4.301817417144775,0.12541795841807546,0.054161188795420506,6,7
64,C1,adapter_2,B,reuse_lora_inherit_head_reset_optimizer,3.5264270305633545,3.472651720046997,0.05377531051635742,3.522582769393921,0.11890937737802607,0.07669665730333565,6,7
64,C1,adapter_2,B,reuse_lora_common_frozen_head,3.5264270305633545,3.513423442840576,0.01300358772277832,3.522582769393921,0.0,0.056980224293134374,6,7
64,C1,adapter_2,B,fresh_lora_common_frozen_head,3.6457035541534424,3.6409058570861816,0.004797697067260742,3.641782522201538,0.0,0.05427846091733888,6,7
65,B2,adapter_2,A,reuse_lora_inherit_head,4.667910575866699,4.694969177246094,-0.02705860137939453,4.68156099319458,0.06920975507086104,0.05235867946550315,8,8
65,B2,adapter_2,A,reuse_lora_fresh_head,4.3612895011901855,4.303947448730469,0.0573420524597168,4.417295455932617,0.13414175859164523,0.056212663904834745,8,8
65,B2,adapter_2,A,fresh_lora_inherit_head,4.584329605102539,4.591701507568359,-0.0073719024658203125,4.611038684844971,0.06951664016240773,0.05418637310672754,8,8
65,B2,adapter_2,A,fresh_lora_fresh_head,4.357763290405273,4.316799640655518,0.04096364974975586,4.403586387634277,0.13323706993044085,0.054158146066913854,8,8
65,B2,adapter_2,A,reuse_lora_inherit_head_reset_optimizer,4.667910575866699,4.586483001708984,0.08142757415771484,4.68156099319458,0.122947158336661,0.07662313424963156,8,8
65,B2,adapter_2,A,reuse_lora_common_frozen_head,4.667910575866699,4.671581268310547,-0.0036706924438476562,4.68156099319458,0.0,0.03699388997191116,8,8
65,B2,adapter_2,A,fresh_lora_common_frozen_head,4.584329605102539,4.581721305847168,0.0026082992553710938,4.611038684844971,0.0,0.05427260883952148,8,8
65,B2,adapter_2,B,reuse_lora_inherit_head,4.696750640869141,4.723752021789551,-0.027001380920410156,4.645120620727539,0.06852507292244449,0.051610411609453476,8,8
65,B2,adapter_2,B,reuse_lora_fresh_head,4.4440412521362305,4.396684169769287,0.04735708236694336,4.346621036529541,0.1301281364496958,0.05812796658796553,8,8
65,B2,adapter_2,B,fresh_lora_inherit_head,4.628580570220947,4.637369155883789,-0.008788585662841797,4.564092636108398,0.06904443905004554,0.054167923191676154,8,8
65,B2,adapter_2,B,fresh_lora_fresh_head,4.437135696411133,4.397187232971191,0.039948463439941406,4.344215393066406,0.12859777173743742,0.054146264770945765,8,8
65,B2,adapter_2,B,reuse_lora_inherit_head_reset_optimizer,4.696750640869141,4.626758098602295,0.0699925422668457,4.645120620727539,0.11932615969915679,0.07662530694626549,8,8
65,B2,adapter_2,B,reuse_lora_common_frozen_head,4.696750640869141,4.699611663818359,-0.00286102294921875,4.645120620727539,0.0,0.03471751721816179,8,8
65,B2,adapter_2,B,fresh_lora_common_frozen_head,4.628580570220947,4.626363754272461,0.002216815948486328,4.564092636108398,0.0,0.05426374680903393,8,8
66,B2,adapter_1,A,reuse_lora_inherit_head,3.227570056915283,3.152906894683838,0.07466316223144531,3.0696945190429688,0.06799659846518508,0.05585274030161671,8,8
66,B2,adapter_1,A,reuse_lora_fresh_head,4.36668586730957,4.327010154724121,0.03967571258544922,4.3384690284729,0.13160869628809674,0.048351478651524234,8,8
66,B2,adapter_1,A,fresh_lora_inherit_head,3.4289612770080566,3.3700027465820312,0.05895853042602539,3.333240509033203,0.06705728367253153,0.054247832333384156,8,8
66,B2,adapter_1,A,fresh_lora_fresh_head,4.366945266723633,4.336528778076172,0.030416488647460938,4.362982273101807,0.13223643978315794,0.054162672145871234,8,8
66,B2,adapter_1,A,reuse_lora_inherit_head_reset_optimizer,3.227570056915283,3.180189847946167,0.04738020896911621,3.0696945190429688,0.12352089701463688,0.07673561655541049,8,8
66,B2,adapter_1,A,reuse_lora_common_frozen_head,3.227570056915283,3.2134358882904053,0.01413416862487793,3.0696945190429688,0.0,0.05181296892877934,8,8
66,B2,adapter_1,A,fresh_lora_common_frozen_head,3.4289612770080566,3.42297101020813,0.005990266799926758,3.333240509033203,0.0,0.0542842279226284,8,8
66,B2,adapter_1,B,reuse_lora_inherit_head,3.018998861312866,2.9432373046875,0.07576155662536621,3.244715690612793,0.06671028288954715,0.05348126863888219,8,8
66,B2,adapter_1,B,reuse_lora_fresh_head,4.33056640625,4.296830177307129,0.033736228942871094,4.357036113739014,0.13326137636839072,0.04691939549623898,8,8
66,B2,adapter_1,B,fresh_lora_inherit_head,3.2937278747558594,3.234865427017212,0.05886244773864746,3.423614501953125,0.06613219988884128,0.0542337816541532,8,8
66,B2,adapter_1,B,fresh_lora_fresh_head,4.3637542724609375,4.33925724029541,0.024497032165527344,4.359285354614258,0.13388797116442555,0.054138946160246094,8,8
66,B2,adapter_1,B,reuse_lora_inherit_head_reset_optimizer,3.018998861312866,2.9670791625976562,0.05191969871520996,3.244715690612793,0.12296352713930651,0.07669512054251251,8,8
66,B2,adapter_1,B,reuse_lora_common_frozen_head,3.018998861312866,3.000058650970459,0.018940210342407227,3.244715690612793,0.0,0.05303757830410139,8,8
66,B2,adapter_1,B,fresh_lora_common_frozen_head,3.2937278747558594,3.2860312461853027,0.007696628570556641,3.423614501953125,0.0,0.05428461152792063,8,8
67,B2,adapter_1,A,reuse_lora_inherit_head,3.0615100860595703,2.9813287258148193,0.08018136024475098,2.999614715576172,0.06830268816611652,0.057214729785203415,8,8
67,B2,adapter_1,A,reuse_lora_fresh_head,4.364390850067139,4.326391220092773,0.037999629974365234,4.3246636390686035,0.13107531307534415,0.05045151624825179,8,8
67,B2,adapter_1,A,fresh_lora_inherit_head,3.3189616203308105,3.2602200508117676,0.05874156951904297,3.2639095783233643,0.06773271528418963,0.05424014887574377,8,8
67,B2,adapter_1,A,fresh_lora_fresh_head,4.382774353027344,4.352783679962158,0.029990673065185547,4.339448928833008,0.12781440513996112,0.05412727613045314,8,8
67,B2,adapter_1,A,reuse_lora_inherit_head_reset_optimizer,3.0615100860595703,2.9977054595947266,0.06380462646484375,2.999614715576172,0.12296546161434842,0.07669645874710733,8,8
67,B2,adapter_1,A,reuse_lora_common_frozen_head,3.0615100860595703,3.0412821769714355,0.020227909088134766,2.999614715576172,0.0,0.05586089599969056,8,8
67,B2,adapter_1,A,fresh_lora_common_frozen_head,3.3189616203308105,3.3121538162231445,0.006807804107666016,3.2639095783233643,0.0,0.05428614458168525,8,8
67,B2,adapter_1,B,reuse_lora_inherit_head,2.9992544651031494,2.921572685241699,0.0776817798614502,3.1087894439697266,0.06722204159916421,0.057099213255244995,8,8
67,B2,adapter_1,B,reuse_lora_fresh_head,4.329082012176514,4.289252281188965,0.03982973098754883,4.375371932983398,0.13121687727997555,0.05157608497347643,8,8
67,B2,adapter_1,B,fresh_lora_inherit_head,3.2678964138031006,3.2079553604125977,0.05994105339050293,3.3559014797210693,0.06676293893415104,0.05422635959671132,8,8
67,B2,adapter_1,B,fresh_lora_fresh_head,4.345342636108398,4.313316345214844,0.03202629089355469,4.385591506958008,0.13258539899178057,0.05412515744611195,8,8
67,B2,adapter_1,B,reuse_lora_inherit_head_reset_optimizer,2.9992544651031494,2.9351253509521484,0.06412911415100098,3.1087894439697266,0.12268154511273242,0.07669120265445926,8,8
67,B2,adapter_1,B,reuse_lora_common_frozen_head,2.9992544651031494,2.9808056354522705,0.018448829650878906,3.1087894439697266,0.0,0.05620316875824741,8,8
67,B2,adapter_1,B,fresh_lora_common_frozen_head,3.2678964138031006,3.260413646697998,0.007482767105102539,3.3559014797210693,0.0,0.054283151615179694,8,8
68,B2,adapter_1,A,reuse_lora_inherit_head,2.754281997680664,2.679673671722412,0.07460832595825195,3.0953896045684814,0.06952570809792433,0.06111252958794637,8,8
68,B2,adapter_1,A,reuse_lora_fresh_head,4.287160873413086,4.248959541320801,0.038201332092285156,4.404961585998535,0.13237696355240736,0.05476762823816725,8,8
68,B2,adapter_1,A,fresh_lora_inherit_head,3.0811803340911865,3.0216784477233887,0.05950188636779785,3.376112461090088,0.06853140600769941,0.054242662664679614,8,8
68,B2,adapter_1,A,fresh_lora_fresh_head,4.31559944152832,4.29290771484375,0.022691726684570312,4.4315690994262695,0.13197355798449764,0.05415104538866593,8,8
68,B2,adapter_1,A,reuse_lora_inherit_head_reset_optimizer,2.754281997680664,2.7095232009887695,0.04475879669189453,3.0953896045684814,0.12309998539975482,0.07672415612288165,8,8
68,B2,adapter_1,A,reuse_lora_common_frozen_head,2.754281997680664,2.7310526371002197,0.023229360580444336,3.0953896045684814,0.0,0.05816779661843591,8,8
68,B2,adapter_1,A,fresh_lora_common_frozen_head,3.0811803340911865,3.07086181640625,0.010318517684936523,3.376112461090088,0.0,0.05428511736807175,8,8
68,B2,adapter_1,B,reuse_lora_inherit_head,2.924123525619507,2.8421316146850586,0.08199191093444824,2.834735870361328,0.06745746552893253,0.059386135424406974,8,8
68,B2,adapter_1,B,reuse_lora_fresh_head,4.350061416625977,4.311212539672852,0.038848876953125,4.308857440948486,0.131981297512823,0.052918957845838825,8,8
68,B2,adapter_1,B,fresh_lora_inherit_head,3.2524924278259277,3.1916542053222656,0.06083822250366211,3.148937225341797,0.06700020149121344,0.054232934164231486,8,8
68,B2,adapter_1,B,fresh_lora_fresh_head,4.377134799957275,4.352672576904297,0.024462223052978516,4.322587013244629,0.13038269714143,0.05412166300181437,8,8
68,B2,adapter_1,B,reuse_lora_inherit_head_reset_optimizer,2.924123525619507,2.874692440032959,0.04943108558654785,2.834735870361328,0.1225451196491263,0.07669062781417929,8,8
68,B2,adapter_1,B,reuse_lora_common_frozen_head,2.924123525619507,2.9014899730682373,0.02263355255126953,2.834735870361328,0.0,0.05749286817547788,8,8
68,B2,adapter_1,B,fresh_lora_common_frozen_head,3.2524924278259277,3.244511127471924,0.007981300354003906,3.148937225341797,0.0,0.05428942874698896,8,8
69,B2,adapter_1,A,reuse_lora_inherit_head,2.869213104248047,2.786679267883301,0.0825338363647461,2.925710678100586,0.06888609262210607,0.06254884461515092,8,8
69,B2,adapter_1,A,reuse_lora_fresh_head,4.340182304382324,4.271876811981201,0.06830549240112305,4.32304573059082,0.13015927888184028,0.056879764882472296,8,8
69,B2,adapter_1,A,fresh_lora_inherit_head,3.191134452819824,3.1281981468200684,0.06293630599975586,3.224818229675293,0.06828378979019419,0.054230952432370465,8,8
69,B2,adapter_1,A,fresh_lora_fresh_head,4.350697994232178,4.308396339416504,0.04230165481567383,4.335998058319092,0.12567679069610965,0.054128477456591356,8,8
69,B2,adapter_1,A,reuse_lora_inherit_head_reset_optimizer,2.869213104248047,2.7984180450439453,0.07079505920410156,2.925710678100586,0.12045979012050823,0.07671079663831826,8,8
69,B2,adapter_1,A,reuse_lora_common_frozen_head,2.869213104248047,2.846930980682373,0.022282123565673828,2.925710678100586,0.0,0.0614921796957667,8,8
69,B2,adapter_1,A,fresh_lora_common_frozen_head,3.191134452819824,3.1835951805114746,0.007539272308349609,3.224818229675293,0.0,0.054281328411578594,8,8
69,B2,adapter_1,B,reuse_lora_inherit_head,2.8864760398864746,2.808849334716797,0.07762670516967773,2.9339168071746826,0.0694255433793748,0.0632023266221455,8,8
69,B2,adapter_1,B,reuse_lora_fresh_head,4.371710777282715,4.304958343505859,0.06675243377685547,4.330512046813965,0.13173287317176205,0.05713326906699167,8,8
69,B2,adapter_1,B,fresh_lora_inherit_head,3.182551860809326,3.121164321899414,0.06138753890991211,3.243264675140381,0.06876194277678221,0.05424264093445267,8,8
69,B2,adapter_1,B,fresh_lora_fresh_head,4.374514579772949,4.330530166625977,0.043984413146972656,4.342527389526367,0.1280860354110864,0.05413651800669853,8,8
69,B2,adapter_1,B,reuse_lora_inherit_head_reset_optimizer,2.8864760398864746,2.811774492263794,0.07470154762268066,2.9339168071746826,0.12102734258820859,0.07672458988634982,8,8
69,B2,adapter_1,B,reuse_lora_common_frozen_head,2.8864760398864746,2.865393877029419,0.021082162857055664,2.9339168071746826,0.0,0.060830662944610175,8,8
69,B2,adapter_1,B,fresh_lora_common_frozen_head,3.182551860809326,3.175021171569824,0.007530689239501953,3.243264675140381,0.0,0.054284591690955904,8,8
70,B2,adapter_1,A,reuse_lora_inherit_head,2.8302738666534424,2.7572340965270996,0.07303977012634277,2.7491066455841064,0.06922000241285708,0.06425637897871532,8,8
70,B2,adapter_1,A,reuse_lora_fresh_head,4.31939697265625,4.275896072387695,0.04350090026855469,4.347129821777344,0.13324699555804143,0.05858111934574276,8,8
70,B2,adapter_1,A,fresh_lora_inherit_head,3.143261671066284,3.0853655338287354,0.05789613723754883,3.0998167991638184,0.0690145135487475,0.05424108679823925,8,8
70,B2,adapter_1,A,fresh_lora_fresh_head,4.347757816314697,4.3230085372924805,0.024749279022216797,4.347314834594727,0.13147313424839074,0.05413363786868721,8,8
70,B2,adapter_1,A,reuse_lora_inherit_head_reset_optimizer,2.8302738666534424,2.809117317199707,0.02115654945373535,2.7491066455841064,0.12261317459398706,0.07671025808267597,8,8
70,B2,adapter_1,A,reuse_lora_common_frozen_head,2.8302738666534424,2.8075785636901855,0.022695302963256836,2.7491066455841064,0.0,0.062472099788400896,8,8
70,B2,adapter_1,A,fresh_lora_common_frozen_head,3.143261671066284,3.136060953140259,0.007200717926025391,3.0998167991638184,0.0,0.05428718464247163,8,8
70,B2,adapter_1,B,reuse_lora_inherit_head,2.7590126991271973,2.6843602657318115,0.07465243339538574,2.890432357788086,0.06855045894925046,0.06320057277667518,8,8
70,B2,adapter_1,B,reuse_lora_fresh_head,4.365316390991211,4.329163074493408,0.036153316497802734,4.326666831970215,0.13363725218978967,0.05858853324376428,8,8
70,B2,adapter_1,B,fresh_lora_inherit_head,3.0938525199890137,3.0309407711029053,0.0629117488861084,3.1885998249053955,0.06818736735836221,0.05422169498349127,8,8
70,B2,adapter_1,B,fresh_lora_fresh_head,4.365645885467529,4.346735954284668,0.018909931182861328,4.349427223205566,0.13272494590492742,0.05413179753227172,8,8
70,B2,adapter_1,B,reuse_lora_inherit_head_reset_optimizer,2.7590126991271973,2.7387921810150146,0.020220518112182617,2.890432357788086,0.12308324589253608,0.07669688327544597,8,8
70,B2,adapter_1,B,reuse_lora_common_frozen_head,2.7590126991271973,2.738914966583252,0.020097732543945312,2.890432357788086,0.0,0.062066634311612044,8,8
70,B2,adapter_1,B,fresh_lora_common_frozen_head,3.0938525199890137,3.0856571197509766,0.00819540023803711,3.1885998249053955,0.0,0.05428183481848584,8,8
71,B2,adapter_1,A,reuse_lora_inherit_head,2.67488169670105,2.587592601776123,0.08728909492492676,2.656521797180176,0.0692308882586654,0.06582220149796195,8,8
71,B2,adapter_1,A,reuse_lora_fresh_head,4.3503193855285645,4.24520206451416,0.1051173210144043,4.365076065063477,0.13438622508834472,0.05959376194594014,8,8
71,B2,adapter_1,A,fresh_lora_inherit_head,3.0740222930908203,3.0075814723968506,0.06644082069396973,3.080207109451294,0.06910942072066395,0.05424876261220143,8,8
71,B2,adapter_1,A,fresh_lora_fresh_head,4.376293182373047,4.314687728881836,0.06160545349121094,4.389607906341553,0.13118330136319042,0.054142772764019374,8,8
71,B2,adapter_1,A,reuse_lora_inherit_head_reset_optimizer,2.67488169670105,2.5716426372528076,0.10323905944824219,2.656521797180176,0.12171995628260247,0.07671673681365868,8,8
71,B2,adapter_1,A,reuse_lora_common_frozen_head,2.67488169670105,2.6505813598632812,0.024300336837768555,2.656521797180176,0.0,0.0633098072841484,8,8
71,B2,adapter_1,A,fresh_lora_common_frozen_head,3.0740222930908203,3.0652976036071777,0.008724689483642578,3.080207109451294,0.0,0.05428772289290981,8,8
71,B2,adapter_1,B,reuse_lora_inherit_head,2.601912021636963,2.5243799686431885,0.07753205299377441,2.6994082927703857,0.06969061809199635,0.06567560903889158,8,8
71,B2,adapter_1,B,reuse_lora_fresh_head,4.34358549118042,4.239234924316406,0.10435056686401367,4.31173038482666,0.13365136065623287,0.06090042406938046,8,8
71,B2,adapter_1,B,fresh_lora_inherit_head,3.039599895477295,2.9755077362060547,0.06409215927124023,3.111520290374756,0.06924094610102668,0.05424143985639583,8,8
71,B2,adapter_1,B,fresh_lora_fresh_head,4.38306188583374,4.322258949279785,0.06080293655395508,4.348791122436523,0.1335068429908999,0.054130754889142575,8,8
71,B2,adapter_1,B,reuse_lora_inherit_head_reset_optimizer,2.601912021636963,2.5017647743225098,0.10014724731445312,2.6994082927703857,0.12295849991660507,0.07672423208382353,8,8
71,B2,adapter_1,B,reuse_lora_common_frozen_head,2.601912021636963,2.578800678253174,0.023111343383789062,2.6994082927703857,0.0,0.06309115248788187,8,8
71,B2,adapter_1,B,fresh_lora_common_frozen_head,3.039599895477295,3.0300707817077637,0.00952911376953125,3.111520290374756,0.0,0.05428581620783946,8,8
72,B2,adapter_1,A,reuse_lora_inherit_head,2.7042112350463867,2.6507978439331055,0.05341339111328125,2.645003318786621,0.06853320424637468,0.06609698867015833,8,8
72,B2,adapter_1,A,reuse_lora_fresh_head,4.333634376525879,4.271358013153076,0.062276363372802734,4.336333274841309,0.13185710208830245,0.060253877626239155,8,8
72,B2,adapter_1,A,fresh_lora_inherit_head,3.0489964485168457,2.9938173294067383,0.05517911911010742,3.0405287742614746,0.06824168526919673,0.05424383527920158,8,8
72,B2,adapter_1,A,fresh_lora_fresh_head,4.345108985900879,4.312419891357422,0.03268909454345703,4.330788612365723,0.12873329005229492,0.05412484073190544,8,8
72,B2,adapter_1,A,reuse_lora_inherit_head_reset_optimizer,2.7042112350463867,2.6649928092956543,0.03921842575073242,2.645003318786621,0.12185145562133022,0.07671436971412789,8,8
72,B2,adapter_1,A,reuse_lora_common_frozen_head,2.7042112350463867,2.6889679431915283,0.015243291854858398,2.645003318786621,0.0,0.0641947809209233,8,8
72,B2,adapter_1,A,fresh_lora_common_frozen_head,3.0489964485168457,3.0409722328186035,0.008024215698242188,3.0405287742614746,0.0,0.054290145221883516,8,8
72,B2,adapter_1,B,reuse_lora_inherit_head,2.5540804862976074,2.4915308952331543,0.06254959106445312,2.6964969635009766,0.06825640747813413,0.06532638733507998,8,8
72,B2,adapter_1,B,reuse_lora_fresh_head,4.327754497528076,4.280245780944824,0.04750871658325195,4.271448135375977,0.13275737028836287,0.06268315915353365,8,8
72,B2,adapter_1,B,fresh_lora_inherit_head,2.950047492980957,2.8929648399353027,0.0570826530456543,3.0313339233398438,0.06841767351855423,0.054237927683960206,8,8
72,B2,adapter_1,B,fresh_lora_fresh_head,4.332582473754883,4.31005859375,0.022523880004882812,4.288096904754639,0.12977812745996561,0.05411739916228878,8,8
72,B2,adapter_1,B,reuse_lora_inherit_head_reset_optimizer,2.5540804862976074,2.5246071815490723,0.029473304748535156,2.6964969635009766,0.12199330675983269,0.07668952593796306,8,8
72,B2,adapter_1,B,reuse_lora_common_frozen_head,2.5540804862976074,2.532093048095703,0.021987438201904297,2.6964969635009766,0.0,0.0662189305410626,8,8
72,B2,adapter_1,B,fresh_lora_common_frozen_head,2.950047492980957,2.9411849975585938,0.008862495422363281,3.0313339233398438,0.0,0.054286291478076905,8,8
73,B2,adapter_1,A,reuse_lora_inherit_head,2.5189085006713867,2.4822769165039062,0.03663158416748047,2.719202756881714,0.06718626261004829,0.06427448310187174,8,8
73,B2,adapter_1,A,reuse_lora_fresh_head,4.325216293334961,4.302538871765137,0.02267742156982422,4.374088764190674,0.13352235256616854,0.06114857013004113,8,8
73,B2,adapter_1,A,fresh_lora_inherit_head,2.9605727195739746,2.915182113647461,0.04539060592651367,3.0405826568603516,0.06763836549330894,0.05424415505437483,8,8
73,B2,adapter_1,A,fresh_lora_fresh_head,4.325194835662842,4.311834812164307,0.013360023498535156,4.38538122177124,0.13249113685910646,0.054155552311187606,8,8
73,B2,adapter_1,A,reuse_lora_inherit_head_reset_optimizer,2.5189085006713867,2.545013427734375,-0.02610492706298828,2.719202756881714,0.12323695484328377,0.07668256289818912,8,8
73,B2,adapter_1,A,reuse_lora_common_frozen_head,2.5189085006713867,2.4989001750946045,0.020008325576782227,2.719202756881714,0.0,0.06642052246384991,8,8
73,B2,adapter_1,A,fresh_lora_common_frozen_head,2.9605727195739746,2.9512109756469727,0.009361743927001953,3.0405826568603516,0.0,0.054286970466634735,8,8
73,B2,adapter_1,B,reuse_lora_inherit_head,2.615117073059082,2.571423053741455,0.04369401931762695,2.5695676803588867,0.06596053418349543,0.06438819271199665,8,8
73,B2,adapter_1,B,reuse_lora_fresh_head,4.379910469055176,4.34762716293335,0.03228330612182617,4.320218086242676,0.13337998026617173,0.059209008664846276,8,8
73,B2,adapter_1,B,fresh_lora_inherit_head,2.98331356048584,2.93143367767334,0.0518798828125,3.0268802642822266,0.06611760811346626,0.05423511692365595,8,8
73,B2,adapter_1,B,fresh_lora_fresh_head,4.397171974182129,4.380932331085205,0.016239643096923828,4.326596260070801,0.12713870009404368,0.05410065124932154,8,8
73,B2,adapter_1,B,reuse_lora_inherit_head_reset_optimizer,2.615117073059082,2.6263742446899414,-0.011257171630859375,2.5695676803588867,0.12212518038577161,0.07666967047812416,8,8
73,B2,adapter_1,B,reuse_lora_common_frozen_head,2.615117073059082,2.600435256958008,0.014681816101074219,2.5695676803588867,0.0,0.06474879446283752,8,8
73,B2,adapter_1,B,fresh_lora_common_frozen_head,2.98331356048584,2.975761890411377,0.007551670074462891,3.0268802642822266,0.0,0.05428997045970594,8,8
74,B2,adapter_1,A,reuse_lora_inherit_head,2.466346502304077,2.426727294921875,0.03961920738220215,2.5663375854492188,0.0651133895616025,0.06409294083050045,8,8
74,B2,adapter_1,A,reuse_lora_fresh_head,4.304872512817383,4.232794761657715,0.07207775115966797,4.396058082580566,0.1341479107889977,0.061801218436663176,8,8
74,B2,adapter_1,A,fresh_lora_inherit_head,2.927885055541992,2.880087375640869,0.04779767990112305,2.964522361755371,0.06609359416333958,0.054246420521646084,8,8
74,B2,adapter_1,A,fresh_lora_fresh_head,4.345605373382568,4.312173843383789,0.0334315299987793,4.408862113952637,0.13171446230214387,0.05415014151368042,8,8
74,B2,adapter_1,A,reuse_lora_inherit_head_reset_optimizer,2.466346502304077,2.4469308853149414,0.019415616989135742,2.5663375854492188,0.12172177870362054,0.0766912493321737,8,8
74,B2,adapter_1,A,reuse_lora_common_frozen_head,2.466346502304077,2.447307586669922,0.019038915634155273,2.5663375854492188,0.0,0.06577363404974998,8,8
74,B2,adapter_1,A,fresh_lora_common_frozen_head,2.927885055541992,2.918818473815918,0.009066581726074219,2.964522361755371,0.0,0.054288369697756224,8,8
74,B2,adapter_1,B,reuse_lora_inherit_head,2.5406575202941895,2.505242109298706,0.0354154109954834,2.4810357093811035,0.06512506838279936,0.06545917325662705,8,8
74,B2,adapter_1,B,reuse_lora_fresh_head,4.3544697761535645,4.290472984313965,0.06399679183959961,4.289700031280518,0.13199122271096936,0.06181165687680126,8,8
74,B2,adapter_1,B,fresh_lora_inherit_head,2.951387405395508,2.90175461769104,0.04963278770446777,2.975835084915161,0.06540328736710056,0.05424070422654829,8,8
74,B2,adapter_1,B,fresh_lora_fresh_head,4.378879547119141,4.347683906555176,0.031195640563964844,4.318931579589844,0.127009474816441,0.054096935720894745,8,8
74,B2,adapter_1,B,reuse_lora_inherit_head_reset_optimizer,2.5406575202941895,2.539173126220703,0.0014843940734863281,2.4810357093811035,0.12129918721608439,0.07670614575655609,8,8
74,B2,adapter_1,B,reuse_lora_common_frozen_head,2.5406575202941895,2.5282223224639893,0.012435197830200195,2.4810357093811035,0.0,0.06533896360178985,8,8
74,B2,adapter_1,B,fresh_lora_common_frozen_head,2.951387405395508,2.942819118499756,0.008568286895751953,2.975835084915161,0.0,0.054287220561740755,8,8
75,B2,adapter_1,A,reuse_lora_inherit_head,2.639735698699951,2.5974931716918945,0.04224252700805664,2.5479929447174072,0.06433627034196371,0.06278620328848142,8,8
75,B2,adapter_1,A,reuse_lora_fresh_head,4.392658233642578,4.333459377288818,0.059198856353759766,4.3959574699401855,0.1337699982194421,0.06058735669437309,8,8
75,B2,adapter_1,A,fresh_lora_inherit_head,2.9860892295837402,2.934321165084839,0.05176806449890137,2.9596195220947266,0.06435249737906844,0.05423627011498795,8,8
75,B2,adapter_1,A,fresh_lora_fresh_head,4.389739036560059,4.358654022216797,0.03108501434326172,4.392642498016357,0.1266197973879666,0.05414159419780401,8,8
75,B2,adapter_1,A,reuse_lora_inherit_head_reset_optimizer,2.639735698699951,2.59975528717041,0.039980411529541016,2.5479929447174072,0.12349842527261999,0.07666265599767398,8,8
75,B2,adapter_1,A,reuse_lora_common_frozen_head,2.639735698699951,2.6353397369384766,0.004395961761474609,2.5479929447174072,0.0,0.06419115818530469,8,8
75,B2,adapter_1,A,fresh_lora_common_frozen_head,2.9860892295837402,2.9786877632141113,0.007401466369628906,2.9596195220947266,0.0,0.05428819814645503,8,8
75,B2,adapter_1,B,reuse_lora_inherit_head,2.5737242698669434,2.534740924835205,0.03898334503173828,2.6207234859466553,0.0631853616712113,0.06127306336066968,8,8
75,B2,adapter_1,B,reuse_lora_fresh_head,4.405065536499023,4.365614414215088,0.03945112228393555,4.346553802490234,0.13338403486862818,0.06074231114836815,8,8
75,B2,adapter_1,B,fresh_lora_inherit_head,2.9517757892608643,2.900725841522217,0.05104994773864746,3.019225597381592,0.06363875617349099,0.05421540504380737,8,8
75,B2,adapter_1,B,fresh_lora_fresh_head,4.399653434753418,4.377741813659668,0.02191162109375,4.379054069519043,0.1256689354248783,0.05408278381885591,8,8
75,B2,adapter_1,B,reuse_lora_inherit_head_reset_optimizer,2.5737242698669434,2.563091993331909,0.01063227653503418,2.6207234859466553,0.1229318193366172,0.07652606900195037,8,8
75,B2,adapter_1,B,reuse_lora_common_frozen_head,2.5737242698669434,2.5658273696899414,0.007896900177001953,2.6207234859466553,0.0,0.0629497886835935,8,8
75,B2,adapter_1,B,fresh_lora_common_frozen_head,2.9517757892608643,2.943314552307129,0.008461236953735352,3.019225597381592,0.0,0.05428576447202385,8,8
76,B2,adapter_1,A,reuse_lora_inherit_head,2.404536724090576,2.3699874877929688,0.03454923629760742,2.5080032348632812,0.06073593817790628,0.05844667093742077,8,8
76,B2,adapter_1,A,reuse_lora_fresh_head,4.326858043670654,4.273698806762695,0.053159236907958984,4.344056129455566,0.13314037782529298,0.0583886983629233,8,8
76,B2,adapter_1,A,fresh_lora_inherit_head,2.8459949493408203,2.8000235557556152,0.04597139358520508,2.9185094833374023,0.06160833558028942,0.0542382244204858,8,8
76,B2,adapter_1,A,fresh_lora_fresh_head,4.345463752746582,4.316813945770264,0.02864980697631836,4.4083333015441895,0.12592090509987863,0.0541225193591537,8,8
76,B2,adapter_1,A,reuse_lora_inherit_head_reset_optimizer,2.404536724090576,2.4131665229797363,-0.008629798889160156,2.5080032348632812,0.1222565067291668,0.07661696412378331,8,8
76,B2,adapter_1,A,reuse_lora_common_frozen_head,2.404536724090576,2.3953561782836914,0.009180545806884766,2.5080032348632812,0.0,0.06177383470558717,8,8
76,B2,adapter_1,A,fresh_lora_common_frozen_head,2.8459949493408203,2.8371872901916504,0.008807659149169922,2.9185094833374023,0.0,0.054289510232077516,8,8
76,B2,adapter_1,B,reuse_lora_inherit_head,2.4940454959869385,2.4820315837860107,0.012013912200927734,2.4465126991271973,0.0627987994168633,0.06025896131846974,8,8
76,B2,adapter_1,B,reuse_lora_fresh_head,4.3654279708862305,4.299653053283691,0.06577491760253906,4.341400146484375,0.13476807624824916,0.05885985139473424,8,8
76,B2,adapter_1,B,fresh_lora_inherit_head,2.8994174003601074,2.859238624572754,0.040178775787353516,2.9110634326934814,0.06285423095779791,0.05424565625557769,8,8
76,B2,adapter_1,B,fresh_lora_fresh_head,4.415401935577393,4.384644508361816,0.030757427215576172,4.356466770172119,0.12781626614275576,0.054133543783475936,8,8
76,B2,adapter_1,B,reuse_lora_inherit_head_reset_optimizer,2.4940454959869385,2.509376049041748,-0.01533055305480957,2.4465126991271973,0.12296193721021355,0.07668672155646758,8,8
76,B2,adapter_1,B,reuse_lora_common_frozen_head,2.4940454959869385,2.489058017730713,0.004987478256225586,2.4465126991271973,0.0,0.0625758352451214,8,8
76,B2,adapter_1,B,fresh_lora_common_frozen_head,2.8994174003601074,2.890777349472046,0.008640050888061523,2.9110634326934814,0.0,0.054289066351297786,8,8
77,B2,adapter_1,A,reuse_lora_inherit_head,2.346536636352539,2.3133583068847656,0.03317832946777344,2.3505282402038574,0.05923457929526355,0.055145211422953,8,8
77,B2,adapter_1,A,reuse_lora_fresh_head,4.325045585632324,4.221319675445557,0.10372591018676758,4.261292934417725,0.13478718014596003,0.05665292656380382,8,8
77,B2,adapter_1,A,fresh_lora_inherit_head,2.7794597148895264,2.735224485397339,0.0442352294921875,2.7678780555725098,0.06029257739933541,0.054234085255441766,8,8
77,B2,adapter_1,A,fresh_lora_fresh_head,4.369986057281494,4.3246283531188965,0.045357704162597656,4.333978652954102,0.13426045788788551,0.054123206989500905,8,8
77,B2,adapter_1,A,reuse_lora_inherit_head_reset_optimizer,2.346536636352539,2.318080186843872,0.028456449508666992,2.3505282402038574,0.12431618185980423,0.07658893642880597,8,8
77,B2,adapter_1,A,reuse_lora_common_frozen_head,2.346536636352539,2.3391385078430176,0.007398128509521484,2.3505282402038574,0.0,0.05608771682868266,8,8
77,B2,adapter_1,A,fresh_lora_common_frozen_head,2.7794597148895264,2.7696356773376465,0.009824037551879883,2.7678780555725098,0.0,0.05428917705378846,8,8
77,B2,adapter_1,B,reuse_lora_inherit_head,2.277515411376953,2.25734281539917,0.020172595977783203,2.354020357131958,0.060320872138796104,0.05670575469994034,8,8
77,B2,adapter_1,B,reuse_lora_fresh_head,4.274245262145996,4.148828506469727,0.12541675567626953,4.311801910400391,0.13314295547257424,0.05770842837295307,8,8
77,B2,adapter_1,B,fresh_lora_inherit_head,2.7507388591766357,2.7084298133850098,0.04230904579162598,2.791473388671875,0.06078040246202329,0.05424409362120344,8,8
77,B2,adapter_1,B,fresh_lora_fresh_head,4.353198051452637,4.298198699951172,0.054999351501464844,4.361703872680664,0.12859976363567308,0.054125954600576905,8,8
77,B2,adapter_1,B,reuse_lora_inherit_head_reset_optimizer,2.277515411376953,2.2341244220733643,0.04339098930358887,2.354020357131958,0.12418378910700871,0.07661396610366321,8,8
77,B2,adapter_1,B,reuse_lora_common_frozen_head,2.277515411376953,2.2706456184387207,0.006869792938232422,2.354020357131958,0.0,0.06092350224263409,8,8
77,B2,adapter_1,B,fresh_lora_common_frozen_head,2.7507388591766357,2.7410032749176025,0.009735584259033203,2.791473388671875,0.0,0.05428886049231299,8,8
78,B2,adapter_1,A,reuse_lora_inherit_head,2.349315643310547,2.325859546661377,0.023456096649169922,2.29575252532959,0.05796047440980606,0.05440341602527171,8,8
78,B2,adapter_1,A,reuse_lora_fresh_head,4.33637809753418,4.276559352874756,0.05981874465942383,4.27414608001709,0.1340187395581454,0.05449871250407853,8,8
78,B2,adapter_1,A,fresh_lora_inherit_head,2.780228614807129,2.7371697425842285,0.04305887222290039,2.7687735557556152,0.058142232163391615,0.05424172423287529,8,8
78,B2,adapter_1,A,fresh_lora_fresh_head,4.366685390472412,4.337054252624512,0.02963113784790039,4.3515167236328125,0.12431926785916414,0.05411674318818618,8,8
78,B2,adapter_1,A,reuse_lora_inherit_head_reset_optimizer,2.349315643310547,2.4089841842651367,-0.059668540954589844,2.29575252532959,0.12486312800069035,0.07661974560870154,8,8
78,B2,adapter_1,A,reuse_lora_common_frozen_head,2.349315643310547,2.3488755226135254,0.0004401206970214844,2.29575252532959,0.0,0.05929436144791227,8,8
78,B2,adapter_1,A,fresh_lora_common_frozen_head,2.780228614807129,2.771040916442871,0.009187698364257812,2.7687735557556152,0.0,0.05429001656266631,8,8
78,B2,adapter_1,B,reuse_lora_inherit_head,2.2835371494293213,2.2803778648376465,0.0031592845916748047,2.3658316135406494,0.059566285952983154,0.05223485219085014,8,8
78,B2,adapter_1,B,reuse_lora_fresh_head,4.269706726074219,4.180222988128662,0.08948373794555664,4.332520008087158,0.13676505643053893,0.052582973100434874,8,8
78,B2,adapter_1,B,fresh_lora_inherit_head,2.702826499938965,2.673654794692993,0.02917170524597168,2.7851181030273438,0.05973869113735511,0.05425383594552778,8,8
78,B2,adapter_1,B,fresh_lora_fresh_head,4.347092151641846,4.309337139129639,0.03775501251220703,4.360951900482178,0.13374949965028943,0.05415929135875486,8,8
78,B2,adapter_1,B,reuse_lora_inherit_head_reset_optimizer,2.2835371494293213,2.314594268798828,-0.031057119369506836,2.3658316135406494,0.126725538745673,0.07663309058371692,8,8
78,B2,adapter_1,B,reuse_lora_common_frozen_head,2.2835371494293213,2.277437925338745,0.006099224090576172,2.3658316135406494,0.0,0.05097694748232062,8,8
78,B2,adapter_1,B,fresh_lora_common_frozen_head,2.702826499938965,2.6937856674194336,0.00904083251953125,2.7851181030273438,0.0,0.054289747717526135,8,8
79,B2,adapter_1,A,reuse_lora_inherit_head,2.397047996520996,2.401247501373291,-0.004199504852294922,2.580524444580078,0.05789594161015668,0.05021203799764028,8,8
79,B2,adapter_1,A,reuse_lora_fresh_head,4.317079544067383,4.247835159301758,0.069244384765625,4.37821626663208,0.13326182936310216,0.05061731062502651,8,8
79,B2,adapter_1,A,fresh_lora_inherit_head,2.8065922260284424,2.779967784881592,0.026624441146850586,2.8748676776885986,0.05740779603878939,0.054200791546744086,8,8
79,B2,adapter_1,A,fresh_lora_fresh_head,4.352104187011719,4.324039459228516,0.028064727783203125,4.369243144989014,0.1314433843500501,0.0541060614825211,8,8
79,B2,adapter_1,A,reuse_lora_inherit_head_reset_optimizer,2.397047996520996,2.3854575157165527,0.01159048080444336,2.580524444580078,0.12498144234848266,0.07653274652498324,8,8
79,B2,adapter_1,A,reuse_lora_common_frozen_head,2.397047996520996,2.397934913635254,-0.0008869171142578125,2.580524444580078,0.0,0.052664764433930804,8,8
79,B2,adapter_1,A,fresh_lora_common_frozen_head,2.8065922260284424,2.7983527183532715,0.008239507675170898,2.8748676776885986,0.0,0.054284736715084804,8,8
79,B2,adapter_1,B,reuse_lora_inherit_head,2.5244879722595215,2.482419013977051,0.0420689582824707,2.348874092102051,0.05708787958892031,0.04992586654022614,8,8
79,B2,adapter_1,B,reuse_lora_fresh_head,4.353827476501465,4.276519775390625,0.07730770111083984,4.284040451049805,0.13327108479259522,0.04952752877667364,8,8
79,B2,adapter_1,B,fresh_lora_inherit_head,2.83227801322937,2.7901089191436768,0.04216909408569336,2.7883739471435547,0.05758302787002349,0.05423088199510066,8,8
79,B2,adapter_1,B,fresh_lora_fresh_head,4.362315654754639,4.3352155685424805,0.027100086212158203,4.311174392700195,0.13064354101943979,0.05413249727608674,8,8
79,B2,adapter_1,B,reuse_lora_inherit_head_reset_optimizer,2.5244879722595215,2.5484728813171387,-0.023984909057617188,2.348874092102051,0.1264304823197106,0.07657766906160812,8,8
79,B2,adapter_1,B,reuse_lora_common_frozen_head,2.5244879722595215,2.5211520195007324,0.0033359527587890625,2.348874092102051,0.0,0.05024681893379915,8,8
79,B2,adapter_1,B,fresh_lora_common_frozen_head,2.83227801322937,2.8240444660186768,0.00823354721069336,2.7883739471435547,0.0,0.054285658587687934,8,8
80,B2,adapter_1,A,reuse_lora_inherit_head,2.3258254528045654,2.293588399887085,0.03223705291748047,2.4139788150787354,0.056704188676000564,0.046114467904197744,7,6
80,B2,adapter_1,A,reuse_lora_fresh_head,4.263072490692139,4.10957670211792,0.15349578857421875,4.315507411956787,0.13199717594010066,0.04874567424301016,7,6
80,B2,adapter_1,A,fresh_lora_inherit_head,2.736279249191284,2.700254440307617,0.03602480888366699,2.775681734085083,0.05564009069230899,0.05423640399950326,7,6
80,B2,adapter_1,A,fresh_lora_fresh_head,4.338736057281494,4.269533634185791,0.06920242309570312,4.399282932281494,0.13055558965026104,0.05416017533284674,7,6
80,B2,adapter_1,A,reuse_lora_inherit_head_reset_optimizer,2.3258254528045654,2.2165322303771973,0.10929322242736816,2.4139788150787354,0.12672532246106794,0.07658546742111795,7,6
80,B2,adapter_1,A,reuse_lora_common_frozen_head,2.3258254528045654,2.322446584701538,0.0033788681030273438,2.4139788150787354,0.0,0.04723031581568553,7,6
80,B2,adapter_1,A,fresh_lora_common_frozen_head,2.736279249191284,2.7267940044403076,0.009485244750976562,2.775681734085083,0.0,0.05429019802568233,7,6
80,B2,adapter_1,B,reuse_lora_inherit_head,2.378526449203491,2.3432252407073975,0.03530120849609375,2.352576732635498,0.056094668288723955,0.04701853864037249,6,7
80,B2,adapter_1,B,reuse_lora_fresh_head,4.3084821701049805,4.167144775390625,0.14133739471435547,4.246083736419678,0.1338912962974276,0.047783110024415404,6,7
80,B2,adapter_1,B,fresh_lora_inherit_head,2.787940740585327,2.75136137008667,0.03657937049865723,2.763029098510742,0.055090514669969705,0.05422977752674608,6,7
80,B2,adapter_1,B,fresh_lora_fresh_head,4.399458885192871,4.345112323760986,0.054346561431884766,4.335411071777344,0.1280742557718398,0.054153717287658,6,7
80,B2,adapter_1,B,reuse_lora_inherit_head_reset_optimizer,2.378526449203491,2.2866291999816895,0.09189724922180176,2.352576732635498,0.12698435569033284,0.07660248158215137,6,7
80,B2,adapter_1,B,reuse_lora_common_frozen_head,2.378526449203491,2.3759071826934814,0.0026192665100097656,2.352576732635498,0.0,0.05133695369900996,6,7
80,B2,adapter_1,B,fresh_lora_common_frozen_head,2.787940740585327,2.7799155712127686,0.008025169372558594,2.763029098510742,0.0,0.05429032025153738,6,7
