step,segment,concept,occurrence,adapter,decision,reason,loss,num_adapters,train_executed,lora_parameters,private_head_parameters,unwrapped_shared_head_parameters,total_unique_parameters,currently_trainable_parameters,optimizer_state_bytes,replay_items,elapsed_seconds,gpu_peak_allocated_bytes,component_audit_seconds,live_training_seconds,evaluation_seconds,memory_budget,allocated_memory_slots,statusquo_loss,fresh_utility,best_reuse_utility,fresh_advantage,fresh_positive,fresh_feasible_both,info
1,A1,A,1,default,warmup,existing_warmup,4.317212104797363,1,True,147456,649805,0,67809946,649805,5198456,16,2.15920413704589,300479488,0.0,0.36458442686125636,0.0,512,512,,,,,,,"{""best_reuse"": null, ""best_reuse_utility"": null, ""decision"": ""warmup"", ""fresh_positive"": null, ""fresh_utility"": null, ""full_batch_guards"": {}, ""guarded_best_reuse"": null, ""num_adapters"": 1, ""pending_after"": false, ""pending_before"": false, ""policy_version"": ""cau_v1"", ""reason"": ""existing_warmup"", ""utility_status"": ""warmup""}"
2,A1,A,1,default,warmup,existing_warmup,4.303879737854004,1,True,147456,649805,0,67809946,649805,5198456,32,2.178560242988169,322232320,0.0,0.37944003590382636,0.0,512,512,,,,,,,"{""best_reuse"": null, ""best_reuse_utility"": null, ""decision"": ""warmup"", ""fresh_positive"": null, ""fresh_utility"": null, ""full_batch_guards"": {}, ""guarded_best_reuse"": null, ""num_adapters"": 1, ""pending_after"": false, ""pending_before"": false, ""policy_version"": ""cau_v1"", ""reason"": ""existing_warmup"", ""utility_status"": ""warmup""}"
3,A1,A,1,default,warmup,existing_warmup,4.230206489562988,1,True,147456,649805,0,67809946,649805,5198456,48,2.1951818231027573,327755776,0.0,0.39286452485248446,0.0,512,512,,,,,,,"{""best_reuse"": null, ""best_reuse_utility"": null, ""decision"": ""warmup"", ""fresh_positive"": null, ""fresh_utility"": null, ""full_batch_guards"": {}, ""guarded_best_reuse"": null, ""num_adapters"": 1, ""pending_after"": false, ""pending_before"": false, ""policy_version"": ""cau_v1"", ""reason"": ""existing_warmup"", ""utility_status"": ""warmup""}"
4,A1,A,1,default,warmup,existing_warmup,4.236137390136719,1,True,147456,649805,0,67809946,649805,5198456,64,2.2101801361422986,327755776,0.0,0.4051973738241941,0.0,512,512,,,,,,,"{""best_reuse"": null, ""best_reuse_utility"": null, ""decision"": ""warmup"", ""fresh_positive"": null, ""fresh_utility"": null, ""full_batch_guards"": {}, ""guarded_best_reuse"": null, ""num_adapters"": 1, ""pending_after"": false, ""pending_before"": false, ""policy_version"": ""cau_v1"", ""reason"": ""existing_warmup"", ""utility_status"": ""warmup""}"
5,A1,A,1,default,reuse,safe_existing_reuse,4.142914295196533,1,True,147456,649805,0,67809946,649805,5198456,80,2.6158757749944925,435067392,0.0,0.80823261779733,0.0,512,512,4.130147218704224,-0.14886093139648438,0.051625967025756836,-0.2004868984222412,False,,"{""best_reuse"": ""default"", ""best_reuse_utility"": 0.051625967025756836, ""decision"": ""reuse"", ""fresh_advantage"": -0.2004868984222412, ""fresh_positive"": false, ""fresh_utility"": -0.14886093139648438, ""full_batch_guards"": {""default"": {""crossfit_feasible"": true, ""crossfit_utility"": 0.051625967025756836, ""crossfit_utility_positive"": true, ""full_batch_cur_after"": 4.071161270141602, ""full_batch_cur_before"": 4.130147457122803, ""full_batch_gain"": 0.05898618698120117, ""full_batch_harm"": -0.06080818921327591, ""full_batch_harm_lcb"": -0.06394241439644248, ""full_batch_harm_se"": 0.0015990944812074304, ""full_batch_harm_ucb"": -0.05767396403010935, ""full_batch_safe"": true}}, ""guarded_best_reuse"": ""default"", ""num_adapters"": 1, ""pending_after"": false, ""pending_before"": false, ""policy_version"": ""cau_v1"", ""reason"": ""safe_existing_reuse"", ""utility"": {""batch_n"": 16, ""best_reuse"": ""default"", ""best_reuse_query_after"": 4.078521251678467, ""best_reuse_utility"": 0.051625967025756836, ""budget_blocked_fresh"": false, ""defer_utility"": 0.0, ""fold_a_fresh_utility"": -0.12766027450561523, ""fold_a_query_n"": 8, ""fold_a_support_n"": 8, ""fold_b_fresh_utility"": -0.17006158828735352, ""fold_b_query_n"": 8, ""fold_b_support_n"": 8, ""fresh_advantage"": -0.2004868984222412, ""fresh_local_trainability"": 0.05520749092102051, ""fresh_positive"": false, ""fresh_query_after"": 4.279008150100708, ""fresh_query_before"": 4.3342156410217285, ""fresh_utility"": -0.14886093139648438, ""max_adapters"": 8, ""reuse_profiles"": {""default"": {""feasible_both"": true, ""fold_a_harm"": -0.06032280996441841, ""fold_a_lcb"": -0.06407081918325275, ""fold_a_query_after"": 4.101276397705078, ""fold_a_utility"": 0.05011320114135742, ""fold_b_harm"": -0.0578138530254364, ""fold_b_lcb"": -0.060742874913848936, ""fold_b_query_after"": 4.0557661056518555, ""fold_b_utility"": 0.05313873291015625, ""harm_lcb_max"": -0.060742874913848936, ""harm_mean"": -0.059068331494927406, ""harm_se_mean"": 0.0017033242620527744, ""harm_ucb_max"": -0.054884831137023866, ""local_trainability"": 0.051625967025756836, ""query_after"": 4.078521251678467, ""query_before"": 4.130147218704224, ""system_utility"": 0.051625967025756836}}, ""status"": ""ok"", ""statusquo_loss"": 4.130147218704224, ""total_memory_budget"": 512}, ""utility_status"": ""ok""}"
6,A1,A,1,default,reuse,safe_existing_reuse,4.128054141998291,1,True,147456,649805,0,67809946,649805,5198456,96,2.9515444261487573,435068928,0.0,1.1406653479207307,0.0,512,512,4.1083984375,-0.187117338180542,0.056946516036987305,-0.2440638542175293,False,,"{""best_reuse"": ""default"", ""best_reuse_utility"": 0.056946516036987305, ""decision"": ""reuse"", ""fresh_advantage"": -0.2440638542175293, ""fresh_positive"": false, ""fresh_utility"": -0.187117338180542, ""full_batch_guards"": {""default"": {""crossfit_feasible"": true, ""crossfit_utility"": 0.056946516036987305, ""crossfit_utility_positive"": true, ""full_batch_cur_after"": 4.044537544250488, ""full_batch_cur_before"": 4.1083984375, ""full_batch_gain"": 0.06386089324951172, ""full_batch_harm"": -0.060464970767498016, ""full_batch_harm_lcb"": -0.06360882078763097, ""full_batch_harm_se"": 0.0016040051123127341, ""full_batch_harm_ucb"": -0.057321120747365055, ""full_batch_safe"": true}}, ""guarded_best_reuse"": ""default"", ""num_adapters"": 1, ""pending_after"": false, ""pending_before"": false, ""policy_version"": ""cau_v1"", ""reason"": ""safe_existing_reuse"", ""utility"": {""batch_n"": 16, ""best_reuse"": ""default"", ""best_reuse_query_after"": 4.051451921463013, ""best_reuse_utility"": 0.056946516036987305, ""budget_blocked_fresh"": false, ""defer_utility"": 0.0, ""fold_a_fresh_utility"": -0.18244409561157227, ""fold_a_query_n"": 8, ""fold_a_support_n"": 8, ""fold_b_fresh_utility"": -0.19179058074951172, ""fold_b_query_n"": 8, ""fold_b_support_n"": 8, ""fresh_advantage"": -0.2440638542175293, ""fresh_local_trainability"": 0.05301094055175781, ""fresh_positive"": false, ""fresh_query_after"": 4.295515775680542, ""fresh_query_before"": 4.3485267162323, ""fresh_utility"": -0.187117338180542, ""max_adapters"": 8, ""reuse_profiles"": {""default"": {""feasible_both"": true, ""fold_a_harm"": -0.05925976112484932, ""fold_a_lcb"": -0.0623272483702749, ""fold_a_query_after"": 4.061763286590576, ""fold_a_utility"": 0.06024503707885742, ""fold_b_harm"": -0.05849021300673485, ""fold_b_lcb"": -0.062078020554035905, ""fold_b_query_after"": 4.041140556335449, ""fold_b_utility"": 0.05364799499511719, ""harm_lcb_max"": -0.062078020554035905, ""harm_mean"": -0.058874987065792084, ""harm_se_mean"": 0.0016977792838588357, ""harm_ucb_max"": -0.05490240545943379, ""local_trainability"": 0.056946516036987305, ""query_after"": 4.051451921463013, ""query_before"": 4.1083984375, ""system_utility"": 0.056946516036987305}}, ""status"": ""ok"", ""statusquo_loss"": 4.1083984375, ""total_memory_budget"": 512}, ""utility_status"": ""ok""}"
7,A1,A,1,default,reuse,safe_existing_reuse,4.013347625732422,1,True,147456,649805,0,67809946,649805,5198456,112,3.294810432009399,435073536,0.0,1.4806696609593928,0.0,512,512,4.012296557426453,-0.285666823387146,0.05206012725830078,-0.3377269506454468,False,,"{""best_reuse"": ""default"", ""best_reuse_utility"": 0.05206012725830078, ""decision"": ""reuse"", ""fresh_advantage"": -0.3377269506454468, ""fresh_positive"": false, ""fresh_utility"": -0.285666823387146, ""full_batch_guards"": {""default"": {""crossfit_feasible"": true, ""crossfit_utility"": 0.05206012725830078, ""crossfit_utility_positive"": true, ""full_batch_cur_after"": 3.951526165008545, ""full_batch_cur_before"": 4.012296676635742, ""full_batch_gain"": 0.060770511627197266, ""full_batch_harm"": -0.05950731039047241, ""full_batch_harm_lcb"": -0.06208479367662221, ""full_batch_harm_se"": 0.0013150424929335713, ""full_batch_harm_ucb"": -0.056929827104322615, ""full_batch_safe"": true}}, ""guarded_best_reuse"": ""default"", ""num_adapters"": 1, ""pending_after"": false, ""pending_before"": false, ""policy_version"": ""cau_v1"", ""reason"": ""safe_existing_reuse"", ""utility"": {""batch_n"": 16, ""best_reuse"": ""default"", ""best_reuse_query_after"": 3.960236430168152, ""best_reuse_utility"": 0.05206012725830078, ""budget_blocked_fresh"": false, ""defer_utility"": 0.0, ""fold_a_fresh_utility"": -0.2582893371582031, ""fold_a_query_n"": 8, ""fold_a_support_n"": 8, ""fold_b_fresh_utility"": -0.31304430961608887, ""fold_b_query_n"": 8, ""fold_b_support_n"": 8, ""fresh_advantage"": -0.3377269506454468, ""fresh_local_trainability"": 0.043723344802856445, ""fresh_positive"": false, ""fresh_query_after"": 4.297963380813599, ""fresh_query_before"": 4.341686725616455, ""fresh_utility"": -0.285666823387146, ""max_adapters"": 8, ""reuse_profiles"": {""default"": {""feasible_both"": true, ""fold_a_harm"": -0.05866628885269165, ""fold_a_lcb"": -0.06173349247779697, ""fold_a_query_after"": 4.016263961791992, ""fold_a_utility"": 0.049617767333984375, ""fold_b_harm"": -0.05739404633641243, ""fold_b_lcb"": -0.05978749403264374, ""fold_b_query_after"": 3.9042088985443115, ""fold_b_utility"": 0.05450248718261719, ""harm_lcb_max"": -0.05978749403264374, ""harm_mean"": -0.05803016759455204, ""harm_se_mean"": 0.0013930232962593436, ""harm_ucb_max"": -0.05500059864018112, ""local_trainability"": 0.05206012725830078, ""query_after"": 3.960236430168152, ""query_before"": 4.012296557426453, ""system_utility"": 0.05206012725830078}}, ""status"": ""ok"", ""statusquo_loss"": 4.012296557426453, ""total_memory_budget"": 512}, ""utility_status"": ""ok""}"
8,A1,A,1,default,reuse,safe_existing_reuse,3.9607739448547363,1,True,147456,649805,0,67809946,649805,5198456,128,3.6448827900458127,435073536,0.0,1.8272803809959441,0.0,512,512,3.9344106912612915,-0.3538111448287964,0.05312073230743408,-0.40693187713623047,False,,"{""best_reuse"": ""default"", ""best_reuse_utility"": 0.05312073230743408, ""decision"": ""reuse"", ""fresh_advantage"": -0.40693187713623047, ""fresh_positive"": false, ""fresh_utility"": -0.3538111448287964, ""full_batch_guards"": {""default"": {""crossfit_feasible"": true, ""crossfit_utility"": 0.05312073230743408, ""crossfit_utility_positive"": true, ""full_batch_cur_after"": 3.8713788986206055, ""full_batch_cur_before"": 3.934410572052002, ""full_batch_gain"": 0.06303167343139648, ""full_batch_harm"": -0.05834343284368515, ""full_batch_harm_lcb"": -0.05978355905739591, ""full_batch_harm_se"": 0.0007347582723014057, ""full_batch_harm_ucb"": -0.05690330662997439, ""full_batch_safe"": true}}, ""guarded_best_reuse"": ""default"", ""num_adapters"": 1, ""pending_after"": false, ""pending_before"": false, ""policy_version"": ""cau_v1"", ""reason"": ""safe_existing_reuse"", ""utility"": {""batch_n"": 16, ""best_reuse"": ""default"", ""best_reuse_query_after"": 3.8812899589538574, ""best_reuse_utility"": 0.05312073230743408, ""budget_blocked_fresh"": false, ""defer_utility"": 0.0, ""fold_a_fresh_utility"": -0.36064767837524414, ""fold_a_query_n"": 8, ""fold_a_support_n"": 8, ""fold_b_fresh_utility"": -0.34697461128234863, ""fold_b_query_n"": 8, ""fold_b_support_n"": 8, ""fresh_advantage"": -0.40693187713623047, ""fresh_local_trainability"": 0.034391164779663086, ""fresh_positive"": false, ""fresh_query_after"": 4.288221836090088, ""fresh_query_before"": 4.322613000869751, ""fresh_utility"": -0.3538111448287964, ""max_adapters"": 8, ""reuse_profiles"": {""default"": {""feasible_both"": true, ""fold_a_harm"": -0.056141242384910583, ""fold_a_lcb"": -0.058685291330330076, ""fold_a_query_after"": 3.8885154724121094, ""fold_a_utility"": 0.052365779876708984, ""fold_b_harm"": -0.05745544657111168, ""fold_b_lcb"": -0.05876939494162798, ""fold_b_query_after"": 3.8740644454956055, ""fold_b_utility"": 0.05387568473815918, ""harm_lcb_max"": -0.058685291330330076, ""harm_mean"": -0.05679834447801113, ""harm_se_mean"": 0.0009841829887591302, ""harm_ucb_max"": -0.05359719343949109, ""local_trainability"": 0.05312073230743408, ""query_after"": 3.8812899589538574, ""query_before"": 3.9344106912612915, ""system_utility"": 0.05312073230743408}}, ""status"": ""ok"", ""statusquo_loss"": 3.9344106912612915, ""total_memory_budget"": 512}, ""utility_status"": ""ok""}"
9,A1,A,1,default,reuse,safe_existing_reuse,3.910378932952881,1,True,147456,649805,0,67809946,649805,5198456,144,3.990001667989418,435073536,0.0,2.168272362090647,0.0,512,512,3.890353560447693,-0.40691840648651123,0.05682551860809326,-0.4637439250946045,False,,"{""best_reuse"": ""default"", ""best_reuse_utility"": 0.05682551860809326, ""decision"": ""reuse"", ""fresh_advantage"": -0.4637439250946045, ""fresh_positive"": false, ""fresh_utility"": -0.40691840648651123, ""full_batch_guards"": {""default"": {""crossfit_feasible"": true, ""crossfit_utility"": 0.05682551860809326, ""crossfit_utility_positive"": true, ""full_batch_cur_after"": 3.825309991836548, ""full_batch_cur_before"": 3.8903534412384033, ""full_batch_gain"": 0.06504344940185547, ""full_batch_harm"": -0.0609922856092453, ""full_batch_harm_lcb"": -0.06331340943928808, ""full_batch_harm_se"": 0.0011842468520626426, ""full_batch_harm_ucb"": -0.05867116177920252, ""full_batch_safe"": true}}, ""guarded_best_reuse"": ""default"", ""num_adapters"": 1, ""pending_after"": false, ""pending_before"": false, ""policy_version"": ""cau_v1"", ""reason"": ""safe_existing_reuse"", ""utility"": {""batch_n"": 16, ""best_reuse"": ""default"", ""best_reuse_query_after"": 3.8335280418395996, ""best_reuse_utility"": 0.05682551860809326, ""budget_blocked_fresh"": false, ""defer_utility"": 0.0, ""fold_a_fresh_utility"": -0.4236719608306885, ""fold_a_query_n"": 8, ""fold_a_support_n"": 8, ""fold_b_fresh_utility"": -0.390164852142334, ""fold_b_query_n"": 8, ""fold_b_support_n"": 8, ""fresh_advantage"": -0.4637439250946045, ""fresh_local_trainability"": 0.04327082633972168, ""fresh_positive"": false, ""fresh_query_after"": 4.297271966934204, ""fresh_query_before"": 4.340542793273926, ""fresh_utility"": -0.40691840648651123, ""max_adapters"": 8, ""reuse_profiles"": {""default"": {""feasible_both"": true, ""fold_a_harm"": -0.0585925318300724, ""fold_a_lcb"": -0.06117702234070748, ""fold_a_query_after"": 3.8072166442871094, ""fold_a_utility"": 0.058767080307006836, ""fold_b_harm"": -0.05987996980547905, ""fold_b_lcb"": -0.0625289929518476, ""fold_b_query_after"": 3.85983943939209, ""fold_b_utility"": 0.05488395690917969, ""harm_lcb_max"": -0.06117702234070748, ""harm_mean"": -0.059236250817775726, ""harm_se_mean"": 0.0013350800145417452, ""harm_ucb_max"": -0.056008041319437325, ""local_trainability"": 0.05682551860809326, ""query_after"": 3.8335280418395996, ""query_before"": 3.890353560447693, ""system_utility"": 0.05682551860809326}}, ""status"": ""ok"", ""statusquo_loss"": 3.890353560447693, ""total_memory_budget"": 512}, ""utility_status"": ""ok""}"
10,A1,A,1,default,reuse,safe_existing_reuse,3.872450828552246,1,True,147456,649805,0,67809946,649805,5198456,160,4.332152532180771,435073536,0.0,2.507017380092293,0.0,512,512,3.851825714111328,-0.4552781581878662,0.05674159526824951,-0.5120197534561157,False,,"{""best_reuse"": ""default"", ""best_reuse_utility"": 0.05674159526824951, ""decision"": ""reuse"", ""fresh_advantage"": -0.5120197534561157, ""fresh_positive"": false, ""fresh_utility"": -0.4552781581878662, ""full_batch_guards"": {""default"": {""crossfit_feasible"": true, ""crossfit_utility"": 0.05674159526824951, ""crossfit_utility_positive"": true, ""full_batch_cur_after"": 3.7881970405578613, ""full_batch_cur_before"": 3.851825714111328, ""full_batch_gain"": 0.0636286735534668, ""full_batch_harm"": -0.06102869659662247, ""full_batch_harm_lcb"": -0.0628145960252732, ""full_batch_harm_se"": 0.000911173177883029, ""full_batch_harm_ucb"": -0.059242797167971734, ""full_batch_safe"": true}}, ""guarded_best_reuse"": ""default"", ""num_adapters"": 1, ""pending_after"": false, ""pending_before"": false, ""policy_version"": ""cau_v1"", ""reason"": ""safe_existing_reuse"", ""utility"": {""batch_n"": 16, ""best_reuse"": ""default"", ""best_reuse_query_after"": 3.7950841188430786, ""best_reuse_utility"": 0.05674159526824951, ""budget_blocked_fresh"": false, ""defer_utility"": 0.0, ""fold_a_fresh_utility"": -0.4508399963378906, ""fold_a_query_n"": 8, ""fold_a_support_n"": 8, ""fold_b_fresh_utility"": -0.4597163200378418, ""fold_b_query_n"": 8, ""fold_b_support_n"": 8, ""fresh_advantage"": -0.5120197534561157, ""fresh_local_trainability"": 0.03260087966918945, ""fresh_positive"": false, ""fresh_query_after"": 4.307103872299194, ""fresh_query_before"": 4.339704751968384, ""fresh_utility"": -0.4552781581878662, ""max_adapters"": 8, ""reuse_profiles"": {""default"": {""feasible_both"": true, ""fold_a_harm"": -0.05959834158420563, ""fold_a_lcb"": -0.06176313585601747, ""fold_a_query_after"": 3.798576593399048, ""fold_a_utility"": 0.056037187576293945, ""fold_b_harm"": -0.05997183918952942, ""fold_b_lcb"": -0.061688234184402974, ""fold_b_query_after"": 3.7915916442871094, ""fold_b_utility"": 0.05744600296020508, ""harm_lcb_max"": -0.061688234184402974, ""harm_mean"": -0.05978509038686752, ""harm_se_mean"": 0.0009900993027258664, ""harm_ucb_max"": -0.057433547312393786, ""local_trainability"": 0.05674159526824951, ""query_after"": 3.7950841188430786, ""query_before"": 3.851825714111328, ""system_utility"": 0.05674159526824951}}, ""status"": ""ok"", ""statusquo_loss"": 3.851825714111328, ""total_memory_budget"": 512}, ""utility_status"": ""ok""}"
11,A1,A,1,default,reuse,safe_existing_reuse,3.774510383605957,1,True,147456,649805,0,67809946,649805,5198456,176,4.667439862154424,435073536,0.0,2.8388060610741377,0.0,512,512,3.7240283489227295,-0.5761091709136963,0.05637681484222412,-0.6324859857559204,False,,"{""best_reuse"": ""default"", ""best_reuse_utility"": 0.05637681484222412, ""decision"": ""reuse"", ""fresh_advantage"": -0.6324859857559204, ""fresh_positive"": false, ""fresh_utility"": -0.5761091709136963, ""full_batch_guards"": {""default"": {""crossfit_feasible"": true, ""crossfit_utility"": 0.05637681484222412, ""crossfit_utility_positive"": true, ""full_batch_cur_after"": 3.655243158340454, ""full_batch_cur_before"": 3.7240285873413086, ""full_batch_gain"": 0.06878542900085449, ""full_batch_harm"": -0.06200435757637024, ""full_batch_harm_lcb"": -0.06412444593850523, ""full_batch_harm_se"": 0.0010816777357831597, ""full_batch_harm_ucb"": -0.059884269214235245, ""full_batch_safe"": true}}, ""guarded_best_reuse"": ""default"", ""num_adapters"": 1, ""pending_after"": false, ""pending_before"": false, ""policy_version"": ""cau_v1"", ""reason"": ""safe_existing_reuse"", ""utility"": {""batch_n"": 16, ""best_reuse"": ""default"", ""best_reuse_query_after"": 3.6676515340805054, ""best_reuse_utility"": 0.05637681484222412, ""budget_blocked_fresh"": false, ""defer_utility"": 0.0, ""fold_a_fresh_utility"": -0.5125823020935059, ""fold_a_query_n"": 8, ""fold_a_support_n"": 8, ""fold_b_fresh_utility"": -0.6396360397338867, ""fold_b_query_n"": 8, ""fold_b_support_n"": 8, ""fresh_advantage"": -0.6324859857559204, ""fresh_local_trainability"": 0.005684852600097656, ""fresh_positive"": false, ""fresh_query_after"": 4.300137519836426, ""fresh_query_before"": 4.305822372436523, ""fresh_utility"": -0.5761091709136963, ""max_adapters"": 8, ""reuse_profiles"": {""default"": {""feasible_both"": true, ""fold_a_harm"": -0.05883448198437691, ""fold_a_lcb"": -0.061151326638646426, ""fold_a_query_after"": 3.7548253536224365, ""fold_a_utility"": 0.0549619197845459, ""fold_b_harm"": -0.061240583658218384, ""fold_b_lcb"": -0.06402880551293492, ""fold_b_query_after"": 3.580477714538574, ""fold_b_utility"": 0.057791709899902344, ""harm_lcb_max"": -0.061151326638646426, ""harm_mean"": -0.060037532821297646, ""harm_se_mean"": 0.0013023128849454224, ""harm_ucb_max"": -0.05651763733010739, ""local_trainability"": 0.05637681484222412, ""query_after"": 3.6676515340805054, ""query_before"": 3.7240283489227295, ""system_utility"": 0.05637681484222412}}, ""status"": ""ok"", ""statusquo_loss"": 3.7240283489227295, ""total_memory_budget"": 512}, ""utility_status"": ""ok""}"
12,A1,A,1,default,reuse,safe_existing_reuse,3.7720580101013184,1,True,147456,649805,0,67809946,649805,5198456,192,5.015602146042511,435075072,0.0,3.183419495122507,0.0,512,512,3.7361807823181152,-0.5531246662139893,0.0657036304473877,-0.618828296661377,False,,"{""best_reuse"": ""default"", ""best_reuse_utility"": 0.0657036304473877, ""decision"": ""reuse"", ""fresh_advantage"": -0.618828296661377, ""fresh_positive"": false, ""fresh_utility"": -0.5531246662139893, ""full_batch_guards"": {""default"": {""crossfit_feasible"": true, ""crossfit_utility"": 0.0657036304473877, ""crossfit_utility_positive"": true, ""full_batch_cur_after"": 3.6627540588378906, ""full_batch_cur_before"": 3.7361807823181152, ""full_batch_gain"": 0.07342672348022461, ""full_batch_harm"": -0.06212497502565384, ""full_batch_harm_lcb"": -0.06514428104273975, ""full_batch_harm_se"": 0.0015404622536152601, ""full_batch_harm_ucb"": -0.05910566900856793, ""full_batch_safe"": true}}, ""guarded_best_reuse"": ""default"", ""num_adapters"": 1, ""pending_after"": false, ""pending_before"": false, ""policy_version"": ""cau_v1"", ""reason"": ""safe_existing_reuse"", ""utility"": {""batch_n"": 16, ""best_reuse"": ""default"", ""best_reuse_query_after"": 3.6704771518707275, ""best_reuse_utility"": 0.0657036304473877, ""budget_blocked_fresh"": false, ""defer_utility"": 0.0, ""fold_a_fresh_utility"": -0.5504229068756104, ""fold_a_query_n"": 8, ""fold_a_support_n"": 8, ""fold_b_fresh_utility"": -0.5558264255523682, ""fold_b_query_n"": 8, ""fold_b_support_n"": 8, ""fresh_advantage"": -0.618828296661377, ""fresh_local_trainability"": 0.05272531509399414, ""fresh_positive"": false, ""fresh_query_after"": 4.2893054485321045, ""fresh_query_before"": 4.342030763626099, ""fresh_utility"": -0.5531246662139893, ""max_adapters"": 8, ""reuse_profiles"": {""default"": {""feasible_both"": true, ""fold_a_harm"": -0.06076585128903389, ""fold_a_lcb"": -0.06406754183582962, ""fold_a_query_after"": 3.6584506034851074, ""fold_a_utility"": 0.06420397758483887, ""fold_b_harm"": -0.06119094789028168, ""fold_b_lcb"": -0.06401374929118901, ""fold_b_query_after"": 3.6825037002563477, ""fold_b_utility"": 0.06720328330993652, ""harm_lcb_max"": -0.06401374929118901, ""harm_mean"": -0.060978399589657784, ""harm_se_mean"": 0.00156237039482221, ""harm_ucb_max"": -0.05746416074223817, ""local_trainability"": 0.0657036304473877, ""query_after"": 3.6704771518707275, ""query_before"": 3.7361807823181152, ""system_utility"": 0.0657036304473877}}, ""status"": ""ok"", ""statusquo_loss"": 3.7361807823181152, ""total_memory_budget"": 512}, ""utility_status"": ""ok""}"
13,A1,A,1,default,reuse,safe_existing_reuse,3.657960891723633,1,True,147456,649805,0,67809946,649805,5198456,208,5.369648696156219,435075072,0.0,3.53384005301632,0.0,512,512,3.6299113035202026,-0.6372774839401245,0.058748602867126465,-0.696026086807251,False,,"{""best_reuse"": ""default"", ""best_reuse_utility"": 0.058748602867126465, ""decision"": ""reuse"", ""fresh_advantage"": -0.696026086807251, ""fresh_positive"": false, ""fresh_utility"": -0.6372774839401245, ""full_batch_guards"": {""default"": {""crossfit_feasible"": true, ""crossfit_utility"": 0.058748602867126465, ""crossfit_utility_positive"": true, ""full_batch_cur_after"": 3.562399387359619, ""full_batch_cur_before"": 3.629911422729492, ""full_batch_gain"": 0.06751203536987305, ""full_batch_harm"": -0.06522615253925323, ""full_batch_harm_lcb"": -0.06783381663262844, ""full_batch_harm_se"": 0.0013304408639669418, ""full_batch_harm_ucb"": -0.06261848844587803, ""full_batch_safe"": true}}, ""guarded_best_reuse"": ""default"", ""num_adapters"": 1, ""pending_after"": false, ""pending_before"": false, ""policy_version"": ""cau_v1"", ""reason"": ""safe_existing_reuse"", ""utility"": {""batch_n"": 16, ""best_reuse"": ""default"", ""best_reuse_query_after"": 3.571162700653076, ""best_reuse_utility"": 0.058748602867126465, ""budget_blocked_fresh"": false, ""defer_utility"": 0.0, ""fold_a_fresh_utility"": -0.582219123840332, ""fold_a_query_n"": 8, ""fold_a_support_n"": 8, ""fold_b_fresh_utility"": -0.692335844039917, ""fold_b_query_n"": 8, ""fold_b_support_n"": 8, ""fresh_advantage"": -0.696026086807251, ""fresh_local_trainability"": 0.037865400314331055, ""fresh_positive"": false, ""fresh_query_after"": 4.267188787460327, ""fresh_query_before"": 4.305054187774658, ""fresh_utility"": -0.6372774839401245, ""max_adapters"": 8, ""reuse_profiles"": {""default"": {""feasible_both"": true, ""fold_a_harm"": -0.06465178728103638, ""fold_a_lcb"": -0.0675653599621728, ""fold_a_query_after"": 3.6606364250183105, ""fold_a_utility"": 0.0585484504699707, ""fold_b_harm"": -0.06231236830353737, ""fold_b_lcb"": -0.0651285403361544, ""fold_b_query_after"": 3.481688976287842, ""fold_b_utility"": 0.05894875526428223, ""harm_lcb_max"": -0.0651285403361544, ""harm_mean"": -0.06348207779228687, ""harm_se_mean"": 0.0014616695698350668, ""harm_ucb_max"": -0.059496196270920336, ""local_trainability"": 0.058748602867126465, ""query_after"": 3.571162700653076, ""query_before"": 3.6299113035202026, ""system_utility"": 0.058748602867126465}}, ""status"": ""ok"", ""statusquo_loss"": 3.6299113035202026, ""total_memory_budget"": 512}, ""utility_status"": ""ok""}"
14,A1,A,1,default,reuse,safe_existing_reuse,3.6369636058807373,1,True,147456,649805,0,67809946,649805,5198456,224,5.712095328141004,435075072,0.0,3.87264217203483,0.0,512,512,3.6015586853027344,-0.7173588275909424,0.06373345851898193,-0.7810922861099243,False,,"{""best_reuse"": ""default"", ""best_reuse_utility"": 0.06373345851898193, ""decision"": ""reuse"", ""fresh_advantage"": -0.7810922861099243, ""fresh_positive"": false, ""fresh_utility"": -0.7173588275909424, ""full_batch_guards"": {""default"": {""crossfit_feasible"": true, ""crossfit_utility"": 0.06373345851898193, ""crossfit_utility_positive"": true, ""full_batch_cur_after"": 3.5297725200653076, ""full_batch_cur_before"": 3.6015586853027344, ""full_batch_gain"": 0.07178616523742676, ""full_batch_harm"": -0.06462538242340088, ""full_batch_harm_lcb"": -0.06788592383731157, ""full_batch_harm_se"": 0.0016635415377095342, ""full_batch_harm_ucb"": -0.06136484100949019, ""full_batch_safe"": true}}, ""guarded_best_reuse"": ""default"", ""num_adapters"": 1, ""pending_after"": false, ""pending_before"": false, ""policy_version"": ""cau_v1"", ""reason"": ""safe_existing_reuse"", ""utility"": {""batch_n"": 16, ""best_reuse"": ""default"", ""best_reuse_query_after"": 3.5378252267837524, ""best_reuse_utility"": 0.06373345851898193, ""budget_blocked_fresh"": false, ""defer_utility"": 0.0, ""fold_a_fresh_utility"": -0.7320675849914551, ""fold_a_query_n"": 8, ""fold_a_support_n"": 8, ""fold_b_fresh_utility"": -0.7026500701904297, ""fold_b_query_n"": 8, ""fold_b_support_n"": 8, ""fresh_advantage"": -0.7810922861099243, ""fresh_local_trainability"": 0.03134965896606445, ""fresh_positive"": false, ""fresh_query_after"": 4.318917512893677, ""fresh_query_before"": 4.350267171859741, ""fresh_utility"": -0.7173588275909424, ""max_adapters"": 8, ""reuse_profiles"": {""default"": {""feasible_both"": true, ""fold_a_harm"": -0.06301313638687134, ""fold_a_lcb"": -0.065992158963345, ""fold_a_query_after"": 3.5478293895721436, ""fold_a_utility"": 0.0656731128692627, ""fold_b_harm"": -0.06256351619958878, ""fold_b_lcb"": -0.06611478121951223, ""fold_b_query_after"": 3.5278210639953613, ""fold_b_utility"": 0.06179380416870117, ""harm_lcb_max"": -0.065992158963345, ""harm_mean"": -0.06278832629323006, ""harm_se_mean"": 0.0016658896929584444, ""harm_ucb_max"": -0.059012251179665326, ""local_trainability"": 0.06373345851898193, ""query_after"": 3.5378252267837524, ""query_before"": 3.6015586853027344, ""system_utility"": 0.06373345851898193}}, ""status"": ""ok"", ""statusquo_loss"": 3.6015586853027344, ""total_memory_budget"": 512}, ""utility_status"": ""ok""}"
15,A1,A,1,default,reuse,safe_existing_reuse,3.6365513801574707,1,True,147456,649805,0,67809946,649805,5198456,240,6.055246180156246,435075072,0.0,4.212111491011456,0.0,512,512,3.588258981704712,-0.7704050540924072,0.05821037292480469,-0.8286154270172119,False,,"{""best_reuse"": ""default"", ""best_reuse_utility"": 0.05821037292480469, ""decision"": ""reuse"", ""fresh_advantage"": -0.8286154270172119, ""fresh_positive"": false, ""fresh_utility"": -0.7704050540924072, ""full_batch_guards"": {""default"": {""crossfit_feasible"": true, ""crossfit_utility"": 0.05821037292480469, ""crossfit_utility_positive"": true, ""full_batch_cur_after"": 3.5223217010498047, ""full_batch_cur_before"": 3.588258981704712, ""full_batch_gain"": 0.06593728065490723, ""full_batch_harm"": -0.06472266465425491, ""full_batch_harm_lcb"": -0.06748129826970399, ""full_batch_harm_se"": 0.0014074661303311586, ""full_batch_harm_ucb"": -0.06196403103880584, ""full_batch_safe"": true}}, ""guarded_best_reuse"": ""default"", ""num_adapters"": 1, ""pending_after"": false, ""pending_before"": false, ""policy_version"": ""cau_v1"", ""reason"": ""safe_existing_reuse"", ""utility"": {""batch_n"": 16, ""best_reuse"": ""default"", ""best_reuse_query_after"": 3.5300486087799072, ""best_reuse_utility"": 0.05821037292480469, ""budget_blocked_fresh"": false, ""defer_utility"": 0.0, ""fold_a_fresh_utility"": -0.7866349220275879, ""fold_a_query_n"": 8, ""fold_a_support_n"": 8, ""fold_b_fresh_utility"": -0.7541751861572266, ""fold_b_query_n"": 8, ""fold_b_support_n"": 8, ""fresh_advantage"": -0.8286154270172119, ""fresh_local_trainability"": 0.0394291877746582, ""fresh_positive"": false, ""fresh_query_after"": 4.358664035797119, ""fresh_query_before"": 4.398093223571777, ""fresh_utility"": -0.7704050540924072, ""max_adapters"": 8, ""reuse_profiles"": {""default"": {""feasible_both"": true, ""fold_a_harm"": -0.062338318675756454, ""fold_a_lcb"": -0.06517118437681348, ""fold_a_query_after"": 3.4806323051452637, ""fold_a_utility"": 0.058551788330078125, ""fold_b_harm"": -0.06462185084819794, ""fold_b_lcb"": -0.06765326035674661, ""fold_b_query_after"": 3.579464912414551, ""fold_b_utility"": 0.05786895751953125, ""harm_lcb_max"": -0.06517118437681348, ""harm_mean"": -0.0634800847619772, ""harm_se_mean"": 0.0014959885738790035, ""harm_ucb_max"": -0.05950545297469944, ""local_trainability"": 0.05821037292480469, ""query_after"": 3.5300486087799072, ""query_before"": 3.588258981704712, ""system_utility"": 0.05821037292480469}}, ""status"": ""ok"", ""statusquo_loss"": 3.588258981704712, ""total_memory_budget"": 512}, ""utility_status"": ""ok""}"
16,A1,A,1,default,reuse,safe_existing_reuse,3.420325994491577,1,True,147456,649805,0,67809946,649805,5198456,253,6.396953552030027,435075072,0.0,4.550077456980944,0.0,512,512,3.3661683339339037,-0.9155989243434026,0.06417569747337928,-0.9797746218167819,False,,"{""best_reuse"": ""default"", ""best_reuse_utility"": 0.06417569747337928, ""decision"": ""reuse"", ""fresh_advantage"": -0.9797746218167819, ""fresh_positive"": false, ""fresh_utility"": -0.9155989243434026, ""full_batch_guards"": {""default"": {""crossfit_feasible"": true, ""crossfit_utility"": 0.06417569747337928, ""crossfit_utility_positive"": true, ""full_batch_cur_after"": 3.292670249938965, ""full_batch_cur_before"": 3.366168737411499, ""full_batch_gain"": 0.07349848747253418, ""full_batch_harm"": -0.06522271037101746, ""full_batch_harm_lcb"": -0.06819750168826431, ""full_batch_harm_se"": 0.0015177506720647216, ""full_batch_harm_ucb"": -0.062247919053770605, ""full_batch_safe"": true}}, ""guarded_best_reuse"": ""default"", ""num_adapters"": 1, ""pending_after"": false, ""pending_before"": false, ""policy_version"": ""cau_v1"", ""reason"": ""safe_existing_reuse"", ""utility"": {""batch_n"": 13, ""best_reuse"": ""default"", ""best_reuse_query_after"": 3.3019926364605245, ""best_reuse_utility"": 0.06417569747337928, ""budget_blocked_fresh"": false, ""defer_utility"": 0.0, ""fold_a_fresh_utility"": -0.883347749710083, ""fold_a_query_n"": 6, ""fold_a_support_n"": 7, ""fold_b_fresh_utility"": -0.9432427883148193, ""fold_b_query_n"": 7, ""fold_b_support_n"": 6, ""fresh_advantage"": -0.9797746218167819, ""fresh_local_trainability"": 0.026149236238919772, ""fresh_positive"": false, ""fresh_query_after"": 4.2817672582773065, ""fresh_query_before"": 4.307916494516226, ""fresh_utility"": -0.9155989243434026, ""max_adapters"": 8, ""reuse_profiles"": {""default"": {""feasible_both"": true, ""fold_a_harm"": -0.06427736580371857, ""fold_a_lcb"": -0.06740248501766473, ""fold_a_query_after"": 3.3294951915740967, ""fold_a_utility"": 0.06594514846801758, ""fold_b_harm"": -0.06250631809234619, ""fold_b_lcb"": -0.06571831867564469, ""fold_b_query_after"": 3.278419017791748, ""fold_b_utility"": 0.06265902519226074, ""harm_lcb_max"": -0.06571831867564469, ""harm_mean"": -0.06339184194803238, ""harm_se_mean"": 0.0016166121931746602, ""harm_ucb_max"": -0.059294317509047685, ""local_trainability"": 0.06417569747337928, ""query_after"": 3.3019926364605245, ""query_before"": 3.3661683339339037, ""system_utility"": 0.06417569747337928}}, ""status"": ""ok"", ""statusquo_loss"": 3.3661683339339037, ""total_memory_budget"": 512}, ""utility_status"": ""ok""}"
17,B1,B,1,default,reuse,pending_fresh_safe_existing_reuse,4.561702728271484,1,True,147456,649805,0,67809946,649805,5198456,269,7.634930778993294,488087040,0.0,4.898963761050254,0.8851179508492351,512,512,4.589583396911621,0.3158602714538574,-0.02029728889465332,0.33615756034851074,True,,"{""best_reuse"": ""default"", ""best_reuse_utility"": -0.02029728889465332, ""decision"": ""reuse"", ""fresh_advantage"": 0.33615756034851074, ""fresh_positive"": true, ""fresh_utility"": 0.3158602714538574, ""full_batch_guards"": {""default"": {""crossfit_feasible"": true, ""crossfit_utility"": -0.02029728889465332, ""crossfit_utility_positive"": false, ""full_batch_cur_after"": 4.587326526641846, ""full_batch_cur_before"": 4.589583396911621, ""full_batch_gain"": 0.0022568702697753906, ""full_batch_harm"": -0.05411893501877785, ""full_batch_harm_lcb"": -0.056589505537413064, ""full_batch_harm_se"": 0.0012604951625689864, ""full_batch_harm_ucb"": -0.05164836450014263, ""full_batch_safe"": true}}, ""guarded_best_reuse"": ""default"", ""num_adapters"": 1, ""pending_after"": true, ""pending_before"": false, ""policy_version"": ""cau_v1"", ""reason"": ""pending_fresh_safe_existing_reuse"", ""utility"": {""batch_n"": 16, ""best_reuse"": ""default"", ""best_reuse_query_after"": 4.609880685806274, ""best_reuse_utility"": -0.02029728889465332, ""budget_blocked_fresh"": false, ""defer_utility"": 0.0, ""fold_a_fresh_utility"": 0.3204951286315918, ""fold_a_query_n"": 8, ""fold_a_support_n"": 8, ""fold_b_fresh_utility"": 0.31122541427612305, ""fold_b_query_n"": 8, ""fold_b_support_n"": 8, ""fresh_advantage"": 0.33615756034851074, ""fresh_local_trainability"": 0.02580714225769043, ""fresh_positive"": true, ""fresh_query_after"": 4.273723125457764, ""fresh_query_before"": 4.299530267715454, ""fresh_utility"": 0.3158602714538574, ""max_adapters"": 8, ""reuse_profiles"": {""default"": {""feasible_both"": true, ""fold_a_harm"": -0.055355221033096313, ""fold_a_lcb"": -0.05781723822001368, ""fold_a_query_after"": 4.611929893493652, ""fold_a_utility"": -0.01969003677368164, ""fold_b_harm"": -0.055657535791397095, ""fold_b_lcb"": -0.05829925075173378, ""fold_b_query_after"": 4.6078314781188965, ""fold_b_utility"": -0.020904541015625, ""harm_lcb_max"": -0.05781723822001368, ""harm_mean"": -0.055506378412246704, ""harm_se_mean"": 0.0013019724865444005, ""harm_ucb_max"": -0.052893203846178946, ""local_trainability"": -0.02029728889465332, ""query_after"": 4.609880685806274, ""query_before"": 4.589583396911621, ""system_utility"": -0.02029728889465332}}, ""status"": ""ok"", ""statusquo_loss"": 4.589583396911621, ""total_memory_budget"": 512}, ""utility_status"": ""ok""}"
18,B1,B,1,adapter_1,spawn,confirmed_fresh,4.319453239440918,2,True,294912,1299610,0,68607207,649805,10396912,272,7.947439966024831,488087040,0.0,5.207327391020954,0.8851179508492351,512,512,4.616279602050781,0.32842111587524414,0.003370523452758789,0.32505059242248535,True,,"{""best_reuse"": ""default"", ""best_reuse_utility"": 0.003370523452758789, ""decision"": ""spawn"", ""fresh_advantage"": 0.32505059242248535, ""fresh_positive"": true, ""fresh_utility"": 0.32842111587524414, ""full_batch_guards"": {}, ""guarded_best_reuse"": null, ""num_adapters"": 2, ""pending_after"": false, ""pending_before"": true, ""policy_version"": ""cau_v1"", ""reason"": ""confirmed_fresh"", ""utility"": {""batch_n"": 16, ""best_reuse"": ""default"", ""best_reuse_query_after"": 4.6129090785980225, ""best_reuse_utility"": 0.003370523452758789, ""budget_blocked_fresh"": false, ""defer_utility"": 0.0, ""fold_a_fresh_utility"": 0.36020469665527344, ""fold_a_query_n"": 8, ""fold_a_support_n"": 8, ""fold_b_fresh_utility"": 0.29663753509521484, ""fold_b_query_n"": 8, ""fold_b_support_n"": 8, ""fresh_advantage"": 0.32505059242248535, ""fresh_local_trainability"": 0.039598941802978516, ""fresh_positive"": true, ""fresh_query_after"": 4.287858486175537, ""fresh_query_before"": 4.327457427978516, ""fresh_utility"": 0.32842111587524414, ""max_adapters"": 8, ""reuse_profiles"": {""default"": {""feasible_both"": true, ""fold_a_harm"": -0.04468332603573799, ""fold_a_lcb"": -0.0475149678112939, ""fold_a_query_after"": 4.651936054229736, ""fold_a_utility"": 0.0018553733825683594, ""fold_b_harm"": -0.04410462826490402, ""fold_b_lcb"": -0.04699831694830209, ""fold_b_query_after"": 4.573882102966309, ""fold_b_utility"": 0.004885673522949219, ""harm_lcb_max"": -0.04699831694830209, ""harm_mean"": -0.04439397715032101, ""harm_se_mean"": 0.0014605434844270349, ""harm_ucb_max"": -0.041210939581505956, ""local_trainability"": 0.003370523452758789, ""query_after"": 4.6129090785980225, ""query_before"": 4.616279602050781, ""system_utility"": 0.003370523452758789}}, ""status"": ""ok"", ""statusquo_loss"": 4.616279602050781, ""total_memory_budget"": 512}, ""utility_status"": ""ok""}"
19,B1,B,1,adapter_1,warmup,existing_warmup,4.313239574432373,2,True,294912,1299610,0,68607207,649805,10396912,288,7.965844775084406,488087040,0.0,5.221736018080264,0.8851179508492351,512,512,,,,,,,"{""best_reuse"": null, ""best_reuse_utility"": null, ""decision"": ""warmup"", ""fresh_positive"": null, ""fresh_utility"": null, ""full_batch_guards"": {}, ""guarded_best_reuse"": null, ""num_adapters"": 2, ""pending_after"": false, ""pending_before"": false, ""policy_version"": ""cau_v1"", ""reason"": ""existing_warmup"", ""utility_status"": ""warmup""}"
20,B1,B,1,adapter_1,warmup,existing_warmup,4.1904377937316895,2,True,294912,1299610,0,68607207,649805,10396912,304,7.983929886016995,488087040,0.0,5.236198216211051,0.8851179508492351,512,512,,,,,,,"{""best_reuse"": null, ""best_reuse_utility"": null, ""decision"": ""warmup"", ""fresh_positive"": null, ""fresh_utility"": null, ""full_batch_guards"": {}, ""guarded_best_reuse"": null, ""num_adapters"": 2, ""pending_after"": false, ""pending_before"": false, ""policy_version"": ""cau_v1"", ""reason"": ""existing_warmup"", ""utility_status"": ""warmup""}"
21,B1,B,1,adapter_1,warmup,existing_warmup,4.200440406799316,2,True,294912,1299610,0,68607207,649805,10396912,320,8.002231403021142,488087040,0.0,5.250824579270557,0.8851179508492351,512,512,,,,,,,"{""best_reuse"": null, ""best_reuse_utility"": null, ""decision"": ""warmup"", ""fresh_positive"": null, ""fresh_utility"": null, ""full_batch_guards"": {}, ""guarded_best_reuse"": null, ""num_adapters"": 2, ""pending_after"": false, ""pending_before"": false, ""policy_version"": ""cau_v1"", ""reason"": ""existing_warmup"", ""utility_status"": ""warmup""}"
22,B1,B,1,adapter_1,reuse,safe_existing_reuse,4.144782066345215,2,True,294912,1299610,0,68607207,649805,10396912,336,8.56570648914203,488087040,0.0,5.810593399219215,0.8851179508492351,512,512,4.110936880111694,-0.17741036415100098,0.04916071891784668,-0.22657108306884766,False,,"{""best_reuse"": ""adapter_1"", ""best_reuse_utility"": 0.04916071891784668, ""decision"": ""reuse"", ""fresh_advantage"": -0.22657108306884766, ""fresh_positive"": false, ""fresh_utility"": -0.17741036415100098, ""full_batch_guards"": {""adapter_1"": {""crossfit_feasible"": true, ""crossfit_utility"": 0.04916071891784668, ""crossfit_utility_positive"": true, ""full_batch_cur_after"": 4.046808242797852, ""full_batch_cur_before"": 4.110936641693115, ""full_batch_gain"": 0.06412839889526367, ""full_batch_harm"": -0.0624457411468029, ""full_batch_harm_lcb"": -0.06629104445688426, ""full_batch_harm_se"": 0.0019618894439190626, ""full_batch_harm_ucb"": -0.05860043783672154, ""full_batch_safe"": true}, ""default"": {""crossfit_feasible"": true, ""crossfit_utility"": -0.5659191608428955, ""crossfit_utility_positive"": false, ""full_batch_cur_after"": 4.6620941162109375, ""full_batch_cur_before"": 4.6761016845703125, ""full_batch_gain"": 0.014007568359375, ""full_batch_harm"": -0.04478684067726135, ""full_batch_harm_lcb"": -0.04733255255501717, ""full_batch_harm_se"": 0.0012988325906917453, ""full_batch_harm_ucb"": -0.042241128799505534, ""full_batch_safe"": true}}, ""guarded_best_reuse"": ""adapter_1"", ""num_adapters"": 2, ""pending_after"": false, ""pending_before"": false, ""policy_version"": ""cau_v1"", ""reason"": ""safe_existing_reuse"", ""utility"": {""batch_n"": 16, ""best_reuse"": ""adapter_1"", ""best_reuse_query_after"": 4.061776161193848, ""best_reuse_utility"": 0.04916071891784668, ""budget_blocked_fresh"": false, ""defer_utility"": 0.0, ""fold_a_fresh_utility"": -0.20423507690429688, ""fold_a_query_n"": 8, ""fold_a_support_n"": 8, ""fold_b_fresh_utility"": -0.15058565139770508, ""fold_b_query_n"": 8, ""fold_b_support_n"": 8, ""fresh_advantage"": -0.22657108306884766, ""fresh_local_trainability"": 0.0365757942199707, ""fresh_positive"": false, ""fresh_query_after"": 4.288347244262695, ""fresh_query_before"": 4.324923038482666, ""fresh_utility"": -0.17741036415100098, ""max_adapters"": 8, ""reuse_profiles"": {""adapter_1"": {""feasible_both"": true, ""fold_a_harm"": -0.05886739119887352, ""fold_a_lcb"": -0.06291883559897542, ""fold_a_query_after"": 4.013484001159668, ""fold_a_utility"": 0.05289173126220703, ""fold_b_harm"": -0.06226804479956627, ""fold_b_lcb"": -0.06668499752879142, ""fold_b_query_after"": 4.110068321228027, ""fold_b_utility"": 0.04542970657348633, ""harm_lcb_max"": -0.06291883559897542, ""harm_mean"": -0.060567717999219894, ""harm_se_mean"": 0.0021603053901344538, ""harm_ucb_max"": -0.05481594679877162, ""local_trainability"": 0.04916071891784668, ""query_after"": 4.061776161193848, ""query_before"": 4.110936880111694, ""system_utility"": 0.04916071891784668}, ""default"": {""feasible_both"": true, ""fold_a_harm"": -0.04500574618577957, ""fold_a_lcb"": -0.04788859705906361, ""fold_a_query_after"": 4.617755889892578, ""fold_a_utility"": -0.5513801574707031, ""fold_b_harm"": -0.045644812285900116, ""fold_b_lcb"": -0.04799114455468953, ""fold_b_query_after"": 4.735956192016602, ""fold_b_utility"": -0.5804581642150879, ""harm_lcb_max"": -0.04788859705906361, ""harm_mean"": -0.045325279235839844, ""harm_se_mean"": 0.0013339752913452685, ""harm_ucb_max"": -0.04212289531249553, ""local_trainability"": -0.0007541179656982422, ""query_after"": 4.67685604095459, ""query_before"": 4.676101922988892, ""system_utility"": -0.5659191608428955}}, ""status"": ""ok"", ""statusquo_loss"": 4.110936880111694, ""total_memory_budget"": 512}, ""utility_status"": ""ok""}"
23,B1,B,1,adapter_1,reuse,safe_existing_reuse,4.040135383605957,2,True,294912,1299610,0,68607207,649805,10396912,352,9.131225062068552,488087040,0.0,6.3719442542642355,0.8851179508492351,512,512,3.9990153312683105,-0.24246978759765625,0.0520014762878418,-0.29447126388549805,False,,"{""best_reuse"": ""adapter_1"", ""best_reuse_utility"": 0.0520014762878418, ""decision"": ""reuse"", ""fresh_advantage"": -0.29447126388549805, ""fresh_positive"": false, ""fresh_utility"": -0.24246978759765625, ""full_batch_guards"": {""adapter_1"": {""crossfit_feasible"": true, ""crossfit_utility"": 0.0520014762878418, ""crossfit_utility_positive"": true, ""full_batch_cur_after"": 3.9384689331054688, ""full_batch_cur_before"": 3.9990153312683105, ""full_batch_gain"": 0.0605463981628418, ""full_batch_harm"": -0.06016251817345619, ""full_batch_harm_lcb"": -0.0629103167168796, ""full_batch_harm_se"": 0.0014019380323588848, ""full_batch_harm_ucb"": -0.05741471963003278, ""full_batch_safe"": true}, ""default"": {""crossfit_feasible"": true, ""crossfit_utility"": -0.5461194515228271, ""crossfit_utility_positive"": false, ""full_batch_cur_after"": 4.536101341247559, ""full_batch_cur_before"": 4.555758476257324, ""full_batch_gain"": 0.019657135009765625, ""full_batch_harm"": -0.04547453299164772, ""full_batch_harm_lcb"": -0.04773139708209783, ""full_batch_harm_se"": 0.0011514612706378102, ""full_batch_harm_ucb"": -0.04321766890119761, ""full_batch_safe"": true}}, ""guarded_best_reuse"": ""adapter_1"", ""num_adapters"": 2, ""pending_after"": false, ""pending_before"": false, ""policy_version"": ""cau_v1"", ""reason"": ""safe_existing_reuse"", ""utility"": {""batch_n"": 16, ""best_reuse"": ""adapter_1"", ""best_reuse_query_after"": 3.9470138549804688, ""best_reuse_utility"": 0.0520014762878418, ""budget_blocked_fresh"": false, ""defer_utility"": 0.0, ""fold_a_fresh_utility"": -0.28151845932006836, ""fold_a_query_n"": 8, ""fold_a_support_n"": 8, ""fold_b_fresh_utility"": -0.20342111587524414, ""fold_b_query_n"": 8, ""fold_b_support_n"": 8, ""fresh_advantage"": -0.29447126388549805, ""fresh_local_trainability"": 0.04901266098022461, ""fresh_positive"": false, ""fresh_query_after"": 4.241485118865967, ""fresh_query_before"": 4.290497779846191, ""fresh_utility"": -0.24246978759765625, ""max_adapters"": 8, ""reuse_profiles"": {""adapter_1"": {""feasible_both"": true, ""fold_a_harm"": -0.05886377394199371, ""fold_a_lcb"": -0.06152489396277815, ""fold_a_query_after"": 3.925691604614258, ""fold_a_utility"": 0.05489206314086914, ""fold_b_harm"": -0.0595550462603569, ""fold_b_lcb"": -0.06280893662944437, ""fold_b_query_after"": 3.9683361053466797, ""fold_b_utility"": 0.04911088943481445, ""harm_lcb_max"": -0.06152489396277815, ""harm_mean"": -0.05920941010117531, ""harm_se_mean"": 0.0015089312219060957, ""harm_ucb_max"": -0.056202653921209274, ""local_trainability"": 0.0520014762878418, ""query_after"": 3.9470138549804688, ""query_before"": 3.9990153312683105, ""system_utility"": 0.0520014762878418}, ""default"": {""feasible_both"": true, ""fold_a_harm"": -0.04614439606666565, ""fold_a_lcb"": -0.04866785778198391, ""fold_a_query_after"": 4.563107967376709, ""fold_a_utility"": -0.582524299621582, ""fold_b_harm"": -0.04577556252479553, ""fold_b_lcb"": -0.04816227201372385, ""fold_b_query_after"": 4.527161598205566, ""fold_b_utility"": -0.5097146034240723, ""harm_lcb_max"": -0.04816227201372385, ""harm_mean"": -0.04595997929573059, ""harm_se_mean"": 0.0012525946949608624, ""harm_ucb_max"": -0.04338885303586722, ""local_trainability"": 0.010623693466186523, ""query_after"": 4.545134782791138, ""query_before"": 4.555758476257324, ""system_utility"": -0.5461194515228271}}, ""status"": ""ok"", ""statusquo_loss"": 3.9990153312683105, ""total_memory_budget"": 512}, ""utility_status"": ""ok""}"
24,B1,B,1,adapter_1,reuse,safe_existing_reuse,3.9878132343292236,2,True,294912,1299610,0,68607207,649805,10396912,368,9.755906026111916,488087040,0.0,6.992077260278165,0.8851179508492351,512,512,3.9783430099487305,-0.3491096496582031,0.04520535469055176,-0.3943150043487549,False,,"{""best_reuse"": ""adapter_1"", ""best_reuse_utility"": 0.04520535469055176, ""decision"": ""reuse"", ""fresh_advantage"": -0.3943150043487549, ""fresh_positive"": false, ""fresh_utility"": -0.3491096496582031, ""full_batch_guards"": {""adapter_1"": {""crossfit_feasible"": true, ""crossfit_utility"": 0.04520535469055176, ""crossfit_utility_positive"": true, ""full_batch_cur_after"": 3.9164140224456787, ""full_batch_cur_before"": 3.9783430099487305, ""full_batch_gain"": 0.06192898750305176, ""full_batch_harm"": -0.061021722853183746, ""full_batch_harm_lcb"": -0.0636849742475897, ""full_batch_harm_se"": 0.001358801731839776, ""full_batch_harm_ucb"": -0.05835847145877779, ""full_batch_safe"": true}, ""default"": {""crossfit_feasible"": true, ""crossfit_utility"": -0.6731200218200684, ""crossfit_utility_positive"": false, ""full_batch_cur_after"": 4.625361442565918, ""full_batch_cur_before"": 4.637762069702148, ""full_batch_gain"": 0.012400627136230469, ""full_batch_harm"": -0.04468267038464546, ""full_batch_harm_lcb"": -0.046946939178742465, ""full_batch_harm_se"": 0.001155239180661738, ""full_batch_harm_ucb"": -0.04241840159054846, ""full_batch_safe"": true}}, ""guarded_best_reuse"": ""adapter_1"", ""num_adapters"": 2, ""pending_after"": false, ""pending_before"": false, ""policy_version"": ""cau_v1"", ""reason"": ""safe_existing_reuse"", ""utility"": {""batch_n"": 16, ""best_reuse"": ""adapter_1"", ""best_reuse_query_after"": 3.9331376552581787, ""best_reuse_utility"": 0.04520535469055176, ""budget_blocked_fresh"": false, ""defer_utility"": 0.0, ""fold_a_fresh_utility"": -0.3569960594177246, ""fold_a_query_n"": 8, ""fold_a_support_n"": 8, ""fold_b_fresh_utility"": -0.34122323989868164, ""fold_b_query_n"": 8, ""fold_b_support_n"": 8, ""fresh_advantage"": -0.3943150043487549, ""fresh_local_trainability"": -0.006637096405029297, ""fresh_positive"": false, ""fresh_query_after"": 4.327452659606934, ""fresh_query_before"": 4.320815563201904, ""fresh_utility"": -0.3491096496582031, ""max_adapters"": 8, ""reuse_profiles"": {""adapter_1"": {""feasible_both"": true, ""fold_a_harm"": -0.0586932972073555, ""fold_a_lcb"": -0.06174325863365084, ""fold_a_query_after"": 3.8973968029022217, ""fold_a_utility"": 0.04720950126647949, ""fold_b_harm"": -0.057122740894556046, ""fold_b_lcb"": -0.060506619955413045, ""fold_b_query_after"": 3.9688785076141357, ""fold_b_utility"": 0.04320120811462402, ""harm_lcb_max"": -0.060506619955413045, ""harm_mean"": -0.05790801905095577, ""harm_se_mean"": 0.00164128583855927, ""harm_ucb_max"": -0.053738861833699046, ""local_trainability"": 0.04520535469055176, ""query_after"": 3.9331376552581787, ""query_before"": 3.9783430099487305, ""system_utility"": 0.04520535469055176}, ""default"": {""feasible_both"": true, ""fold_a_harm"": -0.04482116177678108, ""fold_a_lcb"": -0.04768013583496213, ""fold_a_query_after"": 4.613088607788086, ""fold_a_utility"": -0.6684823036193848, ""fold_b_harm"": -0.04603777080774307, ""fold_b_lcb"": -0.04826548429671675, ""fold_b_query_after"": 4.689837455749512, ""fold_b_utility"": -0.677757740020752, ""harm_lcb_max"": -0.04768013583496213, ""harm_mean"": -0.04542946629226208, ""harm_se_mean"": 0.0012976243742741644, ""harm_ucb_max"": -0.04196218771860003, ""local_trainability"": -0.01370096206665039, ""query_after"": 4.651463031768799, ""query_before"": 4.637762069702148, ""system_utility"": -0.6731200218200684}}, ""status"": ""ok"", ""statusquo_loss"": 3.9783430099487305, ""total_memory_budget"": 512}, ""utility_status"": ""ok""}"
25,B1,B,1,adapter_1,reuse,safe_existing_reuse,3.968698501586914,2,True,294912,1299610,0,68607207,649805,10396912,384,10.33625688799657,488087040,0.0,7.562107160221785,0.8851179508492351,512,512,3.9502371549606323,-0.3073076009750366,0.05234050750732422,-0.35964810848236084,False,,"{""best_reuse"": ""adapter_1"", ""best_reuse_utility"": 0.05234050750732422, ""decision"": ""reuse"", ""fresh_advantage"": -0.35964810848236084, ""fresh_positive"": false, ""fresh_utility"": -0.3073076009750366, ""full_batch_guards"": {""adapter_1"": {""crossfit_feasible"": true, ""crossfit_utility"": 0.05234050750732422, ""crossfit_utility_positive"": true, ""full_batch_cur_after"": 3.889312505722046, ""full_batch_cur_before"": 3.9502370357513428, ""full_batch_gain"": 0.060924530029296875, ""full_batch_harm"": -0.05997737497091293, ""full_batch_harm_lcb"": -0.061891424350906166, ""full_batch_harm_se"": 0.000976555806118995, ""full_batch_harm_ucb"": -0.0580633255909197, ""full_batch_safe"": true}, ""default"": {""crossfit_feasible"": true, ""crossfit_utility"": -0.6578551530838013, ""crossfit_utility_positive"": false, ""full_batch_cur_after"": 4.5955810546875, ""full_batch_cur_before"": 4.609635353088379, ""full_batch_gain"": 0.014054298400878906, ""full_batch_harm"": -0.045094702392816544, ""full_batch_harm_lcb"": -0.047587304254993794, ""full_batch_harm_se"": 0.001271735643967986, ""full_batch_harm_ucb"": -0.04260210053063929, ""full_batch_safe"": true}}, ""guarded_best_reuse"": ""adapter_1"", ""num_adapters"": 2, ""pending_after"": false, ""pending_before"": false, ""policy_version"": ""cau_v1"", ""reason"": ""safe_existing_reuse"", ""utility"": {""batch_n"": 16, ""best_reuse"": ""adapter_1"", ""best_reuse_query_after"": 3.897896647453308, ""best_reuse_utility"": 0.05234050750732422, ""budget_blocked_fresh"": false, ""defer_utility"": 0.0, ""fold_a_fresh_utility"": -0.34715914726257324, ""fold_a_query_n"": 8, ""fold_a_support_n"": 8, ""fold_b_fresh_utility"": -0.2674560546875, ""fold_b_query_n"": 8, ""fold_b_support_n"": 8, ""fresh_advantage"": -0.35964810848236084, ""fresh_local_trainability"": 0.04612565040588379, ""fresh_positive"": false, ""fresh_query_after"": 4.257544755935669, ""fresh_query_before"": 4.303670406341553, ""fresh_utility"": -0.3073076009750366, ""max_adapters"": 8, ""reuse_profiles"": {""adapter_1"": {""feasible_both"": true, ""fold_a_harm"": -0.0580136775970459, ""fold_a_lcb"": -0.06048623824957758, ""fold_a_query_after"": 3.880916118621826, ""fold_a_utility"": 0.05238604545593262, ""fold_b_harm"": -0.05911433696746826, ""fold_b_lcb"": -0.061126330392435195, ""fold_b_query_after"": 3.91487717628479, ""fold_b_utility"": 0.05229496955871582, ""harm_lcb_max"": -0.06048623824957758, ""harm_mean"": -0.05856400728225708, ""harm_se_mean"": 0.0011440188973210752, ""harm_ucb_max"": -0.05554111694451422, ""local_trainability"": 0.05234050750732422, ""query_after"": 3.897896647453308, ""query_before"": 3.9502371549606323, ""system_utility"": 0.05234050750732422}, ""default"": {""feasible_both"": true, ""fold_a_harm"": -0.045890435576438904, ""fold_a_lcb"": -0.04864807480946183, ""fold_a_query_after"": 4.630121231079102, ""fold_a_utility"": -0.6968190670013428, ""fold_b_harm"": -0.04518015310168266, ""fold_b_lcb"": -0.047509768428280946, ""fold_b_query_after"": 4.586063385009766, ""fold_b_utility"": -0.6188912391662598, ""harm_lcb_max"": -0.047509768428280946, ""harm_mean"": -0.04553529433906078, ""harm_se_mean"": 0.0012977690203115344, ""harm_ucb_max"": -0.04285053777508438, ""local_trainability"": 0.0015430450439453125, ""query_after"": 4.608092308044434, ""query_before"": 4.609635353088379, ""system_utility"": -0.6578551530838013}}, ""status"": ""ok"", ""statusquo_loss"": 3.9502371549606323, ""total_memory_budget"": 512}, ""utility_status"": ""ok""}"
26,B1,B,1,adapter_1,reuse,safe_existing_reuse,3.90283465385437,2,True,294912,1299610,0,68607207,649805,10396912,400,10.897930852137506,488087040,0.0,8.118229487212375,0.8851179508492351,512,512,3.878430962562561,-0.414944052696228,0.054209113121032715,-0.46915316581726074,False,,"{""best_reuse"": ""adapter_1"", ""best_reuse_utility"": 0.054209113121032715, ""decision"": ""reuse"", ""fresh_advantage"": -0.46915316581726074, ""fresh_positive"": false, ""fresh_utility"": -0.414944052696228, ""full_batch_guards"": {""adapter_1"": {""crossfit_feasible"": true, ""crossfit_utility"": 0.054209113121032715, ""crossfit_utility_positive"": true, ""full_batch_cur_after"": 3.8153412342071533, ""full_batch_cur_before"": 3.8784308433532715, ""full_batch_gain"": 0.06308960914611816, ""full_batch_harm"": -0.06083192676305771, ""full_batch_harm_lcb"": -0.06298334319144487, ""full_batch_harm_se"": 0.001097661443054676, ""full_batch_harm_ucb"": -0.058680510334670546, ""full_batch_safe"": true}, ""default"": {""crossfit_feasible"": true, ""crossfit_utility"": -0.7447913885116577, ""crossfit_utility_positive"": false, ""full_batch_cur_after"": 4.608979225158691, ""full_batch_cur_before"": 4.623216152191162, ""full_batch_gain"": 0.014236927032470703, ""full_batch_harm"": -0.04440232738852501, ""full_batch_harm_lcb"": -0.0466329957311973, ""full_batch_harm_se"": 0.0011380960932001472, ""full_batch_harm_ucb"": -0.04217165904585272, ""full_batch_safe"": true}}, ""guarded_best_reuse"": ""adapter_1"", ""num_adapters"": 2, ""pending_after"": false, ""pending_before"": false, ""policy_version"": ""cau_v1"", ""reason"": ""safe_existing_reuse"", ""utility"": {""batch_n"": 16, ""best_reuse"": ""adapter_1"", ""best_reuse_query_after"": 3.8242218494415283, ""best_reuse_utility"": 0.054209113121032715, ""budget_blocked_fresh"": false, ""defer_utility"": 0.0, ""fold_a_fresh_utility"": -0.4145653247833252, ""fold_a_query_n"": 8, ""fold_a_support_n"": 8, ""fold_b_fresh_utility"": -0.41532278060913086, ""fold_b_query_n"": 8, ""fold_b_support_n"": 8, ""fresh_advantage"": -0.46915316581726074, ""fresh_local_trainability"": 0.02221536636352539, ""fresh_positive"": false, ""fresh_query_after"": 4.293375015258789, ""fresh_query_before"": 4.3155903816223145, ""fresh_utility"": -0.414944052696228, ""max_adapters"": 8, ""reuse_profiles"": {""adapter_1"": {""feasible_both"": true, ""fold_a_harm"": -0.05924807861447334, ""fold_a_lcb"": -0.06168835515156388, ""fold_a_query_after"": 3.79658842086792, ""fold_a_utility"": 0.05637955665588379, ""fold_b_harm"": -0.05843527987599373, ""fold_b_lcb"": -0.06111607785336673, ""fold_b_query_after"": 3.8518552780151367, ""fold_b_utility"": 0.05203866958618164, ""harm_lcb_max"": -0.06111607785336673, ""harm_mean"": -0.058841679245233536, ""harm_se_mean"": 0.0013063965598121285, ""harm_ucb_max"": -0.05575448189862073, ""local_trainability"": 0.054209113121032715, ""query_after"": 3.8242218494415283, ""query_before"": 3.878430962562561, ""system_utility"": 0.054209113121032715}, ""default"": {""feasible_both"": true, ""fold_a_harm"": -0.04514015093445778, ""fold_a_lcb"": -0.04772015668451786, ""fold_a_query_after"": 4.623077392578125, ""fold_a_utility"": -0.7701094150543213, ""fold_b_harm"": -0.04556133225560188, ""fold_b_lcb"": -0.04785140023101121, ""fold_b_query_after"": 4.6233673095703125, ""fold_b_utility"": -0.7194733619689941, ""harm_lcb_max"": -0.04772015668451786, ""harm_mean"": -0.04535074159502983, ""harm_se_mean"": 0.001242365746293217, ""harm_ucb_max"": -0.0425601451843977, ""local_trainability"": -5.9604644775390625e-06, ""query_after"": 4.623222351074219, ""query_before"": 4.623216390609741, ""system_utility"": -0.7447913885116577}}, ""status"": ""ok"", ""statusquo_loss"": 3.878430962562561, ""total_memory_budget"": 512}, ""utility_status"": ""ok""}"
27,B1,B,1,adapter_1,reuse,safe_existing_reuse,3.858489513397217,2,True,294912,1299610,0,68607207,649805,10396912,416,11.454911194043234,488087040,0.0,8.67011964507401,0.8851179508492351,512,512,3.8259764909744263,-0.4530528783798218,0.059061408042907715,-0.5121142864227295,False,,"{""best_reuse"": ""adapter_1"", ""best_reuse_utility"": 0.059061408042907715, ""decision"": ""reuse"", ""fresh_advantage"": -0.5121142864227295, ""fresh_positive"": false, ""fresh_utility"": -0.4530528783798218, ""full_batch_guards"": {""adapter_1"": {""crossfit_feasible"": true, ""crossfit_utility"": 0.059061408042907715, ""crossfit_utility_positive"": true, ""full_batch_cur_after"": 3.762794017791748, ""full_batch_cur_before"": 3.8259763717651367, ""full_batch_gain"": 0.06318235397338867, ""full_batch_harm"": -0.059940289705991745, ""full_batch_harm_lcb"": -0.06190047712996602, ""full_batch_harm_se"": 0.0010000956244766712, ""full_batch_harm_ucb"": -0.05798010228201747, ""full_batch_safe"": true}, ""default"": {""crossfit_feasible"": true, ""crossfit_utility"": -0.8210986852645874, ""crossfit_utility_positive"": false, ""full_batch_cur_after"": 4.639670372009277, ""full_batch_cur_before"": 4.650808334350586, ""full_batch_gain"": 0.011137962341308594, ""full_batch_harm"": -0.04471337050199509, ""full_batch_harm_lcb"": -0.04734702475834638, ""full_batch_harm_se"": 0.0013437011511996388, ""full_batch_harm_ucb"": -0.04207971624564379, ""full_batch_safe"": true}}, ""guarded_best_reuse"": ""adapter_1"", ""num_adapters"": 2, ""pending_after"": false, ""pending_before"": false, ""policy_version"": ""cau_v1"", ""reason"": ""safe_existing_reuse"", ""utility"": {""batch_n"": 16, ""best_reuse"": ""adapter_1"", ""best_reuse_query_after"": 3.7669150829315186, ""best_reuse_utility"": 0.059061408042907715, ""budget_blocked_fresh"": false, ""defer_utility"": 0.0, ""fold_a_fresh_utility"": -0.45642852783203125, ""fold_a_query_n"": 8, ""fold_a_support_n"": 8, ""fold_b_fresh_utility"": -0.4496772289276123, ""fold_b_query_n"": 8, ""fold_b_support_n"": 8, ""fresh_advantage"": -0.5121142864227295, ""fresh_local_trainability"": 0.05605888366699219, ""fresh_positive"": false, ""fresh_query_after"": 4.279029369354248, ""fresh_query_before"": 4.33508825302124, ""fresh_utility"": -0.4530528783798218, ""max_adapters"": 8, ""reuse_profiles"": {""adapter_1"": {""feasible_both"": true, ""fold_a_harm"": -0.05830691382288933, ""fold_a_lcb"": -0.06038582270499319, ""fold_a_query_after"": 3.777764320373535, ""fold_a_utility"": 0.05797767639160156, ""fold_b_harm"": -0.05947479233145714, ""fold_b_lcb"": -0.06155143795534968, ""fold_b_query_after"": 3.756065845489502, ""fold_b_utility"": 0.06014513969421387, ""harm_lcb_max"": -0.06038582270499319, ""harm_mean"": -0.05889085307717323, ""harm_se_mean"": 0.0010600904352031648, ""harm_ucb_max"": -0.05622800494078547, ""local_trainability"": 0.059061408042907715, ""query_after"": 3.7669150829315186, ""query_before"": 3.8259764909744263, ""system_utility"": 0.059061408042907715}, ""default"": {""feasible_both"": true, ""fold_a_harm"": -0.044871531426906586, ""fold_a_lcb"": -0.047477437439374624, ""fold_a_query_after"": 4.654318809509277, ""fold_a_utility"": -0.8185768127441406, ""fold_b_harm"": -0.04501524940133095, ""fold_b_lcb"": -0.04769521271809936, ""fold_b_query_after"": 4.63983154296875, ""fold_b_utility"": -0.8236205577850342, ""harm_lcb_max"": -0.047477437439374624, ""harm_mean"": -0.04494339041411877, ""harm_se_mean"": 0.0013484360533766448, ""harm_ucb_max"": -0.04226562541443855, ""local_trainability"": 0.0037326812744140625, ""query_after"": 4.647075176239014, ""query_before"": 4.650807857513428, ""system_utility"": -0.8210986852645874}}, ""status"": ""ok"", ""statusquo_loss"": 3.8259764909744263, ""total_memory_budget"": 512}, ""utility_status"": ""ok""}"
28,B1,B,1,adapter_1,reuse,safe_existing_reuse,3.767367362976074,2,True,294912,1299610,0,68607207,649805,10396912,432,12.00876343715936,488087040,0.0,9.219458870124072,0.8851179508492351,512,512,3.7523248195648193,-0.4886901378631592,0.058338284492492676,-0.5470284223556519,False,,"{""best_reuse"": ""adapter_1"", ""best_reuse_utility"": 0.058338284492492676, ""decision"": ""reuse"", ""fresh_advantage"": -0.5470284223556519, ""fresh_positive"": false, ""fresh_utility"": -0.4886901378631592, ""full_batch_guards"": {""adapter_1"": {""crossfit_feasible"": true, ""crossfit_utility"": 0.058338284492492676, ""crossfit_utility_positive"": true, ""full_batch_cur_after"": 3.688081979751587, ""full_batch_cur_before"": 3.7523250579833984, ""full_batch_gain"": 0.06424307823181152, ""full_batch_harm"": -0.059603963047266006, ""full_batch_harm_lcb"": -0.06172541771549731, ""full_batch_harm_se"": 0.0010823748307302594, ""full_batch_harm_ucb"": -0.0574825083790347, ""full_batch_safe"": true}, ""default"": {""crossfit_feasible"": true, ""crossfit_utility"": -0.8325421810150146, ""crossfit_utility_positive"": false, ""full_batch_cur_after"": 4.576397895812988, ""full_batch_cur_before"": 4.59370231628418, ""full_batch_gain"": 0.017304420471191406, ""full_batch_harm"": -0.045543938875198364, ""full_batch_harm_lcb"": -0.047765977904200556, ""full_batch_harm_se"": 0.0011336933821439743, ""full_batch_harm_ucb"": -0.04332189984619617, ""full_batch_safe"": true}}, ""guarded_best_reuse"": ""adapter_1"", ""num_adapters"": 2, ""pending_after"": false, ""pending_before"": false, ""policy_version"": ""cau_v1"", ""reason"": ""safe_existing_reuse"", ""utility"": {""batch_n"": 16, ""best_reuse"": ""adapter_1"", ""best_reuse_query_after"": 3.6939865350723267, ""best_reuse_utility"": 0.058338284492492676, ""budget_blocked_fresh"": false, ""defer_utility"": 0.0, ""fold_a_fresh_utility"": -0.4824686050415039, ""fold_a_query_n"": 8, ""fold_a_support_n"": 8, ""fold_b_fresh_utility"": -0.49491167068481445, ""fold_b_query_n"": 8, ""fold_b_support_n"": 8, ""fresh_advantage"": -0.5470284223556519, ""fresh_local_trainability"": 0.05042743682861328, ""fresh_positive"": false, ""fresh_query_after"": 4.2410149574279785, ""fresh_query_before"": 4.291442394256592, ""fresh_utility"": -0.4886901378631592, ""max_adapters"": 8, ""reuse_profiles"": {""adapter_1"": {""feasible_both"": true, ""fold_a_harm"": -0.05888811871409416, ""fold_a_lcb"": -0.061147713363170625, ""fold_a_query_after"": 3.697399139404297, ""fold_a_utility"": 0.05761528015136719, ""fold_b_harm"": -0.058511484414339066, ""fold_b_lcb"": -0.060449933013878764, ""fold_b_query_after"": 3.6905739307403564, ""fold_b_utility"": 0.059061288833618164, ""harm_lcb_max"": -0.060449933013878764, ""harm_mean"": -0.058699801564216614, ""harm_se_mean"": 0.0010709294001571834, ""harm_ucb_max"": -0.05657303581479937, ""local_trainability"": 0.058338284492492676, ""query_after"": 3.6939865350723267, ""query_before"": 3.7523248195648193, ""system_utility"": 0.058338284492492676}, ""default"": {""feasible_both"": true, ""fold_a_harm"": -0.0458182655274868, ""fold_a_lcb"": -0.048319195969961586, ""fold_a_query_after"": 4.579975605010986, ""fold_a_utility"": -0.8249611854553223, ""fold_b_harm"": -0.04582655429840088, ""fold_b_lcb"": -0.04806320239789784, ""fold_b_query_after"": 4.589758396148682, ""fold_b_utility"": -0.840123176574707, ""harm_lcb_max"": -0.04806320239789784, ""harm_mean"": -0.04582240991294384, ""harm_se_mean"": 0.0012085659545846283, ""harm_ucb_max"": -0.04331733508501202, ""local_trainability"": 0.0088348388671875, ""query_after"": 4.584867000579834, ""query_before"": 4.5937018394470215, ""system_utility"": -0.8325421810150146}}, ""status"": ""ok"", ""statusquo_loss"": 3.7523248195648193, ""total_memory_budget"": 512}, ""utility_status"": ""ok""}"
29,B1,B,1,adapter_1,reuse,safe_existing_reuse,3.734117031097412,2,True,294912,1299610,0,68607207,649805,10396912,448,12.570733160013333,488087040,0.0,9.776935866102576,0.8851179508492351,512,512,3.694729208946228,-0.626989483833313,0.05649244785308838,-0.6834819316864014,False,,"{""best_reuse"": ""adapter_1"", ""best_reuse_utility"": 0.05649244785308838, ""decision"": ""reuse"", ""fresh_advantage"": -0.6834819316864014, ""fresh_positive"": false, ""fresh_utility"": -0.626989483833313, ""full_batch_guards"": {""adapter_1"": {""crossfit_feasible"": true, ""crossfit_utility"": 0.05649244785308838, ""crossfit_utility_positive"": true, ""full_batch_cur_after"": 3.6305041313171387, ""full_batch_cur_before"": 3.6947293281555176, ""full_batch_gain"": 0.0642251968383789, ""full_batch_harm"": -0.06271270662546158, ""full_batch_harm_lcb"": -0.06465224544052034, ""full_batch_harm_se"": 0.0009895606199279428, ""full_batch_harm_ucb"": -0.06077316781040281, ""full_batch_safe"": true}, ""default"": {""crossfit_feasible"": true, ""crossfit_utility"": -0.9570385217666626, ""crossfit_utility_positive"": false, ""full_batch_cur_after"": 4.639073371887207, ""full_batch_cur_before"": 4.653251647949219, ""full_batch_gain"": 0.014178276062011719, ""full_batch_harm"": -0.04454508423805237, ""full_batch_harm_lcb"": -0.04694458835758269, ""full_batch_harm_se"": 0.0012242367956787348, ""full_batch_harm_ucb"": -0.04214558011852205, ""full_batch_safe"": true}}, ""guarded_best_reuse"": ""adapter_1"", ""num_adapters"": 2, ""pending_after"": false, ""pending_before"": false, ""policy_version"": ""cau_v1"", ""reason"": ""safe_existing_reuse"", ""utility"": {""batch_n"": 16, ""best_reuse"": ""adapter_1"", ""best_reuse_query_after"": 3.6382367610931396, ""best_reuse_utility"": 0.05649244785308838, ""budget_blocked_fresh"": false, ""defer_utility"": 0.0, ""fold_a_fresh_utility"": -0.6325111389160156, ""fold_a_query_n"": 8, ""fold_a_support_n"": 8, ""fold_b_fresh_utility"": -0.6214678287506104, ""fold_b_query_n"": 8, ""fold_b_support_n"": 8, ""fresh_advantage"": -0.6834819316864014, ""fresh_local_trainability"": 0.032440185546875, ""fresh_positive"": false, ""fresh_query_after"": 4.321718692779541, ""fresh_query_before"": 4.354158878326416, ""fresh_utility"": -0.626989483833313, ""max_adapters"": 8, ""reuse_profiles"": {""adapter_1"": {""feasible_both"": true, ""fold_a_harm"": -0.06048662215471268, ""fold_a_lcb"": -0.06300102079752833, ""fold_a_query_after"": 3.644847869873047, ""fold_a_utility"": 0.05313873291015625, ""fold_b_harm"": -0.06103353947401047, ""fold_b_lcb"": -0.0631532130157575, ""fold_b_query_after"": 3.6316256523132324, ""fold_b_utility"": 0.05984616279602051, ""harm_lcb_max"": -0.06300102079752833, ""harm_mean"": -0.06076008081436157, ""harm_se_mean"": 0.001182161271572113, ""harm_ucb_max"": -0.05797222351189703, ""local_trainability"": 0.05649244785308838, ""query_after"": 3.6382367610931396, ""query_before"": 3.694729208946228, ""system_utility"": 0.05649244785308838}, ""default"": {""feasible_both"": true, ""fold_a_harm"": -0.04480006918311119, ""fold_a_lcb"": -0.04740913335233927, ""fold_a_query_after"": 4.5963850021362305, ""fold_a_utility"": -0.8983983993530273, ""fold_b_harm"": -0.045339107513427734, ""fold_b_lcb"": -0.04784875808283687, ""fold_b_query_after"": 4.707150459289551, ""fold_b_utility"": -1.0156786441802979, ""harm_lcb_max"": -0.04740913335233927, ""harm_mean"": -0.04506958834826946, ""harm_se_mean"": 0.0013057945761829615, ""harm_ucb_max"": -0.042191005013883114, ""local_trainability"": 0.0014836788177490234, ""query_after"": 4.651767730712891, ""query_before"": 4.65325140953064, ""system_utility"": -0.9570385217666626}}, ""status"": ""ok"", ""statusquo_loss"": 3.694729208946228, ""total_memory_budget"": 512}, ""utility_status"": ""ok""}"
30,B1,B,1,adapter_1,reuse,safe_existing_reuse,3.709125280380249,2,True,294912,1299610,0,68607207,649805,10396912,464,13.126337232999504,488087040,0.0,10.327797905076295,0.8851179508492351,512,512,3.655031681060791,-0.6004023551940918,0.06183648109436035,-0.6622388362884521,False,,"{""best_reuse"": ""adapter_1"", ""best_reuse_utility"": 0.06183648109436035, ""decision"": ""reuse"", ""fresh_advantage"": -0.6622388362884521, ""fresh_positive"": false, ""fresh_utility"": -0.6004023551940918, ""full_batch_guards"": {""adapter_1"": {""crossfit_feasible"": true, ""crossfit_utility"": 0.06183648109436035, ""crossfit_utility_positive"": true, ""full_batch_cur_after"": 3.588069438934326, ""full_batch_cur_before"": 3.655031442642212, ""full_batch_gain"": 0.06696200370788574, ""full_batch_harm"": -0.061128515750169754, ""full_batch_harm_lcb"": -0.06291978742228821, ""full_batch_harm_se"": 0.0009139141184277833, ""full_batch_harm_ucb"": -0.0593372440780513, ""full_batch_safe"": true}, ""default"": {""crossfit_feasible"": true, ""crossfit_utility"": -0.9716734886169434, ""crossfit_utility_positive"": false, ""full_batch_cur_after"": 4.619571685791016, ""full_batch_cur_before"": 4.639821529388428, ""full_batch_gain"": 0.02024984359741211, ""full_batch_harm"": -0.04484367370605469, ""full_batch_harm_lcb"": -0.04732295180205256, ""full_batch_harm_se"": 0.001264937804080546, ""full_batch_harm_ucb"": -0.04236439561005682, ""full_batch_safe"": true}}, ""guarded_best_reuse"": ""adapter_1"", ""num_adapters"": 2, ""pending_after"": false, ""pending_before"": false, ""policy_version"": ""cau_v1"", ""reason"": ""safe_existing_reuse"", ""utility"": {""batch_n"": 16, ""best_reuse"": ""adapter_1"", ""best_reuse_query_after"": 3.5931951999664307, ""best_reuse_utility"": 0.06183648109436035, ""budget_blocked_fresh"": false, ""defer_utility"": 0.0, ""fold_a_fresh_utility"": -0.5829157829284668, ""fold_a_query_n"": 8, ""fold_a_support_n"": 8, ""fold_b_fresh_utility"": -0.6178889274597168, ""fold_b_query_n"": 8, ""fold_b_support_n"": 8, ""fresh_advantage"": -0.6622388362884521, ""fresh_local_trainability"": 0.061887502670288086, ""fresh_positive"": false, ""fresh_query_after"": 4.255434036254883, ""fresh_query_before"": 4.317321538925171, ""fresh_utility"": -0.6004023551940918, ""max_adapters"": 8, ""reuse_profiles"": {""adapter_1"": {""feasible_both"": true, ""fold_a_harm"": -0.05995490401983261, ""fold_a_lcb"": -0.06215420413762331, ""fold_a_query_after"": 3.593501567840576, ""fold_a_utility"": 0.059909820556640625, ""fold_b_harm"": -0.060170456767082214, ""fold_b_lcb"": -0.06169026180868968, ""fold_b_query_after"": 3.592888832092285, ""fold_b_utility"": 0.06376314163208008, ""harm_lcb_max"": -0.06169026180868968, ""harm_mean"": -0.06006268039345741, ""harm_se_mean"": 0.0009487513161730021, ""harm_ucb_max"": -0.05775560390204191, ""local_trainability"": 0.06183648109436035, ""query_after"": 3.5931951999664307, ""query_before"": 3.655031681060791, ""system_utility"": 0.06183648109436035}, ""default"": {""feasible_both"": true, ""fold_a_harm"": -0.045295678079128265, ""fold_a_lcb"": -0.04776019947603345, ""fold_a_query_after"": 4.618935585021973, ""fold_a_utility"": -0.9655241966247559, ""fold_b_harm"": -0.045310888439416885, ""fold_b_lcb"": -0.048035549451597034, ""fold_b_query_after"": 4.634474754333496, ""fold_b_utility"": -0.9778227806091309, ""harm_lcb_max"": -0.04776019947603345, ""harm_mean"": -0.045303283259272575, ""harm_se_mean"": 0.0013237710227258503, ""harm_ucb_max"": -0.042586227427236736, ""local_trainability"": 0.01311635971069336, ""query_after"": 4.626705169677734, ""query_before"": 4.639821529388428, ""system_utility"": -0.9716734886169434}}, ""status"": ""ok"", ""statusquo_loss"": 3.655031681060791, ""total_memory_budget"": 512}, ""utility_status"": ""ok""}"
31,B1,B,1,adapter_1,reuse,safe_existing_reuse,3.5635108947753906,2,True,294912,1299610,0,68607207,649805,10396912,480,13.699848222080618,488087040,0.0,10.895942301955074,0.8851179508492351,512,512,3.5206891298294067,-0.7851384878158569,0.0623624324798584,-0.8475009202957153,False,,"{""best_reuse"": ""adapter_1"", ""best_reuse_utility"": 0.0623624324798584, ""decision"": ""reuse"", ""fresh_advantage"": -0.8475009202957153, ""fresh_positive"": false, ""fresh_utility"": -0.7851384878158569, ""full_batch_guards"": {""adapter_1"": {""crossfit_feasible"": true, ""crossfit_utility"": 0.0623624324798584, ""crossfit_utility_positive"": true, ""full_batch_cur_after"": 3.4512553215026855, ""full_batch_cur_before"": 3.5206892490386963, ""full_batch_gain"": 0.06943392753601074, ""full_batch_harm"": -0.06255808472633362, ""full_batch_harm_lcb"": -0.06461756527423859, ""full_batch_harm_se"": 0.0010507553815841675, ""full_batch_harm_ucb"": -0.06049860417842865, ""full_batch_safe"": true}, ""default"": {""crossfit_feasible"": true, ""crossfit_utility"": -1.1383990049362183, ""crossfit_utility_positive"": false, ""full_batch_cur_after"": 4.6472907066345215, ""full_batch_cur_before"": 4.660351753234863, ""full_batch_gain"": 0.013061046600341797, ""full_batch_harm"": -0.044477757066488266, ""full_batch_harm_lcb"": -0.046848134314641354, ""full_batch_harm_se"": 0.001209376147016883, ""full_batch_harm_ucb"": -0.04210737981833518, ""full_batch_safe"": true}}, ""guarded_best_reuse"": ""adapter_1"", ""num_adapters"": 2, ""pending_after"": false, ""pending_before"": false, ""policy_version"": ""cau_v1"", ""reason"": ""safe_existing_reuse"", ""utility"": {""batch_n"": 16, ""best_reuse"": ""adapter_1"", ""best_reuse_query_after"": 3.4583266973495483, ""best_reuse_utility"": 0.0623624324798584, ""budget_blocked_fresh"": false, ""defer_utility"": 0.0, ""fold_a_fresh_utility"": -0.7704124450683594, ""fold_a_query_n"": 8, ""fold_a_support_n"": 8, ""fold_b_fresh_utility"": -0.7998645305633545, ""fold_b_query_n"": 8, ""fold_b_support_n"": 8, ""fresh_advantage"": -0.8475009202957153, ""fresh_local_trainability"": 0.04073476791381836, ""fresh_positive"": false, ""fresh_query_after"": 4.305827617645264, ""fresh_query_before"": 4.346562385559082, ""fresh_utility"": -0.7851384878158569, ""max_adapters"": 8, ""reuse_profiles"": {""adapter_1"": {""feasible_both"": true, ""fold_a_harm"": -0.061400026082992554, ""fold_a_lcb"": -0.0635116701805964, ""fold_a_query_after"": 3.479947328567505, ""fold_a_utility"": 0.06411623954772949, ""fold_b_harm"": -0.06022466719150543, ""fold_b_lcb"": -0.06267743009608238, ""fold_b_query_after"": 3.436706066131592, ""fold_b_utility"": 0.060608625411987305, ""harm_lcb_max"": -0.06267743009608238, ""harm_mean"": -0.06081234663724899, ""harm_se_mean"": 0.0011643895413726568, ""harm_ucb_max"": -0.05777190428692847, ""local_trainability"": 0.0623624324798584, ""query_after"": 3.4583266973495483, ""query_before"": 3.5206891298294067, ""system_utility"": 0.0623624324798584}, ""default"": {""feasible_both"": true, ""fold_a_harm"": -0.0452604815363884, ""fold_a_lcb"": -0.04755936706904322, ""fold_a_query_after"": 4.729343414306641, ""fold_a_utility"": -1.1852798461914062, ""fold_b_harm"": -0.04433787614107132, ""fold_b_lcb"": -0.04709135827142745, ""fold_b_query_after"": 4.588832855224609, ""fold_b_utility"": -1.0915181636810303, ""harm_lcb_max"": -0.04709135827142745, ""harm_mean"": -0.04479917883872986, ""harm_se_mean"": 0.001288869301788509, ""harm_ucb_max"": -0.04158439401071519, ""local_trainability"": 0.0012633800506591797, ""query_after"": 4.659088134765625, ""query_before"": 4.660351514816284, ""system_utility"": -1.1383990049362183}}, ""status"": ""ok"", ""statusquo_loss"": 3.5206891298294067, ""total_memory_budget"": 512}, ""utility_status"": ""ok""}"
32,B1,B,1,adapter_1,reuse,safe_existing_reuse,3.5071821212768555,2,True,294912,1299610,0,68607207,649805,10396912,493,14.271716825198382,488087040,0.0,11.462934857001528,0.8851179508492351,512,512,3.4617655827448917,-0.7850118050208459,0.06375872171842135,-0.8487705267392672,False,,"{""best_reuse"": ""adapter_1"", ""best_reuse_utility"": 0.06375872171842135, ""decision"": ""reuse"", ""fresh_advantage"": -0.8487705267392672, ""fresh_positive"": false, ""fresh_utility"": -0.7850118050208459, ""full_batch_guards"": {""adapter_1"": {""crossfit_feasible"": true, ""crossfit_utility"": 0.06375872171842135, ""crossfit_utility_positive"": true, ""full_batch_cur_after"": 3.3933494091033936, ""full_batch_cur_before"": 3.461765766143799, ""full_batch_gain"": 0.06841635704040527, ""full_batch_harm"": -0.06294817477464676, ""full_batch_harm_lcb"": -0.06499234963674098, ""full_batch_harm_se"": 0.0010429463582113385, ""full_batch_harm_ucb"": -0.060903999912552534, ""full_batch_safe"": true}, ""default"": {""crossfit_feasible"": true, ""crossfit_utility"": -1.167365367595966, ""crossfit_utility_positive"": false, ""full_batch_cur_after"": 4.619737148284912, ""full_batch_cur_before"": 4.6321282386779785, ""full_batch_gain"": 0.012391090393066406, ""full_batch_harm"": -0.04491441696882248, ""full_batch_harm_lcb"": -0.047283524428494275, ""full_batch_harm_se"": 0.001208728295750916, ""full_batch_harm_ucb"": -0.04254530950915068, ""full_batch_safe"": true}}, ""guarded_best_reuse"": ""adapter_1"", ""num_adapters"": 2, ""pending_after"": false, ""pending_before"": false, ""policy_version"": ""cau_v1"", ""reason"": ""safe_existing_reuse"", ""utility"": {""batch_n"": 13, ""best_reuse"": ""adapter_1"", ""best_reuse_query_after"": 3.3980068610264706, ""best_reuse_utility"": 0.06375872171842135, ""budget_blocked_fresh"": false, ""defer_utility"": 0.0, ""fold_a_fresh_utility"": -0.811150074005127, ""fold_a_query_n"": 6, ""fold_a_support_n"": 7, ""fold_b_fresh_utility"": -0.7626075744628906, ""fold_b_query_n"": 7, ""fold_b_support_n"": 6, ""fresh_advantage"": -0.8487705267392672, ""fresh_local_trainability"": 0.057478721325214095, ""fresh_positive"": false, ""fresh_query_after"": 4.2467773877657375, ""fresh_query_before"": 4.304256109090952, ""fresh_utility"": -0.7850118050208459, ""max_adapters"": 8, ""reuse_profiles"": {""adapter_1"": {""feasible_both"": true, ""fold_a_harm"": -0.06150069460272789, ""fold_a_lcb"": -0.06378651146776974, ""fold_a_query_after"": 3.372760057449341, ""fold_a_utility"": 0.06435465812683105, ""fold_b_harm"": -0.061812255531549454, ""fold_b_lcb"": -0.06382424051407724, ""fold_b_query_after"": 3.419646978378296, ""fold_b_utility"": 0.0632479190826416, ""harm_lcb_max"": -0.06378651146776974, ""harm_mean"": -0.06165647506713867, ""harm_se_mean"": 0.001096378022339195, ""harm_ucb_max"": -0.059214877737686036, ""local_trainability"": 0.06375872171842135, ""query_after"": 3.3980068610264706, ""query_before"": 3.4617655827448917, ""system_utility"": 0.06375872171842135}, ""default"": {""feasible_both"": true, ""fold_a_harm"": -0.04529670998454094, ""fold_a_lcb"": -0.04768356459215283, ""fold_a_query_after"": 4.6740803718566895, ""fold_a_utility"": -1.2369656562805176, ""fold_b_harm"": -0.04531458020210266, ""fold_b_lcb"": -0.047713612229563294, ""fold_b_query_after"": 4.590602874755859, ""fold_b_utility"": -1.1077079772949219, ""harm_lcb_max"": -0.04768356459215283, ""harm_mean"": -0.0453056450933218, ""harm_se_mean"": 0.001220889447722584, ""harm_ucb_max"": -0.04290985537692905, ""local_trainability"": 0.0029967748201810396, ""query_after"": 4.6291309503408575, ""query_before"": 4.632127725161039, ""system_utility"": -1.167365367595966}}, ""status"": ""ok"", ""statusquo_loss"": 3.4617655827448917, ""total_memory_budget"": 512}, ""utility_status"": ""ok""}"
33,A2,A,2,default,reuse,safe_existing_reuse,3.329895496368408,2,True,294912,1299610,0,68607207,649805,10396912,493,16.24695923505351,498470400,0.0,12.02977948798798,2.2885256498120725,512,512,4.606359958648682,0.33941650390625,1.3474340438842773,-1.0080175399780273,False,,"{""best_reuse"": ""default"", ""best_reuse_utility"": 1.3474340438842773, ""decision"": ""reuse"", ""fresh_advantage"": -1.0080175399780273, ""fresh_positive"": false, ""fresh_utility"": 0.33941650390625, ""full_batch_guards"": {""adapter_1"": {""crossfit_feasible"": true, ""crossfit_utility"": -0.011249065399169922, ""crossfit_utility_positive"": false, ""full_batch_cur_after"": 4.602849006652832, ""full_batch_cur_before"": 4.606359958648682, ""full_batch_gain"": 0.0035109519958496094, ""full_batch_harm"": -0.053992703557014465, ""full_batch_harm_lcb"": -0.056051406715996566, ""full_batch_harm_se"": 0.0010503587545827031, ""full_batch_harm_ucb"": -0.051934000398032365, ""full_batch_safe"": true}, ""default"": {""crossfit_feasible"": true, ""crossfit_utility"": 1.3474340438842773, ""crossfit_utility_positive"": true, ""full_batch_cur_after"": 3.2527999877929688, ""full_batch_cur_before"": 3.3138880729675293, ""full_batch_gain"": 0.06108808517456055, ""full_batch_harm"": -0.053457483649253845, ""full_batch_harm_lcb"": -0.05698085393756628, ""full_batch_harm_se"": 0.001797637902200222, ""full_batch_harm_ucb"": -0.04993411336094141, ""full_batch_safe"": true}}, ""guarded_best_reuse"": ""default"", ""num_adapters"": 2, ""pending_after"": false, ""pending_before"": false, ""policy_version"": ""cau_v1"", ""reason"": ""safe_existing_reuse"", ""utility"": {""batch_n"": 16, ""best_reuse"": ""default"", ""best_reuse_query_after"": 3.2589259147644043, ""best_reuse_utility"": 1.3474340438842773, ""budget_blocked_fresh"": false, ""defer_utility"": 0.0, ""fold_a_fresh_utility"": 0.3580951690673828, ""fold_a_query_n"": 8, ""fold_a_support_n"": 8, ""fold_b_fresh_utility"": 0.3207378387451172, ""fold_b_query_n"": 8, ""fold_b_support_n"": 8, ""fresh_advantage"": -1.0080175399780273, ""fresh_local_trainability"": 0.044794321060180664, ""fresh_positive"": false, ""fresh_query_after"": 4.266943454742432, ""fresh_query_before"": 4.311737775802612, ""fresh_utility"": 0.33941650390625, ""max_adapters"": 8, ""reuse_profiles"": {""adapter_1"": {""feasible_both"": true, ""fold_a_harm"": -0.05415584519505501, ""fold_a_lcb"": -0.05623992586974055, ""fold_a_query_after"": 4.628850936889648, ""fold_a_utility"": -0.009938240051269531, ""fold_b_harm"": -0.054348621517419815, ""fold_b_lcb"": -0.05650013902690262, ""fold_b_query_after"": 4.606367111206055, ""fold_b_utility"": -0.012559890747070312, ""harm_lcb_max"": -0.05623992586974055, ""harm_mean"": -0.05425223335623741, ""harm_se_mean"": 0.00108050974085927, ""harm_ucb_max"": -0.05207176452036947, ""local_trainability"": -0.011249065399169922, ""query_after"": 4.617609024047852, ""query_before"": 4.606359958648682, ""system_utility"": -0.011249065399169922}, ""default"": {""feasible_both"": true, ""fold_a_harm"": -0.052610088139772415, ""fold_a_lcb"": -0.05587315270211548, ""fold_a_query_after"": 3.2083611488342285, ""fold_a_utility"": 1.4105515480041504, ""fold_b_harm"": -0.05175366252660751, ""fold_b_lcb"": -0.05541311169974506, ""fold_b_query_after"": 3.30949068069458, ""fold_b_utility"": 1.2843165397644043, ""harm_lcb_max"": -0.05541311169974506, ""harm_mean"": -0.052181875333189964, ""harm_se_mean"": 0.0017659473815001547, ""harm_ucb_max"": -0.048094213353469965, ""local_trainability"": 0.054962158203125, ""query_after"": 3.2589259147644043, ""query_before"": 3.3138880729675293, ""system_utility"": 1.3474340438842773}}, ""status"": ""ok"", ""statusquo_loss"": 4.606359958648682, ""total_memory_budget"": 512}, ""utility_status"": ""ok""}"
34,A2,A,2,default,reuse,safe_existing_reuse,3.3360986709594727,2,True,294912,1299610,0,68607207,649805,10396912,493,16.82622085697949,498470400,0.0,12.604101419914514,2.2885256498120725,512,512,3.2697129249572754,-1.0323219299316406,0.05347239971160889,-1.0857943296432495,False,,"{""best_reuse"": ""default"", ""best_reuse_utility"": 0.05347239971160889, ""decision"": ""reuse"", ""fresh_advantage"": -1.0857943296432495, ""fresh_positive"": false, ""fresh_utility"": -1.0323219299316406, ""full_batch_guards"": {""adapter_1"": {""crossfit_feasible"": true, ""crossfit_utility"": -1.3421125411987305, ""crossfit_utility_positive"": false, ""full_batch_cur_after"": 4.595287322998047, ""full_batch_cur_before"": 4.5972900390625, ""full_batch_gain"": 0.002002716064453125, ""full_batch_harm"": -0.05294303223490715, ""full_batch_harm_lcb"": -0.05496986130718142, ""full_batch_harm_se"": 0.001034096465446055, ""full_batch_harm_ucb"": -0.05091620316263288, ""full_batch_safe"": true}, ""default"": {""crossfit_feasible"": true, ""crossfit_utility"": 0.05347239971160889, ""crossfit_utility_positive"": true, ""full_batch_cur_after"": 3.2099506855010986, ""full_batch_cur_before"": 3.2697129249572754, ""full_batch_gain"": 0.05976223945617676, ""full_batch_harm"": -0.052825238555669785, ""full_batch_harm_lcb"": -0.057006381638348105, ""full_batch_harm_se"": 0.0021332362666726112, ""full_batch_harm_ucb"": -0.048644095472991464, ""full_batch_safe"": true}}, ""guarded_best_reuse"": ""default"", ""num_adapters"": 2, ""pending_after"": false, ""pending_before"": false, ""policy_version"": ""cau_v1"", ""reason"": ""safe_existing_reuse"", ""utility"": {""batch_n"": 16, ""best_reuse"": ""default"", ""best_reuse_query_after"": 3.2162405252456665, ""best_reuse_utility"": 0.05347239971160889, ""budget_blocked_fresh"": false, ""defer_utility"": 0.0, ""fold_a_fresh_utility"": -1.0404410362243652, ""fold_a_query_n"": 8, ""fold_a_support_n"": 8, ""fold_b_fresh_utility"": -1.024202823638916, ""fold_b_query_n"": 8, ""fold_b_support_n"": 8, ""fresh_advantage"": -1.0857943296432495, ""fresh_local_trainability"": 0.037140607833862305, ""fresh_positive"": false, ""fresh_query_after"": 4.302034854888916, ""fresh_query_before"": 4.339175462722778, ""fresh_utility"": -1.0323219299316406, ""max_adapters"": 8, ""reuse_profiles"": {""adapter_1"": {""feasible_both"": true, ""fold_a_harm"": -0.054026633501052856, ""fold_a_lcb"": -0.0560360570019111, ""fold_a_query_after"": 4.611771583557129, ""fold_a_utility"": -1.3734536170959473, ""fold_b_harm"": -0.054267823696136475, ""fold_b_lcb"": -0.05627880973275751, ""fold_b_query_after"": 4.611879348754883, ""fold_b_utility"": -1.3107714653015137, ""harm_lcb_max"": -0.0560360570019111, ""harm_mean"": -0.054147228598594666, ""harm_se_mean"": 0.0010256146779283881, ""harm_ucb_max"": -0.05201721000019461, ""local_trainability"": -0.014535903930664062, ""query_after"": 4.611825466156006, ""query_before"": 4.597289562225342, ""system_utility"": -1.3421125411987305}, ""default"": {""feasible_both"": true, ""fold_a_harm"": -0.05247266963124275, ""fold_a_lcb"": -0.056740785809233786, ""fold_a_query_after"": 3.1856632232666016, ""fold_a_utility"": 0.05265474319458008, ""fold_b_harm"": -0.0499490350484848, ""fold_b_lcb"": -0.05394935614429414, ""fold_b_query_after"": 3.2468178272247314, ""fold_b_utility"": 0.054290056228637695, ""harm_lcb_max"": -0.05394935614429414, ""harm_mean"": -0.05121085233986378, ""harm_se_mean"": 0.0021092952229082584, ""harm_ucb_max"": -0.04594871395267546, ""local_trainability"": 0.05347239971160889, ""query_after"": 3.2162405252456665, ""query_before"": 3.2697129249572754, ""system_utility"": 0.05347239971160889}}, ""status"": ""ok"", ""statusquo_loss"": 3.2697129249572754, ""total_memory_budget"": 512}, ""utility_status"": ""ok""}"
35,A2,A,2,default,reuse,safe_existing_reuse,3.206800937652588,2,True,294912,1299610,0,68607207,649805,10396912,493,17.407283739186823,498470400,0.0,13.18000639602542,2.2885256498120725,512,512,3.1687889099121094,-1.087963581085205,0.058133721351623535,-1.1460973024368286,False,,"{""best_reuse"": ""default"", ""best_reuse_utility"": 0.058133721351623535, ""decision"": ""reuse"", ""fresh_advantage"": -1.1460973024368286, ""fresh_positive"": false, ""fresh_utility"": -1.087963581085205, ""full_batch_guards"": {""adapter_1"": {""crossfit_feasible"": true, ""crossfit_utility"": -1.3710813522338867, ""crossfit_utility_positive"": false, ""full_batch_cur_after"": 4.5247883796691895, ""full_batch_cur_before"": 4.53158712387085, ""full_batch_gain"": 0.006798744201660156, ""full_batch_harm"": -0.05385110527276993, ""full_batch_harm_lcb"": -0.05573970845667645, ""full_batch_harm_se"": 0.0009635730530135334, ""full_batch_harm_ucb"": -0.0519625020888634, ""full_batch_safe"": true}, ""default"": {""crossfit_feasible"": true, ""crossfit_utility"": 0.058133721351623535, ""crossfit_utility_positive"": true, ""full_batch_cur_after"": 3.104576587677002, ""full_batch_cur_before"": 3.1687889099121094, ""full_batch_gain"": 0.06421232223510742, ""full_batch_harm"": -0.05660164728760719, ""full_batch_harm_lcb"": -0.060041137151420114, ""full_batch_harm_se"": 0.0017548417672514915, ""full_batch_harm_ucb"": -0.05316215742379427, ""full_batch_safe"": true}}, ""guarded_best_reuse"": ""default"", ""num_adapters"": 2, ""pending_after"": false, ""pending_before"": false, ""policy_version"": ""cau_v1"", ""reason"": ""safe_existing_reuse"", ""utility"": {""batch_n"": 16, ""best_reuse"": ""default"", ""best_reuse_query_after"": 3.110655188560486, ""best_reuse_utility"": 0.058133721351623535, ""budget_blocked_fresh"": false, ""defer_utility"": 0.0, ""fold_a_fresh_utility"": -1.1085007190704346, ""fold_a_query_n"": 8, ""fold_a_support_n"": 8, ""fold_b_fresh_utility"": -1.0674264430999756, ""fold_b_query_n"": 8, ""fold_b_support_n"": 8, ""fresh_advantage"": -1.1460973024368286, ""fresh_local_trainability"": 0.050863027572631836, ""fresh_positive"": false, ""fresh_query_after"": 4.2567524909973145, ""fresh_query_before"": 4.307615518569946, ""fresh_utility"": -1.087963581085205, ""max_adapters"": 8, ""reuse_profiles"": {""adapter_1"": {""feasible_both"": true, ""fold_a_harm"": -0.05402651056647301, ""fold_a_lcb"": -0.056077098716050384, ""fold_a_query_after"": 4.500503063201904, ""fold_a_utility"": -1.3894107341766357, ""fold_b_harm"": -0.05494968593120575, ""fold_b_lcb"": -0.0569444401236251, ""fold_b_query_after"": 4.579237461090088, ""fold_b_utility"": -1.3527519702911377, ""harm_lcb_max"": -0.056077098716050384, ""harm_mean"": -0.05448809824883938, ""harm_se_mean"": 0.0010319750872440636, ""harm_ucb_max"": -0.05197592241689563, ""local_trainability"": -0.008283138275146484, ""query_after"": 4.539870262145996, ""query_before"": 4.53158712387085, ""system_utility"": -1.3710813522338867}, ""default"": {""feasible_both"": true, ""fold_a_harm"": -0.056747518479824066, ""fold_a_lcb"": -0.06003920519258827, ""fold_a_query_after"": 3.0505971908569336, ""fold_a_utility"": 0.06049513816833496, ""fold_b_harm"": -0.05428837239742279, ""fold_b_lcb"": -0.05776324726175517, ""fold_b_query_after"": 3.170713186264038, ""fold_b_utility"": 0.05577230453491211, ""harm_lcb_max"": -0.05776324726175517, ""harm_mean"": -0.05551794543862343, ""harm_se_mean"": 0.001726163667626679, ""harm_ucb_max"": -0.05081349753309041, ""local_trainability"": 0.058133721351623535, ""query_after"": 3.110655188560486, ""query_before"": 3.1687889099121094, ""system_utility"": 0.058133721351623535}}, ""status"": ""ok"", ""statusquo_loss"": 3.1687889099121094, ""total_memory_budget"": 512}, ""utility_status"": ""ok""}"
36,A2,A,2,default,reuse,safe_existing_reuse,3.261016845703125,2,True,294912,1299610,0,68607207,649805,10396912,493,17.978035130072385,498470400,0.0,13.745462187100202,2.2885256498120725,512,512,3.185648798942566,-1.1547662019729614,0.052056312561035156,-1.2068225145339966,False,,"{""best_reuse"": ""default"", ""best_reuse_utility"": 0.052056312561035156, ""decision"": ""reuse"", ""fresh_advantage"": -1.2068225145339966, ""fresh_positive"": false, ""fresh_utility"": -1.1547662019729614, ""full_batch_guards"": {""adapter_1"": {""crossfit_feasible"": true, ""crossfit_utility"": -1.440005898475647, ""crossfit_utility_positive"": false, ""full_batch_cur_after"": 4.598787307739258, ""full_batch_cur_before"": 4.600776672363281, ""full_batch_gain"": 0.0019893646240234375, ""full_batch_harm"": -0.05264211446046829, ""full_batch_harm_lcb"": -0.05471464496571571, ""full_batch_harm_se"": 0.0010574135230854154, ""full_batch_harm_ucb"": -0.050569583955220876, ""full_batch_safe"": true}, ""default"": {""crossfit_feasible"": true, ""crossfit_utility"": 0.052056312561035156, ""crossfit_utility_positive"": true, ""full_batch_cur_after"": 3.123654365539551, ""full_batch_cur_before"": 3.1856489181518555, ""full_batch_gain"": 0.06199455261230469, ""full_batch_harm"": -0.055354680866003036, ""full_batch_harm_lcb"": -0.05984932913444936, ""full_batch_harm_se"": 0.002293187892064452, ""full_batch_harm_ucb"": -0.05086003259755671, ""full_batch_safe"": true}}, ""guarded_best_reuse"": ""default"", ""num_adapters"": 2, ""pending_after"": false, ""pending_before"": false, ""policy_version"": ""cau_v1"", ""reason"": ""safe_existing_reuse"", ""utility"": {""batch_n"": 16, ""best_reuse"": ""default"", ""best_reuse_query_after"": 3.1335924863815308, ""best_reuse_utility"": 0.052056312561035156, ""budget_blocked_fresh"": false, ""defer_utility"": 0.0, ""fold_a_fresh_utility"": -1.2000558376312256, ""fold_a_query_n"": 8, ""fold_a_support_n"": 8, ""fold_b_fresh_utility"": -1.1094765663146973, ""fold_b_query_n"": 8, ""fold_b_support_n"": 8, ""fresh_advantage"": -1.2068225145339966, ""fresh_local_trainability"": 0.007779836654663086, ""fresh_positive"": false, ""fresh_query_after"": 4.340415000915527, ""fresh_query_before"": 4.34819483757019, ""fresh_utility"": -1.1547662019729614, ""max_adapters"": 8, ""reuse_profiles"": {""adapter_1"": {""feasible_both"": true, ""fold_a_harm"": -0.05453898757696152, ""fold_a_lcb"": -0.05654774617869407, ""fold_a_query_after"": 4.601394176483154, ""fold_a_utility"": -1.4624650478363037, ""fold_b_harm"": -0.05444401875138283, ""fold_b_lcb"": -0.05651061604730785, ""fold_b_query_after"": 4.6499152183532715, ""fold_b_utility"": -1.4175467491149902, ""harm_lcb_max"": -0.05651061604730785, ""harm_mean"": -0.05449150316417217, ""harm_se_mean"": 0.0010396316065452993, ""harm_ucb_max"": -0.052377421455457804, ""local_trainability"": -0.024878263473510742, ""query_after"": 4.625654697418213, ""query_before"": 4.600776433944702, ""system_utility"": -1.440005898475647}, ""default"": {""feasible_both"": true, ""fold_a_harm"": -0.05386972054839134, ""fold_a_lcb"": -0.058006041580811143, ""fold_a_query_after"": 3.081622362136841, ""fold_a_utility"": 0.057306766510009766, ""fold_b_harm"": -0.05280095711350441, ""fold_b_lcb"": -0.0577671192586422, ""fold_b_query_after"": 3.1855626106262207, ""fold_b_utility"": 0.04680585861206055, ""harm_lcb_max"": -0.0577671192586422, ""harm_mean"": -0.053335338830947876, ""harm_se_mean"": 0.0023220620350912213, ""harm_ucb_max"": -0.04783479496836662, ""local_trainability"": 0.052056312561035156, ""query_after"": 3.1335924863815308, ""query_before"": 3.185648798942566, ""system_utility"": 0.052056312561035156}}, ""status"": ""ok"", ""statusquo_loss"": 3.185648798942566, ""total_memory_budget"": 512}, ""utility_status"": ""ok""}"
37,A2,A,2,default,reuse,safe_existing_reuse,3.1098990440368652,2,True,294912,1299610,0,68607207,649805,10396912,493,18.542753300163895,498470400,0.0,14.304836877156049,2.2885256498120725,512,512,3.0727277994155884,-1.2151259183883667,0.05914616584777832,-1.274272084236145,False,,"{""best_reuse"": ""default"", ""best_reuse_utility"": 0.05914616584777832, ""decision"": ""reuse"", ""fresh_advantage"": -1.274272084236145, ""fresh_positive"": false, ""fresh_utility"": -1.2151259183883667, ""full_batch_guards"": {""adapter_1"": {""crossfit_feasible"": true, ""crossfit_utility"": -1.5091439485549927, ""crossfit_utility_positive"": false, ""full_batch_cur_after"": 4.563888072967529, ""full_batch_cur_before"": 4.568708896636963, ""full_batch_gain"": 0.004820823669433594, ""full_batch_harm"": -0.05331673473119736, ""full_batch_harm_lcb"": -0.055360547709278764, ""full_batch_harm_se"": 0.001042761723510921, ""full_batch_harm_ucb"": -0.05127292175311595, ""full_batch_safe"": true}, ""default"": {""crossfit_feasible"": true, ""crossfit_utility"": 0.05914616584777832, ""crossfit_utility_positive"": true, ""full_batch_cur_after"": 3.007065773010254, ""full_batch_cur_before"": 3.072727680206299, ""full_batch_gain"": 0.06566190719604492, ""full_batch_harm"": -0.05253596231341362, ""full_batch_harm_lcb"": -0.058393489960581066, ""full_batch_harm_se"": 0.002988534513860941, ""full_batch_harm_ucb"": -0.046678434666246174, ""full_batch_safe"": true}}, ""guarded_best_reuse"": ""default"", ""num_adapters"": 2, ""pending_after"": false, ""pending_before"": false, ""policy_version"": ""cau_v1"", ""reason"": ""safe_existing_reuse"", ""utility"": {""batch_n"": 16, ""best_reuse"": ""default"", ""best_reuse_query_after"": 3.01358163356781, ""best_reuse_utility"": 0.05914616584777832, ""budget_blocked_fresh"": false, ""defer_utility"": 0.0, ""fold_a_fresh_utility"": -1.1596391201019287, ""fold_a_query_n"": 8, ""fold_a_support_n"": 8, ""fold_b_fresh_utility"": -1.2706127166748047, ""fold_b_query_n"": 8, ""fold_b_support_n"": 8, ""fresh_advantage"": -1.274272084236145, ""fresh_local_trainability"": 0.03928661346435547, ""fresh_positive"": false, ""fresh_query_after"": 4.287853717803955, ""fresh_query_before"": 4.3271403312683105, ""fresh_utility"": -1.2151259183883667, ""max_adapters"": 8, ""reuse_profiles"": {""adapter_1"": {""feasible_both"": true, ""fold_a_harm"": -0.05449550226330757, ""fold_a_lcb"": -0.056522911582142114, ""fold_a_query_after"": 4.608311653137207, ""fold_a_utility"": -1.4679467678070068, ""fold_b_harm"": -0.05430225282907486, ""fold_b_lcb"": -0.056394369108602405, ""fold_b_query_after"": 4.555431842803955, ""fold_b_utility"": -1.5503411293029785, ""harm_lcb_max"": -0.056394369108602405, ""harm_mean"": -0.054398877546191216, ""harm_se_mean"": 0.0010508993873372674, ""harm_ucb_max"": -0.052210136549547315, ""local_trainability"": -0.013162612915039062, ""query_after"": 4.581871747970581, ""query_before"": 4.568709135055542, ""system_utility"": -1.5091439485549927}, ""default"": {""feasible_both"": true, ""fold_a_harm"": -0.0515265129506588, ""fold_a_lcb"": -0.057712702928110954, ""fold_a_query_after"": 3.0860323905944824, ""fold_a_utility"": 0.05433249473571777, ""fold_b_harm"": -0.051260486245155334, ""fold_b_lcb"": -0.0564469750598073, ""fold_b_query_after"": 2.9411308765411377, ""fold_b_utility"": 0.06395983695983887, ""harm_lcb_max"": -0.0564469750598073, ""harm_mean"": -0.051393499597907066, ""harm_se_mean"": 0.0029011935694143176, ""harm_ucb_max"": -0.04534032297320664, ""local_trainability"": 0.05914616584777832, ""query_after"": 3.01358163356781, ""query_before"": 3.0727277994155884, ""system_utility"": 0.05914616584777832}}, ""status"": ""ok"", ""statusquo_loss"": 3.0727277994155884, ""total_memory_budget"": 512}, ""utility_status"": ""ok""}"
38,A2,A,2,default,reuse,safe_existing_reuse,3.142430305480957,2,True,294912,1299610,0,68607207,649805,10396912,493,19.129204005002975,498470400,0.0,14.885982212144881,2.2885256498120725,512,512,3.0870747566223145,-1.2397444248199463,0.05154597759246826,-1.2912904024124146,False,,"{""best_reuse"": ""default"", ""best_reuse_utility"": 0.05154597759246826, ""decision"": ""reuse"", ""fresh_advantage"": -1.2912904024124146, ""fresh_positive"": false, ""fresh_utility"": -1.2397444248199463, ""full_batch_guards"": {""adapter_1"": {""crossfit_feasible"": true, ""crossfit_utility"": -1.5621755123138428, ""crossfit_utility_positive"": false, ""full_batch_cur_after"": 4.628653526306152, ""full_batch_cur_before"": 4.632808685302734, ""full_batch_gain"": 0.004155158996582031, ""full_batch_harm"": -0.05357321351766586, ""full_batch_harm_lcb"": -0.0555867021670565, ""full_batch_harm_se"": 0.0010272901272401214, ""full_batch_harm_ucb"": -0.051559724868275224, ""full_batch_safe"": true}, ""default"": {""crossfit_feasible"": true, ""crossfit_utility"": 0.05154597759246826, ""crossfit_utility_positive"": true, ""full_batch_cur_after"": 3.0275015830993652, ""full_batch_cur_before"": 3.0870747566223145, ""full_batch_gain"": 0.05957317352294922, ""full_batch_harm"": -0.052060652524232864, ""full_batch_harm_lcb"": -0.05833863828331232, ""full_batch_harm_se"": 0.0032030539587140083, ""full_batch_harm_ucb"": -0.045782666765153406, ""full_batch_safe"": true}}, ""guarded_best_reuse"": ""default"", ""num_adapters"": 2, ""pending_after"": false, ""pending_before"": false, ""policy_version"": ""cau_v1"", ""reason"": ""safe_existing_reuse"", ""utility"": {""batch_n"": 16, ""best_reuse"": ""default"", ""best_reuse_query_after"": 3.035528779029846, ""best_reuse_utility"": 0.05154597759246826, ""budget_blocked_fresh"": false, ""defer_utility"": 0.0, ""fold_a_fresh_utility"": -1.2889838218688965, ""fold_a_query_n"": 8, ""fold_a_support_n"": 8, ""fold_b_fresh_utility"": -1.190505027770996, ""fold_b_query_n"": 8, ""fold_b_support_n"": 8, ""fresh_advantage"": -1.2912904024124146, ""fresh_local_trainability"": 0.03490161895751953, ""fresh_positive"": false, ""fresh_query_after"": 4.326819181442261, ""fresh_query_before"": 4.36172080039978, ""fresh_utility"": -1.2397444248199463, ""max_adapters"": 8, ""reuse_profiles"": {""adapter_1"": {""feasible_both"": true, ""fold_a_harm"": -0.05422299727797508, ""fold_a_lcb"": -0.05633346148766577, ""fold_a_query_after"": 4.609236240386963, ""fold_a_utility"": -1.6051983833312988, ""fold_b_harm"": -0.05465167760848999, ""fold_b_lcb"": -0.056615893901325764, ""fold_b_query_after"": 4.689264297485352, ""fold_b_utility"": -1.5191526412963867, ""harm_lcb_max"": -0.05633346148766577, ""harm_mean"": -0.054437337443232536, ""harm_se_mean"": 0.0010394593118689954, ""harm_ucb_max"": -0.052112533068284395, ""local_trainability"": -0.016441822052001953, ""query_after"": 4.649250268936157, ""query_before"": 4.632808446884155, ""system_utility"": -1.5621755123138428}, ""default"": {""feasible_both"": true, ""fold_a_harm"": -0.05043025687336922, ""fold_a_lcb"": -0.05607804786413908, ""fold_a_query_after"": 2.947258710861206, ""fold_a_utility"": 0.05677914619445801, ""fold_b_harm"": -0.050741102546453476, ""fold_b_lcb"": -0.05739698785357177, ""fold_b_query_after"": 3.1237988471984863, ""fold_b_utility"": 0.046312808990478516, ""harm_lcb_max"": -0.05607804786413908, ""harm_mean"": -0.050585679709911346, ""harm_se_mean"": 0.0031386929331347346, ""harm_ucb_max"": -0.04408521723933518, ""local_trainability"": 0.05154597759246826, ""query_after"": 3.035528779029846, ""query_before"": 3.0870747566223145, ""system_utility"": 0.05154597759246826}}, ""status"": ""ok"", ""statusquo_loss"": 3.0870747566223145, ""total_memory_budget"": 512}, ""utility_status"": ""ok""}"
39,A2,A,2,default,reuse,safe_existing_reuse,3.0345399379730225,2,True,294912,1299610,0,68607207,649805,10396912,493,19.72357826307416,498470400,0.0,15.47472126223147,2.2885256498120725,512,512,2.971993923187256,-1.3171896934509277,0.05265510082244873,-1.3698447942733765,False,,"{""best_reuse"": ""default"", ""best_reuse_utility"": 0.05265510082244873, ""decision"": ""reuse"", ""fresh_advantage"": -1.3698447942733765, ""fresh_positive"": false, ""fresh_utility"": -1.3171896934509277, ""full_batch_guards"": {""adapter_1"": {""crossfit_feasible"": true, ""crossfit_utility"": -1.6503491401672363, ""crossfit_utility_positive"": false, ""full_batch_cur_after"": 4.600685119628906, ""full_batch_cur_before"": 4.6034040451049805, ""full_batch_gain"": 0.0027189254760742188, ""full_batch_harm"": -0.05364857614040375, ""full_batch_harm_lcb"": -0.055753837754018605, ""full_batch_harm_se"": 0.0010741130681708455, ""full_batch_harm_ucb"": -0.05154331452678889, ""full_batch_safe"": true}, ""default"": {""crossfit_feasible"": true, ""crossfit_utility"": 0.05265510082244873, ""crossfit_utility_positive"": true, ""full_batch_cur_after"": 2.9105453491210938, ""full_batch_cur_before"": 2.971993923187256, ""full_batch_gain"": 0.06144857406616211, ""full_batch_harm"": -0.05015064775943756, ""full_batch_harm_lcb"": -0.05655709139071405, ""full_batch_harm_se"": 0.0032685936894267797, ""full_batch_harm_ucb"": -0.043744204128161074, ""full_batch_safe"": true}}, ""guarded_best_reuse"": ""default"", ""num_adapters"": 2, ""pending_after"": false, ""pending_before"": false, ""policy_version"": ""cau_v1"", ""reason"": ""safe_existing_reuse"", ""utility"": {""batch_n"": 16, ""best_reuse"": ""default"", ""best_reuse_query_after"": 2.919338822364807, ""best_reuse_utility"": 0.05265510082244873, ""budget_blocked_fresh"": false, ""defer_utility"": 0.0, ""fold_a_fresh_utility"": -1.2605195045471191, ""fold_a_query_n"": 8, ""fold_a_support_n"": 8, ""fold_b_fresh_utility"": -1.3738598823547363, ""fold_b_query_n"": 8, ""fold_b_support_n"": 8, ""fresh_advantage"": -1.3698447942733765, ""fresh_local_trainability"": 0.027971982955932617, ""fresh_positive"": false, ""fresh_query_after"": 4.289183616638184, ""fresh_query_before"": 4.317155599594116, ""fresh_utility"": -1.3171896934509277, ""max_adapters"": 8, ""reuse_profiles"": {""adapter_1"": {""feasible_both"": true, ""fold_a_harm"": -0.05454806610941887, ""fold_a_lcb"": -0.05665286452975124, ""fold_a_query_after"": 4.614409446716309, ""fold_a_utility"": -1.5925202369689941, ""fold_b_harm"": -0.05498623102903366, ""fold_b_lcb"": -0.0570070554735139, ""fold_b_query_after"": 4.630276679992676, ""fold_b_utility"": -1.7081780433654785, ""harm_lcb_max"": -0.05665286452975124, ""harm_mean"": -0.054767148569226265, ""harm_se_mean"": 0.001052454812452197, ""harm_ucb_max"": -0.0524432676890865, ""local_trainability"": -0.01893925666809082, ""query_after"": 4.622343063354492, ""query_before"": 4.603403806686401, ""system_utility"": -1.6503491401672363}, ""default"": {""feasible_both"": true, ""fold_a_harm"": -0.04695304110646248, ""fold_a_lcb"": -0.053134314846247435, ""fold_a_query_after"": 2.9714674949645996, ""fold_a_utility"": 0.050421714782714844, ""fold_b_harm"": -0.049897368997335434, ""fold_b_lcb"": -0.05616009219549596, ""fold_b_query_after"": 2.8672101497650146, ""fold_b_utility"": 0.05488848686218262, ""harm_lcb_max"": -0.053134314846247435, ""harm_mean"": -0.048425205051898956, ""harm_se_mean"": 0.0031744890147820115, ""harm_ucb_max"": -0.04077176736667752, ""local_trainability"": 0.05265510082244873, ""query_after"": 2.919338822364807, ""query_before"": 2.971993923187256, ""system_utility"": 0.05265510082244873}}, ""status"": ""ok"", ""statusquo_loss"": 2.971993923187256, ""total_memory_budget"": 512}, ""utility_status"": ""ok""}"
40,A2,A,2,default,reuse,safe_existing_reuse,2.9987287521362305,2,True,294912,1299610,0,68607207,649805,10396912,493,20.31004245718941,498470400,0.0,16.055777214234695,2.2885256498120725,512,512,2.938768148422241,-1.3509900569915771,0.05268359184265137,-1.4036736488342285,False,,"{""best_reuse"": ""default"", ""best_reuse_utility"": 0.05268359184265137, ""decision"": ""reuse"", ""fresh_advantage"": -1.4036736488342285, ""fresh_positive"": false, ""fresh_utility"": -1.3509900569915771, ""full_batch_guards"": {""adapter_1"": {""crossfit_feasible"": true, ""crossfit_utility"": -1.690659999847412, ""crossfit_utility_positive"": false, ""full_batch_cur_after"": 4.613094806671143, ""full_batch_cur_before"": 4.615688323974609, ""full_batch_gain"": 0.002593517303466797, ""full_batch_harm"": -0.053298886865377426, ""full_batch_harm_lcb"": -0.055428843526169655, ""full_batch_harm_se"": 0.0010867125820368528, ""full_batch_harm_ucb"": -0.0511689302045852, ""full_batch_safe"": true}, ""default"": {""crossfit_feasible"": true, ""crossfit_utility"": 0.05268359184265137, ""crossfit_utility_positive"": true, ""full_batch_cur_after"": 2.8799800872802734, ""full_batch_cur_before"": 2.938767910003662, ""full_batch_gain"": 0.05878782272338867, ""full_batch_harm"": -0.04785929247736931, ""full_batch_harm_lcb"": -0.05459983080625534, ""full_batch_harm_se"": 0.003439050167798996, ""full_batch_harm_ucb"": -0.041118754148483275, ""full_batch_safe"": true}}, ""guarded_best_reuse"": ""default"", ""num_adapters"": 2, ""pending_after"": false, ""pending_before"": false, ""policy_version"": ""cau_v1"", ""reason"": ""safe_existing_reuse"", ""utility"": {""batch_n"": 16, ""best_reuse"": ""default"", ""best_reuse_query_after"": 2.88608455657959, ""best_reuse_utility"": 0.05268359184265137, ""budget_blocked_fresh"": false, ""defer_utility"": 0.0, ""fold_a_fresh_utility"": -1.3436741828918457, ""fold_a_query_n"": 8, ""fold_a_support_n"": 8, ""fold_b_fresh_utility"": -1.3583059310913086, ""fold_b_query_n"": 8, ""fold_b_support_n"": 8, ""fresh_advantage"": -1.4036736488342285, ""fresh_local_trainability"": 0.03980135917663574, ""fresh_positive"": false, ""fresh_query_after"": 4.289758205413818, ""fresh_query_before"": 4.329559564590454, ""fresh_utility"": -1.3509900569915771, ""max_adapters"": 8, ""reuse_profiles"": {""adapter_1"": {""feasible_both"": true, ""fold_a_harm"": -0.05453724041581154, ""fold_a_lcb"": -0.05663011948112398, ""fold_a_query_after"": 4.635393142700195, ""fold_a_utility"": -1.691272258758545, ""fold_b_harm"": -0.05360960587859154, ""fold_b_lcb"": -0.05572164722718299, ""fold_b_query_after"": 4.623463153839111, ""fold_b_utility"": -1.6900477409362793, ""harm_lcb_max"": -0.05572164722718299, ""harm_mean"": -0.05407342314720154, ""harm_se_mean"": 0.0010726837790571153, ""harm_ucb_max"": -0.05149756453000009, ""local_trainability"": -0.013739585876464844, ""query_after"": 4.629428148269653, ""query_before"": 4.6156885623931885, ""system_utility"": -1.690659999847412}, ""default"": {""feasible_both"": true, ""fold_a_harm"": -0.04606403410434723, ""fold_a_lcb"": -0.05281778781674802, ""fold_a_query_after"": 2.897915840148926, ""fold_a_utility"": 0.04620504379272461, ""fold_b_harm"": -0.04771477356553078, ""fold_b_lcb"": -0.05413975405506789, ""fold_b_query_after"": 2.874253273010254, ""fold_b_utility"": 0.059162139892578125, ""harm_lcb_max"": -0.05281778781674802, ""harm_mean"": -0.046889403834939, ""harm_se_mean"": 0.003361921990290284, ""harm_ucb_max"": -0.03931028039194644, ""local_trainability"": 0.05268359184265137, ""query_after"": 2.88608455657959, ""query_before"": 2.938768148422241, ""system_utility"": 0.05268359184265137}}, ""status"": ""ok"", ""statusquo_loss"": 2.938768148422241, ""total_memory_budget"": 512}, ""utility_status"": ""ok""}"
41,A2,A,2,default,reuse,safe_existing_reuse,2.922489643096924,2,True,294912,1299610,0,68607207,649805,10396912,493,20.871183407027274,498470400,0.0,16.61128379404545,2.2885256498120725,512,512,2.893167495727539,-1.3754782676696777,0.05527853965759277,-1.4307568073272705,False,,"{""best_reuse"": ""default"", ""best_reuse_utility"": 0.05527853965759277, ""decision"": ""reuse"", ""fresh_advantage"": -1.4307568073272705, ""fresh_positive"": false, ""fresh_utility"": -1.3754782676696777, ""full_batch_guards"": {""adapter_1"": {""crossfit_feasible"": true, ""crossfit_utility"": -1.766481876373291, ""crossfit_utility_positive"": false, ""full_batch_cur_after"": 4.6478681564331055, ""full_batch_cur_before"": 4.651780128479004, ""full_batch_gain"": 0.0039119720458984375, ""full_batch_harm"": -0.05420783907175064, ""full_batch_harm_lcb"": -0.05618295386899263, ""full_batch_harm_se"": 0.0010077116312459111, ""full_batch_harm_ucb"": -0.05223272427450865, ""full_batch_safe"": true}, ""default"": {""crossfit_feasible"": true, ""crossfit_utility"": 0.05527853965759277, ""crossfit_utility_positive"": true, ""full_batch_cur_after"": 2.8328933715820312, ""full_batch_cur_before"": 2.893167495727539, ""full_batch_gain"": 0.06027412414550781, ""full_batch_harm"": -0.04427431523799896, ""full_batch_harm_lcb"": -0.049799801297485825, ""full_batch_harm_se"": 0.0028191255405545235, ""full_batch_harm_ucb"": -0.0387488291785121, ""full_batch_safe"": true}}, ""guarded_best_reuse"": ""default"", ""num_adapters"": 2, ""pending_after"": false, ""pending_before"": false, ""policy_version"": ""cau_v1"", ""reason"": ""safe_existing_reuse"", ""utility"": {""batch_n"": 16, ""best_reuse"": ""default"", ""best_reuse_query_after"": 2.8378889560699463, ""best_reuse_utility"": 0.05527853965759277, ""budget_blocked_fresh"": false, ""defer_utility"": 0.0, ""fold_a_fresh_utility"": -1.3819870948791504, ""fold_a_query_n"": 8, ""fold_a_support_n"": 8, ""fold_b_fresh_utility"": -1.368969440460205, ""fold_b_query_n"": 8, ""fold_b_support_n"": 8, ""fresh_advantage"": -1.4307568073272705, ""fresh_local_trainability"": 0.06222033500671387, ""fresh_positive"": false, ""fresh_query_after"": 4.268645763397217, ""fresh_query_before"": 4.330866098403931, ""fresh_utility"": -1.3754782676696777, ""max_adapters"": 8, ""reuse_profiles"": {""adapter_1"": {""feasible_both"": true, ""fold_a_harm"": -0.05466190353035927, ""fold_a_lcb"": -0.056654315060004595, ""fold_a_query_after"": 4.662757873535156, ""fold_a_utility"": -1.78267240524292, ""fold_b_harm"": -0.05481058359146118, ""fold_b_lcb"": -0.056781434500589964, ""fold_b_query_after"": 4.656540870666504, ""fold_b_utility"": -1.750291347503662, ""harm_lcb_max"": -0.056654315060004595, ""harm_mean"": -0.054736243560910225, ""harm_se_mean"": 0.0010110363364219666, ""harm_ucb_max"": -0.05266949200071394, ""local_trainability"": -0.007869482040405273, ""query_after"": 4.65964937210083, ""query_before"": 4.651779890060425, ""system_utility"": -1.766481876373291}, ""default"": {""feasible_both"": true, ""fold_a_harm"": -0.04375467821955681, ""fold_a_lcb"": -0.04911597846075892, ""fold_a_query_after"": 2.823659896850586, ""fold_a_utility"": 0.05642557144165039, ""fold_b_harm"": -0.04452577233314514, ""fold_b_lcb"": -0.05002058176323772, ""fold_b_query_after"": 2.8521180152893066, ""fold_b_utility"": 0.054131507873535156, ""harm_lcb_max"": -0.04911597846075892, ""harm_mean"": -0.044140225276350975, ""harm_se_mean"": 0.002769415732473135, ""harm_ucb_max"": -0.038393377978354695, ""local_trainability"": 0.05527853965759277, ""query_after"": 2.8378889560699463, ""query_before"": 2.893167495727539, ""system_utility"": 0.05527853965759277}}, ""status"": ""ok"", ""statusquo_loss"": 2.893167495727539, ""total_memory_budget"": 512}, ""utility_status"": ""ok""}"
42,A2,A,2,default,reuse,safe_existing_reuse,3.0036349296569824,2,True,294912,1299610,0,68607207,649805,10396912,493,21.441032152157277,498470400,0.0,17.17566000507213,2.2885256498120725,512,512,2.90229332447052,-1.423510193824768,0.03883075714111328,-1.4623409509658813,False,,"{""best_reuse"": ""default"", ""best_reuse_utility"": 0.03883075714111328, ""decision"": ""reuse"", ""fresh_advantage"": -1.4623409509658813, ""fresh_positive"": false, ""fresh_utility"": -1.423510193824768, ""full_batch_guards"": {""adapter_1"": {""crossfit_feasible"": true, ""crossfit_utility"": -1.7298227548599243, ""crossfit_utility_positive"": false, ""full_batch_cur_after"": 4.606410026550293, ""full_batch_cur_before"": 4.608921051025391, ""full_batch_gain"": 0.0025110244750976562, ""full_batch_harm"": -0.05312364920973778, ""full_batch_harm_lcb"": -0.05524350072722882, ""full_batch_harm_se"": 0.0010815568966791034, ""full_batch_harm_ucb"": -0.051003797692246736, ""full_batch_safe"": true}, ""default"": {""crossfit_feasible"": true, ""crossfit_utility"": 0.03883075714111328, ""crossfit_utility_positive"": true, ""full_batch_cur_after"": 2.8538405895233154, ""full_batch_cur_before"": 2.9022932052612305, ""full_batch_gain"": 0.04845261573791504, ""full_batch_harm"": -0.04521957039833069, ""full_batch_harm_lcb"": -0.05029685329645872, ""full_batch_harm_se"": 0.002590450458228588, ""full_batch_harm_ucb"": -0.040142287500202656, ""full_batch_safe"": true}}, ""guarded_best_reuse"": ""default"", ""num_adapters"": 2, ""pending_after"": false, ""pending_before"": false, ""policy_version"": ""cau_v1"", ""reason"": ""safe_existing_reuse"", ""utility"": {""batch_n"": 16, ""best_reuse"": ""default"", ""best_reuse_query_after"": 2.8634625673294067, ""best_reuse_utility"": 0.03883075714111328, ""budget_blocked_fresh"": false, ""defer_utility"": 0.0, ""fold_a_fresh_utility"": -1.3897089958190918, ""fold_a_query_n"": 8, ""fold_a_support_n"": 8, ""fold_b_fresh_utility"": -1.4573113918304443, ""fold_b_query_n"": 8, ""fold_b_support_n"": 8, ""fresh_advantage"": -1.4623409509658813, ""fresh_local_trainability"": 0.013919353485107422, ""fresh_positive"": false, ""fresh_query_after"": 4.325803518295288, ""fresh_query_before"": 4.3397228717803955, ""fresh_utility"": -1.423510193824768, ""max_adapters"": 8, ""reuse_profiles"": {""adapter_1"": {""feasible_both"": true, ""fold_a_harm"": -0.05478331446647644, ""fold_a_lcb"": -0.05690445311367512, ""fold_a_query_after"": 4.6376519203186035, ""fold_a_utility"": -1.7100138664245605, ""fold_b_harm"": -0.054661404341459274, ""fold_b_lcb"": -0.0566825993405655, ""fold_b_query_after"": 4.626580238342285, ""fold_b_utility"": -1.749631643295288, ""harm_lcb_max"": -0.0566825993405655, ""harm_mean"": -0.05472235940396786, ""harm_se_mean"": 0.0010567177669145167, ""harm_ucb_max"": -0.05264020934235305, ""local_trainability"": -0.02319502830505371, ""query_after"": 4.632116079330444, ""query_before"": 4.608921051025391, ""system_utility"": -1.7298227548599243}, ""default"": {""feasible_both"": true, ""fold_a_harm"": -0.04231465607881546, ""fold_a_lcb"": -0.047040784619748595, ""fold_a_query_after"": 2.8830535411834717, ""fold_a_utility"": 0.04458451271057129, ""fold_b_harm"": -0.04449671506881714, ""fold_b_lcb"": -0.050246174475178124, ""fold_b_query_after"": 2.843871593475342, ""fold_b_utility"": 0.03307700157165527, ""harm_lcb_max"": -0.047040784619748595, ""harm_mean"": -0.0434056855738163, ""harm_se_mean"": 0.002672343864105642, ""harm_ucb_max"": -0.037588527537882326, ""local_trainability"": 0.03883075714111328, ""query_after"": 2.8634625673294067, ""query_before"": 2.90229332447052, ""system_utility"": 0.03883075714111328}}, ""status"": ""ok"", ""statusquo_loss"": 2.90229332447052, ""total_memory_budget"": 512}, ""utility_status"": ""ok""}"
43,A2,A,2,default,reuse,safe_existing_reuse,2.855518341064453,2,True,294912,1299610,0,68607207,649805,10396912,493,22.00759326503612,498470400,0.0,17.73672400205396,2.2885256498120725,512,512,2.8157804012298584,-1.4798352718353271,0.04090893268585205,-1.5207442045211792,False,,"{""best_reuse"": ""default"", ""best_reuse_utility"": 0.04090893268585205, ""decision"": ""reuse"", ""fresh_advantage"": -1.5207442045211792, ""fresh_positive"": false, ""fresh_utility"": -1.4798352718353271, ""full_batch_guards"": {""adapter_1"": {""crossfit_feasible"": true, ""crossfit_utility"": -1.7883899211883545, ""crossfit_utility_positive"": false, ""full_batch_cur_after"": 4.5912322998046875, ""full_batch_cur_before"": 4.59619140625, ""full_batch_gain"": 0.0049591064453125, ""full_batch_harm"": -0.05381622537970543, ""full_batch_harm_lcb"": -0.05575566995888948, ""full_batch_harm_se"": 0.0009895125404000282, ""full_batch_harm_ucb"": -0.051876780800521376, ""full_batch_safe"": true}, ""default"": {""crossfit_feasible"": true, ""crossfit_utility"": 0.04090893268585205, ""crossfit_utility_positive"": true, ""full_batch_cur_after"": 2.7695348262786865, ""full_batch_cur_before"": 2.8157804012298584, ""full_batch_gain"": 0.046245574951171875, ""full_batch_harm"": -0.0443786084651947, ""full_batch_harm_lcb"": -0.050068244747817514, ""full_batch_harm_se"": 0.002902875654399395, ""full_batch_harm_ucb"": -0.03868897218257189, ""full_batch_safe"": true}}, ""guarded_best_reuse"": ""default"", ""num_adapters"": 2, ""pending_after"": false, ""pending_before"": false, ""policy_version"": ""cau_v1"", ""reason"": ""safe_existing_reuse"", ""utility"": {""batch_n"": 16, ""best_reuse"": ""default"", ""best_reuse_query_after"": 2.7748714685440063, ""best_reuse_utility"": 0.04090893268585205, ""budget_blocked_fresh"": false, ""defer_utility"": 0.0, ""fold_a_fresh_utility"": -1.4760236740112305, ""fold_a_query_n"": 8, ""fold_a_support_n"": 8, ""fold_b_fresh_utility"": -1.4836468696594238, ""fold_b_query_n"": 8, ""fold_b_support_n"": 8, ""fresh_advantage"": -1.5207442045211792, ""fresh_local_trainability"": 0.05144071578979492, ""fresh_positive"": false, ""fresh_query_after"": 4.2956156730651855, ""fresh_query_before"": 4.3470563888549805, ""fresh_utility"": -1.4798352718353271, ""max_adapters"": 8, ""reuse_profiles"": {""adapter_1"": {""feasible_both"": true, ""fold_a_harm"": -0.05467185378074646, ""fold_a_lcb"": -0.05665544478688389, ""fold_a_query_after"": 4.600137233734131, ""fold_a_utility"": -1.7998881340026855, ""fold_b_harm"": -0.054559312760829926, ""fold_b_lcb"": -0.056477778335101904, ""fold_b_query_after"": 4.608203411102295, ""fold_b_utility"": -1.7768917083740234, ""harm_lcb_max"": -0.056477778335101904, ""harm_mean"": -0.05461558327078819, ""harm_se_mean"": 0.0009954225970432162, ""harm_ucb_max"": -0.05264084718655795, ""local_trainability"": -0.007978439331054688, ""query_after"": 4.604170322418213, ""query_before"": 4.596191883087158, ""system_utility"": -1.7883899211883545}, ""default"": {""feasible_both"": true, ""fold_a_harm"": -0.043270036578178406, ""fold_a_lcb"": -0.0489403784647584, ""fold_a_query_after"": 2.758317470550537, ""fold_a_utility"": 0.0419316291809082, ""fold_b_harm"": -0.04387557506561279, ""fold_b_lcb"": -0.04965900639072061, ""fold_b_query_after"": 2.7914254665374756, ""fold_b_utility"": 0.0398862361907959, ""harm_lcb_max"": -0.0489403784647584, ""harm_mean"": -0.0435728058218956, ""harm_se_mean"": 0.0029218809213489294, ""harm_ucb_max"": -0.03759969469159841, ""local_trainability"": 0.04090893268585205, ""query_after"": 2.7748714685440063, ""query_before"": 2.8157804012298584, ""system_utility"": 0.04090893268585205}}, ""status"": ""ok"", ""statusquo_loss"": 2.8157804012298584, ""total_memory_budget"": 512}, ""utility_status"": ""ok""}"
44,A2,A,2,default,reuse,safe_existing_reuse,2.7705729007720947,2,True,294912,1299610,0,68607207,649805,10396912,493,22.584982593078166,498470400,0.0,18.3085469531361,2.2885256498120725,512,512,2.7128721475601196,-1.604805827140808,0.03316962718963623,-1.6379754543304443,False,,"{""best_reuse"": ""default"", ""best_reuse_utility"": 0.03316962718963623, ""decision"": ""reuse"", ""fresh_advantage"": -1.6379754543304443, ""fresh_positive"": false, ""fresh_utility"": -1.604805827140808, ""full_batch_guards"": {""adapter_1"": {""crossfit_feasible"": true, ""crossfit_utility"": -1.9011811017990112, ""crossfit_utility_positive"": false, ""full_batch_cur_after"": 4.58995246887207, ""full_batch_cur_before"": 4.595028877258301, ""full_batch_gain"": 0.005076408386230469, ""full_batch_harm"": -0.05296176299452782, ""full_batch_harm_lcb"": -0.055132119464688004, ""full_batch_harm_se"": 0.0011073247296735644, ""full_batch_harm_ucb"": -0.05079140652436763, ""full_batch_safe"": true}, ""default"": {""crossfit_feasible"": true, ""crossfit_utility"": 0.03316962718963623, ""crossfit_utility_positive"": true, ""full_batch_cur_after"": 2.669722080230713, ""full_batch_cur_before"": 2.712871789932251, ""full_batch_gain"": 0.043149709701538086, ""full_batch_harm"": -0.039101362228393555, ""full_batch_harm_lcb"": -0.04459116323851049, ""full_batch_harm_se"": 0.002800918882712722, ""full_batch_harm_ucb"": -0.03361156121827662, ""full_batch_safe"": true}}, ""guarded_best_reuse"": ""default"", ""num_adapters"": 2, ""pending_after"": false, ""pending_before"": false, ""policy_version"": ""cau_v1"", ""reason"": ""safe_existing_reuse"", ""utility"": {""batch_n"": 16, ""best_reuse"": ""default"", ""best_reuse_query_after"": 2.6797025203704834, ""best_reuse_utility"": 0.03316962718963623, ""budget_blocked_fresh"": false, ""defer_utility"": 0.0, ""fold_a_fresh_utility"": -1.5957746505737305, ""fold_a_query_n"": 8, ""fold_a_support_n"": 8, ""fold_b_fresh_utility"": -1.6138370037078857, ""fold_b_query_n"": 8, ""fold_b_support_n"": 8, ""fresh_advantage"": -1.6379754543304443, ""fresh_local_trainability"": 0.02700042724609375, ""fresh_positive"": false, ""fresh_query_after"": 4.317677974700928, ""fresh_query_before"": 4.3446784019470215, ""fresh_utility"": -1.604805827140808, ""max_adapters"": 8, ""reuse_profiles"": {""adapter_1"": {""feasible_both"": true, ""fold_a_harm"": -0.05448344349861145, ""fold_a_lcb"": -0.056445155581459405, ""fold_a_query_after"": 4.595006942749023, ""fold_a_utility"": -1.8750009536743164, ""fold_b_harm"": -0.0546179935336113, ""fold_b_lcb"": -0.05682109685614705, ""fold_b_query_after"": 4.633099555969238, ""fold_b_utility"": -1.927361249923706, ""harm_lcb_max"": -0.056445155581459405, ""harm_mean"": -0.054550718516111374, ""harm_se_mean"": 0.0010624529095366597, ""harm_ucb_max"": -0.052414890211075545, ""local_trainability"": -0.01902484893798828, ""query_after"": 4.614053249359131, ""query_before"": 4.595028400421143, ""system_utility"": -1.9011811017990112}, ""default"": {""feasible_both"": true, ""fold_a_harm"": -0.03870945796370506, ""fold_a_lcb"": -0.04433253633789718, ""fold_a_query_after"": 2.6890153884887695, ""fold_a_utility"": 0.0309906005859375, ""fold_b_harm"": -0.03916414827108383, ""fold_b_lcb"": -0.04471224820241332, ""fold_b_query_after"": 2.6703896522521973, ""fold_b_utility"": 0.03534865379333496, ""harm_lcb_max"": -0.04433253633789718, ""harm_mean"": -0.03893680311739445, ""harm_se_mean"": 0.0028497903840616345, ""harm_ucb_max"": -0.033086379589512944, ""local_trainability"": 0.03316962718963623, ""query_after"": 2.6797025203704834, ""query_before"": 2.7128721475601196, ""system_utility"": 0.03316962718963623}}, ""status"": ""ok"", ""statusquo_loss"": 2.7128721475601196, ""total_memory_budget"": 512}, ""utility_status"": ""ok""}"
45,A2,A,2,default,reuse,safe_existing_reuse,2.7944836616516113,2,True,294912,1299610,0,68607207,649805,10396912,493,23.158740219194442,498470400,0.0,18.876661739312112,2.2885256498120725,512,512,2.75544810295105,-1.5525667667388916,0.03232765197753906,-1.5848944187164307,False,,"{""best_reuse"": ""default"", ""best_reuse_utility"": 0.03232765197753906, ""decision"": ""reuse"", ""fresh_advantage"": -1.5848944187164307, ""fresh_positive"": false, ""fresh_utility"": -1.5525667667388916, ""full_batch_guards"": {""adapter_1"": {""crossfit_feasible"": true, ""crossfit_utility"": -1.8285319805145264, ""crossfit_utility_positive"": false, ""full_batch_cur_after"": 4.559262275695801, ""full_batch_cur_before"": 4.564933776855469, ""full_batch_gain"": 0.005671501159667969, ""full_batch_harm"": -0.053682032972574234, ""full_batch_harm_lcb"": -0.055732250795699656, ""full_batch_harm_se"": 0.001046029501594603, ""full_batch_harm_ucb"": -0.05163181514944881, ""full_batch_safe"": true}, ""default"": {""crossfit_feasible"": true, ""crossfit_utility"": 0.03232765197753906, ""crossfit_utility_positive"": true, ""full_batch_cur_after"": 2.7135915756225586, ""full_batch_cur_before"": 2.755448341369629, ""full_batch_gain"": 0.04185676574707031, ""full_batch_harm"": -0.03376121073961258, ""full_batch_harm_lcb"": -0.040167002249509094, ""full_batch_harm_se"": 0.0032682609744369984, ""full_batch_harm_ucb"": -0.027355419229716064, ""full_batch_safe"": true}}, ""guarded_best_reuse"": ""default"", ""num_adapters"": 2, ""pending_after"": false, ""pending_before"": false, ""policy_version"": ""cau_v1"", ""reason"": ""safe_existing_reuse"", ""utility"": {""batch_n"": 16, ""best_reuse"": ""default"", ""best_reuse_query_after"": 2.7231204509735107, ""best_reuse_utility"": 0.03232765197753906, ""budget_blocked_fresh"": false, ""defer_utility"": 0.0, ""fold_a_fresh_utility"": -1.6037874221801758, ""fold_a_query_n"": 8, ""fold_a_support_n"": 8, ""fold_b_fresh_utility"": -1.5013461112976074, ""fold_b_query_n"": 8, ""fold_b_support_n"": 8, ""fresh_advantage"": -1.5848944187164307, ""fresh_local_trainability"": 0.02111506462097168, ""fresh_positive"": false, ""fresh_query_after"": 4.308014869689941, ""fresh_query_before"": 4.329129934310913, ""fresh_utility"": -1.5525667667388916, ""max_adapters"": 8, ""reuse_profiles"": {""adapter_1"": {""feasible_both"": true, ""fold_a_harm"": -0.054677579551935196, ""fold_a_lcb"": -0.05672350838780403, ""fold_a_query_after"": 4.534259796142578, ""fold_a_utility"": -1.870765209197998, ""fold_b_harm"": -0.05473284423351288, ""fold_b_lcb"": -0.05673740488942713, ""fold_b_query_after"": 4.633700370788574, ""fold_b_utility"": -1.7862987518310547, ""harm_lcb_max"": -0.05672350838780403, ""harm_mean"": -0.05470521189272404, ""harm_se_mean"": 0.0010332881356589496, ""harm_ucb_max"": -0.05263165071606636, ""local_trainability"": -0.01904606819152832, ""query_after"": 4.583980083465576, ""query_before"": 4.564934015274048, ""system_utility"": -1.8285319805145264}, ""default"": {""feasible_both"": true, ""fold_a_harm"": -0.03326772525906563, ""fold_a_lcb"": -0.039589573368430137, ""fold_a_query_after"": 2.630577564239502, ""fold_a_utility"": 0.032917022705078125, ""fold_b_harm"": -0.03275061398744583, ""fold_b_lcb"": -0.03921402811072767, ""fold_b_query_after"": 2.8156633377075195, ""fold_b_utility"": 0.03173828125, ""harm_lcb_max"": -0.03921402811072767, ""harm_mean"": -0.03300916962325573, ""harm_se_mean"": 0.0032615464879199862, ""harm_ucb_max"": -0.026287199864163995, ""local_trainability"": 0.03232765197753906, ""query_after"": 2.7231204509735107, ""query_before"": 2.75544810295105, ""system_utility"": 0.03232765197753906}}, ""status"": ""ok"", ""statusquo_loss"": 2.75544810295105, ""total_memory_budget"": 512}, ""utility_status"": ""ok""}"
46,A2,A,2,default,reuse,safe_existing_reuse,2.7156949043273926,2,True,294912,1299610,0,68607207,649805,10396912,493,23.738047392107546,498470400,0.0,19.450132427504286,2.2885256498120725,512,512,2.6418408155441284,-1.6511188745498657,0.03802144527435303,-1.6891403198242188,False,,"{""best_reuse"": ""default"", ""best_reuse_utility"": 0.03802144527435303, ""decision"": ""reuse"", ""fresh_advantage"": -1.6891403198242188, ""fresh_positive"": false, ""fresh_utility"": -1.6511188745498657, ""full_batch_guards"": {""adapter_1"": {""crossfit_feasible"": true, ""crossfit_utility"": -1.9668725728988647, ""crossfit_utility_positive"": false, ""full_batch_cur_after"": 4.594169616699219, ""full_batch_cur_before"": 4.599040985107422, ""full_batch_gain"": 0.004871368408203125, ""full_batch_harm"": -0.05333418771624565, ""full_batch_harm_lcb"": -0.05531562110874802, ""full_batch_harm_se"": 0.0010109354043379426, ""full_batch_harm_ucb"": -0.05135275432374328, ""full_batch_safe"": true}, ""default"": {""crossfit_feasible"": true, ""crossfit_utility"": 0.03802144527435303, ""crossfit_utility_positive"": true, ""full_batch_cur_after"": 2.597628116607666, ""full_batch_cur_before"": 2.641840934753418, ""full_batch_gain"": 0.04421281814575195, ""full_batch_harm"": -0.03216654807329178, ""full_batch_harm_lcb"": -0.03838899079710245, ""full_batch_harm_se"": 0.0031747156754136086, ""full_batch_harm_ucb"": -0.025944105349481106, ""full_batch_safe"": true}}, ""guarded_best_reuse"": ""default"", ""num_adapters"": 2, ""pending_after"": false, ""pending_before"": false, ""policy_version"": ""cau_v1"", ""reason"": ""safe_existing_reuse"", ""utility"": {""batch_n"": 16, ""best_reuse"": ""default"", ""best_reuse_query_after"": 2.6038193702697754, ""best_reuse_utility"": 0.03802144527435303, ""budget_blocked_fresh"": false, ""defer_utility"": 0.0, ""fold_a_fresh_utility"": -1.690371036529541, ""fold_a_query_n"": 8, ""fold_a_support_n"": 8, ""fold_b_fresh_utility"": -1.6118667125701904, ""fold_b_query_n"": 8, ""fold_b_support_n"": 8, ""fresh_advantage"": -1.6891403198242188, ""fresh_local_trainability"": 0.04504036903381348, ""fresh_positive"": false, ""fresh_query_after"": 4.292959690093994, ""fresh_query_before"": 4.338000059127808, ""fresh_utility"": -1.6511188745498657, ""max_adapters"": 8, ""reuse_profiles"": {""adapter_1"": {""feasible_both"": true, ""fold_a_harm"": -0.05498012900352478, ""fold_a_lcb"": -0.05716579001862556, ""fold_a_query_after"": 4.638126373291016, ""fold_a_utility"": -2.0190629959106445, ""fold_b_harm"": -0.05359600484371185, ""fold_b_lcb"": -0.0555108586512506, ""fold_b_query_after"": 4.579300403594971, ""fold_b_utility"": -1.914682149887085, ""harm_lcb_max"": -0.0555108586512506, ""harm_mean"": -0.05428806692361832, ""harm_se_mean"": 0.00104604969965294, ""harm_ucb_max"": -0.05168115103617311, ""local_trainability"": -0.00967264175415039, ""query_after"": 4.608713388442993, ""query_before"": 4.599040746688843, ""system_utility"": -1.9668725728988647}, ""default"": {""feasible_both"": true, ""fold_a_harm"": -0.03113897517323494, ""fold_a_lcb"": -0.03719824562780559, ""fold_a_query_after"": 2.58132266998291, ""fold_a_utility"": 0.03774070739746094, ""fold_b_harm"": -0.0323040634393692, ""fold_b_lcb"": -0.03858903588727117, ""fold_b_query_after"": 2.6263160705566406, ""fold_b_utility"": 0.03830218315124512, ""harm_lcb_max"": -0.03719824562780559, ""harm_mean"": -0.03172151930630207, ""harm_se_mean"": 0.003149041556753218, ""harm_ucb_max"": -0.02507970471866429, ""local_trainability"": 0.03802144527435303, ""query_after"": 2.6038193702697754, ""query_before"": 2.6418408155441284, ""system_utility"": 0.03802144527435303}}, ""status"": ""ok"", ""statusquo_loss"": 2.6418408155441284, ""total_memory_budget"": 512}, ""utility_status"": ""ok""}"
47,A2,A,2,default,reuse,safe_existing_reuse,2.78151798248291,2,True,294912,1299610,0,68607207,649805,10396912,493,24.313360030995682,498470400,0.0,20.019196861423552,2.2885256498120725,512,512,2.7405123710632324,-1.5637001991271973,0.040252685546875,-1.6039528846740723,False,,"{""best_reuse"": ""default"", ""best_reuse_utility"": 0.040252685546875, ""decision"": ""reuse"", ""fresh_advantage"": -1.6039528846740723, ""fresh_positive"": false, ""fresh_utility"": -1.5637001991271973, ""full_batch_guards"": {""adapter_1"": {""crossfit_feasible"": true, ""crossfit_utility"": -1.9101722240447998, ""crossfit_utility_positive"": false, ""full_batch_cur_after"": 4.640671730041504, ""full_batch_cur_before"": 4.648181915283203, ""full_batch_gain"": 0.007510185241699219, ""full_batch_harm"": -0.05425071343779564, ""full_batch_harm_lcb"": -0.0563812099583447, ""full_batch_harm_se"": 0.0010869880206882954, ""full_batch_harm_ucb"": -0.05212021691724658, ""full_batch_safe"": true}, ""default"": {""crossfit_feasible"": true, ""crossfit_utility"": 0.040252685546875, ""crossfit_utility_positive"": true, ""full_batch_cur_after"": 2.696181297302246, ""full_batch_cur_before"": 2.7405123710632324, ""full_batch_gain"": 0.04433107376098633, ""full_batch_harm"": -0.02733200043439865, ""full_batch_harm_lcb"": -0.03366222755052149, ""full_batch_harm_se"": 0.0032297077123075724, ""full_batch_harm_ucb"": -0.02100177331827581, ""full_batch_safe"": true}}, ""guarded_best_reuse"": ""default"", ""num_adapters"": 2, ""pending_after"": false, ""pending_before"": false, ""policy_version"": ""cau_v1"", ""reason"": ""safe_existing_reuse"", ""utility"": {""batch_n"": 16, ""best_reuse"": ""default"", ""best_reuse_query_after"": 2.7002596855163574, ""best_reuse_utility"": 0.040252685546875, ""budget_blocked_fresh"": false, ""defer_utility"": 0.0, ""fold_a_fresh_utility"": -1.5360534191131592, ""fold_a_query_n"": 8, ""fold_a_support_n"": 8, ""fold_b_fresh_utility"": -1.5913469791412354, ""fold_b_query_n"": 8, ""fold_b_support_n"": 8, ""fresh_advantage"": -1.6039528846740723, ""fresh_local_trainability"": 0.07444024085998535, ""fresh_positive"": false, ""fresh_query_after"": 4.30421257019043, ""fresh_query_before"": 4.378652811050415, ""fresh_utility"": -1.5637001991271973, ""max_adapters"": 8, ""reuse_profiles"": {""adapter_1"": {""feasible_both"": true, ""fold_a_harm"": -0.054624561220407486, ""fold_a_lcb"": -0.05679035398177803, ""fold_a_query_after"": 4.677709102630615, ""fold_a_utility"": -1.9016458988189697, ""fold_b_harm"": -0.05458119884133339, ""fold_b_lcb"": -0.056642648759298024, ""fold_b_query_after"": 4.623660087585449, ""fold_b_utility"": -1.9186985492706299, ""harm_lcb_max"": -0.056642648759298024, ""harm_mean"": -0.05460288003087044, ""harm_se_mean"": 0.0010783782345242798, ""harm_ucb_max"": -0.05245876845903694, ""local_trainability"": -0.0025022029876708984, ""query_after"": 4.650684595108032, ""query_before"": 4.648182392120361, ""system_utility"": -1.9101722240447998}, ""default"": {""feasible_both"": true, ""fold_a_harm"": -0.026931997388601303, ""fold_a_lcb"": -0.03306055790744722, ""fold_a_query_after"": 2.7339529991149902, ""fold_a_utility"": 0.04211020469665527, ""fold_b_harm"": -0.02716958150267601, ""fold_b_lcb"": -0.03354899883270264, ""fold_b_query_after"": 2.6665663719177246, ""fold_b_utility"": 0.03839516639709473, ""harm_lcb_max"": -0.03306055790744722, ""harm_mean"": -0.027050789445638657, ""harm_se_mean"": 0.0031908106757327914, ""harm_ucb_max"": -0.020790164172649384, ""local_trainability"": 0.040252685546875, ""query_after"": 2.7002596855163574, ""query_before"": 2.7405123710632324, ""system_utility"": 0.040252685546875}}, ""status"": ""ok"", ""statusquo_loss"": 2.7405123710632324, ""total_memory_budget"": 512}, ""utility_status"": ""ok""}"
48,A2,A,2,default,reuse,safe_existing_reuse,2.612375497817993,2,True,294912,1299610,0,68607207,649805,10396912,493,24.88707157620229,498470400,0.0,20.586417402373627,2.2885256498120725,512,512,2.605975921337421,-1.7278318405151367,0.023989769128652718,-1.7518216096437895,False,,"{""best_reuse"": ""default"", ""best_reuse_utility"": 0.023989769128652718, ""decision"": ""reuse"", ""fresh_advantage"": -1.7518216096437895, ""fresh_positive"": false, ""fresh_utility"": -1.7278318405151367, ""full_batch_guards"": {""adapter_1"": {""crossfit_feasible"": true, ""crossfit_utility"": -2.037768914149358, ""crossfit_utility_positive"": false, ""full_batch_cur_after"": 4.61065149307251, ""full_batch_cur_before"": 4.611586093902588, ""full_batch_gain"": 0.000934600830078125, ""full_batch_harm"": -0.053232066333293915, ""full_batch_harm_lcb"": -0.05523446983192116, ""full_batch_harm_se"": 0.0010216344380751252, ""full_batch_harm_ucb"": -0.05122966283466667, ""full_batch_safe"": true}, ""default"": {""crossfit_feasible"": true, ""crossfit_utility"": 0.023989769128652718, ""crossfit_utility_positive"": true, ""full_batch_cur_after"": 2.569197177886963, ""full_batch_cur_before"": 2.605975866317749, ""full_batch_gain"": 0.03677868843078613, ""full_batch_harm"": -0.02908824384212494, ""full_batch_harm_lcb"": -0.03571395587176084, ""full_batch_harm_se"": 0.0033804653212428093, ""full_batch_harm_ucb"": -0.022462531812489032, ""full_batch_safe"": true}}, ""guarded_best_reuse"": ""default"", ""num_adapters"": 2, ""pending_after"": false, ""pending_before"": false, ""policy_version"": ""cau_v1"", ""reason"": ""safe_existing_reuse"", ""utility"": {""batch_n"": 13, ""best_reuse"": ""default"", ""best_reuse_query_after"": 2.5819861522087684, ""best_reuse_utility"": 0.023989769128652718, ""budget_blocked_fresh"": false, ""defer_utility"": 0.0, ""fold_a_fresh_utility"": -1.6836085319519043, ""fold_a_query_n"": 6, ""fold_a_support_n"": 7, ""fold_b_fresh_utility"": -1.765737533569336, ""fold_b_query_n"": 7, ""fold_b_support_n"": 6, ""fresh_advantage"": -1.7518216096437895, ""fresh_local_trainability"": -0.0021765048687274638, ""fresh_positive"": false, ""fresh_query_after"": 4.333807761852558, ""fresh_query_before"": 4.3316312569838304, ""fresh_utility"": -1.7278318405151367, ""max_adapters"": 8, ""reuse_profiles"": {""adapter_1"": {""feasible_both"": true, ""fold_a_harm"": -0.054351646453142166, ""fold_a_lcb"": -0.05635305922012776, ""fold_a_query_after"": 4.6031813621521, ""fold_a_utility"": -1.9393677711486816, ""fold_b_harm"": -0.05570473149418831, ""fold_b_lcb"": -0.05776855145581067, ""fold_b_query_after"": 4.678513526916504, ""fold_b_utility"": -2.12211275100708, ""harm_lcb_max"": -0.05635305922012776, ""harm_mean"": -0.05502818897366524, ""harm_se_mean"": 0.0010370491654612124, ""harm_ucb_max"": -0.05235023368615657, ""local_trainability"": -0.03215866822462816, ""query_after"": 4.643744835486779, ""query_before"": 4.611586167262151, ""system_utility"": -2.037768914149358}, ""default"": {""feasible_both"": true, ""fold_a_harm"": -0.026453707367181778, ""fold_a_lcb"": -0.032617198592051866, ""fold_a_query_after"": 2.6351537704467773, ""fold_a_utility"": 0.028659820556640625, ""fold_b_harm"": -0.02849923074245453, ""fold_b_lcb"": -0.03510464577935636, ""fold_b_query_after"": 2.5364139080047607, ""fold_b_utility"": 0.019986867904663086, ""harm_lcb_max"": -0.032617198592051866, ""harm_mean"": -0.027476469054818153, ""harm_se_mean"": 0.003257374046370387, ""harm_ucb_max"": -0.020290216142311693, ""local_trainability"": 0.023989769128652718, ""query_after"": 2.5819861522087684, ""query_before"": 2.605975921337421, ""system_utility"": 0.023989769128652718}}, ""status"": ""ok"", ""statusquo_loss"": 2.605975921337421, ""total_memory_budget"": 512}, ""utility_status"": ""ok""}"
49,C1,C,1,adapter_1,reuse,pending_fresh_safe_existing_reuse,4.683662414550781,2,True,294912,1299610,0,68607207,649805,10396912,509,26.873955914983526,499256832,0.0,21.167521385475993,3.688242804724723,512,512,5.8599936962127686,1.4708330631256104,1.143711805343628,0.3271212577819824,True,,"{""best_reuse"": ""adapter_1"", ""best_reuse_utility"": 1.143711805343628, ""decision"": ""reuse"", ""fresh_advantage"": 0.3271212577819824, ""fresh_positive"": true, ""fresh_utility"": 1.4708330631256104, ""full_batch_guards"": {""adapter_1"": {""crossfit_feasible"": true, ""crossfit_utility"": 1.143711805343628, ""crossfit_utility_positive"": true, ""full_batch_cur_after"": 4.693422317504883, ""full_batch_cur_before"": 4.696439266204834, ""full_batch_gain"": 0.003016948699951172, ""full_batch_harm"": -0.05324394255876541, ""full_batch_harm_lcb"": -0.05508153903530911, ""full_batch_harm_se"": 0.0009375492227263749, ""full_batch_harm_ucb"": -0.051406346082221714, ""full_batch_safe"": true}, ""default"": {""crossfit_feasible"": true, ""crossfit_utility"": -0.06546449661254883, ""crossfit_utility_positive"": false, ""full_batch_cur_after"": 5.894517421722412, ""full_batch_cur_before"": 5.859993934631348, ""full_batch_gain"": -0.03452348709106445, ""full_batch_harm"": -0.023607470095157623, ""full_batch_harm_lcb"": -0.02773727630265057, ""full_batch_harm_se"": 0.002107043983414769, ""full_batch_harm_ucb"": -0.019477663887664677, ""full_batch_safe"": true}}, ""guarded_best_reuse"": ""adapter_1"", ""num_adapters"": 2, ""pending_after"": true, ""pending_before"": false, ""policy_version"": ""cau_v1"", ""reason"": ""pending_fresh_safe_existing_reuse"", ""utility"": {""batch_n"": 16, ""best_reuse"": ""adapter_1"", ""best_reuse_query_after"": 4.716281890869141, ""best_reuse_utility"": 1.143711805343628, ""budget_blocked_fresh"": false, ""defer_utility"": 0.0, ""fold_a_fresh_utility"": 1.4875574111938477, ""fold_a_query_n"": 8, ""fold_a_support_n"": 8, ""fold_b_fresh_utility"": 1.454108715057373, ""fold_b_query_n"": 8, ""fold_b_support_n"": 8, ""fresh_advantage"": 0.3271212577819824, ""fresh_local_trainability"": 0.027211904525756836, ""fresh_positive"": true, ""fresh_query_after"": 4.389160633087158, ""fresh_query_before"": 4.416372537612915, ""fresh_utility"": 1.4708330631256104, ""max_adapters"": 8, ""reuse_profiles"": {""adapter_1"": {""feasible_both"": true, ""fold_a_harm"": -0.05436989665031433, ""fold_a_lcb"": -0.05636340797878802, ""fold_a_query_after"": 4.74704647064209, ""fold_a_utility"": 1.1557540893554688, ""fold_b_harm"": -0.05461282283067703, ""fold_b_lcb"": -0.056569235571660104, ""fold_b_query_after"": 4.685517311096191, ""fold_b_utility"": 1.131669521331787, ""harm_lcb_max"": -0.05636340797878802, ""harm_mean"": -0.05449135974049568, ""harm_se_mean"": 0.001007633691187948, ""harm_ucb_max"": -0.05237638532184064, ""local_trainability"": -0.019842863082885742, ""query_after"": 4.716281890869141, ""query_before"": 4.696439027786255, ""system_utility"": 1.143711805343628}, ""default"": {""feasible_both"": true, ""fold_a_harm"": -0.024354953318834305, ""fold_a_lcb"": -0.0284758785367012, ""fold_a_query_after"": 5.96784782409668, ""fold_a_utility"": -0.0650472640991211, ""fold_b_harm"": -0.02428126335144043, ""fold_b_lcb"": -0.028459252612665294, ""fold_b_query_after"": 5.883068561553955, ""fold_b_utility"": -0.06588172912597656, ""harm_lcb_max"": -0.028459252612665294, ""harm_mean"": -0.024318108335137367, ""harm_se_mean"": 0.0021170700201764703, ""harm_ucb_max"": -0.020103274090215565, ""local_trainability"": -0.06546449661254883, ""query_after"": 5.925458192825317, ""query_before"": 5.8599936962127686, ""system_utility"": -0.06546449661254883}}, ""status"": ""ok"", ""statusquo_loss"": 5.8599936962127686, ""total_memory_budget"": 512}, ""utility_status"": ""ok""}"
50,C1,C,1,adapter_2,spawn,confirmed_fresh,4.400807857513428,3,True,442368,1949415,0,69404468,649805,15595368,356,27.357721369015053,499256832,0.0,21.64501925231889,3.688242804724723,512,510,4.710208177566528,0.3315880298614502,0.004945993423461914,0.3266420364379883,True,,"{""best_reuse"": ""adapter_1"", ""best_reuse_utility"": 0.004945993423461914, ""decision"": ""spawn"", ""fresh_advantage"": 0.3266420364379883, ""fresh_positive"": true, ""fresh_utility"": 0.3315880298614502, ""full_batch_guards"": {}, ""guarded_best_reuse"": null, ""num_adapters"": 3, ""pending_after"": false, ""pending_before"": true, ""policy_version"": ""cau_v1"", ""reason"": ""confirmed_fresh"", ""utility"": {""batch_n"": 16, ""best_reuse"": ""adapter_1"", ""best_reuse_query_after"": 4.705262184143066, ""best_reuse_utility"": 0.004945993423461914, ""budget_blocked_fresh"": false, ""defer_utility"": 0.0, ""fold_a_fresh_utility"": 0.3174476623535156, ""fold_a_query_n"": 8, ""fold_a_support_n"": 8, ""fold_b_fresh_utility"": 0.34572839736938477, ""fold_b_query_n"": 8, ""fold_b_support_n"": 8, ""fresh_advantage"": 0.3266420364379883, ""fresh_local_trainability"": 0.03242015838623047, ""fresh_positive"": true, ""fresh_query_after"": 4.378620147705078, ""fresh_query_before"": 4.411040306091309, ""fresh_utility"": 0.3315880298614502, ""max_adapters"": 8, ""reuse_profiles"": {""adapter_1"": {""feasible_both"": true, ""fold_a_harm"": -0.04238654673099518, ""fold_a_lcb"": -0.04505228796042502, ""fold_a_query_after"": 4.6871490478515625, ""fold_a_utility"": 0.0041751861572265625, ""fold_b_harm"": -0.04265551269054413, ""fold_b_lcb"": -0.044879455831833184, ""fold_b_query_after"": 4.72337532043457, ""fold_b_utility"": 0.005716800689697266, ""harm_lcb_max"": -0.044879455831833184, ""harm_mean"": -0.04252102971076965, ""harm_se_mean"": 0.0012473684619180858, ""harm_ucb_max"": -0.039720805501565336, ""local_trainability"": 0.004945993423461914, ""query_after"": 4.705262184143066, ""query_before"": 4.710208177566528, ""system_utility"": 0.004945993423461914}, ""default"": {""feasible_both"": true, ""fold_a_harm"": -0.0243067666888237, ""fold_a_lcb"": -0.02848213559947908, ""fold_a_query_after"": 5.870804309844971, ""fold_a_utility"": -1.1794800758361816, ""fold_b_harm"": -0.024016279727220535, ""fold_b_lcb"": -0.028202087599784136, ""fold_b_query_after"": 5.994205951690674, ""fold_b_utility"": -1.2651138305664062, ""harm_lcb_max"": -0.028202087599784136, ""harm_mean"": -0.024161523208022118, ""harm_se_mean"": 0.00213295326102525, ""harm_ucb_max"": -0.019830471854656934, ""local_trainability"": -0.05964803695678711, ""query_after"": 5.932505130767822, ""query_before"": 5.872857093811035, ""system_utility"": -1.222296953201294}}, ""status"": ""ok"", ""statusquo_loss"": 4.710208177566528, ""total_memory_budget"": 512}, ""utility_status"": ""ok""}"
51,C1,C,1,adapter_2,warmup,existing_warmup,4.351216793060303,3,True,442368,1949415,0,69404468,649805,15595368,372,27.380819382146,499256832,0.0,21.661484697367996,3.688242804724723,512,510,,,,,,,"{""best_reuse"": null, ""best_reuse_utility"": null, ""decision"": ""warmup"", ""fresh_positive"": null, ""fresh_utility"": null, ""full_batch_guards"": {}, ""guarded_best_reuse"": null, ""num_adapters"": 3, ""pending_after"": false, ""pending_before"": false, ""policy_version"": ""cau_v1"", ""reason"": ""existing_warmup"", ""utility_status"": ""warmup""}"
52,C1,C,1,adapter_2,warmup,existing_warmup,4.343652725219727,3,True,442368,1949415,0,69404468,649805,15595368,388,27.403440551133826,499256832,0.0,21.67838630429469,3.688242804724723,512,510,,,,,,,"{""best_reuse"": null, ""best_reuse_utility"": null, ""decision"": ""warmup"", ""fresh_positive"": null, ""fresh_utility"": null, ""full_batch_guards"": {}, ""guarded_best_reuse"": null, ""num_adapters"": 3, ""pending_after"": false, ""pending_before"": false, ""policy_version"": ""cau_v1"", ""reason"": ""existing_warmup"", ""utility_status"": ""warmup""}"
53,C1,C,1,adapter_2,warmup,existing_warmup,4.265334129333496,3,True,442368,1949415,0,69404468,649805,15595368,404,27.425650048069656,499256832,0.0,21.694722685264423,3.688242804724723,512,510,,,,,,,"{""best_reuse"": null, ""best_reuse_utility"": null, ""decision"": ""warmup"", ""fresh_positive"": null, ""fresh_utility"": null, ""full_batch_guards"": {}, ""guarded_best_reuse"": null, ""num_adapters"": 3, ""pending_after"": false, ""pending_before"": false, ""policy_version"": ""cau_v1"", ""reason"": ""existing_warmup"", ""utility_status"": ""warmup""}"
54,C1,C,1,adapter_2,reuse,safe_existing_reuse,4.170871734619141,3,True,442368,1949415,0,69404468,649805,15595368,420,28.249186889035627,499256832,0.0,22.51188602624461,3.688242804724723,512,510,4.174016714096069,-0.17614245414733887,0.061055898666381836,-0.2371983528137207,False,,"{""best_reuse"": ""adapter_2"", ""best_reuse_utility"": 0.061055898666381836, ""decision"": ""reuse"", ""fresh_advantage"": -0.2371983528137207, ""fresh_positive"": false, ""fresh_utility"": -0.17614245414733887, ""full_batch_guards"": {""adapter_1"": {""crossfit_feasible"": true, ""crossfit_utility"": -0.5750513076782227, ""crossfit_utility_positive"": false, ""full_batch_cur_after"": 4.7414069175720215, ""full_batch_cur_before"": 4.758794784545898, ""full_batch_gain"": 0.017387866973876953, ""full_batch_harm"": -0.0449368879199028, ""full_batch_harm_lcb"": -0.046659388851840046, ""full_batch_harm_se"": 0.0008788270060904324, ""full_batch_harm_ucb"": -0.04321438698796556, ""full_batch_safe"": true}, ""adapter_2"": {""crossfit_feasible"": true, ""crossfit_utility"": 0.061055898666381836, ""crossfit_utility_positive"": true, ""full_batch_cur_after"": 4.105494976043701, ""full_batch_cur_before"": 4.174016952514648, ""full_batch_gain"": 0.06852197647094727, ""full_batch_harm"": -0.05939463526010513, ""full_batch_harm_lcb"": -0.0630156688252464, ""full_batch_harm_se"": 0.0018474661046639085, ""full_batch_harm_ucb"": -0.05577360169496387, ""full_batch_safe"": true}, ""default"": {""crossfit_feasible"": true, ""crossfit_utility"": -1.8287596702575684, ""crossfit_utility_positive"": false, ""full_batch_cur_after"": 5.988265037536621, ""full_batch_cur_before"": 5.953676223754883, ""full_batch_gain"": -0.03458881378173828, ""full_batch_harm"": -0.020987749099731445, ""full_batch_harm_lcb"": -0.02647405767813325, ""full_batch_harm_se"": 0.0027991370297968388, ""full_batch_harm_ucb"": -0.015501440521329641, ""full_batch_safe"": true}}, ""guarded_best_reuse"": ""adapter_2"", ""num_adapters"": 3, ""pending_after"": false, ""pending_before"": false, ""policy_version"": ""cau_v1"", ""reason"": ""safe_existing_reuse"", ""utility"": {""batch_n"": 16, ""best_reuse"": ""adapter_2"", ""best_reuse_query_after"": 4.1129608154296875, ""best_reuse_utility"": 0.061055898666381836, ""budget_blocked_fresh"": false, ""defer_utility"": 0.0, ""fold_a_fresh_utility"": -0.190093994140625, ""fold_a_query_n"": 8, ""fold_a_support_n"": 8, ""fold_b_fresh_utility"": -0.16219091415405273, ""fold_b_query_n"": 8, ""fold_b_support_n"": 8, ""fresh_advantage"": -0.2371983528137207, ""fresh_local_trainability"": 0.06664681434631348, ""fresh_positive"": false, ""fresh_query_after"": 4.350159168243408, ""fresh_query_before"": 4.416805982589722, ""fresh_utility"": -0.17614245414733887, ""max_adapters"": 8, ""reuse_profiles"": {""adapter_1"": {""feasible_both"": true, ""fold_a_harm"": -0.04582301527261734, ""fold_a_lcb"": -0.04785929622594267, ""fold_a_query_after"": 4.758319854736328, ""fold_a_utility"": -0.5910396575927734, ""fold_b_harm"": -0.04507236182689667, ""fold_b_lcb"": -0.046730121343862265, ""fold_b_query_after"": 4.739816188812256, ""fold_b_utility"": -0.5590629577636719, ""harm_lcb_max"": -0.046730121343862265, ""harm_mean"": -0.045447688549757004, ""harm_se_mean"": 0.0009423572628293186, ""harm_ucb_max"": -0.04341460230993107, ""local_trainability"": 0.009727001190185547, ""query_after"": 4.749068021774292, ""query_before"": 4.7587950229644775, ""system_utility"": -0.5750513076782227}, ""adapter_2"": {""feasible_both"": true, ""fold_a_harm"": -0.056925080716609955, ""fold_a_lcb"": -0.06123843193985522, ""fold_a_query_after"": 4.109194755554199, ""fold_a_utility"": 0.05808544158935547, ""fold_b_harm"": -0.058866649866104126, ""fold_b_lcb"": -0.06190964856185019, ""fold_b_query_after"": 4.116726875305176, ""fold_b_utility"": 0.0640263557434082, ""harm_lcb_max"": -0.06123843193985522, ""harm_mean"": -0.05789586529135704, ""harm_se_mean"": 0.001876619877293706, ""harm_ucb_max"": -0.05261172949336469, ""local_trainability"": 0.061055898666381836, ""query_after"": 4.1129608154296875, ""query_before"": 4.174016714096069, ""system_utility"": 0.061055898666381836}, ""default"": {""feasible_both"": true, ""fold_a_harm"": -0.021327771246433258, ""fold_a_lcb"": -0.026832268489524722, ""fold_a_query_after"": 6.0259904861450195, ""fold_a_utility"": -1.8587102890014648, ""fold_b_harm"": -0.02104310691356659, ""fold_b_lcb"": -0.026592985233291982, ""fold_b_query_after"": 5.979562282562256, ""fold_b_utility"": -1.7988090515136719, ""harm_lcb_max"": -0.026592985233291982, ""harm_mean"": -0.021185439079999924, ""harm_se_mean"": 0.0028199937660247087, ""harm_ucb_max"": -0.015493228593841196, ""local_trainability"": -0.04910016059875488, ""query_after"": 6.002776384353638, ""query_before"": 5.953676223754883, ""system_utility"": -1.8287596702575684}}, ""status"": ""ok"", ""statusquo_loss"": 4.174016714096069, ""total_memory_budget"": 512}, ""utility_status"": ""ok""}"
55,C1,C,1,adapter_2,reuse,safe_existing_reuse,4.180577278137207,3,True,442368,1949415,0,69404468,649805,15595368,436,29.096238454105332,499256832,0.0,23.35244112741202,3.688242804724723,512,510,4.178004741668701,-0.21793556213378906,0.05303382873535156,-0.2709693908691406,False,,"{""best_reuse"": ""adapter_2"", ""best_reuse_utility"": 0.05303382873535156, ""decision"": ""reuse"", ""fresh_advantage"": -0.2709693908691406, ""fresh_positive"": false, ""fresh_utility"": -0.21793556213378906, ""full_batch_guards"": {""adapter_1"": {""crossfit_feasible"": true, ""crossfit_utility"": -0.5896949768066406, ""crossfit_utility_positive"": false, ""full_batch_cur_after"": 4.758920669555664, ""full_batch_cur_before"": 4.7733049392700195, ""full_batch_gain"": 0.014384269714355469, ""full_batch_harm"": -0.04483723267912865, ""full_batch_harm_lcb"": -0.046399992394726725, ""full_batch_harm_se"": 0.0007973263855092227, ""full_batch_harm_ucb"": -0.04327447296353057, ""full_batch_safe"": true}, ""adapter_2"": {""crossfit_feasible"": true, ""crossfit_utility"": 0.05303382873535156, ""crossfit_utility_positive"": true, ""full_batch_cur_after"": 4.1164350509643555, ""full_batch_cur_before"": 4.178004741668701, ""full_batch_gain"": 0.0615696907043457, ""full_batch_harm"": -0.05877580866217613, ""full_batch_harm_lcb"": -0.062401731540448965, ""full_batch_harm_se"": 0.001849960652180016, ""full_batch_harm_ucb"": -0.0551498857839033, ""full_batch_safe"": true}, ""default"": {""crossfit_feasible"": true, ""crossfit_utility"": -1.8743987083435059, ""crossfit_utility_positive"": false, ""full_batch_cur_after"": 6.031134605407715, ""full_batch_cur_before"": 5.996354103088379, ""full_batch_gain"": -0.03478050231933594, ""full_batch_harm"": -0.02087755873799324, ""full_batch_harm_lcb"": -0.026382202012464405, ""full_batch_harm_se"": 0.0028084914665669203, ""full_batch_harm_ucb"": -0.015372915463522076, ""full_batch_safe"": true}}, ""guarded_best_reuse"": ""adapter_2"", ""num_adapters"": 3, ""pending_after"": false, ""pending_before"": false, ""policy_version"": ""cau_v1"", ""reason"": ""safe_existing_reuse"", ""utility"": {""batch_n"": 16, ""best_reuse"": ""adapter_2"", ""best_reuse_query_after"": 4.12497091293335, ""best_reuse_utility"": 0.05303382873535156, ""budget_blocked_fresh"": false, ""defer_utility"": 0.0, ""fold_a_fresh_utility"": -0.23607969284057617, ""fold_a_query_n"": 8, ""fold_a_support_n"": 8, ""fold_b_fresh_utility"": -0.19979143142700195, ""fold_b_query_n"": 8, ""fold_b_support_n"": 8, ""fresh_advantage"": -0.2709693908691406, ""fresh_local_trainability"": 0.05145835876464844, ""fresh_positive"": false, ""fresh_query_after"": 4.39594030380249, ""fresh_query_before"": 4.447398662567139, ""fresh_utility"": -0.21793556213378906, ""max_adapters"": 8, ""reuse_profiles"": {""adapter_1"": {""feasible_both"": true, ""fold_a_harm"": -0.045330267399549484, ""fold_a_lcb"": -0.04702011617133394, ""fold_a_query_after"": 4.757518768310547, ""fold_a_utility"": -0.589810848236084, ""fold_b_harm"": -0.04554928466677666, ""fold_b_lcb"": -0.04710625047329813, ""fold_b_query_after"": 4.777880668640137, ""fold_b_utility"": -0.5895791053771973, ""harm_lcb_max"": -0.04702011617133394, ""harm_mean"": -0.04543977603316307, ""harm_se_mean"": 0.0008282690250780433, ""harm_ucb_max"": -0.04364041862776503, ""local_trainability"": 0.005605459213256836, ""query_after"": 4.767699718475342, ""query_before"": 4.773305177688599, ""system_utility"": -0.5896949768066406}, ""adapter_2"": {""feasible_both"": true, ""fold_a_harm"": -0.05636618658900261, ""fold_a_lcb"": -0.059934491189196706, ""fold_a_query_after"": 4.1140642166137695, ""fold_a_utility"": 0.05364370346069336, ""fold_b_harm"": -0.05754926800727844, ""fold_b_lcb"": -0.06157453080639243, ""fold_b_query_after"": 4.13587760925293, ""fold_b_utility"": 0.052423954010009766, ""harm_lcb_max"": -0.059934491189196706, ""harm_mean"": -0.056957727298140526, ""harm_se_mean"": 0.0019371345406398177, ""harm_ucb_max"": -0.05279788198880851, ""local_trainability"": 0.05303382873535156, ""query_after"": 4.12497091293335, ""query_before"": 4.178004741668701, ""system_utility"": 0.05303382873535156}, ""default"": {""feasible_both"": true, ""fold_a_harm"": -0.02130434662103653, ""fold_a_lcb"": -0.02695124818943441, ""fold_a_query_after"": 6.162308692932129, ""fold_a_utility"": -1.994600772857666, ""fold_b_harm"": -0.021130263805389404, ""fold_b_lcb"": -0.026625212877988816, ""fold_b_query_after"": 5.942498207092285, ""fold_b_utility"": -1.7541966438293457, ""harm_lcb_max"": -0.026625212877988816, ""harm_mean"": -0.021217305213212967, ""harm_se_mean"": 0.0028423088369891047, ""harm_ucb_max"": -0.015635314732789993, ""local_trainability"": -0.05604910850524902, ""query_after"": 6.052403450012207, ""query_before"": 5.996354341506958, ""system_utility"": -1.8743987083435059}}, ""status"": ""ok"", ""statusquo_loss"": 4.178004741668701, ""total_memory_budget"": 512}, ""utility_status"": ""ok""}"
56,C1,C,1,adapter_2,reuse,safe_existing_reuse,4.089893341064453,3,True,442368,1949415,0,69404468,649805,15595368,452,29.934023267123848,499256832,0.0,24.183624984463677,3.688242804724723,512,510,4.080196857452393,-0.3099229335784912,0.050787925720214844,-0.36071085929870605,False,,"{""best_reuse"": ""adapter_2"", ""best_reuse_utility"": 0.050787925720214844, ""decision"": ""reuse"", ""fresh_advantage"": -0.36071085929870605, ""fresh_positive"": false, ""fresh_utility"": -0.3099229335784912, ""full_batch_guards"": {""adapter_1"": {""crossfit_feasible"": true, ""crossfit_utility"": -0.6890196800231934, ""crossfit_utility_positive"": false, ""full_batch_cur_after"": 4.751895904541016, ""full_batch_cur_before"": 4.76540994644165, ""full_batch_gain"": 0.013514041900634766, ""full_batch_harm"": -0.0441443994641304, ""full_batch_harm_lcb"": -0.04618448841385543, ""full_batch_harm_se"": 0.0010408617090433836, ""full_batch_harm_ucb"": -0.04210431051440537, ""full_batch_safe"": true}, ""adapter_2"": {""crossfit_feasible"": true, ""crossfit_utility"": 0.050787925720214844, ""crossfit_utility_positive"": true, ""full_batch_cur_after"": 4.0179123878479, ""full_batch_cur_before"": 4.080196857452393, ""full_batch_gain"": 0.06228446960449219, ""full_batch_harm"": -0.0609472282230854, ""full_batch_harm_lcb"": -0.06423298948444427, ""full_batch_harm_se"": 0.0016764088068157434, ""full_batch_harm_ucb"": -0.05766146696172655, ""full_batch_safe"": true}, ""default"": {""crossfit_feasible"": true, ""crossfit_utility"": -1.9135072231292725, ""crossfit_utility_positive"": false, ""full_batch_cur_after"": 5.957793235778809, ""full_batch_cur_before"": 5.921609878540039, ""full_batch_gain"": -0.03618335723876953, ""full_batch_harm"": -0.02065669372677803, ""full_batch_harm_lcb"": -0.02613255102187395, ""full_batch_harm_se"": 0.002793804742395878, ""full_batch_harm_ucb"": -0.01518083643168211, ""full_batch_safe"": true}}, ""guarded_best_reuse"": ""adapter_2"", ""num_adapters"": 3, ""pending_after"": false, ""pending_before"": false, ""policy_version"": ""cau_v1"", ""reason"": ""safe_existing_reuse"", ""utility"": {""batch_n"": 16, ""best_reuse"": ""adapter_2"", ""best_reuse_query_after"": 4.029408931732178, ""best_reuse_utility"": 0.050787925720214844, ""budget_blocked_fresh"": false, ""defer_utility"": 0.0, ""fold_a_fresh_utility"": -0.2976202964782715, ""fold_a_query_n"": 8, ""fold_a_support_n"": 8, ""fold_b_fresh_utility"": -0.32222557067871094, ""fold_b_query_n"": 8, ""fold_b_support_n"": 8, ""fresh_advantage"": -0.36071085929870605, ""fresh_local_trainability"": 0.01943826675415039, ""fresh_positive"": false, ""fresh_query_after"": 4.390119791030884, ""fresh_query_before"": 4.409558057785034, ""fresh_utility"": -0.3099229335784912, ""max_adapters"": 8, ""reuse_profiles"": {""adapter_1"": {""feasible_both"": true, ""fold_a_harm"": -0.04565136134624481, ""fold_a_lcb"": -0.04773233885411173, ""fold_a_query_after"": 4.802718162536621, ""fold_a_utility"": -0.7359275817871094, ""fold_b_harm"": -0.04483874514698982, ""fold_b_lcb"": -0.046858731736429036, ""fold_b_query_after"": 4.735714912414551, ""fold_b_utility"": -0.6421117782592773, ""harm_lcb_max"": -0.046858731736429036, ""harm_mean"": -0.04524505324661732, ""harm_se_mean"": 0.0010461643105372787, ""harm_ucb_max"": -0.04281875855755061, ""local_trainability"": -0.0038068294525146484, ""query_after"": 4.769216537475586, ""query_before"": 4.765409708023071, ""system_utility"": -0.6890196800231934}, ""adapter_2"": {""feasible_both"": true, ""fold_a_harm"": -0.06064764782786369, ""fold_a_lcb"": -0.06433156843762845, ""fold_a_query_after"": 4.020233154296875, ""fold_a_utility"": 0.04655742645263672, ""fold_b_harm"": -0.05637454614043236, ""fold_b_lcb"": -0.05926538789644838, ""fold_b_query_after"": 4.0385847091674805, ""fold_b_utility"": 0.05501842498779297, ""harm_lcb_max"": -0.05926538789644838, ""harm_mean"": -0.058511096984148026, ""harm_se_mean"": 0.0016772352973930538, ""harm_ucb_max"": -0.05348370438441634, ""local_trainability"": 0.050787925720214844, ""query_after"": 4.029408931732178, ""query_before"": 4.080196857452393, ""system_utility"": 0.050787925720214844}, ""default"": {""feasible_both"": true, ""fold_a_harm"": -0.02131851762533188, ""fold_a_lcb"": -0.02687357093207538, ""fold_a_query_after"": 6.020613193511963, ""fold_a_utility"": -1.9538226127624512, ""fold_b_harm"": -0.021175194531679153, ""fold_b_lcb"": -0.02665217626839876, ""fold_b_query_after"": 5.966794967651367, ""fold_b_utility"": -1.8731918334960938, ""harm_lcb_max"": -0.02665217626839876, ""harm_mean"": -0.021246856078505516, ""harm_se_mean"": 0.002814294653944671, ""harm_ucb_max"": -0.015698212794959546, ""local_trainability"": -0.07209396362304688, ""query_after"": 5.993704080581665, ""query_before"": 5.921610116958618, ""system_utility"": -1.9135072231292725}}, ""status"": ""ok"", ""statusquo_loss"": 4.080196857452393, ""total_memory_budget"": 512}, ""utility_status"": ""ok""}"
57,C1,C,1,adapter_2,reuse,safe_existing_reuse,3.9959301948547363,3,True,442368,1949415,0,69404468,649805,15595368,468,30.826533355982974,499256832,0.0,25.0687036535237,3.688242804724723,512,510,3.9580347537994385,-0.4024393558502197,0.0541229248046875,-0.4565622806549072,False,,"{""best_reuse"": ""adapter_2"", ""best_reuse_utility"": 0.0541229248046875, ""decision"": ""reuse"", ""fresh_advantage"": -0.4565622806549072, ""fresh_positive"": false, ""fresh_utility"": -0.4024393558502197, ""full_batch_guards"": {""adapter_1"": {""crossfit_feasible"": true, ""crossfit_utility"": -0.6988019943237305, ""crossfit_utility_positive"": false, ""full_batch_cur_after"": 4.642931938171387, ""full_batch_cur_before"": 4.661427021026611, ""full_batch_gain"": 0.01849508285522461, ""full_batch_harm"": -0.045601122081279755, ""full_batch_harm_lcb"": -0.04714815011015162, ""full_batch_harm_se"": 0.0007893000147305429, ""full_batch_harm_ucb"": -0.04405409405240789, ""full_batch_safe"": true}, ""adapter_2"": {""crossfit_feasible"": true, ""crossfit_utility"": 0.0541229248046875, ""crossfit_utility_positive"": true, ""full_batch_cur_after"": 3.8934237957000732, ""full_batch_cur_before"": 3.9580349922180176, ""full_batch_gain"": 0.06461119651794434, ""full_batch_harm"": -0.061129696667194366, ""full_batch_harm_lcb"": -0.06451080272905528, ""full_batch_harm_se"": 0.0017250541131943464, ""full_batch_harm_ucb"": -0.057748590605333446, ""full_batch_safe"": true}, ""default"": {""crossfit_feasible"": true, ""crossfit_utility"": -2.066512107849121, ""crossfit_utility_positive"": false, ""full_batch_cur_after"": 5.995222091674805, ""full_batch_cur_before"": 5.960402488708496, ""full_batch_gain"": -0.034819602966308594, ""full_batch_harm"": -0.020835384726524353, ""full_batch_harm_lcb"": -0.02631407868117094, ""full_batch_harm_se"": 0.0027952520176768303, ""full_batch_harm_ucb"": -0.015356690771877766, ""full_batch_safe"": true}}, ""guarded_best_reuse"": ""adapter_2"", ""num_adapters"": 3, ""pending_after"": false, ""pending_before"": false, ""policy_version"": ""cau_v1"", ""reason"": ""safe_existing_reuse"", ""utility"": {""batch_n"": 16, ""best_reuse"": ""adapter_2"", ""best_reuse_query_after"": 3.903911828994751, ""best_reuse_utility"": 0.0541229248046875, ""budget_blocked_fresh"": false, ""defer_utility"": 0.0, ""fold_a_fresh_utility"": -0.3851785659790039, ""fold_a_query_n"": 8, ""fold_a_support_n"": 8, ""fold_b_fresh_utility"": -0.41970014572143555, ""fold_b_query_n"": 8, ""fold_b_support_n"": 8, ""fresh_advantage"": -0.4565622806549072, ""fresh_local_trainability"": 0.035515546798706055, ""fresh_positive"": false, ""fresh_query_after"": 4.360474109649658, ""fresh_query_before"": 4.395989656448364, ""fresh_utility"": -0.4024393558502197, ""max_adapters"": 8, ""reuse_profiles"": {""adapter_1"": {""feasible_both"": true, ""fold_a_harm"": -0.045569613575935364, ""fold_a_lcb"": -0.04755189531948417, ""fold_a_query_after"": 4.639176845550537, ""fold_a_utility"": -0.6760373115539551, ""fold_b_harm"": -0.046249471604824066, ""fold_b_lcb"": -0.0477700562030077, ""fold_b_query_after"": 4.674496650695801, ""fold_b_utility"": -0.7215666770935059, ""harm_lcb_max"": -0.04755189531948417, ""harm_mean"": -0.045909542590379715, ""harm_se_mean"": 0.0008935883524827659, ""harm_ucb_max"": -0.043587331832386556, ""local_trainability"": 0.004590272903442383, ""query_after"": 4.656836748123169, ""query_before"": 4.661427021026611, ""system_utility"": -0.6988019943237305}, ""adapter_2"": {""feasible_both"": true, ""fold_a_harm"": -0.0604233592748642, ""fold_a_lcb"": -0.06462339699268341, ""fold_a_query_after"": 3.918132781982422, ""fold_a_utility"": 0.045006752014160156, ""fold_b_harm"": -0.058177072554826736, ""fold_b_lcb"": -0.06071159888524562, ""fold_b_query_after"": 3.88969087600708, ""fold_b_utility"": 0.06323909759521484, ""harm_lcb_max"": -0.06071159888524562, ""harm_mean"": -0.05930021591484547, ""harm_se_mean"": 0.0017180010327138007, ""harm_ucb_max"": -0.055642546224407854, ""local_trainability"": 0.0541229248046875, ""query_after"": 3.903911828994751, ""query_before"": 3.9580347537994385, ""system_utility"": 0.0541229248046875}, ""default"": {""feasible_both"": true, ""fold_a_harm"": -0.021433155983686447, ""fold_a_lcb"": -0.026972573436796664, ""fold_a_query_after"": 5.858940601348877, ""fold_a_utility"": -1.895801067352295, ""fold_b_harm"": -0.02138529345393181, ""fold_b_lcb"": -0.026914715971797704, ""fold_b_query_after"": 6.190153121948242, ""fold_b_utility"": -2.2372231483459473, ""harm_lcb_max"": -0.026914715971797704, ""harm_mean"": -0.021409224718809128, ""harm_se_mean"": 0.0028236836660653353, ""harm_ucb_max"": -0.015855870936065913, ""local_trainability"": -0.06414413452148438, ""query_after"": 6.02454686164856, ""query_before"": 5.960402727127075, ""system_utility"": -2.066512107849121}}, ""status"": ""ok"", ""statusquo_loss"": 3.9580347537994385, ""total_memory_budget"": 512}, ""utility_status"": ""ok""}"
58,C1,C,1,adapter_2,reuse,safe_existing_reuse,3.987661361694336,3,True,442368,1949415,0,69404468,649805,15595368,484,31.712909212103114,499256832,0.0,25.948376689571887,3.688242804724723,512,510,3.9708449840545654,-0.3573305606842041,0.05415058135986328,-0.4114811420440674,False,,"{""best_reuse"": ""adapter_2"", ""best_reuse_utility"": 0.05415058135986328, ""decision"": ""reuse"", ""fresh_advantage"": -0.4114811420440674, ""fresh_positive"": false, ""fresh_utility"": -0.3573305606842041, ""full_batch_guards"": {""adapter_1"": {""crossfit_feasible"": true, ""crossfit_utility"": -0.7721290588378906, ""crossfit_utility_positive"": false, ""full_batch_cur_after"": 4.735299110412598, ""full_batch_cur_before"": 4.7495856285095215, ""full_batch_gain"": 0.014286518096923828, ""full_batch_harm"": -0.044329650700092316, ""full_batch_harm_lcb"": -0.04620447947410867, ""full_batch_harm_se"": 0.000956545292865485, ""full_batch_harm_ucb"": -0.04245482192607596, ""full_batch_safe"": true}, ""adapter_2"": {""crossfit_feasible"": true, ""crossfit_utility"": 0.05415058135986328, ""crossfit_utility_positive"": true, ""full_batch_cur_after"": 3.9114224910736084, ""full_batch_cur_before"": 3.9708449840545654, ""full_batch_gain"": 0.05942249298095703, ""full_batch_harm"": -0.059840742498636246, ""full_batch_harm_lcb"": -0.062321574687957765, ""full_batch_harm_se"": 0.0012657307088375092, ""full_batch_harm_ucb"": -0.05735991030931473, ""full_batch_safe"": true}, ""default"": {""crossfit_feasible"": true, ""crossfit_utility"": -2.017300844192505, ""crossfit_utility_positive"": false, ""full_batch_cur_after"": 5.971920013427734, ""full_batch_cur_before"": 5.93546724319458, ""full_batch_gain"": -0.0364527702331543, ""full_batch_harm"": -0.020844604820013046, ""full_batch_harm_lcb"": -0.02635808527469635, ""full_batch_harm_se"": 0.0028130002319812775, ""full_batch_harm_ucb"": -0.015331124365329744, ""full_batch_safe"": true}}, ""guarded_best_reuse"": ""adapter_2"", ""num_adapters"": 3, ""pending_after"": false, ""pending_before"": false, ""policy_version"": ""cau_v1"", ""reason"": ""safe_existing_reuse"", ""utility"": {""batch_n"": 16, ""best_reuse"": ""adapter_2"", ""best_reuse_query_after"": 3.916694402694702, ""best_reuse_utility"": 0.05415058135986328, ""budget_blocked_fresh"": false, ""defer_utility"": 0.0, ""fold_a_fresh_utility"": -0.3223378658294678, ""fold_a_query_n"": 8, ""fold_a_support_n"": 8, ""fold_b_fresh_utility"": -0.39232325553894043, ""fold_b_query_n"": 8, ""fold_b_support_n"": 8, ""fresh_advantage"": -0.4114811420440674, ""fresh_local_trainability"": 0.05952310562133789, ""fresh_positive"": false, ""fresh_query_after"": 4.3281755447387695, ""fresh_query_before"": 4.387698650360107, ""fresh_utility"": -0.3573305606842041, ""max_adapters"": 8, ""reuse_profiles"": {""adapter_1"": {""feasible_both"": true, ""fold_a_harm"": -0.04464206099510193, ""fold_a_lcb"": -0.04630564807681367, ""fold_a_query_after"": 4.7294020652771, ""fold_a_utility"": -0.7482883930206299, ""fold_b_harm"": -0.04488399624824524, ""fold_b_lcb"": -0.046996118142269554, ""fold_b_query_after"": 4.7565460205078125, ""fold_b_utility"": -0.7959697246551514, ""harm_lcb_max"": -0.04630564807681367, ""harm_mean"": -0.044763028621673584, ""harm_se_mean"": 0.0009631910652387887, ""harm_ucb_max"": -0.042771874354220925, ""local_trainability"": 0.00661158561706543, ""query_after"": 4.742974042892456, ""query_before"": 4.7495856285095215, ""system_utility"": -0.7721290588378906}, ""adapter_2"": {""feasible_both"": true, ""fold_a_harm"": -0.06028540059924126, ""fold_a_lcb"": -0.0631149899493903, ""fold_a_query_after"": 3.9296112060546875, ""fold_a_utility"": 0.05150246620178223, ""fold_b_harm"": -0.05766155570745468, ""fold_b_lcb"": -0.06011589552275837, ""fold_b_query_after"": 3.903777599334717, ""fold_b_utility"": 0.056798696517944336, ""harm_lcb_max"": -0.06011589552275837, ""harm_mean"": -0.05897347815334797, ""harm_se_mean"": 0.0013479411136358976, ""harm_ucb_max"": -0.055207215892150996, ""local_trainability"": 0.05415058135986328, ""query_after"": 3.916694402694702, ""query_before"": 3.9708449840545654, ""system_utility"": 0.05415058135986328}, ""default"": {""feasible_both"": true, ""fold_a_harm"": -0.020934488624334335, ""fold_a_lcb"": -0.02647958943620324, ""fold_a_query_after"": 5.916128158569336, ""fold_a_utility"": -1.9350144863128662, ""fold_b_harm"": -0.021287787705659866, ""fold_b_lcb"": -0.026871921336278318, ""fold_b_query_after"": 6.060163497924805, ""fold_b_utility"": -2.0995872020721436, ""harm_lcb_max"": -0.02647958943620324, ""harm_mean"": -0.0211111381649971, ""harm_se_mean"": 0.0028390904190018773, ""harm_ucb_max"": -0.01538938781246543, ""local_trainability"": -0.052678823471069336, ""query_after"": 5.98814582824707, ""query_before"": 5.935467004776001, ""system_utility"": -2.017300844192505}}, ""status"": ""ok"", ""statusquo_loss"": 3.9708449840545654, ""total_memory_budget"": 512}, ""utility_status"": ""ok""}"
59,C1,C,1,adapter_2,reuse,safe_existing_reuse,3.9069149494171143,3,True,442368,1949415,0,69404468,649805,15595368,500,32.53085758513771,499256832,0.0,26.759518300415948,3.688242804724723,512,510,3.9098602533340454,-0.48562490940093994,0.05472683906555176,-0.5403517484664917,False,,"{""best_reuse"": ""adapter_2"", ""best_reuse_utility"": 0.05472683906555176, ""decision"": ""reuse"", ""fresh_advantage"": -0.5403517484664917, ""fresh_positive"": false, ""fresh_utility"": -0.48562490940093994, ""full_batch_guards"": {""adapter_1"": {""crossfit_feasible"": true, ""crossfit_utility"": -0.8171695470809937, ""crossfit_utility_positive"": false, ""full_batch_cur_after"": 4.718201637268066, ""full_batch_cur_before"": 4.735965728759766, ""full_batch_gain"": 0.01776409149169922, ""full_batch_harm"": -0.045315682888031006, ""full_batch_harm_lcb"": -0.04686427425127476, ""full_batch_harm_se"": 0.0007900976343080401, ""full_batch_harm_ucb"": -0.04376709152478725, ""full_batch_safe"": true}, ""adapter_2"": {""crossfit_feasible"": true, ""crossfit_utility"": 0.05472683906555176, ""crossfit_utility_positive"": true, ""full_batch_cur_after"": 3.849327564239502, ""full_batch_cur_before"": 3.909860134124756, ""full_batch_gain"": 0.060532569885253906, ""full_batch_harm"": -0.05841189995408058, ""full_batch_harm_lcb"": -0.06066868395544588, ""full_batch_harm_se"": 0.001151420408859849, ""full_batch_harm_ucb"": -0.05615511595271528, ""full_batch_safe"": true}, ""default"": {""crossfit_feasible"": true, ""crossfit_utility"": -2.1141029596328735, ""crossfit_utility_positive"": false, ""full_batch_cur_after"": 6.004639625549316, ""full_batch_cur_before"": 5.9702959060668945, ""full_batch_gain"": -0.034343719482421875, ""full_batch_harm"": -0.02090076357126236, ""full_batch_harm_lcb"": -0.0264237520378083, ""full_batch_harm_se"": 0.002817851258441806, ""full_batch_harm_ucb"": -0.01537777510471642, ""full_batch_safe"": true}}, ""guarded_best_reuse"": ""adapter_2"", ""num_adapters"": 3, ""pending_after"": false, ""pending_before"": false, ""policy_version"": ""cau_v1"", ""reason"": ""safe_existing_reuse"", ""utility"": {""batch_n"": 16, ""best_reuse"": ""adapter_2"", ""best_reuse_query_after"": 3.8551334142684937, ""best_reuse_utility"": 0.05472683906555176, ""budget_blocked_fresh"": false, ""defer_utility"": 0.0, ""fold_a_fresh_utility"": -0.5032076835632324, ""fold_a_query_n"": 8, ""fold_a_support_n"": 8, ""fold_b_fresh_utility"": -0.46804213523864746, ""fold_b_query_n"": 8, ""fold_b_support_n"": 8, ""fresh_advantage"": -0.5403517484664917, ""fresh_local_trainability"": 0.05033993721008301, ""fresh_positive"": false, ""fresh_query_after"": 4.395485162734985, ""fresh_query_before"": 4.445825099945068, ""fresh_utility"": -0.48562490940093994, ""max_adapters"": 8, ""reuse_profiles"": {""adapter_1"": {""feasible_both"": true, ""fold_a_harm"": -0.045710522681474686, ""fold_a_lcb"": -0.047372476835735144, ""fold_a_query_after"": 4.6947736740112305, ""fold_a_utility"": -0.8170418739318848, ""fold_b_harm"": -0.04577029123902321, ""fold_b_lcb"": -0.04740100802620873, ""fold_b_query_after"": 4.759285926818848, ""fold_b_utility"": -0.8172972202301025, ""harm_lcb_max"": -0.047372476835735144, ""harm_mean"": -0.04574040696024895, ""harm_se_mean"": 0.0008399670768994838, ""harm_ucb_max"": -0.04404856852721423, ""local_trainability"": 0.008935928344726562, ""query_after"": 4.727029800415039, ""query_before"": 4.735965728759766, ""system_utility"": -0.8171695470809937}, ""adapter_2"": {""feasible_both"": true, ""fold_a_harm"": -0.0565393790602684, ""fold_a_lcb"": -0.05907778754364699, ""fold_a_query_after"": 3.822307825088501, ""fold_a_utility"": 0.05542397499084473, ""fold_b_harm"": -0.05700090527534485, ""fold_b_lcb"": -0.05939063464757055, ""fold_b_query_after"": 3.8879590034484863, ""fold_b_utility"": 0.05402970314025879, ""harm_lcb_max"": -0.05907778754364699, ""harm_mean"": -0.056770142167806625, ""harm_se_mean"": 0.0012571780243888497, ""harm_ucb_max"": -0.054000970576889816, ""local_trainability"": 0.05472683906555176, ""query_after"": 3.8551334142684937, ""query_before"": 3.9098602533340454, ""system_utility"": 0.05472683906555176}, ""default"": {""feasible_both"": true, ""fold_a_harm"": -0.021472666412591934, ""fold_a_lcb"": -0.02710691253654659, ""fold_a_query_after"": 5.988203048706055, ""fold_a_utility"": -2.110471248626709, ""fold_b_harm"": -0.020947769284248352, ""fold_b_lcb"": -0.026421542437747123, ""fold_b_query_after"": 6.059723377227783, ""fold_b_utility"": -2.117734670639038, ""harm_lcb_max"": -0.026421542437747123, ""harm_mean"": -0.021210217848420143, ""harm_se_mean"": 0.002833678387105465, ""harm_ucb_max"": -0.015473996130749583, ""local_trainability"": -0.053667306900024414, ""query_after"": 6.023963212966919, ""query_before"": 5.9702959060668945, ""system_utility"": -2.1141029596328735}}, ""status"": ""ok"", ""statusquo_loss"": 3.9098602533340454, ""total_memory_budget"": 512}, ""utility_status"": ""ok""}"
60,C1,C,1,adapter_2,reuse,safe_existing_reuse,3.8895087242126465,3,True,442368,1949415,0,69404468,649805,15595368,510,33.368663219036534,499256832,0.0,27.590460310457274,3.688242804724723,512,510,3.843716621398926,-0.5200440883636475,0.052792906761169434,-0.5728369951248169,False,,"{""best_reuse"": ""adapter_2"", ""best_reuse_utility"": 0.052792906761169434, ""decision"": ""reuse"", ""fresh_advantage"": -0.5728369951248169, ""fresh_positive"": false, ""fresh_utility"": -0.5200440883636475, ""full_batch_guards"": {""adapter_1"": {""crossfit_feasible"": true, ""crossfit_utility"": -0.8652637004852295, ""crossfit_utility_positive"": false, ""full_batch_cur_after"": 4.695987224578857, ""full_batch_cur_before"": 4.710774898529053, ""full_batch_gain"": 0.014787673950195312, ""full_batch_harm"": -0.04500772804021835, ""full_batch_harm_lcb"": -0.04660944949835539, ""full_batch_harm_se"": 0.0008172048255801201, ""full_batch_harm_ucb"": -0.04340600658208132, ""full_batch_safe"": true}, ""adapter_2"": {""crossfit_feasible"": true, ""crossfit_utility"": 0.052792906761169434, ""crossfit_utility_positive"": true, ""full_batch_cur_after"": 3.782667636871338, ""full_batch_cur_before"": 3.8437163829803467, ""full_batch_gain"": 0.06104874610900879, ""full_batch_harm"": -0.057290274649858475, ""full_batch_harm_lcb"": -0.05950946629513055, ""full_batch_harm_se"": 0.001132240635342896, ""full_batch_harm_ucb"": -0.0550710830045864, ""full_batch_safe"": true}, ""default"": {""crossfit_feasible"": true, ""crossfit_utility"": -2.144707679748535, ""crossfit_utility_positive"": false, ""full_batch_cur_after"": 5.957871437072754, ""full_batch_cur_before"": 5.922097682952881, ""full_batch_gain"": -0.03577375411987305, ""full_batch_harm"": -0.020811770111322403, ""full_batch_harm_lcb"": -0.02636022918857634, ""full_batch_harm_se"": 0.002830846467986703, ""full_batch_harm_ucb"": -0.015263311034068465, ""full_batch_safe"": true}}, ""guarded_best_reuse"": ""adapter_2"", ""num_adapters"": 3, ""pending_after"": false, ""pending_before"": false, ""policy_version"": ""cau_v1"", ""reason"": ""safe_existing_reuse"", ""utility"": {""batch_n"": 16, ""best_reuse"": ""adapter_2"", ""best_reuse_query_after"": 3.7909237146377563, ""best_reuse_utility"": 0.052792906761169434, ""budget_blocked_fresh"": false, ""defer_utility"": 0.0, ""fold_a_fresh_utility"": -0.5150289535522461, ""fold_a_query_n"": 8, ""fold_a_support_n"": 8, ""fold_b_fresh_utility"": -0.5250592231750488, ""fold_b_query_n"": 8, ""fold_b_support_n"": 8, ""fresh_advantage"": -0.5728369951248169, ""fresh_local_trainability"": 0.03182053565979004, ""fresh_positive"": false, ""fresh_query_after"": 4.363760709762573, ""fresh_query_before"": 4.395581245422363, ""fresh_utility"": -0.5200440883636475, ""max_adapters"": 8, ""reuse_profiles"": {""adapter_1"": {""feasible_both"": true, ""fold_a_harm"": -0.04575848579406738, ""fold_a_lcb"": -0.04728453413350508, ""fold_a_query_after"": 4.682391166687012, ""fold_a_utility"": -0.8594427108764648, ""fold_b_harm"": -0.04522642120718956, ""fold_b_lcb"": -0.04701826479751617, ""fold_b_query_after"": 4.735569477081299, ""fold_b_utility"": -0.8710846900939941, ""harm_lcb_max"": -0.04701826479751617, ""harm_mean"": -0.04549245350062847, ""harm_se_mean"": 0.000846401002490893, ""harm_ucb_max"": -0.04343457761686295, ""local_trainability"": 0.001794576644897461, ""query_after"": 4.708980321884155, ""query_before"": 4.710774898529053, ""system_utility"": -0.8652637004852295}, ""adapter_2"": {""feasible_both"": true, ""fold_a_harm"": -0.056182004511356354, ""fold_a_lcb"": -0.05831694061402232, ""fold_a_query_after"": 3.7693350315093994, ""fold_a_utility"": 0.05361342430114746, ""fold_b_harm"": -0.05532338097691536, ""fold_b_lcb"": -0.0578908068081364, ""fold_b_query_after"": 3.8125123977661133, ""fold_b_utility"": 0.051972389221191406, ""harm_lcb_max"": -0.0578908068081364, ""harm_mean"": -0.05575269274413586, ""harm_se_mean"": 0.0011995821259915829, ""harm_ucb_max"": -0.05275595514569432, ""local_trainability"": 0.052792906761169434, ""query_after"": 3.7909237146377563, ""query_before"": 3.843716621398926, ""system_utility"": 0.052792906761169434}, ""default"": {""feasible_both"": true, ""fold_a_harm"": -0.02136923000216484, ""fold_a_lcb"": -0.026961201410740612, ""fold_a_query_after"": 5.9719038009643555, ""fold_a_utility"": -2.1489553451538086, ""fold_b_harm"": -0.021209105849266052, ""fold_b_lcb"": -0.026818658066913484, ""fold_b_query_after"": 6.004944801330566, ""fold_b_utility"": -2.1404600143432617, ""harm_lcb_max"": -0.026818658066913484, ""harm_mean"": -0.021289167925715446, ""harm_se_mean"": 0.0028575315373018384, ""harm_ucb_max"": -0.015599553631618619, ""local_trainability"": -0.06632637977600098, ""query_after"": 5.988424301147461, ""query_before"": 5.92209792137146, ""system_utility"": -2.144707679748535}}, ""status"": ""ok"", ""statusquo_loss"": 3.843716621398926, ""total_memory_budget"": 512}, ""utility_status"": ""ok""}"
61,C1,C,1,adapter_2,reuse,safe_existing_reuse,3.8673207759857178,3,True,442368,1949415,0,69404468,649805,15595368,510,34.21893284516409,499256832,0.0,28.43365144636482,3.688242804724723,512,510,3.846895217895508,-0.5389938354492188,0.05149650573730469,-0.5904903411865234,False,,"{""best_reuse"": ""adapter_2"", ""best_reuse_utility"": 0.05149650573730469, ""decision"": ""reuse"", ""fresh_advantage"": -0.5904903411865234, ""fresh_positive"": false, ""fresh_utility"": -0.5389938354492188, ""full_batch_guards"": {""adapter_1"": {""crossfit_feasible"": true, ""crossfit_utility"": -0.8831501007080078, ""crossfit_utility_positive"": false, ""full_batch_cur_after"": 4.710628509521484, ""full_batch_cur_before"": 4.724977016448975, ""full_batch_gain"": 0.014348506927490234, ""full_batch_harm"": -0.04494454711675644, ""full_batch_harm_lcb"": -0.04701356397010386, ""full_batch_harm_se"": 0.0010556208435446024, ""full_batch_harm_ucb"": -0.04287553026340902, ""full_batch_safe"": true}, ""adapter_2"": {""crossfit_feasible"": true, ""crossfit_utility"": 0.05149650573730469, ""crossfit_utility_positive"": true, ""full_batch_cur_after"": 3.7862579822540283, ""full_batch_cur_before"": 3.846895217895508, ""full_batch_gain"": 0.06063723564147949, ""full_batch_harm"": -0.05783062055706978, ""full_batch_harm_lcb"": -0.05956550061469898, ""full_batch_harm_se"": 0.0008851428865455091, ""full_batch_harm_ucb"": -0.05609574049944058, ""full_batch_safe"": true}, ""default"": {""crossfit_feasible"": true, ""crossfit_utility"": -2.1650290489196777, ""crossfit_utility_positive"": false, ""full_batch_cur_after"": 5.977991104125977, ""full_batch_cur_before"": 5.945865154266357, ""full_batch_gain"": -0.03212594985961914, ""full_batch_harm"": -0.021088220179080963, ""full_batch_harm_lcb"": -0.026605475544929504, ""full_batch_harm_se"": 0.0028149262070655823, ""full_batch_harm_ucb"": -0.015570964813232422, ""full_batch_safe"": true}}, ""guarded_best_reuse"": ""adapter_2"", ""num_adapters"": 3, ""pending_after"": false, ""pending_before"": false, ""policy_version"": ""cau_v1"", ""reason"": ""safe_existing_reuse"", ""utility"": {""batch_n"": 16, ""best_reuse"": ""adapter_2"", ""best_reuse_query_after"": 3.795398712158203, ""best_reuse_utility"": 0.05149650573730469, ""budget_blocked_fresh"": false, ""defer_utility"": 0.0, ""fold_a_fresh_utility"": -0.5160675048828125, ""fold_a_query_n"": 8, ""fold_a_support_n"": 8, ""fold_b_fresh_utility"": -0.561920166015625, ""fold_b_query_n"": 8, ""fold_b_support_n"": 8, ""fresh_advantage"": -0.5904903411865234, ""fresh_local_trainability"": 0.030250072479248047, ""fresh_positive"": false, ""fresh_query_after"": 4.385889053344727, ""fresh_query_before"": 4.416139125823975, ""fresh_utility"": -0.5389938354492188, ""max_adapters"": 8, ""reuse_profiles"": {""adapter_1"": {""feasible_both"": true, ""fold_a_harm"": -0.04612079635262489, ""fold_a_lcb"": -0.04816136903129518, ""fold_a_query_after"": 4.769238471984863, ""fold_a_utility"": -0.9285593032836914, ""fold_b_harm"": -0.045311350375413895, ""fold_b_lcb"": -0.047404633993282916, ""fold_b_query_after"": 4.690852165222168, ""fold_b_utility"": -0.8377408981323242, ""harm_lcb_max"": -0.047404633993282916, ""harm_mean"": -0.045716073364019394, ""harm_se_mean"": 0.0010545551776885986, ""harm_ucb_max"": -0.043218066757544873, ""local_trainability"": -0.005068063735961914, ""query_after"": 4.730045318603516, ""query_before"": 4.724977254867554, ""system_utility"": -0.8831501007080078}, ""adapter_2"": {""feasible_both"": true, ""fold_a_harm"": -0.056712109595537186, ""fold_a_lcb"": -0.05858182875439524, ""fold_a_query_after"": 3.78755521774292, ""fold_a_utility"": 0.05312395095825195, ""fold_b_harm"": -0.056636229157447815, ""fold_b_lcb"": -0.058744343402795496, ""fold_b_query_after"": 3.8032422065734863, ""fold_b_utility"": 0.04986906051635742, ""harm_lcb_max"": -0.05858182875439524, ""harm_mean"": -0.0566741693764925, ""harm_se_mean"": 0.0010147534194402397, ""harm_ucb_max"": -0.054528114912100134, ""local_trainability"": 0.05149650573730469, ""query_after"": 3.795398712158203, ""query_before"": 3.846895217895508, ""system_utility"": 0.05149650573730469}, ""default"": {""feasible_both"": true, ""fold_a_harm"": -0.021483082324266434, ""fold_a_lcb"": -0.02702786460518837, ""fold_a_query_after"": 6.076211929321289, ""fold_a_utility"": -2.235532760620117, ""fold_b_harm"": -0.021823350340127945, ""fold_b_lcb"": -0.027450759913772344, ""fold_b_query_after"": 5.947636604309082, ""fold_b_utility"": -2.0945253372192383, ""harm_lcb_max"": -0.02702786460518837, ""harm_mean"": -0.02165321633219719, ""harm_se_mean"": 0.002850048942491412, ""harm_ucb_max"": -0.015938300043344497, ""local_trainability"": -0.06605887413024902, ""query_after"": 6.0119242668151855, ""query_before"": 5.9458653926849365, ""system_utility"": -2.1650290489196777}}, ""status"": ""ok"", ""statusquo_loss"": 3.846895217895508, ""total_memory_budget"": 512}, ""utility_status"": ""ok""}"
62,C1,C,1,adapter_2,reuse,safe_existing_reuse,3.8553578853607178,3,True,442368,1949415,0,69404468,649805,15595368,510,35.06337928608991,499256832,0.0,29.271160011412576,3.688242804724723,512,510,3.8064178228378296,-0.6098929643630981,0.05405151844024658,-0.6639444828033447,False,,"{""best_reuse"": ""adapter_2"", ""best_reuse_utility"": 0.05405151844024658, ""decision"": ""reuse"", ""fresh_advantage"": -0.6639444828033447, ""fresh_positive"": false, ""fresh_utility"": -0.6098929643630981, ""full_batch_guards"": {""adapter_1"": {""crossfit_feasible"": true, ""crossfit_utility"": -1.0044070482254028, ""crossfit_utility_positive"": false, ""full_batch_cur_after"": 4.791656970977783, ""full_batch_cur_before"": 4.804632186889648, ""full_batch_gain"": 0.012975215911865234, ""full_batch_harm"": -0.04446950927376747, ""full_batch_harm_lcb"": -0.04646539064589888, ""full_batch_harm_se"": 0.0010183068225160241, ""full_batch_harm_ucb"": -0.042473627901636064, ""full_batch_safe"": true}, ""adapter_2"": {""crossfit_feasible"": true, ""crossfit_utility"": 0.05405151844024658, ""crossfit_utility_positive"": true, ""full_batch_cur_after"": 3.7431163787841797, ""full_batch_cur_before"": 3.80641770362854, ""full_batch_gain"": 0.06330132484436035, ""full_batch_harm"": -0.058361005038022995, ""full_batch_harm_lcb"": -0.06028064821846783, ""full_batch_harm_se"": 0.0009794097859412432, ""full_batch_harm_ucb"": -0.05644136185757816, ""full_batch_safe"": true}, ""default"": {""crossfit_feasible"": true, ""crossfit_utility"": -2.3106242418289185, ""crossfit_utility_positive"": false, ""full_batch_cur_after"": 6.081690788269043, ""full_batch_cur_before"": 6.045931339263916, ""full_batch_gain"": -0.03575944900512695, ""full_batch_harm"": -0.020954344421625137, ""full_batch_harm_lcb"": -0.0264733649417758, ""full_batch_harm_se"": 0.0028158267959952354, ""full_batch_harm_ucb"": -0.015435323901474476, ""full_batch_safe"": true}}, ""guarded_best_reuse"": ""adapter_2"", ""num_adapters"": 3, ""pending_after"": false, ""pending_before"": false, ""policy_version"": ""cau_v1"", ""reason"": ""safe_existing_reuse"", ""utility"": {""batch_n"": 16, ""best_reuse"": ""adapter_2"", ""best_reuse_query_after"": 3.752366304397583, ""best_reuse_utility"": 0.05405151844024658, ""budget_blocked_fresh"": false, ""defer_utility"": 0.0, ""fold_a_fresh_utility"": -0.6679983139038086, ""fold_a_query_n"": 8, ""fold_a_support_n"": 8, ""fold_b_fresh_utility"": -0.5517876148223877, ""fold_b_query_n"": 8, ""fold_b_support_n"": 8, ""fresh_advantage"": -0.6639444828033447, ""fresh_local_trainability"": 0.028109073638916016, ""fresh_positive"": false, ""fresh_query_after"": 4.416310787200928, ""fresh_query_before"": 4.444419860839844, ""fresh_utility"": -0.6098929643630981, ""max_adapters"": 8, ""reuse_profiles"": {""adapter_1"": {""feasible_both"": true, ""fold_a_harm"": -0.04468359425663948, ""fold_a_lcb"": -0.046735061560757456, ""fold_a_query_after"": 4.822056770324707, ""fold_a_utility"": -1.058298110961914, ""fold_b_harm"": -0.045115940272808075, ""fold_b_lcb"": -0.04711928225122392, ""fold_b_query_after"": 4.799592971801758, ""fold_b_utility"": -0.9505159854888916, ""harm_lcb_max"": -0.046735061560757456, ""harm_mean"": -0.04489976726472378, ""harm_se_mean"": 0.0010343901230953634, ""harm_ucb_max"": -0.042632126952521505, ""local_trainability"": -0.006192445755004883, ""query_after"": 4.810824871063232, ""query_before"": 4.8046324253082275, ""system_utility"": -1.0044070482254028}, ""adapter_2"": {""feasible_both"": true, ""fold_a_harm"": -0.056969743221998215, ""fold_a_lcb"": -0.05918182427994907, ""fold_a_query_after"": 3.7108378410339355, ""fold_a_utility"": 0.05292081832885742, ""fold_b_harm"": -0.05686359852552414, ""fold_b_lcb"": -0.05886225700378418, ""fold_b_query_after"": 3.7938947677612305, ""fold_b_utility"": 0.05518221855163574, ""harm_lcb_max"": -0.05886225700378418, ""harm_mean"": -0.05691667087376118, ""harm_se_mean"": 0.0010741682490333915, ""harm_ucb_max"": -0.05475766216404736, ""local_trainability"": 0.05405151844024658, ""query_after"": 3.752366304397583, ""query_before"": 3.8064178228378296, ""system_utility"": 0.05405151844024658}, ""default"": {""feasible_both"": true, ""fold_a_harm"": -0.021583151072263718, ""fold_a_lcb"": -0.027181619508191944, ""fold_a_query_after"": 6.120222568511963, ""fold_a_utility"": -2.35646390914917, ""fold_b_harm"": -0.021473001688718796, ""fold_b_lcb"": -0.02705443236976862, ""fold_b_query_after"": 6.113861560821533, ""fold_b_utility"": -2.264784574508667, ""harm_lcb_max"": -0.02705443236976862, ""harm_mean"": -0.021528076380491257, ""harm_se_mean"": 0.0028520150808617473, ""harm_ucb_max"": -0.015891571007668973, ""local_trainability"": -0.07111096382141113, ""query_after"": 6.117042064666748, ""query_before"": 6.045931100845337, ""system_utility"": -2.3106242418289185}}, ""status"": ""ok"", ""statusquo_loss"": 3.8064178228378296, ""total_memory_budget"": 512}, ""utility_status"": ""ok""}"
63,C1,C,1,adapter_2,reuse,safe_existing_reuse,3.7274622917175293,3,True,442368,1949415,0,69404468,649805,15595368,510,35.88056088704616,499256832,0.0,30.08127634343691,3.688242804724723,512,510,3.705106019973755,-0.6297197341918945,0.06044352054595947,-0.690163254737854,False,,"{""best_reuse"": ""adapter_2"", ""best_reuse_utility"": 0.06044352054595947, ""decision"": ""reuse"", ""fresh_advantage"": -0.690163254737854, ""fresh_positive"": false, ""fresh_utility"": -0.6297197341918945, ""full_batch_guards"": {""adapter_1"": {""crossfit_feasible"": true, ""crossfit_utility"": -0.9978387355804443, ""crossfit_utility_positive"": false, ""full_batch_cur_after"": 4.695316791534424, ""full_batch_cur_before"": 4.710531234741211, ""full_batch_gain"": 0.01521444320678711, ""full_batch_harm"": -0.04473263770341873, ""full_batch_harm_lcb"": -0.04656958422623575, ""full_batch_harm_se"": 0.0009372176136821508, ""full_batch_harm_ucb"": -0.042895691180601714, ""full_batch_safe"": true}, ""adapter_2"": {""crossfit_feasible"": true, ""crossfit_utility"": 0.06044352054595947, ""crossfit_utility_positive"": true, ""full_batch_cur_after"": 3.6402573585510254, ""full_batch_cur_before"": 3.705105781555176, ""full_batch_gain"": 0.06484842300415039, ""full_batch_harm"": -0.060253169387578964, ""full_batch_harm_lcb"": -0.06260058274492622, ""full_batch_harm_se"": 0.0011976598761975765, ""full_batch_harm_ucb"": -0.057905756030231716, ""full_batch_safe"": true}, ""default"": {""crossfit_feasible"": true, ""crossfit_utility"": -2.234426259994507, ""crossfit_utility_positive"": false, ""full_batch_cur_after"": 5.924599647521973, ""full_batch_cur_before"": 5.888025760650635, ""full_batch_gain"": -0.03657388687133789, ""full_batch_harm"": -0.020821310579776764, ""full_batch_harm_lcb"": -0.0263585302606225, ""full_batch_harm_se"": 0.0028251120820641518, ""full_batch_harm_ucb"": -0.015284090898931027, ""full_batch_safe"": true}}, ""guarded_best_reuse"": ""adapter_2"", ""num_adapters"": 3, ""pending_after"": false, ""pending_before"": false, ""policy_version"": ""cau_v1"", ""reason"": ""safe_existing_reuse"", ""utility"": {""batch_n"": 16, ""best_reuse"": ""adapter_2"", ""best_reuse_query_after"": 3.6446624994277954, ""best_reuse_utility"": 0.06044352054595947, ""budget_blocked_fresh"": false, ""defer_utility"": 0.0, ""fold_a_fresh_utility"": -0.6055283546447754, ""fold_a_query_n"": 8, ""fold_a_support_n"": 8, ""fold_b_fresh_utility"": -0.6539111137390137, ""fold_b_query_n"": 8, ""fold_b_support_n"": 8, ""fresh_advantage"": -0.690163254737854, ""fresh_local_trainability"": 0.057596445083618164, ""fresh_positive"": false, ""fresh_query_after"": 4.334825754165649, ""fresh_query_before"": 4.392422199249268, ""fresh_utility"": -0.6297197341918945, ""max_adapters"": 8, ""reuse_profiles"": {""adapter_1"": {""feasible_both"": true, ""fold_a_harm"": -0.04557529836893082, ""fold_a_lcb"": -0.04740199679741636, ""fold_a_query_after"": 4.722336769104004, ""fold_a_utility"": -1.007516860961914, ""fold_b_harm"": -0.044843390583992004, ""fold_b_lcb"": -0.04687400346621871, ""fold_b_query_after"": 4.6835527420043945, ""fold_b_utility"": -0.9881606101989746, ""harm_lcb_max"": -0.04687400346621871, ""harm_mean"": -0.04520934447646141, ""harm_se_mean"": 0.000984007987426594, ""harm_ucb_max"": -0.0428127777017653, ""local_trainability"": 0.007586240768432617, ""query_after"": 4.702944755554199, ""query_before"": 4.710530996322632, ""system_utility"": -0.9978387355804443}, ""adapter_2"": {""feasible_both"": true, ""fold_a_harm"": -0.059411533176898956, ""fold_a_lcb"": -0.061622430924326184, ""fold_a_query_after"": 3.651473045349121, ""fold_a_utility"": 0.06334686279296875, ""fold_b_harm"": -0.059098049998283386, ""fold_b_lcb"": -0.06152300305198878, ""fold_b_query_after"": 3.6378519535064697, ""fold_b_utility"": 0.057540178298950195, ""harm_lcb_max"": -0.06152300305198878, ""harm_mean"": -0.05925479158759117, ""harm_se_mean"": 0.0011826150002889335, ""harm_ucb_max"": -0.05667309694457799, ""local_trainability"": 0.06044352054595947, ""query_after"": 3.6446624994277954, ""query_before"": 3.705106019973755, ""system_utility"": 0.06044352054595947}, ""default"": {""feasible_both"": true, ""fold_a_harm"": -0.020925693213939667, ""fold_a_lcb"": -0.02648343806155026, ""fold_a_query_after"": 5.981448650360107, ""fold_a_utility"": -2.2666287422180176, ""fold_b_harm"": -0.021268893033266068, ""fold_b_lcb"": -0.026849697148427366, ""fold_b_query_after"": 5.897615909576416, ""fold_b_utility"": -2.202223777770996, ""harm_lcb_max"": -0.02648343806155026, ""harm_mean"": -0.021097293123602867, ""harm_se_mean"": 0.002841466572135687, ""harm_ucb_max"": -0.015367948366329074, ""local_trainability"": -0.05150628089904785, ""query_after"": 5.939532279968262, ""query_before"": 5.888025999069214, ""system_utility"": -2.234426259994507}}, ""status"": ""ok"", ""statusquo_loss"": 3.705106019973755, ""total_memory_budget"": 512}, ""utility_status"": ""ok""}"
64,C1,C,1,adapter_2,reuse,safe_existing_reuse,3.6424813270568848,3,True,442368,1949415,0,69404468,649805,15595368,510,36.73153150314465,499256832,0.0,30.92509293742478,3.688242804724723,512,510,3.6192758816939135,-0.7584980267744797,0.05457678207984337,-0.8130748088543231,False,,"{""best_reuse"": ""adapter_2"", ""best_reuse_utility"": 0.05457678207984337, ""decision"": ""reuse"", ""fresh_advantage"": -0.8130748088543231, ""fresh_positive"": false, ""fresh_utility"": -0.7584980267744797, ""full_batch_guards"": {""adapter_1"": {""crossfit_feasible"": true, ""crossfit_utility"": -1.085396748322707, ""crossfit_utility_positive"": false, ""full_batch_cur_after"": 4.6830878257751465, ""full_batch_cur_before"": 4.698596477508545, ""full_batch_gain"": 0.015508651733398438, ""full_batch_harm"": -0.045294586569070816, ""full_batch_harm_lcb"": -0.046946113968733695, ""full_batch_harm_se"": 0.0008426160202361643, ""full_batch_harm_ucb"": -0.04364305916940794, ""full_batch_safe"": true}, ""adapter_2"": {""crossfit_feasible"": true, ""crossfit_utility"": 0.05457678207984337, ""crossfit_utility_positive"": true, ""full_batch_cur_after"": 3.5541083812713623, ""full_batch_cur_before"": 3.6192758083343506, ""full_batch_gain"": 0.06516742706298828, ""full_batch_harm"": -0.06199886277318001, ""full_batch_harm_lcb"": -0.06455837028101087, ""full_batch_harm_se"": 0.0013058711774647236, ""full_batch_harm_ucb"": -0.05943935526534915, ""full_batch_safe"": true}, ""default"": {""crossfit_feasible"": true, ""crossfit_utility"": -2.3144557842841516, ""crossfit_utility_positive"": false, ""full_batch_cur_after"": 5.890161514282227, ""full_batch_cur_before"": 5.8557586669921875, ""full_batch_gain"": -0.03440284729003906, ""full_batch_harm"": -0.021042775362730026, ""full_batch_harm_lcb"": -0.026607734160497783, ""full_batch_harm_se"": 0.0028392646927386522, ""full_batch_harm_ucb"": -0.015477816564962268, ""full_batch_safe"": true}}, ""guarded_best_reuse"": ""adapter_2"", ""num_adapters"": 3, ""pending_after"": false, ""pending_before"": false, ""policy_version"": ""cau_v1"", ""reason"": ""safe_existing_reuse"", ""utility"": {""batch_n"": 13, ""best_reuse"": ""adapter_2"", ""best_reuse_query_after"": 3.56469909961407, ""best_reuse_utility"": 0.05457678207984337, ""budget_blocked_fresh"": false, ""defer_utility"": 0.0, ""fold_a_fresh_utility"": -0.6906883716583252, ""fold_a_query_n"": 6, ""fold_a_support_n"": 7, ""fold_b_fresh_utility"": -0.8166205883026123, ""fold_b_query_n"": 7, ""fold_b_support_n"": 6, ""fresh_advantage"": -0.8130748088543231, ""fresh_local_trainability"": 0.007957935333251953, ""fresh_positive"": false, ""fresh_query_after"": 4.377773908468393, ""fresh_query_before"": 4.385731843801645, ""fresh_utility"": -0.7584980267744797, ""max_adapters"": 8, ""reuse_profiles"": {""adapter_1"": {""feasible_both"": true, ""fold_a_harm"": -0.04683675989508629, ""fold_a_lcb"": -0.048337628203444186, ""fold_a_query_after"": 4.790935516357422, ""fold_a_utility"": -1.1063988208770752, ""fold_b_harm"": -0.04510023072361946, ""fold_b_lcb"": -0.04720628729555756, ""fold_b_query_after"": 4.630733013153076, ""fold_b_utility"": -1.0673949718475342, ""harm_lcb_max"": -0.04720628729555756, ""harm_mean"": -0.045968495309352875, ""harm_se_mean"": 0.0009201338980346918, ""harm_ucb_max"": -0.042994174151681365, ""local_trainability"": -0.0060763725867638224, ""query_after"": 4.704672630016621, ""query_before"": 4.698596257429856, ""system_utility"": -1.085396748322707}, ""adapter_2"": {""feasible_both"": true, ""fold_a_harm"": -0.06021501496434212, ""fold_a_lcb"": -0.06303514376282691, ""fold_a_query_after"": 3.62934947013855, ""fold_a_utility"": 0.055187225341796875, ""fold_b_harm"": -0.06016712263226509, ""fold_b_lcb"": -0.06282867025118322, ""fold_b_query_after"": 3.509284496307373, ""fold_b_utility"": 0.054053544998168945, ""harm_lcb_max"": -0.06282867025118322, ""harm_mean"": -0.060191068798303604, ""harm_se_mean"": 0.001398386841174215, ""harm_ucb_max"": -0.05739488616585731, ""local_trainability"": 0.05457678207984337, ""query_after"": 3.56469909961407, ""query_before"": 3.6192758816939135, ""system_utility"": 0.05457678207984337}, ""default"": {""feasible_both"": true, ""fold_a_harm"": -0.021647382527589798, ""fold_a_lcb"": -0.027288006572052836, ""fold_a_query_after"": 5.986812114715576, ""fold_a_utility"": -2.3022754192352295, ""fold_b_harm"": -0.02167966216802597, ""fold_b_lcb"": -0.027331939060240985, ""fold_b_query_after"": 5.8882341384887695, ""fold_b_utility"": -2.3248960971832275, ""harm_lcb_max"": -0.027288006572052836, ""harm_mean"": -0.021663522347807884, ""harm_se_mean"": 0.0028808420756831765, ""harm_ucb_max"": -0.01600675848312676, ""local_trainability"": -0.07797332910391, ""query_after"": 5.933731665978065, ""query_before"": 5.855758336874155, ""system_utility"": -2.3144557842841516}}, ""status"": ""ok"", ""statusquo_loss"": 3.6192758816939135, ""total_memory_budget"": 512}, ""utility_status"": ""ok""}"
65,B2,B,2,adapter_1,reuse,safe_existing_reuse,3.3664064407348633,3,True,442368,1949415,0,69404468,649805,15595368,510,39.55000704107806,510678528,0.0,31.778362007346004,5.6460470135789365,512,510,4.590972185134888,0.28050732612609863,1.2891755104064941,-1.0086681842803955,False,,"{""best_reuse"": ""adapter_1"", ""best_reuse_utility"": 1.2891755104064941, ""decision"": ""reuse"", ""fresh_advantage"": -1.0086681842803955, ""fresh_positive"": false, ""fresh_utility"": 0.28050732612609863, ""full_batch_guards"": {""adapter_1"": {""crossfit_feasible"": true, ""crossfit_utility"": 1.2891755104064941, ""crossfit_utility_positive"": true, ""full_batch_cur_after"": 3.294865131378174, ""full_batch_cur_before"": 3.353557586669922, ""full_batch_gain"": 0.05869245529174805, ""full_batch_harm"": -0.05531243979930878, ""full_batch_harm_lcb"": -0.057997080683708194, ""full_batch_harm_se"": 0.0013697147369384766, ""full_batch_harm_ucb"": -0.05262779891490936, ""full_batch_safe"": true}, ""adapter_2"": {""crossfit_feasible"": true, ""crossfit_utility"": -0.012053728103637695, ""crossfit_utility_positive"": false, ""full_batch_cur_after"": 4.585129737854004, ""full_batch_cur_before"": 4.590971946716309, ""full_batch_gain"": 0.0058422088623046875, ""full_batch_harm"": -0.05221710726618767, ""full_batch_harm_lcb"": -0.05443370160646736, ""full_batch_harm_se"": 0.00113091547973454, ""full_batch_harm_ucb"": -0.05000051292590797, ""full_batch_safe"": true}, ""default"": {""crossfit_feasible"": true, ""crossfit_utility"": -0.7896084785461426, ""crossfit_utility_positive"": false, ""full_batch_cur_after"": 5.3625898361206055, ""full_batch_cur_before"": 5.333366394042969, ""full_batch_gain"": -0.02922344207763672, ""full_batch_harm"": -0.02195541188120842, ""full_batch_harm_lcb"": -0.026841477183625104, ""full_batch_harm_se"": 0.0024928904604166746, ""full_batch_harm_ucb"": -0.017069346578791736, ""full_batch_safe"": true}}, ""guarded_best_reuse"": ""adapter_1"", ""num_adapters"": 3, ""pending_after"": false, ""pending_before"": false, ""policy_version"": ""cau_v1"", ""reason"": ""safe_existing_reuse"", ""utility"": {""batch_n"": 16, ""best_reuse"": ""adapter_1"", ""best_reuse_query_after"": 3.3017966747283936, ""best_reuse_utility"": 1.2891755104064941, ""budget_blocked_fresh"": false, ""defer_utility"": 0.0, ""fold_a_fresh_utility"": 0.3092470169067383, ""fold_a_query_n"": 8, ""fold_a_support_n"": 8, ""fold_b_fresh_utility"": 0.251767635345459, ""fold_b_query_n"": 8, ""fold_b_support_n"": 8, ""fresh_advantage"": -1.0086681842803955, ""fresh_local_trainability"": 0.037503957748413086, ""fresh_positive"": false, ""fresh_query_after"": 4.310464859008789, ""fresh_query_before"": 4.347968816757202, ""fresh_utility"": 0.28050732612609863, ""max_adapters"": 8, ""reuse_profiles"": {""adapter_1"": {""feasible_both"": true, ""fold_a_harm"": -0.05362175777554512, ""fold_a_lcb"": -0.05649140581488609, ""fold_a_query_after"": 3.2976231575012207, ""fold_a_utility"": 1.3371939659118652, ""fold_b_harm"": -0.05372940003871918, ""fold_b_lcb"": -0.05633511552587152, ""fold_b_query_after"": 3.3059701919555664, ""fold_b_utility"": 1.241157054901123, ""harm_lcb_max"": -0.05633511552587152, ""harm_mean"": -0.05367557890713215, ""harm_se_mean"": 0.0013967764098197222, ""harm_ucb_max"": -0.05075210973620415, ""local_trainability"": 0.05176079273223877, ""query_after"": 3.3017966747283936, ""query_before"": 3.3535574674606323, ""system_utility"": 1.2891755104064941}, ""adapter_2"": {""feasible_both"": true, ""fold_a_harm"": -0.05331292003393173, ""fold_a_lcb"": -0.05543233779259026, ""fold_a_query_after"": 4.64727783203125, ""fold_a_utility"": -0.012460708618164062, ""fold_b_harm"": -0.05282049626111984, ""fold_b_lcb"": -0.054930634638294576, ""fold_b_query_after"": 4.558773994445801, ""fold_b_utility"": -0.011646747589111328, ""harm_lcb_max"": -0.054930634638294576, ""harm_mean"": -0.05306670814752579, ""harm_se_mean"": 0.0010789684019982815, ""harm_ucb_max"": -0.05071035788394511, ""local_trainability"": -0.012053728103637695, ""query_after"": 4.603025913238525, ""query_before"": 4.590972185134888, ""system_utility"": -0.012053728103637695}, ""default"": {""feasible_both"": true, ""fold_a_harm"": -0.021642137318849564, ""fold_a_lcb"": -0.026986638018861413, ""fold_a_query_after"": 5.472066879272461, ""fold_a_utility"": -0.837249755859375, ""fold_b_harm"": -0.022560734301805496, ""fold_b_lcb"": -0.027292974712327122, ""fold_b_query_after"": 5.2890944480896, ""fold_b_utility"": -0.7419672012329102, ""harm_lcb_max"": -0.026986638018861413, ""harm_mean"": -0.02210143581032753, ""harm_se_mean"": 0.0025705972220748663, ""harm_ucb_max"": -0.016297636618837714, ""local_trainability"": -0.04721426963806152, ""query_after"": 5.38058066368103, ""query_before"": 5.333366394042969, ""system_utility"": -0.7896084785461426}}, ""status"": ""ok"", ""statusquo_loss"": 4.590972185134888, ""total_memory_budget"": 512}, ""utility_status"": ""ok""}"
66,B2,B,2,adapter_1,reuse,safe_existing_reuse,3.3261117935180664,3,True,442368,1949415,0,69404468,649805,15595368,510,40.403432516148314,510678528,0.0,32.62443380430341,5.6460470135789365,512,510,3.3153551816940308,-0.9751399755477905,0.05130481719970703,-1.0264447927474976,False,,"{""best_reuse"": ""adapter_1"", ""best_reuse_utility"": 0.05130481719970703, ""decision"": ""reuse"", ""fresh_advantage"": -1.0264447927474976, ""fresh_positive"": false, ""fresh_utility"": -0.9751399755477905, ""full_batch_guards"": {""adapter_1"": {""crossfit_feasible"": true, ""crossfit_utility"": 0.05130481719970703, ""crossfit_utility_positive"": true, ""full_batch_cur_after"": 3.256568193435669, ""full_batch_cur_before"": 3.3153553009033203, ""full_batch_gain"": 0.05878710746765137, ""full_batch_harm"": -0.05553770065307617, ""full_batch_harm_lcb"": -0.05911057831719518, ""full_batch_harm_se"": 0.0018228967674076557, ""full_batch_harm_ucb"": -0.05196482298895717, ""full_batch_safe"": true}, ""adapter_2"": {""crossfit_feasible"": true, ""crossfit_utility"": -1.2519129514694214, ""crossfit_utility_positive"": false, ""full_batch_cur_after"": 4.547792434692383, ""full_batch_cur_before"": 4.553194999694824, ""full_batch_gain"": 0.005402565002441406, ""full_batch_harm"": -0.05217417702078819, ""full_batch_harm_lcb"": -0.05442699239123613, ""full_batch_harm_se"": 0.001149395597167313, ""full_batch_harm_ucb"": -0.04992136165034026, ""full_batch_safe"": true}, ""default"": {""crossfit_feasible"": true, ""crossfit_utility"": -1.9720927476882935, ""crossfit_utility_positive"": false, ""full_batch_cur_after"": 5.270476341247559, ""full_batch_cur_before"": 5.240255355834961, ""full_batch_gain"": -0.030220985412597656, ""full_batch_harm"": -0.022642407566308975, ""full_batch_harm_lcb"": -0.02694648990407586, ""full_batch_harm_se"": 0.0021959603764116764, ""full_batch_harm_ucb"": -0.01833832522854209, ""full_batch_safe"": true}}, ""guarded_best_reuse"": ""adapter_1"", ""num_adapters"": 3, ""pending_after"": false, ""pending_before"": false, ""policy_version"": ""cau_v1"", ""reason"": ""safe_existing_reuse"", ""utility"": {""batch_n"": 16, ""best_reuse"": ""adapter_1"", ""best_reuse_query_after"": 3.2640503644943237, ""best_reuse_utility"": 0.05130481719970703, ""budget_blocked_fresh"": false, ""defer_utility"": 0.0, ""fold_a_fresh_utility"": -0.921736478805542, ""fold_a_query_n"": 8, ""fold_a_support_n"": 8, ""fold_b_fresh_utility"": -1.028543472290039, ""fold_b_query_n"": 8, ""fold_b_support_n"": 8, ""fresh_advantage"": -1.0264447927474976, ""fresh_local_trainability"": 0.028410673141479492, ""fresh_positive"": false, ""fresh_query_after"": 4.290495157241821, ""fresh_query_before"": 4.318905830383301, ""fresh_utility"": -0.9751399755477905, ""max_adapters"": 8, ""reuse_profiles"": {""adapter_1"": {""feasible_both"": true, ""fold_a_harm"": -0.05467512831091881, ""fold_a_lcb"": -0.058699688334017994, ""fold_a_query_after"": 3.272458076477051, ""fold_a_utility"": 0.048502206802368164, ""fold_b_harm"": -0.052420180290937424, ""fold_b_lcb"": -0.05546255470253527, ""fold_b_query_after"": 3.2556426525115967, ""fold_b_utility"": 0.0541074275970459, ""harm_lcb_max"": -0.05546255470253527, ""harm_mean"": -0.053547654300928116, ""harm_se_mean"": 0.0018027893966063857, ""harm_ucb_max"": -0.04937780587933958, ""local_trainability"": 0.05130481719970703, ""query_after"": 3.2640503644943237, ""query_before"": 3.3153551816940308, ""system_utility"": 0.05130481719970703}, ""adapter_2"": {""feasible_both"": true, ""fold_a_harm"": -0.05333738401532173, ""fold_a_lcb"": -0.0555070628086105, ""fold_a_query_after"": 4.500021934509277, ""fold_a_utility"": -1.1790616512298584, ""fold_b_harm"": -0.05291711911559105, ""fold_b_lcb"": -0.05524692953098565, ""fold_b_query_after"": 4.634514331817627, ""fold_b_utility"": -1.3247642517089844, ""harm_lcb_max"": -0.05524692953098565, ""harm_mean"": -0.05312725156545639, ""harm_se_mean"": 0.0011478288797661662, ""harm_ucb_max"": -0.05058730870019645, ""local_trainability"": -0.014073848724365234, ""query_after"": 4.567268133163452, ""query_before"": 4.553194284439087, ""system_utility"": -1.2519129514694214}, ""default"": {""feasible_both"": true, ""fold_a_harm"": -0.02327536791563034, ""fold_a_lcb"": -0.027586940294131636, ""fold_a_query_after"": 5.262120246887207, ""fold_a_utility"": -1.941159963607788, ""fold_b_harm"": -0.02197049930691719, ""fold_b_lcb"": -0.02692363682202995, ""fold_b_query_after"": 5.312775611877441, ""fold_b_utility"": -2.003025531768799, ""harm_lcb_max"": -0.02692363682202995, ""harm_mean"": -0.022622933611273766, ""harm_se_mean"": 0.0023634464014321566, ""harm_ucb_max"": -0.017017361791804433, ""local_trainability"": -0.04719257354736328, ""query_after"": 5.287447929382324, ""query_before"": 5.240255355834961, ""system_utility"": -1.9720927476882935}}, ""status"": ""ok"", ""statusquo_loss"": 3.3153551816940308, ""total_memory_budget"": 512}, ""utility_status"": ""ok""}"
67,B2,B,2,adapter_1,reuse,safe_existing_reuse,3.2723498344421387,3,True,442368,1949415,0,69404468,649805,15595368,510,41.24212382500991,510678528,0.0,33.45584685727954,5.6460470135789365,512,510,3.28533399105072,-0.9654279947280884,0.055892348289489746,-1.0213203430175781,False,,"{""best_reuse"": ""adapter_1"", ""best_reuse_utility"": 0.055892348289489746, ""decision"": ""reuse"", ""fresh_advantage"": -1.0213203430175781, ""fresh_positive"": false, ""fresh_utility"": -0.9654279947280884, ""full_batch_guards"": {""adapter_1"": {""crossfit_feasible"": true, ""crossfit_utility"": 0.055892348289489746, ""crossfit_utility_positive"": true, ""full_batch_cur_after"": 3.224839925765991, ""full_batch_cur_before"": 3.2853341102600098, ""full_batch_gain"": 0.060494184494018555, ""full_batch_harm"": -0.055159296840429306, ""full_batch_harm_lcb"": -0.05852721581235528, ""full_batch_harm_se"": 0.0017183260060846806, ""full_batch_harm_ucb"": -0.05179137786850333, ""full_batch_safe"": true}, ""adapter_2"": {""crossfit_feasible"": true, ""crossfit_utility"": -1.230211853981018, ""crossfit_utility_positive"": false, ""full_batch_cur_after"": 4.505698204040527, ""full_batch_cur_before"": 4.514243125915527, ""full_batch_gain"": 0.008544921875, ""full_batch_harm"": -0.05294539034366608, ""full_batch_harm_lcb"": -0.055135736912488936, ""full_batch_harm_se"": 0.0011175237596035004, ""full_batch_harm_ucb"": -0.05075504377484322, ""full_batch_safe"": true}, ""default"": {""crossfit_feasible"": true, ""crossfit_utility"": -2.143102288246155, ""crossfit_utility_positive"": false, ""full_batch_cur_after"": 5.418062210083008, ""full_batch_cur_before"": 5.391103744506836, ""full_batch_gain"": -0.026958465576171875, ""full_batch_harm"": -0.021665669977664948, ""full_batch_harm_lcb"": -0.026897786296904088, ""full_batch_harm_se"": 0.0026694471016526222, ""full_batch_harm_ucb"": -0.016433553658425807, ""full_batch_safe"": true}}, ""guarded_best_reuse"": ""adapter_1"", ""num_adapters"": 3, ""pending_after"": false, ""pending_before"": false, ""policy_version"": ""cau_v1"", ""reason"": ""safe_existing_reuse"", ""utility"": {""batch_n"": 16, ""best_reuse"": ""adapter_1"", ""best_reuse_query_after"": 3.2294416427612305, ""best_reuse_utility"": 0.055892348289489746, ""budget_blocked_fresh"": false, ""defer_utility"": 0.0, ""fold_a_fresh_utility"": -0.9684731960296631, ""fold_a_query_n"": 8, ""fold_a_support_n"": 8, ""fold_b_fresh_utility"": -0.9623827934265137, ""fold_b_query_n"": 8, ""fold_b_support_n"": 8, ""fresh_advantage"": -1.0213203430175781, ""fresh_local_trainability"": 0.0600583553314209, ""fresh_positive"": false, ""fresh_query_after"": 4.250761985778809, ""fresh_query_before"": 4.3108203411102295, ""fresh_utility"": -0.9654279947280884, ""max_adapters"": 8, ""reuse_profiles"": {""adapter_1"": {""feasible_both"": true, ""fold_a_harm"": -0.054621413350105286, ""fold_a_lcb"": -0.058197007654234766, ""fold_a_query_after"": 3.2433362007141113, ""fold_a_utility"": 0.05537772178649902, ""fold_b_harm"": -0.053913164883852005, ""fold_b_lcb"": -0.0571268407208845, ""fold_b_query_after"": 3.2155470848083496, ""fold_b_utility"": 0.05640697479248047, ""harm_lcb_max"": -0.0571268407208845, ""harm_mean"": -0.054267289116978645, ""harm_se_mean"": 0.00173195666866377, ""harm_ucb_max"": -0.05069948904681951, ""local_trainability"": 0.055892348289489746, ""query_after"": 3.2294416427612305, ""query_before"": 3.28533399105072, ""system_utility"": 0.055892348289489746}, ""adapter_2"": {""feasible_both"": true, ""fold_a_harm"": -0.05319308489561081, ""fold_a_lcb"": -0.0554084493778646, ""fold_a_query_after"": 4.512667655944824, ""fold_a_utility"": -1.2139537334442139, ""fold_b_harm"": -0.053608544170856476, ""fold_b_lcb"": -0.05580749061889947, ""fold_b_query_after"": 4.518424034118652, ""fold_b_utility"": -1.2464699745178223, ""harm_lcb_max"": -0.0554084493778646, ""harm_mean"": -0.05340081453323364, ""harm_se_mean"": 0.0011260997271165252, ""harm_ucb_max"": -0.05097772041335702, ""local_trainability"": -0.0013027191162109375, ""query_after"": 4.515545845031738, ""query_before"": 4.514243125915527, ""system_utility"": -1.230211853981018}, ""default"": {""feasible_both"": true, ""fold_a_harm"": -0.021683018654584885, ""fold_a_lcb"": -0.026982755716890097, ""fold_a_query_after"": 5.5598554611206055, ""fold_a_utility"": -2.261141538619995, ""fold_b_harm"": -0.02200322225689888, ""fold_b_lcb"": -0.027312870742753147, ""fold_b_query_after"": 5.2970170974731445, ""fold_b_utility"": -2.0250630378723145, ""harm_lcb_max"": -0.026982755716890097, ""harm_mean"": -0.021843120455741882, ""harm_se_mean"": 0.0027064759051427245, ""harm_ucb_max"": -0.016383281592279673, ""local_trainability"": -0.037332773208618164, ""query_after"": 5.428436279296875, ""query_before"": 5.391103506088257, ""system_utility"": -2.143102288246155}}, ""status"": ""ok"", ""statusquo_loss"": 3.28533399105072, ""total_memory_budget"": 512}, ""utility_status"": ""ok""}"
68,B2,B,2,adapter_1,reuse,safe_existing_reuse,3.2509684562683105,3,True,442368,1949415,0,69404468,649805,15595368,510,42.095604341011494,510678528,0.0,34.30195921519771,5.6460470135789365,512,510,3.2017524242401123,-1.0796878337860107,0.054123640060424805,-1.1338114738464355,False,,"{""best_reuse"": ""adapter_1"", ""best_reuse_utility"": 0.054123640060424805, ""decision"": ""reuse"", ""fresh_advantage"": -1.1338114738464355, ""fresh_positive"": false, ""fresh_utility"": -1.0796878337860107, ""full_batch_guards"": {""adapter_1"": {""crossfit_feasible"": true, ""crossfit_utility"": 0.054123640060424805, ""crossfit_utility_positive"": true, ""full_batch_cur_after"": 3.140939712524414, ""full_batch_cur_before"": 3.2017526626586914, ""full_batch_gain"": 0.060812950134277344, ""full_batch_harm"": -0.0537467859685421, ""full_batch_harm_lcb"": -0.05843797923997045, ""full_batch_harm_se"": 0.002393465954810381, ""full_batch_harm_ucb"": -0.04905559269711375, ""full_batch_safe"": true}, ""adapter_2"": {""crossfit_feasible"": true, ""crossfit_utility"": -1.3533260822296143, ""crossfit_utility_positive"": false, ""full_batch_cur_after"": 4.538557529449463, ""full_batch_cur_before"": 4.544181823730469, ""full_batch_gain"": 0.005624294281005859, ""full_batch_harm"": -0.05212690681219101, ""full_batch_harm_lcb"": -0.05429468605667353, ""full_batch_harm_se"": 0.0011060098186135292, ""full_batch_harm_ucb"": -0.04995912756770849, ""full_batch_safe"": true}, ""default"": {""crossfit_feasible"": true, ""crossfit_utility"": -2.1106815338134766, ""crossfit_utility_positive"": false, ""full_batch_cur_after"": 5.295123100280762, ""full_batch_cur_before"": 5.265119552612305, ""full_batch_gain"": -0.03000354766845703, ""full_batch_harm"": -0.021777980029582977, ""full_batch_harm_lcb"": -0.026641363920643923, ""full_batch_harm_se"": 0.00248131831176579, ""full_batch_harm_ucb"": -0.01691459613852203, ""full_batch_safe"": true}}, ""guarded_best_reuse"": ""adapter_1"", ""num_adapters"": 3, ""pending_after"": false, ""pending_before"": false, ""policy_version"": ""cau_v1"", ""reason"": ""safe_existing_reuse"", ""utility"": {""batch_n"": 16, ""best_reuse"": ""adapter_1"", ""best_reuse_query_after"": 3.1476287841796875, ""best_reuse_utility"": 0.054123640060424805, ""budget_blocked_fresh"": false, ""defer_utility"": 0.0, ""fold_a_fresh_utility"": -1.0528626441955566, ""fold_a_query_n"": 8, ""fold_a_support_n"": 8, ""fold_b_fresh_utility"": -1.1065130233764648, ""fold_b_query_n"": 8, ""fold_b_support_n"": 8, ""fresh_advantage"": -1.1338114738464355, ""fresh_local_trainability"": 0.036042213439941406, ""fresh_positive"": false, ""fresh_query_after"": 4.281440258026123, ""fresh_query_before"": 4.3174824714660645, ""fresh_utility"": -1.0796878337860107, ""max_adapters"": 8, ""reuse_profiles"": {""adapter_1"": {""feasible_both"": true, ""fold_a_harm"": -0.052923161536455154, ""fold_a_lcb"": -0.05786991063505411, ""fold_a_query_after"": 3.1878974437713623, ""fold_a_utility"": 0.050607919692993164, ""fold_b_harm"": -0.05246083438396454, ""fold_b_lcb"": -0.05681112652644515, ""fold_b_query_after"": 3.1073601245880127, ""fold_b_utility"": 0.057639360427856445, ""harm_lcb_max"": -0.05681112652644515, ""harm_mean"": -0.052691997960209846, ""harm_se_mean"": 0.0023716941941529512, ""harm_ucb_max"": -0.0479764124378562, ""local_trainability"": 0.054123640060424805, ""query_after"": 3.1476287841796875, ""query_before"": 3.2017524242401123, ""system_utility"": 0.054123640060424805}, ""adapter_2"": {""feasible_both"": true, ""fold_a_harm"": -0.053127583116292953, ""fold_a_lcb"": -0.05531222305260599, ""fold_a_query_after"": 4.533802032470703, ""fold_a_utility"": -1.2952966690063477, ""fold_b_harm"": -0.05295640602707863, ""fold_b_lcb"": -0.055033613187260924, ""fold_b_query_after"": 4.57635498046875, ""fold_b_utility"": -1.4113554954528809, ""harm_lcb_max"": -0.055033613187260924, ""harm_mean"": -0.05304199457168579, ""harm_se_mean"": 0.0010872058919630945, ""harm_ucb_max"": -0.05087919886689633, ""local_trainability"": -0.010896682739257812, ""query_after"": 4.555078506469727, ""query_before"": 4.544181823730469, ""system_utility"": -1.3533260822296143}, ""default"": {""feasible_both"": true, ""fold_a_harm"": -0.02178044244647026, ""fold_a_lcb"": -0.027055674074217675, ""fold_a_query_after"": 5.395313262939453, ""fold_a_utility"": -2.1568078994750977, ""fold_b_harm"": -0.022185008972883224, ""fold_b_lcb"": -0.02704945296049118, ""fold_b_query_after"": 5.229554653167725, ""fold_b_utility"": -2.0645551681518555, ""harm_lcb_max"": -0.02704945296049118, ""harm_mean"": -0.021982725709676743, ""harm_se_mean"": 0.002586651942692697, ""harm_ucb_max"": -0.016505210818722846, ""local_trainability"": -0.04731440544128418, ""query_after"": 5.312433958053589, ""query_before"": 5.265119552612305, ""system_utility"": -2.1106815338134766}}, ""status"": ""ok"", ""statusquo_loss"": 3.2017524242401123, ""total_memory_budget"": 512}, ""utility_status"": ""ok""}"
69,B2,B,2,adapter_1,reuse,safe_existing_reuse,3.2309913635253906,3,True,442368,1949415,0,69404468,649805,15595368,510,42.95200152997859,510678528,0.0,35.150486652273685,5.6460470135789365,512,510,3.2109813690185547,-1.053098201751709,0.051699042320251465,-1.1047972440719604,False,,"{""best_reuse"": ""adapter_1"", ""best_reuse_utility"": 0.051699042320251465, ""decision"": ""reuse"", ""fresh_advantage"": -1.1047972440719604, ""fresh_positive"": false, ""fresh_utility"": -1.053098201751709, ""full_batch_guards"": {""adapter_1"": {""crossfit_feasible"": true, ""crossfit_utility"": 0.051699042320251465, ""crossfit_utility_positive"": true, ""full_batch_cur_after"": 3.154381513595581, ""full_batch_cur_before"": 3.2109811305999756, ""full_batch_gain"": 0.05659961700439453, ""full_batch_harm"": -0.052057329565286636, ""full_batch_harm_lcb"": -0.05710695594549179, ""full_batch_harm_se"": 0.002576339989900589, ""full_batch_harm_ucb"": -0.04700770318508148, ""full_batch_safe"": true}, ""adapter_2"": {""crossfit_feasible"": true, ""crossfit_utility"": -1.3085455894470215, ""crossfit_utility_positive"": false, ""full_batch_cur_after"": 4.5072784423828125, ""full_batch_cur_before"": 4.516097068786621, ""full_batch_gain"": 0.008818626403808594, ""full_batch_harm"": -0.052677128463983536, ""full_batch_harm_lcb"": -0.05494360164739191, ""full_batch_harm_se"": 0.001156363869085908, ""full_batch_harm_ucb"": -0.05041065528057516, ""full_batch_safe"": true}, ""default"": {""crossfit_feasible"": true, ""crossfit_utility"": -2.1674113273620605, ""crossfit_utility_positive"": false, ""full_batch_cur_after"": 5.36549711227417, ""full_batch_cur_before"": 5.337593078613281, ""full_batch_gain"": -0.027904033660888672, ""full_batch_harm"": -0.022633425891399384, ""full_batch_harm_lcb"": -0.027121944036334753, ""full_batch_harm_se"": 0.0022900602780282497, ""full_batch_harm_ucb"": -0.018144907746464014, ""full_batch_safe"": true}}, ""guarded_best_reuse"": ""adapter_1"", ""num_adapters"": 3, ""pending_after"": false, ""pending_before"": false, ""policy_version"": ""cau_v1"", ""reason"": ""safe_existing_reuse"", ""utility"": {""batch_n"": 16, ""best_reuse"": ""adapter_1"", ""best_reuse_query_after"": 3.1592823266983032, ""best_reuse_utility"": 0.051699042320251465, ""budget_blocked_fresh"": false, ""defer_utility"": 0.0, ""fold_a_fresh_utility"": -1.0236763954162598, ""fold_a_query_n"": 8, ""fold_a_support_n"": 8, ""fold_b_fresh_utility"": -1.0825200080871582, ""fold_b_query_n"": 8, ""fold_b_support_n"": 8, ""fresh_advantage"": -1.1047972440719604, ""fresh_local_trainability"": 0.051818132400512695, ""fresh_positive"": false, ""fresh_query_after"": 4.264079570770264, ""fresh_query_before"": 4.315897703170776, ""fresh_utility"": -1.053098201751709, ""max_adapters"": 8, ""reuse_profiles"": {""adapter_1"": {""feasible_both"": true, ""fold_a_harm"": -0.05125194787979126, ""fold_a_lcb"": -0.05637636514380574, ""fold_a_query_after"": 3.1728408336639404, ""fold_a_utility"": 0.050740957260131836, ""fold_b_harm"": -0.05062633007764816, ""fold_b_lcb"": -0.05557124967686832, ""fold_b_query_after"": 3.145723819732666, ""fold_b_utility"": 0.052657127380371094, ""harm_lcb_max"": -0.05557124967686832, ""harm_mean"": -0.05093913897871971, ""harm_se_mean"": 0.0025687083834782243, ""harm_ucb_max"": -0.045681410478428004, ""local_trainability"": 0.051699042320251465, ""query_after"": 3.1592823266983032, ""query_before"": 3.2109813690185547, ""system_utility"": 0.051699042320251465}, ""adapter_2"": {""feasible_both"": true, ""fold_a_harm"": -0.053074419498443604, ""fold_a_lcb"": -0.05543484174180776, ""fold_a_query_after"": 4.4869232177734375, ""fold_a_utility"": -1.2633414268493652, ""fold_b_harm"": -0.05367284640669823, ""fold_b_lcb"": -0.055993897449225186, ""fold_b_query_after"": 4.552130699157715, ""fold_b_utility"": -1.3537497520446777, ""harm_lcb_max"": -0.05543484174180776, ""harm_mean"": -0.053373632952570915, ""harm_se_mean"": 0.0011942533892579377, ""harm_ucb_max"": -0.05071399725507945, ""local_trainability"": -0.003429889678955078, ""query_after"": 4.519526958465576, ""query_before"": 4.516097068786621, ""system_utility"": -1.3085455894470215}, ""default"": {""feasible_both"": true, ""fold_a_harm"": -0.022777754813432693, ""fold_a_lcb"": -0.02725802583619952, ""fold_a_query_after"": 5.369653701782227, ""fold_a_utility"": -2.1460719108581543, ""fold_b_harm"": -0.02254948392510414, ""fold_b_lcb"": -0.027453050175681712, ""fold_b_query_after"": 5.387131690979004, ""fold_b_utility"": -2.188750743865967, ""harm_lcb_max"": -0.02725802583619952, ""harm_mean"": -0.022663619369268417, ""harm_se_mean"": 0.0023938360391184688, ""harm_ucb_max"": -0.01764591767452657, ""local_trainability"": -0.040799617767333984, ""query_after"": 5.378392696380615, ""query_before"": 5.337593078613281, ""system_utility"": -2.1674113273620605}}, ""status"": ""ok"", ""statusquo_loss"": 3.2109813690185547, ""total_memory_budget"": 512}, ""utility_status"": ""ok""}"
70,B2,B,2,adapter_1,reuse,safe_existing_reuse,3.103707790374756,3,True,442368,1949415,0,69404468,649805,15595368,510,43.80420969100669,510678528,0.0,35.99506038730033,5.6460470135789365,512,510,3.0668399333953857,-1.186478853225708,0.052611708641052246,-1.2390905618667603,False,,"{""best_reuse"": ""adapter_1"", ""best_reuse_utility"": 0.052611708641052246, ""decision"": ""reuse"", ""fresh_advantage"": -1.2390905618667603, ""fresh_positive"": false, ""fresh_utility"": -1.186478853225708, ""full_batch_guards"": {""adapter_1"": {""crossfit_feasible"": true, ""crossfit_utility"": 0.052611708641052246, ""crossfit_utility_positive"": true, ""full_batch_cur_after"": 3.0064146518707275, ""full_batch_cur_before"": 3.066840171813965, ""full_batch_gain"": 0.060425519943237305, ""full_batch_harm"": -0.054857950657606125, ""full_batch_harm_lcb"": -0.05864026766736061, ""full_batch_harm_se"": 0.0019297535764053464, ""full_batch_harm_ucb"": -0.05107563364785164, ""full_batch_safe"": true}, ""adapter_2"": {""crossfit_feasible"": true, ""crossfit_utility"": -1.459397315979004, ""crossfit_utility_positive"": false, ""full_batch_cur_after"": 4.507294654846191, ""full_batch_cur_before"": 4.515776634216309, ""full_batch_gain"": 0.008481979370117188, ""full_batch_harm"": -0.052774254232645035, ""full_batch_harm_lcb"": -0.05505929302424192, ""full_batch_harm_se"": 0.0011658361181616783, ""full_batch_harm_ucb"": -0.050489215441048146, ""full_batch_safe"": true}, ""default"": {""crossfit_feasible"": true, ""crossfit_utility"": -2.3273680210113525, ""crossfit_utility_positive"": false, ""full_batch_cur_after"": 5.374115943908691, ""full_batch_cur_before"": 5.345226287841797, ""full_batch_gain"": -0.02888965606689453, ""full_batch_harm"": -0.02155989408493042, ""full_batch_harm_lcb"": -0.026814528442919254, ""full_batch_harm_se"": 0.0026809358969330788, ""full_batch_harm_ucb"": -0.016305259726941586, ""full_batch_safe"": true}}, ""guarded_best_reuse"": ""adapter_1"", ""num_adapters"": 3, ""pending_after"": false, ""pending_before"": false, ""policy_version"": ""cau_v1"", ""reason"": ""safe_existing_reuse"", ""utility"": {""batch_n"": 16, ""best_reuse"": ""adapter_1"", ""best_reuse_query_after"": 3.0142282247543335, ""best_reuse_utility"": 0.052611708641052246, ""budget_blocked_fresh"": false, ""defer_utility"": 0.0, ""fold_a_fresh_utility"": -1.1872012615203857, ""fold_a_query_n"": 8, ""fold_a_support_n"": 8, ""fold_b_fresh_utility"": -1.1857564449310303, ""fold_b_query_n"": 8, ""fold_b_support_n"": 8, ""fresh_advantage"": -1.2390905618667603, ""fresh_local_trainability"": 0.037999629974365234, ""fresh_positive"": false, ""fresh_query_after"": 4.253318786621094, ""fresh_query_before"": 4.291318416595459, ""fresh_utility"": -1.186478853225708, ""max_adapters"": 8, ""reuse_profiles"": {""adapter_1"": {""feasible_both"": true, ""fold_a_harm"": -0.05279095843434334, ""fold_a_lcb"": -0.05662252384237945, ""fold_a_query_after"": 3.0513055324554443, ""fold_a_utility"": 0.052216529846191406, ""fold_b_harm"": -0.05400138720870018, ""fold_b_lcb"": -0.05776107346173376, ""fold_b_query_after"": 2.9771509170532227, ""fold_b_utility"": 0.053006887435913086, ""harm_lcb_max"": -0.05662252384237945, ""harm_mean"": -0.05339617282152176, ""harm_se_mean"": 0.001936543791089207, ""harm_ucb_max"": -0.048959393026307224, ""local_trainability"": 0.052611708641052246, ""query_after"": 3.0142282247543335, ""query_before"": 3.0668399333953857, ""system_utility"": 0.052611708641052246}, ""adapter_2"": {""feasible_both"": true, ""fold_a_harm"": -0.053895071148872375, ""fold_a_lcb"": -0.05624417253769934, ""fold_a_query_after"": 4.529570579528809, ""fold_a_utility"": -1.4260485172271729, ""fold_b_harm"": -0.0535738542675972, ""fold_b_lcb"": -0.055814697346650066, ""fold_b_query_after"": 4.522903919219971, ""fold_b_utility"": -1.492746114730835, ""harm_lcb_max"": -0.055814697346650066, ""harm_mean"": -0.05373446270823479, ""harm_se_mean"": 0.001170904200989753, ""harm_ucb_max"": -0.05133301118854433, ""local_trainability"": -0.010460853576660156, ""query_after"": 4.52623724937439, ""query_before"": 4.5157763957977295, ""system_utility"": -1.459397315979004}, ""default"": {""feasible_both"": true, ""fold_a_harm"": -0.02220957726240158, ""fold_a_lcb"": -0.027631561756134033, ""fold_a_query_after"": 5.526073455810547, ""fold_a_utility"": -2.422551393508911, ""fold_b_harm"": -0.0218639113008976, ""fold_b_lcb"": -0.027204954251646995, ""fold_b_query_after"": 5.26234245300293, ""fold_b_utility"": -2.232184648513794, ""harm_lcb_max"": -0.027204954251646995, ""harm_mean"": -0.02203674428164959, ""harm_se_mean"": 0.0027456702664494514, ""harm_ucb_max"": -0.0165228683501482, ""local_trainability"": -0.048981666564941406, ""query_after"": 5.394207954406738, ""query_before"": 5.345226287841797, ""system_utility"": -2.3273680210113525}}, ""status"": ""ok"", ""statusquo_loss"": 3.0668399333953857, ""total_memory_budget"": 512}, ""utility_status"": ""ok""}"
71,B2,B,2,adapter_1,reuse,safe_existing_reuse,3.047032117843628,3,True,442368,1949415,0,69404468,649805,15595368,510,44.6424180760514,510678528,0.0,36.825609096325934,5.6460470135789365,512,510,3.001661777496338,-1.3062973022460938,0.05305886268615723,-1.359356164932251,False,,"{""best_reuse"": ""adapter_1"", ""best_reuse_utility"": 0.05305886268615723, ""decision"": ""reuse"", ""fresh_advantage"": -1.359356164932251, ""fresh_positive"": false, ""fresh_utility"": -1.3062973022460938, ""full_batch_guards"": {""adapter_1"": {""crossfit_feasible"": true, ""crossfit_utility"": 0.05305886268615723, ""crossfit_utility_positive"": true, ""full_batch_cur_after"": 2.9422640800476074, ""full_batch_cur_before"": 3.001661777496338, ""full_batch_gain"": 0.05939769744873047, ""full_batch_harm"": -0.054198961704969406, ""full_batch_harm_lcb"": -0.05724899820052087, ""full_batch_harm_se"": 0.0015561410691589117, ""full_batch_harm_ucb"": -0.05114892520941794, ""full_batch_safe"": true}, ""adapter_2"": {""crossfit_feasible"": true, ""crossfit_utility"": -1.5901529788970947, ""crossfit_utility_positive"": false, ""full_batch_cur_after"": 4.577640056610107, ""full_batch_cur_before"": 4.585636138916016, ""full_batch_gain"": 0.007996082305908203, ""full_batch_harm"": -0.05288896709680557, ""full_batch_harm_lcb"": -0.055157097964547576, ""full_batch_harm_se"": 0.0011572096263989806, ""full_batch_harm_ucb"": -0.05062083622906357, ""full_batch_safe"": true}, ""default"": {""crossfit_feasible"": true, ""crossfit_utility"": -2.480433464050293, ""crossfit_utility_positive"": false, ""full_batch_cur_after"": 5.464512825012207, ""full_batch_cur_before"": 5.43589448928833, ""full_batch_gain"": -0.028618335723876953, ""full_batch_harm"": -0.022252090275287628, ""full_batch_harm_lcb"": -0.02706762379035354, ""full_batch_harm_se"": 0.0024569048546254635, ""full_batch_harm_ucb"": -0.017436556760221718, ""full_batch_safe"": true}}, ""guarded_best_reuse"": ""adapter_1"", ""num_adapters"": 3, ""pending_after"": false, ""pending_before"": false, ""policy_version"": ""cau_v1"", ""reason"": ""safe_existing_reuse"", ""utility"": {""batch_n"": 16, ""best_reuse"": ""adapter_1"", ""best_reuse_query_after"": 2.9486029148101807, ""best_reuse_utility"": 0.05305886268615723, ""budget_blocked_fresh"": false, ""defer_utility"": 0.0, ""fold_a_fresh_utility"": -1.2841520309448242, ""fold_a_query_n"": 8, ""fold_a_support_n"": 8, ""fold_b_fresh_utility"": -1.3284425735473633, ""fold_b_query_n"": 8, ""fold_b_support_n"": 8, ""fresh_advantage"": -1.359356164932251, ""fresh_local_trainability"": 0.0542142391204834, ""fresh_positive"": false, ""fresh_query_after"": 4.307959079742432, ""fresh_query_before"": 4.362173318862915, ""fresh_utility"": -1.3062973022460938, ""max_adapters"": 8, ""reuse_profiles"": {""adapter_1"": {""feasible_both"": true, ""fold_a_harm"": -0.05325987935066223, ""fold_a_lcb"": -0.05627135009970516, ""fold_a_query_after"": 2.9659488201141357, ""fold_a_utility"": 0.05316758155822754, ""fold_b_harm"": -0.05332666262984276, ""fold_b_lcb"": -0.05634169700089842, ""fold_b_query_after"": 2.9312570095062256, ""fold_b_utility"": 0.052950143814086914, ""harm_lcb_max"": -0.05627135009970516, ""harm_mean"": -0.053293270990252495, ""harm_se_mean"": 0.0015373737551271915, ""harm_ucb_max"": -0.050248408601619304, ""local_trainability"": 0.05305886268615723, ""query_after"": 2.9486029148101807, ""query_before"": 3.001661777496338, ""system_utility"": 0.05305886268615723}, ""adapter_2"": {""feasible_both"": true, ""fold_a_harm"": -0.053230028599500656, ""fold_a_lcb"": -0.055533640985377136, ""fold_a_query_after"": 4.5538763999938965, ""fold_a_utility"": -1.5347599983215332, ""fold_b_harm"": -0.05366932600736618, ""fold_b_lcb"": -0.05590667574200779, ""fold_b_query_after"": 4.629753112792969, ""fold_b_utility"": -1.6455459594726562, ""harm_lcb_max"": -0.055533640985377136, ""harm_mean"": -0.05344967730343342, ""harm_se_mean"": 0.001158408704213798, ""harm_ucb_max"": -0.050926416213624176, ""local_trainability"": -0.006178617477416992, ""query_after"": 4.591814756393433, ""query_before"": 4.585636138916016, ""system_utility"": -1.5901529788970947}, ""default"": {""feasible_both"": true, ""fold_a_harm"": -0.022514622658491135, ""fold_a_lcb"": -0.027334552174434066, ""fold_a_query_after"": 5.3055524826049805, ""fold_a_utility"": -2.286436080932617, ""fold_b_harm"": -0.02241990715265274, ""fold_b_lcb"": -0.02739391620270908, ""fold_b_query_after"": 5.658638000488281, ""fold_b_utility"": -2.6744308471679688, ""harm_lcb_max"": -0.027334552174434066, ""harm_mean"": -0.022467264905571938, ""harm_se_mean"": 0.00249845371581614, ""harm_ucb_max"": -0.0174458981025964, ""local_trainability"": -0.04620003700256348, ""query_after"": 5.482095241546631, ""query_before"": 5.435895204544067, ""system_utility"": -2.480433464050293}}, ""status"": ""ok"", ""statusquo_loss"": 3.001661777496338, ""total_memory_budget"": 512}, ""utility_status"": ""ok""}"
72,B2,B,2,adapter_1,reuse,safe_existing_reuse,3.117227554321289,3,True,442368,1949415,0,69404468,649805,15595368,510,45.484785579144955,510678528,0.0,37.66035064426251,5.6460470135789365,512,510,3.0011093616485596,-1.2829458713531494,0.0542144775390625,-1.337160348892212,False,,"{""best_reuse"": ""adapter_1"", ""best_reuse_utility"": 0.0542144775390625, ""decision"": ""reuse"", ""fresh_advantage"": -1.337160348892212, ""fresh_positive"": false, ""fresh_utility"": -1.2829458713531494, ""full_batch_guards"": {""adapter_1"": {""crossfit_feasible"": true, ""crossfit_utility"": 0.0542144775390625, ""crossfit_utility_positive"": true, ""full_batch_cur_after"": 2.942899227142334, ""full_batch_cur_before"": 3.0011096000671387, ""full_batch_gain"": 0.05821037292480469, ""full_batch_harm"": -0.04914611950516701, ""full_batch_harm_lcb"": -0.05502593838609755, ""full_batch_harm_se"": 0.0029999075923115015, ""full_batch_harm_ucb"": -0.04326630062423646, ""full_batch_safe"": true}, ""adapter_2"": {""crossfit_feasible"": true, ""crossfit_utility"": -1.5539875030517578, ""crossfit_utility_positive"": false, ""full_batch_cur_after"": 4.545628547668457, ""full_batch_cur_before"": 4.552262306213379, ""full_batch_gain"": 0.006633758544921875, ""full_batch_harm"": -0.052537593990564346, ""full_batch_harm_lcb"": -0.054766769390553235, ""full_batch_harm_se"": 0.0011373343877494335, ""full_batch_harm_ucb"": -0.05030841859057546, ""full_batch_safe"": true}, ""default"": {""crossfit_feasible"": true, ""crossfit_utility"": -2.438039541244507, ""crossfit_utility_positive"": false, ""full_batch_cur_after"": 5.428215026855469, ""full_batch_cur_before"": 5.398372650146484, ""full_batch_gain"": -0.029842376708984375, ""full_batch_harm"": -0.022046320140361786, ""full_batch_harm_lcb"": -0.02679562888108194, ""full_batch_harm_se"": 0.0024231167044490576, ""full_batch_harm_ucb"": -0.017297011399641633, ""full_batch_safe"": true}}, ""guarded_best_reuse"": ""adapter_1"", ""num_adapters"": 3, ""pending_after"": false, ""pending_before"": false, ""policy_version"": ""cau_v1"", ""reason"": ""safe_existing_reuse"", ""utility"": {""batch_n"": 16, ""best_reuse"": ""adapter_1"", ""best_reuse_query_after"": 2.946894884109497, ""best_reuse_utility"": 0.0542144775390625, ""budget_blocked_fresh"": false, ""defer_utility"": 0.0, ""fold_a_fresh_utility"": -1.2791213989257812, ""fold_a_query_n"": 8, ""fold_a_support_n"": 8, ""fold_b_fresh_utility"": -1.2867703437805176, ""fold_b_query_n"": 8, ""fold_b_support_n"": 8, ""fresh_advantage"": -1.337160348892212, ""fresh_local_trainability"": 0.053795814514160156, ""fresh_positive"": false, ""fresh_query_after"": 4.284055233001709, ""fresh_query_before"": 4.337851047515869, ""fresh_utility"": -1.2829458713531494, ""max_adapters"": 8, ""reuse_profiles"": {""adapter_1"": {""feasible_both"": true, ""fold_a_harm"": -0.04872651770710945, ""fold_a_lcb"": -0.05463459913618863, ""fold_a_query_after"": 2.9591684341430664, ""fold_a_utility"": 0.05241966247558594, ""fold_b_harm"": -0.048109013587236404, ""fold_b_lcb"": -0.053715438451617956, ""fold_b_query_after"": 2.9346213340759277, ""fold_b_utility"": 0.05600929260253906, ""harm_lcb_max"": -0.053715438451617956, ""harm_mean"": -0.04841776564717293, ""harm_se_mean"": 0.002937374054454267, ""harm_ucb_max"": -0.04250258872285485, ""local_trainability"": 0.0542144775390625, ""query_after"": 2.946894884109497, ""query_before"": 3.0011093616485596, ""system_utility"": 0.0542144775390625}, ""adapter_2"": {""feasible_both"": true, ""fold_a_harm"": -0.05324196815490723, ""fold_a_lcb"": -0.055466429935768245, ""fold_a_query_after"": 4.56605339050293, ""fold_a_utility"": -1.5544652938842773, ""fold_b_harm"": -0.05245538055896759, ""fold_b_lcb"": -0.0546062865620479, ""fold_b_query_after"": 4.544140338897705, ""fold_b_utility"": -1.5535097122192383, ""harm_lcb_max"": -0.0546062865620479, ""harm_mean"": -0.05284867435693741, ""harm_se_mean"": 0.001116165251005441, ""harm_ucb_max"": -0.05030447455588728, ""local_trainability"": -0.002834320068359375, ""query_after"": 4.555096864700317, ""query_before"": 4.552262544631958, ""system_utility"": -1.5539875030517578}, ""default"": {""feasible_both"": true, ""fold_a_harm"": -0.022208593785762787, ""fold_a_lcb"": -0.027192886183038355, ""fold_a_query_after"": 5.461839199066162, ""fold_a_utility"": -2.4502511024475098, ""fold_b_harm"": -0.021927274763584137, ""fold_b_lcb"": -0.02687099553644657, ""fold_b_query_after"": 5.416458606719971, ""fold_b_utility"": -2.425827980041504, ""harm_lcb_max"": -0.02687099553644657, ""harm_mean"": -0.022067934274673462, ""harm_se_mean"": 0.002532656420953572, ""harm_ucb_max"": -0.016983553990721705, ""local_trainability"": -0.04077601432800293, ""query_after"": 5.439148902893066, ""query_before"": 5.3983728885650635, ""system_utility"": -2.438039541244507}}, ""status"": ""ok"", ""statusquo_loss"": 3.0011093616485596, ""total_memory_budget"": 512}, ""utility_status"": ""ok""}"
73,B2,B,2,adapter_1,reuse,safe_existing_reuse,2.9892756938934326,3,True,442368,1949415,0,69404468,649805,15595368,510,46.33271715906449,510678528,0.0,38.500431632390246,5.6460470135789365,512,510,2.9654598236083984,-1.287811279296875,0.04738497734069824,-1.3351962566375732,False,,"{""best_reuse"": ""adapter_1"", ""best_reuse_utility"": 0.04738497734069824, ""decision"": ""reuse"", ""fresh_advantage"": -1.3351962566375732, ""fresh_positive"": false, ""fresh_utility"": -1.287811279296875, ""full_batch_guards"": {""adapter_1"": {""crossfit_feasible"": true, ""crossfit_utility"": 0.04738497734069824, ""crossfit_utility_positive"": true, ""full_batch_cur_after"": 2.913128614425659, ""full_batch_cur_before"": 2.9654598236083984, ""full_batch_gain"": 0.05233120918273926, ""full_batch_harm"": -0.045476801693439484, ""full_batch_harm_lcb"": -0.05189138839952648, ""full_batch_harm_se"": 0.0032727483194321394, ""full_batch_harm_ucb"": -0.03906221498735249, ""full_batch_safe"": true}, ""adapter_2"": {""crossfit_feasible"": true, ""crossfit_utility"": -1.558103322982788, ""crossfit_utility_positive"": false, ""full_batch_cur_after"": 4.511192321777344, ""full_batch_cur_before"": 4.516695022583008, ""full_batch_gain"": 0.0055027008056640625, ""full_batch_harm"": -0.052173860371112823, ""full_batch_harm_lcb"": -0.05436502654105425, ""full_batch_harm_se"": 0.0011179419234395027, ""full_batch_harm_ucb"": -0.0499826942011714, ""full_batch_safe"": true}, ""default"": {""crossfit_feasible"": true, ""crossfit_utility"": -2.445967197418213, ""crossfit_utility_positive"": false, ""full_batch_cur_after"": 5.398735523223877, ""full_batch_cur_before"": 5.366174221038818, ""full_batch_gain"": -0.032561302185058594, ""full_batch_harm"": -0.021993868052959442, ""full_batch_harm_lcb"": -0.026656115166842936, ""full_batch_harm_se"": 0.002378697507083416, ""full_batch_harm_ucb"": -0.017331620939075948, ""full_batch_safe"": true}}, ""guarded_best_reuse"": ""adapter_1"", ""num_adapters"": 3, ""pending_after"": false, ""pending_before"": false, ""policy_version"": ""cau_v1"", ""reason"": ""safe_existing_reuse"", ""utility"": {""batch_n"": 16, ""best_reuse"": ""adapter_1"", ""best_reuse_query_after"": 2.9180748462677, ""best_reuse_utility"": 0.04738497734069824, ""budget_blocked_fresh"": false, ""defer_utility"": 0.0, ""fold_a_fresh_utility"": -1.2276482582092285, ""fold_a_query_n"": 8, ""fold_a_support_n"": 8, ""fold_b_fresh_utility"": -1.3479743003845215, ""fold_b_query_n"": 8, ""fold_b_support_n"": 8, ""fresh_advantage"": -1.3351962566375732, ""fresh_local_trainability"": 0.045987606048583984, ""fresh_positive"": false, ""fresh_query_after"": 4.253271102905273, ""fresh_query_before"": 4.299258708953857, ""fresh_utility"": -1.287811279296875, ""max_adapters"": 8, ""reuse_profiles"": {""adapter_1"": {""feasible_both"": true, ""fold_a_harm"": -0.04539110139012337, ""fold_a_lcb"": -0.05200305817648768, ""fold_a_query_after"": 2.9688072204589844, ""fold_a_utility"": 0.04436922073364258, ""fold_b_harm"": -0.04471418261528015, ""fold_b_lcb"": -0.05097507631406188, ""fold_b_query_after"": 2.867342472076416, ""fold_b_utility"": 0.050400733947753906, ""harm_lcb_max"": -0.05097507631406188, ""harm_mean"": -0.04505264200270176, ""harm_se_mean"": 0.0032838904298841953, ""harm_ucb_max"": -0.03845328891649842, ""local_trainability"": 0.04738497734069824, ""query_after"": 2.9180748462677, ""query_before"": 2.9654598236083984, ""system_utility"": 0.04738497734069824}, ""adapter_2"": {""feasible_both"": true, ""fold_a_harm"": -0.05260465666651726, ""fold_a_lcb"": -0.05487544781528413, ""fold_a_query_after"": 4.5155839920043945, ""fold_a_utility"": -1.5024075508117676, ""fold_b_harm"": -0.053258031606674194, ""fold_b_lcb"": -0.055450221593491736, ""fold_b_query_after"": 4.5315423011779785, ""fold_b_utility"": -1.6137990951538086, ""harm_lcb_max"": -0.05487544781528413, ""harm_mean"": -0.052931344136595726, ""harm_se_mean"": 0.0011385155958123505, ""harm_ucb_max"": -0.05033386551775038, ""local_trainability"": -0.006867647171020508, ""query_after"": 4.5235631465911865, ""query_before"": 4.516695499420166, ""system_utility"": -1.558103322982788}, ""default"": {""feasible_both"": true, ""fold_a_harm"": -0.022397775202989578, ""fold_a_lcb"": -0.026957264142110943, ""fold_a_query_after"": 5.419058799743652, ""fold_a_utility"": -2.4058823585510254, ""fold_b_harm"": -0.02205931767821312, ""fold_b_lcb"": -0.02725285615772009, ""fold_b_query_after"": 5.40379524230957, ""fold_b_utility"": -2.4860520362854004, ""harm_lcb_max"": -0.026957264142110943, ""harm_mean"": -0.02222854644060135, ""harm_se_mean"": 0.0024880171986296773, ""harm_ucb_max"": -0.01686577919870615, ""local_trainability"": -0.04525279998779297, ""query_after"": 5.411427021026611, ""query_before"": 5.366174221038818, ""system_utility"": -2.445967197418213}}, ""status"": ""ok"", ""statusquo_loss"": 2.9654598236083984, ""total_memory_budget"": 512}, ""utility_status"": ""ok""}"
74,B2,B,2,adapter_1,reuse,safe_existing_reuse,2.8923916816711426,3,True,442368,1949415,0,69404468,649805,15595368,510,47.188512741122395,510678528,0.0,39.34836682258174,5.6460470135789365,512,510,2.845921516418457,-1.4623076915740967,0.04669344425201416,-1.5090011358261108,False,,"{""best_reuse"": ""adapter_1"", ""best_reuse_utility"": 0.04669344425201416, ""decision"": ""reuse"", ""fresh_advantage"": -1.5090011358261108, ""fresh_positive"": false, ""fresh_utility"": -1.4623076915740967, ""full_batch_guards"": {""adapter_1"": {""crossfit_feasible"": true, ""crossfit_utility"": 0.04669344425201416, ""crossfit_utility_positive"": true, ""full_batch_cur_after"": 2.7918944358825684, ""full_batch_cur_before"": 2.845921516418457, ""full_batch_gain"": 0.05402708053588867, ""full_batch_harm"": -0.04575264826416969, ""full_batch_harm_lcb"": -0.051516890609636906, ""full_batch_harm_se"": 0.002940939972177148, ""full_batch_harm_ucb"": -0.03998840591870248, ""full_batch_safe"": true}, ""adapter_2"": {""crossfit_feasible"": true, ""crossfit_utility"": -1.7865548133850098, ""crossfit_utility_positive"": false, ""full_batch_cur_after"": 4.6147990226745605, ""full_batch_cur_before"": 4.621755599975586, ""full_batch_gain"": 0.006956577301025391, ""full_batch_harm"": -0.052048515528440475, ""full_batch_harm_lcb"": -0.054110074285417795, ""full_batch_harm_se"": 0.0010518156923353672, ""full_batch_harm_ucb"": -0.049986956771463156, ""full_batch_safe"": true}, ""default"": {""crossfit_feasible"": true, ""crossfit_utility"": -2.7294044494628906, ""crossfit_utility_positive"": false, ""full_batch_cur_after"": 5.555604934692383, ""full_batch_cur_before"": 5.525862693786621, ""full_batch_gain"": -0.02974224090576172, ""full_batch_harm"": -0.022014465183019638, ""full_batch_harm_lcb"": -0.026792375538498163, ""full_batch_harm_se"": 0.002437709365040064, ""full_batch_harm_ucb"": -0.017236554827541113, ""full_batch_safe"": true}}, ""guarded_best_reuse"": ""adapter_1"", ""num_adapters"": 3, ""pending_after"": false, ""pending_before"": false, ""policy_version"": ""cau_v1"", ""reason"": ""safe_existing_reuse"", ""utility"": {""batch_n"": 16, ""best_reuse"": ""adapter_1"", ""best_reuse_query_after"": 2.799228072166443, ""best_reuse_utility"": 0.04669344425201416, ""budget_blocked_fresh"": false, ""defer_utility"": 0.0, ""fold_a_fresh_utility"": -1.486907958984375, ""fold_a_query_n"": 8, ""fold_a_support_n"": 8, ""fold_b_fresh_utility"": -1.4377074241638184, ""fold_b_query_n"": 8, ""fold_b_support_n"": 8, ""fresh_advantage"": -1.5090011358261108, ""fresh_local_trainability"": 0.04778885841369629, ""fresh_positive"": false, ""fresh_query_after"": 4.308229207992554, ""fresh_query_before"": 4.35601806640625, ""fresh_utility"": -1.4623076915740967, ""max_adapters"": 8, ""reuse_profiles"": {""adapter_1"": {""feasible_both"": true, ""fold_a_harm"": -0.04465523734688759, ""fold_a_lcb"": -0.05016857177019119, ""fold_a_query_after"": 2.7956647872924805, ""fold_a_utility"": 0.04888486862182617, ""fold_b_harm"": -0.044903628528118134, ""fold_b_lcb"": -0.05079135957174003, ""fold_b_query_after"": 2.8027913570404053, ""fold_b_utility"": 0.04450201988220215, ""harm_lcb_max"": -0.05016857177019119, ""harm_mean"": -0.04477943293750286, ""harm_se_mean"": 0.0029084350680932403, ""harm_ucb_max"": -0.039015897484496236, ""local_trainability"": 0.04669344425201416, ""query_after"": 2.799228072166443, ""query_before"": 2.845921516418457, ""system_utility"": 0.04669344425201416}, ""adapter_2"": {""feasible_both"": true, ""fold_a_harm"": -0.0531199648976326, ""fold_a_lcb"": -0.05534993822220713, ""fold_a_query_after"": 4.657636642456055, ""fold_a_utility"": -1.813086986541748, ""fold_b_harm"": -0.053029775619506836, ""fold_b_lcb"": -0.055239966711960735, ""fold_b_query_after"": 4.607316017150879, ""fold_b_utility"": -1.7600226402282715, ""harm_lcb_max"": -0.055239966711960735, ""harm_mean"": -0.05307487025856972, ""harm_se_mean"": 0.0011326950043439865, ""harm_ucb_max"": -0.05081958452705294, ""local_trainability"": -0.010720968246459961, ""query_after"": 4.632476329803467, ""query_before"": 4.621755361557007, ""system_utility"": -1.7865548133850098}, ""default"": {""feasible_both"": true, ""fold_a_harm"": -0.022381369024515152, ""fold_a_lcb"": -0.02735241181217134, ""fold_a_query_after"": 5.77546501159668, ""fold_a_utility"": -2.930915355682373, ""fold_b_harm"": -0.022234201431274414, ""fold_b_lcb"": -0.027140003331005573, ""fold_b_query_after"": 5.375186920166016, ""fold_b_utility"": -2.527893543243408, ""harm_lcb_max"": -0.027140003331005573, ""harm_mean"": -0.022307785227894783, ""harm_se_mean"": 0.002519603236578405, ""harm_ucb_max"": -0.017328399531543255, ""local_trainability"": -0.04946327209472656, ""query_after"": 5.575325965881348, ""query_before"": 5.525862693786621, ""system_utility"": -2.7294044494628906}}, ""status"": ""ok"", ""statusquo_loss"": 2.845921516418457, ""total_memory_budget"": 512}, ""utility_status"": ""ok""}"
75,B2,B,2,adapter_1,reuse,safe_existing_reuse,2.8394484519958496,3,True,442368,1949415,0,69404468,649805,15595368,510,48.036324457032606,510678528,0.0,40.188175942748785,5.6460470135789365,512,510,2.8018232583999634,-1.504142165184021,0.04058551788330078,-1.5447276830673218,False,,"{""best_reuse"": ""adapter_1"", ""best_reuse_utility"": 0.04058551788330078, ""decision"": ""reuse"", ""fresh_advantage"": -1.5447276830673218, ""fresh_positive"": false, ""fresh_utility"": -1.504142165184021, ""full_batch_guards"": {""adapter_1"": {""crossfit_feasible"": true, ""crossfit_utility"": 0.04058551788330078, ""crossfit_utility_positive"": true, ""full_batch_cur_after"": 2.7508339881896973, ""full_batch_cur_before"": 2.801823139190674, ""full_batch_gain"": 0.05098915100097656, ""full_batch_harm"": -0.04344240576028824, ""full_batch_harm_lcb"": -0.049486420955508946, ""full_batch_harm_se"": 0.003083681222051382, ""full_batch_harm_ucb"": -0.03739839056506753, ""full_batch_safe"": true}, ""adapter_2"": {""crossfit_feasible"": true, ""crossfit_utility"": -1.801648497581482, ""crossfit_utility_positive"": false, ""full_batch_cur_after"": 4.578896522521973, ""full_batch_cur_before"": 4.583498954772949, ""full_batch_gain"": 0.0046024322509765625, ""full_batch_harm"": -0.05203962326049805, ""full_batch_harm_lcb"": -0.05423571114428341, ""full_batch_harm_se"": 0.0011204530019313097, ""full_batch_harm_ucb"": -0.04984353537671268, ""full_batch_safe"": true}, ""default"": {""crossfit_feasible"": true, ""crossfit_utility"": -2.6432427167892456, ""crossfit_utility_positive"": false, ""full_batch_cur_after"": 5.418203353881836, ""full_batch_cur_before"": 5.385239124298096, ""full_batch_gain"": -0.032964229583740234, ""full_batch_harm"": -0.02223093807697296, ""full_batch_harm_lcb"": -0.026806841399520637, ""full_batch_harm_se"": 0.002334644552320242, ""full_batch_harm_ucb"": -0.017655034754425286, ""full_batch_safe"": true}}, ""guarded_best_reuse"": ""adapter_1"", ""num_adapters"": 3, ""pending_after"": false, ""pending_before"": false, ""policy_version"": ""cau_v1"", ""reason"": ""safe_existing_reuse"", ""utility"": {""batch_n"": 16, ""best_reuse"": ""adapter_1"", ""best_reuse_query_after"": 2.7612377405166626, ""best_reuse_utility"": 0.04058551788330078, ""budget_blocked_fresh"": false, ""defer_utility"": 0.0, ""fold_a_fresh_utility"": -1.4790699481964111, ""fold_a_query_n"": 8, ""fold_a_support_n"": 8, ""fold_b_fresh_utility"": -1.5292143821716309, ""fold_b_query_n"": 8, ""fold_b_support_n"": 8, ""fresh_advantage"": -1.5447276830673218, ""fresh_local_trainability"": 0.018010377883911133, ""fresh_positive"": false, ""fresh_query_after"": 4.305965423583984, ""fresh_query_before"": 4.3239758014678955, ""fresh_utility"": -1.504142165184021, ""max_adapters"": 8, ""reuse_profiles"": {""adapter_1"": {""feasible_both"": true, ""fold_a_harm"": -0.04115750268101692, ""fold_a_lcb"": -0.04682196908630431, ""fold_a_query_after"": 2.794978618621826, ""fold_a_utility"": 0.04445481300354004, ""fold_b_harm"": -0.04270567744970322, ""fold_b_lcb"": -0.048935195850208404, ""fold_b_query_after"": 2.727496862411499, ""fold_b_utility"": 0.03671622276306152, ""harm_lcb_max"": -0.04682196908630431, ""harm_mean"": -0.04193159006536007, ""harm_se_mean"": 0.003034179797396064, ""harm_ucb_max"": -0.035493036275729535, ""local_trainability"": 0.04058551788330078, ""query_after"": 2.7612377405166626, ""query_before"": 2.8018232583999634, ""system_utility"": 0.04058551788330078}, ""adapter_2"": {""feasible_both"": true, ""fold_a_harm"": -0.053243327885866165, ""fold_a_lcb"": -0.05538264903705567, ""fold_a_query_after"": 4.613691329956055, ""fold_a_utility"": -1.7742578983306885, ""fold_b_harm"": -0.05306210741400719, ""fold_b_lcb"": -0.05524455117527396, ""fold_b_query_after"": 4.593252182006836, ""fold_b_utility"": -1.8290390968322754, ""harm_lcb_max"": -0.05524455117527396, ""harm_mean"": -0.053152717649936676, ""harm_se_mean"": 0.0011024910490959883, ""harm_ucb_max"": -0.050879663652740416, ""local_trainability"": -0.019973039627075195, ""query_after"": 4.603471755981445, ""query_before"": 4.58349871635437, ""system_utility"": -1.801648497581482}, ""default"": {""feasible_both"": true, ""fold_a_harm"": -0.022387005388736725, ""fold_a_lcb"": -0.027290265429764985, ""fold_a_query_after"": 5.631972312927246, ""fold_a_utility"": -2.79253888130188, ""fold_b_harm"": -0.022343318909406662, ""fold_b_lcb"": -0.027332824170589447, ""fold_b_query_after"": 5.258159637451172, ""fold_b_utility"": -2.4939465522766113, ""harm_lcb_max"": -0.027290265429764985, ""harm_mean"": -0.022365162149071693, ""harm_se_mean"": 0.002523664617910981, ""harm_ucb_max"": -0.017353813648223877, ""local_trainability"": -0.05982661247253418, ""query_after"": 5.445065975189209, ""query_before"": 5.385239362716675, ""system_utility"": -2.6432427167892456}}, ""status"": ""ok"", ""statusquo_loss"": 2.8018232583999634, ""total_memory_budget"": 512}, ""utility_status"": ""ok""}"
76,B2,B,2,adapter_1,reuse,safe_existing_reuse,2.8877997398376465,3,True,442368,1949415,0,69404468,649805,15595368,510,48.881248192163184,510678528,0.0,41.024756082799286,5.6460470135789365,512,510,2.8609246015548706,-1.4339455366134644,0.04336237907409668,-1.477307915687561,False,,"{""best_reuse"": ""adapter_1"", ""best_reuse_utility"": 0.04336237907409668, ""decision"": ""reuse"", ""fresh_advantage"": -1.477307915687561, ""fresh_positive"": false, ""fresh_utility"": -1.4339455366134644, ""full_batch_guards"": {""adapter_1"": {""crossfit_feasible"": true, ""crossfit_utility"": 0.04336237907409668, ""crossfit_utility_positive"": true, ""full_batch_cur_after"": 2.8120615482330322, ""full_batch_cur_before"": 2.860924482345581, ""full_batch_gain"": 0.04886293411254883, ""full_batch_harm"": -0.04182629659771919, ""full_batch_harm_lcb"": -0.04744408681057394, ""full_batch_harm_se"": 0.0028662194963544607, ""full_batch_harm_ucb"": -0.03620850638486445, ""full_batch_safe"": true}, ""adapter_2"": {""crossfit_feasible"": true, ""crossfit_utility"": -1.6961745023727417, ""crossfit_utility_positive"": false, ""full_batch_cur_after"": 4.544371604919434, ""full_batch_cur_before"": 4.553329944610596, ""full_batch_gain"": 0.00895833969116211, ""full_batch_harm"": -0.052588801831007004, ""full_batch_harm_lcb"": -0.05475213282275945, ""full_batch_harm_se"": 0.0011037403019145131, ""full_batch_harm_ucb"": -0.050425470839254555, ""full_batch_safe"": true}, ""default"": {""crossfit_feasible"": true, ""crossfit_utility"": -2.7394832372665405, ""crossfit_utility_positive"": false, ""full_batch_cur_after"": 5.587327003479004, ""full_batch_cur_before"": 5.5576252937316895, ""full_batch_gain"": -0.029701709747314453, ""full_batch_harm"": -0.021954692900180817, ""full_batch_harm_lcb"": -0.026894437968730926, ""full_batch_harm_se"": 0.0025202780961990356, ""full_batch_harm_ucb"": -0.017014947831630708, ""full_batch_safe"": true}}, ""guarded_best_reuse"": ""adapter_1"", ""num_adapters"": 3, ""pending_after"": false, ""pending_before"": false, ""policy_version"": ""cau_v1"", ""reason"": ""safe_existing_reuse"", ""utility"": {""batch_n"": 16, ""best_reuse"": ""adapter_1"", ""best_reuse_query_after"": 2.817562222480774, ""best_reuse_utility"": 0.04336237907409668, ""budget_blocked_fresh"": false, ""defer_utility"": 0.0, ""fold_a_fresh_utility"": -1.4277310371398926, ""fold_a_query_n"": 8, ""fold_a_support_n"": 8, ""fold_b_fresh_utility"": -1.4401600360870361, ""fold_b_query_n"": 8, ""fold_b_support_n"": 8, ""fresh_advantage"": -1.477307915687561, ""fresh_local_trainability"": 0.052751779556274414, ""fresh_positive"": false, ""fresh_query_after"": 4.294870138168335, ""fresh_query_before"": 4.347621917724609, ""fresh_utility"": -1.4339455366134644, ""max_adapters"": 8, ""reuse_profiles"": {""adapter_1"": {""feasible_both"": true, ""fold_a_harm"": -0.04129517450928688, ""fold_a_lcb"": -0.04668672195635736, ""fold_a_query_after"": 2.8223204612731934, ""fold_a_utility"": 0.044797420501708984, ""fold_b_harm"": -0.041547760367393494, ""fold_b_lcb"": -0.047258669771254064, ""fold_b_query_after"": 2.8128039836883545, ""fold_b_utility"": 0.041927337646484375, ""harm_lcb_max"": -0.04668672195635736, ""harm_mean"": -0.04142146743834019, ""harm_se_mean"": 0.0028322594007477164, ""harm_ucb_max"": -0.035836850963532924, ""local_trainability"": 0.04336237907409668, ""query_after"": 2.817562222480774, ""query_before"": 2.8609246015548706, ""system_utility"": 0.04336237907409668}, ""adapter_2"": {""feasible_both"": true, ""fold_a_harm"": -0.053095992654561996, ""fold_a_lcb"": -0.055259581026621166, ""fold_a_query_after"": 4.5775604248046875, ""fold_a_utility"": -1.7104425430297852, ""fold_b_harm"": -0.053522881120443344, ""fold_b_lcb"": -0.05557359864469617, ""fold_b_query_after"": 4.536637783050537, ""fold_b_utility"": -1.6819064617156982, ""harm_lcb_max"": -0.055259581026621166, ""harm_mean"": -0.05330943688750267, ""harm_se_mean"": 0.001075078034773469, ""harm_ucb_max"": -0.05093240428250283, ""local_trainability"": -0.0037691593170166016, ""query_after"": 4.557099103927612, ""query_before"": 4.553329944610596, ""system_utility"": -1.6961745023727417}, ""default"": {""feasible_both"": true, ""fold_a_harm"": -0.02213306725025177, ""fold_a_lcb"": -0.027082860190421342, ""fold_a_query_after"": 5.7056403160095215, ""fold_a_utility"": -2.838522434234619, ""fold_b_harm"": -0.02220984920859337, ""fold_b_lcb"": -0.027429557880386708, ""fold_b_query_after"": 5.495175361633301, ""fold_b_utility"": -2.640444040298462, ""harm_lcb_max"": -0.027082860190421342, ""harm_mean"": -0.02217145822942257, ""harm_se_mean"": 0.002594260615296662, ""harm_ucb_max"": -0.01699014053680003, ""local_trainability"": -0.04278206825256348, ""query_after"": 5.600407838821411, ""query_before"": 5.557625770568848, ""system_utility"": -2.7394832372665405}}, ""status"": ""ok"", ""statusquo_loss"": 2.8609246015548706, ""total_memory_budget"": 512}, ""utility_status"": ""ok""}"
77,B2,B,2,adapter_1,reuse,safe_existing_reuse,2.7097723484039307,3,True,442368,1949415,0,69404468,649805,15595368,510,49.73402517917566,510678528,0.0,41.869421059964225,5.6460470135789365,512,510,2.70613431930542,-1.5161826610565186,0.04551339149475098,-1.5616960525512695,False,,"{""best_reuse"": ""adapter_1"", ""best_reuse_utility"": 0.04551339149475098, ""decision"": ""reuse"", ""fresh_advantage"": -1.5616960525512695, ""fresh_positive"": false, ""fresh_utility"": -1.5161826610565186, ""full_batch_guards"": {""adapter_1"": {""crossfit_feasible"": true, ""crossfit_utility"": 0.04551339149475098, ""crossfit_utility_positive"": true, ""full_batch_cur_after"": 2.656446933746338, ""full_batch_cur_before"": 2.70613431930542, ""full_batch_gain"": 0.04968738555908203, ""full_batch_harm"": -0.035149943083524704, ""full_batch_harm_lcb"": -0.04195021417923272, ""full_batch_harm_se"": 0.003469526069238782, ""full_batch_harm_ucb"": -0.02834967198781669, ""full_batch_safe"": true}, ""adapter_2"": {""crossfit_feasible"": true, ""crossfit_utility"": -1.8484575748443604, ""crossfit_utility_positive"": false, ""full_batch_cur_after"": 4.544775009155273, ""full_batch_cur_before"": 4.550626277923584, ""full_batch_gain"": 0.005851268768310547, ""full_batch_harm"": -0.05231419950723648, ""full_batch_harm_lcb"": -0.05454670921433717, ""full_batch_harm_se"": 0.0011390355648472905, ""full_batch_harm_ucb"": -0.05008168980013579, ""full_batch_safe"": true}, ""default"": {""crossfit_feasible"": true, ""crossfit_utility"": -2.6904187202453613, ""crossfit_utility_positive"": false, ""full_batch_cur_after"": 5.386941909790039, ""full_batch_cur_before"": 5.356940269470215, ""full_batch_gain"": -0.03000164031982422, ""full_batch_harm"": -0.02158178761601448, ""full_batch_harm_lcb"": -0.02665118481963873, ""full_batch_harm_se"": 0.0025864271447062492, ""full_batch_harm_ucb"": -0.01651239041239023, ""full_batch_safe"": true}}, ""guarded_best_reuse"": ""adapter_1"", ""num_adapters"": 3, ""pending_after"": false, ""pending_before"": false, ""policy_version"": ""cau_v1"", ""reason"": ""safe_existing_reuse"", ""utility"": {""batch_n"": 16, ""best_reuse"": ""adapter_1"", ""best_reuse_query_after"": 2.660620927810669, ""best_reuse_utility"": 0.04551339149475098, ""budget_blocked_fresh"": false, ""defer_utility"": 0.0, ""fold_a_fresh_utility"": -1.5432100296020508, ""fold_a_query_n"": 8, ""fold_a_support_n"": 8, ""fold_b_fresh_utility"": -1.4891552925109863, ""fold_b_query_n"": 8, ""fold_b_support_n"": 8, ""fresh_advantage"": -1.5616960525512695, ""fresh_local_trainability"": 0.06606936454772949, ""fresh_positive"": false, ""fresh_query_after"": 4.2223169803619385, ""fresh_query_before"": 4.288386344909668, ""fresh_utility"": -1.5161826610565186, ""max_adapters"": 8, ""reuse_profiles"": {""adapter_1"": {""feasible_both"": true, ""fold_a_harm"": -0.03556264936923981, ""fold_a_lcb"": -0.04216536738909781, ""fold_a_query_after"": 2.6192221641540527, ""fold_a_utility"": 0.04802656173706055, ""fold_b_harm"": -0.0340079627931118, ""fold_b_lcb"": -0.04079853649251163, ""fold_b_query_after"": 2.702019691467285, ""fold_b_utility"": 0.043000221252441406, ""harm_lcb_max"": -0.04079853649251163, ""harm_mean"": -0.034785306081175804, ""harm_se_mean"": 0.0034166560508310795, ""harm_ucb_max"": -0.02721738909371197, ""local_trainability"": 0.04551339149475098, ""query_after"": 2.660620927810669, ""query_before"": 2.70613431930542, ""system_utility"": 0.04551339149475098}, ""adapter_2"": {""feasible_both"": true, ""fold_a_harm"": -0.052555765956640244, ""fold_a_lcb"": -0.05475161699578166, ""fold_a_query_after"": 4.558101177215576, ""fold_a_utility"": -1.890852451324463, ""fold_b_harm"": -0.05319152772426605, ""fold_b_lcb"": -0.05538558463100344, ""fold_b_query_after"": 4.551082611083984, ""fold_b_utility"": -1.8060626983642578, ""harm_lcb_max"": -0.05475161699578166, ""harm_mean"": -0.05287364684045315, ""harm_se_mean"": 0.0011198744759894907, ""harm_ucb_max"": -0.050359914917498826, ""local_trainability"": -0.0039653778076171875, ""query_after"": 4.55459189414978, ""query_before"": 4.550626516342163, ""system_utility"": -1.8484575748443604}, ""default"": {""feasible_both"": true, ""fold_a_harm"": -0.021913453936576843, ""fold_a_lcb"": -0.026820212341845034, ""fold_a_query_after"": 5.385272026062012, ""fold_a_utility"": -2.7180233001708984, ""fold_b_harm"": -0.021601464599370956, ""fold_b_lcb"": -0.02729888617992401, ""fold_b_query_after"": 5.407834053039551, ""fold_b_utility"": -2.662814140319824, ""harm_lcb_max"": -0.026820212341845034, ""harm_mean"": -0.0217574592679739, ""harm_se_mean"": 0.0027051479555666447, ""harm_ucb_max"": -0.015904043018817902, ""local_trainability"": -0.039612531661987305, ""query_after"": 5.396553039550781, ""query_before"": 5.356940507888794, ""system_utility"": -2.6904187202453613}}, ""status"": ""ok"", ""statusquo_loss"": 2.70613431930542, ""total_memory_budget"": 512}, ""utility_status"": ""ok""}"
78,B2,B,2,adapter_1,reuse,safe_existing_reuse,2.79026460647583,3,True,442368,1949415,0,69404468,649805,15595368,510,50.62916084215976,510678528,0.0,42.75598000083119,5.6460470135789365,512,510,2.720004677772522,-1.5337544679641724,0.0346376895904541,-1.5683921575546265,False,,"{""best_reuse"": ""adapter_1"", ""best_reuse_utility"": 0.0346376895904541, ""decision"": ""reuse"", ""fresh_advantage"": -1.5683921575546265, ""fresh_positive"": false, ""fresh_utility"": -1.5337544679641724, ""full_batch_guards"": {""adapter_1"": {""crossfit_feasible"": true, ""crossfit_utility"": 0.0346376895904541, ""crossfit_utility_positive"": true, ""full_batch_cur_after"": 2.680558204650879, ""full_batch_cur_before"": 2.7200045585632324, ""full_batch_gain"": 0.039446353912353516, ""full_batch_harm"": -0.03259211778640747, ""full_batch_harm_lcb"": -0.0388348351418972, ""full_batch_harm_se"": 0.0031850598752498627, ""full_batch_harm_ucb"": -0.02634940043091774, ""full_batch_safe"": true}, ""adapter_2"": {""crossfit_feasible"": true, ""crossfit_utility"": -1.7819613218307495, ""crossfit_utility_positive"": false, ""full_batch_cur_after"": 4.490604877471924, ""full_batch_cur_before"": 4.498964309692383, ""full_batch_gain"": 0.008359432220458984, ""full_batch_harm"": -0.05262746289372444, ""full_batch_harm_lcb"": -0.0548823532788083, ""full_batch_harm_se"": 0.0011504542781040072, ""full_batch_harm_ucb"": -0.050372572508640585, ""full_batch_safe"": true}, ""default"": {""crossfit_feasible"": true, ""crossfit_utility"": -2.5898555517196655, ""crossfit_utility_positive"": false, ""full_batch_cur_after"": 5.299054145812988, ""full_batch_cur_before"": 5.271505355834961, ""full_batch_gain"": -0.027548789978027344, ""full_batch_harm"": -0.022105727344751358, ""full_batch_harm_lcb"": -0.026883419565856458, ""full_batch_harm_se"": 0.0024375980719923973, ""full_batch_harm_ucb"": -0.01732803512364626, ""full_batch_safe"": true}}, ""guarded_best_reuse"": ""adapter_1"", ""num_adapters"": 3, ""pending_after"": false, ""pending_before"": false, ""policy_version"": ""cau_v1"", ""reason"": ""safe_existing_reuse"", ""utility"": {""batch_n"": 16, ""best_reuse"": ""adapter_1"", ""best_reuse_query_after"": 2.685366988182068, ""best_reuse_utility"": 0.0346376895904541, ""budget_blocked_fresh"": false, ""defer_utility"": 0.0, ""fold_a_fresh_utility"": -1.4998598098754883, ""fold_a_query_n"": 8, ""fold_a_support_n"": 8, ""fold_b_fresh_utility"": -1.5676491260528564, ""fold_b_query_n"": 8, ""fold_b_support_n"": 8, ""fresh_advantage"": -1.5683921575546265, ""fresh_local_trainability"": 0.04904317855834961, ""fresh_positive"": false, ""fresh_query_after"": 4.253759145736694, ""fresh_query_before"": 4.302802324295044, ""fresh_utility"": -1.5337544679641724, ""max_adapters"": 8, ""reuse_profiles"": {""adapter_1"": {""feasible_both"": true, ""fold_a_harm"": -0.03207581117749214, ""fold_a_lcb"": -0.03831900359131396, ""fold_a_query_after"": 2.7039337158203125, ""fold_a_utility"": 0.03464794158935547, ""fold_b_harm"": -0.031715914607048035, ""fold_b_lcb"": -0.037964201690629126, ""fold_b_query_after"": 2.6668002605438232, ""fold_b_utility"": 0.034627437591552734, ""harm_lcb_max"": -0.037964201690629126, ""harm_mean"": -0.03189586289227009, ""harm_se_mean"": 0.0031866019126027822, ""harm_ucb_max"": -0.025467627523466943, ""local_trainability"": 0.0346376895904541, ""query_after"": 2.685366988182068, ""query_before"": 2.720004677772522, ""system_utility"": 0.0346376895904541}, ""adapter_2"": {""feasible_both"": true, ""fold_a_harm"": -0.05316340550780296, ""fold_a_lcb"": -0.055393127840943635, ""fold_a_query_after"": 4.470646858215332, ""fold_a_utility"": -1.732065200805664, ""fold_b_harm"": -0.05330885946750641, ""fold_b_lcb"": -0.05562449000775814, ""fold_b_query_after"": 4.533285140991211, ""fold_b_utility"": -1.831857442855835, ""harm_lcb_max"": -0.055393127840943635, ""harm_mean"": -0.053236132487654686, ""harm_se_mean"": 0.001159528794232756, ""harm_ucb_max"": -0.05093368317466229, ""local_trainability"": -0.003002166748046875, ""query_after"": 4.5019659996032715, ""query_before"": 4.498963832855225, ""system_utility"": -1.7819613218307495}, ""default"": {""feasible_both"": true, ""fold_a_harm"": -0.022229276597499847, ""fold_a_lcb"": -0.02713088328950107, ""fold_a_query_after"": 5.252140998840332, ""fold_a_utility"": -2.513559341430664, ""fold_b_harm"": -0.022256530821323395, ""fold_b_lcb"": -0.02733533700928092, ""fold_b_query_after"": 5.367579460144043, ""fold_b_utility"": -2.666151762008667, ""harm_lcb_max"": -0.02713088328950107, ""harm_mean"": -0.02224290370941162, ""harm_se_mean"": 0.0025460236938670278, ""harm_ucb_max"": -0.01717772463336587, ""local_trainability"": -0.038355112075805664, ""query_after"": 5.3098602294921875, ""query_before"": 5.271505117416382, ""system_utility"": -2.5898555517196655}}, ""status"": ""ok"", ""statusquo_loss"": 2.720004677772522, ""total_memory_budget"": 512}, ""utility_status"": ""ok""}"
79,B2,B,2,adapter_1,reuse,safe_existing_reuse,2.7662529945373535,3,True,442368,1949415,0,69404468,649805,15595368,510,51.51169331907295,510678528,0.0,43.63027167576365,5.6460470135789365,512,510,2.7608596086502075,-1.522743582725525,0.03084862232208252,-1.5535922050476074,False,,"{""best_reuse"": ""adapter_1"", ""best_reuse_utility"": 0.03084862232208252, ""decision"": ""reuse"", ""fresh_advantage"": -1.5535922050476074, ""fresh_positive"": false, ""fresh_utility"": -1.522743582725525, ""full_batch_guards"": {""adapter_1"": {""crossfit_feasible"": true, ""crossfit_utility"": 0.03084862232208252, ""crossfit_utility_positive"": true, ""full_batch_cur_after"": 2.722998857498169, ""full_batch_cur_before"": 2.760859489440918, ""full_batch_gain"": 0.03786063194274902, ""full_batch_harm"": -0.030310314148664474, ""full_batch_harm_lcb"": -0.03614084743894637, ""full_batch_harm_se"": 0.0029747618827968836, ""full_batch_harm_ucb"": -0.024479780858382583, ""full_batch_safe"": true}, ""adapter_2"": {""crossfit_feasible"": true, ""crossfit_utility"": -1.7428168058395386, ""crossfit_utility_positive"": false, ""full_batch_cur_after"": 4.4887285232543945, ""full_batch_cur_before"": 4.500741004943848, ""full_batch_gain"": 0.012012481689453125, ""full_batch_harm"": -0.053274791687726974, ""full_batch_harm_lcb"": -0.05550381261389702, ""full_batch_harm_se"": 0.0011372555745765567, ""full_batch_harm_ucb"": -0.051045770761556926, ""full_batch_safe"": true}, ""default"": {""crossfit_feasible"": true, ""crossfit_utility"": -2.673988461494446, ""crossfit_utility_positive"": false, ""full_batch_cur_after"": 5.418004989624023, ""full_batch_cur_before"": 5.391310691833496, ""full_batch_gain"": -0.026694297790527344, ""full_batch_harm"": -0.02196747437119484, ""full_batch_harm_lcb"": -0.027008634125813842, ""full_batch_harm_se"": 0.0025720202829688787, ""full_batch_harm_ucb"": -0.016926314616575837, ""full_batch_safe"": true}}, ""guarded_best_reuse"": ""adapter_1"", ""num_adapters"": 3, ""pending_after"": false, ""pending_before"": false, ""policy_version"": ""cau_v1"", ""reason"": ""safe_existing_reuse"", ""utility"": {""batch_n"": 16, ""best_reuse"": ""adapter_1"", ""best_reuse_query_after"": 2.730010986328125, ""best_reuse_utility"": 0.03084862232208252, ""budget_blocked_fresh"": false, ""defer_utility"": 0.0, ""fold_a_fresh_utility"": -1.5329747200012207, ""fold_a_query_n"": 8, ""fold_a_support_n"": 8, ""fold_b_fresh_utility"": -1.512512445449829, ""fold_b_query_n"": 8, ""fold_b_support_n"": 8, ""fresh_advantage"": -1.5535922050476074, ""fresh_local_trainability"": 0.04969024658203125, ""fresh_positive"": false, ""fresh_query_after"": 4.283603191375732, ""fresh_query_before"": 4.333293437957764, ""fresh_utility"": -1.522743582725525, ""max_adapters"": 8, ""reuse_profiles"": {""adapter_1"": {""feasible_both"": true, ""fold_a_harm"": -0.028622515499591827, ""fold_a_lcb"": -0.03432191261090338, ""fold_a_query_after"": 2.701143264770508, ""fold_a_utility"": 0.031331539154052734, ""fold_b_harm"": -0.031267181038856506, ""fold_b_lcb"": -0.037352406745776535, ""fold_b_query_after"": 2.758878707885742, ""fold_b_utility"": 0.030365705490112305, ""harm_lcb_max"": -0.03432191261090338, ""harm_mean"": -0.029944848269224167, ""harm_se_mean"": 0.003006281331181526, ""harm_ucb_max"": -0.022923118388280272, ""local_trainability"": 0.03084862232208252, ""query_after"": 2.730010986328125, ""query_before"": 2.7608596086502075, ""system_utility"": 0.03084862232208252}, ""adapter_2"": {""feasible_both"": true, ""fold_a_harm"": -0.05361054837703705, ""fold_a_lcb"": -0.05576407906599343, ""fold_a_query_after"": 4.458189964294434, ""fold_a_utility"": -1.725715160369873, ""fold_b_harm"": -0.053827494382858276, ""fold_b_lcb"": -0.05617016674019396, ""fold_b_query_after"": 4.549162864685059, ""fold_b_utility"": -1.759918451309204, ""harm_lcb_max"": -0.05576407906599343, ""harm_mean"": -0.05371902137994766, ""harm_se_mean"": 0.0011469905730336905, ""harm_ucb_max"": -0.05145701768808067, ""local_trainability"": -0.0029354095458984375, ""query_after"": 4.503676414489746, ""query_before"": 4.500741004943848, ""system_utility"": -1.7428168058395386}, ""default"": {""feasible_both"": true, ""fold_a_harm"": -0.022625021636486053, ""fold_a_lcb"": -0.027561502903699873, ""fold_a_query_after"": 5.48649787902832, ""fold_a_utility"": -2.7540230751037598, ""fold_b_harm"": -0.0218183696269989, ""fold_b_lcb"": -0.027255541384220122, ""fold_b_query_after"": 5.383198261260986, ""fold_b_utility"": -2.593953847885132, ""harm_lcb_max"": -0.027255541384220122, ""harm_mean"": -0.022221695631742477, ""harm_se_mean"": 0.0026463400572538376, ""harm_ucb_max"": -0.01638119786977768, ""local_trainability"": -0.043537139892578125, ""query_after"": 5.434848070144653, ""query_before"": 5.391310930252075, ""system_utility"": -2.673988461494446}}, ""status"": ""ok"", ""statusquo_loss"": 2.7608596086502075, ""total_memory_budget"": 512}, ""utility_status"": ""ok""}"
80,B2,B,2,adapter_1,reuse,safe_existing_reuse,2.6831846237182617,3,True,442368,1949415,0,69404468,649805,15595368,510,52.34722415916622,510678528,0.0,44.45744282985106,5.6460470135789365,512,510,2.6813591443575344,-1.6533213762136607,0.030052056679358848,-1.6833734328930197,False,,"{""best_reuse"": ""adapter_1"", ""best_reuse_utility"": 0.030052056679358848, ""decision"": ""reuse"", ""fresh_advantage"": -1.6833734328930197, ""fresh_positive"": false, ""fresh_utility"": -1.6533213762136607, ""full_batch_guards"": {""adapter_1"": {""crossfit_feasible"": true, ""crossfit_utility"": 0.030052056679358848, ""crossfit_utility_positive"": true, ""full_batch_cur_after"": 2.6416914463043213, ""full_batch_cur_before"": 2.68135929107666, ""full_batch_gain"": 0.03966784477233887, ""full_batch_harm"": -0.029328491538763046, ""full_batch_harm_lcb"": -0.034588132947683335, ""full_batch_harm_se"": 0.002683490514755249, ""full_batch_harm_ucb"": -0.024068850129842757, ""full_batch_safe"": true}, ""adapter_2"": {""crossfit_feasible"": true, ""crossfit_utility"": -1.8924150466918945, ""crossfit_utility_positive"": false, ""full_batch_cur_after"": 4.551969051361084, ""full_batch_cur_before"": 4.560401439666748, ""full_batch_gain"": 0.008432388305664062, ""full_batch_harm"": -0.052944332361221313, ""full_batch_harm_lcb"": -0.05513775197789073, ""full_batch_harm_se"": 0.0011190916411578655, ""full_batch_harm_ucb"": -0.050750912744551895, ""full_batch_safe"": true}, ""default"": {""crossfit_feasible"": true, ""crossfit_utility"": -2.6560179637028623, ""crossfit_utility_positive"": false, ""full_batch_cur_after"": 5.314764499664307, ""full_batch_cur_before"": 5.2886552810668945, ""full_batch_gain"": -0.02610921859741211, ""full_batch_harm"": -0.022736750543117523, ""full_batch_harm_lcb"": -0.027099626483395697, ""full_batch_harm_se"": 0.0022259571123868227, ""full_batch_harm_ucb"": -0.01837387460283935, ""full_batch_safe"": true}}, ""guarded_best_reuse"": ""adapter_1"", ""num_adapters"": 3, ""pending_after"": false, ""pending_before"": false, ""policy_version"": ""cau_v1"", ""reason"": ""safe_existing_reuse"", ""utility"": {""batch_n"": 13, ""best_reuse"": ""adapter_1"", ""best_reuse_query_after"": 2.651307087678176, ""best_reuse_utility"": 0.030052056679358848, ""budget_blocked_fresh"": false, ""defer_utility"": 0.0, ""fold_a_fresh_utility"": -1.7701566219329834, ""fold_a_query_n"": 6, ""fold_a_support_n"": 7, ""fold_b_fresh_utility"": -1.5531768798828125, ""fold_b_query_n"": 7, ""fold_b_support_n"": 6, ""fresh_advantage"": -1.6833734328930197, ""fresh_local_trainability"": 0.02718188212468074, ""fresh_positive"": false, ""fresh_query_after"": 4.334680520571196, ""fresh_query_before"": 4.361862402695876, ""fresh_utility"": -1.6533213762136607, ""max_adapters"": 8, ""reuse_profiles"": {""adapter_1"": {""feasible_both"": true, ""fold_a_harm"": -0.027640867978334427, ""fold_a_lcb"": -0.0330532855913043, ""fold_a_query_after"": 2.556577205657959, ""fold_a_utility"": 0.027296781539916992, ""fold_b_harm"": -0.029314108192920685, ""fold_b_lcb"": -0.034475433975458145, ""fold_b_query_after"": 2.73250412940979, ""fold_b_utility"": 0.03241372108459473, ""harm_lcb_max"": -0.0330532855913043, ""harm_mean"": -0.028477488085627556, ""harm_se_mean"": 0.0026973835192620754, ""harm_ucb_max"": -0.02222845036536455, ""local_trainability"": 0.030052056679358848, ""query_after"": 2.651307087678176, ""query_before"": 2.6813591443575344, ""system_utility"": 0.030052056679358848}, ""adapter_2"": {""feasible_both"": true, ""fold_a_harm"": -0.05379994586110115, ""fold_a_lcb"": -0.0560341632226482, ""fold_a_query_after"": 4.605232238769531, ""fold_a_utility"": -2.0213582515716553, ""fold_b_harm"": -0.05379576236009598, ""fold_b_lcb"": -0.05599184225779027, ""fold_b_query_after"": 4.546810150146484, ""fold_b_utility"": -1.7818922996520996, ""harm_lcb_max"": -0.05599184225779027, ""harm_mean"": -0.053797854110598564, ""harm_se_mean"": 0.0011301778722554445, ""harm_ucb_max"": -0.0515657284995541, ""local_trainability"": -0.01337282474224384, ""query_after"": 4.573774191049429, ""query_before"": 4.560401366307185, ""system_utility"": -1.8924150466918945}, ""default"": {""feasible_both"": true, ""fold_a_harm"": -0.023016422986984253, ""fold_a_lcb"": -0.027736104698851703, ""fold_a_query_after"": 5.481084823608398, ""fold_a_utility"": -2.8972108364105225, ""fold_b_harm"": -0.02261311560869217, ""fold_b_lcb"": -0.027495920760557055, ""fold_b_query_after"": 5.214199066162109, ""fold_b_utility"": -2.4492812156677246, ""harm_lcb_max"": -0.027495920760557055, ""harm_mean"": -0.02281476929783821, ""harm_se_mean"": 0.002449613995850086, ""harm_ucb_max"": -0.017730310456827283, ""local_trainability"": -0.0487219737126277, ""query_after"": 5.337377108060396, ""query_before"": 5.288655134347769, ""system_utility"": -2.6560179637028623}}, ""status"": ""ok"", ""statusquo_loss"": 2.6813591443575344, ""total_memory_budget"": 512}, ""utility_status"": ""ok""}"
