step,segment,concept,occurrence,adapter,decision,reason,loss,num_adapters,train_executed,lora_parameters,private_head_parameters,unwrapped_shared_head_parameters,total_unique_parameters,currently_trainable_parameters,optimizer_state_bytes,replay_items,elapsed_seconds,gpu_peak_allocated_bytes,component_audit_seconds,live_training_seconds,evaluation_seconds,memory_budget,allocated_memory_slots,statusquo_loss,fresh_utility,best_reuse_utility,fresh_advantage,fresh_positive,fresh_feasible_both,info
1,B1,B,1,default,warmup,existing_warmup,4.346154689788818,1,True,147456,649805,0,67809946,797261,6378200,16,2.077221598941833,452496896,0.0,0.4085688958875835,0.0,512,512,,,,,,,"{""best_reuse"": null, ""best_reuse_utility"": null, ""decision"": ""warmup"", ""fresh_positive"": null, ""fresh_utility"": null, ""full_batch_guards"": {}, ""guarded_best_reuse"": null, ""num_adapters"": 1, ""pending_after"": false, ""pending_before"": false, ""policy_version"": ""cau_v1"", ""reason"": ""existing_warmup"", ""utility_status"": ""warmup""}"
2,B1,B,1,default,warmup,existing_warmup,4.228701591491699,1,True,147456,649805,0,67809946,797261,6378200,32,2.104710339102894,474404864,0.0,0.43129347497597337,0.0,512,512,,,,,,,"{""best_reuse"": null, ""best_reuse_utility"": null, ""decision"": ""warmup"", ""fresh_positive"": null, ""fresh_utility"": null, ""full_batch_guards"": {}, ""guarded_best_reuse"": null, ""num_adapters"": 1, ""pending_after"": false, ""pending_before"": false, ""policy_version"": ""cau_v1"", ""reason"": ""existing_warmup"", ""utility_status"": ""warmup""}"
3,B1,B,1,default,warmup,existing_warmup,4.203273296356201,1,True,147456,649805,0,67809946,797261,6378200,48,2.1314212980214506,474404864,0.0,0.4545863189268857,0.0,512,512,,,,,,,"{""best_reuse"": null, ""best_reuse_utility"": null, ""decision"": ""warmup"", ""fresh_positive"": null, ""fresh_utility"": null, ""full_batch_guards"": {}, ""guarded_best_reuse"": null, ""num_adapters"": 1, ""pending_after"": false, ""pending_before"": false, ""policy_version"": ""cau_v1"", ""reason"": ""existing_warmup"", ""utility_status"": ""warmup""}"
4,B1,B,1,default,warmup,existing_warmup,4.183876037597656,1,True,147456,649805,0,67809946,797261,6378200,64,2.1557865529321134,481428992,0.0,0.47616634611040354,0.0,512,512,,,,,,,"{""best_reuse"": null, ""best_reuse_utility"": null, ""decision"": ""warmup"", ""fresh_positive"": null, ""fresh_utility"": null, ""full_batch_guards"": {}, ""guarded_best_reuse"": null, ""num_adapters"": 1, ""pending_after"": false, ""pending_before"": false, ""policy_version"": ""cau_v1"", ""reason"": ""existing_warmup"", ""utility_status"": ""warmup""}"
5,B1,B,1,default,reuse,safe_existing_reuse,4.158328056335449,1,True,147456,649805,0,67809946,797261,6378200,80,2.566144918091595,481428992,0.0,0.8836029099766165,0.0,512,512,4.12943434715271,-0.1715552806854248,0.05773735046386719,-0.229292631149292,False,,"{""best_reuse"": ""default"", ""best_reuse_utility"": 0.05773735046386719, ""decision"": ""reuse"", ""fresh_advantage"": -0.229292631149292, ""fresh_positive"": false, ""fresh_utility"": -0.1715552806854248, ""full_batch_guards"": {""default"": {""crossfit_feasible"": true, ""crossfit_utility"": 0.05773735046386719, ""crossfit_utility_positive"": true, ""full_batch_cur_after"": 4.062213897705078, ""full_batch_cur_before"": 4.129434108734131, ""full_batch_gain"": 0.06722021102905273, ""full_batch_harm"": -0.06358062475919724, ""full_batch_harm_lcb"": -0.06744808787479997, ""full_batch_harm_se"": 0.001973195467144251, ""full_batch_harm_ucb"": -0.059713161643594505, ""full_batch_safe"": true}}, ""guarded_best_reuse"": ""default"", ""num_adapters"": 1, ""pending_after"": false, ""pending_before"": false, ""policy_version"": ""cau_v1"", ""reason"": ""safe_existing_reuse"", ""utility"": {""batch_n"": 16, ""best_reuse"": ""default"", ""best_reuse_query_after"": 4.071696996688843, ""best_reuse_utility"": 0.05773735046386719, ""budget_blocked_fresh"": false, ""defer_utility"": 0.0, ""fold_a_fresh_utility"": -0.12485551834106445, ""fold_a_query_n"": 8, ""fold_a_support_n"": 8, ""fold_b_fresh_utility"": -0.21825504302978516, ""fold_b_query_n"": 8, ""fold_b_support_n"": 8, ""fresh_advantage"": -0.229292631149292, ""fresh_local_trainability"": 0.041353702545166016, ""fresh_positive"": false, ""fresh_query_after"": 4.300989627838135, ""fresh_query_before"": 4.342343330383301, ""fresh_utility"": -0.1715552806854248, ""max_adapters"": 8, ""reuse_profiles"": {""default"": {""feasible_both"": true, ""fold_a_harm"": -0.06285682320594788, ""fold_a_lcb"": -0.06775255806744099, ""fold_a_query_after"": 4.101550102233887, ""fold_a_utility"": 0.0522618293762207, ""fold_b_harm"": -0.06026041507720947, ""fold_b_lcb"": -0.06369412232656031, ""fold_b_query_after"": 4.041843891143799, ""fold_b_utility"": 0.06321287155151367, ""harm_lcb_max"": -0.06369412232656031, ""harm_mean"": -0.061558619141578674, ""harm_se_mean"": 0.002124857681337744, ""harm_ucb_max"": -0.056826707827858626, ""local_trainability"": 0.05773735046386719, ""query_after"": 4.071696996688843, ""query_before"": 4.12943434715271, ""system_utility"": 0.05773735046386719}}, ""status"": ""ok"", ""statusquo_loss"": 4.12943434715271, ""total_memory_budget"": 512}, ""utility_status"": ""ok""}"
6,B1,B,1,default,reuse,safe_existing_reuse,4.051793098449707,1,True,147456,649805,0,67809946,797261,6378200,96,2.960248613031581,481428992,0.0,1.2740276029799134,0.0,512,512,4.007447242736816,-0.26050376892089844,0.05460560321807861,-0.31510937213897705,False,,"{""best_reuse"": ""default"", ""best_reuse_utility"": 0.05460560321807861, ""decision"": ""reuse"", ""fresh_advantage"": -0.31510937213897705, ""fresh_positive"": false, ""fresh_utility"": -0.26050376892089844, ""full_batch_guards"": {""default"": {""crossfit_feasible"": true, ""crossfit_utility"": 0.05460560321807861, ""crossfit_utility_positive"": true, ""full_batch_cur_after"": 3.9417335987091064, ""full_batch_cur_before"": 4.007447242736816, ""full_batch_gain"": 0.06571364402770996, ""full_batch_harm"": -0.06524206697940826, ""full_batch_harm_lcb"": -0.06876020135823638, ""full_batch_harm_se"": 0.0017949665198102593, ""full_batch_harm_ucb"": -0.06172393260058016, ""full_batch_safe"": true}}, ""guarded_best_reuse"": ""default"", ""num_adapters"": 1, ""pending_after"": false, ""pending_before"": false, ""policy_version"": ""cau_v1"", ""reason"": ""safe_existing_reuse"", ""utility"": {""batch_n"": 16, ""best_reuse"": ""default"", ""best_reuse_query_after"": 3.952841639518738, ""best_reuse_utility"": 0.05460560321807861, ""budget_blocked_fresh"": false, ""defer_utility"": 0.0, ""fold_a_fresh_utility"": -0.25967884063720703, ""fold_a_query_n"": 8, ""fold_a_support_n"": 8, ""fold_b_fresh_utility"": -0.26132869720458984, ""fold_b_query_n"": 8, ""fold_b_support_n"": 8, ""fresh_advantage"": -0.31510937213897705, ""fresh_local_trainability"": 0.032248497009277344, ""fresh_positive"": false, ""fresh_query_after"": 4.267951011657715, ""fresh_query_before"": 4.300199508666992, ""fresh_utility"": -0.26050376892089844, ""max_adapters"": 8, ""reuse_profiles"": {""default"": {""feasible_both"": true, ""fold_a_harm"": -0.06322558224201202, ""fold_a_lcb"": -0.06719907189719379, ""fold_a_query_after"": 3.9755983352661133, ""fold_a_utility"": 0.05421733856201172, ""fold_b_harm"": -0.062117110937833786, ""fold_b_lcb"": -0.06593473582528532, ""fold_b_query_after"": 3.9300849437713623, ""fold_b_utility"": 0.05499386787414551, ""harm_lcb_max"": -0.06593473582528532, ""harm_mean"": -0.0626713465899229, ""harm_se_mean"": 0.001987529220059514, ""harm_ucb_max"": -0.05829948605038226, ""local_trainability"": 0.05460560321807861, ""query_after"": 3.952841639518738, ""query_before"": 4.007447242736816, ""system_utility"": 0.05460560321807861}}, ""status"": ""ok"", ""statusquo_loss"": 4.007447242736816, ""total_memory_budget"": 512}, ""utility_status"": ""ok""}"
7,B1,B,1,default,reuse,safe_existing_reuse,3.954014301300049,1,True,147456,649805,0,67809946,797261,6378200,112,3.3518298780545592,481428992,0.0,1.6620922610163689,0.0,512,512,3.958966851234436,-0.3198896646499634,0.06384217739105225,-0.3837318420410156,False,,"{""best_reuse"": ""default"", ""best_reuse_utility"": 0.06384217739105225, ""decision"": ""reuse"", ""fresh_advantage"": -0.3837318420410156, ""fresh_positive"": false, ""fresh_utility"": -0.3198896646499634, ""full_batch_guards"": {""default"": {""crossfit_feasible"": true, ""crossfit_utility"": 0.06384217739105225, ""crossfit_utility_positive"": true, ""full_batch_cur_after"": 3.88571834564209, ""full_batch_cur_before"": 3.9589669704437256, ""full_batch_gain"": 0.07324862480163574, ""full_batch_harm"": -0.06589919328689575, ""full_batch_harm_lcb"": -0.06971399611793458, ""full_batch_harm_se"": 0.0019463279750198126, ""full_batch_harm_ucb"": -0.06208439045585692, ""full_batch_safe"": true}}, ""guarded_best_reuse"": ""default"", ""num_adapters"": 1, ""pending_after"": false, ""pending_before"": false, ""policy_version"": ""cau_v1"", ""reason"": ""safe_existing_reuse"", ""utility"": {""batch_n"": 16, ""best_reuse"": ""default"", ""best_reuse_query_after"": 3.895124673843384, ""best_reuse_utility"": 0.06384217739105225, ""budget_blocked_fresh"": false, ""defer_utility"": 0.0, ""fold_a_fresh_utility"": -0.3301656246185303, ""fold_a_query_n"": 8, ""fold_a_support_n"": 8, ""fold_b_fresh_utility"": -0.3096137046813965, ""fold_b_query_n"": 8, ""fold_b_support_n"": 8, ""fresh_advantage"": -0.3837318420410156, ""fresh_local_trainability"": 0.03136277198791504, ""fresh_positive"": false, ""fresh_query_after"": 4.278856515884399, ""fresh_query_before"": 4.3102192878723145, ""fresh_utility"": -0.3198896646499634, ""max_adapters"": 8, ""reuse_profiles"": {""default"": {""feasible_both"": true, ""fold_a_harm"": -0.06437747180461884, ""fold_a_lcb"": -0.06823266782797872, ""fold_a_query_after"": 3.900822639465332, ""fold_a_utility"": 0.06397318840026855, ""fold_b_harm"": -0.06325186043977737, ""fold_b_lcb"": -0.06691305902320892, ""fold_b_query_after"": 3.8894267082214355, ""fold_b_utility"": 0.06371116638183594, ""harm_lcb_max"": -0.06691305902320892, ""harm_mean"": -0.0638146661221981, ""harm_se_mean"": 0.0019174476037733257, ""harm_ucb_max"": -0.05959066185634583, ""local_trainability"": 0.06384217739105225, ""query_after"": 3.895124673843384, ""query_before"": 3.958966851234436, ""system_utility"": 0.06384217739105225}}, ""status"": ""ok"", ""statusquo_loss"": 3.958966851234436, ""total_memory_budget"": 512}, ""utility_status"": ""ok""}"
8,B1,B,1,default,reuse,safe_existing_reuse,3.885759115219116,1,True,147456,649805,0,67809946,797261,6378200,128,3.7530059989076108,481428992,0.0,2.0596934529021382,0.0,512,512,3.8795021772384644,-0.3582655191421509,0.0663367509841919,-0.4246022701263428,False,,"{""best_reuse"": ""default"", ""best_reuse_utility"": 0.0663367509841919, ""decision"": ""reuse"", ""fresh_advantage"": -0.4246022701263428, ""fresh_positive"": false, ""fresh_utility"": -0.3582655191421509, ""full_batch_guards"": {""default"": {""crossfit_feasible"": true, ""crossfit_utility"": 0.0663367509841919, ""crossfit_utility_positive"": true, ""full_batch_cur_after"": 3.8064427375793457, ""full_batch_cur_before"": 3.879502296447754, ""full_batch_gain"": 0.0730595588684082, ""full_batch_harm"": -0.0698082447052002, ""full_batch_harm_lcb"": -0.07351740045007318, ""full_batch_harm_se"": 0.0018924264004454017, ""full_batch_harm_ucb"": -0.0660990889603272, ""full_batch_safe"": true}}, ""guarded_best_reuse"": ""default"", ""num_adapters"": 1, ""pending_after"": false, ""pending_before"": false, ""policy_version"": ""cau_v1"", ""reason"": ""safe_existing_reuse"", ""utility"": {""batch_n"": 16, ""best_reuse"": ""default"", ""best_reuse_query_after"": 3.8131654262542725, ""best_reuse_utility"": 0.0663367509841919, ""budget_blocked_fresh"": false, ""defer_utility"": 0.0, ""fold_a_fresh_utility"": -0.3490478992462158, ""fold_a_query_n"": 8, ""fold_a_support_n"": 8, ""fold_b_fresh_utility"": -0.36748313903808594, ""fold_b_query_n"": 8, ""fold_b_support_n"": 8, ""fresh_advantage"": -0.4246022701263428, ""fresh_local_trainability"": 0.05628633499145508, ""fresh_positive"": false, ""fresh_query_after"": 4.237767696380615, ""fresh_query_before"": 4.29405403137207, ""fresh_utility"": -0.3582655191421509, ""max_adapters"": 8, ""reuse_profiles"": {""default"": {""feasible_both"": true, ""fold_a_harm"": -0.06730198860168457, ""fold_a_lcb"": -0.07074070449918508, ""fold_a_query_after"": 3.8192663192749023, ""fold_a_utility"": 0.06952929496765137, ""fold_b_harm"": -0.06945353746414185, ""fold_b_lcb"": -0.07346971893683076, ""fold_b_query_after"": 3.8070645332336426, ""fold_b_utility"": 0.06314420700073242, ""harm_lcb_max"": -0.07074070449918508, ""harm_mean"": -0.06837776303291321, ""harm_se_mean"": 0.0019017595332115889, ""harm_ucb_max"": -0.06386327270418406, ""local_trainability"": 0.0663367509841919, ""query_after"": 3.8131654262542725, ""query_before"": 3.8795021772384644, ""system_utility"": 0.0663367509841919}}, ""status"": ""ok"", ""statusquo_loss"": 3.8795021772384644, ""total_memory_budget"": 512}, ""utility_status"": ""ok""}"
9,B1,B,1,default,reuse,safe_existing_reuse,3.8912696838378906,1,True,147456,649805,0,67809946,797261,6378200,144,4.1486186159309,481428992,0.0,2.4514562538824975,0.0,512,512,3.8659942150115967,-0.3959953784942627,0.06377196311950684,-0.45976734161376953,False,,"{""best_reuse"": ""default"", ""best_reuse_utility"": 0.06377196311950684, ""decision"": ""reuse"", ""fresh_advantage"": -0.45976734161376953, ""fresh_positive"": false, ""fresh_utility"": -0.3959953784942627, ""full_batch_guards"": {""default"": {""crossfit_feasible"": true, ""crossfit_utility"": 0.06377196311950684, ""crossfit_utility_positive"": true, ""full_batch_cur_after"": 3.793527603149414, ""full_batch_cur_before"": 3.8659939765930176, ""full_batch_gain"": 0.07246637344360352, ""full_batch_harm"": -0.0706605389714241, ""full_batch_harm_lcb"": -0.07413613806013018, ""full_batch_harm_se"": 0.0017732648411765695, ""full_batch_harm_ucb"": -0.06718493988271802, ""full_batch_safe"": true}}, ""guarded_best_reuse"": ""default"", ""num_adapters"": 1, ""pending_after"": false, ""pending_before"": false, ""policy_version"": ""cau_v1"", ""reason"": ""safe_existing_reuse"", ""utility"": {""batch_n"": 16, ""best_reuse"": ""default"", ""best_reuse_query_after"": 3.80222225189209, ""best_reuse_utility"": 0.06377196311950684, ""budget_blocked_fresh"": false, ""defer_utility"": 0.0, ""fold_a_fresh_utility"": -0.428835391998291, ""fold_a_query_n"": 8, ""fold_a_support_n"": 8, ""fold_b_fresh_utility"": -0.3631553649902344, ""fold_b_query_n"": 8, ""fold_b_support_n"": 8, ""fresh_advantage"": -0.45976734161376953, ""fresh_local_trainability"": 0.034470558166503906, ""fresh_positive"": false, ""fresh_query_after"": 4.261989593505859, ""fresh_query_before"": 4.296460151672363, ""fresh_utility"": -0.3959953784942627, ""max_adapters"": 8, ""reuse_profiles"": {""default"": {""feasible_both"": true, ""fold_a_harm"": -0.0677691400051117, ""fold_a_lcb"": -0.07140725559089332, ""fold_a_query_after"": 3.7958860397338867, ""fold_a_utility"": 0.06254911422729492, ""fold_b_harm"": -0.07018160820007324, ""fold_b_lcb"": -0.07398420828394592, ""fold_b_query_after"": 3.808558464050293, ""fold_b_utility"": 0.06499481201171875, ""harm_lcb_max"": -0.07140725559089332, ""harm_mean"": -0.06897537410259247, ""harm_se_mean"": 0.0018981417524628341, ""harm_ucb_max"": -0.06413102441933007, ""local_trainability"": 0.06377196311950684, ""query_after"": 3.80222225189209, ""query_before"": 3.8659942150115967, ""system_utility"": 0.06377196311950684}}, ""status"": ""ok"", ""statusquo_loss"": 3.8659942150115967, ""total_memory_budget"": 512}, ""utility_status"": ""ok""}"
10,B1,B,1,default,reuse,safe_existing_reuse,3.7632555961608887,1,True,147456,649805,0,67809946,797261,6378200,160,4.546110996045172,481428992,0.0,2.844935381785035,0.0,512,512,3.787212610244751,-0.46924805641174316,0.0684438943862915,-0.5376919507980347,False,,"{""best_reuse"": ""default"", ""best_reuse_utility"": 0.0684438943862915, ""decision"": ""reuse"", ""fresh_advantage"": -0.5376919507980347, ""fresh_positive"": false, ""fresh_utility"": -0.46924805641174316, ""full_batch_guards"": {""default"": {""crossfit_feasible"": true, ""crossfit_utility"": 0.0684438943862915, ""crossfit_utility_positive"": true, ""full_batch_cur_after"": 3.7083287239074707, ""full_batch_cur_before"": 3.787212610244751, ""full_batch_gain"": 0.07888388633728027, ""full_batch_harm"": -0.07553952932357788, ""full_batch_harm_lcb"": -0.07906910024117679, ""full_batch_harm_se"": 0.001800801488570869, ""full_batch_harm_ucb"": -0.07200995840597897, ""full_batch_safe"": true}}, ""guarded_best_reuse"": ""default"", ""num_adapters"": 1, ""pending_after"": false, ""pending_before"": false, ""policy_version"": ""cau_v1"", ""reason"": ""safe_existing_reuse"", ""utility"": {""batch_n"": 16, ""best_reuse"": ""default"", ""best_reuse_query_after"": 3.7187687158584595, ""best_reuse_utility"": 0.0684438943862915, ""budget_blocked_fresh"": false, ""defer_utility"": 0.0, ""fold_a_fresh_utility"": -0.4907541275024414, ""fold_a_query_n"": 8, ""fold_a_support_n"": 8, ""fold_b_fresh_utility"": -0.4477419853210449, ""fold_b_query_n"": 8, ""fold_b_support_n"": 8, ""fresh_advantage"": -0.5376919507980347, ""fresh_local_trainability"": 0.03986954689025879, ""fresh_positive"": false, ""fresh_query_after"": 4.256460666656494, ""fresh_query_before"": 4.296330213546753, ""fresh_utility"": -0.46924805641174316, ""max_adapters"": 8, ""reuse_profiles"": {""default"": {""feasible_both"": true, ""fold_a_harm"": -0.07303381711244583, ""fold_a_lcb"": -0.07654532965272665, ""fold_a_query_after"": 3.6903457641601562, ""fold_a_utility"": 0.0711526870727539, ""fold_b_harm"": -0.07545202970504761, ""fold_b_lcb"": -0.07923387234099209, ""fold_b_query_after"": 3.7471916675567627, ""fold_b_utility"": 0.0657351016998291, ""harm_lcb_max"": -0.07654532965272665, ""harm_mean"": -0.07424292340874672, ""harm_se_mean"": 0.001860549789853394, ""harm_ucb_max"": -0.06952230457216502, ""local_trainability"": 0.0684438943862915, ""query_after"": 3.7187687158584595, ""query_before"": 3.787212610244751, ""system_utility"": 0.0684438943862915}}, ""status"": ""ok"", ""statusquo_loss"": 3.787212610244751, ""total_memory_budget"": 512}, ""utility_status"": ""ok""}"
11,B1,B,1,default,reuse,safe_existing_reuse,3.74678111076355,1,True,147456,649805,0,67809946,797261,6378200,176,4.9434501701034606,481428992,0.0,3.2380776307545602,0.0,512,512,3.7210636138916016,-0.5965976715087891,0.07030534744262695,-0.666903018951416,False,,"{""best_reuse"": ""default"", ""best_reuse_utility"": 0.07030534744262695, ""decision"": ""reuse"", ""fresh_advantage"": -0.666903018951416, ""fresh_positive"": false, ""fresh_utility"": -0.5965976715087891, ""full_batch_guards"": {""default"": {""crossfit_feasible"": true, ""crossfit_utility"": 0.07030534744262695, ""crossfit_utility_positive"": true, ""full_batch_cur_after"": 3.641409397125244, ""full_batch_cur_before"": 3.7210636138916016, ""full_batch_gain"": 0.07965421676635742, ""full_batch_harm"": -0.07988704741001129, ""full_batch_harm_lcb"": -0.08368504818994552, ""full_batch_harm_se"": 0.0019377554999664426, ""full_batch_harm_ucb"": -0.07608904663007707, ""full_batch_safe"": true}}, ""guarded_best_reuse"": ""default"", ""num_adapters"": 1, ""pending_after"": false, ""pending_before"": false, ""policy_version"": ""cau_v1"", ""reason"": ""safe_existing_reuse"", ""utility"": {""batch_n"": 16, ""best_reuse"": ""default"", ""best_reuse_query_after"": 3.6507582664489746, ""best_reuse_utility"": 0.07030534744262695, ""budget_blocked_fresh"": false, ""defer_utility"": 0.0, ""fold_a_fresh_utility"": -0.5496909618377686, ""fold_a_query_n"": 8, ""fold_a_support_n"": 8, ""fold_b_fresh_utility"": -0.6435043811798096, ""fold_b_query_n"": 8, ""fold_b_support_n"": 8, ""fresh_advantage"": -0.666903018951416, ""fresh_local_trainability"": 0.021050214767456055, ""fresh_positive"": false, ""fresh_query_after"": 4.317661285400391, ""fresh_query_before"": 4.338711500167847, ""fresh_utility"": -0.5965976715087891, ""max_adapters"": 8, ""reuse_profiles"": {""default"": {""feasible_both"": true, ""fold_a_harm"": -0.079609215259552, ""fold_a_lcb"": -0.08442914295010269, ""fold_a_query_after"": 3.712137222290039, ""fold_a_utility"": 0.06470513343811035, ""fold_b_harm"": -0.07599255442619324, ""fold_b_lcb"": -0.0790759043302387, ""fold_b_query_after"": 3.58937931060791, ""fold_b_utility"": 0.07590556144714355, ""harm_lcb_max"": -0.0790759043302387, ""harm_mean"": -0.07780088484287262, ""harm_se_mean"": 0.0020161422435194254, ""harm_ucb_max"": -0.07290920452214777, ""local_trainability"": 0.07030534744262695, ""query_after"": 3.6507582664489746, ""query_before"": 3.7210636138916016, ""system_utility"": 0.07030534744262695}}, ""status"": ""ok"", ""statusquo_loss"": 3.7210636138916016, ""total_memory_budget"": 512}, ""utility_status"": ""ok""}"
12,B1,B,1,default,reuse,safe_existing_reuse,3.596376419067383,1,True,147456,649805,0,67809946,797261,6378200,192,5.340123906964436,481428992,0.0,3.6302491726819426,0.0,512,512,3.5806307792663574,-0.6685006618499756,0.08171617984771729,-0.7502168416976929,False,,"{""best_reuse"": ""default"", ""best_reuse_utility"": 0.08171617984771729, ""decision"": ""reuse"", ""fresh_advantage"": -0.7502168416976929, ""fresh_positive"": false, ""fresh_utility"": -0.6685006618499756, ""full_batch_guards"": {""default"": {""crossfit_feasible"": true, ""crossfit_utility"": 0.08171617984771729, ""crossfit_utility_positive"": true, ""full_batch_cur_after"": 3.4912734031677246, ""full_batch_cur_before"": 3.5806310176849365, ""full_batch_gain"": 0.08935761451721191, ""full_batch_harm"": -0.08123861253261566, ""full_batch_harm_lcb"": -0.0860694975964725, ""full_batch_harm_se"": 0.0024647372774779797, ""full_batch_harm_ucb"": -0.07640772746875882, ""full_batch_safe"": true}}, ""guarded_best_reuse"": ""default"", ""num_adapters"": 1, ""pending_after"": false, ""pending_before"": false, ""policy_version"": ""cau_v1"", ""reason"": ""safe_existing_reuse"", ""utility"": {""batch_n"": 16, ""best_reuse"": ""default"", ""best_reuse_query_after"": 3.49891459941864, ""best_reuse_utility"": 0.08171617984771729, ""budget_blocked_fresh"": false, ""defer_utility"": 0.0, ""fold_a_fresh_utility"": -0.6400384902954102, ""fold_a_query_n"": 8, ""fold_a_support_n"": 8, ""fold_b_fresh_utility"": -0.696962833404541, ""fold_b_query_n"": 8, ""fold_b_support_n"": 8, ""fresh_advantage"": -0.7502168416976929, ""fresh_local_trainability"": 0.03343796730041504, ""fresh_positive"": false, ""fresh_query_after"": 4.249131441116333, ""fresh_query_before"": 4.282569408416748, ""fresh_utility"": -0.6685006618499756, ""max_adapters"": 8, ""reuse_profiles"": {""default"": {""feasible_both"": true, ""fold_a_harm"": -0.07887376844882965, ""fold_a_lcb"": -0.08365304967388511, ""fold_a_query_after"": 3.562436103820801, ""fold_a_utility"": 0.07964611053466797, ""fold_b_harm"": -0.0801672488451004, ""fold_b_lcb"": -0.08506066135130823, ""fold_b_query_after"": 3.4353930950164795, ""fold_b_utility"": 0.0837862491607666, ""harm_lcb_max"": -0.08365304967388511, ""harm_mean"": -0.07952050864696503, ""harm_se_mean"": 0.002467523911036551, ""harm_ucb_max"": -0.0740944872237742, ""local_trainability"": 0.08171617984771729, ""query_after"": 3.49891459941864, ""query_before"": 3.5806307792663574, ""system_utility"": 0.08171617984771729}}, ""status"": ""ok"", ""statusquo_loss"": 3.5806307792663574, ""total_memory_budget"": 512}, ""utility_status"": ""ok""}"
13,B1,B,1,default,reuse,safe_existing_reuse,3.575394630432129,1,True,147456,649805,0,67809946,797261,6378200,208,5.685418650973588,481428992,0.0,3.971810033544898,0.0,512,512,3.5141444206237793,-0.7385439872741699,0.08757829666137695,-0.8261222839355469,False,,"{""best_reuse"": ""default"", ""best_reuse_utility"": 0.08757829666137695, ""decision"": ""reuse"", ""fresh_advantage"": -0.8261222839355469, ""fresh_positive"": false, ""fresh_utility"": -0.7385439872741699, ""full_batch_guards"": {""default"": {""crossfit_feasible"": true, ""crossfit_utility"": 0.08757829666137695, ""crossfit_utility_positive"": true, ""full_batch_cur_after"": 3.417506694793701, ""full_batch_cur_before"": 3.5141444206237793, ""full_batch_gain"": 0.09663772583007812, ""full_batch_harm"": -0.08797504752874374, ""full_batch_harm_lcb"": -0.09216625628061592, ""full_batch_harm_se"": 0.0021383718121796846, ""full_batch_harm_ucb"": -0.08378383877687157, ""full_batch_safe"": true}}, ""guarded_best_reuse"": ""default"", ""num_adapters"": 1, ""pending_after"": false, ""pending_before"": false, ""policy_version"": ""cau_v1"", ""reason"": ""safe_existing_reuse"", ""utility"": {""batch_n"": 16, ""best_reuse"": ""default"", ""best_reuse_query_after"": 3.4265661239624023, ""best_reuse_utility"": 0.08757829666137695, ""budget_blocked_fresh"": false, ""defer_utility"": 0.0, ""fold_a_fresh_utility"": -0.7580647468566895, ""fold_a_query_n"": 8, ""fold_a_support_n"": 8, ""fold_b_fresh_utility"": -0.7190232276916504, ""fold_b_query_n"": 8, ""fold_b_support_n"": 8, ""fresh_advantage"": -0.8261222839355469, ""fresh_local_trainability"": 0.0365138053894043, ""fresh_positive"": false, ""fresh_query_after"": 4.252688407897949, ""fresh_query_before"": 4.2892022132873535, ""fresh_utility"": -0.7385439872741699, ""max_adapters"": 8, ""reuse_profiles"": {""default"": {""feasible_both"": true, ""fold_a_harm"": -0.08506608754396439, ""fold_a_lcb"": -0.09009092783555389, ""fold_a_query_after"": 3.4206318855285645, ""fold_a_utility"": 0.08015823364257812, ""fold_b_harm"": -0.0876774862408638, ""fold_b_lcb"": -0.09147836132906377, ""fold_b_query_after"": 3.4325003623962402, ""fold_b_utility"": 0.09499835968017578, ""harm_lcb_max"": -0.09009092783555389, ""harm_mean"": -0.08637178689241409, ""harm_se_mean"": 0.0022514580050483346, ""harm_ucb_max"": -0.08004124725237488, ""local_trainability"": 0.08757829666137695, ""query_after"": 3.4265661239624023, ""query_before"": 3.5141444206237793, ""system_utility"": 0.08757829666137695}}, ""status"": ""ok"", ""statusquo_loss"": 3.5141444206237793, ""total_memory_budget"": 512}, ""utility_status"": ""ok""}"
14,B1,B,1,default,reuse,safe_existing_reuse,3.4768426418304443,1,True,147456,649805,0,67809946,797261,6378200,224,6.0320860939100385,481428992,0.0,4.314738232642412,0.0,512,512,3.4434114694595337,-0.839741587638855,0.09230589866638184,-0.9320474863052368,False,,"{""best_reuse"": ""default"", ""best_reuse_utility"": 0.09230589866638184, ""decision"": ""reuse"", ""fresh_advantage"": -0.9320474863052368, ""fresh_positive"": false, ""fresh_utility"": -0.839741587638855, ""full_batch_guards"": {""default"": {""crossfit_feasible"": true, ""crossfit_utility"": 0.09230589866638184, ""crossfit_utility_positive"": true, ""full_batch_cur_after"": 3.344320058822632, ""full_batch_cur_before"": 3.443411350250244, ""full_batch_gain"": 0.0990912914276123, ""full_batch_harm"": -0.09451951086521149, ""full_batch_harm_lcb"": -0.09929546896368265, ""full_batch_harm_se"": 0.0024367133155465126, ""full_batch_harm_ucb"": -0.08974355276674033, ""full_batch_safe"": true}}, ""guarded_best_reuse"": ""default"", ""num_adapters"": 1, ""pending_after"": false, ""pending_before"": false, ""policy_version"": ""cau_v1"", ""reason"": ""safe_existing_reuse"", ""utility"": {""batch_n"": 16, ""best_reuse"": ""default"", ""best_reuse_query_after"": 3.351105570793152, ""best_reuse_utility"": 0.09230589866638184, ""budget_blocked_fresh"": false, ""defer_utility"": 0.0, ""fold_a_fresh_utility"": -0.8896689414978027, ""fold_a_query_n"": 8, ""fold_a_support_n"": 8, ""fold_b_fresh_utility"": -0.7898142337799072, ""fold_b_query_n"": 8, ""fold_b_support_n"": 8, ""fresh_advantage"": -0.9320474863052368, ""fresh_local_trainability"": 0.04512357711791992, ""fresh_positive"": false, ""fresh_query_after"": 4.283153057098389, ""fresh_query_before"": 4.328276634216309, ""fresh_utility"": -0.839741587638855, ""max_adapters"": 8, ""reuse_profiles"": {""default"": {""feasible_both"": true, ""fold_a_harm"": -0.09210243821144104, ""fold_a_lcb"": -0.0970030222274363, ""fold_a_query_after"": 3.3074100017547607, ""fold_a_utility"": 0.09493231773376465, ""fold_b_harm"": -0.09434421360492706, ""fold_b_lcb"": -0.09904764019884169, ""fold_b_query_after"": 3.394801139831543, ""fold_b_utility"": 0.08967947959899902, ""harm_lcb_max"": -0.0970030222274363, ""harm_mean"": -0.09322332590818405, ""harm_se_mean"": 0.0024500027066096663, ""harm_ucb_max"": -0.08720185419544578, ""local_trainability"": 0.09230589866638184, ""query_after"": 3.351105570793152, ""query_before"": 3.4434114694595337, ""system_utility"": 0.09230589866638184}}, ""status"": ""ok"", ""statusquo_loss"": 3.4434114694595337, ""total_memory_budget"": 512}, ""utility_status"": ""ok""}"
15,B1,B,1,default,reuse,safe_existing_reuse,3.3965842723846436,1,True,147456,649805,0,67809946,797261,6378200,240,6.415445331949741,481428992,0.0,4.694153941469267,0.0,512,512,3.381761312484741,-0.8881616592407227,0.09302806854248047,-0.9811897277832031,False,,"{""best_reuse"": ""default"", ""best_reuse_utility"": 0.09302806854248047, ""decision"": ""reuse"", ""fresh_advantage"": -0.9811897277832031, ""fresh_positive"": false, ""fresh_utility"": -0.8881616592407227, ""full_batch_guards"": {""default"": {""crossfit_feasible"": true, ""crossfit_utility"": 0.09302806854248047, ""crossfit_utility_positive"": true, ""full_batch_cur_after"": 3.2788243293762207, ""full_batch_cur_before"": 3.381761312484741, ""full_batch_gain"": 0.10293698310852051, ""full_batch_harm"": -0.0962928757071495, ""full_batch_harm_lcb"": -0.10119566297158598, ""full_batch_harm_se"": 0.0025014220736920834, ""full_batch_harm_ucb"": -0.09139008844271303, ""full_batch_safe"": true}}, ""guarded_best_reuse"": ""default"", ""num_adapters"": 1, ""pending_after"": false, ""pending_before"": false, ""policy_version"": ""cau_v1"", ""reason"": ""safe_existing_reuse"", ""utility"": {""batch_n"": 16, ""best_reuse"": ""default"", ""best_reuse_query_after"": 3.2887332439422607, ""best_reuse_utility"": 0.09302806854248047, ""budget_blocked_fresh"": false, ""defer_utility"": 0.0, ""fold_a_fresh_utility"": -0.865957498550415, ""fold_a_query_n"": 8, ""fold_a_support_n"": 8, ""fold_b_fresh_utility"": -0.9103658199310303, ""fold_b_query_n"": 8, ""fold_b_support_n"": 8, ""fresh_advantage"": -0.9811897277832031, ""fresh_local_trainability"": 0.03851509094238281, ""fresh_positive"": false, ""fresh_query_after"": 4.269922971725464, ""fresh_query_before"": 4.308438062667847, ""fresh_utility"": -0.8881616592407227, ""max_adapters"": 8, ""reuse_profiles"": {""default"": {""feasible_both"": true, ""fold_a_harm"": -0.09417231380939484, ""fold_a_lcb"": -0.09972103985026479, ""fold_a_query_after"": 3.328153610229492, ""fold_a_utility"": 0.0916130542755127, ""fold_b_harm"": -0.09483751654624939, ""fold_b_lcb"": -0.09904637364670635, ""fold_b_query_after"": 3.2493128776550293, ""fold_b_utility"": 0.09444308280944824, ""harm_lcb_max"": -0.09904637364670635, ""harm_mean"": -0.09450491517782211, ""harm_se_mean"": 0.0024891793727874756, ""harm_ucb_max"": -0.08862358776852489, ""local_trainability"": 0.09302806854248047, ""query_after"": 3.2887332439422607, ""query_before"": 3.381761312484741, ""system_utility"": 0.09302806854248047}}, ""status"": ""ok"", ""statusquo_loss"": 3.381761312484741, ""total_memory_budget"": 512}, ""utility_status"": ""ok""}"
16,B1,B,1,default,reuse,safe_existing_reuse,3.338552713394165,1,True,147456,649805,0,67809946,797261,6378200,253,6.7856230949983,481428992,0.0,5.06021952140145,0.0,512,512,3.294932823914748,-1.029764120395367,0.09119534492492676,-1.1209594653202937,False,,"{""best_reuse"": ""default"", ""best_reuse_utility"": 0.09119534492492676, ""decision"": ""reuse"", ""fresh_advantage"": -1.1209594653202937, ""fresh_positive"": false, ""fresh_utility"": -1.029764120395367, ""full_batch_guards"": {""default"": {""crossfit_feasible"": true, ""crossfit_utility"": 0.09119534492492676, ""crossfit_utility_positive"": true, ""full_batch_cur_after"": 3.189403533935547, ""full_batch_cur_before"": 3.2949326038360596, ""full_batch_gain"": 0.1055290699005127, ""full_batch_harm"": -0.09705579280853271, ""full_batch_harm_lcb"": -0.10236045934259891, ""full_batch_harm_se"": 0.0027064625173807144, ""full_batch_harm_ucb"": -0.09175112627446652, ""full_batch_safe"": true}}, ""guarded_best_reuse"": ""default"", ""num_adapters"": 1, ""pending_after"": false, ""pending_before"": false, ""policy_version"": ""cau_v1"", ""reason"": ""safe_existing_reuse"", ""utility"": {""batch_n"": 13, ""best_reuse"": ""default"", ""best_reuse_query_after"": 3.2037374789898214, ""best_reuse_utility"": 0.09119534492492676, ""budget_blocked_fresh"": false, ""defer_utility"": 0.0, ""fold_a_fresh_utility"": -0.8965842723846436, ""fold_a_query_n"": 6, ""fold_a_support_n"": 7, ""fold_b_fresh_utility"": -1.1439182758331299, ""fold_b_query_n"": 7, ""fold_b_support_n"": 6, ""fresh_advantage"": -1.1209594653202937, ""fresh_local_trainability"": 0.024976656987116888, ""fresh_positive"": false, ""fresh_query_after"": 4.324696944310115, ""fresh_query_before"": 4.349673601297232, ""fresh_utility"": -1.029764120395367, ""max_adapters"": 8, ""reuse_profiles"": {""default"": {""feasible_both"": true, ""fold_a_harm"": -0.0950842797756195, ""fold_a_lcb"": -0.10179148050956428, ""fold_a_query_after"": 3.373619794845581, ""fold_a_utility"": 0.08232498168945312, ""fold_b_harm"": -0.09457317739725113, ""fold_b_lcb"": -0.0979063151171431, ""fold_b_query_after"": 3.05812406539917, ""fold_b_utility"": 0.09879851341247559, ""harm_lcb_max"": -0.0979063151171431, ""harm_mean"": -0.09482872858643532, ""harm_se_mean"": 0.0025613108300603926, ""harm_ucb_max"": -0.08837707904167473, ""local_trainability"": 0.09119534492492676, ""query_after"": 3.2037374789898214, ""query_before"": 3.294932823914748, ""system_utility"": 0.09119534492492676}}, ""status"": ""ok"", ""statusquo_loss"": 3.294932823914748, ""total_memory_budget"": 512}, ""utility_status"": ""ok""}"
17,A1,A,1,default,reuse,pending_fresh_safe_existing_reuse,4.739538192749023,1,True,147456,649805,0,67809946,797261,6378200,269,8.136647629085928,490081792,0.0,5.456053354311734,0.95121616194956,512,512,4.730511665344238,0.47769737243652344,-0.05033445358276367,0.5280318260192871,True,,"{""best_reuse"": ""default"", ""best_reuse_utility"": -0.05033445358276367, ""decision"": ""reuse"", ""fresh_advantage"": 0.5280318260192871, ""fresh_positive"": true, ""fresh_utility"": 0.47769737243652344, ""full_batch_guards"": {""default"": {""crossfit_feasible"": true, ""crossfit_utility"": -0.05033445358276367, ""crossfit_utility_positive"": false, ""full_batch_cur_after"": 4.748540878295898, ""full_batch_cur_before"": 4.730511665344238, ""full_batch_gain"": -0.018029212951660156, ""full_batch_harm"": -0.07555320858955383, ""full_batch_harm_lcb"": -0.07979499804787338, ""full_batch_harm_se"": 0.0021641782950609922, ""full_batch_harm_ucb"": -0.07131141913123429, ""full_batch_safe"": true}}, ""guarded_best_reuse"": ""default"", ""num_adapters"": 1, ""pending_after"": true, ""pending_before"": false, ""policy_version"": ""cau_v1"", ""reason"": ""pending_fresh_safe_existing_reuse"", ""utility"": {""batch_n"": 16, ""best_reuse"": ""default"", ""best_reuse_query_after"": 4.780846118927002, ""best_reuse_utility"": -0.05033445358276367, ""budget_blocked_fresh"": false, ""defer_utility"": 0.0, ""fold_a_fresh_utility"": 0.495790958404541, ""fold_a_query_n"": 8, ""fold_a_support_n"": 8, ""fold_b_fresh_utility"": 0.45960378646850586, ""fold_b_query_n"": 8, ""fold_b_support_n"": 8, ""fresh_advantage"": 0.5280318260192871, ""fresh_local_trainability"": 0.03479290008544922, ""fresh_positive"": true, ""fresh_query_after"": 4.252814292907715, ""fresh_query_before"": 4.287607192993164, ""fresh_utility"": 0.47769737243652344, ""max_adapters"": 8, ""reuse_profiles"": {""default"": {""feasible_both"": true, ""fold_a_harm"": -0.07853426039218903, ""fold_a_lcb"": -0.08305881634354591, ""fold_a_query_after"": 4.791900157928467, ""fold_a_utility"": -0.0513005256652832, ""fold_b_harm"": -0.07812096923589706, ""fold_b_lcb"": -0.0823764984216541, ""fold_b_query_after"": 4.769792079925537, ""fold_b_utility"": -0.04936838150024414, ""harm_lcb_max"": -0.0823764984216541, ""harm_mean"": -0.07832761481404305, ""harm_se_mean"": 0.0022398176370188594, ""harm_ucb_max"": -0.07386544005014002, ""local_trainability"": -0.05033445358276367, ""query_after"": 4.780846118927002, ""query_before"": 4.730511665344238, ""system_utility"": -0.05033445358276367}}, ""status"": ""ok"", ""statusquo_loss"": 4.730511665344238, ""total_memory_budget"": 512}, ""utility_status"": ""ok""}"
18,A1,A,1,adapter_1,spawn,confirmed_fresh,4.272310256958008,2,True,294912,1299610,0,68607207,797261,12756400,272,8.478237981908023,490081792,0.0,5.79327693535015,0.95121616194956,512,512,4.860686302185059,0.6251537799835205,-0.019639968872070312,0.6447937488555908,True,,"{""best_reuse"": ""default"", ""best_reuse_utility"": -0.019639968872070312, ""decision"": ""spawn"", ""fresh_advantage"": 0.6447937488555908, ""fresh_positive"": true, ""fresh_utility"": 0.6251537799835205, ""full_batch_guards"": {}, ""guarded_best_reuse"": null, ""num_adapters"": 2, ""pending_after"": false, ""pending_before"": true, ""policy_version"": ""cau_v1"", ""reason"": ""confirmed_fresh"", ""utility"": {""batch_n"": 16, ""best_reuse"": ""default"", ""best_reuse_query_after"": 4.880326271057129, ""best_reuse_utility"": -0.019639968872070312, ""budget_blocked_fresh"": false, ""defer_utility"": 0.0, ""fold_a_fresh_utility"": 0.5929527282714844, ""fold_a_query_n"": 8, ""fold_a_support_n"": 8, ""fold_b_fresh_utility"": 0.6573548316955566, ""fold_b_query_n"": 8, ""fold_b_support_n"": 8, ""fresh_advantage"": 0.6447937488555908, ""fresh_local_trainability"": 0.050659894943237305, ""fresh_positive"": true, ""fresh_query_after"": 4.235532522201538, ""fresh_query_before"": 4.286192417144775, ""fresh_utility"": 0.6251537799835205, ""max_adapters"": 8, ""reuse_profiles"": {""default"": {""feasible_both"": true, ""fold_a_harm"": -0.06073516979813576, ""fold_a_lcb"": -0.06446767185349017, ""fold_a_query_after"": 4.876117706298828, ""fold_a_utility"": -0.022023677825927734, ""fold_b_harm"": -0.05855681002140045, ""fold_b_lcb"": -0.06222190056927502, ""fold_b_query_after"": 4.88453483581543, ""fold_b_utility"": -0.01725625991821289, ""harm_lcb_max"": -0.06222190056927502, ""harm_mean"": -0.059645989909768105, ""harm_se_mean"": 0.001887140970211476, ""harm_ucb_max"": -0.054891719473525884, ""local_trainability"": -0.019639968872070312, ""query_after"": 4.880326271057129, ""query_before"": 4.860686302185059, ""system_utility"": -0.019639968872070312}}, ""status"": ""ok"", ""statusquo_loss"": 4.860686302185059, ""total_memory_budget"": 512}, ""utility_status"": ""ok""}"
19,A1,A,1,adapter_1,warmup,existing_warmup,4.308773040771484,2,True,294912,1299610,0,68607207,797261,12756400,288,8.505780074046925,490081792,0.0,5.8143332183826715,0.95121616194956,512,512,,,,,,,"{""best_reuse"": null, ""best_reuse_utility"": null, ""decision"": ""warmup"", ""fresh_positive"": null, ""fresh_utility"": null, ""full_batch_guards"": {}, ""guarded_best_reuse"": null, ""num_adapters"": 2, ""pending_after"": false, ""pending_before"": false, ""policy_version"": ""cau_v1"", ""reason"": ""existing_warmup"", ""utility_status"": ""warmup""}"
20,A1,A,1,adapter_1,warmup,existing_warmup,4.233343601226807,2,True,294912,1299610,0,68607207,797261,12756400,304,8.532493103062734,490081792,0.0,5.835884844418615,0.95121616194956,512,512,,,,,,,"{""best_reuse"": null, ""best_reuse_utility"": null, ""decision"": ""warmup"", ""fresh_positive"": null, ""fresh_utility"": null, ""full_batch_guards"": {}, ""guarded_best_reuse"": null, ""num_adapters"": 2, ""pending_after"": false, ""pending_before"": false, ""policy_version"": ""cau_v1"", ""reason"": ""existing_warmup"", ""utility_status"": ""warmup""}"
21,A1,A,1,adapter_1,warmup,existing_warmup,4.149853229522705,2,True,294912,1299610,0,68607207,797261,12756400,320,8.555200011003762,490081792,0.0,5.854639403289184,0.95121616194956,512,512,,,,,,,"{""best_reuse"": null, ""best_reuse_utility"": null, ""decision"": ""warmup"", ""fresh_positive"": null, ""fresh_utility"": null, ""full_batch_guards"": {}, ""guarded_best_reuse"": null, ""num_adapters"": 2, ""pending_after"": false, ""pending_before"": false, ""policy_version"": ""cau_v1"", ""reason"": ""existing_warmup"", ""utility_status"": ""warmup""}"
22,A1,A,1,adapter_1,reuse,safe_existing_reuse,4.1564483642578125,2,True,294912,1299610,0,68607207,797261,12756400,336,9.175421473104507,490081792,0.0,6.471063280245289,0.95121616194956,512,512,4.157376289367676,-0.18772506713867188,0.04843950271606445,-0.23616456985473633,False,,"{""best_reuse"": ""adapter_1"", ""best_reuse_utility"": 0.04843950271606445, ""decision"": ""reuse"", ""fresh_advantage"": -0.23616456985473633, ""fresh_positive"": false, ""fresh_utility"": -0.18772506713867188, ""full_batch_guards"": {""adapter_1"": {""crossfit_feasible"": true, ""crossfit_utility"": 0.04843950271606445, ""crossfit_utility_positive"": true, ""full_batch_cur_after"": 4.092742443084717, ""full_batch_cur_before"": 4.157376289367676, ""full_batch_gain"": 0.06463384628295898, ""full_batch_harm"": -0.06997866928577423, ""full_batch_harm_lcb"": -0.07366410725284368, ""full_batch_harm_se"": 0.001880325493402779, ""full_batch_harm_ucb"": -0.06629323131870478, ""full_batch_safe"": true}, ""default"": {""crossfit_feasible"": true, ""crossfit_utility"": -0.733513593673706, ""crossfit_utility_positive"": false, ""full_batch_cur_after"": 4.864073753356934, ""full_batch_cur_before"": 4.863834381103516, ""full_batch_gain"": -0.00023937225341796875, ""full_batch_harm"": -0.05916447192430496, ""full_batch_harm_lcb"": -0.06348868514411152, ""full_batch_harm_se"": 0.0022062312345951796, ""full_batch_harm_ucb"": -0.05484025870449841, ""full_batch_safe"": true}}, ""guarded_best_reuse"": ""adapter_1"", ""num_adapters"": 2, ""pending_after"": false, ""pending_before"": false, ""policy_version"": ""cau_v1"", ""reason"": ""safe_existing_reuse"", ""utility"": {""batch_n"": 16, ""best_reuse"": ""adapter_1"", ""best_reuse_query_after"": 4.108936786651611, ""best_reuse_utility"": 0.04843950271606445, ""budget_blocked_fresh"": false, ""defer_utility"": 0.0, ""fold_a_fresh_utility"": -0.16728448867797852, ""fold_a_query_n"": 8, ""fold_a_support_n"": 8, ""fold_b_fresh_utility"": -0.20816564559936523, ""fold_b_query_n"": 8, ""fold_b_support_n"": 8, ""fresh_advantage"": -0.23616456985473633, ""fresh_local_trainability"": 0.015341520309448242, ""fresh_positive"": false, ""fresh_query_after"": 4.345101356506348, ""fresh_query_before"": 4.360442876815796, ""fresh_utility"": -0.18772506713867188, ""max_adapters"": 8, ""reuse_profiles"": {""adapter_1"": {""feasible_both"": true, ""fold_a_harm"": -0.06758467853069305, ""fold_a_lcb"": -0.07257506545633077, ""fold_a_query_after"": 4.146035194396973, ""fold_a_utility"": 0.04413127899169922, ""fold_b_harm"": -0.06577278673648834, ""fold_b_lcb"": -0.06959144753403962, ""fold_b_query_after"": 4.07183837890625, ""fold_b_utility"": 0.05274772644042969, ""harm_lcb_max"": -0.06959144753403962, ""harm_mean"": -0.0666787326335907, ""harm_se_mean"": 0.0022472060518339276, ""harm_ucb_max"": -0.061954125938937066, ""local_trainability"": 0.04843950271606445, ""query_after"": 4.108936786651611, ""query_before"": 4.157376289367676, ""system_utility"": 0.04843950271606445}, ""default"": {""feasible_both"": true, ""fold_a_harm"": -0.061746761202812195, ""fold_a_lcb"": -0.06661948471330106, ""fold_a_query_after"": 4.923789978027344, ""fold_a_utility"": -0.7336235046386719, ""fold_b_harm"": -0.06136264652013779, ""fold_b_lcb"": -0.06582860327325761, ""fold_b_query_after"": 4.85798978805542, ""fold_b_utility"": -0.7334036827087402, ""harm_lcb_max"": -0.06582860327325761, ""harm_mean"": -0.06155470386147499, ""harm_se_mean"": 0.002382316393777728, ""harm_ucb_max"": -0.056874037692323326, ""local_trainability"": -0.02705550193786621, ""query_after"": 4.890889883041382, ""query_before"": 4.863834381103516, ""system_utility"": -0.733513593673706}}, ""status"": ""ok"", ""statusquo_loss"": 4.157376289367676, ""total_memory_budget"": 512}, ""utility_status"": ""ok""}"
23,A1,A,1,adapter_1,reuse,safe_existing_reuse,4.012368202209473,2,True,294912,1299610,0,68607207,797261,12756400,352,9.810687131946906,490081792,0.0,7.101986238034442,0.95121616194956,512,512,3.994399309158325,-0.2863960266113281,0.06202280521392822,-0.34841883182525635,False,,"{""best_reuse"": ""adapter_1"", ""best_reuse_utility"": 0.06202280521392822, ""decision"": ""reuse"", ""fresh_advantage"": -0.34841883182525635, ""fresh_positive"": false, ""fresh_utility"": -0.2863960266113281, ""full_batch_guards"": {""adapter_1"": {""crossfit_feasible"": true, ""crossfit_utility"": 0.06202280521392822, ""crossfit_utility_positive"": true, ""full_batch_cur_after"": 3.917248249053955, ""full_batch_cur_before"": 3.994399309158325, ""full_batch_gain"": 0.07715106010437012, ""full_batch_harm"": -0.0684095099568367, ""full_batch_harm_lcb"": -0.07280088985338808, ""full_batch_harm_se"": 0.002240499947220087, ""full_batch_harm_ucb"": -0.06401813006028532, ""full_batch_safe"": true}, ""default"": {""crossfit_feasible"": true, ""crossfit_utility"": -0.7842342853546143, ""crossfit_utility_positive"": false, ""full_batch_cur_after"": 4.75056791305542, ""full_batch_cur_before"": 4.758647441864014, ""full_batch_gain"": 0.00807952880859375, ""full_batch_harm"": -0.0610412061214447, ""full_batch_harm_lcb"": -0.06516481010243297, ""full_batch_harm_se"": 0.0021038795821368694, ""full_batch_harm_ucb"": -0.056917602140456436, ""full_batch_safe"": true}}, ""guarded_best_reuse"": ""adapter_1"", ""num_adapters"": 2, ""pending_after"": false, ""pending_before"": false, ""policy_version"": ""cau_v1"", ""reason"": ""safe_existing_reuse"", ""utility"": {""batch_n"": 16, ""best_reuse"": ""adapter_1"", ""best_reuse_query_after"": 3.932376503944397, ""best_reuse_utility"": 0.06202280521392822, ""budget_blocked_fresh"": false, ""defer_utility"": 0.0, ""fold_a_fresh_utility"": -0.28543949127197266, ""fold_a_query_n"": 8, ""fold_a_support_n"": 8, ""fold_b_fresh_utility"": -0.2873525619506836, ""fold_b_query_n"": 8, ""fold_b_support_n"": 8, ""fresh_advantage"": -0.34841883182525635, ""fresh_local_trainability"": 0.021529197692871094, ""fresh_positive"": false, ""fresh_query_after"": 4.280795335769653, ""fresh_query_before"": 4.302324533462524, ""fresh_utility"": -0.2863960266113281, ""max_adapters"": 8, ""reuse_profiles"": {""adapter_1"": {""feasible_both"": true, ""fold_a_harm"": -0.06555376946926117, ""fold_a_lcb"": -0.06969546034932136, ""fold_a_query_after"": 3.9457180500030518, ""fold_a_utility"": 0.06627440452575684, ""fold_b_harm"": -0.06547974050045013, ""fold_b_lcb"": -0.07035694261081517, ""fold_b_query_after"": 3.919034957885742, ""fold_b_utility"": 0.05777120590209961, ""harm_lcb_max"": -0.06969546034932136, ""harm_mean"": -0.06551675498485565, ""harm_se_mean"": 0.002300738007761538, ""harm_ucb_max"": -0.0606025383900851, ""local_trainability"": 0.06202280521392822, ""query_after"": 3.932376503944397, ""query_before"": 3.994399309158325, ""system_utility"": 0.06202280521392822}, ""default"": {""feasible_both"": true, ""fold_a_harm"": -0.06372009217739105, ""fold_a_lcb"": -0.06847203678451479, ""fold_a_query_after"": 4.819553852081299, ""fold_a_utility"": -0.8075613975524902, ""fold_b_harm"": -0.06261434406042099, ""fold_b_lcb"": -0.06701375248841941, ""fold_b_query_after"": 4.73771333694458, ""fold_b_utility"": -0.7609071731567383, ""harm_lcb_max"": -0.06701375248841941, ""harm_mean"": -0.06316721811890602, ""harm_se_mean"": 0.002334528835490346, ""harm_ucb_max"": -0.05821493563242257, ""local_trainability"": -0.01998615264892578, ""query_after"": 4.7786335945129395, ""query_before"": 4.758647441864014, ""system_utility"": -0.7842342853546143}}, ""status"": ""ok"", ""statusquo_loss"": 3.994399309158325, ""total_memory_budget"": 512}, ""utility_status"": ""ok""}"
24,A1,A,1,adapter_1,reuse,safe_existing_reuse,4.016635417938232,2,True,294912,1299610,0,68607207,797261,12756400,368,10.447368399938568,490081792,0.0,7.734217002056539,0.95121616194956,512,512,3.991046190261841,-0.27061915397644043,0.05911910533905029,-0.3297382593154907,False,,"{""best_reuse"": ""adapter_1"", ""best_reuse_utility"": 0.05911910533905029, ""decision"": ""reuse"", ""fresh_advantage"": -0.3297382593154907, ""fresh_positive"": false, ""fresh_utility"": -0.27061915397644043, ""full_batch_guards"": {""adapter_1"": {""crossfit_feasible"": true, ""crossfit_utility"": 0.05911910533905029, ""crossfit_utility_positive"": true, ""full_batch_cur_after"": 3.923149585723877, ""full_batch_cur_before"": 3.9910459518432617, ""full_batch_gain"": 0.06789636611938477, ""full_batch_harm"": -0.06912688910961151, ""full_batch_harm_lcb"": -0.0719175471784547, ""full_batch_harm_se"": 0.0014238051371648908, ""full_batch_harm_ucb"": -0.06633623104076833, ""full_batch_safe"": true}, ""default"": {""crossfit_feasible"": true, ""crossfit_utility"": -0.8531093597412109, ""crossfit_utility_positive"": false, ""full_batch_cur_after"": 4.827162742614746, ""full_batch_cur_before"": 4.827091693878174, ""full_batch_gain"": -7.104873657226562e-05, ""full_batch_harm"": -0.06016439199447632, ""full_batch_harm_lcb"": -0.06456388393417001, ""full_batch_harm_se"": 0.0022446387447416782, ""full_batch_harm_ucb"": -0.05576490005478263, ""full_batch_safe"": true}}, ""guarded_best_reuse"": ""adapter_1"", ""num_adapters"": 2, ""pending_after"": false, ""pending_before"": false, ""policy_version"": ""cau_v1"", ""reason"": ""safe_existing_reuse"", ""utility"": {""batch_n"": 16, ""best_reuse"": ""adapter_1"", ""best_reuse_query_after"": 3.9319270849227905, ""best_reuse_utility"": 0.05911910533905029, ""budget_blocked_fresh"": false, ""defer_utility"": 0.0, ""fold_a_fresh_utility"": -0.28005027770996094, ""fold_a_query_n"": 8, ""fold_a_support_n"": 8, ""fold_b_fresh_utility"": -0.2611880302429199, ""fold_b_query_n"": 8, ""fold_b_support_n"": 8, ""fresh_advantage"": -0.3297382593154907, ""fresh_local_trainability"": 0.05370330810546875, ""fresh_positive"": false, ""fresh_query_after"": 4.261665344238281, ""fresh_query_before"": 4.31536865234375, ""fresh_utility"": -0.27061915397644043, ""max_adapters"": 8, ""reuse_profiles"": {""adapter_1"": {""feasible_both"": true, ""fold_a_harm"": -0.0691058412194252, ""fold_a_lcb"": -0.07220114470459521, ""fold_a_query_after"": 3.8861656188964844, ""fold_a_utility"": 0.06004142761230469, ""fold_b_harm"": -0.06645505875349045, ""fold_b_lcb"": -0.06963561672717333, ""fold_b_query_after"": 3.9776885509490967, ""fold_b_utility"": 0.0581967830657959, ""harm_lcb_max"": -0.06963561672717333, ""harm_mean"": -0.06778044998645782, ""harm_se_mean"": 0.0016009850660338998, ""harm_ucb_max"": -0.06327450077980756, ""local_trainability"": 0.05911910533905029, ""query_after"": 3.9319270849227905, ""query_before"": 3.991046190261841, ""system_utility"": 0.05911910533905029}, ""default"": {""feasible_both"": true, ""fold_a_harm"": -0.061320960521698, ""fold_a_lcb"": -0.06576319037005306, ""fold_a_query_after"": 4.843100547790527, ""fold_a_utility"": -0.8968935012817383, ""fold_b_harm"": -0.061715129762887955, ""fold_b_lcb"": -0.06662426117807627, ""fold_b_query_after"": 4.845210552215576, ""fold_b_utility"": -0.8093252182006836, ""harm_lcb_max"": -0.06576319037005306, ""harm_mean"": -0.061518045142292976, ""harm_se_mean"": 0.002385551342740655, ""harm_ucb_max"": -0.05680599834769964, ""local_trainability"": -0.01706409454345703, ""query_after"": 4.844155550003052, ""query_before"": 4.827091455459595, ""system_utility"": -0.8531093597412109}}, ""status"": ""ok"", ""statusquo_loss"": 3.991046190261841, ""total_memory_budget"": 512}, ""utility_status"": ""ok""}"
25,A1,A,1,adapter_1,reuse,safe_existing_reuse,3.931942939758301,2,True,294912,1299610,0,68607207,797261,12756400,384,11.084767017047852,524025856,0.0,8.367089063860476,0.95121616194956,512,512,3.9096953868865967,-0.37666821479797363,0.06195366382598877,-0.4386218786239624,False,,"{""best_reuse"": ""adapter_1"", ""best_reuse_utility"": 0.06195366382598877, ""decision"": ""reuse"", ""fresh_advantage"": -0.4386218786239624, ""fresh_positive"": false, ""fresh_utility"": -0.37666821479797363, ""full_batch_guards"": {""adapter_1"": {""crossfit_feasible"": true, ""crossfit_utility"": 0.06195366382598877, ""crossfit_utility_positive"": true, ""full_batch_cur_after"": 3.837891101837158, ""full_batch_cur_before"": 3.9096953868865967, ""full_batch_gain"": 0.07180428504943848, ""full_batch_harm"": -0.07137849926948547, ""full_batch_harm_lcb"": -0.07390591136179864, ""full_batch_harm_se"": 0.0012894959654659033, ""full_batch_harm_ucb"": -0.06885108717717231, ""full_batch_safe"": true}, ""default"": {""crossfit_feasible"": true, ""crossfit_utility"": -0.9203102588653564, ""crossfit_utility_positive"": false, ""full_batch_cur_after"": 4.810644626617432, ""full_batch_cur_before"": 4.8090410232543945, ""full_batch_gain"": -0.0016036033630371094, ""full_batch_harm"": -0.059581223875284195, ""full_batch_harm_lcb"": -0.06368007051758467, ""full_batch_harm_se"": 0.0020912482868880033, ""full_batch_harm_ucb"": -0.05548237723298371, ""full_batch_safe"": true}}, ""guarded_best_reuse"": ""adapter_1"", ""num_adapters"": 2, ""pending_after"": false, ""pending_before"": false, ""policy_version"": ""cau_v1"", ""reason"": ""safe_existing_reuse"", ""utility"": {""batch_n"": 16, ""best_reuse"": ""adapter_1"", ""best_reuse_query_after"": 3.847741723060608, ""best_reuse_utility"": 0.06195366382598877, ""budget_blocked_fresh"": false, ""defer_utility"": 0.0, ""fold_a_fresh_utility"": -0.4457411766052246, ""fold_a_query_n"": 8, ""fold_a_support_n"": 8, ""fold_b_fresh_utility"": -0.30759525299072266, ""fold_b_query_n"": 8, ""fold_b_support_n"": 8, ""fresh_advantage"": -0.4386218786239624, ""fresh_local_trainability"": 0.03254818916320801, ""fresh_positive"": false, ""fresh_query_after"": 4.28636360168457, ""fresh_query_before"": 4.318911790847778, ""fresh_utility"": -0.37666821479797363, ""max_adapters"": 8, ""reuse_profiles"": {""adapter_1"": {""feasible_both"": true, ""fold_a_harm"": -0.06913203746080399, ""fold_a_lcb"": -0.07190098157618195, ""fold_a_query_after"": 3.7649760246276855, ""fold_a_utility"": 0.06510734558105469, ""fold_b_harm"": -0.06947442889213562, ""fold_b_lcb"": -0.07261576603166758, ""fold_b_query_after"": 3.9305074214935303, ""fold_b_utility"": 0.05879998207092285, ""harm_lcb_max"": -0.07190098157618195, ""harm_mean"": -0.0693032331764698, ""harm_se_mean"": 0.0015077248099260032, ""harm_ucb_max"": -0.06633309175260366, ""local_trainability"": 0.06195366382598877, ""query_after"": 3.847741723060608, ""query_before"": 3.9096953868865967, ""system_utility"": 0.06195366382598877}, ""default"": {""feasible_both"": true, ""fold_a_harm"": -0.06290408968925476, ""fold_a_lcb"": -0.06713030535727739, ""fold_a_query_after"": 4.8924760818481445, ""fold_a_utility"": -1.0623927116394043, ""fold_b_harm"": -0.05990346521139145, ""fold_b_lcb"": -0.06449537402950227, ""fold_b_query_after"": 4.767535209655762, ""fold_b_utility"": -0.7782278060913086, ""harm_lcb_max"": -0.06449537402950227, ""harm_mean"": -0.061403777450323105, ""harm_se_mean"": 0.0022495215525850654, ""harm_ucb_max"": -0.05531155639328063, ""local_trainability"": -0.020964384078979492, ""query_after"": 4.830005645751953, ""query_before"": 4.809041261672974, ""system_utility"": -0.9203102588653564}}, ""status"": ""ok"", ""statusquo_loss"": 3.9096953868865967, ""total_memory_budget"": 512}, ""utility_status"": ""ok""}"
26,A1,A,1,adapter_1,reuse,safe_existing_reuse,3.9682297706604004,2,True,294912,1299610,0,68607207,797261,12756400,400,11.72733286791481,524025856,0.0,9.00498508499004,0.95121616194956,512,512,3.9409332275390625,-0.4038076400756836,0.06666624546051025,-0.47047388553619385,False,,"{""best_reuse"": ""adapter_1"", ""best_reuse_utility"": 0.06666624546051025, ""decision"": ""reuse"", ""fresh_advantage"": -0.47047388553619385, ""fresh_positive"": false, ""fresh_utility"": -0.4038076400756836, ""full_batch_guards"": {""adapter_1"": {""crossfit_feasible"": true, ""crossfit_utility"": 0.06666624546051025, ""crossfit_utility_positive"": true, ""full_batch_cur_after"": 3.866210699081421, ""full_batch_cur_before"": 3.9409332275390625, ""full_batch_gain"": 0.0747225284576416, ""full_batch_harm"": -0.0727180615067482, ""full_batch_harm_lcb"": -0.07537022546865046, ""full_batch_harm_se"": 0.0013531448785215616, ""full_batch_harm_ucb"": -0.07006589754484593, ""full_batch_safe"": true}, ""default"": {""crossfit_feasible"": true, ""crossfit_utility"": -0.9967336654663086, ""crossfit_utility_positive"": false, ""full_batch_cur_after"": 4.920220375061035, ""full_batch_cur_before"": 4.911411762237549, ""full_batch_gain"": -0.008808612823486328, ""full_batch_harm"": -0.05937925726175308, ""full_batch_harm_lcb"": -0.06421864180825651, ""full_batch_harm_se"": 0.002469073748216033, ""full_batch_harm_ucb"": -0.054539872715249654, ""full_batch_safe"": true}}, ""guarded_best_reuse"": ""adapter_1"", ""num_adapters"": 2, ""pending_after"": false, ""pending_before"": false, ""policy_version"": ""cau_v1"", ""reason"": ""safe_existing_reuse"", ""utility"": {""batch_n"": 16, ""best_reuse"": ""adapter_1"", ""best_reuse_query_after"": 3.8742669820785522, ""best_reuse_utility"": 0.06666624546051025, ""budget_blocked_fresh"": false, ""defer_utility"": 0.0, ""fold_a_fresh_utility"": -0.3542780876159668, ""fold_a_query_n"": 8, ""fold_a_support_n"": 8, ""fold_b_fresh_utility"": -0.4533371925354004, ""fold_b_query_n"": 8, ""fold_b_support_n"": 8, ""fresh_advantage"": -0.47047388553619385, ""fresh_local_trainability"": 0.04851484298706055, ""fresh_positive"": false, ""fresh_query_after"": 4.344740867614746, ""fresh_query_before"": 4.393255710601807, ""fresh_utility"": -0.4038076400756836, ""max_adapters"": 8, ""reuse_profiles"": {""adapter_1"": {""feasible_both"": true, ""fold_a_harm"": -0.0716625303030014, ""fold_a_lcb"": -0.07500825798138976, ""fold_a_query_after"": 3.9633948802948, ""fold_a_utility"": 0.062131643295288086, ""fold_b_harm"": -0.07087886333465576, ""fold_b_lcb"": -0.07309524684213102, ""fold_b_query_after"": 3.7851390838623047, ""fold_b_utility"": 0.07120084762573242, ""harm_lcb_max"": -0.07309524684213102, ""harm_mean"": -0.07127069681882858, ""harm_se_mean"": 0.001418905914761126, ""harm_ucb_max"": -0.06831680262461305, ""local_trainability"": 0.06666624546051025, ""query_after"": 3.8742669820785522, ""query_before"": 3.9409332275390625, ""system_utility"": 0.06666624546051025}, ""default"": {""feasible_both"": true, ""fold_a_harm"": -0.05944012850522995, ""fold_a_lcb"": -0.06432857046835125, ""fold_a_query_after"": 4.947572708129883, ""fold_a_utility"": -0.9220461845397949, ""fold_b_harm"": -0.0612223856151104, ""fold_b_lcb"": -0.06610191464424134, ""fold_b_query_after"": 4.927761077880859, ""fold_b_utility"": -1.0714211463928223, ""harm_lcb_max"": -0.06432857046835125, ""harm_mean"": -0.060331257060170174, ""harm_se_mean"": 0.002491829334758222, ""harm_ucb_max"": -0.05455168654210865, ""local_trainability"": -0.026255130767822266, ""query_after"": 4.937666893005371, ""query_before"": 4.911411762237549, ""system_utility"": -0.9967336654663086}}, ""status"": ""ok"", ""statusquo_loss"": 3.9409332275390625, ""total_memory_budget"": 512}, ""utility_status"": ""ok""}"
27,A1,A,1,adapter_1,reuse,safe_existing_reuse,3.79990553855896,2,True,294912,1299610,0,68607207,797261,12756400,416,12.409542215056717,524025856,0.0,9.682275266153738,0.95121616194956,512,512,3.803397059440613,-0.49947941303253174,0.07211017608642578,-0.5715895891189575,False,,"{""best_reuse"": ""adapter_1"", ""best_reuse_utility"": 0.07211017608642578, ""decision"": ""reuse"", ""fresh_advantage"": -0.5715895891189575, ""fresh_positive"": false, ""fresh_utility"": -0.49947941303253174, ""full_batch_guards"": {""adapter_1"": {""crossfit_feasible"": true, ""crossfit_utility"": 0.07211017608642578, ""crossfit_utility_positive"": true, ""full_batch_cur_after"": 3.724902629852295, ""full_batch_cur_before"": 3.8033971786499023, ""full_batch_gain"": 0.07849454879760742, ""full_batch_harm"": -0.07864047586917877, ""full_batch_harm_lcb"": -0.0814855306269601, ""full_batch_harm_se"": 0.001451558549888432, ""full_batch_harm_ucb"": -0.07579542111139745, ""full_batch_safe"": true}, ""default"": {""crossfit_feasible"": true, ""crossfit_utility"": -1.0737749338150024, ""crossfit_utility_positive"": false, ""full_batch_cur_after"": 4.859051704406738, ""full_batch_cur_before"": 4.852801322937012, ""full_batch_gain"": -0.0062503814697265625, ""full_batch_harm"": -0.05809836462140083, ""full_batch_harm_lcb"": -0.06237099134363234, ""full_batch_harm_se"": 0.002179911592975259, ""full_batch_harm_ucb"": -0.05382573789916933, ""full_batch_safe"": true}}, ""guarded_best_reuse"": ""adapter_1"", ""num_adapters"": 2, ""pending_after"": false, ""pending_before"": false, ""policy_version"": ""cau_v1"", ""reason"": ""safe_existing_reuse"", ""utility"": {""batch_n"": 16, ""best_reuse"": ""adapter_1"", ""best_reuse_query_after"": 3.731286883354187, ""best_reuse_utility"": 0.07211017608642578, ""budget_blocked_fresh"": false, ""defer_utility"": 0.0, ""fold_a_fresh_utility"": -0.5043737888336182, ""fold_a_query_n"": 8, ""fold_a_support_n"": 8, ""fold_b_fresh_utility"": -0.4945850372314453, ""fold_b_query_n"": 8, ""fold_b_support_n"": 8, ""fresh_advantage"": -0.5715895891189575, ""fresh_local_trainability"": 0.0445408821105957, ""fresh_positive"": false, ""fresh_query_after"": 4.3028764724731445, ""fresh_query_before"": 4.34741735458374, ""fresh_utility"": -0.49947941303253174, ""max_adapters"": 8, ""reuse_profiles"": {""adapter_1"": {""feasible_both"": true, ""fold_a_harm"": -0.07647573947906494, ""fold_a_lcb"": -0.07923130438197404, ""fold_a_query_after"": 3.7387678623199463, ""fold_a_utility"": 0.0730738639831543, ""fold_b_harm"": -0.07722696661949158, ""fold_b_lcb"": -0.08040175817906857, ""fold_b_query_after"": 3.7238059043884277, ""fold_b_utility"": 0.07114648818969727, ""harm_lcb_max"": -0.07923130438197404, ""harm_mean"": -0.07685135304927826, ""harm_se_mean"": 0.001512846036348492, ""harm_ucb_max"": -0.07372017457615584, ""local_trainability"": 0.07211017608642578, ""query_after"": 3.731286883354187, ""query_before"": 3.803397059440613, ""system_utility"": 0.07211017608642578}, ""default"": {""feasible_both"": true, ""fold_a_harm"": -0.06060267239809036, ""fold_a_lcb"": -0.06510426172055304, ""fold_a_query_after"": 4.882034778594971, ""fold_a_utility"": -1.0701930522918701, ""fold_b_harm"": -0.059626445174217224, ""fold_b_lcb"": -0.064218435222283, ""fold_b_query_after"": 4.87230920791626, ""fold_b_utility"": -1.0773568153381348, ""harm_lcb_max"": -0.064218435222283, ""harm_mean"": -0.06011455878615379, ""harm_se_mean"": 0.002319790655747056, ""harm_ucb_max"": -0.055034455126151446, ""local_trainability"": -0.024370193481445312, ""query_after"": 4.877171993255615, ""query_before"": 4.85280179977417, ""system_utility"": -1.0737749338150024}}, ""status"": ""ok"", ""statusquo_loss"": 3.803397059440613, ""total_memory_budget"": 512}, ""utility_status"": ""ok""}"
28,A1,A,1,adapter_1,reuse,safe_existing_reuse,3.7247090339660645,2,True,294912,1299610,0,68607207,797261,12756400,432,13.058758449973539,524025856,0.0,10.326691687339917,0.95121616194956,512,512,3.701079249382019,-0.5766175985336304,0.07920575141906738,-0.6558233499526978,False,,"{""best_reuse"": ""adapter_1"", ""best_reuse_utility"": 0.07920575141906738, ""decision"": ""reuse"", ""fresh_advantage"": -0.6558233499526978, ""fresh_positive"": false, ""fresh_utility"": -0.5766175985336304, ""full_batch_guards"": {""adapter_1"": {""crossfit_feasible"": true, ""crossfit_utility"": 0.07920575141906738, ""crossfit_utility_positive"": true, ""full_batch_cur_after"": 3.615872383117676, ""full_batch_cur_before"": 3.7010793685913086, ""full_batch_gain"": 0.08520698547363281, ""full_batch_harm"": -0.08455269783735275, ""full_batch_harm_lcb"": -0.08787851915694773, ""full_batch_harm_se"": 0.0016968476120382547, ""full_batch_harm_ucb"": -0.08122687651775777, ""full_batch_safe"": true}, ""default"": {""crossfit_feasible"": true, ""crossfit_utility"": -1.1425474882125854, ""crossfit_utility_positive"": false, ""full_batch_cur_after"": 4.830979347229004, ""full_batch_cur_before"": 4.826946258544922, ""full_batch_gain"": -0.004033088684082031, ""full_batch_harm"": -0.05932873487472534, ""full_batch_harm_lcb"": -0.06358264128677547, ""full_batch_harm_se"": 0.00217036041431129, ""full_batch_harm_ucb"": -0.05507482846267522, ""full_batch_safe"": true}}, ""guarded_best_reuse"": ""adapter_1"", ""num_adapters"": 2, ""pending_after"": false, ""pending_before"": false, ""policy_version"": ""cau_v1"", ""reason"": ""safe_existing_reuse"", ""utility"": {""batch_n"": 16, ""best_reuse"": ""adapter_1"", ""best_reuse_query_after"": 3.6218734979629517, ""best_reuse_utility"": 0.07920575141906738, ""budget_blocked_fresh"": false, ""defer_utility"": 0.0, ""fold_a_fresh_utility"": -0.6032929420471191, ""fold_a_query_n"": 8, ""fold_a_support_n"": 8, ""fold_b_fresh_utility"": -0.5499422550201416, ""fold_b_query_n"": 8, ""fold_b_support_n"": 8, ""fresh_advantage"": -0.6558233499526978, ""fresh_local_trainability"": 0.047103166580200195, ""fresh_positive"": false, ""fresh_query_after"": 4.277696847915649, ""fresh_query_before"": 4.32480001449585, ""fresh_utility"": -0.5766175985336304, ""max_adapters"": 8, ""reuse_profiles"": {""adapter_1"": {""feasible_both"": true, ""fold_a_harm"": -0.08159366250038147, ""fold_a_lcb"": -0.0848745577223599, ""fold_a_query_after"": 3.5919463634490967, ""fold_a_utility"": 0.07979893684387207, ""fold_b_harm"": -0.08484730124473572, ""fold_b_lcb"": -0.08840241784229874, ""fold_b_query_after"": 3.6518006324768066, ""fold_b_utility"": 0.0786125659942627, ""harm_lcb_max"": -0.0848745577223599, ""harm_mean"": -0.0832204818725586, ""harm_se_mean"": 0.0017438805662095547, ""harm_ucb_max"": -0.07831276727840304, ""local_trainability"": 0.07920575141906738, ""query_after"": 3.6218734979629517, ""query_before"": 3.701079249382019, ""system_utility"": 0.07920575141906738}, ""default"": {""feasible_both"": true, ""fold_a_harm"": -0.06143346428871155, ""fold_a_lcb"": -0.06598370579071343, ""fold_a_query_after"": 4.872735023498535, ""fold_a_utility"": -1.2009897232055664, ""fold_b_harm"": -0.0583040714263916, ""fold_b_lcb"": -0.06241503958590329, ""fold_b_query_after"": 4.814518451690674, ""fold_b_utility"": -1.0841052532196045, ""harm_lcb_max"": -0.06241503958590329, ""harm_mean"": -0.059868767857551575, ""harm_se_mean"": 0.0022094922605901957, ""harm_ucb_max"": -0.05419310326687991, ""local_trainability"": -0.01668095588684082, ""query_after"": 4.8436267375946045, ""query_before"": 4.826945781707764, ""system_utility"": -1.1425474882125854}}, ""status"": ""ok"", ""statusquo_loss"": 3.701079249382019, ""total_memory_budget"": 512}, ""utility_status"": ""ok""}"
29,A1,A,1,adapter_1,reuse,safe_existing_reuse,3.6336872577667236,2,True,294912,1299610,0,68607207,797261,12756400,448,13.733804499031976,524025856,0.0,10.996962224133313,0.95121616194956,512,512,3.6198763847351074,-0.6958777904510498,0.08677411079406738,-0.7826519012451172,False,,"{""best_reuse"": ""adapter_1"", ""best_reuse_utility"": 0.08677411079406738, ""decision"": ""reuse"", ""fresh_advantage"": -0.7826519012451172, ""fresh_positive"": false, ""fresh_utility"": -0.6958777904510498, ""full_batch_guards"": {""adapter_1"": {""crossfit_feasible"": true, ""crossfit_utility"": 0.08677411079406738, ""crossfit_utility_positive"": true, ""full_batch_cur_after"": 3.522217273712158, ""full_batch_cur_before"": 3.6198763847351074, ""full_batch_gain"": 0.09765911102294922, ""full_batch_harm"": -0.0897694081068039, ""full_batch_harm_lcb"": -0.09394259978085756, ""full_batch_harm_se"": 0.002129179425537586, ""full_batch_harm_ucb"": -0.08559621643275023, ""full_batch_safe"": true}, ""default"": {""crossfit_feasible"": true, ""crossfit_utility"": -1.2881929874420166, ""crossfit_utility_positive"": false, ""full_batch_cur_after"": 4.881111145019531, ""full_batch_cur_before"": 4.87757682800293, ""full_batch_gain"": -0.0035343170166015625, ""full_batch_harm"": -0.058722253888845444, ""full_batch_harm_lcb"": -0.06305354187265039, ""full_batch_harm_se"": 0.0022098408080637455, ""full_batch_harm_ucb"": -0.0543909659050405, ""full_batch_safe"": true}}, ""guarded_best_reuse"": ""adapter_1"", ""num_adapters"": 2, ""pending_after"": false, ""pending_before"": false, ""policy_version"": ""cau_v1"", ""reason"": ""safe_existing_reuse"", ""utility"": {""batch_n"": 16, ""best_reuse"": ""adapter_1"", ""best_reuse_query_after"": 3.53310227394104, ""best_reuse_utility"": 0.08677411079406738, ""budget_blocked_fresh"": false, ""defer_utility"": 0.0, ""fold_a_fresh_utility"": -0.6390194892883301, ""fold_a_query_n"": 8, ""fold_a_support_n"": 8, ""fold_b_fresh_utility"": -0.7527360916137695, ""fold_b_query_n"": 8, ""fold_b_support_n"": 8, ""fresh_advantage"": -0.7826519012451172, ""fresh_local_trainability"": 0.01986241340637207, ""fresh_positive"": false, ""fresh_query_after"": 4.315754175186157, ""fresh_query_before"": 4.335616588592529, ""fresh_utility"": -0.6958777904510498, ""max_adapters"": 8, ""reuse_profiles"": {""adapter_1"": {""feasible_both"": true, ""fold_a_harm"": -0.0874040275812149, ""fold_a_lcb"": -0.09165836341679096, ""fold_a_query_after"": 3.6080422401428223, ""fold_a_utility"": 0.08676815032958984, ""fold_b_harm"": -0.08675630390644073, ""fold_b_lcb"": -0.0910074056033045, ""fold_b_query_after"": 3.458162307739258, ""fold_b_utility"": 0.08678007125854492, ""harm_lcb_max"": -0.0910074056033045, ""harm_mean"": -0.08708016574382782, ""harm_se_mean"": 0.0021697544725611806, ""harm_ucb_max"": -0.08250520220957697, ""local_trainability"": 0.08677411079406738, ""query_after"": 3.53310227394104, ""query_before"": 3.6198763847351074, ""system_utility"": 0.08677411079406738}, ""default"": {""feasible_both"": true, ""fold_a_harm"": -0.06082546338438988, ""fold_a_lcb"": -0.06549138410016894, ""fold_a_query_after"": 4.91092586517334, ""fold_a_utility"": -1.2161154747009277, ""fold_b_harm"": -0.06030269339680672, ""fold_b_lcb"": -0.06480949375778437, ""fold_b_query_after"": 4.905212879180908, ""fold_b_utility"": -1.3602705001831055, ""harm_lcb_max"": -0.06480949375778437, ""harm_mean"": -0.0605640783905983, ""harm_se_mean"": 0.0023399798665195704, ""harm_ucb_max"": -0.05579589303582907, ""local_trainability"": -0.030492544174194336, ""query_after"": 4.908069372177124, ""query_before"": 4.87757682800293, ""system_utility"": -1.2881929874420166}}, ""status"": ""ok"", ""statusquo_loss"": 3.6198763847351074, ""total_memory_budget"": 512}, ""utility_status"": ""ok""}"
30,A1,A,1,adapter_1,reuse,safe_existing_reuse,3.5675134658813477,2,True,294912,1299610,0,68607207,797261,12756400,464,14.374154868070036,524025856,0.0,11.632301324047148,0.95121616194956,512,512,3.5215293169021606,-0.7700623273849487,0.0885155200958252,-0.8585778474807739,False,,"{""best_reuse"": ""adapter_1"", ""best_reuse_utility"": 0.0885155200958252, ""decision"": ""reuse"", ""fresh_advantage"": -0.8585778474807739, ""fresh_positive"": false, ""fresh_utility"": -0.7700623273849487, ""full_batch_guards"": {""adapter_1"": {""crossfit_feasible"": true, ""crossfit_utility"": 0.0885155200958252, ""crossfit_utility_positive"": true, ""full_batch_cur_after"": 3.422725200653076, ""full_batch_cur_before"": 3.52152943611145, ""full_batch_gain"": 0.09880423545837402, ""full_batch_harm"": -0.09899792075157166, ""full_batch_harm_lcb"": -0.103336913716048, ""full_batch_harm_se"": 0.0022137719206511974, ""full_batch_harm_ucb"": -0.09465892778709531, ""full_batch_safe"": true}, ""default"": {""crossfit_feasible"": true, ""crossfit_utility"": -1.3523913621902466, ""crossfit_utility_positive"": false, ""full_batch_cur_after"": 4.851357460021973, ""full_batch_cur_before"": 4.847982406616211, ""full_batch_gain"": -0.0033750534057617188, ""full_batch_harm"": -0.05950191244482994, ""full_batch_harm_lcb"": -0.0638549892231822, ""full_batch_harm_se"": 0.002220957539975643, ""full_batch_harm_ucb"": -0.05514883566647768, ""full_batch_safe"": true}}, ""guarded_best_reuse"": ""adapter_1"", ""num_adapters"": 2, ""pending_after"": false, ""pending_before"": false, ""policy_version"": ""cau_v1"", ""reason"": ""safe_existing_reuse"", ""utility"": {""batch_n"": 16, ""best_reuse"": ""adapter_1"", ""best_reuse_query_after"": 3.4330137968063354, ""best_reuse_utility"": 0.0885155200958252, ""budget_blocked_fresh"": false, ""defer_utility"": 0.0, ""fold_a_fresh_utility"": -0.8105242252349854, ""fold_a_query_n"": 8, ""fold_a_support_n"": 8, ""fold_b_fresh_utility"": -0.7296004295349121, ""fold_b_query_n"": 8, ""fold_b_support_n"": 8, ""fresh_advantage"": -0.8585778474807739, ""fresh_local_trainability"": 0.036281585693359375, ""fresh_positive"": false, ""fresh_query_after"": 4.291591644287109, ""fresh_query_before"": 4.327873229980469, ""fresh_utility"": -0.7700623273849487, ""max_adapters"": 8, ""reuse_profiles"": {""adapter_1"": {""feasible_both"": true, ""fold_a_harm"": -0.09666558355093002, ""fold_a_lcb"": -0.101230340115726, ""fold_a_query_after"": 3.4249730110168457, ""fold_a_utility"": 0.08941864967346191, ""fold_b_harm"": -0.09661997854709625, ""fold_b_lcb"": -0.10125126883387565, ""fold_b_query_after"": 3.441054582595825, ""fold_b_utility"": 0.08761239051818848, ""harm_lcb_max"": -0.101230340115726, ""harm_mean"": -0.09664278104901314, ""harm_se_mean"": 0.0023459303192794323, ""harm_ucb_max"": -0.09198868826031685, ""local_trainability"": 0.0885155200958252, ""query_after"": 3.4330137968063354, ""query_before"": 3.5215293169021606, ""system_utility"": 0.0885155200958252}, ""default"": {""feasible_both"": true, ""fold_a_harm"": -0.06133752688765526, ""fold_a_lcb"": -0.06564995172433555, ""fold_a_query_after"": 4.909005641937256, ""fold_a_utility"": -1.3946139812469482, ""fold_b_harm"": -0.06002951040863991, ""fold_b_lcb"": -0.06477587296627461, ""fold_b_query_after"": 4.838835716247559, ""fold_b_utility"": -1.310168743133545, ""harm_lcb_max"": -0.06477587296627461, ""harm_mean"": -0.06068351864814758, ""harm_se_mean"": 0.0023109151516109705, ""harm_ucb_max"": -0.055283147851005195, ""local_trainability"": -0.025937795639038086, ""query_after"": 4.873920679092407, ""query_before"": 4.847982883453369, ""system_utility"": -1.3523913621902466}}, ""status"": ""ok"", ""statusquo_loss"": 3.5215293169021606, ""total_memory_budget"": 512}, ""utility_status"": ""ok""}"
31,A1,A,1,adapter_1,reuse,safe_existing_reuse,3.4542951583862305,2,True,294912,1299610,0,68607207,797261,12756400,480,15.020645657088608,524025856,0.0,12.273521286901087,0.95121616194956,512,512,3.4069546461105347,-0.9052044153213501,0.08165585994720459,-0.9868602752685547,False,,"{""best_reuse"": ""adapter_1"", ""best_reuse_utility"": 0.08165585994720459, ""decision"": ""reuse"", ""fresh_advantage"": -0.9868602752685547, ""fresh_positive"": false, ""fresh_utility"": -0.9052044153213501, ""full_batch_guards"": {""adapter_1"": {""crossfit_feasible"": true, ""crossfit_utility"": 0.08165585994720459, ""crossfit_utility_positive"": true, ""full_batch_cur_after"": 3.308259963989258, ""full_batch_cur_before"": 3.406954765319824, ""full_batch_gain"": 0.0986948013305664, ""full_batch_harm"": -0.101485475897789, ""full_batch_harm_lcb"": -0.1051891025295481, ""full_batch_harm_se"": 0.0018896054243668914, ""full_batch_harm_ucb"": -0.0977818492660299, ""full_batch_safe"": true}, ""default"": {""crossfit_feasible"": true, ""crossfit_utility"": -1.435257077217102, ""crossfit_utility_positive"": false, ""full_batch_cur_after"": 4.810092926025391, ""full_batch_cur_before"": 4.8121490478515625, ""full_batch_gain"": 0.002056121826171875, ""full_batch_harm"": -0.06016186252236366, ""full_batch_harm_lcb"": -0.06417786373756826, ""full_batch_harm_se"": 0.00204898021183908, ""full_batch_harm_ucb"": -0.05614586130715907, ""full_batch_safe"": true}}, ""guarded_best_reuse"": ""adapter_1"", ""num_adapters"": 2, ""pending_after"": false, ""pending_before"": false, ""policy_version"": ""cau_v1"", ""reason"": ""safe_existing_reuse"", ""utility"": {""batch_n"": 16, ""best_reuse"": ""adapter_1"", ""best_reuse_query_after"": 3.32529878616333, ""best_reuse_utility"": 0.08165585994720459, ""budget_blocked_fresh"": false, ""defer_utility"": 0.0, ""fold_a_fresh_utility"": -0.9800524711608887, ""fold_a_query_n"": 8, ""fold_a_support_n"": 8, ""fold_b_fresh_utility"": -0.8303563594818115, ""fold_b_query_n"": 8, ""fold_b_support_n"": 8, ""fresh_advantage"": -0.9868602752685547, ""fresh_local_trainability"": -0.0038213729858398438, ""fresh_positive"": false, ""fresh_query_after"": 4.312159061431885, ""fresh_query_before"": 4.308337688446045, ""fresh_utility"": -0.9052044153213501, ""max_adapters"": 8, ""reuse_profiles"": {""adapter_1"": {""feasible_both"": true, ""fold_a_harm"": -0.09896659851074219, ""fold_a_lcb"": -0.10310390662401915, ""fold_a_query_after"": 3.1818184852600098, ""fold_a_utility"": 0.0877227783203125, ""fold_b_harm"": -0.09831109642982483, ""fold_b_lcb"": -0.10313965046778321, ""fold_b_query_after"": 3.4687790870666504, ""fold_b_utility"": 0.07558894157409668, ""harm_lcb_max"": -0.10310390662401915, ""harm_mean"": -0.09863884747028351, ""harm_se_mean"": 0.0022872097324579954, ""harm_ucb_max"": -0.09348254239186644, ""local_trainability"": 0.08165585994720459, ""query_after"": 3.32529878616333, ""query_before"": 3.4069546461105347, ""system_utility"": 0.08165585994720459}, ""default"": {""feasible_both"": true, ""fold_a_harm"": -0.06250229477882385, ""fold_a_lcb"": -0.06712701045908034, ""fold_a_query_after"": 4.830633163452148, ""fold_a_utility"": -1.5610918998718262, ""fold_b_harm"": -0.062301941215991974, ""fold_b_lcb"": -0.06675369778648019, ""fold_b_query_after"": 4.853790283203125, ""fold_b_utility"": -1.309422254562378, ""harm_lcb_max"": -0.06675369778648019, ""harm_mean"": -0.06240211799740791, ""harm_se_mean"": 0.0023154265945777297, ""harm_ucb_max"": -0.05785018464550376, ""local_trainability"": -0.03006267547607422, ""query_after"": 4.842211723327637, ""query_before"": 4.8121490478515625, ""system_utility"": -1.435257077217102}}, ""status"": ""ok"", ""statusquo_loss"": 3.4069546461105347, ""total_memory_budget"": 512}, ""utility_status"": ""ok""}"
32,A1,A,1,adapter_1,reuse,safe_existing_reuse,3.481140613555908,2,True,294912,1299610,0,68607207,797261,12756400,493,15.665545632131398,524025856,0.0,12.913356991950423,0.95121616194956,512,512,3.4722684713510366,-0.883023005265456,0.08785623770493728,-0.9708792429703932,False,,"{""best_reuse"": ""adapter_1"", ""best_reuse_utility"": 0.08785623770493728, ""decision"": ""reuse"", ""fresh_advantage"": -0.9708792429703932, ""fresh_positive"": false, ""fresh_utility"": -0.883023005265456, ""full_batch_guards"": {""adapter_1"": {""crossfit_feasible"": true, ""crossfit_utility"": 0.08785623770493728, ""crossfit_utility_positive"": true, ""full_batch_cur_after"": 3.372737169265747, ""full_batch_cur_before"": 3.472269058227539, ""full_batch_gain"": 0.09953188896179199, ""full_batch_harm"": -0.10570947825908661, ""full_batch_harm_lcb"": -0.10868923007976264, ""full_batch_harm_se"": 0.0015202815411612391, ""full_batch_harm_ucb"": -0.10272972643841058, ""full_batch_safe"": true}, ""default"": {""crossfit_feasible"": true, ""crossfit_utility"": -1.4181800255408654, ""crossfit_utility_positive"": false, ""full_batch_cur_after"": 4.867171764373779, ""full_batch_cur_before"": 4.865721702575684, ""full_batch_gain"": -0.0014500617980957031, ""full_batch_harm"": -0.05993814393877983, ""full_batch_harm_lcb"": -0.06427435865625739, ""full_batch_harm_se"": 0.0022123544476926327, ""full_batch_harm_ucb"": -0.05560192922130227, ""full_batch_safe"": true}}, ""guarded_best_reuse"": ""adapter_1"", ""num_adapters"": 2, ""pending_after"": false, ""pending_before"": false, ""policy_version"": ""cau_v1"", ""reason"": ""safe_existing_reuse"", ""utility"": {""batch_n"": 13, ""best_reuse"": ""adapter_1"", ""best_reuse_query_after"": 3.3844122336460996, ""best_reuse_utility"": 0.08785623770493728, ""budget_blocked_fresh"": false, ""defer_utility"": 0.0, ""fold_a_fresh_utility"": -0.8778178691864014, ""fold_a_query_n"": 6, ""fold_a_support_n"": 7, ""fold_b_fresh_utility"": -0.8874845504760742, ""fold_b_query_n"": 7, ""fold_b_support_n"": 6, ""fresh_advantage"": -0.9708792429703932, ""fresh_local_trainability"": 0.027658682603102464, ""fresh_positive"": false, ""fresh_query_after"": 4.355291476616492, ""fresh_query_before"": 4.382950159219595, ""fresh_utility"": -0.883023005265456, ""max_adapters"": 8, ""reuse_profiles"": {""adapter_1"": {""feasible_both"": true, ""fold_a_harm"": -0.10375215113162994, ""fold_a_lcb"": -0.10689920631237328, ""fold_a_query_after"": 3.4156370162963867, ""fold_a_utility"": 0.09046721458435059, ""fold_b_harm"": -0.1028980240225792, ""fold_b_lcb"": -0.10687085973098874, ""fold_b_query_after"": 3.3576481342315674, ""fold_b_utility"": 0.08561825752258301, ""harm_lcb_max"": -0.10687085973098874, ""harm_mean"": -0.10332508757710457, ""harm_se_mean"": 0.0018162986962124705, ""harm_ucb_max"": -0.09892518831416965, ""local_trainability"": 0.08785623770493728, ""query_after"": 3.3844122336460996, ""query_before"": 3.4722684713510366, ""system_utility"": 0.08785623770493728}, ""default"": {""feasible_both"": true, ""fold_a_harm"": -0.061794523149728775, ""fold_a_lcb"": -0.06622550538741052, ""fold_a_query_after"": 4.904138088226318, ""fold_a_utility"": -1.398033857345581, ""fold_b_harm"": -0.062019698321819305, ""fold_b_lcb"": -0.06686660987325013, ""fold_b_query_after"": 4.878714561462402, ""fold_b_utility"": -1.435448169708252, ""harm_lcb_max"": -0.06622550538741052, ""harm_mean"": -0.06190711073577404, ""harm_se_mean"": 0.0023668096400797367, ""harm_ucb_max"": -0.057172786770388485, ""local_trainability"": -0.024727307833158053, ""query_after"": 4.890448496891902, ""query_before"": 4.865721189058744, ""system_utility"": -1.4181800255408654}}, ""status"": ""ok"", ""statusquo_loss"": 3.4722684713510366, ""total_memory_budget"": 512}, ""utility_status"": ""ok""}"
33,B2,B,2,default,reuse,safe_existing_reuse,3.0903708934783936,2,True,294912,1299610,0,68607207,797261,12756400,493,17.656768752029166,524025856,0.0,13.56453684088774,2.285787621047348,512,512,4.600791692733765,0.39360690116882324,1.6401485204696655,-1.2465416193008423,False,,"{""best_reuse"": ""default"", ""best_reuse_utility"": 1.6401485204696655, ""decision"": ""reuse"", ""fresh_advantage"": -1.2465416193008423, ""fresh_positive"": false, ""fresh_utility"": 0.39360690116882324, ""full_batch_guards"": {""adapter_1"": {""crossfit_feasible"": true, ""crossfit_utility"": -0.03788447380065918, ""crossfit_utility_positive"": false, ""full_batch_cur_after"": 4.610319137573242, ""full_batch_cur_before"": 4.600791931152344, ""full_batch_gain"": -0.009527206420898438, ""full_batch_harm"": -0.08521583676338196, ""full_batch_harm_lcb"": -0.08765253918245434, ""full_batch_harm_se"": 0.0012432155199348927, ""full_batch_harm_ucb"": -0.08277913434430957, ""full_batch_safe"": true}, ""default"": {""crossfit_feasible"": true, ""crossfit_utility"": 1.6401485204696655, ""crossfit_utility_positive"": true, ""full_batch_cur_after"": 2.9484410285949707, ""full_batch_cur_before"": 3.0408782958984375, ""full_batch_gain"": 0.0924372673034668, ""full_batch_harm"": -0.07894469797611237, ""full_batch_harm_lcb"": -0.08575695687904954, ""full_batch_harm_se"": 0.0034756422974169254, ""full_batch_harm_ucb"": -0.0721324390731752, ""full_batch_safe"": true}}, ""guarded_best_reuse"": ""default"", ""num_adapters"": 2, ""pending_after"": false, ""pending_before"": false, ""policy_version"": ""cau_v1"", ""reason"": ""safe_existing_reuse"", ""utility"": {""batch_n"": 16, ""best_reuse"": ""default"", ""best_reuse_query_after"": 2.960643172264099, ""best_reuse_utility"": 1.6401485204696655, ""budget_blocked_fresh"": false, ""defer_utility"": 0.0, ""fold_a_fresh_utility"": 0.3864021301269531, ""fold_a_query_n"": 8, ""fold_a_support_n"": 8, ""fold_b_fresh_utility"": 0.40081167221069336, ""fold_b_query_n"": 8, ""fold_b_support_n"": 8, ""fresh_advantage"": -1.2465416193008423, ""fresh_local_trainability"": 0.03764081001281738, ""fresh_positive"": false, ""fresh_query_after"": 4.207184791564941, ""fresh_query_before"": 4.244825601577759, ""fresh_utility"": 0.39360690116882324, ""max_adapters"": 8, ""reuse_profiles"": {""adapter_1"": {""feasible_both"": true, ""fold_a_harm"": -0.0886339321732521, ""fold_a_lcb"": -0.09126334878150373, ""fold_a_query_after"": 4.612391471862793, ""fold_a_utility"": -0.039832115173339844, ""fold_b_harm"": -0.08828982710838318, ""fold_b_lcb"": -0.09095405006781221, ""fold_b_query_after"": 4.664960861206055, ""fold_b_utility"": -0.035936832427978516, ""harm_lcb_max"": -0.09095405006781221, ""harm_mean"": -0.08846187964081764, ""harm_se_mean"": 0.001350418257061392, ""harm_ucb_max"": -0.08562560414895415, ""local_trainability"": -0.03788447380065918, ""query_after"": 4.638676166534424, ""query_before"": 4.600791692733765, ""system_utility"": -0.03788447380065918}, ""default"": {""feasible_both"": true, ""fold_a_harm"": -0.07667931169271469, ""fold_a_lcb"": -0.08357442241162062, ""fold_a_query_after"": 2.946645975112915, ""fold_a_utility"": 1.625913381576538, ""fold_b_harm"": -0.07640472054481506, ""fold_b_lcb"": -0.08292684704065323, ""fold_b_query_after"": 2.974640369415283, ""fold_b_utility"": 1.654383659362793, ""harm_lcb_max"": -0.08292684704065323, ""harm_mean"": -0.07654201611876488, ""harm_se_mean"": 0.0034227645955979824, ""harm_ucb_max"": -0.06978420097380876, ""local_trainability"": 0.08023512363433838, ""query_after"": 2.960643172264099, ""query_before"": 3.0408782958984375, ""system_utility"": 1.6401485204696655}}, ""status"": ""ok"", ""statusquo_loss"": 4.600791692733765, ""total_memory_budget"": 512}, ""utility_status"": ""ok""}"
34,B2,B,2,default,reuse,safe_existing_reuse,3.0401713848114014,2,True,294912,1299610,0,68607207,797261,12756400,493,18.307235840940848,524025856,0.0,14.209848928032443,2.285787621047348,512,512,3.035731554031372,-1.2505757808685303,0.06659436225891113,-1.3171701431274414,False,,"{""best_reuse"": ""default"", ""best_reuse_utility"": 0.06659436225891113, ""decision"": ""reuse"", ""fresh_advantage"": -1.3171701431274414, ""fresh_positive"": false, ""fresh_utility"": -1.2505757808685303, ""full_batch_guards"": {""adapter_1"": {""crossfit_feasible"": true, ""crossfit_utility"": -1.7659380435943604, ""crossfit_utility_positive"": false, ""full_batch_cur_after"": 4.7705769538879395, ""full_batch_cur_before"": 4.7537007331848145, ""full_batch_gain"": -0.016876220703125, ""full_batch_harm"": -0.08241073042154312, ""full_batch_harm_lcb"": -0.08479780384805054, ""full_batch_harm_se"": 0.0012178946053609252, ""full_batch_harm_ucb"": -0.0800236569950357, ""full_batch_safe"": true}, ""default"": {""crossfit_feasible"": true, ""crossfit_utility"": 0.06659436225891113, ""crossfit_utility_positive"": true, ""full_batch_cur_after"": 2.954747200012207, ""full_batch_cur_before"": 3.035731554031372, ""full_batch_gain"": 0.08098435401916504, ""full_batch_harm"": -0.07729703933000565, ""full_batch_harm_lcb"": -0.08486095323227345, ""full_batch_harm_se"": 0.003859139746055007, ""full_batch_harm_ucb"": -0.06973312542773784, ""full_batch_safe"": true}}, ""guarded_best_reuse"": ""default"", ""num_adapters"": 2, ""pending_after"": false, ""pending_before"": false, ""policy_version"": ""cau_v1"", ""reason"": ""safe_existing_reuse"", ""utility"": {""batch_n"": 16, ""best_reuse"": ""default"", ""best_reuse_query_after"": 2.969137191772461, ""best_reuse_utility"": 0.06659436225891113, ""budget_blocked_fresh"": false, ""defer_utility"": 0.0, ""fold_a_fresh_utility"": -1.2798938751220703, ""fold_a_query_n"": 8, ""fold_a_support_n"": 8, ""fold_b_fresh_utility"": -1.2212576866149902, ""fold_b_query_n"": 8, ""fold_b_support_n"": 8, ""fresh_advantage"": -1.3171701431274414, ""fresh_local_trainability"": 0.024310588836669922, ""fresh_positive"": false, ""fresh_query_after"": 4.286307334899902, ""fresh_query_before"": 4.310617923736572, ""fresh_utility"": -1.2505757808685303, ""max_adapters"": 8, ""reuse_profiles"": {""adapter_1"": {""feasible_both"": true, ""fold_a_harm"": -0.08455667644739151, ""fold_a_lcb"": -0.0870961908902973, ""fold_a_query_after"": 4.6780500411987305, ""fold_a_utility"": -1.706160545349121, ""fold_b_harm"": -0.08553440868854523, ""fold_b_lcb"": -0.08802913553547115, ""fold_b_query_after"": 4.925289154052734, ""fold_b_utility"": -1.8257155418395996, ""harm_lcb_max"": -0.0870961908902973, ""harm_mean"": -0.08504554256796837, ""harm_se_mean"": 0.0012842452269978821, ""harm_ucb_max"": -0.08201716200448572, ""local_trainability"": -0.04796886444091797, ""query_after"": 4.801669597625732, ""query_before"": 4.7537007331848145, ""system_utility"": -1.7659380435943604}, ""default"": {""feasible_both"": true, ""fold_a_harm"": -0.07255160808563232, ""fold_a_lcb"": -0.07926851488649846, ""fold_a_query_after"": 2.891396999359131, ""fold_a_utility"": 0.08049249649047852, ""fold_b_harm"": -0.07699151337146759, ""fold_b_lcb"": -0.08508273152634502, ""fold_b_query_after"": 3.046877384185791, ""fold_b_utility"": 0.05269622802734375, ""harm_lcb_max"": -0.07926851488649846, ""harm_mean"": -0.07477156072854996, ""harm_se_mean"": 0.003777582896873355, ""harm_ucb_max"": -0.06583470128476619, ""local_trainability"": 0.06659436225891113, ""query_after"": 2.969137191772461, ""query_before"": 3.035731554031372, ""system_utility"": 0.06659436225891113}}, ""status"": ""ok"", ""statusquo_loss"": 3.035731554031372, ""total_memory_budget"": 512}, ""utility_status"": ""ok""}"
35,B2,B,2,default,reuse,safe_existing_reuse,2.896871328353882,2,True,294912,1299610,0,68607207,797261,12756400,493,18.968801006907597,524025856,0.0,14.866214690031484,2.285787621047348,512,512,2.8743581771850586,-1.4319610595703125,0.07228708267211914,-1.5042481422424316,False,,"{""best_reuse"": ""default"", ""best_reuse_utility"": 0.07228708267211914, ""decision"": ""reuse"", ""fresh_advantage"": -1.5042481422424316, ""fresh_positive"": false, ""fresh_utility"": -1.4319610595703125, ""full_batch_guards"": {""adapter_1"": {""crossfit_feasible"": true, ""crossfit_utility"": -1.9349703788757324, ""crossfit_utility_positive"": false, ""full_batch_cur_after"": 4.775622844696045, ""full_batch_cur_before"": 4.7583160400390625, ""full_batch_gain"": -0.017306804656982422, ""full_batch_harm"": -0.08249489963054657, ""full_batch_harm_lcb"": -0.08469210168812424, ""full_batch_harm_se"": 0.0011210214579477906, ""full_batch_harm_ucb"": -0.0802976975729689, ""full_batch_safe"": true}, ""default"": {""crossfit_feasible"": true, ""crossfit_utility"": 0.07228708267211914, ""crossfit_utility_positive"": true, ""full_batch_cur_after"": 2.7859835624694824, ""full_batch_cur_before"": 2.8743581771850586, ""full_batch_gain"": 0.08837461471557617, ""full_batch_harm"": -0.0718279778957367, ""full_batch_harm_lcb"": -0.0804781886562705, ""full_batch_harm_se"": 0.004413372837007046, ""full_batch_harm_ucb"": -0.06317776713520289, ""full_batch_safe"": true}}, ""guarded_best_reuse"": ""default"", ""num_adapters"": 2, ""pending_after"": false, ""pending_before"": false, ""policy_version"": ""cau_v1"", ""reason"": ""safe_existing_reuse"", ""utility"": {""batch_n"": 16, ""best_reuse"": ""default"", ""best_reuse_query_after"": 2.8020710945129395, ""best_reuse_utility"": 0.07228708267211914, ""budget_blocked_fresh"": false, ""defer_utility"": 0.0, ""fold_a_fresh_utility"": -1.4198927879333496, ""fold_a_query_n"": 8, ""fold_a_support_n"": 8, ""fold_b_fresh_utility"": -1.4440293312072754, ""fold_b_query_n"": 8, ""fold_b_support_n"": 8, ""fresh_advantage"": -1.5042481422424316, ""fresh_local_trainability"": 0.029452800750732422, ""fresh_positive"": false, ""fresh_query_after"": 4.306319236755371, ""fresh_query_before"": 4.3357720375061035, ""fresh_utility"": -1.4319610595703125, ""max_adapters"": 8, ""reuse_profiles"": {""adapter_1"": {""feasible_both"": true, ""fold_a_harm"": -0.08344976603984833, ""fold_a_lcb"": -0.08589837206993252, ""fold_a_query_after"": 4.763659477233887, ""fold_a_utility"": -1.8768696784973145, ""fold_b_harm"": -0.08740866184234619, ""fold_b_lcb"": -0.08988384033553302, ""fold_b_query_after"": 4.854997634887695, ""fold_b_utility"": -1.9930710792541504, ""harm_lcb_max"": -0.08589837206993252, ""harm_mean"": -0.08542921394109726, ""harm_se_mean"": 0.0012560674804262817, ""harm_ucb_max"": -0.08100116000976414, ""local_trainability"": -0.05101299285888672, ""query_after"": 4.809328556060791, ""query_before"": 4.758315563201904, ""system_utility"": -1.9349703788757324}, ""default"": {""feasible_both"": true, ""fold_a_harm"": -0.07055003196001053, ""fold_a_lcb"": -0.07848636558279395, ""fold_a_query_after"": 2.8103652000427246, ""fold_a_utility"": 0.07642459869384766, ""fold_b_harm"": -0.0691857635974884, ""fold_b_lcb"": -0.07790755255147815, ""fold_b_query_after"": 2.7937769889831543, ""fold_b_utility"": 0.06814956665039062, ""harm_lcb_max"": -0.07790755255147815, ""harm_mean"": -0.06986789777874947, ""harm_se_mean"": 0.004249521065503359, ""harm_ucb_max"": -0.06046397464349866, ""local_trainability"": 0.07228708267211914, ""query_after"": 2.8020710945129395, ""query_before"": 2.8743581771850586, ""system_utility"": 0.07228708267211914}}, ""status"": ""ok"", ""statusquo_loss"": 2.8743581771850586, ""total_memory_budget"": 512}, ""utility_status"": ""ok""}"
36,B2,B,2,default,reuse,safe_existing_reuse,2.8568406105041504,2,True,294912,1299610,0,68607207,797261,12756400,493,19.622884715907276,524025856,0.0,15.514759536134079,2.285787621047348,512,512,2.8103623390197754,-1.4724183082580566,0.059108614921569824,-1.5315269231796265,False,,"{""best_reuse"": ""default"", ""best_reuse_utility"": 0.059108614921569824, ""decision"": ""reuse"", ""fresh_advantage"": -1.5315269231796265, ""fresh_positive"": false, ""fresh_utility"": -1.4724183082580566, ""full_batch_guards"": {""adapter_1"": {""crossfit_feasible"": true, ""crossfit_utility"": -1.9299371242523193, ""crossfit_utility_positive"": false, ""full_batch_cur_after"": 4.705595016479492, ""full_batch_cur_before"": 4.691285133361816, ""full_batch_gain"": -0.014309883117675781, ""full_batch_harm"": -0.08405175805091858, ""full_batch_harm_lcb"": -0.08667908914852887, ""full_batch_harm_se"": 0.0013404750498011708, ""full_batch_harm_ucb"": -0.08142442695330829, ""full_batch_safe"": true}, ""default"": {""crossfit_feasible"": true, ""crossfit_utility"": 0.059108614921569824, ""crossfit_utility_positive"": true, ""full_batch_cur_after"": 2.7336621284484863, ""full_batch_cur_before"": 2.8103623390197754, ""full_batch_gain"": 0.07670021057128906, ""full_batch_harm"": -0.06433646380901337, ""full_batch_harm_lcb"": -0.07429416470229626, ""full_batch_harm_se"": 0.005080459639430046, ""full_batch_harm_ucb"": -0.054378762915730475, ""full_batch_safe"": true}}, ""guarded_best_reuse"": ""default"", ""num_adapters"": 2, ""pending_after"": false, ""pending_before"": false, ""policy_version"": ""cau_v1"", ""reason"": ""safe_existing_reuse"", ""utility"": {""batch_n"": 16, ""best_reuse"": ""default"", ""best_reuse_query_after"": 2.7512537240982056, ""best_reuse_utility"": 0.059108614921569824, ""budget_blocked_fresh"": false, ""defer_utility"": 0.0, ""fold_a_fresh_utility"": -1.409827709197998, ""fold_a_query_n"": 8, ""fold_a_support_n"": 8, ""fold_b_fresh_utility"": -1.5350089073181152, ""fold_b_query_n"": 8, ""fold_b_support_n"": 8, ""fresh_advantage"": -1.5315269231796265, ""fresh_local_trainability"": 0.019755840301513672, ""fresh_positive"": false, ""fresh_query_after"": 4.282780647277832, ""fresh_query_before"": 4.302536487579346, ""fresh_utility"": -1.4724183082580566, ""max_adapters"": 8, ""reuse_profiles"": {""adapter_1"": {""feasible_both"": true, ""fold_a_harm"": -0.08632054179906845, ""fold_a_lcb"": -0.08877871881704777, ""fold_a_query_after"": 4.791715145111084, ""fold_a_utility"": -1.8828191757202148, ""fold_b_harm"": -0.08695583045482635, ""fold_b_lcb"": -0.08979830593336374, ""fold_b_query_after"": 4.6888837814331055, ""fold_b_utility"": -1.9770550727844238, ""harm_lcb_max"": -0.08877871881704777, ""harm_mean"": -0.0866381861269474, ""harm_se_mean"": 0.0013522072695195675, ""harm_ucb_max"": -0.08386236478108913, ""local_trainability"": -0.04901480674743652, ""query_after"": 4.740299463272095, ""query_before"": 4.691284656524658, ""system_utility"": -1.9299371242523193}, ""default"": {""feasible_both"": true, ""fold_a_harm"": -0.06109803169965744, ""fold_a_lcb"": -0.07200213275849819, ""fold_a_query_after"": 2.85971736907959, ""fold_a_utility"": 0.0491786003112793, ""fold_b_harm"": -0.06312178820371628, ""fold_b_lcb"": -0.07223255911841989, ""fold_b_query_after"": 2.6427900791168213, ""fold_b_utility"": 0.06903862953186035, ""harm_lcb_max"": -0.07200213275849819, ""harm_mean"": -0.06210990995168686, ""harm_se_mean"": 0.005105834687128663, ""harm_ucb_max"": -0.05019393064081669, ""local_trainability"": 0.059108614921569824, ""query_after"": 2.7512537240982056, ""query_before"": 2.8103623390197754, ""system_utility"": 0.059108614921569824}}, ""status"": ""ok"", ""statusquo_loss"": 2.8103623390197754, ""total_memory_budget"": 512}, ""utility_status"": ""ok""}"
37,B2,B,2,default,reuse,safe_existing_reuse,2.7681188583374023,2,True,294912,1299610,0,68607207,797261,12756400,493,20.277341766050085,524025856,0.0,16.163858728017658,2.285787621047348,512,512,2.758258104324341,-1.5094945430755615,0.06615138053894043,-1.575645923614502,False,,"{""best_reuse"": ""default"", ""best_reuse_utility"": 0.06615138053894043, ""decision"": ""reuse"", ""fresh_advantage"": -1.575645923614502, ""fresh_positive"": false, ""fresh_utility"": -1.5094945430755615, ""full_batch_guards"": {""adapter_1"": {""crossfit_feasible"": true, ""crossfit_utility"": -1.9805514812469482, ""crossfit_utility_positive"": false, ""full_batch_cur_after"": 4.711471080780029, ""full_batch_cur_before"": 4.698111534118652, ""full_batch_gain"": -0.013359546661376953, ""full_batch_harm"": -0.08439722657203674, ""full_batch_harm_lcb"": -0.08700865736231207, ""full_batch_harm_se"": 0.0013323626480996609, ""full_batch_harm_ucb"": -0.08178579578176141, ""full_batch_safe"": true}, ""default"": {""crossfit_feasible"": true, ""crossfit_utility"": 0.06615138053894043, ""crossfit_utility_positive"": true, ""full_batch_cur_after"": 2.6769161224365234, ""full_batch_cur_before"": 2.75825834274292, ""full_batch_gain"": 0.08134222030639648, ""full_batch_harm"": -0.06769980490207672, ""full_batch_harm_lcb"": -0.07596989871934057, ""full_batch_harm_se"": 0.00421943562105298, ""full_batch_harm_ucb"": -0.05942971108481288, ""full_batch_safe"": true}}, ""guarded_best_reuse"": ""default"", ""num_adapters"": 2, ""pending_after"": false, ""pending_before"": false, ""policy_version"": ""cau_v1"", ""reason"": ""safe_existing_reuse"", ""utility"": {""batch_n"": 16, ""best_reuse"": ""default"", ""best_reuse_query_after"": 2.6921067237854004, ""best_reuse_utility"": 0.06615138053894043, ""budget_blocked_fresh"": false, ""defer_utility"": 0.0, ""fold_a_fresh_utility"": -1.52410888671875, ""fold_a_query_n"": 8, ""fold_a_support_n"": 8, ""fold_b_fresh_utility"": -1.494880199432373, ""fold_b_query_n"": 8, ""fold_b_support_n"": 8, ""fresh_advantage"": -1.575645923614502, ""fresh_local_trainability"": 0.03629350662231445, ""fresh_positive"": false, ""fresh_query_after"": 4.267752647399902, ""fresh_query_before"": 4.304046154022217, ""fresh_utility"": -1.5094945430755615, ""max_adapters"": 8, ""reuse_profiles"": {""adapter_1"": {""feasible_both"": true, ""fold_a_harm"": -0.08799421787261963, ""fold_a_lcb"": -0.09080373087432235, ""fold_a_query_after"": 4.7957329750061035, ""fold_a_utility"": -2.050924301147461, ""fold_b_harm"": -0.08475533127784729, ""fold_b_lcb"": -0.0872593790339306, ""fold_b_query_after"": 4.681886196136475, ""fold_b_utility"": -1.9101786613464355, ""harm_lcb_max"": -0.0872593790339306, ""harm_mean"": -0.08637477457523346, ""harm_se_mean"": 0.0013555001933127642, ""harm_ucb_max"": -0.08225128352176397, ""local_trainability"": -0.04069805145263672, ""query_after"": 4.738809585571289, ""query_before"": 4.698111534118652, ""system_utility"": -1.9805514812469482}, ""default"": {""feasible_both"": true, ""fold_a_harm"": -0.06630229949951172, ""fold_a_lcb"": -0.07470193410292268, ""fold_a_query_after"": 2.681781053543091, ""fold_a_utility"": 0.06302762031555176, ""fold_b_harm"": -0.0637347400188446, ""fold_b_lcb"": -0.07169364644214511, ""fold_b_query_after"": 2.70243239402771, ""fold_b_utility"": 0.0692751407623291, ""harm_lcb_max"": -0.07169364644214511, ""harm_mean"": -0.06501851975917816, ""harm_se_mean"": 0.0041730972006917, ""harm_ucb_max"": -0.0557758335955441, ""local_trainability"": 0.06615138053894043, ""query_after"": 2.6921067237854004, ""query_before"": 2.758258104324341, ""system_utility"": 0.06615138053894043}}, ""status"": ""ok"", ""statusquo_loss"": 2.758258104324341, ""total_memory_budget"": 512}, ""utility_status"": ""ok""}"
38,B2,B,2,default,reuse,safe_existing_reuse,2.907005548477173,2,True,294912,1299610,0,68607207,797261,12756400,493,20.922657981980592,524025856,0.0,16.80370035301894,2.285787621047348,512,512,2.8441072702407837,-1.4608856439590454,0.04609322547912598,-1.5069788694381714,False,,"{""best_reuse"": ""default"", ""best_reuse_utility"": 0.04609322547912598, ""decision"": ""reuse"", ""fresh_advantage"": -1.5069788694381714, ""fresh_positive"": false, ""fresh_utility"": -1.4608856439590454, ""full_batch_guards"": {""adapter_1"": {""crossfit_feasible"": true, ""crossfit_utility"": -2.0127166509628296, ""crossfit_utility_positive"": false, ""full_batch_cur_after"": 4.823160648345947, ""full_batch_cur_before"": 4.803099632263184, ""full_batch_gain"": -0.020061016082763672, ""full_batch_harm"": -0.08285403251647949, ""full_batch_harm_lcb"": -0.08541344738565386, ""full_batch_harm_se"": 0.0013058239128440619, ""full_batch_harm_ucb"": -0.08029461764730512, ""full_batch_safe"": true}, ""default"": {""crossfit_feasible"": true, ""crossfit_utility"": 0.04609322547912598, ""crossfit_utility_positive"": true, ""full_batch_cur_after"": 2.7808609008789062, ""full_batch_cur_before"": 2.844107151031494, ""full_batch_gain"": 0.06324625015258789, ""full_batch_harm"": -0.05746964365243912, ""full_batch_harm_lcb"": -0.06623698618263006, ""full_batch_harm_se"": 0.004473133943974972, ""full_batch_harm_ucb"": -0.04870230112224817, ""full_batch_safe"": true}}, ""guarded_best_reuse"": ""default"", ""num_adapters"": 2, ""pending_after"": false, ""pending_before"": false, ""policy_version"": ""cau_v1"", ""reason"": ""safe_existing_reuse"", ""utility"": {""batch_n"": 16, ""best_reuse"": ""default"", ""best_reuse_query_after"": 2.7980140447616577, ""best_reuse_utility"": 0.04609322547912598, ""budget_blocked_fresh"": false, ""defer_utility"": 0.0, ""fold_a_fresh_utility"": -1.4586293697357178, ""fold_a_query_n"": 8, ""fold_a_support_n"": 8, ""fold_b_fresh_utility"": -1.463141918182373, ""fold_b_query_n"": 8, ""fold_b_support_n"": 8, ""fresh_advantage"": -1.5069788694381714, ""fresh_local_trainability"": 0.0300900936126709, ""fresh_positive"": false, ""fresh_query_after"": 4.304992914199829, ""fresh_query_before"": 4.3350830078125, ""fresh_utility"": -1.4608856439590454, ""max_adapters"": 8, ""reuse_profiles"": {""adapter_1"": {""feasible_both"": true, ""fold_a_harm"": -0.08554257452487946, ""fold_a_lcb"": -0.08835391246248037, ""fold_a_query_after"": 4.845430374145508, ""fold_a_utility"": -2.025777578353882, ""fold_b_harm"": -0.08723216503858566, ""fold_b_lcb"": -0.08995660266838967, ""fold_b_query_after"": 4.868217468261719, ""fold_b_utility"": -1.9996557235717773, ""harm_lcb_max"": -0.08835391246248037, ""harm_mean"": -0.08638736978173256, ""harm_se_mean"": 0.0014121876447461545, ""harm_ucb_max"": -0.08273123658727854, ""local_trainability"": -0.05372428894042969, ""query_after"": 4.856823921203613, ""query_before"": 4.803099632263184, ""system_utility"": -2.0127166509628296}, ""default"": {""feasible_both"": true, ""fold_a_harm"": -0.05669844150543213, ""fold_a_lcb"": -0.06645248977467418, ""fold_a_query_after"": 2.777801036834717, ""fold_a_utility"": 0.04185175895690918, ""fold_b_harm"": -0.05627041682600975, ""fold_b_lcb"": -0.06500806296244263, ""fold_b_query_after"": 2.8182270526885986, ""fold_b_utility"": 0.05033469200134277, ""harm_lcb_max"": -0.06500806296244263, ""harm_mean"": -0.05648442916572094, ""harm_se_mean"": 0.004717268981039524, ""harm_ucb_max"": -0.04694439323619008, ""local_trainability"": 0.04609322547912598, ""query_after"": 2.7980140447616577, ""query_before"": 2.8441072702407837, ""system_utility"": 0.04609322547912598}}, ""status"": ""ok"", ""statusquo_loss"": 2.8441072702407837, ""total_memory_budget"": 512}, ""utility_status"": ""ok""}"
39,B2,B,2,default,reuse,safe_existing_reuse,2.709846258163452,2,True,294912,1299610,0,68607207,797261,12756400,493,21.58837003307417,524025856,0.0,17.4638656899333,2.285787621047348,512,512,2.6328399181365967,-1.6589374542236328,0.05620265007019043,-1.7151401042938232,False,,"{""best_reuse"": ""default"", ""best_reuse_utility"": 0.05620265007019043, ""decision"": ""reuse"", ""fresh_advantage"": -1.7151401042938232, ""fresh_positive"": false, ""fresh_utility"": -1.6589374542236328, ""full_batch_guards"": {""adapter_1"": {""crossfit_feasible"": true, ""crossfit_utility"": -2.1086373329162598, ""crossfit_utility_positive"": false, ""full_batch_cur_after"": 4.711512088775635, ""full_batch_cur_before"": 4.697154521942139, ""full_batch_gain"": -0.014357566833496094, ""full_batch_harm"": -0.08321691304445267, ""full_batch_harm_lcb"": -0.08566867015790194, ""full_batch_harm_se"": 0.001250896486453712, ""full_batch_harm_ucb"": -0.08076515593100339, ""full_batch_safe"": true}, ""default"": {""crossfit_feasible"": true, ""crossfit_utility"": 0.05620265007019043, ""crossfit_utility_positive"": true, ""full_batch_cur_after"": 2.559293270111084, ""full_batch_cur_before"": 2.6328396797180176, ""full_batch_gain"": 0.0735464096069336, ""full_batch_harm"": -0.0482296347618103, ""full_batch_harm_lcb"": -0.05755941806361079, ""full_batch_harm_se"": 0.00476009352132678, ""full_batch_harm_ucb"": -0.038899851460009814, ""full_batch_safe"": true}}, ""guarded_best_reuse"": ""default"", ""num_adapters"": 2, ""pending_after"": false, ""pending_before"": false, ""policy_version"": ""cau_v1"", ""reason"": ""safe_existing_reuse"", ""utility"": {""batch_n"": 16, ""best_reuse"": ""default"", ""best_reuse_query_after"": 2.5766372680664062, ""best_reuse_utility"": 0.05620265007019043, ""budget_blocked_fresh"": false, ""defer_utility"": 0.0, ""fold_a_fresh_utility"": -1.7659802436828613, ""fold_a_query_n"": 8, ""fold_a_support_n"": 8, ""fold_b_fresh_utility"": -1.5518946647644043, ""fold_b_query_n"": 8, ""fold_b_support_n"": 8, ""fresh_advantage"": -1.7151401042938232, ""fresh_local_trainability"": 0.035315513610839844, ""fresh_positive"": false, ""fresh_query_after"": 4.2917773723602295, ""fresh_query_before"": 4.327092885971069, ""fresh_utility"": -1.6589374542236328, ""max_adapters"": 8, ""reuse_profiles"": {""adapter_1"": {""feasible_both"": true, ""fold_a_harm"": -0.085958331823349, ""fold_a_lcb"": -0.08855025190860033, ""fold_a_query_after"": 4.694857120513916, ""fold_a_utility"": -2.166316032409668, ""fold_b_harm"": -0.08707517385482788, ""fold_b_lcb"": -0.08968451799359173, ""fold_b_query_after"": 4.788097381591797, ""fold_b_utility"": -2.0509586334228516, ""harm_lcb_max"": -0.08855025190860033, ""harm_mean"": -0.08651675283908844, ""harm_se_mean"": 0.0013268531183712184, ""harm_ucb_max"": -0.08336641173809767, ""local_trainability"": -0.04432272911071777, ""query_after"": 4.7414772510528564, ""query_before"": 4.697154521942139, ""system_utility"": -2.1086373329162598}, ""default"": {""feasible_both"": true, ""fold_a_harm"": -0.05008560046553612, ""fold_a_lcb"": -0.05893799349665642, ""fold_a_query_after"": 2.466975212097168, ""fold_a_utility"": 0.06156587600708008, ""fold_b_harm"": -0.04519138112664223, ""fold_b_lcb"": -0.054394849110394716, ""fold_b_query_after"": 2.6862993240356445, ""fold_b_utility"": 0.05083942413330078, ""harm_lcb_max"": -0.054394849110394716, ""harm_mean"": -0.04763849079608917, ""harm_se_mean"": 0.004606086993589997, ""harm_ucb_max"": -0.03598791314288974, ""local_trainability"": 0.05620265007019043, ""query_after"": 2.5766372680664062, ""query_before"": 2.6328399181365967, ""system_utility"": 0.05620265007019043}}, ""status"": ""ok"", ""statusquo_loss"": 2.6328399181365967, ""total_memory_budget"": 512}, ""utility_status"": ""ok""}"
40,B2,B,2,default,reuse,safe_existing_reuse,2.7823476791381836,2,True,294912,1299610,0,68607207,797261,12756400,493,22.244385736063123,524025856,0.0,18.114234485896304,2.285787621047348,512,512,2.725146770477295,-1.5398385524749756,0.058870553970336914,-1.5987091064453125,False,,"{""best_reuse"": ""default"", ""best_reuse_utility"": 0.058870553970336914, ""decision"": ""reuse"", ""fresh_advantage"": -1.5987091064453125, ""fresh_positive"": false, ""fresh_utility"": -1.5398385524749756, ""full_batch_guards"": {""adapter_1"": {""crossfit_feasible"": true, ""crossfit_utility"": -2.0073459148406982, ""crossfit_utility_positive"": false, ""full_batch_cur_after"": 4.717249870300293, ""full_batch_cur_before"": 4.707302093505859, ""full_batch_gain"": -0.009947776794433594, ""full_batch_harm"": -0.08564066886901855, ""full_batch_harm_lcb"": -0.08810717674903572, ""full_batch_harm_se"": 0.0012584223877638578, ""full_batch_harm_ucb"": -0.08317416098900139, ""full_batch_safe"": true}, ""default"": {""crossfit_feasible"": true, ""crossfit_utility"": 0.058870553970336914, ""crossfit_utility_positive"": true, ""full_batch_cur_after"": 2.657388210296631, ""full_batch_cur_before"": 2.725146770477295, ""full_batch_gain"": 0.06775856018066406, ""full_batch_harm"": -0.042278170585632324, ""full_batch_harm_lcb"": -0.05339785594493151, ""full_batch_harm_se"": 0.005673308856785297, ""full_batch_harm_ucb"": -0.03115848522633314, ""full_batch_safe"": true}}, ""guarded_best_reuse"": ""default"", ""num_adapters"": 2, ""pending_after"": false, ""pending_before"": false, ""policy_version"": ""cau_v1"", ""reason"": ""safe_existing_reuse"", ""utility"": {""batch_n"": 16, ""best_reuse"": ""default"", ""best_reuse_query_after"": 2.666276216506958, ""best_reuse_utility"": 0.058870553970336914, ""budget_blocked_fresh"": false, ""defer_utility"": 0.0, ""fold_a_fresh_utility"": -1.5909371376037598, ""fold_a_query_n"": 8, ""fold_a_support_n"": 8, ""fold_b_fresh_utility"": -1.4887399673461914, ""fold_b_query_n"": 8, ""fold_b_support_n"": 8, ""fresh_advantage"": -1.5987091064453125, ""fresh_local_trainability"": 0.06401371955871582, ""fresh_positive"": false, ""fresh_query_after"": 4.2649853229522705, ""fresh_query_before"": 4.328999042510986, ""fresh_utility"": -1.5398385524749756, ""max_adapters"": 8, ""reuse_profiles"": {""adapter_1"": {""feasible_both"": true, ""fold_a_harm"": -0.08842335641384125, ""fold_a_lcb"": -0.0909964035404846, ""fold_a_query_after"": 4.738589286804199, ""fold_a_utility"": -2.045555591583252, ""fold_b_harm"": -0.08747081458568573, ""fold_b_lcb"": -0.09015649115201085, ""fold_b_query_after"": 4.726396083831787, ""fold_b_utility"": -1.9691362380981445, ""harm_lcb_max"": -0.09015649115201085, ""harm_mean"": -0.08794708549976349, ""harm_se_mean"": 0.0013415111461654305, ""harm_ucb_max"": -0.0847851380193606, ""local_trainability"": -0.02519083023071289, ""query_after"": 4.732492685317993, ""query_before"": 4.70730185508728, ""system_utility"": -2.0073459148406982}, ""default"": {""feasible_both"": true, ""fold_a_harm"": -0.040646426379680634, ""fold_a_lcb"": -0.05184839859604835, ""fold_a_query_after"": 2.635251045227051, ""fold_a_utility"": 0.057782649993896484, ""fold_b_harm"": -0.04271141439676285, ""fold_b_lcb"": -0.05354199048131704, ""fold_b_query_after"": 2.6973013877868652, ""fold_b_utility"": 0.059958457946777344, ""harm_lcb_max"": -0.05184839859604835, ""harm_mean"": -0.04167892038822174, ""harm_se_mean"": 0.005620548035949469, ""harm_ucb_max"": -0.029444454163312914, ""local_trainability"": 0.058870553970336914, ""query_after"": 2.666276216506958, ""query_before"": 2.725146770477295, ""system_utility"": 0.058870553970336914}}, ""status"": ""ok"", ""statusquo_loss"": 2.725146770477295, ""total_memory_budget"": 512}, ""utility_status"": ""ok""}"
41,B2,B,2,default,reuse,safe_existing_reuse,2.647592306137085,2,True,294912,1299610,0,68607207,797261,12756400,493,22.89996342593804,524025856,0.0,18.76353590283543,2.285787621047348,512,512,2.6285574436187744,-1.6401779651641846,0.0631868839263916,-1.7033648490905762,False,,"{""best_reuse"": ""default"", ""best_reuse_utility"": 0.0631868839263916, ""decision"": ""reuse"", ""fresh_advantage"": -1.7033648490905762, ""fresh_positive"": false, ""fresh_utility"": -1.6401779651641846, ""full_batch_guards"": {""adapter_1"": {""crossfit_feasible"": true, ""crossfit_utility"": -2.115210771560669, ""crossfit_utility_positive"": false, ""full_batch_cur_after"": 4.729189872741699, ""full_batch_cur_before"": 4.715826034545898, ""full_batch_gain"": -0.013363838195800781, ""full_batch_harm"": -0.08450929820537567, ""full_batch_harm_lcb"": -0.08713704047258944, ""full_batch_harm_se"": 0.001340684830211103, ""full_batch_harm_ucb"": -0.0818815559381619, ""full_batch_safe"": true}, ""default"": {""crossfit_feasible"": true, ""crossfit_utility"": 0.0631868839263916, ""crossfit_utility_positive"": true, ""full_batch_cur_after"": 2.556626796722412, ""full_batch_cur_before"": 2.6285574436187744, ""full_batch_gain"": 0.0719306468963623, ""full_batch_harm"": -0.031074557453393936, ""full_batch_harm_lcb"": -0.04399305734783411, ""full_batch_harm_se"": 0.0065910713747143745, ""full_batch_harm_ucb"": -0.01815605755895376, ""full_batch_safe"": true}}, ""guarded_best_reuse"": ""default"", ""num_adapters"": 2, ""pending_after"": false, ""pending_before"": false, ""policy_version"": ""cau_v1"", ""reason"": ""safe_existing_reuse"", ""utility"": {""batch_n"": 16, ""best_reuse"": ""default"", ""best_reuse_query_after"": 2.565370559692383, ""best_reuse_utility"": 0.0631868839263916, ""budget_blocked_fresh"": false, ""defer_utility"": 0.0, ""fold_a_fresh_utility"": -1.6279144287109375, ""fold_a_query_n"": 8, ""fold_a_support_n"": 8, ""fold_b_fresh_utility"": -1.6524415016174316, ""fold_b_query_n"": 8, ""fold_b_support_n"": 8, ""fresh_advantage"": -1.7033648490905762, ""fresh_local_trainability"": 0.05999469757080078, ""fresh_positive"": false, ""fresh_query_after"": 4.268735408782959, ""fresh_query_before"": 4.32873010635376, ""fresh_utility"": -1.6401779651641846, ""max_adapters"": 8, ""reuse_profiles"": {""adapter_1"": {""feasible_both"": true, ""fold_a_harm"": -0.08753041177988052, ""fold_a_lcb"": -0.09027373354882001, ""fold_a_query_after"": 4.739694595336914, ""fold_a_utility"": -2.110527992248535, ""fold_b_harm"": -0.08594512939453125, ""fold_b_lcb"": -0.08880850789602845, ""fold_b_query_after"": 4.747841835021973, ""fold_b_utility"": -2.1198935508728027, ""harm_lcb_max"": -0.08880850789602845, ""harm_mean"": -0.08673777058720589, ""harm_se_mean"": 0.001430280681233853, ""harm_ucb_max"": -0.08308175089303405, ""local_trainability"": -0.027942419052124023, ""query_after"": 4.743768215179443, ""query_before"": 4.715825796127319, ""system_utility"": -2.115210771560669}, ""default"": {""feasible_both"": true, ""fold_a_harm"": -0.0306147038936615, ""fold_a_lcb"": -0.04324784660711885, ""fold_a_query_after"": 2.5654563903808594, ""fold_a_utility"": 0.06371021270751953, ""fold_b_harm"": -0.031419336795806885, ""fold_b_lcb"": -0.04401586761698127, ""fold_b_query_after"": 2.5652847290039062, ""fold_b_utility"": 0.06266355514526367, ""harm_lcb_max"": -0.04324784660711885, ""harm_mean"": -0.031017020344734192, ""harm_se_mean"": 0.006436141207814217, ""harm_ucb_max"": -0.017981561180204154, ""local_trainability"": 0.0631868839263916, ""query_after"": 2.565370559692383, ""query_before"": 2.6285574436187744, ""system_utility"": 0.0631868839263916}}, ""status"": ""ok"", ""statusquo_loss"": 2.6285574436187744, ""total_memory_budget"": 512}, ""utility_status"": ""ok""}"
42,B2,B,2,default,reuse,safe_existing_reuse,2.5535964965820312,2,True,294912,1299610,0,68607207,797261,12756400,493,23.557765268953517,524025856,0.0,19.415654507931322,2.285787621047348,512,512,2.492598295211792,-1.8134300708770752,0.024157166481018066,-1.8375872373580933,False,,"{""best_reuse"": ""default"", ""best_reuse_utility"": 0.024157166481018066, ""decision"": ""reuse"", ""fresh_advantage"": -1.8375872373580933, ""fresh_positive"": false, ""fresh_utility"": -1.8134300708770752, ""full_batch_guards"": {""adapter_1"": {""crossfit_feasible"": true, ""crossfit_utility"": -2.31160306930542, ""crossfit_utility_positive"": false, ""full_batch_cur_after"": 4.763564109802246, ""full_batch_cur_before"": 4.74582576751709, ""full_batch_gain"": -0.01773834228515625, ""full_batch_harm"": -0.08320799469947815, ""full_batch_harm_lcb"": -0.08581620641052723, ""full_batch_harm_se"": 0.0013307202607393265, ""full_batch_harm_ucb"": -0.08059978298842907, ""full_batch_safe"": true}, ""default"": {""crossfit_feasible"": true, ""crossfit_utility"": 0.024157166481018066, ""crossfit_utility_positive"": true, ""full_batch_cur_after"": 2.441314458847046, ""full_batch_cur_before"": 2.492598056793213, ""full_batch_gain"": 0.05128359794616699, ""full_batch_harm"": -0.03415719047188759, ""full_batch_harm_lcb"": -0.04573639733716846, ""full_batch_harm_se"": 0.005907758604735136, ""full_batch_harm_ucb"": -0.022577983606606723, ""full_batch_safe"": true}}, ""guarded_best_reuse"": ""default"", ""num_adapters"": 2, ""pending_after"": false, ""pending_before"": false, ""policy_version"": ""cau_v1"", ""reason"": ""safe_existing_reuse"", ""utility"": {""batch_n"": 16, ""best_reuse"": ""default"", ""best_reuse_query_after"": 2.468441128730774, ""best_reuse_utility"": 0.024157166481018066, ""budget_blocked_fresh"": false, ""defer_utility"": 0.0, ""fold_a_fresh_utility"": -1.9251465797424316, ""fold_a_query_n"": 8, ""fold_a_support_n"": 8, ""fold_b_fresh_utility"": -1.7017135620117188, ""fold_b_query_n"": 8, ""fold_b_support_n"": 8, ""fresh_advantage"": -1.8375872373580933, ""fresh_local_trainability"": 0.008523702621459961, ""fresh_positive"": false, ""fresh_query_after"": 4.306028366088867, ""fresh_query_before"": 4.314552068710327, ""fresh_utility"": -1.8134300708770752, ""max_adapters"": 8, ""reuse_profiles"": {""adapter_1"": {""feasible_both"": true, ""fold_a_harm"": -0.0874955803155899, ""fold_a_lcb"": -0.08996093819849194, ""fold_a_query_after"": 4.861354351043701, ""fold_a_utility"": -2.422640800476074, ""fold_b_harm"": -0.08608803153038025, ""fold_b_lcb"": -0.08884677672293037, ""fold_b_query_after"": 4.747048377990723, ""fold_b_utility"": -2.2005653381347656, ""harm_lcb_max"": -0.08884677672293037, ""harm_mean"": -0.08679180592298508, ""harm_se_mean"": 0.001332679355982691, ""harm_ucb_max"": -0.08332928633783013, ""local_trainability"": -0.05837559700012207, ""query_after"": 4.804201364517212, ""query_before"": 4.74582576751709, ""system_utility"": -2.31160306930542}, ""default"": {""feasible_both"": true, ""fold_a_harm"": -0.03278762847185135, ""fold_a_lcb"": -0.04345765674486756, ""fold_a_query_after"": 2.4057655334472656, ""fold_a_utility"": 0.03294801712036133, ""fold_b_harm"": -0.03389733284711838, ""fold_b_lcb"": -0.04610772475600243, ""fold_b_query_after"": 2.5311167240142822, ""fold_b_utility"": 0.015366315841674805, ""harm_lcb_max"": -0.04345765674486756, ""harm_mean"": -0.03334248065948486, ""harm_se_mean"": 0.005836841883137822, ""harm_ucb_max"": -0.02168694093823433, ""local_trainability"": 0.024157166481018066, ""query_after"": 2.468441128730774, ""query_before"": 2.492598295211792, ""system_utility"": 0.024157166481018066}}, ""status"": ""ok"", ""statusquo_loss"": 2.492598295211792, ""total_memory_budget"": 512}, ""utility_status"": ""ok""}"
43,B2,B,2,default,reuse,safe_existing_reuse,2.5196032524108887,2,True,294912,1299610,0,68607207,797261,12756400,493,24.19833538401872,524025856,0.0,20.050526305101812,2.285787621047348,512,512,2.4914605617523193,-1.8152270317077637,0.014545679092407227,-1.829772710800171,False,,"{""best_reuse"": ""default"", ""best_reuse_utility"": 0.014545679092407227, ""decision"": ""reuse"", ""fresh_advantage"": -1.829772710800171, ""fresh_positive"": false, ""fresh_utility"": -1.8152270317077637, ""full_batch_guards"": {""adapter_1"": {""crossfit_feasible"": true, ""crossfit_utility"": -2.307363986968994, ""crossfit_utility_positive"": false, ""full_batch_cur_after"": 4.766607284545898, ""full_batch_cur_before"": 4.748562812805176, ""full_batch_gain"": -0.018044471740722656, ""full_batch_harm"": -0.08236047625541687, ""full_batch_harm_lcb"": -0.08479724507313222, ""full_batch_harm_se"": 0.0012432493967935443, ""full_batch_harm_ucb"": -0.07992370743770152, ""full_batch_safe"": true}, ""default"": {""crossfit_feasible"": true, ""crossfit_utility"": 0.014545679092407227, ""crossfit_utility_positive"": true, ""full_batch_cur_after"": 2.4546966552734375, ""full_batch_cur_before"": 2.4914608001708984, ""full_batch_gain"": 0.03676414489746094, ""full_batch_harm"": -0.024331700056791306, ""full_batch_harm_lcb"": -0.036944370083510876, ""full_batch_harm_se"": 0.006435035727918148, ""full_batch_harm_ucb"": -0.011719030030071735, ""full_batch_safe"": true}}, ""guarded_best_reuse"": ""default"", ""num_adapters"": 2, ""pending_after"": false, ""pending_before"": false, ""policy_version"": ""cau_v1"", ""reason"": ""safe_existing_reuse"", ""utility"": {""batch_n"": 16, ""best_reuse"": ""default"", ""best_reuse_query_after"": 2.476914882659912, ""best_reuse_utility"": 0.014545679092407227, ""budget_blocked_fresh"": false, ""defer_utility"": 0.0, ""fold_a_fresh_utility"": -1.7901406288146973, ""fold_a_query_n"": 8, ""fold_a_support_n"": 8, ""fold_b_fresh_utility"": -1.84031343460083, ""fold_b_query_n"": 8, ""fold_b_support_n"": 8, ""fresh_advantage"": -1.829772710800171, ""fresh_local_trainability"": 0.022872209548950195, ""fresh_positive"": false, ""fresh_query_after"": 4.306687593460083, ""fresh_query_before"": 4.329559803009033, ""fresh_utility"": -1.8152270317077637, ""max_adapters"": 8, ""reuse_profiles"": {""adapter_1"": {""feasible_both"": true, ""fold_a_harm"": -0.08644074201583862, ""fold_a_lcb"": -0.08895815803203731, ""fold_a_query_after"": 4.834103584289551, ""fold_a_utility"": -2.274610996246338, ""fold_b_harm"": -0.08473032712936401, ""fold_b_lcb"": -0.08743507721927017, ""fold_b_query_after"": 4.763545513153076, ""fold_b_utility"": -2.3401169776916504, ""harm_lcb_max"": -0.08743507721927017, ""harm_mean"": -0.08558553457260132, ""harm_se_mean"": 0.0013321852311491966, ""harm_ucb_max"": -0.08202557703945786, ""local_trainability"": -0.050261497497558594, ""query_after"": 4.7988245487213135, ""query_before"": 4.748563051223755, ""system_utility"": -2.307363986968994}, ""default"": {""feasible_both"": true, ""fold_a_harm"": -0.02217680960893631, ""fold_a_lcb"": -0.03291829194873572, ""fold_a_query_after"": 2.519163131713867, ""fold_a_utility"": 0.0403294563293457, ""fold_b_harm"": -0.02105451002717018, ""fold_b_lcb"": -0.035244220383465294, ""fold_b_query_after"": 2.434666633605957, ""fold_b_utility"": -0.01123809814453125, ""harm_lcb_max"": -0.03291829194873572, ""harm_mean"": -0.021615659818053246, ""harm_se_mean"": 0.006359998136758804, ""harm_ucb_max"": -0.006864799670875072, ""local_trainability"": 0.014545679092407227, ""query_after"": 2.476914882659912, ""query_before"": 2.4914605617523193, ""system_utility"": 0.014545679092407227}}, ""status"": ""ok"", ""statusquo_loss"": 2.4914605617523193, ""total_memory_budget"": 512}, ""utility_status"": ""ok""}"
44,B2,B,2,default,reuse,safe_existing_reuse,2.4036335945129395,2,True,294912,1299610,0,68607207,797261,12756400,493,24.837879630969837,524025856,0.0,20.684187699109316,2.285787621047348,512,512,2.371501088142395,-1.9027386903762817,0.01895904541015625,-1.921697735786438,False,,"{""best_reuse"": ""default"", ""best_reuse_utility"": 0.01895904541015625, ""decision"": ""reuse"", ""fresh_advantage"": -1.921697735786438, ""fresh_positive"": false, ""fresh_utility"": -1.9027386903762817, ""full_batch_guards"": {""adapter_1"": {""crossfit_feasible"": true, ""crossfit_utility"": -2.3590468168258667, ""crossfit_utility_positive"": false, ""full_batch_cur_after"": 4.709525108337402, ""full_batch_cur_before"": 4.69243049621582, ""full_batch_gain"": -0.01709461212158203, ""full_batch_harm"": -0.08412527292966843, ""full_batch_harm_lcb"": -0.08637621727306395, ""full_batch_harm_se"": 0.0011484409915283322, ""full_batch_harm_ucb"": -0.0818743285862729, ""full_batch_safe"": true}, ""default"": {""crossfit_feasible"": true, ""crossfit_utility"": 0.01895904541015625, ""crossfit_utility_positive"": true, ""full_batch_cur_after"": 2.335653781890869, ""full_batch_cur_before"": 2.3715012073516846, ""full_batch_gain"": 0.03584742546081543, ""full_batch_harm"": -0.01986658200621605, ""full_batch_harm_lcb"": -0.031809589546173814, ""full_batch_harm_se"": 0.006093371193856001, ""full_batch_harm_ucb"": -0.007923574466258288, ""full_batch_safe"": true}}, ""guarded_best_reuse"": ""default"", ""num_adapters"": 2, ""pending_after"": false, ""pending_before"": false, ""policy_version"": ""cau_v1"", ""reason"": ""safe_existing_reuse"", ""utility"": {""batch_n"": 16, ""best_reuse"": ""default"", ""best_reuse_query_after"": 2.3525420427322388, ""best_reuse_utility"": 0.01895904541015625, ""budget_blocked_fresh"": false, ""defer_utility"": 0.0, ""fold_a_fresh_utility"": -1.9505360126495361, ""fold_a_query_n"": 8, ""fold_a_support_n"": 8, ""fold_b_fresh_utility"": -1.8549413681030273, ""fold_b_query_n"": 8, ""fold_b_support_n"": 8, ""fresh_advantage"": -1.921697735786438, ""fresh_local_trainability"": 0.03897976875305176, ""fresh_positive"": false, ""fresh_query_after"": 4.274239778518677, ""fresh_query_before"": 4.3132195472717285, ""fresh_utility"": -1.9027386903762817, ""max_adapters"": 8, ""reuse_profiles"": {""adapter_1"": {""feasible_both"": true, ""fold_a_harm"": -0.08379712700843811, ""fold_a_lcb"": -0.0863217661017552, ""fold_a_query_after"": 4.715339660644531, ""fold_a_utility"": -2.3684403896331787, ""fold_b_harm"": -0.08688046038150787, ""fold_b_lcb"": -0.089099215073511, ""fold_b_query_after"": 4.745756149291992, ""fold_b_utility"": -2.3496532440185547, ""harm_lcb_max"": -0.0863217661017552, ""harm_mean"": -0.08533879369497299, ""harm_se_mean"": 0.001210049435030669, ""harm_ucb_max"": -0.08127248791512102, ""local_trainability"": -0.0381169319152832, ""query_after"": 4.730547904968262, ""query_before"": 4.6924309730529785, ""system_utility"": -2.3590468168258667}, ""default"": {""feasible_both"": true, ""fold_a_harm"": -0.024227801710367203, ""fold_a_lcb"": -0.03701798565685749, ""fold_a_query_after"": 2.3338663578033447, ""fold_a_utility"": 0.013032913208007812, ""fold_b_harm"": -0.01716948300600052, ""fold_b_lcb"": -0.02856975032016635, ""fold_b_query_after"": 2.371217727661133, ""fold_b_utility"": 0.024885177612304688, ""harm_lcb_max"": -0.02856975032016635, ""harm_mean"": -0.02069864235818386, ""harm_se_mean"": 0.006171033484861255, ""harm_ucb_max"": -0.005769215691834688, ""local_trainability"": 0.01895904541015625, ""query_after"": 2.3525420427322388, ""query_before"": 2.371501088142395, ""system_utility"": 0.01895904541015625}}, ""status"": ""ok"", ""statusquo_loss"": 2.371501088142395, ""total_memory_budget"": 512}, ""utility_status"": ""ok""}"
45,B2,B,2,default,reuse,safe_existing_reuse,2.4859883785247803,2,True,294912,1299610,0,68607207,797261,12756400,493,25.455655965022743,524025856,0.0,21.296162443002686,2.285787621047348,512,512,2.4158053398132324,-1.8142449855804443,-0.0018922090530395508,-1.8123527765274048,False,,"{""best_reuse"": ""default"", ""best_reuse_utility"": -0.0018922090530395508, ""decision"": ""reuse"", ""fresh_advantage"": -1.8123527765274048, ""fresh_positive"": false, ""fresh_utility"": -1.8142449855804443, ""full_batch_guards"": {""adapter_1"": {""crossfit_feasible"": true, ""crossfit_utility"": -2.2681844234466553, ""crossfit_utility_positive"": false, ""full_batch_cur_after"": 4.662694454193115, ""full_batch_cur_before"": 4.654942512512207, ""full_batch_gain"": -0.007751941680908203, ""full_batch_harm"": -0.08562718331813812, ""full_batch_harm_lcb"": -0.08794950757175685, ""full_batch_harm_se"": 0.001184859313070774, ""full_batch_harm_ucb"": -0.0833048590645194, ""full_batch_safe"": true}, ""default"": {""crossfit_feasible"": true, ""crossfit_utility"": -0.0018922090530395508, ""crossfit_utility_positive"": false, ""full_batch_cur_after"": 2.3984382152557373, ""full_batch_cur_before"": 2.4158053398132324, ""full_batch_gain"": 0.017367124557495117, ""full_batch_harm"": -0.013545703142881393, ""full_batch_harm_lcb"": -0.023070513177663086, ""full_batch_harm_se"": 0.004859596956521273, ""full_batch_harm_ucb"": -0.004020893108099699, ""full_batch_safe"": true}}, ""guarded_best_reuse"": ""default"", ""num_adapters"": 2, ""pending_after"": false, ""pending_before"": false, ""policy_version"": ""cau_v1"", ""reason"": ""safe_existing_reuse"", ""utility"": {""batch_n"": 16, ""best_reuse"": ""default"", ""best_reuse_query_after"": 2.417697548866272, ""best_reuse_utility"": -0.0018922090530395508, ""budget_blocked_fresh"": false, ""defer_utility"": 0.0, ""fold_a_fresh_utility"": -1.880420207977295, ""fold_a_query_n"": 8, ""fold_a_support_n"": 8, ""fold_b_fresh_utility"": -1.7480697631835938, ""fold_b_query_n"": 8, ""fold_b_support_n"": 8, ""fresh_advantage"": -1.8123527765274048, ""fresh_local_trainability"": 0.05440211296081543, ""fresh_positive"": false, ""fresh_query_after"": 4.230050325393677, ""fresh_query_before"": 4.284452438354492, ""fresh_utility"": -1.8142449855804443, ""max_adapters"": 8, ""reuse_profiles"": {""adapter_1"": {""feasible_both"": true, ""fold_a_harm"": -0.0883277878165245, ""fold_a_lcb"": -0.0908264492964372, ""fold_a_query_after"": 4.763406276702881, ""fold_a_utility"": -2.3702354431152344, ""fold_b_harm"": -0.08745995163917542, ""fold_b_lcb"": -0.0899516389798373, ""fold_b_query_after"": 4.6045732498168945, ""fold_b_utility"": -2.166133403778076, ""harm_lcb_max"": -0.0899516389798373, ""harm_mean"": -0.08789386972784996, ""harm_se_mean"": 0.0012730481685139239, ""harm_ucb_max"": -0.08496826429851354, ""local_trainability"": -0.029047727584838867, ""query_after"": 4.683989763259888, ""query_before"": 4.654942035675049, ""system_utility"": -2.2681844234466553}, ""default"": {""feasible_both"": true, ""fold_a_harm"": -0.014114350080490112, ""fold_a_lcb"": -0.024543024990707638, ""fold_a_query_after"": 2.399587869644165, ""fold_a_utility"": -0.006417036056518555, ""fold_b_harm"": -0.013265904039144516, ""fold_b_lcb"": -0.023333376720547677, ""fold_b_query_after"": 2.435807228088379, ""fold_b_utility"": 0.002632617950439453, ""harm_lcb_max"": -0.023333376720547677, ""harm_mean"": -0.013690127059817314, ""harm_se_mean"": 0.005228609079495072, ""harm_ucb_max"": -0.0031984313577413555, ""local_trainability"": -0.0018922090530395508, ""query_after"": 2.417697548866272, ""query_before"": 2.4158053398132324, ""system_utility"": -0.0018922090530395508}}, ""status"": ""ok"", ""statusquo_loss"": 2.4158053398132324, ""total_memory_budget"": 512}, ""utility_status"": ""ok""}"
46,B2,B,2,default,reuse,safe_existing_reuse,2.3343896865844727,2,True,294912,1299610,0,68607207,797261,12756400,493,26.10468226391822,524025856,0.0,21.939197435975075,2.285787621047348,512,512,2.32951819896698,-1.9558302164077759,-0.0037196874618530273,-1.9521105289459229,False,,"{""best_reuse"": ""default"", ""best_reuse_utility"": -0.0037196874618530273, ""decision"": ""reuse"", ""fresh_advantage"": -1.9521105289459229, ""fresh_positive"": false, ""fresh_utility"": -1.9558302164077759, ""full_batch_guards"": {""adapter_1"": {""crossfit_feasible"": true, ""crossfit_utility"": -2.458452820777893, ""crossfit_utility_positive"": false, ""full_batch_cur_after"": 4.756885051727295, ""full_batch_cur_before"": 4.742359638214111, ""full_batch_gain"": -0.014525413513183594, ""full_batch_harm"": -0.08405590057373047, ""full_batch_harm_lcb"": -0.08662120963446795, ""full_batch_harm_se"": 0.0013088311534374952, ""full_batch_harm_ucb"": -0.08149059151299298, ""full_batch_safe"": true}, ""default"": {""crossfit_feasible"": true, ""crossfit_utility"": -0.0037196874618530273, ""crossfit_utility_positive"": false, ""full_batch_cur_after"": 2.3052122592926025, ""full_batch_cur_before"": 2.3295180797576904, ""full_batch_gain"": 0.02430582046508789, ""full_batch_harm"": -0.009086230769753456, ""full_batch_harm_lcb"": -0.0176034963876009, ""full_batch_harm_se"": 0.004345543682575226, ""full_batch_harm_ucb"": -0.0005689651519060132, ""full_batch_safe"": true}}, ""guarded_best_reuse"": ""default"", ""num_adapters"": 2, ""pending_after"": false, ""pending_before"": false, ""policy_version"": ""cau_v1"", ""reason"": ""safe_existing_reuse"", ""utility"": {""batch_n"": 16, ""best_reuse"": ""default"", ""best_reuse_query_after"": 2.333237886428833, ""best_reuse_utility"": -0.0037196874618530273, ""budget_blocked_fresh"": false, ""defer_utility"": 0.0, ""fold_a_fresh_utility"": -2.073486804962158, ""fold_a_query_n"": 8, ""fold_a_support_n"": 8, ""fold_b_fresh_utility"": -1.8381736278533936, ""fold_b_query_n"": 8, ""fold_b_support_n"": 8, ""fresh_advantage"": -1.9521105289459229, ""fresh_local_trainability"": 0.03429412841796875, ""fresh_positive"": false, ""fresh_query_after"": 4.285348415374756, ""fresh_query_before"": 4.319642543792725, ""fresh_utility"": -1.9558302164077759, ""max_adapters"": 8, ""reuse_profiles"": {""adapter_1"": {""feasible_both"": true, ""fold_a_harm"": -0.08491627871990204, ""fold_a_lcb"": -0.08750383771490305, ""fold_a_query_after"": 4.807605743408203, ""fold_a_utility"": -2.54976224899292, ""fold_b_harm"": -0.08814580738544464, ""fold_b_lcb"": -0.09087164828553795, ""fold_b_query_after"": 4.768336296081543, ""fold_b_utility"": -2.367143392562866, ""harm_lcb_max"": -0.08750383771490305, ""harm_mean"": -0.08653104305267334, ""harm_se_mean"": 0.0013554591569118202, ""harm_ucb_max"": -0.08232871972490102, ""local_trainability"": -0.04561138153076172, ""query_after"": 4.787971019744873, ""query_before"": 4.742359638214111, ""system_utility"": -2.458452820777893}, ""default"": {""feasible_both"": true, ""fold_a_harm"": -0.008233962580561638, ""fold_a_lcb"": -0.016171726398169994, ""fold_a_query_after"": 2.260038375854492, ""fold_a_utility"": -0.0021948814392089844, ""fold_b_harm"": -0.00929083488881588, ""fold_b_lcb"": -0.018979988638311622, ""fold_b_query_after"": 2.406437397003174, ""fold_b_utility"": -0.00524449348449707, ""harm_lcb_max"": -0.016171726398169994, ""harm_mean"": -0.008762398734688759, ""harm_se_mean"": 0.004496662644669414, ""harm_ucb_max"": 0.0003983188606798641, ""local_trainability"": -0.0037196874618530273, ""query_after"": 2.333237886428833, ""query_before"": 2.32951819896698, ""system_utility"": -0.0037196874618530273}}, ""status"": ""ok"", ""statusquo_loss"": 2.32951819896698, ""total_memory_budget"": 512}, ""utility_status"": ""ok""}"
47,B2,B,2,default,reuse,safe_existing_reuse,2.409620761871338,2,True,294912,1299610,0,68607207,797261,12756400,493,26.769618234131485,524025856,0.0,22.597923713969067,2.285787621047348,512,512,2.3958271741867065,-1.9088581800460815,0.03080892562866211,-1.9396671056747437,False,,"{""best_reuse"": ""default"", ""best_reuse_utility"": 0.03080892562866211, ""decision"": ""reuse"", ""fresh_advantage"": -1.9396671056747437, ""fresh_positive"": false, ""fresh_utility"": -1.9088581800460815, ""full_batch_guards"": {""adapter_1"": {""crossfit_feasible"": true, ""crossfit_utility"": -2.414369225502014, ""crossfit_utility_positive"": false, ""full_batch_cur_after"": 4.786759376525879, ""full_batch_cur_before"": 4.7682013511657715, ""full_batch_gain"": -0.018558025360107422, ""full_batch_harm"": -0.0843445211648941, ""full_batch_harm_lcb"": -0.08675678682979196, ""full_batch_harm_se"": 0.0012307477882131934, ""full_batch_harm_ucb"": -0.08193225549999625, ""full_batch_safe"": true}, ""default"": {""crossfit_feasible"": true, ""crossfit_utility"": 0.03080892562866211, ""crossfit_utility_positive"": true, ""full_batch_cur_after"": 2.3441357612609863, ""full_batch_cur_before"": 2.395827293395996, ""full_batch_gain"": 0.051691532135009766, ""full_batch_harm"": -0.01384449377655983, ""full_batch_harm_lcb"": -0.02522177666425705, ""full_batch_harm_se"": 0.005804736167192459, ""full_batch_harm_ucb"": -0.0024672108888626094, ""full_batch_safe"": true}}, ""guarded_best_reuse"": ""default"", ""num_adapters"": 2, ""pending_after"": false, ""pending_before"": false, ""policy_version"": ""cau_v1"", ""reason"": ""safe_existing_reuse"", ""utility"": {""batch_n"": 16, ""best_reuse"": ""default"", ""best_reuse_query_after"": 2.3650182485580444, ""best_reuse_utility"": 0.03080892562866211, ""budget_blocked_fresh"": false, ""defer_utility"": 0.0, ""fold_a_fresh_utility"": -1.9069015979766846, ""fold_a_query_n"": 8, ""fold_a_support_n"": 8, ""fold_b_fresh_utility"": -1.9108147621154785, ""fold_b_query_n"": 8, ""fold_b_support_n"": 8, ""fresh_advantage"": -1.9396671056747437, ""fresh_local_trainability"": 0.03737497329711914, ""fresh_positive"": false, ""fresh_query_after"": 4.304685354232788, ""fresh_query_before"": 4.342060327529907, ""fresh_utility"": -1.9088581800460815, ""max_adapters"": 8, ""reuse_profiles"": {""adapter_1"": {""feasible_both"": true, ""fold_a_harm"": -0.08670493960380554, ""fold_a_lcb"": -0.08915338956285268, ""fold_a_query_after"": 4.872274398803711, ""fold_a_utility"": -2.451153516769409, ""fold_b_harm"": -0.08436016738414764, ""fold_b_lcb"": -0.0868757144268602, ""fold_b_query_after"": 4.7481184005737305, ""fold_b_utility"": -2.377584934234619, ""harm_lcb_max"": -0.0868757144268602, ""harm_mean"": -0.08553255349397659, ""harm_se_mean"": 0.0012663257657550275, ""harm_ucb_max"": -0.08184462034143508, ""local_trainability"": -0.04199552536010742, ""query_after"": 4.810196399688721, ""query_before"": 4.768200874328613, ""system_utility"": -2.414369225502014}, ""default"": {""feasible_both"": true, ""fold_a_harm"": -0.011762324720621109, ""fold_a_lcb"": -0.021628496795892717, ""fold_a_query_after"": 2.386209011077881, ""fold_a_utility"": 0.0349118709564209, ""fold_b_harm"": -0.014584984630346298, ""fold_b_lcb"": -0.026145044956356285, ""fold_b_query_after"": 2.343827486038208, ""fold_b_utility"": 0.02670598030090332, ""harm_lcb_max"": -0.021628496795892717, ""harm_mean"": -0.013173654675483704, ""harm_se_mean"": 0.0054658756125718355, ""harm_ucb_max"": -0.001896152645349503, ""local_trainability"": 0.03080892562866211, ""query_after"": 2.3650182485580444, ""query_before"": 2.3958271741867065, ""system_utility"": 0.03080892562866211}}, ""status"": ""ok"", ""statusquo_loss"": 2.3958271741867065, ""total_memory_budget"": 512}, ""utility_status"": ""ok""}"
48,B2,B,2,default,reuse,safe_existing_reuse,2.4051995277404785,2,True,294912,1299610,0,68607207,797261,12756400,493,27.434406239073724,524025856,0.0,23.25594140193425,2.285787621047348,512,512,2.3746996292701135,-1.8654934809758112,0.0008180508246788612,-1.8663115318004901,False,,"{""best_reuse"": ""default"", ""best_reuse_utility"": 0.0008180508246788612, ""decision"": ""reuse"", ""fresh_advantage"": -1.8663115318004901, ""fresh_positive"": false, ""fresh_utility"": -1.8654934809758112, ""full_batch_guards"": {""adapter_1"": {""crossfit_feasible"": true, ""crossfit_utility"": -2.3204997136042667, ""crossfit_utility_positive"": false, ""full_batch_cur_after"": 4.665093898773193, ""full_batch_cur_before"": 4.650825023651123, ""full_batch_gain"": -0.014268875122070312, ""full_batch_harm"": -0.08422565460205078, ""full_batch_harm_lcb"": -0.08668990104924887, ""full_batch_harm_se"": 0.001257268595509231, ""full_batch_harm_ucb"": -0.0817614081548527, ""full_batch_safe"": true}, ""default"": {""crossfit_feasible"": true, ""crossfit_utility"": 0.0008180508246788612, ""crossfit_utility_positive"": true, ""full_batch_cur_after"": 2.35003399848938, ""full_batch_cur_before"": 2.374699831008911, ""full_batch_gain"": 0.02466583251953125, ""full_batch_harm"": -0.010596130043268204, ""full_batch_harm_lcb"": -0.02023218313232064, ""full_batch_harm_se"": 0.004916353616863489, ""full_batch_harm_ucb"": -0.0009600769542157644, ""full_batch_safe"": true}}, ""guarded_best_reuse"": ""default"", ""num_adapters"": 2, ""pending_after"": false, ""pending_before"": false, ""policy_version"": ""cau_v1"", ""reason"": ""safe_existing_reuse"", ""utility"": {""batch_n"": 13, ""best_reuse"": ""default"", ""best_reuse_query_after"": 2.3738815784454346, ""best_reuse_utility"": 0.0008180508246788612, ""budget_blocked_fresh"": false, ""defer_utility"": 0.0, ""fold_a_fresh_utility"": -1.8533527851104736, ""fold_a_query_n"": 6, ""fold_a_support_n"": 7, ""fold_b_fresh_utility"": -1.8758997917175293, ""fold_b_query_n"": 7, ""fold_b_support_n"": 6, ""fresh_advantage"": -1.8663115318004901, ""fresh_local_trainability"": 0.03502743060772236, ""fresh_positive"": false, ""fresh_query_after"": 4.240193110245925, ""fresh_query_before"": 4.275220540853647, ""fresh_utility"": -1.8654934809758112, ""max_adapters"": 8, ""reuse_profiles"": {""adapter_1"": {""feasible_both"": true, ""fold_a_harm"": -0.08720935136079788, ""fold_a_lcb"": -0.08954587921965868, ""fold_a_query_after"": 4.696783542633057, ""fold_a_utility"": -2.3161814212799072, ""fold_b_harm"": -0.08841919898986816, ""fold_b_lcb"": -0.09114835046697407, ""fold_b_query_after"": 4.693841457366943, ""fold_b_utility"": -2.3242011070251465, ""harm_lcb_max"": -0.08954587921965868, ""harm_mean"": -0.08781427517533302, ""harm_se_mean"": 0.0012922651367262006, ""harm_ucb_max"": -0.08487282350193709, ""local_trainability"": -0.04437450262216421, ""query_after"": 4.69519934287438, ""query_before"": 4.650824840252216, ""system_utility"": -2.3204997136042667}, ""default"": {""feasible_both"": true, ""fold_a_harm"": -0.012684594839811325, ""fold_a_lcb"": -0.02241180254146457, ""fold_a_query_after"": 2.3771326541900635, ""fold_a_utility"": 0.0034694671630859375, ""fold_b_harm"": -0.005572561174631119, ""fold_b_lcb"": -0.01635988276451826, ""fold_b_query_after"": 2.3710949420928955, ""fold_b_utility"": -0.0014545917510986328, ""harm_lcb_max"": -0.01635988276451826, ""harm_mean"": -0.009128578007221222, ""harm_se_mean"": 0.005233298288658261, ""harm_ucb_max"": 0.005214760415256023, ""local_trainability"": 0.0008180508246788612, ""query_after"": 2.3738815784454346, ""query_before"": 2.3746996292701135, ""system_utility"": 0.0008180508246788612}}, ""status"": ""ok"", ""statusquo_loss"": 2.3746996292701135, ""total_memory_budget"": 512}, ""utility_status"": ""ok""}"
49,C1,C,1,adapter_1,reuse,pending_fresh_safe_existing_reuse,4.632162094116211,2,True,294912,1299610,0,68607207,797261,12756400,509,29.54009740613401,524025856,0.0,23.92750246496871,3.713760465150699,512,512,7.327381372451782,3.0587213039398193,2.5988352298736572,0.4598860740661621,True,,"{""best_reuse"": ""adapter_1"", ""best_reuse_utility"": 2.5988352298736572, ""decision"": ""reuse"", ""fresh_advantage"": 0.4598860740661621, ""fresh_positive"": true, ""fresh_utility"": 3.0587213039398193, ""full_batch_guards"": {""adapter_1"": {""crossfit_feasible"": true, ""crossfit_utility"": 2.5988352298736572, ""crossfit_utility_positive"": true, ""full_batch_cur_after"": 4.70858097076416, ""full_batch_cur_before"": 4.696342945098877, ""full_batch_gain"": -0.012238025665283203, ""full_batch_harm"": -0.08528462052345276, ""full_batch_harm_lcb"": -0.08807251837104559, ""full_batch_harm_se"": 0.0014223968610167503, ""full_batch_harm_ucb"": -0.08249672267585993, ""full_batch_safe"": true}, ""default"": {""crossfit_feasible"": true, ""crossfit_utility"": -0.016890525817871094, ""crossfit_utility_positive"": false, ""full_batch_cur_after"": 7.3044962882995605, ""full_batch_cur_before"": 7.327381610870361, ""full_batch_gain"": 0.02288532257080078, ""full_batch_harm"": -0.006716784089803696, ""full_batch_harm_lcb"": -0.016005756184458732, ""full_batch_harm_se"": 0.004739271476864815, ""full_batch_harm_ucb"": 0.002572188004851341, ""full_batch_safe"": true}}, ""guarded_best_reuse"": ""adapter_1"", ""num_adapters"": 2, ""pending_after"": true, ""pending_before"": false, ""policy_version"": ""cau_v1"", ""reason"": ""pending_fresh_safe_existing_reuse"", ""utility"": {""batch_n"": 16, ""best_reuse"": ""adapter_1"", ""best_reuse_query_after"": 4.728546142578125, ""best_reuse_utility"": 2.5988352298736572, ""budget_blocked_fresh"": false, ""defer_utility"": 0.0, ""fold_a_fresh_utility"": 3.014399528503418, ""fold_a_query_n"": 8, ""fold_a_support_n"": 8, ""fold_b_fresh_utility"": 3.1030430793762207, ""fold_b_query_n"": 8, ""fold_b_support_n"": 8, ""fresh_advantage"": 0.4598860740661621, ""fresh_local_trainability"": 0.04716682434082031, ""fresh_positive"": true, ""fresh_query_after"": 4.268660068511963, ""fresh_query_before"": 4.315826892852783, ""fresh_utility"": 3.0587213039398193, ""max_adapters"": 8, ""reuse_profiles"": {""adapter_1"": {""feasible_both"": true, ""fold_a_harm"": -0.08452858030796051, ""fold_a_lcb"": -0.0872877218388021, ""fold_a_query_after"": 4.697080612182617, ""fold_a_utility"": 2.5789833068847656, ""fold_b_harm"": -0.08816315233707428, ""fold_b_lcb"": -0.09112136065028607, ""fold_b_query_after"": 4.760011672973633, ""fold_b_utility"": 2.618687152862549, ""harm_lcb_max"": -0.0872877218388021, ""harm_mean"": -0.0863458663225174, ""harm_se_mean"": 0.0014585076132789254, ""harm_ucb_max"": -0.08176943877711892, ""local_trainability"": -0.03220319747924805, ""query_after"": 4.728546142578125, ""query_before"": 4.696342945098877, ""system_utility"": 2.5988352298736572}, ""default"": {""feasible_both"": true, ""fold_a_harm"": -0.006519686430692673, ""fold_a_lcb"": -0.01575967412441969, ""fold_a_query_after"": 7.293493747711182, ""fold_a_utility"": -0.017429828643798828, ""fold_b_harm"": -0.007163643836975098, ""fold_b_lcb"": -0.01618622548878193, ""fold_b_query_after"": 7.395050048828125, ""fold_b_utility"": -0.01635122299194336, ""harm_lcb_max"": -0.01575967412441969, ""harm_mean"": -0.006841665133833885, ""harm_se_mean"": 0.004658818710595369, ""harm_ucb_max"": 0.002720301263034344, ""local_trainability"": -0.016890525817871094, ""query_after"": 7.344271898269653, ""query_before"": 7.327381372451782, ""system_utility"": -0.016890525817871094}}, ""status"": ""ok"", ""statusquo_loss"": 7.327381372451782, ""total_memory_budget"": 512}, ""utility_status"": ""ok""}"
50,C1,C,1,adapter_2,spawn,confirmed_fresh,4.326730251312256,3,True,442368,1949415,0,69404468,797261,19134600,356,30.09663470601663,524025856,0.0,24.47749207401648,3.713760465150699,512,510,4.736668348312378,0.45743703842163086,-0.004546165466308594,0.46198320388793945,True,,"{""best_reuse"": ""adapter_1"", ""best_reuse_utility"": -0.004546165466308594, ""decision"": ""spawn"", ""fresh_advantage"": 0.46198320388793945, ""fresh_positive"": true, ""fresh_utility"": 0.45743703842163086, ""full_batch_guards"": {}, ""guarded_best_reuse"": null, ""num_adapters"": 3, ""pending_after"": false, ""pending_before"": true, ""policy_version"": ""cau_v1"", ""reason"": ""confirmed_fresh"", ""utility"": {""batch_n"": 16, ""best_reuse"": ""adapter_1"", ""best_reuse_query_after"": 4.7412145137786865, ""best_reuse_utility"": -0.004546165466308594, ""budget_blocked_fresh"": false, ""defer_utility"": 0.0, ""fold_a_fresh_utility"": 0.43097448348999023, ""fold_a_query_n"": 8, ""fold_a_support_n"": 8, ""fold_b_fresh_utility"": 0.4838995933532715, ""fold_b_query_n"": 8, ""fold_b_support_n"": 8, ""fresh_advantage"": 0.46198320388793945, ""fresh_local_trainability"": 0.04523658752441406, ""fresh_positive"": true, ""fresh_query_after"": 4.279231309890747, ""fresh_query_before"": 4.324467897415161, ""fresh_utility"": 0.45743703842163086, ""max_adapters"": 8, ""reuse_profiles"": {""adapter_1"": {""feasible_both"": true, ""fold_a_harm"": -0.06459994614124298, ""fold_a_lcb"": -0.0699558053445071, ""fold_a_query_after"": 4.755944728851318, ""fold_a_utility"": -0.007929801940917969, ""fold_b_harm"": -0.06298721581697464, ""fold_b_lcb"": -0.06838566735386849, ""fold_b_query_after"": 4.726484298706055, ""fold_b_utility"": -0.0011625289916992188, ""harm_lcb_max"": -0.06838566735386849, ""harm_mean"": -0.06379358097910881, ""harm_se_mean"": 0.002743446617387235, ""harm_ucb_max"": -0.05758876428008079, ""local_trainability"": -0.004546165466308594, ""query_after"": 4.7412145137786865, ""query_before"": 4.736668348312378, ""system_utility"": -0.004546165466308594}, ""default"": {""feasible_both"": true, ""fold_a_harm"": -0.006796505302190781, ""fold_a_lcb"": -0.016136314570903778, ""fold_a_query_after"": 7.0921244621276855, ""fold_a_utility"": -2.344109535217285, ""fold_b_harm"": -0.006381649523973465, ""fold_b_lcb"": -0.01560590324923396, ""fold_b_query_after"": 6.996865272521973, ""fold_b_utility"": -2.271543502807617, ""harm_lcb_max"": -0.01560590324923396, ""harm_mean"": -0.006589077413082123, ""harm_se_mean"": 0.004735730355605483, ""harm_ucb_max"": 0.0028426042012870308, ""local_trainability"": 0.008749246597290039, ""query_after"": 7.044494867324829, ""query_before"": 7.053244113922119, ""system_utility"": -2.307826519012451}}, ""status"": ""ok"", ""statusquo_loss"": 4.736668348312378, ""total_memory_budget"": 512}, ""utility_status"": ""ok""}"
51,C1,C,1,adapter_2,warmup,existing_warmup,4.27199649810791,3,True,442368,1949415,0,69404468,797261,19134600,372,30.130339978961274,524025856,0.0,24.50434310710989,3.713760465150699,512,510,,,,,,,"{""best_reuse"": null, ""best_reuse_utility"": null, ""decision"": ""warmup"", ""fresh_positive"": null, ""fresh_utility"": null, ""full_batch_guards"": {}, ""guarded_best_reuse"": null, ""num_adapters"": 3, ""pending_after"": false, ""pending_before"": false, ""policy_version"": ""cau_v1"", ""reason"": ""existing_warmup"", ""utility_status"": ""warmup""}"
52,C1,C,1,adapter_2,warmup,existing_warmup,4.238198280334473,3,True,442368,1949415,0,69404468,797261,19134600,388,30.167085455963388,524025856,0.0,24.53413180098869,3.713760465150699,512,510,,,,,,,"{""best_reuse"": null, ""best_reuse_utility"": null, ""decision"": ""warmup"", ""fresh_positive"": null, ""fresh_utility"": null, ""full_batch_guards"": {}, ""guarded_best_reuse"": null, ""num_adapters"": 3, ""pending_after"": false, ""pending_before"": false, ""policy_version"": ""cau_v1"", ""reason"": ""existing_warmup"", ""utility_status"": ""warmup""}"
53,C1,C,1,adapter_2,warmup,existing_warmup,4.16264533996582,3,True,442368,1949415,0,69404468,797261,19134600,404,30.203939334955066,524025856,0.0,24.563499762909487,3.713760465150699,512,510,,,,,,,"{""best_reuse"": null, ""best_reuse_utility"": null, ""decision"": ""warmup"", ""fresh_positive"": null, ""fresh_utility"": null, ""full_batch_guards"": {}, ""guarded_best_reuse"": null, ""num_adapters"": 3, ""pending_after"": false, ""pending_before"": false, ""policy_version"": ""cau_v1"", ""reason"": ""existing_warmup"", ""utility_status"": ""warmup""}"
54,C1,C,1,adapter_2,reuse,safe_existing_reuse,4.186380386352539,3,True,442368,1949415,0,69404468,797261,19134600,420,31.16969493892975,524025856,0.0,25.521918863989413,3.713760465150699,512,510,4.189082622528076,-0.12791800498962402,0.0482029914855957,-0.17612099647521973,False,,"{""best_reuse"": ""adapter_2"", ""best_reuse_utility"": 0.0482029914855957, ""decision"": ""reuse"", ""fresh_advantage"": -0.17612099647521973, ""fresh_positive"": false, ""fresh_utility"": -0.12791800498962402, ""full_batch_guards"": {""adapter_1"": {""crossfit_feasible"": true, ""crossfit_utility"": -0.5478851795196533, ""crossfit_utility_positive"": false, ""full_batch_cur_after"": 4.719329833984375, ""full_batch_cur_before"": 4.723804473876953, ""full_batch_gain"": 0.004474639892578125, ""full_batch_harm"": -0.06293672323226929, ""full_batch_harm_lcb"": -0.0665368654113263, ""full_batch_harm_se"": 0.0018368072342127562, ""full_batch_harm_ucb"": -0.05933658105321229, ""full_batch_safe"": true}, ""adapter_2"": {""crossfit_feasible"": true, ""crossfit_utility"": 0.0482029914855957, ""crossfit_utility_positive"": true, ""full_batch_cur_after"": 4.126655578613281, ""full_batch_cur_before"": 4.189082622528076, ""full_batch_gain"": 0.06242704391479492, ""full_batch_harm"": -0.06505227088928223, ""full_batch_harm_lcb"": -0.06760337817016988, ""full_batch_harm_se"": 0.001301585347391665, ""full_batch_harm_ucb"": -0.06250116360839457, ""full_batch_safe"": true}, ""default"": {""crossfit_feasible"": true, ""crossfit_utility"": -3.1392948627471924, ""crossfit_utility_positive"": false, ""full_batch_cur_after"": 7.2858452796936035, ""full_batch_cur_before"": 7.332664489746094, ""full_batch_gain"": 0.046819210052490234, ""full_batch_harm"": -0.0016061998903751373, ""full_batch_harm_lcb"": -0.010662188045680523, ""full_batch_harm_se"": 0.004620402120053768, ""full_batch_harm_ucb"": 0.0074497882649302485, ""full_batch_safe"": true}}, ""guarded_best_reuse"": ""adapter_2"", ""num_adapters"": 3, ""pending_after"": false, ""pending_before"": false, ""policy_version"": ""cau_v1"", ""reason"": ""safe_existing_reuse"", ""utility"": {""batch_n"": 16, ""best_reuse"": ""adapter_2"", ""best_reuse_query_after"": 4.1408796310424805, ""best_reuse_utility"": 0.0482029914855957, ""budget_blocked_fresh"": false, ""defer_utility"": 0.0, ""fold_a_fresh_utility"": -0.11167573928833008, ""fold_a_query_n"": 8, ""fold_a_support_n"": 8, ""fold_b_fresh_utility"": -0.14416027069091797, ""fold_b_query_n"": 8, ""fold_b_support_n"": 8, ""fresh_advantage"": -0.17612099647521973, ""fresh_local_trainability"": 0.0313572883605957, ""fresh_positive"": false, ""fresh_query_after"": 4.3170006275177, ""fresh_query_before"": 4.348357915878296, ""fresh_utility"": -0.12791800498962402, ""max_adapters"": 8, ""reuse_profiles"": {""adapter_1"": {""feasible_both"": true, ""fold_a_harm"": -0.0646350085735321, ""fold_a_lcb"": -0.06873605435714125, ""fold_a_query_after"": 4.754088878631592, ""fold_a_utility"": -0.5847430229187012, ""fold_b_harm"": -0.06273072957992554, ""fold_b_lcb"": -0.06663374312222003, ""fold_b_query_after"": 4.719846725463867, ""fold_b_utility"": -0.5110273361206055, ""harm_lcb_max"": -0.06663374312222003, ""harm_mean"": -0.06368286907672882, ""harm_se_mean"": 0.002041851868852973, ""harm_ucb_max"": -0.05882771603763103, ""local_trainability"": -0.013163328170776367, ""query_after"": 4.7369678020477295, ""query_before"": 4.723804473876953, ""system_utility"": -0.5478851795196533}, ""adapter_2"": {""feasible_both"": true, ""fold_a_harm"": -0.06359751522541046, ""fold_a_lcb"": -0.067525250967592, ""fold_a_query_after"": 4.124324798583984, ""fold_a_utility"": 0.04502105712890625, ""fold_b_harm"": -0.06194334849715233, ""fold_b_lcb"": -0.06425702951848507, ""fold_b_query_after"": 4.157434463500977, ""fold_b_utility"": 0.051384925842285156, ""harm_lcb_max"": -0.06425702951848507, ""harm_mean"": -0.0627704318612814, ""harm_se_mean"": 0.0015921981539577246, ""harm_ucb_max"": -0.05962966747581959, ""local_trainability"": 0.0482029914855957, ""query_after"": 4.1408796310424805, ""query_before"": 4.189082622528076, ""system_utility"": 0.0482029914855957}, ""default"": {""feasible_both"": true, ""fold_a_harm"": -0.00022969767451286316, ""fold_a_lcb"": -0.009656652994453906, ""fold_a_query_after"": 7.320566654205322, ""fold_a_utility"": -3.1512207984924316, ""fold_b_harm"": -0.0005801189690828323, ""fold_b_lcb"": -0.00962809182703495, ""fold_b_query_after"": 7.336188316345215, ""fold_b_utility"": -3.127368927001953, ""harm_lcb_max"": -0.00962809182703495, ""harm_mean"": -0.00040490832179784775, ""harm_se_mean"": 0.0047129918821156025, ""harm_ucb_max"": 0.00919725764542818, ""local_trainability"": 0.004286766052246094, ""query_after"": 7.3283774852752686, ""query_before"": 7.332664251327515, ""system_utility"": -3.1392948627471924}}, ""status"": ""ok"", ""statusquo_loss"": 4.189082622528076, ""total_memory_budget"": 512}, ""utility_status"": ""ok""}"
55,C1,C,1,adapter_2,reuse,safe_existing_reuse,4.078147888183594,3,True,442368,1949415,0,69404468,797261,19134600,436,32.12674311106093,546237440,0.0,26.471995153930038,3.713760465150699,512,510,4.080254554748535,-0.20903849601745605,0.056475281715393066,-0.2655137777328491,False,,"{""best_reuse"": ""adapter_2"", ""best_reuse_utility"": 0.056475281715393066, ""decision"": ""reuse"", ""fresh_advantage"": -0.2655137777328491, ""fresh_positive"": false, ""fresh_utility"": -0.20903849601745605, ""full_batch_guards"": {""adapter_1"": {""crossfit_feasible"": true, ""crossfit_utility"": -0.690537691116333, ""crossfit_utility_positive"": false, ""full_batch_cur_after"": 4.756036281585693, ""full_batch_cur_before"": 4.76104736328125, ""full_batch_gain"": 0.005011081695556641, ""full_batch_harm"": -0.06130510941147804, ""full_batch_harm_lcb"": -0.06507383979856968, ""full_batch_harm_se"": 0.0019228216260671616, ""full_batch_harm_ucb"": -0.05753637902438641, ""full_batch_safe"": true}, ""adapter_2"": {""crossfit_feasible"": true, ""crossfit_utility"": 0.056475281715393066, ""crossfit_utility_positive"": true, ""full_batch_cur_after"": 4.013396739959717, ""full_batch_cur_before"": 4.080254554748535, ""full_batch_gain"": 0.06685781478881836, ""full_batch_harm"": -0.0650135725736618, ""full_batch_harm_lcb"": -0.06743803208693862, ""full_batch_harm_se"": 0.0012369691394269466, ""full_batch_harm_ucb"": -0.06258911306038499, ""full_batch_safe"": true}, ""default"": {""crossfit_feasible"": true, ""crossfit_utility"": -3.3090484142303467, ""crossfit_utility_positive"": false, ""full_batch_cur_after"": 7.345215797424316, ""full_batch_cur_before"": 7.384653091430664, ""full_batch_gain"": 0.039437294006347656, ""full_batch_harm"": -0.0009546186774969101, ""full_batch_harm_lcb"": -0.010278999730944633, ""full_batch_harm_se"": 0.004757337272167206, ""full_batch_harm_ucb"": 0.008369762375950813, ""full_batch_safe"": true}}, ""guarded_best_reuse"": ""adapter_2"", ""num_adapters"": 3, ""pending_after"": false, ""pending_before"": false, ""policy_version"": ""cau_v1"", ""reason"": ""safe_existing_reuse"", ""utility"": {""batch_n"": 16, ""best_reuse"": ""adapter_2"", ""best_reuse_query_after"": 4.023779273033142, ""best_reuse_utility"": 0.056475281715393066, ""budget_blocked_fresh"": false, ""defer_utility"": 0.0, ""fold_a_fresh_utility"": -0.24172353744506836, ""fold_a_query_n"": 8, ""fold_a_support_n"": 8, ""fold_b_fresh_utility"": -0.17635345458984375, ""fold_b_query_n"": 8, ""fold_b_support_n"": 8, ""fresh_advantage"": -0.2655137777328491, ""fresh_local_trainability"": 0.03928375244140625, ""fresh_positive"": false, ""fresh_query_after"": 4.289293050765991, ""fresh_query_before"": 4.3285768032073975, ""fresh_utility"": -0.20903849601745605, ""max_adapters"": 8, ""reuse_profiles"": {""adapter_1"": {""feasible_both"": true, ""fold_a_harm"": -0.06267307698726654, ""fold_a_lcb"": -0.06711061557754874, ""fold_a_query_after"": 4.760177135467529, ""fold_a_utility"": -0.7108974456787109, ""fold_b_harm"": -0.06224224716424942, ""fold_b_lcb"": -0.06589506149291992, ""fold_b_query_after"": 4.781407356262207, ""fold_b_utility"": -0.6701779365539551, ""harm_lcb_max"": -0.06589506149291992, ""harm_mean"": -0.06245766207575798, ""harm_se_mean"": 0.002063865540549159, ""harm_ucb_max"": -0.05823553839698434, ""local_trainability"": -0.009745359420776367, ""query_after"": 4.770792245864868, ""query_before"": 4.761046886444092, ""system_utility"": -0.690537691116333}, ""adapter_2"": {""feasible_both"": true, ""fold_a_harm"": -0.06150652468204498, ""fold_a_lcb"": -0.06399384865071625, ""fold_a_query_after"": 3.9895122051239014, ""fold_a_utility"": 0.05976748466491699, ""fold_b_harm"": -0.06424255669116974, ""fold_b_lcb"": -0.06732836813665927, ""fold_b_query_after"": 4.058046340942383, ""fold_b_utility"": 0.05318307876586914, ""harm_lcb_max"": -0.06399384865071625, ""harm_mean"": -0.06287454068660736, ""harm_se_mean"": 0.0014217182178981602, ""harm_ucb_max"": -0.05901920071337372, ""local_trainability"": 0.056475281715393066, ""query_after"": 4.023779273033142, ""query_before"": 4.080254554748535, ""system_utility"": 0.056475281715393066}, ""default"": {""feasible_both"": true, ""fold_a_harm"": -0.0012414678931236267, ""fold_a_lcb"": -0.010526608489453793, ""fold_a_query_after"": 7.344661712646484, ""fold_a_utility"": -3.295382022857666, ""fold_b_harm"": -0.0007754527032375336, ""fold_b_lcb"": -0.009762092381715774, ""fold_b_query_after"": 7.433944225311279, ""fold_b_utility"": -3.3227148056030273, ""harm_lcb_max"": -0.009762092381715774, ""harm_mean"": -0.0010084602981805801, ""harm_se_mean"": 0.004661168437451124, ""harm_ucb_max"": 0.008211186975240706, ""local_trainability"": -0.0046503543853759766, ""query_after"": 7.389302968978882, ""query_before"": 7.384652614593506, ""system_utility"": -3.3090484142303467}}, ""status"": ""ok"", ""statusquo_loss"": 4.080254554748535, ""total_memory_budget"": 512}, ""utility_status"": ""ok""}"
56,C1,C,1,adapter_2,reuse,safe_existing_reuse,4.003049850463867,3,True,442368,1949415,0,69404468,797261,19134600,452,33.07114314404316,546237440,0.0,27.409200687892735,3.713760465150699,512,510,4.004880428314209,-0.2917153835296631,0.06246447563171387,-0.35417985916137695,False,,"{""best_reuse"": ""adapter_2"", ""best_reuse_utility"": 0.06246447563171387, ""decision"": ""reuse"", ""fresh_advantage"": -0.35417985916137695, ""fresh_positive"": false, ""fresh_utility"": -0.2917153835296631, ""full_batch_guards"": {""adapter_1"": {""crossfit_feasible"": true, ""crossfit_utility"": -0.7576689720153809, ""crossfit_utility_positive"": false, ""full_batch_cur_after"": 4.744239807128906, ""full_batch_cur_before"": 4.746758937835693, ""full_batch_gain"": 0.0025191307067871094, ""full_batch_harm"": -0.061268262565135956, ""full_batch_harm_lcb"": -0.0652715754788369, ""full_batch_harm_se"": 0.0020425065886229277, ""full_batch_harm_ucb"": -0.05726494965143502, ""full_batch_safe"": true}, ""adapter_2"": {""crossfit_feasible"": true, ""crossfit_utility"": 0.06246447563171387, ""crossfit_utility_positive"": true, ""full_batch_cur_after"": 3.933152198791504, ""full_batch_cur_before"": 4.004880428314209, ""full_batch_gain"": 0.07172822952270508, ""full_batch_harm"": -0.0679844468832016, ""full_batch_harm_lcb"": -0.0709076145105064, ""full_batch_harm_se"": 0.001491412054747343, ""full_batch_harm_ucb"": -0.0650612792558968, ""full_batch_safe"": true}, ""default"": {""crossfit_feasible"": true, ""crossfit_utility"": -3.157426357269287, ""crossfit_utility_positive"": false, ""full_batch_cur_after"": 7.109257698059082, ""full_batch_cur_before"": 7.168564796447754, ""full_batch_gain"": 0.059307098388671875, ""full_batch_harm"": -0.00040422752499580383, ""full_batch_harm_lcb"": -0.0098818539083004, ""full_batch_harm_se"": 0.0048355236649513245, ""full_batch_harm_ucb"": 0.009073398858308792, ""full_batch_safe"": true}}, ""guarded_best_reuse"": ""adapter_2"", ""num_adapters"": 3, ""pending_after"": false, ""pending_before"": false, ""policy_version"": ""cau_v1"", ""reason"": ""safe_existing_reuse"", ""utility"": {""batch_n"": 16, ""best_reuse"": ""adapter_2"", ""best_reuse_query_after"": 3.942415952682495, ""best_reuse_utility"": 0.06246447563171387, ""budget_blocked_fresh"": false, ""defer_utility"": 0.0, ""fold_a_fresh_utility"": -0.26736879348754883, ""fold_a_query_n"": 8, ""fold_a_support_n"": 8, ""fold_b_fresh_utility"": -0.31606197357177734, ""fold_b_query_n"": 8, ""fold_b_support_n"": 8, ""fresh_advantage"": -0.35417985916137695, ""fresh_local_trainability"": 0.0359797477722168, ""fresh_positive"": false, ""fresh_query_after"": 4.296595811843872, ""fresh_query_before"": 4.332575559616089, ""fresh_utility"": -0.2917153835296631, ""max_adapters"": 8, ""reuse_profiles"": {""adapter_1"": {""feasible_both"": true, ""fold_a_harm"": -0.06169627979397774, ""fold_a_lcb"": -0.06601197071373463, ""fold_a_query_after"": 4.714107513427734, ""fold_a_utility"": -0.7063302993774414, ""fold_b_harm"": -0.06341041624546051, ""fold_b_lcb"": -0.067680893111974, ""fold_b_query_after"": 4.810991287231445, ""fold_b_utility"": -0.8090076446533203, ""harm_lcb_max"": -0.06601197071373463, ""harm_mean"": -0.06255334801971912, ""harm_se_mean"": 0.0021903489250689745, ""harm_ucb_max"": -0.057380588874220845, ""local_trainability"": -0.015790462493896484, ""query_after"": 4.76254940032959, ""query_before"": 4.746758937835693, ""system_utility"": -0.7576689720153809}, ""adapter_2"": {""feasible_both"": true, ""fold_a_harm"": -0.06536641716957092, ""fold_a_lcb"": -0.06837964850943536, ""fold_a_query_after"": 3.9476466178894043, ""fold_a_utility"": 0.06013059616088867, ""fold_b_harm"": -0.06638669967651367, ""fold_b_lcb"": -0.06943060855846853, ""fold_b_query_after"": 3.937185287475586, ""fold_b_utility"": 0.06479835510253906, ""harm_lcb_max"": -0.06837964850943536, ""harm_mean"": -0.0658765584230423, ""harm_se_mean"": 0.0015451888320967555, ""harm_ucb_max"": -0.06235318582970649, ""local_trainability"": 0.06246447563171387, ""query_after"": 3.942415952682495, ""query_before"": 4.004880428314209, ""system_utility"": 0.06246447563171387}, ""default"": {""feasible_both"": true, ""fold_a_harm"": -0.0002905372530221939, ""fold_a_lcb"": -0.009427501633763314, ""fold_a_query_after"": 6.938545227050781, ""fold_a_utility"": -2.9307680130004883, ""fold_b_harm"": -0.0013652164489030838, ""fold_b_lcb"": -0.010667745731770992, ""fold_b_query_after"": 7.386068344116211, ""fold_b_utility"": -3.384084701538086, ""harm_lcb_max"": -0.009427501633763314, ""harm_mean"": -0.0008278768509626389, ""harm_se_mean"": 0.004703952465206385, ""harm_ucb_max"": 0.008846427127718926, ""local_trainability"": 0.0062580108642578125, ""query_after"": 7.162306785583496, ""query_before"": 7.168564796447754, ""system_utility"": -3.157426357269287}}, ""status"": ""ok"", ""statusquo_loss"": 4.004880428314209, ""total_memory_budget"": 512}, ""utility_status"": ""ok""}"
57,C1,C,1,adapter_2,reuse,safe_existing_reuse,3.9214582443237305,3,True,442368,1949415,0,69404468,797261,19134600,468,34.016617556102574,546237440,0.0,28.348027425818145,3.713760465150699,512,510,3.929443597793579,-0.4006075859069824,0.06067681312561035,-0.4612843990325928,False,,"{""best_reuse"": ""adapter_2"", ""best_reuse_utility"": 0.06067681312561035, ""decision"": ""reuse"", ""fresh_advantage"": -0.4612843990325928, ""fresh_positive"": false, ""fresh_utility"": -0.4006075859069824, ""full_batch_guards"": {""adapter_1"": {""crossfit_feasible"": true, ""crossfit_utility"": -0.8733575344085693, ""crossfit_utility_positive"": false, ""full_batch_cur_after"": 4.776301383972168, ""full_batch_cur_before"": 4.779111862182617, ""full_batch_gain"": 0.0028104782104492188, ""full_batch_harm"": -0.06191771477460861, ""full_batch_harm_lcb"": -0.06555792659521104, ""full_batch_harm_se"": 0.0018572509288787842, ""full_batch_harm_ucb"": -0.058277502954006195, ""full_batch_safe"": true}, ""adapter_2"": {""crossfit_feasible"": true, ""crossfit_utility"": 0.06067681312561035, ""crossfit_utility_positive"": true, ""full_batch_cur_after"": 3.8539586067199707, ""full_batch_cur_before"": 3.929443597793579, ""full_batch_gain"": 0.0754849910736084, ""full_batch_harm"": -0.07107426226139069, ""full_batch_harm_lcb"": -0.0743652204144746, ""full_batch_harm_se"": 0.0016790602821856737, ""full_batch_harm_ucb"": -0.06778330410830677, ""full_batch_safe"": true}, ""default"": {""crossfit_feasible"": true, ""crossfit_utility"": -3.462162494659424, ""crossfit_utility_positive"": false, ""full_batch_cur_after"": 7.317231178283691, ""full_batch_cur_before"": 7.366318702697754, ""full_batch_gain"": 0.0490875244140625, ""full_batch_harm"": -0.00010603107511997223, ""full_batch_harm_lcb"": -0.009492962844669819, ""full_batch_harm_se"": 0.004789250902831554, ""full_batch_harm_ucb"": 0.009280900694429875, ""full_batch_safe"": true}}, ""guarded_best_reuse"": ""adapter_2"", ""num_adapters"": 3, ""pending_after"": false, ""pending_before"": false, ""policy_version"": ""cau_v1"", ""reason"": ""safe_existing_reuse"", ""utility"": {""batch_n"": 16, ""best_reuse"": ""adapter_2"", ""best_reuse_query_after"": 3.8687667846679688, ""best_reuse_utility"": 0.06067681312561035, ""budget_blocked_fresh"": false, ""defer_utility"": 0.0, ""fold_a_fresh_utility"": -0.37198448181152344, ""fold_a_query_n"": 8, ""fold_a_support_n"": 8, ""fold_b_fresh_utility"": -0.4292306900024414, ""fold_b_query_n"": 8, ""fold_b_support_n"": 8, ""fresh_advantage"": -0.4612843990325928, ""fresh_local_trainability"": 0.0026102066040039062, ""fresh_positive"": false, ""fresh_query_after"": 4.3300511837005615, ""fresh_query_before"": 4.332661390304565, ""fresh_utility"": -0.4006075859069824, ""max_adapters"": 8, ""reuse_profiles"": {""adapter_1"": {""feasible_both"": true, ""fold_a_harm"": -0.0633244663476944, ""fold_a_lcb"": -0.06757759879343211, ""fold_a_query_after"": 4.813704490661621, ""fold_a_utility"": -0.8337650299072266, ""fold_b_harm"": -0.06276835501194, ""fold_b_lcb"": -0.06674682570621371, ""fold_b_query_after"": 4.791897773742676, ""fold_b_utility"": -0.9129500389099121, ""harm_lcb_max"": -0.06674682570621371, ""harm_mean"": -0.0630464106798172, ""harm_se_mean"": 0.0020998987602069974, ""harm_ucb_max"": -0.05878988431766629, ""local_trainability"": -0.02368903160095215, ""query_after"": 4.802801132202148, ""query_before"": 4.779112100601196, ""system_utility"": -0.8733575344085693}, ""adapter_2"": {""feasible_both"": true, ""fold_a_harm"": -0.06778253614902496, ""fold_a_lcb"": -0.07184634164907039, ""fold_a_query_after"": 3.92191219329834, ""fold_a_utility"": 0.05802726745605469, ""fold_b_harm"": -0.06843195855617523, ""fold_b_lcb"": -0.07139719759579748, ""fold_b_query_after"": 3.8156213760375977, ""fold_b_utility"": 0.06332635879516602, ""harm_lcb_max"": -0.07139719759579748, ""harm_mean"": -0.0681072473526001, ""harm_se_mean"": 0.001793123607058078, ""harm_ucb_max"": -0.06371873064897954, ""local_trainability"": 0.06067681312561035, ""query_after"": 3.8687667846679688, ""query_before"": 3.929443597793579, ""system_utility"": 0.06067681312561035}, ""default"": {""feasible_both"": true, ""fold_a_harm"": -0.0003682263195514679, ""fold_a_lcb"": -0.009713001567870378, ""fold_a_query_after"": 7.636981964111328, ""fold_a_utility"": -3.6570425033569336, ""fold_b_harm"": -0.0009293537586927414, ""fold_b_lcb"": -0.009877253137528897, ""fold_b_query_after"": 7.146230220794678, ""fold_b_utility"": -3.267282485961914, ""harm_lcb_max"": -0.009713001567870378, ""harm_mean"": -0.0006487900391221046, ""harm_se_mean"": 0.004666498629376292, ""harm_ucb_max"": 0.008976548928767442, ""local_trainability"": -0.025288105010986328, ""query_after"": 7.391606092453003, ""query_before"": 7.366317987442017, ""system_utility"": -3.462162494659424}}, ""status"": ""ok"", ""statusquo_loss"": 3.929443597793579, ""total_memory_budget"": 512}, ""utility_status"": ""ok""}"
58,C1,C,1,adapter_2,reuse,safe_existing_reuse,3.848313331604004,3,True,442368,1949415,0,69404468,797261,19134600,484,34.97913830005564,546237440,0.0,29.303641038946807,3.713760465150699,512,510,3.8392038345336914,-0.4541499614715576,0.06492853164672852,-0.5190784931182861,False,,"{""best_reuse"": ""adapter_2"", ""best_reuse_utility"": 0.06492853164672852, ""decision"": ""reuse"", ""fresh_advantage"": -0.5190784931182861, ""fresh_positive"": false, ""fresh_utility"": -0.4541499614715576, ""full_batch_guards"": {""adapter_1"": {""crossfit_feasible"": true, ""crossfit_utility"": -0.9231157302856445, ""crossfit_utility_positive"": false, ""full_batch_cur_after"": 4.738646507263184, ""full_batch_cur_before"": 4.746503829956055, ""full_batch_gain"": 0.007857322692871094, ""full_batch_harm"": -0.06177502125501633, ""full_batch_harm_lcb"": -0.06588961281813681, ""full_batch_harm_se"": 0.002099281409755349, ""full_batch_harm_ucb"": -0.057660429691895845, ""full_batch_safe"": true}, ""adapter_2"": {""crossfit_feasible"": true, ""crossfit_utility"": 0.06492853164672852, ""crossfit_utility_positive"": true, ""full_batch_cur_after"": 3.7636818885803223, ""full_batch_cur_before"": 3.8392038345336914, ""full_batch_gain"": 0.07552194595336914, ""full_batch_harm"": -0.07324892282485962, ""full_batch_harm_lcb"": -0.07604415738023818, ""full_batch_harm_se"": 0.0014261400792747736, ""full_batch_harm_ucb"": -0.07045368826948106, ""full_batch_safe"": true}, ""default"": {""crossfit_feasible"": true, ""crossfit_utility"": -3.511819839477539, ""crossfit_utility_positive"": false, ""full_batch_cur_after"": 7.285789489746094, ""full_batch_cur_before"": 7.346844673156738, ""full_batch_gain"": 0.06105518341064453, ""full_batch_harm"": -0.00023658759891986847, ""full_batch_harm_lcb"": -0.009510796833783388, ""full_batch_harm_se"": 0.004731739405542612, ""full_batch_harm_ucb"": 0.009037621635943651, ""full_batch_safe"": true}}, ""guarded_best_reuse"": ""adapter_2"", ""num_adapters"": 3, ""pending_after"": false, ""pending_before"": false, ""policy_version"": ""cau_v1"", ""reason"": ""safe_existing_reuse"", ""utility"": {""batch_n"": 16, ""best_reuse"": ""adapter_2"", ""best_reuse_query_after"": 3.774275302886963, ""best_reuse_utility"": 0.06492853164672852, ""budget_blocked_fresh"": false, ""defer_utility"": 0.0, ""fold_a_fresh_utility"": -0.5111134052276611, ""fold_a_query_n"": 8, ""fold_a_support_n"": 8, ""fold_b_fresh_utility"": -0.3971865177154541, ""fold_b_query_n"": 8, ""fold_b_support_n"": 8, ""fresh_advantage"": -0.5190784931182861, ""fresh_local_trainability"": 0.03246617317199707, ""fresh_positive"": false, ""fresh_query_after"": 4.293353796005249, ""fresh_query_before"": 4.325819969177246, ""fresh_utility"": -0.4541499614715576, ""max_adapters"": 8, ""reuse_profiles"": {""adapter_1"": {""feasible_both"": true, ""fold_a_harm"": -0.06402850896120071, ""fold_a_lcb"": -0.06841893828473986, ""fold_a_query_after"": 4.779697418212891, ""fold_a_utility"": -0.9836299419403076, ""fold_b_harm"": -0.06382332742214203, ""fold_b_lcb"": -0.06815165279433132, ""fold_b_query_after"": 4.744941711425781, ""fold_b_utility"": -0.8626015186309814, ""harm_lcb_max"": -0.06815165279433132, ""harm_mean"": -0.06392591819167137, ""harm_se_mean"": 0.0022241721162572503, ""harm_ucb_max"": -0.05949500204995275, ""local_trainability"": -0.01581597328186035, ""query_after"": 4.762319564819336, ""query_before"": 4.746503591537476, ""system_utility"": -0.9231157302856445}, ""adapter_2"": {""feasible_both"": true, ""fold_a_harm"": -0.07169608771800995, ""fold_a_lcb"": -0.07448838133830576, ""fold_a_query_after"": 3.7305073738098145, ""fold_a_utility"": 0.06556010246276855, ""fold_b_harm"": -0.07168818265199661, ""fold_b_lcb"": -0.07503864174708724, ""fold_b_query_after"": 3.8180432319641113, ""fold_b_utility"": 0.06429696083068848, ""harm_lcb_max"": -0.07448838133830576, ""harm_mean"": -0.07169213518500328, ""harm_se_mean"": 0.0015670287539251149, ""harm_ucb_max"": -0.06833772355690598, ""local_trainability"": 0.06492853164672852, ""query_after"": 3.774275302886963, ""query_before"": 3.8392038345336914, ""system_utility"": 0.06492853164672852}, ""default"": {""feasible_both"": true, ""fold_a_harm"": -0.0012124478816986084, ""fold_a_lcb"": -0.010478082336485386, ""fold_a_query_after"": 7.26712703704834, ""fold_a_utility"": -3.471059560775757, ""fold_b_harm"": -0.0013961270451545715, ""fold_b_lcb"": -0.010165572427213191, ""fold_b_query_after"": 7.434920310974121, ""fold_b_utility"": -3.5525801181793213, ""harm_lcb_max"": -0.010165572427213191, ""harm_mean"": -0.00130428746342659, ""harm_se_mean"": 0.004600785672664642, ""harm_ucb_max"": 0.00805318657308817, ""local_trainability"": -0.0041790008544921875, ""query_after"": 7.3510236740112305, ""query_before"": 7.346844673156738, ""system_utility"": -3.511819839477539}}, ""status"": ""ok"", ""statusquo_loss"": 3.8392038345336914, ""total_memory_budget"": 512}, ""utility_status"": ""ok""}"
59,C1,C,1,adapter_2,reuse,safe_existing_reuse,3.8308606147766113,3,True,442368,1949415,0,69404468,797261,19134600,500,35.92929164203815,546237440,0.0,30.24637853493914,3.713760465150699,512,510,3.794756054878235,-0.4693349599838257,0.07098090648651123,-0.5403158664703369,False,,"{""best_reuse"": ""adapter_2"", ""best_reuse_utility"": 0.07098090648651123, ""decision"": ""reuse"", ""fresh_advantage"": -0.5403158664703369, ""fresh_positive"": false, ""fresh_utility"": -0.4693349599838257, ""full_batch_guards"": {""adapter_1"": {""crossfit_feasible"": true, ""crossfit_utility"": -0.9315038919448853, ""crossfit_utility_positive"": false, ""full_batch_cur_after"": 4.713284015655518, ""full_batch_cur_before"": 4.7194719314575195, ""full_batch_gain"": 0.006187915802001953, ""full_batch_harm"": -0.06227529048919678, ""full_batch_harm_lcb"": -0.06609847597777843, ""full_batch_harm_se"": 0.0019506048411130905, ""full_batch_harm_ucb"": -0.05845210500061512, ""full_batch_safe"": true}, ""adapter_2"": {""crossfit_feasible"": true, ""crossfit_utility"": 0.07098090648651123, ""crossfit_utility_positive"": true, ""full_batch_cur_after"": 3.7164530754089355, ""full_batch_cur_before"": 3.7947559356689453, ""full_batch_gain"": 0.07830286026000977, ""full_batch_harm"": -0.07768050581216812, ""full_batch_harm_lcb"": -0.07993050232063979, ""full_batch_harm_se"": 0.0011479574022814631, ""full_batch_harm_ucb"": -0.07543050930369645, ""full_batch_safe"": true}, ""default"": {""crossfit_feasible"": true, ""crossfit_utility"": -3.649725317955017, ""crossfit_utility_positive"": false, ""full_batch_cur_after"": 7.405205726623535, ""full_batch_cur_before"": 7.428613185882568, ""full_batch_gain"": 0.023407459259033203, ""full_batch_harm"": -0.0016281958669424057, ""full_batch_harm_lcb"": -0.010622413661330939, ""full_batch_harm_se"": 0.004588886629790068, ""full_batch_harm_ucb"": 0.007366021927446127, ""full_batch_safe"": true}}, ""guarded_best_reuse"": ""adapter_2"", ""num_adapters"": 3, ""pending_after"": false, ""pending_before"": false, ""policy_version"": ""cau_v1"", ""reason"": ""safe_existing_reuse"", ""utility"": {""batch_n"": 16, ""best_reuse"": ""adapter_2"", ""best_reuse_query_after"": 3.7237751483917236, ""best_reuse_utility"": 0.07098090648651123, ""budget_blocked_fresh"": false, ""defer_utility"": 0.0, ""fold_a_fresh_utility"": -0.4819495677947998, ""fold_a_query_n"": 8, ""fold_a_support_n"": 8, ""fold_b_fresh_utility"": -0.45672035217285156, ""fold_b_query_n"": 8, ""fold_b_support_n"": 8, ""fresh_advantage"": -0.5403158664703369, ""fresh_local_trainability"": 0.04703497886657715, ""fresh_positive"": false, ""fresh_query_after"": 4.2640910148620605, ""fresh_query_before"": 4.311125993728638, ""fresh_utility"": -0.4693349599838257, ""max_adapters"": 8, ""reuse_profiles"": {""adapter_1"": {""feasible_both"": true, ""fold_a_harm"": -0.0636289045214653, ""fold_a_lcb"": -0.06726718872785568, ""fold_a_query_after"": 4.719072341918945, ""fold_a_utility"": -0.9185054302215576, ""fold_b_harm"": -0.06286512315273285, ""fold_b_lcb"": -0.06749135025776923, ""fold_b_query_after"": 4.733447551727295, ""fold_b_utility"": -0.9445023536682129, ""harm_lcb_max"": -0.06726718872785568, ""harm_mean"": -0.06324701383709908, ""harm_se_mean"": 0.0021082937018945813, ""harm_ucb_max"": -0.05823889604769647, ""local_trainability"": -0.0067882537841796875, ""query_after"": 4.72625994682312, ""query_before"": 4.71947169303894, ""system_utility"": -0.9315038919448853}, ""adapter_2"": {""feasible_both"": true, ""fold_a_harm"": -0.07540230453014374, ""fold_a_lcb"": -0.07765256891492754, ""fold_a_query_after"": 3.7296698093414307, ""fold_a_utility"": 0.07089710235595703, ""fold_b_harm"": -0.07661151885986328, ""fold_b_lcb"": -0.07943787361495197, ""fold_b_query_after"": 3.7178804874420166, ""fold_b_utility"": 0.07106471061706543, ""harm_lcb_max"": -0.07765256891492754, ""harm_mean"": -0.07600691169500351, ""harm_se_mean"": 0.0012950559030286968, ""harm_ucb_max"": -0.07315204014535993, ""local_trainability"": 0.07098090648651123, ""query_after"": 3.7237751483917236, ""query_before"": 3.794756054878235, ""system_utility"": 0.07098090648651123}, ""default"": {""feasible_both"": true, ""fold_a_harm"": -0.002683999016880989, ""fold_a_lcb"": -0.011603092793375253, ""fold_a_query_after"": 7.368955612182617, ""fold_a_utility"": -3.5683887004852295, ""fold_b_harm"": -0.002392861992120743, ""fold_b_lcb"": -0.011704944465309381, ""fold_b_query_after"": 7.520007133483887, ""fold_b_utility"": -3.7310619354248047, ""harm_lcb_max"": -0.011603092793375253, ""harm_mean"": -0.002538430504500866, ""harm_se_mean"": 0.004650810267776251, ""harm_ucb_max"": 0.006919220481067896, ""local_trainability"": -0.015867948532104492, ""query_after"": 7.444481372833252, ""query_before"": 7.4286134243011475, ""system_utility"": -3.649725317955017}}, ""status"": ""ok"", ""statusquo_loss"": 3.794756054878235, ""total_memory_budget"": 512}, ""utility_status"": ""ok""}"
60,C1,C,1,adapter_2,reuse,safe_existing_reuse,3.791618824005127,3,True,442368,1949415,0,69404468,797261,19134600,510,36.88381584500894,546237440,0.0,31.19054951099679,3.713760465150699,512,510,3.7563663721084595,-0.5606130361557007,0.0723351240158081,-0.6329481601715088,False,,"{""best_reuse"": ""adapter_2"", ""best_reuse_utility"": 0.0723351240158081, ""decision"": ""reuse"", ""fresh_advantage"": -0.6329481601715088, ""fresh_positive"": false, ""fresh_utility"": -0.5606130361557007, ""full_batch_guards"": {""adapter_1"": {""crossfit_feasible"": true, ""crossfit_utility"": -1.0126851797103882, ""crossfit_utility_positive"": false, ""full_batch_cur_after"": 4.744435787200928, ""full_batch_cur_before"": 4.752015113830566, ""full_batch_gain"": 0.007579326629638672, ""full_batch_harm"": -0.062175970524549484, ""full_batch_harm_lcb"": -0.06654519472271204, ""full_batch_harm_se"": 0.0022291960194706917, ""full_batch_harm_ucb"": -0.05780674632638693, ""full_batch_safe"": true}, ""adapter_2"": {""crossfit_feasible"": true, ""crossfit_utility"": 0.0723351240158081, ""crossfit_utility_positive"": true, ""full_batch_cur_after"": 3.671349048614502, ""full_batch_cur_before"": 3.75636625289917, ""full_batch_gain"": 0.08501720428466797, ""full_batch_harm"": -0.08275708556175232, ""full_batch_harm_lcb"": -0.08497306520119309, ""full_batch_harm_se"": 0.0011306018568575382, ""full_batch_harm_ucb"": -0.08054110592231155, ""full_batch_safe"": true}, ""default"": {""crossfit_feasible"": true, ""crossfit_utility"": -3.5993210077285767, ""crossfit_utility_positive"": false, ""full_batch_cur_after"": 7.292452812194824, ""full_batch_cur_before"": 7.313521385192871, ""full_batch_gain"": 0.021068572998046875, ""full_batch_harm"": -0.0023716408759355545, ""full_batch_harm_lcb"": -0.011468075159937143, ""full_batch_harm_se"": 0.004641037900000811, ""full_batch_harm_ucb"": 0.006724793408066034, ""full_batch_safe"": true}}, ""guarded_best_reuse"": ""adapter_2"", ""num_adapters"": 3, ""pending_after"": false, ""pending_before"": false, ""policy_version"": ""cau_v1"", ""reason"": ""safe_existing_reuse"", ""utility"": {""batch_n"": 16, ""best_reuse"": ""adapter_2"", ""best_reuse_query_after"": 3.6840312480926514, ""best_reuse_utility"": 0.0723351240158081, ""budget_blocked_fresh"": false, ""defer_utility"": 0.0, ""fold_a_fresh_utility"": -0.5662269592285156, ""fold_a_query_n"": 8, ""fold_a_support_n"": 8, ""fold_b_fresh_utility"": -0.5549991130828857, ""fold_b_query_n"": 8, ""fold_b_support_n"": 8, ""fresh_advantage"": -0.6329481601715088, ""fresh_local_trainability"": 0.02268075942993164, ""fresh_positive"": false, ""fresh_query_after"": 4.31697940826416, ""fresh_query_before"": 4.339660167694092, ""fresh_utility"": -0.5606130361557007, ""max_adapters"": 8, ""reuse_profiles"": {""adapter_1"": {""feasible_both"": true, ""fold_a_harm"": -0.06367767602205276, ""fold_a_lcb"": -0.06831870158202946, ""fold_a_query_after"": 4.780962944030762, ""fold_a_utility"": -1.0550580024719238, ""fold_b_harm"": -0.06537259370088577, ""fold_b_lcb"": -0.07010604845359922, ""fold_b_query_after"": 4.757140159606934, ""fold_b_utility"": -0.9703123569488525, ""harm_lcb_max"": -0.06831870158202946, ""harm_mean"": -0.06452513486146927, ""harm_se_mean"": 0.0023914490593597293, ""harm_ucb_max"": -0.05903665046207607, ""local_trainability"": -0.01703643798828125, ""query_after"": 4.769051551818848, ""query_before"": 4.752015113830566, ""system_utility"": -1.0126851797103882}, ""adapter_2"": {""feasible_both"": true, ""fold_a_harm"": -0.08242540806531906, ""fold_a_lcb"": -0.08488208826165647, ""fold_a_query_after"": 3.654336452484131, ""fold_a_utility"": 0.07156848907470703, ""fold_b_harm"": -0.07870545983314514, ""fold_b_lcb"": -0.08147731248289347, ""fold_b_query_after"": 3.713726043701172, ""fold_b_utility"": 0.07310175895690918, ""harm_lcb_max"": -0.08147731248289347, ""harm_mean"": -0.0805654339492321, ""harm_se_mean"": 0.001333809399511665, ""harm_ucb_max"": -0.07593360718339681, ""local_trainability"": 0.0723351240158081, ""query_after"": 3.6840312480926514, ""query_before"": 3.7563663721084595, ""system_utility"": 0.0723351240158081}, ""default"": {""feasible_both"": true, ""fold_a_harm"": -0.0012568086385726929, ""fold_a_lcb"": -0.010538698211312293, ""fold_a_query_after"": 7.305446147918701, ""fold_a_utility"": -3.5795412063598633, ""fold_b_harm"": -0.0025846604257822037, ""fold_b_lcb"": -0.011336292717605828, ""fold_b_query_after"": 7.405928611755371, ""fold_b_utility"": -3.61910080909729, ""harm_lcb_max"": -0.010538698211312293, ""harm_mean"": -0.0019207345321774483, ""harm_se_mean"": 0.004600388230755925, ""harm_ucb_max"": 0.008025080934166907, ""local_trainability"": -0.04216575622558594, ""query_after"": 7.355687379837036, ""query_before"": 7.31352162361145, ""system_utility"": -3.5993210077285767}}, ""status"": ""ok"", ""statusquo_loss"": 3.7563663721084595, ""total_memory_budget"": 512}, ""utility_status"": ""ok""}"
61,C1,C,1,adapter_2,reuse,safe_existing_reuse,3.679497480392456,3,True,442368,1949415,0,69404468,797261,19134600,510,37.82413705508225,546237440,0.0,32.12345876614563,3.713760465150699,512,510,3.64660382270813,-0.647472620010376,0.07981300354003906,-0.727285623550415,False,,"{""best_reuse"": ""adapter_2"", ""best_reuse_utility"": 0.07981300354003906, ""decision"": ""reuse"", ""fresh_advantage"": -0.727285623550415, ""fresh_positive"": false, ""fresh_utility"": -0.647472620010376, ""full_batch_guards"": {""adapter_1"": {""crossfit_feasible"": true, ""crossfit_utility"": -1.0714526176452637, ""crossfit_utility_positive"": false, ""full_batch_cur_after"": 4.702574253082275, ""full_batch_cur_before"": 4.710211277008057, ""full_batch_gain"": 0.00763702392578125, ""full_batch_harm"": -0.06274536997079849, ""full_batch_harm_lcb"": -0.0666990883462131, ""full_batch_harm_se"": 0.002017203252762556, ""full_batch_harm_ucb"": -0.05879165159538388, ""full_batch_safe"": true}, ""adapter_2"": {""crossfit_feasible"": true, ""crossfit_utility"": 0.07981300354003906, ""crossfit_utility_positive"": true, ""full_batch_cur_after"": 3.558964729309082, ""full_batch_cur_before"": 3.646604061126709, ""full_batch_gain"": 0.08763933181762695, ""full_batch_harm"": -0.08736944198608398, ""full_batch_harm_lcb"": -0.08905840863706543, ""full_batch_harm_se"": 0.0008617176790721714, ""full_batch_harm_ucb"": -0.08568047533510253, ""full_batch_safe"": true}, ""default"": {""crossfit_feasible"": true, ""crossfit_utility"": -3.645951271057129, ""crossfit_utility_positive"": false, ""full_batch_cur_after"": 7.259040355682373, ""full_batch_cur_before"": 7.275259971618652, ""full_batch_gain"": 0.016219615936279297, ""full_batch_harm"": -0.002656511962413788, ""full_batch_harm_lcb"": -0.011568039488047362, ""full_batch_harm_se"": 0.0045466977171599865, ""full_batch_harm_ucb"": 0.006255015563219786, ""full_batch_safe"": true}}, ""guarded_best_reuse"": ""adapter_2"", ""num_adapters"": 3, ""pending_after"": false, ""pending_before"": false, ""policy_version"": ""cau_v1"", ""reason"": ""safe_existing_reuse"", ""utility"": {""batch_n"": 16, ""best_reuse"": ""adapter_2"", ""best_reuse_query_after"": 3.566790819168091, ""best_reuse_utility"": 0.07981300354003906, ""budget_blocked_fresh"": false, ""defer_utility"": 0.0, ""fold_a_fresh_utility"": -0.6066722869873047, ""fold_a_query_n"": 8, ""fold_a_support_n"": 8, ""fold_b_fresh_utility"": -0.6882729530334473, ""fold_b_query_n"": 8, ""fold_b_support_n"": 8, ""fresh_advantage"": -0.727285623550415, ""fresh_local_trainability"": 0.04477500915527344, ""fresh_positive"": false, ""fresh_query_after"": 4.294076442718506, ""fresh_query_before"": 4.338851451873779, ""fresh_utility"": -0.647472620010376, ""max_adapters"": 8, ""reuse_profiles"": {""adapter_1"": {""feasible_both"": true, ""fold_a_harm"": -0.06260974705219269, ""fold_a_lcb"": -0.06667225971817971, ""fold_a_query_after"": 4.657566070556641, ""fold_a_utility"": -0.9601526260375977, ""fold_b_harm"": -0.06568211317062378, ""fold_b_lcb"": -0.06982413170859218, ""fold_b_query_after"": 4.7785468101501465, ""fold_b_utility"": -1.1827526092529297, ""harm_lcb_max"": -0.06667225971817971, ""harm_mean"": -0.06414593011140823, ""harm_se_mean"": 0.002092992654070258, ""harm_ucb_max"": -0.058547234386205675, ""local_trainability"": -0.007844924926757812, ""query_after"": 4.7180564403533936, ""query_before"": 4.710211515426636, ""system_utility"": -1.0714526176452637}, ""adapter_2"": {""feasible_both"": true, ""fold_a_harm"": -0.08726479113101959, ""fold_a_lcb"": -0.08942677954677493, ""fold_a_query_after"": 3.61885929107666, ""fold_a_utility"": 0.07855415344238281, ""fold_b_harm"": -0.08453536033630371, ""fold_b_lcb"": -0.08662445445079356, ""fold_b_query_after"": 3.5147223472595215, ""fold_b_utility"": 0.08107185363769531, ""harm_lcb_max"": -0.08662445445079356, ""harm_mean"": -0.08590007573366165, ""harm_se_mean"": 0.0010844598291441798, ""harm_ucb_max"": -0.08244626622181386, ""local_trainability"": 0.07981300354003906, ""query_after"": 3.566790819168091, ""query_before"": 3.64660382270813, ""system_utility"": 0.07981300354003906}, ""default"": {""feasible_both"": true, ""fold_a_harm"": -0.0011232215911149979, ""fold_a_lcb"": -0.01001961387693882, ""fold_a_query_after"": 7.199008941650391, ""fold_a_utility"": -3.5015954971313477, ""fold_b_harm"": -0.0028270576149225235, ""fold_b_lcb"": -0.011669849082827567, ""fold_b_query_after"": 7.386101245880127, ""fold_b_utility"": -3.79030704498291, ""harm_lcb_max"": -0.01001961387693882, ""harm_mean"": -0.0019751396030187607, ""harm_se_mean"": 0.004525301977992058, ""harm_ucb_max"": 0.007773170694708825, ""local_trainability"": -0.017294883728027344, ""query_after"": 7.292555093765259, ""query_before"": 7.2752602100372314, ""system_utility"": -3.645951271057129}}, ""status"": ""ok"", ""statusquo_loss"": 3.64660382270813, ""total_memory_budget"": 512}, ""utility_status"": ""ok""}"
62,C1,C,1,adapter_2,reuse,safe_existing_reuse,3.5770387649536133,3,True,442368,1949415,0,69404468,797261,19134600,510,39.030033722985536,546237440,0.0,33.32214056421071,3.713760465150699,512,510,3.505561590194702,-0.7969565391540527,0.09068179130554199,-0.8876383304595947,False,,"{""best_reuse"": ""adapter_2"", ""best_reuse_utility"": 0.09068179130554199, ""decision"": ""reuse"", ""fresh_advantage"": -0.8876383304595947, ""fresh_positive"": false, ""fresh_utility"": -0.7969565391540527, ""full_batch_guards"": {""adapter_1"": {""crossfit_feasible"": true, ""crossfit_utility"": -1.2672545909881592, ""crossfit_utility_positive"": false, ""full_batch_cur_after"": 4.756561279296875, ""full_batch_cur_before"": 4.761134624481201, ""full_batch_gain"": 0.004573345184326172, ""full_batch_harm"": -0.0612473227083683, ""full_batch_harm_lcb"": -0.06516126076690852, ""full_batch_harm_se"": 0.0019969071727246046, ""full_batch_harm_ucb"": -0.057333384649828074, ""full_batch_safe"": true}, ""adapter_2"": {""crossfit_feasible"": true, ""crossfit_utility"": 0.09068179130554199, ""crossfit_utility_positive"": true, ""full_batch_cur_after"": 3.407021999359131, ""full_batch_cur_before"": 3.505561351776123, ""full_batch_gain"": 0.09853935241699219, ""full_batch_harm"": -0.09190195053815842, ""full_batch_harm_lcb"": -0.09428855757694692, ""full_batch_harm_se"": 0.001217656652443111, ""full_batch_harm_ucb"": -0.08951534349936992, ""full_batch_safe"": true}, ""default"": {""crossfit_feasible"": true, ""crossfit_utility"": -3.7180631160736084, ""crossfit_utility_positive"": false, ""full_batch_cur_after"": 7.178983688354492, ""full_batch_cur_before"": 7.235973834991455, ""full_batch_gain"": 0.05699014663696289, ""full_batch_harm"": -0.00010637380182743073, ""full_batch_harm_lcb"": -0.009382021445780993, ""full_batch_harm_se"": 0.004732473287731409, ""full_batch_harm_ucb"": 0.009169273842126131, ""full_batch_safe"": true}}, ""guarded_best_reuse"": ""adapter_2"", ""num_adapters"": 3, ""pending_after"": false, ""pending_before"": false, ""policy_version"": ""cau_v1"", ""reason"": ""safe_existing_reuse"", ""utility"": {""batch_n"": 16, ""best_reuse"": ""adapter_2"", ""best_reuse_query_after"": 3.41487979888916, ""best_reuse_utility"": 0.09068179130554199, ""budget_blocked_fresh"": false, ""defer_utility"": 0.0, ""fold_a_fresh_utility"": -0.8133931159973145, ""fold_a_query_n"": 8, ""fold_a_support_n"": 8, ""fold_b_fresh_utility"": -0.780519962310791, ""fold_b_query_n"": 8, ""fold_b_support_n"": 8, ""fresh_advantage"": -0.8876383304595947, ""fresh_local_trainability"": 0.038873910903930664, ""fresh_positive"": false, ""fresh_query_after"": 4.302518129348755, ""fresh_query_before"": 4.3413920402526855, ""fresh_utility"": -0.7969565391540527, ""max_adapters"": 8, ""reuse_profiles"": {""adapter_1"": {""feasible_both"": true, ""fold_a_harm"": -0.06330409646034241, ""fold_a_lcb"": -0.06753929442726075, ""fold_a_query_after"": 4.774370193481445, ""fold_a_utility"": -1.2980732917785645, ""fold_b_harm"": -0.06295174360275269, ""fold_b_lcb"": -0.06731463825330138, ""fold_b_query_after"": 4.771262168884277, ""fold_b_utility"": -1.236435890197754, ""harm_lcb_max"": -0.06731463825330138, ""harm_mean"": -0.06312792003154755, ""harm_se_mean"": 0.002193390973843634, ""harm_ucb_max"": -0.05858884895220399, ""local_trainability"": -0.011681556701660156, ""query_after"": 4.772816181182861, ""query_before"": 4.761134624481201, ""system_utility"": -1.2672545909881592}, ""adapter_2"": {""feasible_both"": true, ""fold_a_harm"": -0.09086951613426208, ""fold_a_lcb"": -0.09330232156906276, ""fold_a_query_after"": 3.387575149536133, ""fold_a_utility"": 0.08872175216674805, ""fold_b_harm"": -0.09011495113372803, ""fold_b_lcb"": -0.09258581896312534, ""fold_b_query_after"": 3.4421844482421875, ""fold_b_utility"": 0.09264183044433594, ""harm_lcb_max"": -0.09258581896312534, ""harm_mean"": -0.09049223363399506, ""harm_se_mean"": 0.0012509370571933687, ""harm_ucb_max"": -0.08764408330433071, ""local_trainability"": 0.09068179130554199, ""query_after"": 3.41487979888916, ""query_before"": 3.505561590194702, ""system_utility"": 0.09068179130554199}, ""default"": {""feasible_both"": true, ""fold_a_harm"": -0.0009701363742351532, ""fold_a_lcb"": -0.010079786498099565, ""fold_a_query_after"": 7.222475051879883, ""fold_a_utility"": -3.746178150177002, ""fold_b_harm"": -4.843808710575104e-05, ""fold_b_lcb"": -0.009425298254936933, ""fold_b_query_after"": 7.224774360656738, ""fold_b_utility"": -3.689948081970215, ""harm_lcb_max"": -0.009425298254936933, ""harm_mean"": -0.0005092872306704521, ""harm_se_mean"": 0.00471594650298357, ""harm_ucb_max"": 0.009328422080725431, ""local_trainability"": 0.01234889030456543, ""query_after"": 7.2236247062683105, ""query_before"": 7.235973596572876, ""system_utility"": -3.7180631160736084}}, ""status"": ""ok"", ""statusquo_loss"": 3.505561590194702, ""total_memory_budget"": 512}, ""utility_status"": ""ok""}"
63,C1,C,1,adapter_2,reuse,safe_existing_reuse,3.4724490642547607,3,True,442368,1949415,0,69404468,797261,19134600,510,40.022903366945684,546237440,0.0,34.30325722321868,3.713760465150699,512,510,3.430595278739929,-0.8935474157333374,0.08800923824310303,-0.9815566539764404,False,,"{""best_reuse"": ""adapter_2"", ""best_reuse_utility"": 0.08800923824310303, ""decision"": ""reuse"", ""fresh_advantage"": -0.9815566539764404, ""fresh_positive"": false, ""fresh_utility"": -0.8935474157333374, ""full_batch_guards"": {""adapter_1"": {""crossfit_feasible"": true, ""crossfit_utility"": -1.3539477586746216, ""crossfit_utility_positive"": false, ""full_batch_cur_after"": 4.7596116065979, ""full_batch_cur_before"": 4.769060134887695, ""full_batch_gain"": 0.009448528289794922, ""full_batch_harm"": -0.06189415976405144, ""full_batch_harm_lcb"": -0.06574373723007738, ""full_batch_harm_se"": 0.0019640701357275248, ""full_batch_harm_ucb"": -0.05804458229802549, ""full_batch_safe"": true}, ""adapter_2"": {""crossfit_feasible"": true, ""crossfit_utility"": 0.08800923824310303, ""crossfit_utility_positive"": true, ""full_batch_cur_after"": 3.3279218673706055, ""full_batch_cur_before"": 3.4305949211120605, ""full_batch_gain"": 0.10267305374145508, ""full_batch_harm"": -0.09687671065330505, ""full_batch_harm_lcb"": -0.09934953507501632, ""full_batch_harm_se"": 0.0012616451131179929, ""full_batch_harm_ucb"": -0.09440388623159379, ""full_batch_safe"": true}, ""default"": {""crossfit_feasible"": true, ""crossfit_utility"": -3.9531644582748413, ""crossfit_utility_positive"": false, ""full_batch_cur_after"": 7.31118631362915, ""full_batch_cur_before"": 7.383403778076172, ""full_batch_gain"": 0.07221746444702148, ""full_batch_harm"": 0.00014792755246162415, ""full_batch_harm_lcb"": -0.008933679070323705, ""full_batch_harm_se"": 0.004633472766727209, ""full_batch_harm_ucb"": 0.009229534175246953, ""full_batch_safe"": true}}, ""guarded_best_reuse"": ""adapter_2"", ""num_adapters"": 3, ""pending_after"": false, ""pending_before"": false, ""policy_version"": ""cau_v1"", ""reason"": ""safe_existing_reuse"", ""utility"": {""batch_n"": 16, ""best_reuse"": ""adapter_2"", ""best_reuse_query_after"": 3.342586040496826, ""best_reuse_utility"": 0.08800923824310303, ""budget_blocked_fresh"": false, ""defer_utility"": 0.0, ""fold_a_fresh_utility"": -0.8678591251373291, ""fold_a_query_n"": 8, ""fold_a_support_n"": 8, ""fold_b_fresh_utility"": -0.9192357063293457, ""fold_b_query_n"": 8, ""fold_b_support_n"": 8, ""fresh_advantage"": -0.9815566539764404, ""fresh_local_trainability"": 0.01613306999206543, ""fresh_positive"": false, ""fresh_query_after"": 4.324142694473267, ""fresh_query_before"": 4.340275764465332, ""fresh_utility"": -0.8935474157333374, ""max_adapters"": 8, ""reuse_profiles"": {""adapter_1"": {""feasible_both"": true, ""fold_a_harm"": -0.06385722756385803, ""fold_a_lcb"": -0.06817676641047, ""fold_a_query_after"": 4.835755825042725, ""fold_a_utility"": -1.4105913639068604, ""fold_b_harm"": -0.06350167095661163, ""fold_b_lcb"": -0.06790894226171076, ""fold_b_query_after"": 4.733330249786377, ""fold_b_utility"": -1.2973041534423828, ""harm_lcb_max"": -0.06790894226171076, ""harm_mean"": -0.06367944926023483, ""harm_se_mean"": 0.0022262270795181394, ""harm_ucb_max"": -0.0590943996515125, ""local_trainability"": -0.015482902526855469, ""query_after"": 4.784543037414551, ""query_before"": 4.769060134887695, ""system_utility"": -1.3539477586746216}, ""adapter_2"": {""feasible_both"": true, ""fold_a_harm"": -0.09298449754714966, ""fold_a_lcb"": -0.09671375907491893, ""fold_a_query_after"": 3.338869094848633, ""fold_a_utility"": 0.08629536628723145, ""fold_b_harm"": -0.09451942145824432, ""fold_b_lcb"": -0.09717901590745896, ""fold_b_query_after"": 3.3463029861450195, ""fold_b_utility"": 0.08972311019897461, ""harm_lcb_max"": -0.09671375907491893, ""harm_mean"": -0.09375195950269699, ""harm_se_mean"": 0.0016298101982101798, ""harm_ucb_max"": -0.08925523601938039, ""local_trainability"": 0.08800923824310303, ""query_after"": 3.342586040496826, ""query_before"": 3.430595278739929, ""system_utility"": 0.08800923824310303}, ""default"": {""feasible_both"": true, ""fold_a_harm"": -0.0008910186588764191, ""fold_a_lcb"": -0.009925472661852836, ""fold_a_query_after"": 7.485825538635254, ""fold_a_utility"": -4.06066107749939, ""fold_b_harm"": -0.0009941738098859787, ""fold_b_lcb"": -0.009995418451726436, ""fold_b_query_after"": 7.281693935394287, ""fold_b_utility"": -3.845667839050293, ""harm_lcb_max"": -0.009925472661852836, ""harm_mean"": -0.0009425962343811989, ""harm_se_mean"": 0.00460094353184104, ""harm_ucb_max"": 0.008143435344099998, ""local_trainability"": -0.0003559589385986328, ""query_after"": 7.3837597370147705, ""query_before"": 7.383403778076172, ""system_utility"": -3.9531644582748413}}, ""status"": ""ok"", ""statusquo_loss"": 3.430595278739929, ""total_memory_budget"": 512}, ""utility_status"": ""ok""}"
64,C1,C,1,adapter_2,reuse,safe_existing_reuse,3.362168550491333,3,True,442368,1949415,0,69404468,797261,19134600,510,41.01257622195408,546237440,0.0,35.28564300714061,3.713760465150699,512,510,3.346483615728525,-0.9341704845428467,0.09448779546297513,-1.0286582800058217,False,,"{""best_reuse"": ""adapter_2"", ""best_reuse_utility"": 0.09448779546297513, ""decision"": ""reuse"", ""fresh_advantage"": -1.0286582800058217, ""fresh_positive"": false, ""fresh_utility"": -0.9341704845428467, ""full_batch_guards"": {""adapter_1"": {""crossfit_feasible"": true, ""crossfit_utility"": -1.4310426161839411, ""crossfit_utility_positive"": false, ""full_batch_cur_after"": 4.7547760009765625, ""full_batch_cur_before"": 4.763092994689941, ""full_batch_gain"": 0.008316993713378906, ""full_batch_harm"": -0.06232359632849693, ""full_batch_harm_lcb"": -0.06650632750242949, ""full_batch_harm_se"": 0.0021340465173125267, ""full_batch_harm_ucb"": -0.05814086515456438, ""full_batch_safe"": true}, ""adapter_2"": {""crossfit_feasible"": true, ""crossfit_utility"": 0.09448779546297513, ""crossfit_utility_positive"": true, ""full_batch_cur_after"": 3.2386505603790283, ""full_batch_cur_before"": 3.3464837074279785, ""full_batch_gain"": 0.1078331470489502, ""full_batch_harm"": -0.0982971340417862, ""full_batch_harm_lcb"": -0.10115170662291348, ""full_batch_harm_se"": 0.001456414582207799, ""full_batch_harm_ucb"": -0.09544256146065891, ""full_batch_safe"": true}, ""default"": {""crossfit_feasible"": true, ""crossfit_utility"": -4.00192431303171, ""crossfit_utility_positive"": false, ""full_batch_cur_after"": 7.2849297523498535, ""full_batch_cur_before"": 7.308027744293213, ""full_batch_gain"": 0.023097991943359375, ""full_batch_harm"": -0.001651216298341751, ""full_batch_harm_lcb"": -0.010636528003960848, ""full_batch_harm_se"": 0.004584342706948519, ""full_batch_harm_ucb"": 0.007334095407277346, ""full_batch_safe"": true}}, ""guarded_best_reuse"": ""adapter_2"", ""num_adapters"": 3, ""pending_after"": false, ""pending_before"": false, ""policy_version"": ""cau_v1"", ""reason"": ""safe_existing_reuse"", ""utility"": {""batch_n"": 13, ""best_reuse"": ""adapter_2"", ""best_reuse_query_after"": 3.2519958202655497, ""best_reuse_utility"": 0.09448779546297513, ""budget_blocked_fresh"": false, ""defer_utility"": 0.0, ""fold_a_fresh_utility"": -0.9236128330230713, ""fold_a_query_n"": 6, ""fold_a_support_n"": 7, ""fold_b_fresh_utility"": -0.9432199001312256, ""fold_b_query_n"": 7, ""fold_b_support_n"": 6, ""fresh_advantage"": -1.0286582800058217, ""fresh_local_trainability"": 0.026998483217679538, ""fresh_positive"": false, ""fresh_query_after"": 4.280654100271372, ""fresh_query_before"": 4.307652583489051, ""fresh_utility"": -0.9341704845428467, ""max_adapters"": 8, ""reuse_profiles"": {""adapter_1"": {""feasible_both"": true, ""fold_a_harm"": -0.06361684948205948, ""fold_a_lcb"": -0.06809058696962893, ""fold_a_query_after"": 4.749623775482178, ""fold_a_utility"": -1.3643629550933838, ""fold_b_harm"": -0.06470081955194473, ""fold_b_lcb"": -0.06932452852837741, ""fold_b_query_after"": 4.801442623138428, ""fold_b_utility"": -1.488196611404419, ""harm_lcb_max"": -0.06809058696962893, ""harm_mean"": -0.0641588345170021, ""harm_se_mean"": 0.0023207771591842175, ""harm_ucb_max"": -0.05914311199449003, ""local_trainability"": -0.014434007497934194, ""query_after"": 4.777526231912466, ""query_before"": 4.763092224414532, ""system_utility"": -1.4310426161839411}, ""adapter_2"": {""feasible_both"": true, ""fold_a_harm"": -0.0961003378033638, ""fold_a_lcb"": -0.09884502199944109, ""fold_a_query_after"": 3.285090446472168, ""fold_a_utility"": 0.10017037391662598, ""fold_b_harm"": -0.0951981320977211, ""fold_b_lcb"": -0.09886870133224875, ""fold_b_query_after"": 3.2236289978027344, ""fold_b_utility"": 0.08961701393127441, ""harm_lcb_max"": -0.09884502199944109, ""harm_mean"": -0.09564923495054245, ""harm_se_mean"": 0.0016365442425012589, ""harm_ucb_max"": -0.09152756286319345, ""local_trainability"": 0.09448779546297513, ""query_after"": 3.2519958202655497, ""query_before"": 3.346483615728525, ""system_utility"": 0.09448779546297513}, ""default"": {""feasible_both"": true, ""fold_a_harm"": -0.002828441560268402, ""fold_a_lcb"": -0.011510694343596696, ""fold_a_query_after"": 7.187687397003174, ""fold_a_utility"": -3.80242657661438, ""fold_b_harm"": -0.0018877200782299042, ""fold_b_lcb"": -0.010677726678550244, ""fold_b_query_after"": 7.486168384552002, ""fold_b_utility"": -4.172922372817993, ""harm_lcb_max"": -0.010677726678550244, ""harm_mean"": -0.002358080819249153, ""harm_se_mean"": 0.004457209026440978, ""harm_ucb_max"": 0.006902286522090436, ""local_trainability"": -0.04038040454571064, ""query_after"": 7.348407928760235, ""query_before"": 7.308027524214524, ""system_utility"": -4.00192431303171}}, ""status"": ""ok"", ""statusquo_loss"": 3.346483615728525, ""total_memory_budget"": 512}, ""utility_status"": ""ok""}"
65,A2,A,2,adapter_1,reuse,safe_existing_reuse,3.274919033050537,3,True,442368,1949415,0,69404468,797261,19134600,510,43.89889376005158,546237440,0.0,36.22705358709209,5.651260558050126,512,510,4.730152606964111,0.38984179496765137,1.5970145463943481,-1.2071727514266968,False,,"{""best_reuse"": ""adapter_1"", ""best_reuse_utility"": 1.5970145463943481, ""decision"": ""reuse"", ""fresh_advantage"": -1.2071727514266968, ""fresh_positive"": false, ""fresh_utility"": 0.38984179496765137, ""full_batch_guards"": {""adapter_1"": {""crossfit_feasible"": true, ""crossfit_utility"": 1.5970145463943481, ""crossfit_utility_positive"": true, ""full_batch_cur_after"": 3.1205086708068848, ""full_batch_cur_before"": 3.2144646644592285, ""full_batch_gain"": 0.09395599365234375, ""full_batch_harm"": -0.0818682610988617, ""full_batch_harm_lcb"": -0.0886224967148155, ""full_batch_harm_se"": 0.003446038579568267, ""full_batch_harm_ucb"": -0.0751140254829079, ""full_batch_safe"": true}, ""adapter_2"": {""crossfit_feasible"": true, ""crossfit_utility"": -0.040581703186035156, ""crossfit_utility_positive"": false, ""full_batch_cur_after"": 4.738611221313477, ""full_batch_cur_before"": 4.730152606964111, ""full_batch_gain"": -0.008458614349365234, ""full_batch_harm"": -0.08206060528755188, ""full_batch_harm_lcb"": -0.08433171268552542, ""full_batch_harm_se"": 0.001158728264272213, ""full_batch_harm_ucb"": -0.07978949788957834, ""full_batch_safe"": true}, ""default"": {""crossfit_feasible"": true, ""crossfit_utility"": -2.2350239753723145, ""crossfit_utility_positive"": false, ""full_batch_cur_after"": 6.914827346801758, ""full_batch_cur_before"": 6.9720282554626465, ""full_batch_gain"": 0.05720090866088867, ""full_batch_harm"": -0.000624489039182663, ""full_batch_harm_lcb"": -0.009334078896790743, ""full_batch_harm_se"": 0.004443668294698, ""full_batch_harm_ucb"": 0.008085100818425417, ""full_batch_safe"": true}}, ""guarded_best_reuse"": ""adapter_1"", ""num_adapters"": 3, ""pending_after"": false, ""pending_before"": false, ""policy_version"": ""cau_v1"", ""reason"": ""safe_existing_reuse"", ""utility"": {""batch_n"": 16, ""best_reuse"": ""adapter_1"", ""best_reuse_query_after"": 3.133138060569763, ""best_reuse_utility"": 1.5970145463943481, ""budget_blocked_fresh"": false, ""defer_utility"": 0.0, ""fold_a_fresh_utility"": 0.38272953033447266, ""fold_a_query_n"": 8, ""fold_a_support_n"": 8, ""fold_b_fresh_utility"": 0.3969540596008301, ""fold_b_query_n"": 8, ""fold_b_support_n"": 8, ""fresh_advantage"": -1.2071727514266968, ""fresh_local_trainability"": 0.02688288688659668, ""fresh_positive"": false, ""fresh_query_after"": 4.34031081199646, ""fresh_query_before"": 4.367193698883057, ""fresh_utility"": 0.38984179496765137, ""max_adapters"": 8, ""reuse_profiles"": {""adapter_1"": {""feasible_both"": true, ""fold_a_harm"": -0.0787237137556076, ""fold_a_lcb"": -0.08550507333129645, ""fold_a_query_after"": 3.317612886428833, ""fold_a_utility"": 1.4534757137298584, ""fold_b_harm"": -0.08001876622438431, ""fold_b_lcb"": -0.08659836975857615, ""fold_b_query_after"": 2.9486632347106934, ""fold_b_utility"": 1.740553379058838, ""harm_lcb_max"": -0.08550507333129645, ""harm_mean"": -0.07937123998999596, ""harm_se_mean"": 0.0034084089566022158, ""harm_ucb_max"": -0.07194235417991876, ""local_trainability"": 0.08132660388946533, ""query_after"": 3.133138060569763, ""query_before"": 3.2144646644592285, ""system_utility"": 1.5970145463943481}, ""adapter_2"": {""feasible_both"": true, ""fold_a_harm"": -0.08407597243785858, ""fold_a_lcb"": -0.08638989783357828, ""fold_a_query_after"": 4.810151100158691, ""fold_a_utility"": -0.0390625, ""fold_b_harm"": -0.08431485295295715, ""fold_b_lcb"": -0.08661825382150709, ""fold_b_query_after"": 4.731317520141602, ""fold_b_utility"": -0.04210090637207031, ""harm_lcb_max"": -0.08638989783357828, ""harm_mean"": -0.08419541269540787, ""harm_se_mean"": 0.0011778893531300128, ""harm_ucb_max"": -0.08176204704213888, ""local_trainability"": -0.040581703186035156, ""query_after"": 4.7707343101501465, ""query_before"": 4.730152606964111, ""system_utility"": -0.040581703186035156}, ""default"": {""feasible_both"": true, ""fold_a_harm"": -0.0015708580613136292, ""fold_a_lcb"": -0.009933868907392025, ""fold_a_query_after"": 6.834081649780273, ""fold_a_utility"": -2.062993049621582, ""fold_b_harm"": -0.00156482495367527, ""fold_b_lcb"": -0.010326305236667395, ""fold_b_query_after"": 7.096271514892578, ""fold_b_utility"": -2.407054901123047, ""harm_lcb_max"": -0.009933868907392025, ""harm_mean"": -0.0015678415074944496, ""harm_se_mean"": 0.0043684926349669695, ""harm_ucb_max"": 0.007196655329316855, ""local_trainability"": 0.006851673126220703, ""query_after"": 6.965176582336426, ""query_before"": 6.9720282554626465, ""system_utility"": -2.2350239753723145}}, ""status"": ""ok"", ""statusquo_loss"": 4.730152606964111, ""total_memory_budget"": 512}, ""utility_status"": ""ok""}"
66,A2,A,2,adapter_1,reuse,safe_existing_reuse,3.045924186706543,3,True,442368,1949415,0,69404468,797261,19134600,510,44.85653483890928,546237440,0.0,37.17721006902866,5.651260558050126,512,510,3.0068143606185913,-1.276283860206604,0.0805213451385498,-1.3568052053451538,False,,"{""best_reuse"": ""adapter_1"", ""best_reuse_utility"": 0.0805213451385498, ""decision"": ""reuse"", ""fresh_advantage"": -1.3568052053451538, ""fresh_positive"": false, ""fresh_utility"": -1.276283860206604, ""full_batch_guards"": {""adapter_1"": {""crossfit_feasible"": true, ""crossfit_utility"": 0.0805213451385498, ""crossfit_utility_positive"": true, ""full_batch_cur_after"": 2.9138269424438477, ""full_batch_cur_before"": 3.006814479827881, ""full_batch_gain"": 0.0929875373840332, ""full_batch_harm"": -0.08227087557315826, ""full_batch_harm_lcb"": -0.08971263376995921, ""full_batch_harm_se"": 0.0037968154065310955, ""full_batch_harm_ucb"": -0.07482911737635732, ""full_batch_safe"": true}, ""adapter_2"": {""crossfit_feasible"": true, ""crossfit_utility"": -1.7116142511367798, ""crossfit_utility_positive"": false, ""full_batch_cur_after"": 4.689789772033691, ""full_batch_cur_before"": 4.6761579513549805, ""full_batch_gain"": -0.013631820678710938, ""full_batch_harm"": -0.08157165348529816, ""full_batch_harm_lcb"": -0.08370537113863975, ""full_batch_harm_se"": 0.0010886314557865262, ""full_batch_harm_ucb"": -0.07943793583195656, ""full_batch_safe"": true}, ""default"": {""crossfit_feasible"": true, ""crossfit_utility"": -3.745160937309265, ""crossfit_utility_positive"": false, ""full_batch_cur_after"": 6.702409744262695, ""full_batch_cur_before"": 6.739943027496338, ""full_batch_gain"": 0.03753328323364258, ""full_batch_harm"": -0.0023166052997112274, ""full_batch_harm_lcb"": -0.010937938354909419, ""full_batch_harm_se"": 0.004398639313876629, ""full_batch_harm_ucb"": 0.006304727755486964, ""full_batch_safe"": true}}, ""guarded_best_reuse"": ""adapter_1"", ""num_adapters"": 3, ""pending_after"": false, ""pending_before"": false, ""policy_version"": ""cau_v1"", ""reason"": ""safe_existing_reuse"", ""utility"": {""batch_n"": 16, ""best_reuse"": ""adapter_1"", ""best_reuse_query_after"": 2.9262930154800415, ""best_reuse_utility"": 0.0805213451385498, ""budget_blocked_fresh"": false, ""defer_utility"": 0.0, ""fold_a_fresh_utility"": -1.322364330291748, ""fold_a_query_n"": 8, ""fold_a_support_n"": 8, ""fold_b_fresh_utility"": -1.23020339012146, ""fold_b_query_n"": 8, ""fold_b_support_n"": 8, ""fresh_advantage"": -1.3568052053451538, ""fresh_local_trainability"": 0.03035759925842285, ""fresh_positive"": false, ""fresh_query_after"": 4.283098220825195, ""fresh_query_before"": 4.313455820083618, ""fresh_utility"": -1.276283860206604, ""max_adapters"": 8, ""reuse_profiles"": {""adapter_1"": {""feasible_both"": true, ""fold_a_harm"": -0.08075272291898727, ""fold_a_lcb"": -0.08813298091292382, ""fold_a_query_after"": 2.8462607860565186, ""fold_a_utility"": 0.08237910270690918, ""fold_b_harm"": -0.07898695766925812, ""fold_b_lcb"": -0.08641027940437197, ""fold_b_query_after"": 3.0063252449035645, ""fold_b_utility"": 0.07866358757019043, ""harm_lcb_max"": -0.08641027940437197, ""harm_mean"": -0.0798698402941227, ""harm_se_mean"": 0.0037764234002679586, ""harm_ucb_max"": -0.07156363593414426, ""local_trainability"": 0.0805213451385498, ""query_after"": 2.9262930154800415, ""query_before"": 3.0068143606185913, ""system_utility"": 0.0805213451385498}, ""adapter_2"": {""feasible_both"": true, ""fold_a_harm"": -0.08437122404575348, ""fold_a_lcb"": -0.086614607158117, ""fold_a_query_after"": 4.712791442871094, ""fold_a_utility"": -1.784151554107666, ""fold_b_harm"": -0.08383156359195709, ""fold_b_lcb"": -0.086136298594065, ""fold_b_query_after"": 4.724065780639648, ""fold_b_utility"": -1.6390769481658936, ""harm_lcb_max"": -0.086136298594065, ""harm_mean"": -0.08410139381885529, ""harm_se_mean"": 0.0011602342128753662, ""harm_ucb_max"": -0.08152682858984918, ""local_trainability"": -0.04227042198181152, ""query_after"": 4.718428611755371, ""query_before"": 4.67615818977356, ""system_utility"": -1.7116142511367798}, ""default"": {""feasible_both"": true, ""fold_a_harm"": -0.003410976380109787, ""fold_a_lcb"": -0.012033112607896327, ""fold_a_query_after"": 6.792201519012451, ""fold_a_utility"": -3.8635616302490234, ""fold_b_harm"": -0.00244048610329628, ""fold_b_lcb"": -0.011006393861025572, ""fold_b_query_after"": 6.711749076843262, ""fold_b_utility"": -3.626760244369507, ""harm_lcb_max"": -0.011006393861025572, ""harm_mean"": -0.0029257312417030334, ""harm_se_mean"": 0.004384705098345876, ""harm_ucb_max"": 0.006125421654433012, ""local_trainability"": -0.012032270431518555, ""query_after"": 6.7519752979278564, ""query_before"": 6.739943027496338, ""system_utility"": -3.745160937309265}}, ""status"": ""ok"", ""statusquo_loss"": 3.0068143606185913, ""total_memory_budget"": 512}, ""utility_status"": ""ok""}"
67,A2,A,2,adapter_1,reuse,safe_existing_reuse,2.99281644821167,3,True,442368,1949415,0,69404468,797261,19134600,510,45.80758722499013,546237440,0.0,38.12044857000001,5.651260558050126,512,510,3.0004115104675293,-1.3022267818450928,0.07681703567504883,-1.3790438175201416,False,,"{""best_reuse"": ""adapter_1"", ""best_reuse_utility"": 0.07681703567504883, ""decision"": ""reuse"", ""fresh_advantage"": -1.3790438175201416, ""fresh_positive"": false, ""fresh_utility"": -1.3022267818450928, ""full_batch_guards"": {""adapter_1"": {""crossfit_feasible"": true, ""crossfit_utility"": 0.07681703567504883, ""crossfit_utility_positive"": true, ""full_batch_cur_after"": 2.9090425968170166, ""full_batch_cur_before"": 3.0004115104675293, ""full_batch_gain"": 0.0913689136505127, ""full_batch_harm"": -0.07694744318723679, ""full_batch_harm_lcb"": -0.08596140990033746, ""full_batch_harm_se"": 0.0045989626087248325, ""full_batch_harm_ucb"": -0.06793347647413611, ""full_batch_safe"": true}, ""adapter_2"": {""crossfit_feasible"": true, ""crossfit_utility"": -1.7868061065673828, ""crossfit_utility_positive"": false, ""full_batch_cur_after"": 4.7566680908203125, ""full_batch_cur_before"": 4.746146202087402, ""full_batch_gain"": -0.010521888732910156, ""full_batch_harm"": -0.08305656909942627, ""full_batch_harm_lcb"": -0.08523257926572114, ""full_batch_harm_se"": 0.0011102092685177922, ""full_batch_harm_ucb"": -0.0808805589331314, ""full_batch_safe"": true}, ""default"": {""crossfit_feasible"": true, ""crossfit_utility"": -3.497135639190674, ""crossfit_utility_positive"": false, ""full_batch_cur_after"": 6.4502410888671875, ""full_batch_cur_before"": 6.482716083526611, ""full_batch_gain"": 0.03247499465942383, ""full_batch_harm"": -0.0036880653351545334, ""full_batch_harm_lcb"": -0.012214742675423622, ""full_batch_harm_se"": 0.004350345581769943, ""full_batch_harm_ucb"": 0.004838612005114555, ""full_batch_safe"": true}}, ""guarded_best_reuse"": ""adapter_1"", ""num_adapters"": 3, ""pending_after"": false, ""pending_before"": false, ""policy_version"": ""cau_v1"", ""reason"": ""safe_existing_reuse"", ""utility"": {""batch_n"": 16, ""best_reuse"": ""adapter_1"", ""best_reuse_query_after"": 2.9235944747924805, ""best_reuse_utility"": 0.07681703567504883, ""budget_blocked_fresh"": false, ""defer_utility"": 0.0, ""fold_a_fresh_utility"": -1.250236988067627, ""fold_a_query_n"": 8, ""fold_a_support_n"": 8, ""fold_b_fresh_utility"": -1.3542165756225586, ""fold_b_query_n"": 8, ""fold_b_support_n"": 8, ""fresh_advantage"": -1.3790438175201416, ""fresh_local_trainability"": 0.04005622863769531, ""fresh_positive"": false, ""fresh_query_after"": 4.302638292312622, ""fresh_query_before"": 4.342694520950317, ""fresh_utility"": -1.3022267818450928, ""max_adapters"": 8, ""reuse_profiles"": {""adapter_1"": {""feasible_both"": true, ""fold_a_harm"": -0.07633817195892334, ""fold_a_lcb"": -0.08533361002802849, ""fold_a_query_after"": 2.9467387199401855, ""fold_a_utility"": 0.07726526260375977, ""fold_b_harm"": -0.073532834649086, ""fold_b_lcb"": -0.08225935684517026, ""fold_b_query_after"": 2.9004502296447754, ""fold_b_utility"": 0.07636880874633789, ""harm_lcb_max"": -0.08225935684517026, ""harm_mean"": -0.07493550330400467, ""harm_se_mean"": 0.004520908230915666, ""harm_ucb_max"": -0.06480631245300174, ""local_trainability"": 0.07681703567504883, ""query_after"": 2.9235944747924805, ""query_before"": 3.0004115104675293, ""system_utility"": 0.07681703567504883}, ""adapter_2"": {""feasible_both"": true, ""fold_a_harm"": -0.08436290174722672, ""fold_a_lcb"": -0.086612294963561, ""fold_a_query_after"": 4.720034599304199, ""fold_a_utility"": -1.696030616760254, ""fold_b_harm"": -0.08544617146253586, ""fold_b_lcb"": -0.08772663445211946, ""fold_b_query_after"": 4.854400634765625, ""fold_b_utility"": -1.8775815963745117, ""harm_lcb_max"": -0.086612294963561, ""harm_mean"": -0.08490453660488129, ""harm_se_mean"": 0.0011555755627341568, ""harm_ucb_max"": -0.08211350853089243, ""local_trainability"": -0.04107093811035156, ""query_after"": 4.787217617034912, ""query_before"": 4.7461466789245605, ""system_utility"": -1.7868061065673828}, ""default"": {""feasible_both"": true, ""fold_a_harm"": -0.0024342313408851624, ""fold_a_lcb"": -0.010645827725529671, ""fold_a_query_after"": 6.415372848510742, ""fold_a_utility"": -3.391368865966797, ""fold_b_harm"": -0.004187634214758873, ""fold_b_lcb"": -0.012753858678042889, ""fold_b_query_after"": 6.579721450805664, ""fold_b_utility"": -3.602902412414551, ""harm_lcb_max"": -0.010645827725529671, ""harm_mean"": -0.0033109327778220177, ""harm_se_mean"": 0.0042800563387572765, ""harm_ucb_max"": 0.005777365043759346, ""local_trainability"": -0.014831066131591797, ""query_after"": 6.497547149658203, ""query_before"": 6.482716083526611, ""system_utility"": -3.497135639190674}}, ""status"": ""ok"", ""statusquo_loss"": 3.0004115104675293, ""total_memory_budget"": 512}, ""utility_status"": ""ok""}"
68,A2,A,2,adapter_1,reuse,safe_existing_reuse,2.849431276321411,3,True,442368,1949415,0,69404468,797261,19134600,510,46.793330112006515,546237440,0.0,39.0985206940677,5.651260558050126,512,510,2.804831385612488,-1.3958061933517456,0.0793834924697876,-1.4751896858215332,False,,"{""best_reuse"": ""adapter_1"", ""best_reuse_utility"": 0.0793834924697876, ""decision"": ""reuse"", ""fresh_advantage"": -1.4751896858215332, ""fresh_positive"": false, ""fresh_utility"": -1.3958061933517456, ""full_batch_guards"": {""adapter_1"": {""crossfit_feasible"": true, ""crossfit_utility"": 0.0793834924697876, ""crossfit_utility_positive"": true, ""full_batch_cur_after"": 2.715653657913208, ""full_batch_cur_before"": 2.8048312664031982, ""full_batch_gain"": 0.08917760848999023, ""full_batch_harm"": -0.07476045191287994, ""full_batch_harm_lcb"": -0.08288140296936035, ""full_batch_harm_se"": 0.00414334237575531, ""full_batch_harm_ucb"": -0.06663950085639954, ""full_batch_safe"": true}, ""adapter_2"": {""crossfit_feasible"": true, ""crossfit_utility"": -1.8292373418807983, ""crossfit_utility_positive"": false, ""full_batch_cur_after"": 4.615777969360352, ""full_batch_cur_before"": 4.6146769523620605, ""full_batch_gain"": -0.0011010169982910156, ""full_batch_harm"": -0.08501416444778442, ""full_batch_harm_lcb"": -0.08738291413057596, ""full_batch_harm_se"": 0.0012085457565262914, ""full_batch_harm_ucb"": -0.08264541476499289, ""full_batch_safe"": true}, ""default"": {""crossfit_feasible"": true, ""crossfit_utility"": -3.6787830591201782, ""crossfit_utility_positive"": false, ""full_batch_cur_after"": 6.4542436599731445, ""full_batch_cur_before"": 6.542679786682129, ""full_batch_gain"": 0.08843612670898438, ""full_batch_harm"": -0.0015319138765335083, ""full_batch_harm_lcb"": -0.010332406442612409, ""full_batch_harm_se"": 0.004490047227591276, ""full_batch_harm_ucb"": 0.0072685786895453925, ""full_batch_safe"": true}}, ""guarded_best_reuse"": ""adapter_1"", ""num_adapters"": 3, ""pending_after"": false, ""pending_before"": false, ""policy_version"": ""cau_v1"", ""reason"": ""safe_existing_reuse"", ""utility"": {""batch_n"": 16, ""best_reuse"": ""adapter_1"", ""best_reuse_query_after"": 2.7254478931427, ""best_reuse_utility"": 0.0793834924697876, ""budget_blocked_fresh"": false, ""defer_utility"": 0.0, ""fold_a_fresh_utility"": -1.414484977722168, ""fold_a_query_n"": 8, ""fold_a_support_n"": 8, ""fold_b_fresh_utility"": -1.3771274089813232, ""fold_b_query_n"": 8, ""fold_b_support_n"": 8, ""fresh_advantage"": -1.4751896858215332, ""fresh_local_trainability"": 0.07855415344238281, ""fresh_positive"": false, ""fresh_query_after"": 4.200637578964233, ""fresh_query_before"": 4.279191732406616, ""fresh_utility"": -1.3958061933517456, ""max_adapters"": 8, ""reuse_profiles"": {""adapter_1"": {""feasible_both"": true, ""fold_a_harm"": -0.07410792261362076, ""fold_a_lcb"": -0.08215023029595614, ""fold_a_query_after"": 2.7098746299743652, ""fold_a_utility"": 0.07992267608642578, ""fold_b_harm"": -0.074297696352005, ""fold_b_lcb"": -0.0824057793058455, ""fold_b_query_after"": 2.741021156311035, ""fold_b_utility"": 0.07884430885314941, ""harm_lcb_max"": -0.08215023029595614, ""harm_mean"": -0.07420280948281288, ""harm_se_mean"": 0.004119997611269355, ""harm_ucb_max"": -0.06606561493128538, ""local_trainability"": 0.0793834924697876, ""query_after"": 2.7254478931427, ""query_before"": 2.804831385612488, ""system_utility"": 0.0793834924697876}, ""adapter_2"": {""feasible_both"": true, ""fold_a_harm"": -0.08678284287452698, ""fold_a_lcb"": -0.08921133901458234, ""fold_a_query_after"": 4.716699123382568, ""fold_a_utility"": -1.9269018173217773, ""fold_b_harm"": -0.08415889739990234, ""fold_b_lcb"": -0.08656183622311801, ""fold_b_query_after"": 4.551438331604004, ""fold_b_utility"": -1.7315728664398193, ""harm_lcb_max"": -0.08656183622311801, ""harm_mean"": -0.08547087013721466, ""harm_se_mean"": 0.0012325089192017913, ""harm_ucb_max"": -0.08175595857668667, ""local_trainability"": -0.019392013549804688, ""query_after"": 4.634068727493286, ""query_before"": 4.6146767139434814, ""system_utility"": -1.8292373418807983}, ""default"": {""feasible_both"": true, ""fold_a_harm"": -0.0019552912563085556, ""fold_a_lcb"": -0.010974627360701561, ""fold_a_query_after"": 6.6561079025268555, ""fold_a_utility"": -3.8663105964660645, ""fold_b_harm"": -0.0008433852344751358, ""fold_b_lcb"": -0.009641708321869374, ""fold_b_query_after"": 6.311120986938477, ""fold_b_utility"": -3.491255521774292, ""harm_lcb_max"": -0.009641708321869374, ""harm_mean"": -0.0013993382453918457, ""harm_se_mean"": 0.004545321222394705, ""harm_ucb_max"": 0.007954937852919102, ""local_trainability"": 0.05906510353088379, ""query_after"": 6.483614444732666, ""query_before"": 6.54267954826355, ""system_utility"": -3.6787830591201782}}, ""status"": ""ok"", ""statusquo_loss"": 2.804831385612488, ""total_memory_budget"": 512}, ""utility_status"": ""ok""}"
69,A2,A,2,adapter_1,reuse,safe_existing_reuse,2.853259563446045,3,True,442368,1949415,0,69404468,797261,19134600,510,47.77349002403207,546237440,0.0,40.07094493205659,5.651260558050126,512,510,2.829740047454834,-1.4495086669921875,0.07479619979858398,-1.5243048667907715,False,,"{""best_reuse"": ""adapter_1"", ""best_reuse_utility"": 0.07479619979858398, ""decision"": ""reuse"", ""fresh_advantage"": -1.5243048667907715, ""fresh_positive"": false, ""fresh_utility"": -1.4495086669921875, ""full_batch_guards"": {""adapter_1"": {""crossfit_feasible"": true, ""crossfit_utility"": 0.07479619979858398, ""crossfit_utility_positive"": true, ""full_batch_cur_after"": 2.743262767791748, ""full_batch_cur_before"": 2.829740047454834, ""full_batch_gain"": 0.08647727966308594, ""full_batch_harm"": -0.07003239542245865, ""full_batch_harm_lcb"": -0.08099512351676821, ""full_batch_harm_se"": 0.005593228619545698, ""full_batch_harm_ucb"": -0.059069667328149084, ""full_batch_safe"": true}, ""adapter_2"": {""crossfit_feasible"": true, ""crossfit_utility"": -1.9288218021392822, ""crossfit_utility_positive"": false, ""full_batch_cur_after"": 4.734989166259766, ""full_batch_cur_before"": 4.725893974304199, ""full_batch_gain"": -0.009095191955566406, ""full_batch_harm"": -0.08221417665481567, ""full_batch_harm_lcb"": -0.08441843773238361, ""full_batch_harm_se"": 0.0011246229987591505, ""full_batch_harm_ucb"": -0.08000991557724774, ""full_batch_safe"": true}, ""default"": {""crossfit_feasible"": true, ""crossfit_utility"": -3.9039883613586426, ""crossfit_utility_positive"": false, ""full_batch_cur_after"": 6.69512939453125, ""full_batch_cur_before"": 6.75629997253418, ""full_batch_gain"": 0.06117057800292969, ""full_batch_harm"": -0.0005931872874498367, ""full_batch_harm_lcb"": -0.0098386475071311, ""full_batch_harm_se"": 0.004717071540653706, ""full_batch_harm_ucb"": 0.008652272932231427, ""full_batch_safe"": true}}, ""guarded_best_reuse"": ""adapter_1"", ""num_adapters"": 3, ""pending_after"": false, ""pending_before"": false, ""policy_version"": ""cau_v1"", ""reason"": ""safe_existing_reuse"", ""utility"": {""batch_n"": 16, ""best_reuse"": ""adapter_1"", ""best_reuse_query_after"": 2.75494384765625, ""best_reuse_utility"": 0.07479619979858398, ""budget_blocked_fresh"": false, ""defer_utility"": 0.0, ""fold_a_fresh_utility"": -1.473536729812622, ""fold_a_query_n"": 8, ""fold_a_support_n"": 8, ""fold_b_fresh_utility"": -1.425480604171753, ""fold_b_query_n"": 8, ""fold_b_support_n"": 8, ""fresh_advantage"": -1.5243048667907715, ""fresh_local_trainability"": 0.048888444900512695, ""fresh_positive"": false, ""fresh_query_after"": 4.2792487144470215, ""fresh_query_before"": 4.328137159347534, ""fresh_utility"": -1.4495086669921875, ""max_adapters"": 8, ""reuse_profiles"": {""adapter_1"": {""feasible_both"": true, ""fold_a_harm"": -0.06825406849384308, ""fold_a_lcb"": -0.07911066554486751, ""fold_a_query_after"": 2.730785846710205, ""fold_a_utility"": 0.0709831714630127, ""fold_b_harm"": -0.06917409598827362, ""fold_b_lcb"": -0.07991402765735983, ""fold_b_query_after"": 2.779101848602295, ""fold_b_utility"": 0.07860922813415527, ""harm_lcb_max"": -0.07911066554486751, ""harm_mean"": -0.06871408224105835, ""harm_se_mean"": 0.0055093185510486364, ""harm_ucb_max"": -0.05739747144281864, ""local_trainability"": 0.07479619979858398, ""query_after"": 2.75494384765625, ""query_before"": 2.829740047454834, ""system_utility"": 0.07479619979858398}, ""adapter_2"": {""feasible_both"": true, ""fold_a_harm"": -0.08451907336711884, ""fold_a_lcb"": -0.08675861653871834, ""fold_a_query_after"": 4.785345077514648, ""fold_a_utility"": -1.9835760593414307, ""fold_b_harm"": -0.08319215476512909, ""fold_b_lcb"": -0.0853821955807507, ""fold_b_query_after"": 4.731778621673584, ""fold_b_utility"": -1.8740675449371338, ""harm_lcb_max"": -0.0853821955807507, ""harm_mean"": -0.08385561406612396, ""harm_se_mean"": 0.001129995915107429, ""harm_ucb_max"": -0.08100211394950747, ""local_trainability"": -0.032668113708496094, ""query_after"": 4.758561849594116, ""query_before"": 4.72589373588562, ""system_utility"": -1.9288218021392822}, ""default"": {""feasible_both"": true, ""fold_a_harm"": -0.0019044429063796997, ""fold_a_lcb"": -0.010788804944604635, ""fold_a_query_after"": 6.63950252532959, ""fold_a_utility"": -3.837733507156372, ""fold_b_harm"": -0.001176701858639717, ""fold_b_lcb"": -0.010026724617928267, ""fold_b_query_after"": 6.827954292297363, ""fold_b_utility"": -3.970243215560913, ""harm_lcb_max"": -0.010026724617928267, ""harm_mean"": -0.0015405723825097084, ""harm_se_mean"": 0.004524077754467726, ""harm_ucb_max"": 0.007673320900648832, ""local_trainability"": 0.022571086883544922, ""query_after"": 6.733728408813477, ""query_before"": 6.7562994956970215, ""system_utility"": -3.9039883613586426}}, ""status"": ""ok"", ""statusquo_loss"": 2.829740047454834, ""total_memory_budget"": 512}, ""utility_status"": ""ok""}"
70,A2,A,2,adapter_1,reuse,safe_existing_reuse,2.8060970306396484,3,True,442368,1949415,0,69404468,797261,19134600,510,48.7513562720269,546237440,0.0,41.04058260307647,5.651260558050126,512,510,2.795886278152466,-1.4919419288635254,0.07574629783630371,-1.567688226699829,False,,"{""best_reuse"": ""adapter_1"", ""best_reuse_utility"": 0.07574629783630371, ""decision"": ""reuse"", ""fresh_advantage"": -1.567688226699829, ""fresh_positive"": false, ""fresh_utility"": -1.4919419288635254, ""full_batch_guards"": {""adapter_1"": {""crossfit_feasible"": true, ""crossfit_utility"": 0.07574629783630371, ""crossfit_utility_positive"": true, ""full_batch_cur_after"": 2.7074809074401855, ""full_batch_cur_before"": 2.795886516571045, ""full_batch_gain"": 0.08840560913085938, ""full_batch_harm"": -0.0619550459086895, ""full_batch_harm_lcb"": -0.07319807849824428, ""full_batch_harm_se"": 0.005736241117119789, ""full_batch_harm_ucb"": -0.05071201331913471, ""full_batch_safe"": true}, ""adapter_2"": {""crossfit_feasible"": true, ""crossfit_utility"": -1.9071333408355713, ""crossfit_utility_positive"": false, ""full_batch_cur_after"": 4.678380012512207, ""full_batch_cur_before"": 4.667862892150879, ""full_batch_gain"": -0.010517120361328125, ""full_batch_harm"": -0.08268895000219345, ""full_batch_harm_lcb"": -0.08485704754944891, ""full_batch_harm_se"": 0.0011061722179874778, ""full_batch_harm_ucb"": -0.080520852454938, ""full_batch_safe"": true}, ""default"": {""crossfit_feasible"": true, ""crossfit_utility"": -3.7785637378692627, ""crossfit_utility_positive"": false, ""full_batch_cur_after"": 6.533023834228516, ""full_batch_cur_before"": 6.574164390563965, ""full_batch_gain"": 0.04114055633544922, ""full_batch_harm"": -0.0014515742659568787, ""full_batch_harm_lcb"": -0.010249992273747921, ""full_batch_harm_se"": 0.004488988779485226, ""full_batch_harm_ucb"": 0.007346843741834164, ""full_batch_safe"": true}}, ""guarded_best_reuse"": ""adapter_1"", ""num_adapters"": 3, ""pending_after"": false, ""pending_before"": false, ""policy_version"": ""cau_v1"", ""reason"": ""safe_existing_reuse"", ""utility"": {""batch_n"": 16, ""best_reuse"": ""adapter_1"", ""best_reuse_query_after"": 2.720139980316162, ""best_reuse_utility"": 0.07574629783630371, ""budget_blocked_fresh"": false, ""defer_utility"": 0.0, ""fold_a_fresh_utility"": -1.4826135635375977, ""fold_a_query_n"": 8, ""fold_a_support_n"": 8, ""fold_b_fresh_utility"": -1.5012702941894531, ""fold_b_query_n"": 8, ""fold_b_support_n"": 8, ""fresh_advantage"": -1.567688226699829, ""fresh_local_trainability"": 0.03155040740966797, ""fresh_positive"": false, ""fresh_query_after"": 4.287828207015991, ""fresh_query_before"": 4.319378614425659, ""fresh_utility"": -1.4919419288635254, ""max_adapters"": 8, ""reuse_profiles"": {""adapter_1"": {""feasible_both"": true, ""fold_a_harm"": -0.06288528442382812, ""fold_a_lcb"": -0.07370878163725138, ""fold_a_query_after"": 2.7465872764587402, ""fold_a_utility"": 0.08158731460571289, ""fold_b_harm"": -0.05817882716655731, ""fold_b_lcb"": -0.06919523913413286, ""fold_b_query_after"": 2.693692684173584, ""fold_b_utility"": 0.06990528106689453, ""harm_lcb_max"": -0.06919523913413286, ""harm_mean"": -0.06053205579519272, ""harm_se_mean"": 0.005571405403316021, ""harm_ucb_max"": -0.04716241519898176, ""local_trainability"": 0.07574629783630371, ""query_after"": 2.720139980316162, ""query_before"": 2.795886278152466, ""system_utility"": 0.07574629783630371}, ""adapter_2"": {""feasible_both"": true, ""fold_a_harm"": -0.0847603976726532, ""fold_a_lcb"": -0.08710006634704769, ""fold_a_query_after"": 4.740740776062012, ""fold_a_utility"": -1.9125661849975586, ""fold_b_harm"": -0.08380754292011261, ""fold_b_lcb"": -0.08617401862051338, ""fold_b_query_after"": 4.6652984619140625, ""fold_b_utility"": -1.901700496673584, ""harm_lcb_max"": -0.08617401862051338, ""harm_mean"": -0.0842839702963829, ""harm_se_mean"": 0.0012005470343865454, ""harm_ucb_max"": -0.08144106721971184, ""local_trainability"": -0.0351567268371582, ""query_after"": 4.703019618988037, ""query_before"": 4.667862892150879, ""system_utility"": -1.9071333408355713}, ""default"": {""feasible_both"": true, ""fold_a_harm"": -0.0023214612156152725, ""fold_a_lcb"": -0.011117243357002735, ""fold_a_query_after"": 6.679111480712891, ""fold_a_utility"": -3.8509368896484375, ""fold_b_harm"": -0.002409236505627632, ""fold_b_lcb"": -0.010868657268583774, ""fold_b_query_after"": 6.469788551330566, ""fold_b_utility"": -3.706190586090088, ""harm_lcb_max"": -0.010868657268583774, ""harm_mean"": -0.0023653488606214523, ""harm_se_mean"": 0.004401837475597858, ""harm_ucb_max"": 0.00647432092577219, ""local_trainability"": -0.0002856254577636719, ""query_after"": 6.5744500160217285, ""query_before"": 6.574164390563965, ""system_utility"": -3.7785637378692627}}, ""status"": ""ok"", ""statusquo_loss"": 2.795886278152466, ""total_memory_budget"": 512}, ""utility_status"": ""ok""}"
71,A2,A,2,adapter_1,reuse,safe_existing_reuse,2.6608047485351562,3,True,442368,1949415,0,69404468,797261,19134600,510,49.7812711710576,546237440,0.0,42.06108341203071,5.651260558050126,512,510,2.657296061515808,-1.6346756219863892,0.05816185474395752,-1.6928374767303467,False,,"{""best_reuse"": ""adapter_1"", ""best_reuse_utility"": 0.05816185474395752, ""decision"": ""reuse"", ""fresh_advantage"": -1.6928374767303467, ""fresh_positive"": false, ""fresh_utility"": -1.6346756219863892, ""full_batch_guards"": {""adapter_1"": {""crossfit_feasible"": true, ""crossfit_utility"": 0.05816185474395752, ""crossfit_utility_positive"": true, ""full_batch_cur_after"": 2.585245370864868, ""full_batch_cur_before"": 2.6572961807250977, ""full_batch_gain"": 0.07205080986022949, ""full_batch_harm"": -0.053276777267456055, ""full_batch_harm_lcb"": -0.06668291701003909, ""full_batch_harm_se"": 0.00683986721560359, ""full_batch_harm_ucb"": -0.03987063752487302, ""full_batch_safe"": true}, ""adapter_2"": {""crossfit_feasible"": true, ""crossfit_utility"": -2.0840176343917847, ""crossfit_utility_positive"": false, ""full_batch_cur_after"": 4.716940402984619, ""full_batch_cur_before"": 4.7043256759643555, ""full_batch_gain"": -0.012614727020263672, ""full_batch_harm"": -0.08060958236455917, ""full_batch_harm_lcb"": -0.08288917692378163, ""full_batch_harm_se"": 0.0011630584485828876, ""full_batch_harm_ucb"": -0.07832998780533672, ""full_batch_safe"": true}, ""default"": {""crossfit_feasible"": true, ""crossfit_utility"": -4.028409123420715, ""crossfit_utility_positive"": false, ""full_batch_cur_after"": 6.647961616516113, ""full_batch_cur_before"": 6.718672752380371, ""full_batch_gain"": 0.07071113586425781, ""full_batch_harm"": -0.0011780336499214172, ""full_batch_harm_lcb"": -0.0098019003495574, ""full_batch_harm_se"": 0.004399931989610195, ""full_batch_harm_ucb"": 0.007445833049714565, ""full_batch_safe"": true}}, ""guarded_best_reuse"": ""adapter_1"", ""num_adapters"": 3, ""pending_after"": false, ""pending_before"": false, ""policy_version"": ""cau_v1"", ""reason"": ""safe_existing_reuse"", ""utility"": {""batch_n"": 16, ""best_reuse"": ""adapter_1"", ""best_reuse_query_after"": 2.5991342067718506, ""best_reuse_utility"": 0.05816185474395752, ""budget_blocked_fresh"": false, ""defer_utility"": 0.0, ""fold_a_fresh_utility"": -1.601073980331421, ""fold_a_query_n"": 8, ""fold_a_support_n"": 8, ""fold_b_fresh_utility"": -1.6682772636413574, ""fold_b_query_n"": 8, ""fold_b_support_n"": 8, ""fresh_advantage"": -1.6928374767303467, ""fresh_local_trainability"": 0.038829803466796875, ""fresh_positive"": false, ""fresh_query_after"": 4.291971683502197, ""fresh_query_before"": 4.330801486968994, ""fresh_utility"": -1.6346756219863892, ""max_adapters"": 8, ""reuse_profiles"": {""adapter_1"": {""feasible_both"": true, ""fold_a_harm"": -0.05089142546057701, ""fold_a_lcb"": -0.06456370921805502, ""fold_a_query_after"": 2.668893337249756, ""fold_a_utility"": 0.04989218711853027, ""fold_b_harm"": -0.051980312913656235, ""fold_b_lcb"": -0.06489059945568443, ""fold_b_query_after"": 2.5293750762939453, ""fold_b_utility"": 0.06643152236938477, ""harm_lcb_max"": -0.06456370921805502, ""harm_mean"": -0.05143586918711662, ""harm_se_mean"": 0.006781267933547497, ""harm_ucb_max"": -0.037219141703099014, ""local_trainability"": 0.05816185474395752, ""query_after"": 2.5991342067718506, ""query_before"": 2.657296061515808, ""system_utility"": 0.05816185474395752}, ""adapter_2"": {""feasible_both"": true, ""fold_a_harm"": -0.08250460028648376, ""fold_a_lcb"": -0.08476310608908534, ""fold_a_query_after"": 4.8317413330078125, ""fold_a_utility"": -2.1129558086395264, ""fold_b_harm"": -0.0820467621088028, ""fold_b_lcb"": -0.0842553498223424, ""fold_b_query_after"": 4.650886058807373, ""fold_b_utility"": -2.055079460144043, ""harm_lcb_max"": -0.0842553498223424, ""harm_mean"": -0.08227568119764328, ""harm_se_mean"": 0.001139564672484994, ""harm_ucb_max"": -0.0798381743952632, ""local_trainability"": -0.036988019943237305, ""query_after"": 4.741313695907593, ""query_before"": 4.7043256759643555, ""system_utility"": -2.0840176343917847}, ""default"": {""feasible_both"": true, ""fold_a_harm"": -0.001903492957353592, ""fold_a_lcb"": -0.010545839928090573, ""fold_a_query_after"": 6.872374534606934, ""fold_a_utility"": -4.1535890102386475, ""fold_b_harm"": -0.00045436248183250427, ""fold_b_lcb"": -0.009191785920411349, ""fold_b_query_after"": 6.499035835266113, ""fold_b_utility"": -3.903229236602783, ""harm_lcb_max"": -0.009191785920411349, ""harm_mean"": -0.001178927719593048, ""harm_se_mean"": 0.0044336149003356695, ""harm_ucb_max"": 0.00828306095674634, ""local_trainability"": 0.03296780586242676, ""query_after"": 6.685705184936523, ""query_before"": 6.71867299079895, ""system_utility"": -4.028409123420715}}, ""status"": ""ok"", ""statusquo_loss"": 2.657296061515808, ""total_memory_budget"": 512}, ""utility_status"": ""ok""}"
72,A2,A,2,adapter_1,reuse,safe_existing_reuse,2.665886163711548,3,True,442368,1949415,0,69404468,797261,19134600,510,50.7988557589706,546237440,0.0,43.070619836915284,5.651260558050126,512,510,2.6151825189590454,-1.6895488500595093,0.04860544204711914,-1.7381542921066284,False,,"{""best_reuse"": ""adapter_1"", ""best_reuse_utility"": 0.04860544204711914, ""decision"": ""reuse"", ""fresh_advantage"": -1.7381542921066284, ""fresh_positive"": false, ""fresh_utility"": -1.6895488500595093, ""full_batch_guards"": {""adapter_1"": {""crossfit_feasible"": true, ""crossfit_utility"": 0.04860544204711914, ""crossfit_utility_positive"": true, ""full_batch_cur_after"": 2.5447466373443604, ""full_batch_cur_before"": 2.615182638168335, ""full_batch_gain"": 0.07043600082397461, ""full_batch_harm"": -0.06330826133489609, ""full_batch_harm_lcb"": -0.07258698111400008, ""full_batch_harm_se"": 0.004734040703624487, ""full_batch_harm_ucb"": -0.05402954155579209, ""full_batch_safe"": true}, ""adapter_2"": {""crossfit_feasible"": true, ""crossfit_utility"": -2.161502957344055, ""crossfit_utility_positive"": false, ""full_batch_cur_after"": 4.740937232971191, ""full_batch_cur_before"": 4.731339454650879, ""full_batch_gain"": -0.0095977783203125, ""full_batch_harm"": -0.08145898580551147, ""full_batch_harm_lcb"": -0.0836644929414615, ""full_batch_harm_se"": 0.0011252587428316474, ""full_batch_harm_ucb"": -0.07925347866956145, ""full_batch_safe"": true}, ""default"": {""crossfit_feasible"": true, ""crossfit_utility"": -4.1234599351882935, ""crossfit_utility_positive"": false, ""full_batch_cur_after"": 6.680681228637695, ""full_batch_cur_before"": 6.764689922332764, ""full_batch_gain"": 0.08400869369506836, ""full_batch_harm"": -6.196089088916779e-05, ""full_batch_harm_lcb"": -0.00900865824893117, ""full_batch_harm_se"": 0.004564641509205103, ""full_batch_harm_ucb"": 0.008884736467152834, ""full_batch_safe"": true}}, ""guarded_best_reuse"": ""adapter_1"", ""num_adapters"": 3, ""pending_after"": false, ""pending_before"": false, ""policy_version"": ""cau_v1"", ""reason"": ""safe_existing_reuse"", ""utility"": {""batch_n"": 16, ""best_reuse"": ""adapter_1"", ""best_reuse_query_after"": 2.5665770769119263, ""best_reuse_utility"": 0.04860544204711914, ""budget_blocked_fresh"": false, ""defer_utility"": 0.0, ""fold_a_fresh_utility"": -1.5957553386688232, ""fold_a_query_n"": 8, ""fold_a_support_n"": 8, ""fold_b_fresh_utility"": -1.7833423614501953, ""fold_b_query_n"": 8, ""fold_b_support_n"": 8, ""fresh_advantage"": -1.7381542921066284, ""fresh_local_trainability"": 0.02140974998474121, ""fresh_positive"": false, ""fresh_query_after"": 4.304731369018555, ""fresh_query_before"": 4.326141119003296, ""fresh_utility"": -1.6895488500595093, ""max_adapters"": 8, ""reuse_profiles"": {""adapter_1"": {""feasible_both"": true, ""fold_a_harm"": -0.06045112758874893, ""fold_a_lcb"": -0.0708666167780757, ""fold_a_query_after"": 2.686244487762451, ""fold_a_utility"": 0.04218792915344238, ""fold_b_harm"": -0.0634026825428009, ""fold_b_lcb"": -0.07184248490259051, ""fold_b_query_after"": 2.4469096660614014, ""fold_b_utility"": 0.0550229549407959, ""harm_lcb_max"": -0.0708666167780757, ""harm_mean"": -0.06192690506577492, ""harm_se_mean"": 0.004810023354366422, ""harm_ucb_max"": -0.05003563839942217, ""local_trainability"": 0.04860544204711914, ""query_after"": 2.5665770769119263, ""query_before"": 2.6151825189590454, ""system_utility"": 0.04860544204711914}, ""adapter_2"": {""feasible_both"": true, ""fold_a_harm"": -0.08440545201301575, ""fold_a_lcb"": -0.08671207926236094, ""fold_a_query_after"": 4.82025146484375, ""fold_a_utility"": -2.0918190479278564, ""fold_b_harm"": -0.08448047935962677, ""fold_b_lcb"": -0.08675738671328873, ""fold_b_query_after"": 4.733119487762451, ""fold_b_utility"": -2.231186866760254, ""harm_lcb_max"": -0.08671207926236094, ""harm_mean"": -0.08444296568632126, ""harm_se_mean"": 0.0011692690313793719, ""harm_ucb_max"": -0.08209882476367056, ""local_trainability"": -0.04534602165222168, ""query_after"": 4.776685476303101, ""query_before"": 4.731339454650879, ""system_utility"": -2.161502957344055}, ""default"": {""feasible_both"": true, ""fold_a_harm"": -0.0003885645419359207, ""fold_a_lcb"": -0.009114240668714047, ""fold_a_query_after"": 6.789276123046875, ""fold_a_utility"": -4.0608437061309814, ""fold_b_harm"": -0.0014464613050222397, ""fold_b_lcb"": -0.009923111945390702, ""fold_b_query_after"": 6.688008785247803, ""fold_b_utility"": -4.1860761642456055, ""harm_lcb_max"": -0.009114240668714047, ""harm_mean"": -0.0009175129234790802, ""harm_se_mean"": 0.004388348665088415, ""harm_ucb_max"": 0.008337111584842205, ""local_trainability"": 0.026047468185424805, ""query_after"": 6.738642454147339, ""query_before"": 6.764689922332764, ""system_utility"": -4.1234599351882935}}, ""status"": ""ok"", ""statusquo_loss"": 2.6151825189590454, ""total_memory_budget"": 512}, ""utility_status"": ""ok""}"
73,A2,A,2,adapter_1,reuse,safe_existing_reuse,2.520684242248535,3,True,442368,1949415,0,69404468,797261,19134600,510,51.75117090996355,546237440,0.0,44.01488417596556,5.651260558050126,512,510,2.5103029012680054,-1.7628384828567505,0.05950438976287842,-1.822342872619629,False,,"{""best_reuse"": ""adapter_1"", ""best_reuse_utility"": 0.05950438976287842, ""decision"": ""reuse"", ""fresh_advantage"": -1.822342872619629, ""fresh_positive"": false, ""fresh_utility"": -1.7628384828567505, ""full_batch_guards"": {""adapter_1"": {""crossfit_feasible"": true, ""crossfit_utility"": 0.05950438976287842, ""crossfit_utility_positive"": true, ""full_batch_cur_after"": 2.438694953918457, ""full_batch_cur_before"": 2.510303020477295, ""full_batch_gain"": 0.07160806655883789, ""full_batch_harm"": -0.0552884116768837, ""full_batch_harm_lcb"": -0.06296552499756217, ""full_batch_harm_se"": 0.003916894551366568, ""full_batch_harm_ucb"": -0.04761129835620523, ""full_batch_safe"": true}, ""adapter_2"": {""crossfit_feasible"": true, ""crossfit_utility"": -2.220387578010559, ""crossfit_utility_positive"": false, ""full_batch_cur_after"": 4.710355758666992, ""full_batch_cur_before"": 4.701196670532227, ""full_batch_gain"": -0.009159088134765625, ""full_batch_harm"": -0.08371656388044357, ""full_batch_harm_lcb"": -0.0858651742246002, ""full_batch_harm_se"": 0.0010962297674268484, ""full_batch_harm_ucb"": -0.08156795353628694, ""full_batch_safe"": true}, ""default"": {""crossfit_feasible"": true, ""crossfit_utility"": -4.199710249900818, ""crossfit_utility_positive"": false, ""full_batch_cur_after"": 6.690103530883789, ""full_batch_cur_before"": 6.743594169616699, ""full_batch_gain"": 0.053490638732910156, ""full_batch_harm"": -0.0009860210120677948, ""full_batch_harm_lcb"": -0.010011719521135092, ""full_batch_harm_se"": 0.004604948218911886, ""full_batch_harm_ucb"": 0.008039677496999503, ""full_batch_safe"": true}}, ""guarded_best_reuse"": ""adapter_1"", ""num_adapters"": 3, ""pending_after"": false, ""pending_before"": false, ""policy_version"": ""cau_v1"", ""reason"": ""safe_existing_reuse"", ""utility"": {""batch_n"": 16, ""best_reuse"": ""adapter_1"", ""best_reuse_query_after"": 2.450798511505127, ""best_reuse_utility"": 0.05950438976287842, ""budget_blocked_fresh"": false, ""defer_utility"": 0.0, ""fold_a_fresh_utility"": -1.7791662216186523, ""fold_a_query_n"": 8, ""fold_a_support_n"": 8, ""fold_b_fresh_utility"": -1.7465107440948486, ""fold_b_query_n"": 8, ""fold_b_support_n"": 8, ""fresh_advantage"": -1.822342872619629, ""fresh_local_trainability"": 0.055992841720581055, ""fresh_positive"": false, ""fresh_query_after"": 4.273141384124756, ""fresh_query_before"": 4.329134225845337, ""fresh_utility"": -1.7628384828567505, ""max_adapters"": 8, ""reuse_profiles"": {""adapter_1"": {""feasible_both"": true, ""fold_a_harm"": -0.05479709804058075, ""fold_a_lcb"": -0.06147252417169511, ""fold_a_query_after"": 2.4262421131134033, ""fold_a_utility"": 0.06675887107849121, ""fold_b_harm"": -0.05458202213048935, ""fold_b_lcb"": -0.063513876311481, ""fold_b_query_after"": 2.4753549098968506, ""fold_b_utility"": 0.052249908447265625, ""harm_lcb_max"": -0.06147252417169511, ""harm_mean"": -0.05468956008553505, ""harm_se_mean"": 0.003981449059210718, ""harm_ucb_max"": -0.0456501679494977, ""local_trainability"": 0.05950438976287842, ""query_after"": 2.450798511505127, ""query_before"": 2.5103029012680054, ""system_utility"": 0.05950438976287842}, ""adapter_2"": {""feasible_both"": true, ""fold_a_harm"": -0.08501272648572922, ""fold_a_lcb"": -0.08723698701709509, ""fold_a_query_after"": 4.680288314819336, ""fold_a_utility"": -2.1872873306274414, ""fold_b_harm"": -0.08428597450256348, ""fold_b_lcb"": -0.08655248670373111, ""fold_b_query_after"": 4.781092643737793, ""fold_b_utility"": -2.2534878253936768, ""harm_lcb_max"": -0.08655248670373111, ""harm_mean"": -0.08464935049414635, ""harm_se_mean"": 0.0011456052889116108, ""harm_ucb_max"": -0.08201946230139584, ""local_trainability"": -0.029494047164916992, ""query_after"": 4.7306904792785645, ""query_before"": 4.7011964321136475, ""system_utility"": -2.220387578010559}, ""default"": {""feasible_both"": true, ""fold_a_harm"": -0.0006619002670049667, ""fold_a_lcb"": -0.009488861933350563, ""fold_a_query_after"": 6.761508464813232, ""fold_a_utility"": -4.268507480621338, ""fold_b_harm"": -5.124695599079132e-05, ""fold_b_lcb"": -0.009397457875311375, ""fold_b_query_after"": 6.658517837524414, ""fold_b_utility"": -4.130913019180298, ""harm_lcb_max"": -0.009397457875311375, ""harm_mean"": -0.00035657361149787903, ""harm_se_mean"": 0.00463601341471076, ""harm_ucb_max"": 0.009294963963329793, ""local_trainability"": 0.03358149528503418, ""query_after"": 6.710013151168823, ""query_before"": 6.743594646453857, ""system_utility"": -4.199710249900818}}, ""status"": ""ok"", ""statusquo_loss"": 2.5103029012680054, ""total_memory_budget"": 512}, ""utility_status"": ""ok""}"
74,A2,A,2,adapter_1,reuse,safe_existing_reuse,2.578587770462036,3,True,442368,1949415,0,69404468,797261,19134600,510,52.72969661699608,546237440,0.0,44.9848987380974,5.651260558050126,512,510,2.494087815284729,-1.7993203401565552,0.04612112045288086,-1.845441460609436,False,,"{""best_reuse"": ""adapter_1"", ""best_reuse_utility"": 0.04612112045288086, ""decision"": ""reuse"", ""fresh_advantage"": -1.845441460609436, ""fresh_positive"": false, ""fresh_utility"": -1.7993203401565552, ""full_batch_guards"": {""adapter_1"": {""crossfit_feasible"": true, ""crossfit_utility"": 0.04612112045288086, ""crossfit_utility_positive"": true, ""full_batch_cur_after"": 2.438119411468506, ""full_batch_cur_before"": 2.4940876960754395, ""full_batch_gain"": 0.055968284606933594, ""full_batch_harm"": -0.042396239936351776, ""full_batch_harm_lcb"": -0.050456713009625676, ""full_batch_harm_se"": 0.004112486261874437, ""full_batch_harm_ucb"": -0.03433576686307788, ""full_batch_safe"": true}, ""adapter_2"": {""crossfit_feasible"": true, ""crossfit_utility"": -2.204492926597595, ""crossfit_utility_positive"": false, ""full_batch_cur_after"": 4.683577060699463, ""full_batch_cur_before"": 4.68123722076416, ""full_batch_gain"": -0.0023398399353027344, ""full_batch_harm"": -0.08347804844379425, ""full_batch_harm_lcb"": -0.08579334607813507, ""full_batch_harm_se"": 0.0011812743032351136, ""full_batch_harm_ucb"": -0.08116275080945343, ""full_batch_safe"": true}, ""default"": {""crossfit_feasible"": true, ""crossfit_utility"": -4.11149537563324, ""crossfit_utility_positive"": false, ""full_batch_cur_after"": 6.581663608551025, ""full_batch_cur_before"": 6.639556884765625, ""full_batch_gain"": 0.05789327621459961, ""full_batch_harm"": -0.0018772091716527939, ""full_batch_harm_lcb"": -0.010479344576597214, ""full_batch_harm_se"": 0.004388844594359398, ""full_batch_harm_ucb"": 0.0067249262332916265, ""full_batch_safe"": true}}, ""guarded_best_reuse"": ""adapter_1"", ""num_adapters"": 3, ""pending_after"": false, ""pending_before"": false, ""policy_version"": ""cau_v1"", ""reason"": ""safe_existing_reuse"", ""utility"": {""batch_n"": 16, ""best_reuse"": ""adapter_1"", ""best_reuse_query_after"": 2.447966694831848, ""best_reuse_utility"": 0.04612112045288086, ""budget_blocked_fresh"": false, ""defer_utility"": 0.0, ""fold_a_fresh_utility"": -1.7606010437011719, ""fold_a_query_n"": 8, ""fold_a_support_n"": 8, ""fold_b_fresh_utility"": -1.8380396366119385, ""fold_b_query_n"": 8, ""fold_b_support_n"": 8, ""fresh_advantage"": -1.845441460609436, ""fresh_local_trainability"": 0.06641411781311035, ""fresh_positive"": false, ""fresh_query_after"": 4.293408155441284, ""fresh_query_before"": 4.3598222732543945, ""fresh_utility"": -1.7993203401565552, ""max_adapters"": 8, ""reuse_profiles"": {""adapter_1"": {""feasible_both"": true, ""fold_a_harm"": -0.041802458465099335, ""fold_a_lcb"": -0.04976679999381304, ""fold_a_query_after"": 2.490846872329712, ""fold_a_utility"": 0.04971671104431152, ""fold_b_harm"": -0.040998369455337524, ""fold_b_lcb"": -0.04962314702570438, ""fold_b_query_after"": 2.4050865173339844, ""fold_b_utility"": 0.042525529861450195, ""harm_lcb_max"": -0.04962314702570438, ""harm_mean"": -0.04140041396021843, ""harm_se_mean"": 0.004231918137520552, ""harm_ucb_max"": -0.032373591884970666, ""local_trainability"": 0.04612112045288086, ""query_after"": 2.447966694831848, ""query_before"": 2.494087815284729, ""system_utility"": 0.04612112045288086}, ""adapter_2"": {""feasible_both"": true, ""fold_a_harm"": -0.08447912335395813, ""fold_a_lcb"": -0.08687957211397589, ""fold_a_query_after"": 4.696963310241699, ""fold_a_utility"": -2.156399726867676, ""fold_b_harm"": -0.08478756248950958, ""fold_b_lcb"": -0.08712305078748614, ""fold_b_query_after"": 4.700198173522949, ""fold_b_utility"": -2.2525861263275146, ""harm_lcb_max"": -0.08687957211397589, ""harm_mean"": -0.08463334292173386, ""harm_se_mean"": 0.0012081472086720169, ""harm_ucb_max"": -0.08207867459394037, ""local_trainability"": -0.017343759536743164, ""query_after"": 4.698580741882324, ""query_before"": 4.681236982345581, ""system_utility"": -2.204492926597595}, ""default"": {""feasible_both"": true, ""fold_a_harm"": -0.002367652952671051, ""fold_a_lcb"": -0.010796935576945544, ""fold_a_query_after"": 6.508525848388672, ""fold_a_utility"": -3.9679622650146484, ""fold_b_harm"": -0.0021489690989255905, ""fold_b_lcb"": -0.010796492882072925, ""fold_b_query_after"": 6.702640533447266, ""fold_b_utility"": -4.255028486251831, ""harm_lcb_max"": -0.010796492882072925, ""harm_mean"": -0.0022583110257983208, ""harm_se_mean"": 0.004356328165158629, ""harm_ucb_max"": 0.006498554684221744, ""local_trainability"": 0.03397321701049805, ""query_after"": 6.605583190917969, ""query_before"": 6.639556407928467, ""system_utility"": -4.11149537563324}}, ""status"": ""ok"", ""statusquo_loss"": 2.494087815284729, ""total_memory_budget"": 512}, ""utility_status"": ""ok""}"
75,A2,A,2,adapter_1,reuse,safe_existing_reuse,2.5919973850250244,3,True,442368,1949415,0,69404468,797261,19134600,510,53.693090935004875,546237440,0.0,45.93519850401208,5.651260558050126,512,510,2.4733115434646606,-1.8101555109024048,0.03941154479980469,-1.8495670557022095,False,,"{""best_reuse"": ""adapter_1"", ""best_reuse_utility"": 0.03941154479980469, ""decision"": ""reuse"", ""fresh_advantage"": -1.8495670557022095, ""fresh_positive"": false, ""fresh_utility"": -1.8101555109024048, ""full_batch_guards"": {""adapter_1"": {""crossfit_feasible"": true, ""crossfit_utility"": 0.03941154479980469, ""crossfit_utility_positive"": true, ""full_batch_cur_after"": 2.4249048233032227, ""full_batch_cur_before"": 2.47331166267395, ""full_batch_gain"": 0.04840683937072754, ""full_batch_harm"": -0.04126359149813652, ""full_batch_harm_lcb"": -0.04817805091850459, ""full_batch_harm_se"": 0.0035277854185551405, ""full_batch_harm_ucb"": -0.03434913207776845, ""full_batch_safe"": true}, ""adapter_2"": {""crossfit_feasible"": true, ""crossfit_utility"": -2.2805694341659546, ""crossfit_utility_positive"": false, ""full_batch_cur_after"": 4.739118576049805, ""full_batch_cur_before"": 4.729259490966797, ""full_batch_gain"": -0.009859085083007812, ""full_batch_harm"": -0.08304967731237411, ""full_batch_harm_lcb"": -0.08521564987488091, ""full_batch_harm_se"": 0.0011050880420953035, ""full_batch_harm_ucb"": -0.08088370474986732, ""full_batch_safe"": true}, ""default"": {""crossfit_feasible"": true, ""crossfit_utility"": -4.315790295600891, ""crossfit_utility_positive"": false, ""full_batch_cur_after"": 6.766608238220215, ""full_batch_cur_before"": 6.814654350280762, ""full_batch_gain"": 0.048046112060546875, ""full_batch_harm"": -0.0014129932969808578, ""full_batch_harm_lcb"": -0.009946406334638596, ""full_batch_harm_se"": 0.004353782162070274, ""full_batch_harm_ucb"": 0.00712041974067688, ""full_batch_safe"": true}}, ""guarded_best_reuse"": ""adapter_1"", ""num_adapters"": 3, ""pending_after"": false, ""pending_before"": false, ""policy_version"": ""cau_v1"", ""reason"": ""safe_existing_reuse"", ""utility"": {""batch_n"": 16, ""best_reuse"": ""adapter_1"", ""best_reuse_query_after"": 2.433899998664856, ""best_reuse_utility"": 0.03941154479980469, ""budget_blocked_fresh"": false, ""defer_utility"": 0.0, ""fold_a_fresh_utility"": -1.8280107975006104, ""fold_a_query_n"": 8, ""fold_a_support_n"": 8, ""fold_b_fresh_utility"": -1.7923002243041992, ""fold_b_query_n"": 8, ""fold_b_support_n"": 8, ""fresh_advantage"": -1.8495670557022095, ""fresh_local_trainability"": 0.06435418128967285, ""fresh_positive"": false, ""fresh_query_after"": 4.283467054367065, ""fresh_query_before"": 4.347821235656738, ""fresh_utility"": -1.8101555109024048, ""max_adapters"": 8, ""reuse_profiles"": {""adapter_1"": {""feasible_both"": true, ""fold_a_harm"": -0.04094630479812622, ""fold_a_lcb"": -0.049233085438609124, ""fold_a_query_after"": 2.427440881729126, ""fold_a_utility"": 0.032175540924072266, ""fold_b_harm"": -0.04056508466601372, ""fold_b_lcb"": -0.046602401584386825, ""fold_b_query_after"": 2.440359115600586, ""fold_b_utility"": 0.04664754867553711, ""harm_lcb_max"": -0.046602401584386825, ""harm_mean"": -0.04075569473206997, ""harm_se_mean"": 0.003654106520116329, ""harm_ucb_max"": -0.03265952415764332, ""local_trainability"": 0.03941154479980469, ""query_after"": 2.433899998664856, ""query_before"": 2.4733115434646606, ""system_utility"": 0.03941154479980469}, ""adapter_2"": {""feasible_both"": true, ""fold_a_harm"": -0.08474262803792953, ""fold_a_lcb"": -0.08699674194678664, ""fold_a_query_after"": 4.767094612121582, ""fold_a_utility"": -2.307478189468384, ""fold_b_harm"": -0.08431420475244522, ""fold_b_lcb"": -0.08656499279662967, ""fold_b_query_after"": 4.740667343139648, ""fold_b_utility"": -2.2536606788635254, ""harm_lcb_max"": -0.08656499279662967, ""harm_mean"": -0.08452841639518738, ""harm_se_mean"": 0.0011492096818983555, ""harm_ucb_max"": -0.08206341670826077, ""local_trainability"": -0.024621248245239258, ""query_after"": 4.753880977630615, ""query_before"": 4.729259729385376, ""system_utility"": -2.2805694341659546}, ""default"": {""feasible_both"": true, ""fold_a_harm"": -0.0012167319655418396, ""fold_a_lcb"": -0.009954527784138918, ""fold_a_query_after"": 6.753739833831787, ""fold_a_utility"": -4.294123411178589, ""fold_b_harm"": -0.0018857773393392563, ""fold_b_lcb"": -0.010252165161073207, ""fold_b_query_after"": 6.824463844299316, ""fold_b_utility"": -4.337457180023193, ""harm_lcb_max"": -0.009954527784138918, ""harm_mean"": -0.001551254652440548, ""harm_se_mean"": 0.004363312153145671, ""harm_ucb_max"": 0.007521063853055239, ""local_trainability"": 0.02555251121520996, ""query_after"": 6.789101839065552, ""query_before"": 6.814654350280762, ""system_utility"": -4.315790295600891}}, ""status"": ""ok"", ""statusquo_loss"": 2.4733115434646606, ""total_memory_budget"": 512}, ""utility_status"": ""ok""}"
76,A2,A,2,adapter_1,reuse,safe_existing_reuse,2.546583652496338,3,True,442368,1949415,0,69404468,797261,19134600,510,54.65418335003778,546237440,0.0,46.88769823103212,5.651260558050126,512,510,2.50443959236145,-1.8090121746063232,0.03609919548034668,-1.84511137008667,False,,"{""best_reuse"": ""adapter_1"", ""best_reuse_utility"": 0.03609919548034668, ""decision"": ""reuse"", ""fresh_advantage"": -1.84511137008667, ""fresh_positive"": false, ""fresh_utility"": -1.8090121746063232, ""full_batch_guards"": {""adapter_1"": {""crossfit_feasible"": true, ""crossfit_utility"": 0.03609919548034668, ""crossfit_utility_positive"": true, ""full_batch_cur_after"": 2.4499549865722656, ""full_batch_cur_before"": 2.504439353942871, ""full_batch_gain"": 0.05448436737060547, ""full_batch_harm"": -0.038509439677000046, ""full_batch_harm_lcb"": -0.05141609642654657, ""full_batch_harm_se"": 0.006585028953850269, ""full_batch_harm_ucb"": -0.025602782927453518, ""full_batch_safe"": true}, ""adapter_2"": {""crossfit_feasible"": true, ""crossfit_utility"": -2.278611421585083, ""crossfit_utility_positive"": false, ""full_batch_cur_after"": 4.757648468017578, ""full_batch_cur_before"": 4.7479071617126465, ""full_batch_gain"": -0.00974130630493164, ""full_batch_harm"": -0.08200305700302124, ""full_batch_harm_lcb"": -0.08426912243943661, ""full_batch_harm_se"": 0.0011561558349058032, ""full_batch_harm_ucb"": -0.07973699156660587, ""full_batch_safe"": true}, ""default"": {""crossfit_feasible"": true, ""crossfit_utility"": -4.106090068817139, ""crossfit_utility_positive"": false, ""full_batch_cur_after"": 6.571933269500732, ""full_batch_cur_before"": 6.633768558502197, ""full_batch_gain"": 0.061835289001464844, ""full_batch_harm"": -0.0015055369585752487, ""full_batch_harm_lcb"": -0.010119440667331218, ""full_batch_harm_se"": 0.004394848830997944, ""full_batch_harm_ucb"": 0.007108366750180721, ""full_batch_safe"": true}}, ""guarded_best_reuse"": ""adapter_1"", ""num_adapters"": 3, ""pending_after"": false, ""pending_before"": false, ""policy_version"": ""cau_v1"", ""reason"": ""safe_existing_reuse"", ""utility"": {""batch_n"": 16, ""best_reuse"": ""adapter_1"", ""best_reuse_query_after"": 2.4683403968811035, ""best_reuse_utility"": 0.03609919548034668, ""budget_blocked_fresh"": false, ""defer_utility"": 0.0, ""fold_a_fresh_utility"": -1.7185359001159668, ""fold_a_query_n"": 8, ""fold_a_support_n"": 8, ""fold_b_fresh_utility"": -1.8994884490966797, ""fold_b_query_n"": 8, ""fold_b_support_n"": 8, ""fresh_advantage"": -1.84511137008667, ""fresh_local_trainability"": 0.040986061096191406, ""fresh_positive"": false, ""fresh_query_after"": 4.313451766967773, ""fresh_query_before"": 4.354437828063965, ""fresh_utility"": -1.8090121746063232, ""max_adapters"": 8, ""reuse_profiles"": {""adapter_1"": {""feasible_both"": true, ""fold_a_harm"": -0.03431340306997299, ""fold_a_lcb"": -0.04717412291094661, ""fold_a_query_after"": 2.553447723388672, ""fold_a_utility"": 0.03577375411987305, ""fold_b_harm"": -0.03620842099189758, ""fold_b_lcb"": -0.04892264671623707, ""fold_b_query_after"": 2.383233070373535, ""fold_b_utility"": 0.03642463684082031, ""harm_lcb_max"": -0.04717412291094661, ""harm_mean"": -0.03526091203093529, ""harm_se_mean"": 0.006524220807477832, ""harm_ucb_max"": -0.021452683228999375, ""local_trainability"": 0.03609919548034668, ""query_after"": 2.4683403968811035, ""query_before"": 2.50443959236145, ""system_utility"": 0.03609919548034668}, ""adapter_2"": {""feasible_both"": true, ""fold_a_harm"": -0.08279064297676086, ""fold_a_lcb"": -0.08489142644684762, ""fold_a_query_after"": 4.800653457641602, ""fold_a_utility"": -2.2114319801330566, ""fold_b_harm"": -0.08425001800060272, ""fold_b_lcb"": -0.08650838393252343, ""fold_b_query_after"": 4.765448570251465, ""fold_b_utility"": -2.3457908630371094, ""harm_lcb_max"": -0.08489142644684762, ""harm_mean"": -0.0835203304886818, ""harm_se_mean"": 0.0011120279086753726, ""harm_ucb_max"": -0.08068985950667411, ""local_trainability"": -0.03514385223388672, ""query_after"": 4.783051013946533, ""query_before"": 4.7479071617126465, ""system_utility"": -2.278611421585083}, ""default"": {""feasible_both"": true, ""fold_a_harm"": -0.0018057134002447128, ""fold_a_lcb"": -0.01037126338109374, ""fold_a_query_after"": 6.493269443511963, ""fold_a_utility"": -3.904047966003418, ""fold_b_harm"": -0.0018923357129096985, ""fold_b_lcb"": -0.010653851591050624, ""fold_b_query_after"": 6.727789878845215, ""fold_b_utility"": -4.308132171630859, ""harm_lcb_max"": -0.01037126338109374, ""harm_mean"": -0.0018490245565772057, ""harm_se_mean"": 0.004420169861987233, ""harm_ucb_max"": 0.006869180165231227, ""local_trainability"": 0.0232393741607666, ""query_after"": 6.610529661178589, ""query_before"": 6.6337690353393555, ""system_utility"": -4.106090068817139}}, ""status"": ""ok"", ""statusquo_loss"": 2.50443959236145, ""total_memory_budget"": 512}, ""utility_status"": ""ok""}"
77,A2,A,2,adapter_1,reuse,safe_existing_reuse,2.4909470081329346,3,True,442368,1949415,0,69404468,797261,19134600,510,55.6122910019476,546237440,0.0,47.83698385907337,5.651260558050126,512,510,2.425416350364685,-1.8575183153152466,0.022792458534240723,-1.8803107738494873,False,,"{""best_reuse"": ""adapter_1"", ""best_reuse_utility"": 0.022792458534240723, ""decision"": ""reuse"", ""fresh_advantage"": -1.8803107738494873, ""fresh_positive"": false, ""fresh_utility"": -1.8575183153152466, ""full_batch_guards"": {""adapter_1"": {""crossfit_feasible"": true, ""crossfit_utility"": 0.022792458534240723, ""crossfit_utility_positive"": true, ""full_batch_cur_after"": 2.3801932334899902, ""full_batch_cur_before"": 2.4254164695739746, ""full_batch_gain"": 0.045223236083984375, ""full_batch_harm"": -0.025070706382393837, ""full_batch_harm_lcb"": -0.03767646273598075, ""full_batch_harm_se"": 0.006431508343666792, ""full_batch_harm_ucb"": -0.012464950028806925, ""full_batch_safe"": true}, ""adapter_2"": {""crossfit_feasible"": true, ""crossfit_utility"": -2.364421248435974, ""crossfit_utility_positive"": false, ""full_batch_cur_after"": 4.766796112060547, ""full_batch_cur_before"": 4.755897521972656, ""full_batch_gain"": -0.010898590087890625, ""full_batch_harm"": -0.08319413661956787, ""full_batch_harm_lcb"": -0.08537891163490713, ""full_batch_harm_se"": 0.0011146811302751303, ""full_batch_harm_ucb"": -0.08100936160422861, ""full_batch_safe"": true}, ""default"": {""crossfit_feasible"": true, ""crossfit_utility"": -4.010659337043762, ""crossfit_utility_positive"": false, ""full_batch_cur_after"": 6.389475345611572, ""full_batch_cur_before"": 6.466290473937988, ""full_batch_gain"": 0.07681512832641602, ""full_batch_harm"": -0.001108398661017418, ""full_batch_harm_lcb"": -0.009781818371266127, ""full_batch_harm_se"": 0.004425214137881994, ""full_batch_harm_ucb"": 0.007565021049231291, ""full_batch_safe"": true}}, ""guarded_best_reuse"": ""adapter_1"", ""num_adapters"": 3, ""pending_after"": false, ""pending_before"": false, ""policy_version"": ""cau_v1"", ""reason"": ""safe_existing_reuse"", ""utility"": {""batch_n"": 16, ""best_reuse"": ""adapter_1"", ""best_reuse_query_after"": 2.4026238918304443, ""best_reuse_utility"": 0.022792458534240723, ""budget_blocked_fresh"": false, ""defer_utility"": 0.0, ""fold_a_fresh_utility"": -1.925088882446289, ""fold_a_query_n"": 8, ""fold_a_support_n"": 8, ""fold_b_fresh_utility"": -1.789947748184204, ""fold_b_query_n"": 8, ""fold_b_support_n"": 8, ""fresh_advantage"": -1.8803107738494873, ""fresh_local_trainability"": 0.052890777587890625, ""fresh_positive"": false, ""fresh_query_after"": 4.282934665679932, ""fresh_query_before"": 4.335825443267822, ""fresh_utility"": -1.8575183153152466, ""max_adapters"": 8, ""reuse_profiles"": {""adapter_1"": {""feasible_both"": true, ""fold_a_harm"": -0.02703295648097992, ""fold_a_lcb"": -0.04001793898642063, ""fold_a_query_after"": 2.334357261657715, ""fold_a_utility"": 0.023630142211914062, ""fold_b_harm"": -0.023647481575608253, ""fold_b_lcb"": -0.035808503925800324, ""fold_b_query_after"": 2.470890522003174, ""fold_b_utility"": 0.021954774856567383, ""harm_lcb_max"": -0.035808503925800324, ""harm_mean"": -0.025340219028294086, ""harm_se_mean"": 0.006414797157049179, ""harm_ucb_max"": -0.011486459225416183, ""local_trainability"": 0.022792458534240723, ""query_after"": 2.4026238918304443, ""query_before"": 2.425416350364685, ""system_utility"": 0.022792458534240723}, ""adapter_2"": {""feasible_both"": true, ""fold_a_harm"": -0.08497020602226257, ""fold_a_lcb"": -0.0871803795453161, ""fold_a_query_after"": 4.765570163726807, ""fold_a_utility"": -2.4075827598571777, ""fold_b_harm"": -0.08327628672122955, ""fold_b_lcb"": -0.08541670744307339, ""fold_b_query_after"": 4.814105033874512, ""fold_b_utility"": -2.3212597370147705, ""harm_lcb_max"": -0.08541670744307339, ""harm_mean"": -0.08412324637174606, ""harm_se_mean"": 0.001109845470637083, ""harm_ucb_max"": -0.08113586599938571, ""local_trainability"": -0.03393983840942383, ""query_after"": 4.789837598800659, ""query_before"": 4.755897760391235, ""system_utility"": -2.364421248435974}, ""default"": {""feasible_both"": true, ""fold_a_harm"": -0.0018445644527673721, ""fold_a_lcb"": -0.010462042279541492, ""fold_a_query_after"": 6.701756000518799, ""fold_a_utility"": -4.34376859664917, ""fold_b_harm"": -0.0022559668868780136, ""fold_b_lcb"": -0.010515016168355942, ""fold_b_query_after"": 6.170395374298096, ""fold_b_utility"": -3.6775500774383545, ""harm_lcb_max"": -0.010462042279541492, ""harm_mean"": -0.002050265669822693, ""harm_se_mean"": 0.004305236507207155, ""harm_ucb_max"": 0.006772913374006748, ""local_trainability"": 0.030215024948120117, ""query_after"": 6.436075687408447, ""query_before"": 6.466290712356567, ""system_utility"": -4.010659337043762}}, ""status"": ""ok"", ""statusquo_loss"": 2.425416350364685, ""total_memory_budget"": 512}, ""utility_status"": ""ok""}"
78,A2,A,2,adapter_1,reuse,safe_existing_reuse,2.380413055419922,3,True,442368,1949415,0,69404468,797261,19134600,510,56.64119602297433,546237440,0.0,48.85599161614664,5.651260558050126,512,510,2.3294179439544678,-1.94576096534729,0.016049861907958984,-1.961810827255249,False,,"{""best_reuse"": ""adapter_1"", ""best_reuse_utility"": 0.016049861907958984, ""decision"": ""reuse"", ""fresh_advantage"": -1.961810827255249, ""fresh_positive"": false, ""fresh_utility"": -1.94576096534729, ""full_batch_guards"": {""adapter_1"": {""crossfit_feasible"": true, ""crossfit_utility"": 0.016049861907958984, ""crossfit_utility_positive"": true, ""full_batch_cur_after"": 2.293489456176758, ""full_batch_cur_before"": 2.329418182373047, ""full_batch_gain"": 0.03592872619628906, ""full_batch_harm"": -0.033427365124225616, ""full_batch_harm_lcb"": -0.04330551816150546, ""full_batch_harm_se"": 0.0050398739986121655, ""full_batch_harm_ucb"": -0.02354921208694577, ""full_batch_safe"": true}, ""adapter_2"": {""crossfit_feasible"": true, ""crossfit_utility"": -2.319979429244995, ""crossfit_utility_positive"": false, ""full_batch_cur_after"": 4.625738143920898, ""full_batch_cur_before"": 4.61832332611084, ""full_batch_gain"": -0.007414817810058594, ""full_batch_harm"": -0.08342637121677399, ""full_batch_harm_lcb"": -0.08576058037113399, ""full_batch_harm_se"": 0.0011909230379387736, ""full_batch_harm_ucb"": -0.08109216206241399, ""full_batch_safe"": true}, ""default"": {""crossfit_feasible"": true, ""crossfit_utility"": -4.343194007873535, ""crossfit_utility_positive"": false, ""full_batch_cur_after"": 6.633700370788574, ""full_batch_cur_before"": 6.668121337890625, ""full_batch_gain"": 0.03442096710205078, ""full_batch_harm"": -0.0016170497983694077, ""full_batch_harm_lcb"": -0.01039387159049511, ""full_batch_harm_se"": 0.00447797030210495, ""full_batch_harm_ucb"": 0.007159771993756295, ""full_batch_safe"": true}}, ""guarded_best_reuse"": ""adapter_1"", ""num_adapters"": 3, ""pending_after"": false, ""pending_before"": false, ""policy_version"": ""cau_v1"", ""reason"": ""safe_existing_reuse"", ""utility"": {""batch_n"": 16, ""best_reuse"": ""adapter_1"", ""best_reuse_query_after"": 2.313368082046509, ""best_reuse_utility"": 0.016049861907958984, ""budget_blocked_fresh"": false, ""defer_utility"": 0.0, ""fold_a_fresh_utility"": -1.973970651626587, ""fold_a_query_n"": 8, ""fold_a_support_n"": 8, ""fold_b_fresh_utility"": -1.9175512790679932, ""fold_b_query_n"": 8, ""fold_b_support_n"": 8, ""fresh_advantage"": -1.961810827255249, ""fresh_local_trainability"": 0.04319000244140625, ""fresh_positive"": false, ""fresh_query_after"": 4.275178909301758, ""fresh_query_before"": 4.318368911743164, ""fresh_utility"": -1.94576096534729, ""max_adapters"": 8, ""reuse_profiles"": {""adapter_1"": {""feasible_both"": true, ""fold_a_harm"": -0.03320280835032463, ""fold_a_lcb"": -0.04235818546265364, ""fold_a_query_after"": 2.266629695892334, ""fold_a_utility"": 0.015424966812133789, ""fold_b_harm"": -0.03401309996843338, ""fold_b_lcb"": -0.044032115787267685, ""fold_b_query_after"": 2.3601064682006836, ""fold_b_utility"": 0.01667475700378418, ""harm_lcb_max"": -0.04235818546265364, ""harm_mean"": -0.033607954159379005, ""harm_se_mean"": 0.004891426768153906, ""harm_ucb_max"": -0.023994084149599075, ""local_trainability"": 0.016049861907958984, ""query_after"": 2.313368082046509, ""query_before"": 2.3294179439544678, ""system_utility"": 0.016049861907958984}, ""adapter_2"": {""feasible_both"": true, ""fold_a_harm"": -0.08395098149776459, ""fold_a_lcb"": -0.08625865401234478, ""fold_a_query_after"": 4.62290096282959, ""fold_a_utility"": -2.340846300125122, ""fold_b_harm"": -0.08552710711956024, ""fold_b_lcb"": -0.08790225480217487, ""fold_b_query_after"": 4.675893783569336, ""fold_b_utility"": -2.299112558364868, ""harm_lcb_max"": -0.08625865401234478, ""harm_mean"": -0.08473904430866241, ""harm_se_mean"": 0.0011945969890803099, ""harm_ucb_max"": -0.08164330898318439, ""local_trainability"": -0.031074047088623047, ""query_after"": 4.649397373199463, ""query_before"": 4.61832332611084, ""system_utility"": -2.319979429244995}, ""default"": {""feasible_both"": true, ""fold_a_harm"": -0.0021248869597911835, ""fold_a_lcb"": -0.010741031337529421, ""fold_a_query_after"": 6.469267845153809, ""fold_a_utility"": -4.187213182449341, ""fold_b_harm"": -0.0023485571146011353, ""fold_b_lcb"": -0.010950604900717736, ""fold_b_query_after"": 6.875956058502197, ""fold_b_utility"": -4.4991748332977295, ""harm_lcb_max"": -0.010741031337529421, ""harm_mean"": -0.0022367220371961594, ""harm_se_mean"": 0.00439239596016705, ""harm_ucb_max"": 0.006491257417947054, ""local_trainability"": -0.004490852355957031, ""query_after"": 6.672611951828003, ""query_before"": 6.668121099472046, ""system_utility"": -4.343194007873535}}, ""status"": ""ok"", ""statusquo_loss"": 2.3294179439544678, ""total_memory_budget"": 512}, ""utility_status"": ""ok""}"
79,A2,A,2,adapter_1,reuse,safe_existing_reuse,2.4838008880615234,3,True,442368,1949415,0,69404468,797261,19134600,510,57.604064085986465,546237440,0.0,49.80838667997159,5.651260558050126,512,510,2.35412859916687,-1.9509670734405518,0.01612567901611328,-1.967092752456665,False,,"{""best_reuse"": ""adapter_1"", ""best_reuse_utility"": 0.01612567901611328, ""decision"": ""reuse"", ""fresh_advantage"": -1.967092752456665, ""fresh_positive"": false, ""fresh_utility"": -1.9509670734405518, ""full_batch_guards"": {""adapter_1"": {""crossfit_feasible"": true, ""crossfit_utility"": 0.01612567901611328, ""crossfit_utility_positive"": true, ""full_batch_cur_after"": 2.306356906890869, ""full_batch_cur_before"": 2.354128360748291, ""full_batch_gain"": 0.047771453857421875, ""full_batch_harm"": -0.01505226269364357, ""full_batch_harm_lcb"": -0.029885027706623078, ""full_batch_harm_se"": 0.007567737251520157, ""full_batch_harm_ucb"": -0.00021949768066406236, ""full_batch_safe"": true}, ""adapter_2"": {""crossfit_feasible"": true, ""crossfit_utility"": -2.48856782913208, ""crossfit_utility_positive"": false, ""full_batch_cur_after"": 4.803638458251953, ""full_batch_cur_before"": 4.7889404296875, ""full_batch_gain"": -0.014698028564453125, ""full_batch_harm"": -0.0818144679069519, ""full_batch_harm_lcb"": -0.08406518772710114, ""full_batch_harm_se"": 0.0011483264388516545, ""full_batch_harm_ucb"": -0.07956374808680267, ""full_batch_safe"": true}, ""default"": {""crossfit_feasible"": true, ""crossfit_utility"": -4.1230628490448, ""crossfit_utility_positive"": false, ""full_batch_cur_after"": 6.413642406463623, ""full_batch_cur_before"": 6.481349468231201, ""full_batch_gain"": 0.06770706176757812, ""full_batch_harm"": -0.0014892853796482086, ""full_batch_harm_lcb"": -0.010009146705269813, ""full_batch_harm_se"": 0.004346868023276329, ""full_batch_harm_ucb"": 0.007030575945973396, ""full_batch_safe"": true}}, ""guarded_best_reuse"": ""adapter_1"", ""num_adapters"": 3, ""pending_after"": false, ""pending_before"": false, ""policy_version"": ""cau_v1"", ""reason"": ""safe_existing_reuse"", ""utility"": {""batch_n"": 16, ""best_reuse"": ""adapter_1"", ""best_reuse_query_after"": 2.338002920150757, ""best_reuse_utility"": 0.01612567901611328, ""budget_blocked_fresh"": false, ""defer_utility"": 0.0, ""fold_a_fresh_utility"": -1.943617820739746, ""fold_a_query_n"": 8, ""fold_a_support_n"": 8, ""fold_b_fresh_utility"": -1.9583163261413574, ""fold_b_query_n"": 8, ""fold_b_support_n"": 8, ""fresh_advantage"": -1.967092752456665, ""fresh_local_trainability"": 0.018120288848876953, ""fresh_positive"": false, ""fresh_query_after"": 4.305095672607422, ""fresh_query_before"": 4.323215961456299, ""fresh_utility"": -1.9509670734405518, ""max_adapters"": 8, ""reuse_profiles"": {""adapter_1"": {""feasible_both"": true, ""fold_a_harm"": -0.015639912337064743, ""fold_a_lcb"": -0.03146384160965681, ""fold_a_query_after"": 2.3251395225524902, ""fold_a_utility"": 0.0062618255615234375, ""fold_b_harm"": -0.012541607022285461, ""fold_b_lcb"": -0.025834982246160508, ""fold_b_query_after"": 2.3508663177490234, ""fold_b_utility"": 0.025989532470703125, ""harm_lcb_max"": -0.025834982246160508, ""harm_mean"": -0.014090759679675102, ""harm_se_mean"": 0.007427883800119162, ""harm_ucb_max"": 0.0007517682015895834, ""local_trainability"": 0.01612567901611328, ""query_after"": 2.338002920150757, ""query_before"": 2.35412859916687, ""system_utility"": 0.01612567901611328}, ""adapter_2"": {""feasible_both"": true, ""fold_a_harm"": -0.08307814598083496, ""fold_a_lcb"": -0.08524617461953313, ""fold_a_query_after"": 4.844913005828857, ""fold_a_utility"": -2.5135116577148438, ""fold_b_harm"": -0.0854065790772438, ""fold_b_lcb"": -0.0876374662388116, ""fold_b_query_after"": 4.840479850769043, ""fold_b_utility"": -2.4636240005493164, ""harm_lcb_max"": -0.08524617461953313, ""harm_mean"": -0.08424236252903938, ""harm_se_mean"": 0.0011221723980270326, ""harm_ucb_max"": -0.0809101173421368, ""local_trainability"": -0.0537562370300293, ""query_after"": 4.84269642829895, ""query_before"": 4.788940191268921, ""system_utility"": -2.48856782913208}, ""default"": {""feasible_both"": true, ""fold_a_harm"": -0.0019915644079446793, ""fold_a_lcb"": -0.010195233114063739, ""fold_a_query_after"": 6.280027866363525, ""fold_a_utility"": -3.9486265182495117, ""fold_b_harm"": -0.00263371504843235, ""fold_b_lcb"": -0.011343960221856832, ""fold_b_query_after"": 6.6743550300598145, ""fold_b_utility"": -4.297499179840088, ""harm_lcb_max"": -0.010195233114063739, ""harm_mean"": -0.0023126397281885147, ""harm_se_mean"": 0.004314773948863149, ""harm_ucb_max"": 0.0062121042981743806, ""local_trainability"": 0.00415802001953125, ""query_after"": 6.47719144821167, ""query_before"": 6.481349468231201, ""system_utility"": -4.1230628490448}}, ""status"": ""ok"", ""statusquo_loss"": 2.35412859916687, ""total_memory_budget"": 512}, ""utility_status"": ""ok""}"
80,A2,A,2,adapter_1,reuse,safe_existing_reuse,2.2670068740844727,3,True,442368,1949415,0,69404468,797261,19134600,510,58.5729357060045,546237440,0.0,50.76845969608985,5.651260558050126,512,510,2.306454200011033,-1.9801088296450102,0.01249399551978478,-1.992602825164795,False,,"{""best_reuse"": ""adapter_1"", ""best_reuse_utility"": 0.01249399551978478, ""decision"": ""reuse"", ""fresh_advantage"": -1.992602825164795, ""fresh_positive"": false, ""fresh_utility"": -1.9801088296450102, ""full_batch_guards"": {""adapter_1"": {""crossfit_feasible"": true, ""crossfit_utility"": 0.01249399551978478, ""crossfit_utility_positive"": true, ""full_batch_cur_after"": 2.270007371902466, ""full_batch_cur_before"": 2.3064541816711426, ""full_batch_gain"": 0.03644680976867676, ""full_batch_harm"": -0.02294766530394554, ""full_batch_harm_lcb"": -0.03727599777281285, ""full_batch_harm_se"": 0.007310373708605766, ""full_batch_harm_ucb"": -0.00861933283507824, ""full_batch_safe"": true}, ""adapter_2"": {""crossfit_feasible"": true, ""crossfit_utility"": -2.4265443545121412, ""crossfit_utility_positive"": false, ""full_batch_cur_after"": 4.705440044403076, ""full_batch_cur_before"": 4.692699432373047, ""full_batch_gain"": -0.012740612030029297, ""full_batch_harm"": -0.08253096044063568, ""full_batch_harm_lcb"": -0.08473346845712512, ""full_batch_harm_se"": 0.0011237285798415542, ""full_batch_harm_ucb"": -0.08032845242414624, ""full_batch_safe"": true}, ""default"": {""crossfit_feasible"": true, ""crossfit_utility"": -4.382242331138024, ""crossfit_utility_positive"": false, ""full_batch_cur_after"": 6.642502784729004, ""full_batch_cur_before"": 6.68361234664917, ""full_batch_gain"": 0.041109561920166016, ""full_batch_harm"": -0.0018513649702072144, ""full_batch_harm_lcb"": -0.010471019577234984, ""full_batch_harm_se"": 0.00439778296276927, ""full_batch_harm_ucb"": 0.006768289636820555, ""full_batch_safe"": true}}, ""guarded_best_reuse"": ""adapter_1"", ""num_adapters"": 3, ""pending_after"": false, ""pending_before"": false, ""policy_version"": ""cau_v1"", ""reason"": ""safe_existing_reuse"", ""utility"": {""batch_n"": 13, ""best_reuse"": ""adapter_1"", ""best_reuse_query_after"": 2.2939602044912486, ""best_reuse_utility"": 0.01249399551978478, ""budget_blocked_fresh"": false, ""defer_utility"": 0.0, ""fold_a_fresh_utility"": -1.9279851913452148, ""fold_a_query_n"": 6, ""fold_a_support_n"": 7, ""fold_b_fresh_utility"": -2.0247862339019775, ""fold_b_query_n"": 7, ""fold_b_support_n"": 6, ""fresh_advantage"": -1.992602825164795, ""fresh_local_trainability"": 0.03365549674400917, ""fresh_positive"": false, ""fresh_query_after"": 4.286563029656043, ""fresh_query_before"": 4.320218526400053, ""fresh_utility"": -1.9801088296450102, ""max_adapters"": 8, ""reuse_profiles"": {""adapter_1"": {""feasible_both"": true, ""fold_a_harm"": -0.019022289663553238, ""fold_a_lcb"": -0.034172792490571736, ""fold_a_query_after"": 2.349407196044922, ""fold_a_utility"": 0.0024466514587402344, ""fold_b_harm"": -0.024853110313415527, ""fold_b_lcb"": -0.03909883556887507, ""fold_b_query_after"": 2.246434211730957, ""fold_b_utility"": 0.02110600471496582, ""harm_lcb_max"": -0.034172792490571736, ""harm_mean"": -0.021937699988484383, ""harm_se_mean"": 0.007499037776142359, ""harm_ucb_max"": -0.0038717868365347394, ""local_trainability"": 0.01249399551978478, ""query_after"": 2.2939602044912486, ""query_before"": 2.306454200011033, ""system_utility"": 0.01249399551978478}, ""adapter_2"": {""feasible_both"": true, ""fold_a_harm"": -0.08484384417533875, ""fold_a_lcb"": -0.0871257373597473, ""fold_a_query_after"": 4.75633430480957, ""fold_a_utility"": -2.404480457305908, ""fold_b_harm"": -0.08279860019683838, ""fold_b_lcb"": -0.08501065889373421, ""fold_b_query_after"": 4.712996482849121, ""fold_b_utility"": -2.4454562664031982, ""harm_lcb_max"": -0.08501065889373421, ""harm_mean"": -0.08382122218608856, ""harm_se_mean"": 0.0011464162962511182, ""harm_ucb_max"": -0.08058654149994254, ""local_trainability"": -0.04029930554903471, ""query_after"": 4.732998554523174, ""query_before"": 4.69269924897414, ""system_utility"": -2.4265443545121412}, ""default"": {""feasible_both"": true, ""fold_a_harm"": -0.0023869983851909637, ""fold_a_lcb"": -0.011181753743439913, ""fold_a_query_after"": 6.561368465423584, ""fold_a_utility"": -4.209514617919922, ""fold_b_harm"": -0.002038119360804558, ""fold_b_lcb"": -0.01072199948132038, ""fold_b_query_after"": 6.797834873199463, ""fold_b_utility"": -4.53029465675354, ""harm_lcb_max"": -0.01072199948132038, ""harm_mean"": -0.0022125588729977608, ""harm_se_mean"": 0.004458835581317544, ""harm_ucb_max"": 0.006645760759711265, ""local_trainability"": -0.005085028134859526, ""query_after"": 6.688696531149057, ""query_before"": 6.683611503014197, ""system_utility"": -4.382242331138024}}, ""status"": ""ok"", ""statusquo_loss"": 2.306454200011033, ""total_memory_budget"": 512}, ""utility_status"": ""ok""}"
