step,segment,concept,occurrence,adapter,decision,reason,loss,num_adapters,train_executed,lora_parameters,private_head_parameters,unwrapped_shared_head_parameters,total_unique_parameters,currently_trainable_parameters,optimizer_state_bytes,replay_items,elapsed_seconds,gpu_peak_allocated_bytes,component_audit_seconds,live_training_seconds,evaluation_seconds,memory_budget,allocated_memory_slots,statusquo_loss,fresh_utility,best_reuse_utility,fresh_advantage,fresh_positive,fresh_feasible_both,info
1,A1,A,1,default,warmup,existing_warmup,0.7069555521011353,1,True,147456,592130,0,67694596,592130,4737056,16,11.44006388192065,306932736,0.0,0.35545312194153666,0.0,512,512,,,,,,,"{""best_reuse"": null, ""best_reuse_utility"": null, ""decision"": ""warmup"", ""fresh_positive"": null, ""fresh_utility"": null, ""full_batch_guards"": {}, ""guarded_best_reuse"": null, ""num_adapters"": 1, ""pending_after"": false, ""pending_before"": false, ""policy_version"": ""cau_v1"", ""reason"": ""existing_warmup"", ""utility_status"": ""warmup""}"
2,A1,A,1,default,warmup,existing_warmup,0.6852761507034302,1,True,147456,592130,0,67694596,592130,4737056,32,11.460022937040776,328452608,0.0,0.37101408187299967,0.0,512,512,,,,,,,"{""best_reuse"": null, ""best_reuse_utility"": null, ""decision"": ""warmup"", ""fresh_positive"": null, ""fresh_utility"": null, ""full_batch_guards"": {}, ""guarded_best_reuse"": null, ""num_adapters"": 1, ""pending_after"": false, ""pending_before"": false, ""policy_version"": ""cau_v1"", ""reason"": ""existing_warmup"", ""utility_status"": ""warmup""}"
3,A1,A,1,default,warmup,existing_warmup,0.7253506779670715,1,True,147456,592130,0,67694596,592130,4737056,48,11.47673960099928,328452608,0.0,0.38477701181545854,0.0,512,512,,,,,,,"{""best_reuse"": null, ""best_reuse_utility"": null, ""decision"": ""warmup"", ""fresh_positive"": null, ""fresh_utility"": null, ""full_batch_guards"": {}, ""guarded_best_reuse"": null, ""num_adapters"": 1, ""pending_after"": false, ""pending_before"": false, ""policy_version"": ""cau_v1"", ""reason"": ""existing_warmup"", ""utility_status"": ""warmup""}"
4,A1,A,1,default,warmup,existing_warmup,0.7337979078292847,1,True,147456,592130,0,67694596,592130,4737056,64,11.497300543123856,328452608,0.0,0.4024111309554428,0.0,512,512,,,,,,,"{""best_reuse"": null, ""best_reuse_utility"": null, ""decision"": ""warmup"", ""fresh_positive"": null, ""fresh_utility"": null, ""full_batch_guards"": {}, ""guarded_best_reuse"": null, ""num_adapters"": 1, ""pending_after"": false, ""pending_before"": false, ""policy_version"": ""cau_v1"", ""reason"": ""existing_warmup"", ""utility_status"": ""warmup""}"
5,A1,A,1,default,reuse,safe_existing_reuse,0.6834092736244202,1,True,147456,592130,0,67694596,592130,4737056,80,11.859986918978393,445846016,0.0,0.7615987278986722,0.0,512,512,0.6949868202209473,0.003787130117416382,0.01878267526626587,-0.014995545148849487,False,,"{""best_reuse"": ""default"", ""best_reuse_utility"": 0.01878267526626587, ""decision"": ""reuse"", ""fresh_advantage"": -0.014995545148849487, ""fresh_positive"": false, ""fresh_utility"": 0.003787130117416382, ""full_batch_guards"": {""default"": {""crossfit_feasible"": true, ""crossfit_utility"": 0.01878267526626587, ""crossfit_utility_positive"": true, ""full_batch_cur_after"": 0.6689140796661377, ""full_batch_cur_before"": 0.6949868202209473, ""full_batch_gain"": 0.02607274055480957, ""full_batch_harm"": -0.010836060158908367, ""full_batch_harm_lcb"": -0.02608627686277032, ""full_batch_harm_se"": 0.0077807228080928326, ""full_batch_harm_ucb"": 0.004414156544953585, ""full_batch_safe"": true}}, ""guarded_best_reuse"": ""default"", ""num_adapters"": 1, ""pending_after"": false, ""pending_before"": false, ""policy_version"": ""cau_v1"", ""reason"": ""safe_existing_reuse"", ""utility"": {""batch_n"": 16, ""best_reuse"": ""default"", ""best_reuse_query_after"": 0.6762041449546814, ""best_reuse_utility"": 0.01878267526626587, ""budget_blocked_fresh"": false, ""defer_utility"": 0.0, ""fold_a_fresh_utility"": 0.027313649654388428, ""fold_a_query_n"": 8, ""fold_a_support_n"": 8, ""fold_b_fresh_utility"": -0.019739389419555664, ""fold_b_query_n"": 8, ""fold_b_support_n"": 8, ""fresh_advantage"": -0.014995545148849487, ""fresh_local_trainability"": 0.0013613700866699219, ""fresh_positive"": false, ""fresh_query_after"": 0.6911996901035309, ""fresh_query_before"": 0.6925610601902008, ""fresh_utility"": 0.003787130117416382, ""max_adapters"": 8, ""reuse_profiles"": {""default"": {""feasible_both"": true, ""fold_a_harm"": -0.009530218318104744, ""fold_a_lcb"": -0.02037176774814725, ""fold_a_query_after"": 0.684523344039917, ""fold_a_utility"": 0.028532445430755615, ""fold_b_harm"": -0.010567805729806423, ""fold_b_lcb"": -0.026309712827205657, ""fold_b_query_after"": 0.6678849458694458, ""fold_b_utility"": 0.009032905101776123, ""harm_lcb_max"": -0.02037176774814725, ""harm_mean"": -0.010049012023955584, ""harm_se_mean"": 0.006781494012102485, ""harm_ucb_max"": 0.005174101367592811, ""local_trainability"": 0.01878267526626587, ""query_after"": 0.6762041449546814, ""query_before"": 0.6949868202209473, ""system_utility"": 0.01878267526626587}}, ""status"": ""ok"", ""statusquo_loss"": 0.6949868202209473, ""total_memory_budget"": 512}, ""utility_status"": ""ok""}"
6,A1,A,1,default,reuse,safe_existing_reuse,0.6894657015800476,1,True,147456,592130,0,67694596,592130,4737056,96,12.215828591026366,445846016,0.0,1.1140926158986986,0.0,512,512,0.6827614307403564,-0.008599907159805298,0.01783454418182373,-0.02643445134162903,False,,"{""best_reuse"": ""default"", ""best_reuse_utility"": 0.01783454418182373, ""decision"": ""reuse"", ""fresh_advantage"": -0.02643445134162903, ""fresh_positive"": false, ""fresh_utility"": -0.008599907159805298, ""full_batch_guards"": {""default"": {""crossfit_feasible"": true, ""crossfit_utility"": 0.01783454418182373, ""crossfit_utility_positive"": true, ""full_batch_cur_after"": 0.6577373743057251, ""full_batch_cur_before"": 0.6827614307403564, ""full_batch_gain"": 0.025024056434631348, ""full_batch_harm"": -0.0066817812621593475, ""full_batch_harm_lcb"": -0.023888636827468872, ""full_batch_harm_se"": 0.008779007941484451, ""full_batch_harm_ucb"": 0.010525074303150177, ""full_batch_safe"": true}}, ""guarded_best_reuse"": ""default"", ""num_adapters"": 1, ""pending_after"": false, ""pending_before"": false, ""policy_version"": ""cau_v1"", ""reason"": ""safe_existing_reuse"", ""utility"": {""batch_n"": 16, ""best_reuse"": ""default"", ""best_reuse_query_after"": 0.6649268865585327, ""best_reuse_utility"": 0.01783454418182373, ""budget_blocked_fresh"": false, ""defer_utility"": 0.0, ""fold_a_fresh_utility"": -0.019824564456939697, ""fold_a_query_n"": 8, ""fold_a_support_n"": 8, ""fold_b_fresh_utility"": 0.0026247501373291016, ""fold_b_query_n"": 8, ""fold_b_support_n"": 8, ""fresh_advantage"": -0.02643445134162903, ""fresh_local_trainability"": 0.006666511297225952, ""fresh_positive"": false, ""fresh_query_after"": 0.6913613379001617, ""fresh_query_before"": 0.6980278491973877, ""fresh_utility"": -0.008599907159805298, ""max_adapters"": 8, ""reuse_profiles"": {""default"": {""feasible_both"": true, ""fold_a_harm"": -0.006299121305346489, ""fold_a_lcb"": -0.024086780175566674, ""fold_a_query_after"": 0.6752495169639587, ""fold_a_utility"": 0.003360927104949951, ""fold_b_harm"": -0.0067156050354242325, ""fold_b_lcb"": -0.0188145038112998, ""fold_b_query_after"": 0.6546042561531067, ""fold_b_utility"": 0.03230816125869751, ""harm_lcb_max"": -0.0188145038112998, ""harm_mean"": -0.006507363170385361, ""harm_se_mean"": 0.0076241218484938145, ""harm_ucb_max"": 0.011488537564873696, ""local_trainability"": 0.01783454418182373, ""query_after"": 0.6649268865585327, ""query_before"": 0.6827614307403564, ""system_utility"": 0.01783454418182373}}, ""status"": ""ok"", ""statusquo_loss"": 0.6827614307403564, ""total_memory_budget"": 512}, ""utility_status"": ""ok""}"
7,A1,A,1,default,reuse,safe_existing_reuse,0.6763333082199097,1,True,147456,592130,0,67694596,592130,4737056,112,12.575641406001523,445846016,0.0,1.4705531359650195,0.0,512,512,0.677881509065628,-0.014459878206253052,-0.0012393295764923096,-0.013220548629760742,False,,"{""best_reuse"": ""default"", ""best_reuse_utility"": -0.0012393295764923096, ""decision"": ""reuse"", ""fresh_advantage"": -0.013220548629760742, ""fresh_positive"": false, ""fresh_utility"": -0.014459878206253052, ""full_batch_guards"": {""default"": {""crossfit_feasible"": true, ""crossfit_utility"": -0.0012393295764923096, ""crossfit_utility_positive"": false, ""full_batch_cur_after"": 0.6749997138977051, ""full_batch_cur_before"": 0.6778815388679504, ""full_batch_gain"": 0.0028818249702453613, ""full_batch_harm"": -0.002261001616716385, ""full_batch_harm_lcb"": -0.01598164914175868, ""full_batch_harm_se"": 0.0070003303699195385, ""full_batch_harm_ucb"": 0.01145964590832591, ""full_batch_safe"": true}}, ""guarded_best_reuse"": ""default"", ""num_adapters"": 1, ""pending_after"": false, ""pending_before"": false, ""policy_version"": ""cau_v1"", ""reason"": ""safe_existing_reuse"", ""utility"": {""batch_n"": 16, ""best_reuse"": ""default"", ""best_reuse_query_after"": 0.6791208386421204, ""best_reuse_utility"": -0.0012393295764923096, ""budget_blocked_fresh"": false, ""defer_utility"": 0.0, ""fold_a_fresh_utility"": -0.011413872241973877, ""fold_a_query_n"": 8, ""fold_a_support_n"": 8, ""fold_b_fresh_utility"": -0.017505884170532227, ""fold_b_query_n"": 8, ""fold_b_support_n"": 8, ""fresh_advantage"": -0.013220548629760742, ""fresh_local_trainability"": 0.0013498365879058838, ""fresh_positive"": false, ""fresh_query_after"": 0.6923413872718811, ""fresh_query_before"": 0.693691223859787, ""fresh_utility"": -0.014459878206253052, ""max_adapters"": 8, ""reuse_profiles"": {""default"": {""feasible_both"": true, ""fold_a_harm"": -0.0018777996301651, ""fold_a_lcb"": -0.015411102585494519, ""fold_a_query_after"": 0.6869020462036133, ""fold_a_utility"": -0.003124058246612549, ""fold_b_harm"": -0.0022610900923609734, ""fold_b_lcb"": -0.015383029952645302, ""fold_b_query_after"": 0.6713396310806274, ""fold_b_utility"": 0.0006453990936279297, ""harm_lcb_max"": -0.015383029952645302, ""harm_mean"": -0.0020694448612630367, ""harm_se_mean"": 0.0067998068407177925, ""harm_ucb_max"": 0.011655503325164318, ""local_trainability"": -0.0012393295764923096, ""query_after"": 0.6791208386421204, ""query_before"": 0.677881509065628, ""system_utility"": -0.0012393295764923096}}, ""status"": ""ok"", ""statusquo_loss"": 0.677881509065628, ""total_memory_budget"": 512}, ""utility_status"": ""ok""}"
8,A1,A,1,default,reuse,safe_existing_reuse,0.6630675792694092,1,True,147456,592130,0,67694596,592130,4737056,128,12.946895065018907,445846016,0.0,1.838306634919718,0.0,512,512,0.6565476059913635,-0.03526166081428528,0.0020133256912231445,-0.03727498650550842,False,,"{""best_reuse"": ""default"", ""best_reuse_utility"": 0.0020133256912231445, ""decision"": ""reuse"", ""fresh_advantage"": -0.03727498650550842, ""fresh_positive"": false, ""fresh_utility"": -0.03526166081428528, ""full_batch_guards"": {""default"": {""crossfit_feasible"": true, ""crossfit_utility"": 0.0020133256912231445, ""crossfit_utility_positive"": true, ""full_batch_cur_after"": 0.6511615514755249, ""full_batch_cur_before"": 0.6565476059913635, ""full_batch_gain"": 0.005386054515838623, ""full_batch_harm"": -0.005006317049264908, ""full_batch_harm_lcb"": -0.016074393093585968, ""full_batch_harm_se"": 0.005646977573633194, ""full_batch_harm_ucb"": 0.0060617589950561525, ""full_batch_safe"": true}}, ""guarded_best_reuse"": ""default"", ""num_adapters"": 1, ""pending_after"": false, ""pending_before"": false, ""policy_version"": ""cau_v1"", ""reason"": ""safe_existing_reuse"", ""utility"": {""batch_n"": 16, ""best_reuse"": ""default"", ""best_reuse_query_after"": 0.6545342803001404, ""best_reuse_utility"": 0.0020133256912231445, ""budget_blocked_fresh"": false, ""defer_utility"": 0.0, ""fold_a_fresh_utility"": -0.023688554763793945, ""fold_a_query_n"": 8, ""fold_a_support_n"": 8, ""fold_b_fresh_utility"": -0.04683476686477661, ""fold_b_query_n"": 8, ""fold_b_support_n"": 8, ""fresh_advantage"": -0.03727498650550842, ""fresh_local_trainability"": 0.005862325429916382, ""fresh_positive"": false, ""fresh_query_after"": 0.6918092668056488, ""fresh_query_before"": 0.6976715922355652, ""fresh_utility"": -0.03526166081428528, ""max_adapters"": 8, ""reuse_profiles"": {""default"": {""feasible_both"": true, ""fold_a_harm"": -0.0049038720317184925, ""fold_a_lcb"": -0.016706745121628046, ""fold_a_query_after"": 0.6791448593139648, ""fold_a_utility"": -0.0027360916137695312, ""fold_b_harm"": -0.004686120431870222, ""fold_b_lcb"": -0.014585129488259553, ""fold_b_query_after"": 0.6299237012863159, ""fold_b_utility"": 0.00676274299621582, ""harm_lcb_max"": -0.014585129488259553, ""harm_mean"": -0.004794996231794357, ""harm_se_mean"": 0.005536194425076246, ""harm_ucb_max"": 0.0068990010581910614, ""local_trainability"": 0.0020133256912231445, ""query_after"": 0.6545342803001404, ""query_before"": 0.6565476059913635, ""system_utility"": 0.0020133256912231445}}, ""status"": ""ok"", ""statusquo_loss"": 0.6565476059913635, ""total_memory_budget"": 512}, ""utility_status"": ""ok""}"
9,A1,A,1,default,reuse,pending_fresh_safe_existing_reuse,0.78355473279953,1,True,147456,592130,0,67694596,592130,4737056,144,13.334267670055851,445846016,0.0,2.221771338954568,0.0,512,512,0.7844451665878296,0.12901157140731812,-0.010309785604476929,0.13932135701179504,True,,"{""best_reuse"": ""default"", ""best_reuse_utility"": -0.010309785604476929, ""decision"": ""reuse"", ""fresh_advantage"": 0.13932135701179504, ""fresh_positive"": true, ""fresh_utility"": 0.12901157140731812, ""full_batch_guards"": {""default"": {""crossfit_feasible"": true, ""crossfit_utility"": -0.010309785604476929, ""crossfit_utility_positive"": false, ""full_batch_cur_after"": 0.7926157712936401, ""full_batch_cur_before"": 0.7844451665878296, ""full_batch_gain"": -0.008170604705810547, ""full_batch_harm"": -0.0026891115121543407, ""full_batch_harm_lcb"": -0.007109780283644796, ""full_batch_harm_se"": 0.002255443250760436, ""full_batch_harm_ucb"": 0.001731557259336114, ""full_batch_safe"": true}}, ""guarded_best_reuse"": ""default"", ""num_adapters"": 1, ""pending_after"": true, ""pending_before"": false, ""policy_version"": ""cau_v1"", ""reason"": ""pending_fresh_safe_existing_reuse"", ""utility"": {""batch_n"": 16, ""best_reuse"": ""default"", ""best_reuse_query_after"": 0.7947549521923065, ""best_reuse_utility"": -0.010309785604476929, ""budget_blocked_fresh"": false, ""defer_utility"": 0.0, ""fold_a_fresh_utility"": 0.1142423152923584, ""fold_a_query_n"": 8, ""fold_a_support_n"": 8, ""fold_b_fresh_utility"": 0.14378082752227783, ""fold_b_query_n"": 8, ""fold_b_support_n"": 8, ""fresh_advantage"": 0.13932135701179504, ""fresh_local_trainability"": 0.04871964454650879, ""fresh_positive"": true, ""fresh_query_after"": 0.6554335951805115, ""fresh_query_before"": 0.7041532397270203, ""fresh_utility"": 0.12901157140731812, ""max_adapters"": 8, ""reuse_profiles"": {""default"": {""feasible_both"": true, ""fold_a_harm"": -0.002319029066711664, ""fold_a_lcb"": -0.007132817506790161, ""fold_a_query_after"": 0.7813019156455994, ""fold_a_utility"": -0.009099066257476807, ""fold_b_harm"": -0.002466821577399969, ""fold_b_lcb"": -0.007285432703793049, ""fold_b_query_after"": 0.8082079887390137, ""fold_b_utility"": -0.01152050495147705, ""harm_lcb_max"": -0.007132817506790161, ""harm_mean"": -0.0023929253220558167, ""harm_se_mean"": 0.002457244787365198, ""harm_ucb_max"": 0.0024947593733668323, ""local_trainability"": -0.010309785604476929, ""query_after"": 0.7947549521923065, ""query_before"": 0.7844451665878296, ""system_utility"": -0.010309785604476929}}, ""status"": ""ok"", ""statusquo_loss"": 0.7844451665878296, ""total_memory_budget"": 512}, ""utility_status"": ""ok""}"
10,A1,A,1,default,reuse,safe_existing_reuse,0.6731530427932739,1,True,147456,592130,0,67694596,592130,4737056,160,13.703725858125836,445846016,0.0,2.5863496388774365,0.0,512,512,0.6686480641365051,-0.019912272691726685,0.003805696964263916,-0.0237179696559906,False,,"{""best_reuse"": ""default"", ""best_reuse_utility"": 0.003805696964263916, ""decision"": ""reuse"", ""fresh_advantage"": -0.0237179696559906, ""fresh_positive"": false, ""fresh_utility"": -0.019912272691726685, ""full_batch_guards"": {""default"": {""crossfit_feasible"": true, ""crossfit_utility"": 0.003805696964263916, ""crossfit_utility_positive"": true, ""full_batch_cur_after"": 0.6621413230895996, ""full_batch_cur_before"": 0.6686481237411499, ""full_batch_gain"": 0.006506800651550293, ""full_batch_harm"": -0.005520551465451717, ""full_batch_harm_lcb"": -0.006883797177579254, ""full_batch_harm_se"": 0.0006955335265956819, ""full_batch_harm_ucb"": -0.004157305753324181, ""full_batch_safe"": true}}, ""guarded_best_reuse"": ""default"", ""num_adapters"": 1, ""pending_after"": false, ""pending_before"": true, ""policy_version"": ""cau_v1"", ""reason"": ""safe_existing_reuse"", ""utility"": {""batch_n"": 16, ""best_reuse"": ""default"", ""best_reuse_query_after"": 0.6648423671722412, ""best_reuse_utility"": 0.003805696964263916, ""budget_blocked_fresh"": false, ""defer_utility"": 0.0, ""fold_a_fresh_utility"": -0.030001699924468994, ""fold_a_query_n"": 8, ""fold_a_support_n"": 8, ""fold_b_fresh_utility"": -0.009822845458984375, ""fold_b_query_n"": 8, ""fold_b_support_n"": 8, ""fresh_advantage"": -0.0237179696559906, ""fresh_local_trainability"": 0.008012771606445312, ""fresh_positive"": false, ""fresh_query_after"": 0.6885603368282318, ""fresh_query_before"": 0.6965731084346771, ""fresh_utility"": -0.019912272691726685, ""max_adapters"": 8, ""reuse_profiles"": {""default"": {""feasible_both"": true, ""fold_a_harm"": -0.00531275337561965, ""fold_a_lcb"": -0.007333818315528333, ""fold_a_query_after"": 0.6608380675315857, ""fold_a_utility"": 0.004808962345123291, ""fold_b_harm"": -0.005802358500659466, ""fold_b_lcb"": -0.007453095961827785, ""fold_b_query_after"": 0.6688466668128967, ""fold_b_utility"": 0.002802431583404541, ""harm_lcb_max"": -0.007333818315528333, ""harm_mean"": -0.005557555938139558, ""harm_se_mean"": 0.0009366842859890312, ""harm_ucb_max"": -0.0032916884357109665, ""local_trainability"": 0.003805696964263916, ""query_after"": 0.6648423671722412, ""query_before"": 0.6686480641365051, ""system_utility"": 0.003805696964263916}}, ""status"": ""ok"", ""statusquo_loss"": 0.6686480641365051, ""total_memory_budget"": 512}, ""utility_status"": ""ok""}"
11,A1,A,1,default,reuse,safe_existing_reuse,0.5391294360160828,1,True,147456,592130,0,67694596,592130,4737056,176,14.061309999087825,445846016,0.0,2.9403330590575933,0.0,512,512,0.5421945154666901,-0.07852348685264587,0.010575056076049805,-0.08909854292869568,False,,"{""best_reuse"": ""default"", ""best_reuse_utility"": 0.010575056076049805, ""decision"": ""reuse"", ""fresh_advantage"": -0.08909854292869568, ""fresh_positive"": false, ""fresh_utility"": -0.07852348685264587, ""full_batch_guards"": {""default"": {""crossfit_feasible"": true, ""crossfit_utility"": 0.010575056076049805, ""crossfit_utility_positive"": true, ""full_batch_cur_after"": 0.5297502279281616, ""full_batch_cur_before"": 0.5421944856643677, ""full_batch_gain"": 0.012444257736206055, ""full_batch_harm"": -0.0025727571919560432, ""full_batch_harm_lcb"": -0.0068698437139391895, ""full_batch_harm_se"": 0.0021923910826444626, ""full_batch_harm_ucb"": 0.001724329330027103, ""full_batch_safe"": true}}, ""guarded_best_reuse"": ""default"", ""num_adapters"": 1, ""pending_after"": false, ""pending_before"": false, ""policy_version"": ""cau_v1"", ""reason"": ""safe_existing_reuse"", ""utility"": {""batch_n"": 16, ""best_reuse"": ""default"", ""best_reuse_query_after"": 0.5316194593906403, ""best_reuse_utility"": 0.010575056076049805, ""budget_blocked_fresh"": false, ""defer_utility"": 0.0, ""fold_a_fresh_utility"": -0.06844091415405273, ""fold_a_query_n"": 8, ""fold_a_support_n"": 8, ""fold_b_fresh_utility"": -0.08860605955123901, ""fold_b_query_n"": 8, ""fold_b_support_n"": 8, ""fresh_advantage"": -0.08909854292869568, ""fresh_local_trainability"": 0.06514933705329895, ""fresh_positive"": false, ""fresh_query_after"": 0.6207180023193359, ""fresh_query_before"": 0.6858673393726349, ""fresh_utility"": -0.07852348685264587, ""max_adapters"": 8, ""reuse_profiles"": {""default"": {""feasible_both"": true, ""fold_a_harm"": -0.0022209007292985916, ""fold_a_lcb"": -0.0068975237198174, ""fold_a_query_after"": 0.5564570426940918, ""fold_a_utility"": 0.010047554969787598, ""fold_b_harm"": -0.0030680671334266663, ""fold_b_lcb"": -0.00625360865611583, ""fold_b_query_after"": 0.5067818760871887, ""fold_b_utility"": 0.011102557182312012, ""harm_lcb_max"": -0.00625360865611583, ""harm_mean"": -0.002644483931362629, ""harm_se_mean"": 0.002005654212553054, ""harm_ucb_max"": 0.002455722261220217, ""local_trainability"": 0.010575056076049805, ""query_after"": 0.5316194593906403, ""query_before"": 0.5421945154666901, ""system_utility"": 0.010575056076049805}}, ""status"": ""ok"", ""statusquo_loss"": 0.5421945154666901, ""total_memory_budget"": 512}, ""utility_status"": ""ok""}"
12,A1,A,1,default,reuse,pending_fresh_safe_existing_reuse,0.7633309364318848,1,True,147456,592130,0,67694596,592130,4737056,192,14.43112325691618,445846016,0.0,3.306495683034882,0.0,512,512,0.7741603255271912,0.0771666169166565,0.0017383694648742676,0.07542824745178223,True,,"{""best_reuse"": ""default"", ""best_reuse_utility"": 0.0017383694648742676, ""decision"": ""reuse"", ""fresh_advantage"": 0.07542824745178223, ""fresh_positive"": true, ""fresh_utility"": 0.0771666169166565, ""full_batch_guards"": {""default"": {""crossfit_feasible"": true, ""crossfit_utility"": 0.0017383694648742676, ""crossfit_utility_positive"": true, ""full_batch_cur_after"": 0.7692317962646484, ""full_batch_cur_before"": 0.7741603851318359, ""full_batch_gain"": 0.0049285888671875, ""full_batch_harm"": -0.004188750870525837, ""full_batch_harm_lcb"": -0.005107655095634982, ""full_batch_harm_se"": 0.00046882868628017604, ""full_batch_harm_ucb"": -0.003269846645416692, ""full_batch_safe"": true}}, ""guarded_best_reuse"": ""default"", ""num_adapters"": 1, ""pending_after"": true, ""pending_before"": false, ""policy_version"": ""cau_v1"", ""reason"": ""pending_fresh_safe_existing_reuse"", ""utility"": {""batch_n"": 16, ""best_reuse"": ""default"", ""best_reuse_query_after"": 0.7724219560623169, ""best_reuse_utility"": 0.0017383694648742676, ""budget_blocked_fresh"": false, ""defer_utility"": 0.0, ""fold_a_fresh_utility"": -0.007894515991210938, ""fold_a_query_n"": 8, ""fold_a_support_n"": 8, ""fold_b_fresh_utility"": 0.16222774982452393, ""fold_b_query_n"": 8, ""fold_b_support_n"": 8, ""fresh_advantage"": 0.07542824745178223, ""fresh_local_trainability"": 0.007881462574005127, ""fresh_positive"": true, ""fresh_query_after"": 0.6969937086105347, ""fresh_query_before"": 0.7048751711845398, ""fresh_utility"": 0.0771666169166565, ""max_adapters"": 8, ""reuse_profiles"": {""default"": {""feasible_both"": true, ""fold_a_harm"": -0.004091422539204359, ""fold_a_lcb"": -0.004978729909053072, ""fold_a_query_after"": 0.6895970106124878, ""fold_a_utility"": 0.0034966468811035156, ""fold_b_harm"": -0.0038718567229807377, ""fold_b_lcb"": -0.0050174840772524475, ""fold_b_query_after"": 0.855246901512146, ""fold_b_utility"": -1.990795135498047e-05, ""harm_lcb_max"": -0.004978729909053072, ""harm_mean"": -0.003981639631092548, ""harm_se_mean"": 0.0005186057969694957, ""harm_ucb_max"": -0.002726229368709028, ""local_trainability"": 0.0017383694648742676, ""query_after"": 0.7724219560623169, ""query_before"": 0.7741603255271912, ""system_utility"": 0.0017383694648742676}}, ""status"": ""ok"", ""statusquo_loss"": 0.7741603255271912, ""total_memory_budget"": 512}, ""utility_status"": ""ok""}"
13,A1,A,1,default,reuse,safe_existing_reuse,0.6340895891189575,1,True,147456,592130,0,67694596,592130,4737056,208,14.800749439978972,445846016,0.0,3.6698241871781647,0.0,512,512,0.6400093734264374,-0.0377173125743866,0.0053504109382629395,-0.043067723512649536,False,,"{""best_reuse"": ""default"", ""best_reuse_utility"": 0.0053504109382629395, ""decision"": ""reuse"", ""fresh_advantage"": -0.043067723512649536, ""fresh_positive"": false, ""fresh_utility"": -0.0377173125743866, ""full_batch_guards"": {""default"": {""crossfit_feasible"": true, ""crossfit_utility"": 0.0053504109382629395, ""crossfit_utility_positive"": true, ""full_batch_cur_after"": 0.6320698261260986, ""full_batch_cur_before"": 0.6400094032287598, ""full_batch_gain"": 0.007939577102661133, ""full_batch_harm"": -0.0058444589376449585, ""full_batch_harm_lcb"": -0.008256271905265749, ""full_batch_harm_se"": 0.0012305168202146888, ""full_batch_harm_ucb"": -0.0034326459700241684, ""full_batch_safe"": true}}, ""guarded_best_reuse"": ""default"", ""num_adapters"": 1, ""pending_after"": false, ""pending_before"": true, ""policy_version"": ""cau_v1"", ""reason"": ""safe_existing_reuse"", ""utility"": {""batch_n"": 16, ""best_reuse"": ""default"", ""best_reuse_query_after"": 0.6346589624881744, ""best_reuse_utility"": 0.0053504109382629395, ""budget_blocked_fresh"": false, ""defer_utility"": 0.0, ""fold_a_fresh_utility"": -0.05165576934814453, ""fold_a_query_n"": 8, ""fold_a_support_n"": 8, ""fold_b_fresh_utility"": -0.023778855800628662, ""fold_b_query_n"": 8, ""fold_b_support_n"": 8, ""fresh_advantage"": -0.043067723512649536, ""fresh_local_trainability"": 0.009905129671096802, ""fresh_positive"": false, ""fresh_query_after"": 0.677726686000824, ""fresh_query_before"": 0.6876318156719208, ""fresh_utility"": -0.0377173125743866, ""max_adapters"": 8, ""reuse_profiles"": {""default"": {""feasible_both"": true, ""fold_a_harm"": -0.006734395865350962, ""fold_a_lcb"": -0.010145073737949133, ""fold_a_query_after"": 0.6245934367179871, ""fold_a_utility"": 0.004102766513824463, ""fold_b_harm"": -0.004625956993550062, ""fold_b_lcb"": -0.0060837822104804215, ""fold_b_query_after"": 0.6447244882583618, ""fold_b_utility"": 0.006598055362701416, ""harm_lcb_max"": -0.0060837822104804215, ""harm_mean"": -0.005680176429450512, ""harm_se_mean"": 0.001241965073859319, ""harm_ucb_max"": -0.003168131776619703, ""local_trainability"": 0.0053504109382629395, ""query_after"": 0.6346589624881744, ""query_before"": 0.6400093734264374, ""system_utility"": 0.0053504109382629395}}, ""status"": ""ok"", ""statusquo_loss"": 0.6400093734264374, ""total_memory_budget"": 512}, ""utility_status"": ""ok""}"
14,A1,A,1,default,reuse,safe_existing_reuse,0.6671467423439026,1,True,147456,592130,0,67694596,592130,4737056,224,15.163054554956034,445846016,0.0,4.028476699255407,0.0,512,512,0.6703490018844604,-0.04138067364692688,0.005434930324554443,-0.04681560397148132,False,,"{""best_reuse"": ""default"", ""best_reuse_utility"": 0.005434930324554443, ""decision"": ""reuse"", ""fresh_advantage"": -0.04681560397148132, ""fresh_positive"": false, ""fresh_utility"": -0.04138067364692688, ""full_batch_guards"": {""default"": {""crossfit_feasible"": true, ""crossfit_utility"": 0.005434930324554443, ""crossfit_utility_positive"": true, ""full_batch_cur_after"": 0.6605784893035889, ""full_batch_cur_before"": 0.6703490018844604, ""full_batch_gain"": 0.009770512580871582, ""full_batch_harm"": -0.007750110700726509, ""full_batch_harm_lcb"": -0.012496807305142283, ""full_batch_harm_se"": 0.002421783981844783, ""full_batch_harm_ucb"": -0.003003414096310735, ""full_batch_safe"": true}}, ""guarded_best_reuse"": ""default"", ""num_adapters"": 1, ""pending_after"": false, ""pending_before"": false, ""policy_version"": ""cau_v1"", ""reason"": ""safe_existing_reuse"", ""utility"": {""batch_n"": 16, ""best_reuse"": ""default"", ""best_reuse_query_after"": 0.664914071559906, ""best_reuse_utility"": 0.005434930324554443, ""budget_blocked_fresh"": false, ""defer_utility"": 0.0, ""fold_a_fresh_utility"": -0.10895323753356934, ""fold_a_query_n"": 8, ""fold_a_support_n"": 8, ""fold_b_fresh_utility"": 0.026191890239715576, ""fold_b_query_n"": 8, ""fold_b_support_n"": 8, ""fresh_advantage"": -0.04681560397148132, ""fresh_local_trainability"": -0.01590070128440857, ""fresh_positive"": false, ""fresh_query_after"": 0.7117296755313873, ""fresh_query_before"": 0.6958289742469788, ""fresh_utility"": -0.04138067364692688, ""max_adapters"": 8, ""reuse_profiles"": {""default"": {""feasible_both"": true, ""fold_a_harm"": -0.007763569708913565, ""fold_a_lcb"": -0.012994332499802114, ""fold_a_query_after"": 0.5922422409057617, ""fold_a_utility"": 0.0044206976890563965, ""fold_b_harm"": -0.0056419712491333485, ""fold_b_lcb"": -0.007625092673115432, ""fold_b_query_after"": 0.7375859022140503, ""fold_b_utility"": 0.00644916296005249, ""harm_lcb_max"": -0.007625092673115432, ""harm_mean"": -0.006702770479023457, ""harm_se_mean"": 0.0018402765854261816, ""harm_ucb_max"": -0.0025328069180250165, ""local_trainability"": 0.005434930324554443, ""query_after"": 0.664914071559906, ""query_before"": 0.6703490018844604, ""system_utility"": 0.005434930324554443}}, ""status"": ""ok"", ""statusquo_loss"": 0.6703490018844604, ""total_memory_budget"": 512}, ""utility_status"": ""ok""}"
15,A1,A,1,default,reuse,pending_fresh_safe_existing_reuse,0.7222380042076111,1,True,147456,592130,0,67694596,592130,4737056,240,15.533215013099834,445846016,0.0,4.394923402229324,0.0,512,512,0.7228012979030609,0.06689780950546265,0.021993428468704224,0.04490438103675842,True,,"{""best_reuse"": ""default"", ""best_reuse_utility"": 0.021993428468704224, ""decision"": ""reuse"", ""fresh_advantage"": 0.04490438103675842, ""fresh_positive"": true, ""fresh_utility"": 0.06689780950546265, ""full_batch_guards"": {""default"": {""crossfit_feasible"": true, ""crossfit_utility"": 0.021993428468704224, ""crossfit_utility_positive"": true, ""full_batch_cur_after"": 0.700103759765625, ""full_batch_cur_before"": 0.7228013277053833, ""full_batch_gain"": 0.0226975679397583, ""full_batch_harm"": -0.007442547008395195, ""full_batch_harm_lcb"": -0.01492126939818263, ""full_batch_harm_se"": 0.003815674688667059, ""full_batch_harm_ucb"": 3.617538139224011e-05, ""full_batch_safe"": true}}, ""guarded_best_reuse"": ""default"", ""num_adapters"": 1, ""pending_after"": true, ""pending_before"": false, ""policy_version"": ""cau_v1"", ""reason"": ""pending_fresh_safe_existing_reuse"", ""utility"": {""batch_n"": 16, ""best_reuse"": ""default"", ""best_reuse_query_after"": 0.7008078694343567, ""best_reuse_utility"": 0.021993428468704224, ""budget_blocked_fresh"": false, ""defer_utility"": 0.0, ""fold_a_fresh_utility"": 0.0745769739151001, ""fold_a_query_n"": 8, ""fold_a_support_n"": 8, ""fold_b_fresh_utility"": 0.059218645095825195, ""fold_b_query_n"": 8, ""fold_b_support_n"": 8, ""fresh_advantage"": 0.04490438103675842, ""fresh_local_trainability"": 0.037147969007492065, ""fresh_positive"": true, ""fresh_query_after"": 0.6559034883975983, ""fresh_query_before"": 0.6930514574050903, ""fresh_utility"": 0.06689780950546265, ""max_adapters"": 8, ""reuse_profiles"": {""default"": {""feasible_both"": true, ""fold_a_harm"": -0.007372039835900068, ""fold_a_lcb"": -0.014748265994712711, ""fold_a_query_after"": 0.6929216980934143, ""fold_a_utility"": 0.027292728424072266, ""fold_b_harm"": -0.007679238449782133, ""fold_b_lcb"": -0.015315538737922907, ""fold_b_query_after"": 0.7086940407752991, ""fold_b_utility"": 0.01669412851333618, ""harm_lcb_max"": -0.014748265994712711, ""harm_mean"": -0.007525639142841101, ""harm_se_mean"": 0.003829726134426892, ""harm_ucb_max"": 4.186322912574057e-06, ""local_trainability"": 0.021993428468704224, ""query_after"": 0.7008078694343567, ""query_before"": 0.7228012979030609, ""system_utility"": 0.021993428468704224}}, ""status"": ""ok"", ""statusquo_loss"": 0.7228012979030609, ""total_memory_budget"": 512}, ""utility_status"": ""ok""}"
16,A1,A,1,default,reuse,safe_existing_reuse,0.7359424829483032,1,True,147456,592130,0,67694596,592130,4737056,256,15.911586272995919,445846016,0.0,4.769490585196763,0.0,512,512,0.7208130955696106,0.01752614974975586,0.024311423301696777,-0.006785273551940918,False,,"{""best_reuse"": ""default"", ""best_reuse_utility"": 0.024311423301696777, ""decision"": ""reuse"", ""fresh_advantage"": -0.006785273551940918, ""fresh_positive"": false, ""fresh_utility"": 0.01752614974975586, ""full_batch_guards"": {""default"": {""crossfit_feasible"": true, ""crossfit_utility"": 0.024311423301696777, ""crossfit_utility_positive"": true, ""full_batch_cur_after"": 0.6934131383895874, ""full_batch_cur_before"": 0.7208130359649658, ""full_batch_gain"": 0.027399897575378418, ""full_batch_harm"": -0.015414690598845482, ""full_batch_harm_lcb"": -0.02536711610853672, ""full_batch_harm_se"": 0.005077768117189407, ""full_batch_harm_ucb"": -0.005462265089154244, ""full_batch_safe"": true}}, ""guarded_best_reuse"": ""default"", ""num_adapters"": 1, ""pending_after"": false, ""pending_before"": true, ""policy_version"": ""cau_v1"", ""reason"": ""safe_existing_reuse"", ""utility"": {""batch_n"": 16, ""best_reuse"": ""default"", ""best_reuse_query_after"": 0.6965016722679138, ""best_reuse_utility"": 0.024311423301696777, ""budget_blocked_fresh"": false, ""defer_utility"": 0.0, ""fold_a_fresh_utility"": 0.09326553344726562, ""fold_a_query_n"": 8, ""fold_a_support_n"": 8, ""fold_b_fresh_utility"": -0.058213233947753906, ""fold_b_query_n"": 8, ""fold_b_support_n"": 8, ""fresh_advantage"": -0.006785273551940918, ""fresh_local_trainability"": -0.0002690255641937256, ""fresh_positive"": false, ""fresh_query_after"": 0.7032869458198547, ""fresh_query_before"": 0.703017920255661, ""fresh_utility"": 0.01752614974975586, ""max_adapters"": 8, ""reuse_profiles"": {""default"": {""feasible_both"": true, ""fold_a_harm"": -0.014135150238871574, ""fold_a_lcb"": -0.022804947458207606, ""fold_a_query_after"": 0.7635577321052551, ""fold_a_utility"": 0.03662222623825073, ""fold_b_harm"": -0.015771228820085526, ""fold_b_lcb"": -0.026103972978889944, ""fold_b_query_after"": 0.6294456124305725, ""fold_b_utility"": 0.012000620365142822, ""harm_lcb_max"": -0.022804947458207606, ""harm_mean"": -0.01495318952947855, ""harm_se_mean"": 0.004847587086260319, ""harm_ucb_max"": -0.005438484661281108, ""local_trainability"": 0.024311423301696777, ""query_after"": 0.6965016722679138, ""query_before"": 0.7208130955696106, ""system_utility"": 0.024311423301696777}}, ""status"": ""ok"", ""statusquo_loss"": 0.7208130955696106, ""total_memory_budget"": 512}, ""utility_status"": ""ok""}"
17,B1,B,1,default,reuse,safe_existing_reuse,0.6529725790023804,1,True,147456,592130,0,67694596,592130,4737056,272,16.833335804985836,486254080,0.0,5.137787660351023,0.5494780130684376,512,512,0.6470117270946503,-0.0827191174030304,0.0006656050682067871,-0.08338472247123718,False,,"{""best_reuse"": ""default"", ""best_reuse_utility"": 0.0006656050682067871, ""decision"": ""reuse"", ""fresh_advantage"": -0.08338472247123718, ""fresh_positive"": false, ""fresh_utility"": -0.0827191174030304, ""full_batch_guards"": {""default"": {""crossfit_feasible"": true, ""crossfit_utility"": 0.0006656050682067871, ""crossfit_utility_positive"": true, ""full_batch_cur_after"": 0.6396400332450867, ""full_batch_cur_before"": 0.6470117568969727, ""full_batch_gain"": 0.007371723651885986, ""full_batch_harm"": -0.016068393364548683, ""full_batch_harm_lcb"": -0.025853236000984908, ""full_batch_harm_se"": 0.004992266651242971, ""full_batch_harm_ucb"": -0.00628355072811246, ""full_batch_safe"": true}}, ""guarded_best_reuse"": ""default"", ""num_adapters"": 1, ""pending_after"": false, ""pending_before"": false, ""policy_version"": ""cau_v1"", ""reason"": ""safe_existing_reuse"", ""utility"": {""batch_n"": 16, ""best_reuse"": ""default"", ""best_reuse_query_after"": 0.6463461220264435, ""best_reuse_utility"": 0.0006656050682067871, ""budget_blocked_fresh"": false, ""defer_utility"": 0.0, ""fold_a_fresh_utility"": -0.16166746616363525, ""fold_a_query_n"": 8, ""fold_a_support_n"": 8, ""fold_b_fresh_utility"": -0.003770768642425537, ""fold_b_query_n"": 8, ""fold_b_support_n"": 8, ""fresh_advantage"": -0.08338472247123718, ""fresh_local_trainability"": -0.03746631741523743, ""fresh_positive"": false, ""fresh_query_after"": 0.7297308444976807, ""fresh_query_before"": 0.6922645270824432, ""fresh_utility"": -0.0827191174030304, ""max_adapters"": 8, ""reuse_profiles"": {""default"": {""feasible_both"": true, ""fold_a_harm"": -0.01820477657020092, ""fold_a_lcb"": -0.030069657322019338, ""fold_a_query_after"": 0.5779117345809937, ""fold_a_utility"": -0.012607872486114502, ""fold_b_harm"": -0.011681908741593361, ""fold_b_lcb"": -0.01799106444232166, ""fold_b_query_after"": 0.7147805094718933, ""fold_b_utility"": 0.013939082622528076, ""harm_lcb_max"": -0.01799106444232166, ""harm_mean"": -0.01494334265589714, ""harm_se_mean"": 0.0046362337889149785, ""harm_ucb_max"": -0.005372753040865064, ""local_trainability"": 0.0006656050682067871, ""query_after"": 0.6463461220264435, ""query_before"": 0.6470117270946503, ""system_utility"": 0.0006656050682067871}}, ""status"": ""ok"", ""statusquo_loss"": 0.6470117270946503, ""total_memory_budget"": 512}, ""utility_status"": ""ok""}"
18,B1,B,1,default,reuse,safe_existing_reuse,0.6742198467254639,1,True,147456,592130,0,67694596,592130,4737056,288,17.202117152977735,486254080,0.0,5.502423951402307,0.5494780130684376,512,512,0.7033596038818359,-0.031882405281066895,0.007662475109100342,-0.039544880390167236,False,,"{""best_reuse"": ""default"", ""best_reuse_utility"": 0.007662475109100342, ""decision"": ""reuse"", ""fresh_advantage"": -0.039544880390167236, ""fresh_positive"": false, ""fresh_utility"": -0.031882405281066895, ""full_batch_guards"": {""default"": {""crossfit_feasible"": true, ""crossfit_utility"": 0.007662475109100342, ""crossfit_utility_positive"": true, ""full_batch_cur_after"": 0.6903706789016724, ""full_batch_cur_before"": 0.7033596038818359, ""full_batch_gain"": 0.012988924980163574, ""full_batch_harm"": -0.010329912416636944, ""full_batch_harm_lcb"": -0.021596329193562268, ""full_batch_harm_se"": 0.005748171824961901, ""full_batch_harm_ucb"": 0.0009365043602883819, ""full_batch_safe"": true}}, ""guarded_best_reuse"": ""default"", ""num_adapters"": 1, ""pending_after"": false, ""pending_before"": false, ""policy_version"": ""cau_v1"", ""reason"": ""safe_existing_reuse"", ""utility"": {""batch_n"": 16, ""best_reuse"": ""default"", ""best_reuse_query_after"": 0.6956971287727356, ""best_reuse_utility"": 0.007662475109100342, ""budget_blocked_fresh"": false, ""defer_utility"": 0.0, ""fold_a_fresh_utility"": 0.0021467208862304688, ""fold_a_query_n"": 8, ""fold_a_support_n"": 8, ""fold_b_fresh_utility"": -0.06591153144836426, ""fold_b_query_n"": 8, ""fold_b_support_n"": 8, ""fresh_advantage"": -0.039544880390167236, ""fresh_local_trainability"": -0.029583871364593506, ""fresh_positive"": false, ""fresh_query_after"": 0.7352420091629028, ""fresh_query_before"": 0.7056581377983093, ""fresh_utility"": -0.031882405281066895, ""max_adapters"": 8, ""reuse_profiles"": {""default"": {""feasible_both"": true, ""fold_a_harm"": -0.008088827133178711, ""fold_a_lcb"": -0.015829616524279118, ""fold_a_query_after"": 0.7213165760040283, ""fold_a_utility"": 0.018751978874206543, ""fold_b_harm"": -0.010508431121706963, ""fold_b_lcb"": -0.02216792147606611, ""fold_b_query_after"": 0.6700776815414429, ""fold_b_utility"": -0.0034270286560058594, ""harm_lcb_max"": -0.015829616524279118, ""harm_mean"": -0.009298629127442837, ""harm_se_mean"": 0.004949050955474377, ""harm_ucb_max"": 0.0011510592326521869, ""local_trainability"": 0.007662475109100342, ""query_after"": 0.6956971287727356, ""query_before"": 0.7033596038818359, ""system_utility"": 0.007662475109100342}}, ""status"": ""ok"", ""statusquo_loss"": 0.7033596038818359, ""total_memory_budget"": 512}, ""utility_status"": ""ok""}"
19,B1,B,1,default,reuse,safe_existing_reuse,0.7092132568359375,1,True,147456,592130,0,67694596,592130,4737056,304,17.57377998298034,486254080,0.0,5.870163960382342,0.5494780130684376,512,512,0.699053168296814,-0.0010405182838439941,0.010515868663787842,-0.011556386947631836,False,,"{""best_reuse"": ""default"", ""best_reuse_utility"": 0.010515868663787842, ""decision"": ""reuse"", ""fresh_advantage"": -0.011556386947631836, ""fresh_positive"": false, ""fresh_utility"": -0.0010405182838439941, ""full_batch_guards"": {""default"": {""crossfit_feasible"": true, ""crossfit_utility"": 0.010515868663787842, ""crossfit_utility_positive"": true, ""full_batch_cur_after"": 0.6848733425140381, ""full_batch_cur_before"": 0.699053168296814, ""full_batch_gain"": 0.014179825782775879, ""full_batch_harm"": -0.006802021525800228, ""full_batch_harm_lcb"": -0.019184632804244754, ""full_batch_harm_se"": 0.006317658815532923, ""full_batch_harm_ucb"": 0.0055805897526443, ""full_batch_safe"": true}}, ""guarded_best_reuse"": ""default"", ""num_adapters"": 1, ""pending_after"": false, ""pending_before"": false, ""policy_version"": ""cau_v1"", ""reason"": ""safe_existing_reuse"", ""utility"": {""batch_n"": 16, ""best_reuse"": ""default"", ""best_reuse_query_after"": 0.6885372996330261, ""best_reuse_utility"": 0.010515868663787842, ""budget_blocked_fresh"": false, ""defer_utility"": 0.0, ""fold_a_fresh_utility"": -0.01013714075088501, ""fold_a_query_n"": 8, ""fold_a_support_n"": 8, ""fold_b_fresh_utility"": 0.008056104183197021, ""fold_b_query_n"": 8, ""fold_b_support_n"": 8, ""fresh_advantage"": -0.011556386947631836, ""fresh_local_trainability"": -0.003914207220077515, ""fresh_positive"": false, ""fresh_query_after"": 0.700093686580658, ""fresh_query_before"": 0.6961794793605804, ""fresh_utility"": -0.0010405182838439941, ""max_adapters"": 8, ""reuse_profiles"": {""default"": {""feasible_both"": true, ""fold_a_harm"": -0.006257560569792986, ""fold_a_lcb"": -0.01673448333516717, ""fold_a_query_after"": 0.6654042601585388, ""fold_a_utility"": 0.019595742225646973, ""fold_b_harm"": -0.006990502122789621, ""fold_b_lcb"": -0.019768905900418757, ""fold_b_query_after"": 0.7116703391075134, ""fold_b_utility"": 0.001435995101928711, ""harm_lcb_max"": -0.01673448333516717, ""harm_mean"": -0.006624031346291304, ""harm_se_mean"": 0.005932481260970235, ""harm_ucb_max"": 0.005787901654839516, ""local_trainability"": 0.010515868663787842, ""query_after"": 0.6885372996330261, ""query_before"": 0.699053168296814, ""system_utility"": 0.010515868663787842}}, ""status"": ""ok"", ""statusquo_loss"": 0.699053168296814, ""total_memory_budget"": 512}, ""utility_status"": ""ok""}"
20,B1,B,1,default,reuse,safe_existing_reuse,0.6364139318466187,1,True,147456,592130,0,67694596,592130,4737056,320,17.945821444969624,486254080,0.0,6.238225898239762,0.5494780130684376,512,512,0.6307918429374695,-0.06377142667770386,0.0021130144596099854,-0.06588444113731384,False,,"{""best_reuse"": ""default"", ""best_reuse_utility"": 0.0021130144596099854, ""decision"": ""reuse"", ""fresh_advantage"": -0.06588444113731384, ""fresh_positive"": false, ""fresh_utility"": -0.06377142667770386, ""full_batch_guards"": {""default"": {""crossfit_feasible"": true, ""crossfit_utility"": 0.0021130144596099854, ""crossfit_utility_positive"": true, ""full_batch_cur_after"": 0.6265947818756104, ""full_batch_cur_before"": 0.6307917833328247, ""full_batch_gain"": 0.0041970014572143555, ""full_batch_harm"": -0.0009072166867554188, ""full_batch_harm_lcb"": -0.012386891301721334, ""full_batch_harm_se"": 0.005856976844370365, ""full_batch_harm_ucb"": 0.010572457928210497, ""full_batch_safe"": true}}, ""guarded_best_reuse"": ""default"", ""num_adapters"": 1, ""pending_after"": false, ""pending_before"": false, ""policy_version"": ""cau_v1"", ""reason"": ""safe_existing_reuse"", ""utility"": {""batch_n"": 16, ""best_reuse"": ""default"", ""best_reuse_query_after"": 0.6286788284778595, ""best_reuse_utility"": 0.0021130144596099854, ""budget_blocked_fresh"": false, ""defer_utility"": 0.0, ""fold_a_fresh_utility"": -0.10221362113952637, ""fold_a_query_n"": 8, ""fold_a_support_n"": 8, ""fold_b_fresh_utility"": -0.025329232215881348, ""fold_b_query_n"": 8, ""fold_b_support_n"": 8, ""fresh_advantage"": -0.06588444113731384, ""fresh_local_trainability"": 0.0018456578254699707, ""fresh_positive"": false, ""fresh_query_after"": 0.6945632696151733, ""fresh_query_before"": 0.6964089274406433, ""fresh_utility"": -0.06377142667770386, ""max_adapters"": 8, ""reuse_profiles"": {""default"": {""feasible_both"": true, ""fold_a_harm"": 2.6135239750146866e-05, ""fold_a_lcb"": -0.01222295681014657, ""fold_a_query_after"": 0.5864521265029907, ""fold_a_utility"": 0.0013010501861572266, ""fold_b_harm"": -0.00136630330234766, ""fold_b_lcb"": -0.012486752588301897, ""fold_b_query_after"": 0.6709055304527283, ""fold_b_utility"": 0.002924978733062744, ""harm_lcb_max"": -0.01222295681014657, ""harm_mean"": -0.0006700840312987566, ""harm_se_mean"": 0.00596161768771708, ""harm_ucb_max"": 0.012275227289646863, ""local_trainability"": 0.0021130144596099854, ""query_after"": 0.6286788284778595, ""query_before"": 0.6307918429374695, ""system_utility"": 0.0021130144596099854}}, ""status"": ""ok"", ""statusquo_loss"": 0.6307918429374695, ""total_memory_budget"": 512}, ""utility_status"": ""ok""}"
21,B1,B,1,default,reuse,safe_existing_reuse,0.6541284322738647,1,True,147456,592130,0,67694596,592130,4737056,336,18.31227862695232,486254080,0.0,6.600591255351901,0.5494780130684376,512,512,0.6442108750343323,-0.04888620972633362,-0.0037207603454589844,-0.045165449380874634,False,,"{""best_reuse"": ""default"", ""best_reuse_utility"": -0.0037207603454589844, ""decision"": ""reuse"", ""fresh_advantage"": -0.045165449380874634, ""fresh_positive"": false, ""fresh_utility"": -0.04888620972633362, ""full_batch_guards"": {""default"": {""crossfit_feasible"": true, ""crossfit_utility"": -0.0037207603454589844, ""crossfit_utility_positive"": false, ""full_batch_cur_after"": 0.6449726819992065, ""full_batch_cur_before"": 0.6442108750343323, ""full_batch_gain"": -0.0007618069648742676, ""full_batch_harm"": -0.001325337216258049, ""full_batch_harm_lcb"": -0.010082396399229764, ""full_batch_harm_se"": 0.0044678873382508755, ""full_batch_harm_ucb"": 0.007431721966713666, ""full_batch_safe"": true}}, ""guarded_best_reuse"": ""default"", ""num_adapters"": 1, ""pending_after"": false, ""pending_before"": false, ""policy_version"": ""cau_v1"", ""reason"": ""safe_existing_reuse"", ""utility"": {""batch_n"": 16, ""best_reuse"": ""default"", ""best_reuse_query_after"": 0.6479316353797913, ""best_reuse_utility"": -0.0037207603454589844, ""budget_blocked_fresh"": false, ""defer_utility"": 0.0, ""fold_a_fresh_utility"": -0.03862881660461426, ""fold_a_query_n"": 8, ""fold_a_support_n"": 8, ""fold_b_fresh_utility"": -0.05914360284805298, ""fold_b_query_n"": 8, ""fold_b_support_n"": 8, ""fresh_advantage"": -0.045165449380874634, ""fresh_local_trainability"": -0.003231346607208252, ""fresh_positive"": false, ""fresh_query_after"": 0.6930970847606659, ""fresh_query_before"": 0.6898657381534576, ""fresh_utility"": -0.04888620972633362, ""max_adapters"": 8, ""reuse_profiles"": {""default"": {""feasible_both"": true, ""fold_a_harm"": -0.0007204422727227211, ""fold_a_lcb"": -0.010801847260445356, ""fold_a_query_after"": 0.6623207330703735, ""fold_a_utility"": -0.008431196212768555, ""fold_b_harm"": -0.0017369380220770836, ""fold_b_lcb"": -0.009541294872760772, ""fold_b_query_after"": 0.633542537689209, ""fold_b_utility"": 0.000989675521850586, ""harm_lcb_max"": -0.009541294872760772, ""harm_mean"": -0.0012286901473999023, ""harm_se_mean"": 0.004562694346532226, ""harm_ucb_max"": 0.009360962714999914, ""local_trainability"": -0.0037207603454589844, ""query_after"": 0.6479316353797913, ""query_before"": 0.6442108750343323, ""system_utility"": -0.0037207603454589844}}, ""status"": ""ok"", ""statusquo_loss"": 0.6442108750343323, ""total_memory_budget"": 512}, ""utility_status"": ""ok""}"
22,B1,B,1,default,reuse,safe_existing_reuse,0.6277516484260559,1,True,147456,592130,0,67694596,592130,4737056,352,18.676966229919344,486254080,0.0,6.961264414479956,0.5494780130684376,512,512,0.6362174153327942,-0.06782835721969604,0.007781028747558594,-0.07560938596725464,False,,"{""best_reuse"": ""default"", ""best_reuse_utility"": 0.007781028747558594, ""decision"": ""reuse"", ""fresh_advantage"": -0.07560938596725464, ""fresh_positive"": false, ""fresh_utility"": -0.06782835721969604, ""full_batch_guards"": {""default"": {""crossfit_feasible"": true, ""crossfit_utility"": 0.007781028747558594, ""crossfit_utility_positive"": true, ""full_batch_cur_after"": 0.6252039074897766, ""full_batch_cur_before"": 0.6362173557281494, ""full_batch_gain"": 0.011013448238372803, ""full_batch_harm"": 0.0030298037454485893, ""full_batch_harm_lcb"": -0.006773910708725453, ""full_batch_harm_se"": 0.0050018951296806335, ""full_batch_harm_ucb"": 0.012833518199622631, ""full_batch_safe"": true}}, ""guarded_best_reuse"": ""default"", ""num_adapters"": 1, ""pending_after"": false, ""pending_before"": false, ""policy_version"": ""cau_v1"", ""reason"": ""safe_existing_reuse"", ""utility"": {""batch_n"": 16, ""best_reuse"": ""default"", ""best_reuse_query_after"": 0.6284363865852356, ""best_reuse_utility"": 0.007781028747558594, ""budget_blocked_fresh"": false, ""defer_utility"": 0.0, ""fold_a_fresh_utility"": -0.06369781494140625, ""fold_a_query_n"": 8, ""fold_a_support_n"": 8, ""fold_b_fresh_utility"": -0.07195889949798584, ""fold_b_query_n"": 8, ""fold_b_support_n"": 8, ""fresh_advantage"": -0.07560938596725464, ""fresh_local_trainability"": -0.0031172633171081543, ""fresh_positive"": false, ""fresh_query_after"": 0.7040457725524902, ""fresh_query_before"": 0.7009285092353821, ""fresh_utility"": -0.06782835721969604, ""max_adapters"": 8, ""reuse_profiles"": {""default"": {""feasible_both"": true, ""fold_a_harm"": 0.0016458122991025448, ""fold_a_lcb"": -0.006504671778529883, ""fold_a_query_after"": 0.6311454772949219, ""fold_a_utility"": 0.014359116554260254, ""fold_b_harm"": 0.003517243079841137, ""fold_b_lcb"": -0.006695883125066757, ""fold_b_query_after"": 0.6257272958755493, ""fold_b_utility"": 0.0012029409408569336, ""harm_lcb_max"": -0.006504671778529883, ""harm_mean"": 0.002581527689471841, ""harm_se_mean"": 0.004684594459831715, ""harm_ucb_max"": 0.01373036928474903, ""local_trainability"": 0.007781028747558594, ""query_after"": 0.6284363865852356, ""query_before"": 0.6362174153327942, ""system_utility"": 0.007781028747558594}}, ""status"": ""ok"", ""statusquo_loss"": 0.6362174153327942, ""total_memory_budget"": 512}, ""utility_status"": ""ok""}"
23,B1,B,1,default,reuse,pending_fresh_safe_existing_reuse,0.7149651646614075,1,True,147456,592130,0,67694596,592130,4737056,368,19.052269824082032,486254080,0.0,7.3322901364881545,0.5494780130684376,512,512,0.7151126861572266,0.11901095509529114,-0.01637136936187744,0.13538232445716858,True,,"{""best_reuse"": ""default"", ""best_reuse_utility"": -0.01637136936187744, ""decision"": ""reuse"", ""fresh_advantage"": 0.13538232445716858, ""fresh_positive"": true, ""fresh_utility"": 0.11901095509529114, ""full_batch_guards"": {""default"": {""crossfit_feasible"": true, ""crossfit_utility"": -0.01637136936187744, ""crossfit_utility_positive"": false, ""full_batch_cur_after"": 0.7301430702209473, ""full_batch_cur_before"": 0.7151126861572266, ""full_batch_gain"": -0.015030384063720703, ""full_batch_harm"": 0.0011482234112918377, ""full_batch_harm_lcb"": -0.003958833003416658, ""full_batch_harm_se"": 0.0026056410279124975, ""full_batch_harm_ucb"": 0.006255279826000333, ""full_batch_safe"": true}}, ""guarded_best_reuse"": ""default"", ""num_adapters"": 1, ""pending_after"": true, ""pending_before"": false, ""policy_version"": ""cau_v1"", ""reason"": ""pending_fresh_safe_existing_reuse"", ""utility"": {""batch_n"": 16, ""best_reuse"": ""default"", ""best_reuse_query_after"": 0.731484055519104, ""best_reuse_utility"": -0.01637136936187744, ""budget_blocked_fresh"": false, ""defer_utility"": 0.0, ""fold_a_fresh_utility"": 0.19276481866836548, ""fold_a_query_n"": 8, ""fold_a_support_n"": 8, ""fold_b_fresh_utility"": 0.0452570915222168, ""fold_b_query_n"": 8, ""fold_b_support_n"": 8, ""fresh_advantage"": 0.13538232445716858, ""fresh_local_trainability"": 0.08682328462600708, ""fresh_positive"": true, ""fresh_query_after"": 0.5961017310619354, ""fresh_query_before"": 0.6829250156879425, ""fresh_utility"": 0.11901095509529114, ""max_adapters"": 8, ""reuse_profiles"": {""default"": {""feasible_both"": true, ""fold_a_harm"": 0.0013526896946132183, ""fold_a_lcb"": -0.004089620998129249, ""fold_a_query_after"": 0.7912211418151855, ""fold_a_utility"": -0.023218870162963867, ""fold_b_harm"": 0.001237636897712946, ""fold_b_lcb"": -0.0038112652581185104, ""fold_b_query_after"": 0.6717469692230225, ""fold_b_utility"": -0.009523868560791016, ""harm_lcb_max"": -0.0038112652581185104, ""harm_mean"": 0.0012951632961630821, ""harm_se_mean"": 0.0026763298083096743, ""harm_ucb_max"": 0.0067950003873556855, ""local_trainability"": -0.01637136936187744, ""query_after"": 0.731484055519104, ""query_before"": 0.7151126861572266, ""system_utility"": -0.01637136936187744}}, ""status"": ""ok"", ""statusquo_loss"": 0.7151126861572266, ""total_memory_budget"": 512}, ""utility_status"": ""ok""}"
24,B1,B,1,default,reuse,safe_existing_reuse,0.6887022256851196,1,True,147456,592130,0,67694596,592130,4737056,384,19.424725196091458,486254080,0.0,7.700560770463198,0.5494780130684376,512,512,0.6647488474845886,-0.05479246377944946,-0.005028456449508667,-0.049764007329940796,False,,"{""best_reuse"": ""default"", ""best_reuse_utility"": -0.005028456449508667, ""decision"": ""reuse"", ""fresh_advantage"": -0.049764007329940796, ""fresh_positive"": false, ""fresh_utility"": -0.05479246377944946, ""full_batch_guards"": {""default"": {""crossfit_feasible"": true, ""crossfit_utility"": -0.005028456449508667, ""crossfit_utility_positive"": false, ""full_batch_cur_after"": 0.6626207232475281, ""full_batch_cur_before"": 0.6647488474845886, ""full_batch_gain"": 0.002128124237060547, ""full_batch_harm"": -0.0015664608217775822, ""full_batch_harm_lcb"": -0.00392972155008465, ""full_batch_harm_se"": 0.0012057452695444226, ""full_batch_harm_ucb"": 0.000796799906529486, ""full_batch_safe"": true}}, ""guarded_best_reuse"": ""default"", ""num_adapters"": 1, ""pending_after"": false, ""pending_before"": true, ""policy_version"": ""cau_v1"", ""reason"": ""safe_existing_reuse"", ""utility"": {""batch_n"": 16, ""best_reuse"": ""default"", ""best_reuse_query_after"": 0.6697773039340973, ""best_reuse_utility"": -0.005028456449508667, ""budget_blocked_fresh"": false, ""defer_utility"": 0.0, ""fold_a_fresh_utility"": -0.036353468894958496, ""fold_a_query_n"": 8, ""fold_a_support_n"": 8, ""fold_b_fresh_utility"": -0.07323145866394043, ""fold_b_query_n"": 8, ""fold_b_support_n"": 8, ""fresh_advantage"": -0.049764007329940796, ""fresh_local_trainability"": -0.02830222249031067, ""fresh_positive"": false, ""fresh_query_after"": 0.7195413112640381, ""fresh_query_before"": 0.6912390887737274, ""fresh_utility"": -0.05479246377944946, ""max_adapters"": 8, ""reuse_profiles"": {""default"": {""feasible_both"": true, ""fold_a_harm"": 0.002571397926658392, ""fold_a_lcb"": -0.003915908755734563, ""fold_a_query_after"": 0.6982820630073547, ""fold_a_utility"": -0.011419236660003662, ""fold_b_harm"": -0.002320772036910057, ""fold_b_lcb"": -0.0038787504797801377, ""fold_b_query_after"": 0.6412725448608398, ""fold_b_utility"": 0.0013623237609863281, ""harm_lcb_max"": -0.0038787504797801377, ""harm_mean"": 0.00012531294487416744, ""harm_se_mean"": 0.0020523686544038355, ""harm_ucb_max"": 0.009058704609051347, ""local_trainability"": -0.005028456449508667, ""query_after"": 0.6697773039340973, ""query_before"": 0.6647488474845886, ""system_utility"": -0.005028456449508667}}, ""status"": ""ok"", ""statusquo_loss"": 0.6647488474845886, ""total_memory_budget"": 512}, ""utility_status"": ""ok""}"
25,B1,B,1,default,reuse,safe_existing_reuse,0.6282838582992554,1,True,147456,592130,0,67694596,592130,4737056,400,19.80094635603018,486254080,0.0,8.072562949499115,0.5494780130684376,512,512,0.6272239089012146,-0.08636748790740967,0.0009187459945678711,-0.08728623390197754,False,,"{""best_reuse"": ""default"", ""best_reuse_utility"": 0.0009187459945678711, ""decision"": ""reuse"", ""fresh_advantage"": -0.08728623390197754, ""fresh_positive"": false, ""fresh_utility"": -0.08636748790740967, ""full_batch_guards"": {""default"": {""crossfit_feasible"": true, ""crossfit_utility"": 0.0009187459945678711, ""crossfit_utility_positive"": true, ""full_batch_cur_after"": 0.6221045255661011, ""full_batch_cur_before"": 0.6272239089012146, ""full_batch_gain"": 0.005119383335113525, ""full_batch_harm"": -0.0033497698605060577, ""full_batch_harm_lcb"": -0.004331874470226467, ""full_batch_harm_se"": 0.0005010737804695964, ""full_batch_harm_ucb"": -0.002367665250785649, ""full_batch_safe"": true}}, ""guarded_best_reuse"": ""default"", ""num_adapters"": 1, ""pending_after"": false, ""pending_before"": false, ""policy_version"": ""cau_v1"", ""reason"": ""safe_existing_reuse"", ""utility"": {""batch_n"": 16, ""best_reuse"": ""default"", ""best_reuse_query_after"": 0.6263051629066467, ""best_reuse_utility"": 0.0009187459945678711, ""budget_blocked_fresh"": false, ""defer_utility"": 0.0, ""fold_a_fresh_utility"": -0.03430551290512085, ""fold_a_query_n"": 8, ""fold_a_support_n"": 8, ""fold_b_fresh_utility"": -0.1384294629096985, ""fold_b_query_n"": 8, ""fold_b_support_n"": 8, ""fresh_advantage"": -0.08728623390197754, ""fresh_local_trainability"": -0.012007981538772583, ""fresh_positive"": false, ""fresh_query_after"": 0.7135913968086243, ""fresh_query_before"": 0.7015834152698517, ""fresh_utility"": -0.08636748790740967, ""max_adapters"": 8, ""reuse_profiles"": {""default"": {""feasible_both"": true, ""fold_a_harm"": -0.001049920916557312, ""fold_a_lcb"": -0.004083524318411946, ""fold_a_query_after"": 0.6697424650192261, ""fold_a_utility"": -0.0006390213966369629, ""fold_b_harm"": -0.003921484109014273, ""fold_b_lcb"": -0.005330039365217089, ""fold_b_query_after"": 0.5828678607940674, ""fold_b_utility"": 0.002476513385772705, ""harm_lcb_max"": -0.004083524318411946, ""harm_mean"": -0.0024857025127857924, ""harm_se_mean"": 0.0011332037393003702, ""harm_ucb_max"": 0.0019836824852973224, ""local_trainability"": 0.0009187459945678711, ""query_after"": 0.6263051629066467, ""query_before"": 0.6272239089012146, ""system_utility"": 0.0009187459945678711}}, ""status"": ""ok"", ""statusquo_loss"": 0.6272239089012146, ""total_memory_budget"": 512}, ""utility_status"": ""ok""}"
26,B1,B,1,default,reuse,safe_existing_reuse,0.6205011606216431,1,True,147456,592130,0,67694596,592130,4737056,416,20.177555116126314,486254080,0.0,8.444840987445787,0.5494780130684376,512,512,0.6078806221485138,-0.095865398645401,-0.00042876601219177246,-0.09543663263320923,False,,"{""best_reuse"": ""default"", ""best_reuse_utility"": -0.00042876601219177246, ""decision"": ""reuse"", ""fresh_advantage"": -0.09543663263320923, ""fresh_positive"": false, ""fresh_utility"": -0.095865398645401, ""full_batch_guards"": {""default"": {""crossfit_feasible"": true, ""crossfit_utility"": -0.00042876601219177246, ""crossfit_utility_positive"": false, ""full_batch_cur_after"": 0.6034207344055176, ""full_batch_cur_before"": 0.6078806519508362, ""full_batch_gain"": 0.0044599175453186035, ""full_batch_harm"": -0.0013553542084991932, ""full_batch_harm_lcb"": -0.0033318432979285717, ""full_batch_harm_se"": 0.0010084128007292747, ""full_batch_harm_ucb"": 0.0006211348809301853, ""full_batch_safe"": true}}, ""guarded_best_reuse"": ""default"", ""num_adapters"": 1, ""pending_after"": false, ""pending_before"": false, ""policy_version"": ""cau_v1"", ""reason"": ""safe_existing_reuse"", ""utility"": {""batch_n"": 16, ""best_reuse"": ""default"", ""best_reuse_query_after"": 0.6083093881607056, ""best_reuse_utility"": -0.00042876601219177246, ""budget_blocked_fresh"": false, ""defer_utility"": 0.0, ""fold_a_fresh_utility"": 0.005774438381195068, ""fold_a_query_n"": 8, ""fold_a_support_n"": 8, ""fold_b_fresh_utility"": -0.19750523567199707, ""fold_b_query_n"": 8, ""fold_b_support_n"": 8, ""fresh_advantage"": -0.09543663263320923, ""fresh_local_trainability"": -0.003595888614654541, ""fresh_positive"": false, ""fresh_query_after"": 0.7037460207939148, ""fresh_query_before"": 0.7001501321792603, ""fresh_utility"": -0.095865398645401, ""max_adapters"": 8, ""reuse_profiles"": {""default"": {""feasible_both"": true, ""fold_a_harm"": -0.0013054660521447659, ""fold_a_lcb"": -0.0037974986201152203, ""fold_a_query_after"": 0.709309458732605, ""fold_a_utility"": -0.0031990408897399902, ""fold_b_harm"": -0.003360539674758911, ""fold_b_lcb"": -0.004468974890187383, ""fold_b_query_after"": 0.5073093175888062, ""fold_b_utility"": 0.0023415088653564453, ""harm_lcb_max"": -0.0037974986201152203, ""harm_mean"": -0.0023330028634518385, ""harm_se_mean"": 0.0009184866794385016, ""harm_ucb_max"": 0.0011865665158256886, ""local_trainability"": -0.00042876601219177246, ""query_after"": 0.6083093881607056, ""query_before"": 0.6078806221485138, ""system_utility"": -0.00042876601219177246}}, ""status"": ""ok"", ""statusquo_loss"": 0.6078806221485138, ""total_memory_budget"": 512}, ""utility_status"": ""ok""}"
27,B1,B,1,default,reuse,safe_existing_reuse,0.6532503366470337,1,True,147456,592130,0,67694596,592130,4737056,432,20.55619981396012,486254080,0.0,8.819074190454558,0.5494780130684376,512,512,0.6504178047180176,-0.09901654720306396,-0.004610300064086914,-0.09440624713897705,False,,"{""best_reuse"": ""default"", ""best_reuse_utility"": -0.004610300064086914, ""decision"": ""reuse"", ""fresh_advantage"": -0.09440624713897705, ""fresh_positive"": false, ""fresh_utility"": -0.09901654720306396, ""full_batch_guards"": {""default"": {""crossfit_feasible"": true, ""crossfit_utility"": -0.004610300064086914, ""crossfit_utility_positive"": false, ""full_batch_cur_after"": 0.646025538444519, ""full_batch_cur_before"": 0.6504178047180176, ""full_batch_gain"": 0.004392266273498535, ""full_batch_harm"": -0.0039019491523504257, ""full_batch_harm_lcb"": -0.005228786731604486, ""full_batch_harm_se"": 0.0006769579485990107, ""full_batch_harm_ucb"": -0.002575111573096365, ""full_batch_safe"": true}}, ""guarded_best_reuse"": ""default"", ""num_adapters"": 1, ""pending_after"": false, ""pending_before"": false, ""policy_version"": ""cau_v1"", ""reason"": ""safe_existing_reuse"", ""utility"": {""batch_n"": 16, ""best_reuse"": ""default"", ""best_reuse_query_after"": 0.6550281047821045, ""best_reuse_utility"": -0.004610300064086914, ""budget_blocked_fresh"": false, ""defer_utility"": 0.0, ""fold_a_fresh_utility"": -0.0709841251373291, ""fold_a_query_n"": 8, ""fold_a_support_n"": 8, ""fold_b_fresh_utility"": -0.12704896926879883, ""fold_b_query_n"": 8, ""fold_b_support_n"": 8, ""fresh_advantage"": -0.09440624713897705, ""fresh_local_trainability"": -0.06009519100189209, ""fresh_positive"": false, ""fresh_query_after"": 0.7494343519210815, ""fresh_query_before"": 0.6893391609191895, ""fresh_utility"": -0.09901654720306396, ""max_adapters"": 8, ""reuse_profiles"": {""default"": {""feasible_both"": true, ""fold_a_harm"": 0.0011158119887113571, ""fold_a_lcb"": -0.0023973434045910834, ""fold_a_query_after"": 0.6724740266799927, ""fold_a_utility"": -0.006697297096252441, ""fold_b_harm"": -0.004476875998079777, ""fold_b_lcb"": -0.006178271973039955, ""fold_b_query_after"": 0.6375821828842163, ""fold_b_utility"": -0.0025233030319213867, ""harm_lcb_max"": -0.0023973434045910834, ""harm_mean"": -0.0016805320046842098, ""harm_se_mean"": 0.001330242695985362, ""harm_ucb_max"": 0.004628967382013798, ""local_trainability"": -0.004610300064086914, ""query_after"": 0.6550281047821045, ""query_before"": 0.6504178047180176, ""system_utility"": -0.004610300064086914}}, ""status"": ""ok"", ""statusquo_loss"": 0.6504178047180176, ""total_memory_budget"": 512}, ""utility_status"": ""ok""}"
28,B1,B,1,default,reuse,safe_existing_reuse,0.6077535152435303,1,True,147456,592130,0,67694596,592130,4737056,448,20.93553718109615,486254080,0.0,9.193888319423422,0.5494780130684376,512,512,0.5948201417922974,-0.08867388963699341,0.0030756592750549316,-0.09174954891204834,False,,"{""best_reuse"": ""default"", ""best_reuse_utility"": 0.0030756592750549316, ""decision"": ""reuse"", ""fresh_advantage"": -0.09174954891204834, ""fresh_positive"": false, ""fresh_utility"": -0.08867388963699341, ""full_batch_guards"": {""default"": {""crossfit_feasible"": true, ""crossfit_utility"": 0.0030756592750549316, ""crossfit_utility_positive"": true, ""full_batch_cur_after"": 0.590509831905365, ""full_batch_cur_before"": 0.5948201417922974, ""full_batch_gain"": 0.004310309886932373, ""full_batch_harm"": -0.002664970699697733, ""full_batch_harm_lcb"": -0.0037189974752254787, ""full_batch_harm_se"": 0.0005377687630243599, ""full_batch_harm_ucb"": -0.0016109439241699874, ""full_batch_safe"": true}}, ""guarded_best_reuse"": ""default"", ""num_adapters"": 1, ""pending_after"": false, ""pending_before"": false, ""policy_version"": ""cau_v1"", ""reason"": ""safe_existing_reuse"", ""utility"": {""batch_n"": 16, ""best_reuse"": ""default"", ""best_reuse_query_after"": 0.5917444825172424, ""best_reuse_utility"": 0.0030756592750549316, ""budget_blocked_fresh"": false, ""defer_utility"": 0.0, ""fold_a_fresh_utility"": -0.10493171215057373, ""fold_a_query_n"": 8, ""fold_a_support_n"": 8, ""fold_b_fresh_utility"": -0.07241606712341309, ""fold_b_query_n"": 8, ""fold_b_support_n"": 8, ""fresh_advantage"": -0.09174954891204834, ""fresh_local_trainability"": 0.020366430282592773, ""fresh_positive"": false, ""fresh_query_after"": 0.6834940314292908, ""fresh_query_before"": 0.7038604617118835, ""fresh_utility"": -0.08867388963699341, ""max_adapters"": 8, ""reuse_profiles"": {""default"": {""feasible_both"": true, ""fold_a_harm"": -0.0032531344331800938, ""fold_a_lcb"": -0.004205317156156525, ""fold_a_query_after"": 0.5793172121047974, ""fold_a_utility"": 0.0029697418212890625, ""fold_b_harm"": -0.002910299226641655, ""fold_b_lcb"": -0.004059156840667128, ""fold_b_query_after"": 0.6041717529296875, ""fold_b_utility"": 0.0031815767288208008, ""harm_lcb_max"": -0.004059156840667128, ""harm_mean"": -0.0030817168299108744, ""harm_se_mean"": 0.0005359796778066084, ""harm_ucb_max"": -0.0017614416126161814, ""local_trainability"": 0.0030756592750549316, ""query_after"": 0.5917444825172424, ""query_before"": 0.5948201417922974, ""system_utility"": 0.0030756592750549316}}, ""status"": ""ok"", ""statusquo_loss"": 0.5948201417922974, ""total_memory_budget"": 512}, ""utility_status"": ""ok""}"
29,B1,B,1,default,reuse,safe_existing_reuse,0.620956301689148,1,True,147456,592130,0,67694596,592130,4737056,464,21.31434688391164,486254080,0.0,9.56817726441659,0.5494780130684376,512,512,0.6141955256462097,-0.11949414014816284,-0.0016957223415374756,-0.11779841780662537,False,,"{""best_reuse"": ""default"", ""best_reuse_utility"": -0.0016957223415374756, ""decision"": ""reuse"", ""fresh_advantage"": -0.11779841780662537, ""fresh_positive"": false, ""fresh_utility"": -0.11949414014816284, ""full_batch_guards"": {""default"": {""crossfit_feasible"": true, ""crossfit_utility"": -0.0016957223415374756, ""crossfit_utility_positive"": false, ""full_batch_cur_after"": 0.6088842153549194, ""full_batch_cur_before"": 0.6141955256462097, ""full_batch_gain"": 0.005311310291290283, ""full_batch_harm"": -0.0040397197008132935, ""full_batch_harm_lcb"": -0.005163920372724533, ""full_batch_harm_se"": 0.0005735717713832855, ""full_batch_harm_ucb"": -0.0029155190289020536, ""full_batch_safe"": true}}, ""guarded_best_reuse"": ""default"", ""num_adapters"": 1, ""pending_after"": false, ""pending_before"": false, ""policy_version"": ""cau_v1"", ""reason"": ""safe_existing_reuse"", ""utility"": {""batch_n"": 16, ""best_reuse"": ""default"", ""best_reuse_query_after"": 0.6158912479877472, ""best_reuse_utility"": -0.0016957223415374756, ""budget_blocked_fresh"": false, ""defer_utility"": 0.0, ""fold_a_fresh_utility"": -0.03605031967163086, ""fold_a_query_n"": 8, ""fold_a_support_n"": 8, ""fold_b_fresh_utility"": -0.20293796062469482, ""fold_b_query_n"": 8, ""fold_b_support_n"": 8, ""fresh_advantage"": -0.11779841780662537, ""fresh_local_trainability"": -0.03872966766357422, ""fresh_positive"": false, ""fresh_query_after"": 0.7336896657943726, ""fresh_query_before"": 0.6949599981307983, ""fresh_utility"": -0.11949414014816284, ""max_adapters"": 8, ""reuse_profiles"": {""default"": {""feasible_both"": true, ""fold_a_harm"": 0.0008597308769822121, ""fold_a_lcb"": -0.0025720943929627535, ""fold_a_query_after"": 0.6960625052452087, ""fold_a_utility"": -0.0032402873039245605, ""fold_b_harm"": -0.006215267349034548, ""fold_b_lcb"": -0.008916802695021033, ""fold_b_query_after"": 0.5357199907302856, ""fold_b_utility"": -0.00015115737915039062, ""harm_lcb_max"": -0.0025720943929627535, ""harm_mean"": -0.002677768236026168, ""harm_se_mean"": 0.0015646328101865947, ""harm_ucb_max"": 0.004291556146927177, ""local_trainability"": -0.0016957223415374756, ""query_after"": 0.6158912479877472, ""query_before"": 0.6141955256462097, ""system_utility"": -0.0016957223415374756}}, ""status"": ""ok"", ""statusquo_loss"": 0.6141955256462097, ""total_memory_budget"": 512}, ""utility_status"": ""ok""}"
30,B1,B,1,default,reuse,safe_existing_reuse,0.6686509251594543,1,True,147456,592130,0,67694596,592130,4737056,480,21.69642972899601,486254080,0.0,9.945686060236767,0.5494780130684376,512,512,0.6580406725406647,-0.011201143264770508,0.008484840393066406,-0.019685983657836914,False,,"{""best_reuse"": ""default"", ""best_reuse_utility"": 0.008484840393066406, ""decision"": ""reuse"", ""fresh_advantage"": -0.019685983657836914, ""fresh_positive"": false, ""fresh_utility"": -0.011201143264770508, ""full_batch_guards"": {""default"": {""crossfit_feasible"": true, ""crossfit_utility"": 0.008484840393066406, ""crossfit_utility_positive"": true, ""full_batch_cur_after"": 0.6483758687973022, ""full_batch_cur_before"": 0.6580407023429871, ""full_batch_gain"": 0.009664833545684814, ""full_batch_harm"": -0.006956902798265219, ""full_batch_harm_lcb"": -0.010790710700675846, ""full_batch_harm_se"": 0.0019560244400054216, ""full_batch_harm_ucb"": -0.003123094895854592, ""full_batch_safe"": true}}, ""guarded_best_reuse"": ""default"", ""num_adapters"": 1, ""pending_after"": false, ""pending_before"": false, ""policy_version"": ""cau_v1"", ""reason"": ""safe_existing_reuse"", ""utility"": {""batch_n"": 16, ""best_reuse"": ""default"", ""best_reuse_query_after"": 0.6495558321475983, ""best_reuse_utility"": 0.008484840393066406, ""budget_blocked_fresh"": false, ""defer_utility"": 0.0, ""fold_a_fresh_utility"": -0.04280608892440796, ""fold_a_query_n"": 8, ""fold_a_support_n"": 8, ""fold_b_fresh_utility"": 0.020403802394866943, ""fold_b_query_n"": 8, ""fold_b_support_n"": 8, ""fresh_advantage"": -0.019685983657836914, ""fresh_local_trainability"": 0.02121630311012268, ""fresh_positive"": false, ""fresh_query_after"": 0.6692418158054352, ""fresh_query_before"": 0.6904581189155579, ""fresh_utility"": -0.011201143264770508, ""max_adapters"": 8, ""reuse_profiles"": {""default"": {""feasible_both"": true, ""fold_a_harm"": -0.006651255302131176, ""fold_a_lcb"": -0.0102767378045246, ""fold_a_query_after"": 0.6164382696151733, ""fold_a_utility"": 0.010279595851898193, ""fold_b_harm"": -0.006691089831292629, ""fold_b_lcb"": -0.010285978531464934, ""fold_b_query_after"": 0.6826733946800232, ""fold_b_utility"": 0.006690084934234619, ""harm_lcb_max"": -0.0102767378045246, ""harm_mean"": -0.006671172566711903, ""harm_se_mean"": 0.0018419314292259514, ""harm_ucb_max"": -0.0030257727997377516, ""local_trainability"": 0.008484840393066406, ""query_after"": 0.6495558321475983, ""query_before"": 0.6580406725406647, ""system_utility"": 0.008484840393066406}}, ""status"": ""ok"", ""statusquo_loss"": 0.6580406725406647, ""total_memory_budget"": 512}, ""utility_status"": ""ok""}"
31,B1,B,1,default,reuse,safe_existing_reuse,0.6221214532852173,1,True,147456,592130,0,67694596,592130,4737056,496,22.078660109080374,486254080,0.0,10.323306079255417,0.5494780130684376,512,512,0.6068703532218933,-0.1924390196800232,-0.007292658090591431,-0.18514636158943176,False,,"{""best_reuse"": ""default"", ""best_reuse_utility"": -0.007292658090591431, ""decision"": ""reuse"", ""fresh_advantage"": -0.18514636158943176, ""fresh_positive"": false, ""fresh_utility"": -0.1924390196800232, ""full_batch_guards"": {""default"": {""crossfit_feasible"": true, ""crossfit_utility"": -0.007292658090591431, ""crossfit_utility_positive"": false, ""full_batch_cur_after"": 0.6007102131843567, ""full_batch_cur_before"": 0.6068702936172485, ""full_batch_gain"": 0.006160080432891846, ""full_batch_harm"": -0.007982860319316387, ""full_batch_harm_lcb"": -0.012624598238617182, ""full_batch_harm_se"": 0.0023682336322963238, ""full_batch_harm_ucb"": -0.003341122400015593, ""full_batch_safe"": true}}, ""guarded_best_reuse"": ""default"", ""num_adapters"": 1, ""pending_after"": false, ""pending_before"": false, ""policy_version"": ""cau_v1"", ""reason"": ""safe_existing_reuse"", ""utility"": {""batch_n"": 16, ""best_reuse"": ""default"", ""best_reuse_query_after"": 0.6141630113124847, ""best_reuse_utility"": -0.007292658090591431, ""budget_blocked_fresh"": false, ""defer_utility"": 0.0, ""fold_a_fresh_utility"": -0.27927279472351074, ""fold_a_query_n"": 8, ""fold_a_support_n"": 8, ""fold_b_fresh_utility"": -0.10560524463653564, ""fold_b_query_n"": 8, ""fold_b_support_n"": 8, ""fresh_advantage"": -0.18514636158943176, ""fresh_local_trainability"": -0.1072307825088501, ""fresh_positive"": false, ""fresh_query_after"": 0.7993093729019165, ""fresh_query_before"": 0.6920785903930664, ""fresh_utility"": -0.1924390196800232, ""max_adapters"": 8, ""reuse_profiles"": {""default"": {""feasible_both"": true, ""fold_a_harm"": -0.009901624172925949, ""fold_a_lcb"": -0.01666752587072551, ""fold_a_query_after"": 0.5519068241119385, ""fold_a_utility"": -0.018053412437438965, ""fold_b_harm"": -0.002658657729625702, ""fold_b_lcb"": -0.0035754916747100652, ""fold_b_query_after"": 0.676419198513031, ""fold_b_utility"": 0.0034680962562561035, ""harm_lcb_max"": -0.0035754916747100652, ""harm_mean"": -0.0062801409512758255, ""harm_se_mean"": 0.001959881541552022, ""harm_ucb_max"": -0.0017418237845413386, ""local_trainability"": -0.007292658090591431, ""query_after"": 0.6141630113124847, ""query_before"": 0.6068703532218933, ""system_utility"": -0.007292658090591431}}, ""status"": ""ok"", ""statusquo_loss"": 0.6068703532218933, ""total_memory_budget"": 512}, ""utility_status"": ""ok""}"
32,B1,B,1,default,reuse,safe_existing_reuse,0.6547991037368774,1,True,147456,592130,0,67694596,592130,4737056,512,22.4683830300346,486254080,0.0,10.707612747326493,0.5494780130684376,512,512,0.6335479319095612,-0.05082184076309204,0.007933199405670166,-0.05875504016876221,False,,"{""best_reuse"": ""default"", ""best_reuse_utility"": 0.007933199405670166, ""decision"": ""reuse"", ""fresh_advantage"": -0.05875504016876221, ""fresh_positive"": false, ""fresh_utility"": -0.05082184076309204, ""full_batch_guards"": {""default"": {""crossfit_feasible"": true, ""crossfit_utility"": 0.007933199405670166, ""crossfit_utility_positive"": true, ""full_batch_cur_after"": 0.623853325843811, ""full_batch_cur_before"": 0.6335479617118835, ""full_batch_gain"": 0.00969463586807251, ""full_batch_harm"": -0.007830725982785225, ""full_batch_harm_lcb"": -0.013950746404007078, ""full_batch_harm_se"": 0.0031224593985825777, ""full_batch_harm_ucb"": -0.001710705561563373, ""full_batch_safe"": true}}, ""guarded_best_reuse"": ""default"", ""num_adapters"": 1, ""pending_after"": false, ""pending_before"": false, ""policy_version"": ""cau_v1"", ""reason"": ""safe_existing_reuse"", ""utility"": {""batch_n"": 16, ""best_reuse"": ""default"", ""best_reuse_query_after"": 0.625614732503891, ""best_reuse_utility"": 0.007933199405670166, ""budget_blocked_fresh"": false, ""defer_utility"": 0.0, ""fold_a_fresh_utility"": -0.05812573432922363, ""fold_a_query_n"": 8, ""fold_a_support_n"": 8, ""fold_b_fresh_utility"": -0.04351794719696045, ""fold_b_query_n"": 8, ""fold_b_support_n"": 8, ""fresh_advantage"": -0.05875504016876221, ""fresh_local_trainability"": 0.00995287299156189, ""fresh_positive"": false, ""fresh_query_after"": 0.6843697726726532, ""fresh_query_before"": 0.6943226456642151, ""fresh_utility"": -0.05082184076309204, ""max_adapters"": 8, ""reuse_profiles"": {""default"": {""feasible_both"": true, ""fold_a_harm"": -0.007367235142737627, ""fold_a_lcb"": -0.013280514376237989, ""fold_a_query_after"": 0.6153031587600708, ""fold_a_utility"": 0.008965849876403809, ""fold_b_harm"": -0.007887662388384342, ""fold_b_lcb"": -0.014086095271632074, ""fold_b_query_after"": 0.6359263062477112, ""fold_b_utility"": 0.0069005489349365234, ""harm_lcb_max"": -0.013280514376237989, ""harm_mean"": -0.007627448765560985, ""harm_se_mean"": 0.003089722478762269, ""harm_ucb_max"": -0.001453955909237266, ""local_trainability"": 0.007933199405670166, ""query_after"": 0.625614732503891, ""query_before"": 0.6335479319095612, ""system_utility"": 0.007933199405670166}}, ""status"": ""ok"", ""statusquo_loss"": 0.6335479319095612, ""total_memory_budget"": 512}, ""utility_status"": ""ok""}"
33,A2,A,2,default,reuse,safe_existing_reuse,0.5475975275039673,1,True,147456,592130,0,67694596,592130,4737056,512,23.447559596970677,487040512,0.0,11.087262754328549,1.14305832516402,512,512,0.5401589572429657,-0.13420572876930237,0.0008597671985626221,-0.135065495967865,False,,"{""best_reuse"": ""default"", ""best_reuse_utility"": 0.0008597671985626221, ""decision"": ""reuse"", ""fresh_advantage"": -0.135065495967865, ""fresh_positive"": false, ""fresh_utility"": -0.13420572876930237, ""full_batch_guards"": {""default"": {""crossfit_feasible"": true, ""crossfit_utility"": 0.0008597671985626221, ""crossfit_utility_positive"": true, ""full_batch_cur_after"": 0.5373213887214661, ""full_batch_cur_before"": 0.5401589274406433, ""full_batch_gain"": 0.002837538719177246, ""full_batch_harm"": 0.00045918021351099014, ""full_batch_harm_lcb"": -0.0041626390255987645, ""full_batch_harm_se"": 0.0023580710403621197, ""full_batch_harm_ucb"": 0.005080999452620745, ""full_batch_safe"": true}}, ""guarded_best_reuse"": ""default"", ""num_adapters"": 1, ""pending_after"": false, ""pending_before"": false, ""policy_version"": ""cau_v1"", ""reason"": ""safe_existing_reuse"", ""utility"": {""batch_n"": 16, ""best_reuse"": ""default"", ""best_reuse_query_after"": 0.5392991900444031, ""best_reuse_utility"": 0.0008597671985626221, ""budget_blocked_fresh"": false, ""defer_utility"": 0.0, ""fold_a_fresh_utility"": -0.1465131640434265, ""fold_a_query_n"": 8, ""fold_a_support_n"": 8, ""fold_b_fresh_utility"": -0.12189829349517822, ""fold_b_query_n"": 8, ""fold_b_support_n"": 8, ""fresh_advantage"": -0.135065495967865, ""fresh_local_trainability"": 0.019735902547836304, ""fresh_positive"": false, ""fresh_query_after"": 0.6743646860122681, ""fresh_query_before"": 0.6941005885601044, ""fresh_utility"": -0.13420572876930237, ""max_adapters"": 8, ""reuse_profiles"": {""default"": {""feasible_both"": true, ""fold_a_harm"": 0.0010103057138621807, ""fold_a_lcb"": -0.00432963059283793, ""fold_a_query_after"": 0.5257092714309692, ""fold_a_utility"": -0.0002945065498352051, ""fold_b_harm"": 0.0010568653233349323, ""fold_b_lcb"": -0.003914795815944672, ""fold_b_query_after"": 0.5528891086578369, ""fold_b_utility"": 0.0020140409469604492, ""harm_lcb_max"": -0.003914795815944672, ""harm_mean"": 0.0010335855185985565, ""harm_se_mean"": 0.0026305095525458455, ""harm_ucb_max"": 0.006350242020562291, ""local_trainability"": 0.0008597671985626221, ""query_after"": 0.5392991900444031, ""query_before"": 0.5401589572429657, ""system_utility"": 0.0008597671985626221}}, ""status"": ""ok"", ""statusquo_loss"": 0.5401589572429657, ""total_memory_budget"": 512}, ""utility_status"": ""ok""}"
34,A2,A,2,default,reuse,safe_existing_reuse,0.6222215294837952,1,True,147456,592130,0,67694596,592130,4737056,512,23.844455600949004,487040512,0.0,11.479342232225463,1.14305832516402,512,512,0.6075246632099152,-0.0859127938747406,0.00462689995765686,-0.09053969383239746,False,,"{""best_reuse"": ""default"", ""best_reuse_utility"": 0.00462689995765686, ""decision"": ""reuse"", ""fresh_advantage"": -0.09053969383239746, ""fresh_positive"": false, ""fresh_utility"": -0.0859127938747406, ""full_batch_guards"": {""default"": {""crossfit_feasible"": true, ""crossfit_utility"": 0.00462689995765686, ""crossfit_utility_positive"": true, ""full_batch_cur_after"": 0.6011202931404114, ""full_batch_cur_before"": 0.6075246334075928, ""full_batch_gain"": 0.0064043402671813965, ""full_batch_harm"": -0.0048290034756064415, ""full_batch_harm_lcb"": -0.010176654346287249, ""full_batch_harm_se"": 0.0027283933013677597, ""full_batch_harm_ucb"": 0.000518647395074367, ""full_batch_safe"": true}}, ""guarded_best_reuse"": ""default"", ""num_adapters"": 1, ""pending_after"": false, ""pending_before"": false, ""policy_version"": ""cau_v1"", ""reason"": ""safe_existing_reuse"", ""utility"": {""batch_n"": 16, ""best_reuse"": ""default"", ""best_reuse_query_after"": 0.6028977632522583, ""best_reuse_utility"": 0.00462689995765686, ""budget_blocked_fresh"": false, ""defer_utility"": 0.0, ""fold_a_fresh_utility"": -0.14136600494384766, ""fold_a_query_n"": 8, ""fold_a_support_n"": 8, ""fold_b_fresh_utility"": -0.030459582805633545, ""fold_b_query_n"": 8, ""fold_b_support_n"": 8, ""fresh_advantage"": -0.09053969383239746, ""fresh_local_trainability"": 0.00247347354888916, ""fresh_positive"": false, ""fresh_query_after"": 0.6934374570846558, ""fresh_query_before"": 0.6959109306335449, ""fresh_utility"": -0.0859127938747406, ""max_adapters"": 8, ""reuse_profiles"": {""default"": {""feasible_both"": true, ""fold_a_harm"": -0.004208460915833712, ""fold_a_lcb"": -0.008712504934519529, ""fold_a_query_after"": 0.5495778322219849, ""fold_a_utility"": 0.006144583225250244, ""fold_b_harm"": -0.004941449500620365, ""fold_b_lcb"": -0.010258644614368678, ""fold_b_query_after"": 0.6562176942825317, ""fold_b_utility"": 0.0031092166900634766, ""harm_lcb_max"": -0.008712504934519529, ""harm_mean"": -0.004574955208227038, ""harm_se_mean"": 0.0025054181460291147, ""harm_ucb_max"": 0.0003757456131279471, ""local_trainability"": 0.00462689995765686, ""query_after"": 0.6028977632522583, ""query_before"": 0.6075246632099152, ""system_utility"": 0.00462689995765686}}, ""status"": ""ok"", ""statusquo_loss"": 0.6075246632099152, ""total_memory_budget"": 512}, ""utility_status"": ""ok""}"
35,A2,A,2,default,reuse,safe_existing_reuse,0.6194096803665161,1,True,147456,592130,0,67694596,592130,4737056,512,24.229056457988918,487040512,0.0,11.859133682213724,1.14305832516402,512,512,0.6090370118618011,-0.06556206941604614,0.01015588641166687,-0.07571795582771301,False,,"{""best_reuse"": ""default"", ""best_reuse_utility"": 0.01015588641166687, ""decision"": ""reuse"", ""fresh_advantage"": -0.07571795582771301, ""fresh_positive"": false, ""fresh_utility"": -0.06556206941604614, ""full_batch_guards"": {""default"": {""crossfit_feasible"": true, ""crossfit_utility"": 0.01015588641166687, ""crossfit_utility_positive"": true, ""full_batch_cur_after"": 0.5969167947769165, ""full_batch_cur_before"": 0.6090370416641235, ""full_batch_gain"": 0.012120246887207031, ""full_batch_harm"": -0.005877743475139141, ""full_batch_harm_lcb"": -0.013348397631198168, ""full_batch_harm_se"": 0.0038115582428872585, ""full_batch_harm_ucb"": 0.001592910680919886, ""full_batch_safe"": true}}, ""guarded_best_reuse"": ""default"", ""num_adapters"": 1, ""pending_after"": false, ""pending_before"": false, ""policy_version"": ""cau_v1"", ""reason"": ""safe_existing_reuse"", ""utility"": {""batch_n"": 16, ""best_reuse"": ""default"", ""best_reuse_query_after"": 0.5988811254501343, ""best_reuse_utility"": 0.01015588641166687, ""budget_blocked_fresh"": false, ""defer_utility"": 0.0, ""fold_a_fresh_utility"": 0.005608677864074707, ""fold_a_query_n"": 8, ""fold_a_support_n"": 8, ""fold_b_fresh_utility"": -0.136732816696167, ""fold_b_query_n"": 8, ""fold_b_support_n"": 8, ""fresh_advantage"": -0.07571795582771301, ""fresh_local_trainability"": 0.01666739583015442, ""fresh_positive"": false, ""fresh_query_after"": 0.6745990812778473, ""fresh_query_before"": 0.6912664771080017, ""fresh_utility"": -0.06556206941604614, ""max_adapters"": 8, ""reuse_profiles"": {""default"": {""feasible_both"": true, ""fold_a_harm"": -0.005917977541685104, ""fold_a_lcb"": -0.01264022270217538, ""fold_a_query_after"": 0.6724478006362915, ""fold_a_utility"": 0.012016713619232178, ""fold_b_harm"": -0.005635883193463087, ""fold_b_lcb"": -0.012996836751699447, ""fold_b_query_after"": 0.525314450263977, ""fold_b_utility"": 0.008295059204101562, ""harm_lcb_max"": -0.01264022270217538, ""harm_mean"": -0.005776930367574096, ""harm_se_mean"": 0.0035926527343690395, ""harm_ucb_max"": 0.0017250703647732736, ""local_trainability"": 0.01015588641166687, ""query_after"": 0.5988811254501343, ""query_before"": 0.6090370118618011, ""system_utility"": 0.01015588641166687}}, ""status"": ""ok"", ""statusquo_loss"": 0.6090370118618011, ""total_memory_budget"": 512}, ""utility_status"": ""ok""}"
36,A2,A,2,default,reuse,safe_existing_reuse,0.6098791360855103,1,True,147456,592130,0,67694596,592130,4737056,512,24.615876377094537,487040512,0.0,12.241011202335358,1.14305832516402,512,512,0.5950960218906403,-0.1432126760482788,0.00670933723449707,-0.14992201328277588,False,,"{""best_reuse"": ""default"", ""best_reuse_utility"": 0.00670933723449707, ""decision"": ""reuse"", ""fresh_advantage"": -0.14992201328277588, ""fresh_positive"": false, ""fresh_utility"": -0.1432126760482788, ""full_batch_guards"": {""default"": {""crossfit_feasible"": true, ""crossfit_utility"": 0.00670933723449707, ""crossfit_utility_positive"": true, ""full_batch_cur_after"": 0.5794281363487244, ""full_batch_cur_before"": 0.5950961112976074, ""full_batch_gain"": 0.015667974948883057, ""full_batch_harm"": -0.0038380902260541916, ""full_batch_harm_lcb"": -0.013448611553758382, ""full_batch_harm_se"": 0.0049033272080123425, ""full_batch_harm_ucb"": 0.005772431101649999, ""full_batch_safe"": true}}, ""guarded_best_reuse"": ""default"", ""num_adapters"": 1, ""pending_after"": false, ""pending_before"": false, ""policy_version"": ""cau_v1"", ""reason"": ""safe_existing_reuse"", ""utility"": {""batch_n"": 16, ""best_reuse"": ""default"", ""best_reuse_query_after"": 0.5883866846561432, ""best_reuse_utility"": 0.00670933723449707, ""budget_blocked_fresh"": false, ""defer_utility"": 0.0, ""fold_a_fresh_utility"": -0.18549156188964844, ""fold_a_query_n"": 8, ""fold_a_support_n"": 8, ""fold_b_fresh_utility"": -0.10093379020690918, ""fold_b_query_n"": 8, ""fold_b_support_n"": 8, ""fresh_advantage"": -0.14992201328277588, ""fresh_local_trainability"": -0.043674856424331665, ""fresh_positive"": false, ""fresh_query_after"": 0.7383086979389191, ""fresh_query_before"": 0.6946338415145874, ""fresh_utility"": -0.1432126760482788, ""max_adapters"": 8, ""reuse_profiles"": {""default"": {""feasible_both"": true, ""fold_a_harm"": -0.003649757243692875, ""fold_a_lcb"": -0.013317908030003309, ""fold_a_query_after"": 0.5626821517944336, ""fold_a_utility"": -0.004415571689605713, ""fold_b_harm"": -0.004085091408342123, ""fold_b_lcb"": -0.008900598911568521, ""fold_b_query_after"": 0.6140912175178528, ""fold_b_utility"": 0.017834246158599854, ""harm_lcb_max"": -0.008900598911568521, ""harm_mean"": -0.003867424326017499, ""harm_se_mean"": 0.0036948107881471515, ""harm_ucb_max"": 0.006018393542617559, ""local_trainability"": 0.00670933723449707, ""query_after"": 0.5883866846561432, ""query_before"": 0.5950960218906403, ""system_utility"": 0.00670933723449707}}, ""status"": ""ok"", ""statusquo_loss"": 0.5950960218906403, ""total_memory_budget"": 512}, ""utility_status"": ""ok""}"
37,A2,A,2,default,reuse,safe_existing_reuse,0.6118031144142151,1,True,147456,592130,0,67694596,592130,4737056,512,25.00315186008811,487040512,0.0,12.623353075236082,1.14305832516402,512,512,0.6098317801952362,-0.052460700273513794,0.018023759126663208,-0.070484459400177,False,,"{""best_reuse"": ""default"", ""best_reuse_utility"": 0.018023759126663208, ""decision"": ""reuse"", ""fresh_advantage"": -0.070484459400177, ""fresh_positive"": false, ""fresh_utility"": -0.052460700273513794, ""full_batch_guards"": {""default"": {""crossfit_feasible"": true, ""crossfit_utility"": 0.018023759126663208, ""crossfit_utility_positive"": true, ""full_batch_cur_after"": 0.5901273488998413, ""full_batch_cur_before"": 0.6098318099975586, ""full_batch_gain"": 0.019704461097717285, ""full_batch_harm"": -0.001513271825388074, ""full_batch_harm_lcb"": -0.01330617188476026, ""full_batch_harm_se"": 0.006016785744577646, ""full_batch_harm_ucb"": 0.010279628233984112, ""full_batch_safe"": true}}, ""guarded_best_reuse"": ""default"", ""num_adapters"": 1, ""pending_after"": false, ""pending_before"": false, ""policy_version"": ""cau_v1"", ""reason"": ""safe_existing_reuse"", ""utility"": {""batch_n"": 16, ""best_reuse"": ""default"", ""best_reuse_query_after"": 0.591808021068573, ""best_reuse_utility"": 0.018023759126663208, ""budget_blocked_fresh"": false, ""defer_utility"": 0.0, ""fold_a_fresh_utility"": -0.06245166063308716, ""fold_a_query_n"": 8, ""fold_a_support_n"": 8, ""fold_b_fresh_utility"": -0.04246973991394043, ""fold_b_query_n"": 8, ""fold_b_support_n"": 8, ""fresh_advantage"": -0.070484459400177, ""fresh_local_trainability"": 0.021899640560150146, ""fresh_positive"": false, ""fresh_query_after"": 0.66229248046875, ""fresh_query_before"": 0.6841921210289001, ""fresh_utility"": -0.052460700273513794, ""max_adapters"": 8, ""reuse_profiles"": {""default"": {""feasible_both"": true, ""fold_a_harm"": -0.001610501203685999, ""fold_a_lcb"": -0.01248132262378931, ""fold_a_query_after"": 0.5714186429977417, ""fold_a_utility"": 0.025733649730682373, ""fold_b_harm"": -0.0014322195202112198, ""fold_b_lcb"": -0.013276710640639067, ""fold_b_query_after"": 0.6121973991394043, ""fold_b_utility"": 0.010313868522644043, ""harm_lcb_max"": -0.01248132262378931, ""harm_mean"": -0.0015213603619486094, ""harm_se_mean"": 0.0057947225868701935, ""harm_ucb_max"": 0.010412271600216627, ""local_trainability"": 0.018023759126663208, ""query_after"": 0.591808021068573, ""query_before"": 0.6098317801952362, ""system_utility"": 0.018023759126663208}}, ""status"": ""ok"", ""statusquo_loss"": 0.6098317801952362, ""total_memory_budget"": 512}, ""utility_status"": ""ok""}"
38,A2,A,2,default,reuse,safe_existing_reuse,0.6050806641578674,1,True,147456,592130,0,67694596,592130,4737056,512,25.388677031965926,487040512,0.0,13.00387308606878,1.14305832516402,512,512,0.6142193377017975,-0.07759302854537964,-0.009341031312942505,-0.06825199723243713,False,,"{""best_reuse"": ""default"", ""best_reuse_utility"": -0.009341031312942505, ""decision"": ""reuse"", ""fresh_advantage"": -0.06825199723243713, ""fresh_positive"": false, ""fresh_utility"": -0.07759302854537964, ""full_batch_guards"": {""default"": {""crossfit_feasible"": true, ""crossfit_utility"": -0.009341031312942505, ""crossfit_utility_positive"": false, ""full_batch_cur_after"": 0.6184427738189697, ""full_batch_cur_before"": 0.6142193078994751, ""full_batch_gain"": -0.004223465919494629, ""full_batch_harm"": -0.0006457048002630472, ""full_batch_harm_lcb"": -0.00884940910153091, ""full_batch_harm_se"": 0.0041855634190142155, ""full_batch_harm_ucb"": 0.007557999501004815, ""full_batch_safe"": true}}, ""guarded_best_reuse"": ""default"", ""num_adapters"": 1, ""pending_after"": false, ""pending_before"": false, ""policy_version"": ""cau_v1"", ""reason"": ""safe_existing_reuse"", ""utility"": {""batch_n"": 16, ""best_reuse"": ""default"", ""best_reuse_query_after"": 0.62356036901474, ""best_reuse_utility"": -0.009341031312942505, ""budget_blocked_fresh"": false, ""defer_utility"": 0.0, ""fold_a_fresh_utility"": -0.07794922590255737, ""fold_a_query_n"": 8, ""fold_a_support_n"": 8, ""fold_b_fresh_utility"": -0.0772368311882019, ""fold_b_query_n"": 8, ""fold_b_support_n"": 8, ""fresh_advantage"": -0.06825199723243713, ""fresh_local_trainability"": -0.0019137561321258545, ""fresh_positive"": false, ""fresh_query_after"": 0.6918123662471771, ""fresh_query_before"": 0.6898986101150513, ""fresh_utility"": -0.07759302854537964, ""max_adapters"": 8, ""reuse_profiles"": {""default"": {""feasible_both"": true, ""fold_a_harm"": -0.0005581444129347801, ""fold_a_lcb"": -0.00858011357486248, ""fold_a_query_after"": 0.6035257577896118, ""fold_a_utility"": 0.0008744597434997559, ""fold_b_harm"": 0.00026431609876453876, ""fold_b_lcb"": -0.010760131245478987, ""fold_b_query_after"": 0.6435949802398682, ""fold_b_utility"": -0.019556522369384766, ""harm_lcb_max"": -0.00858011357486248, ""harm_mean"": -0.00014691415708512068, ""harm_se_mean"": 0.004858779720962048, ""harm_ucb_max"": 0.011288763443008065, ""local_trainability"": -0.009341031312942505, ""query_after"": 0.62356036901474, ""query_before"": 0.6142193377017975, ""system_utility"": -0.009341031312942505}}, ""status"": ""ok"", ""statusquo_loss"": 0.6142193377017975, ""total_memory_budget"": 512}, ""utility_status"": ""ok""}"
39,A2,A,2,default,reuse,safe_existing_reuse,0.5327949523925781,1,True,147456,592130,0,67694596,592130,4737056,512,25.783732054987922,487040512,0.0,13.393884165212512,1.14305832516402,512,512,0.5369523465633392,-0.12886595726013184,-0.003239452838897705,-0.12562650442123413,False,,"{""best_reuse"": ""default"", ""best_reuse_utility"": -0.003239452838897705, ""decision"": ""reuse"", ""fresh_advantage"": -0.12562650442123413, ""fresh_positive"": false, ""fresh_utility"": -0.12886595726013184, ""full_batch_guards"": {""default"": {""crossfit_feasible"": true, ""crossfit_utility"": -0.003239452838897705, ""crossfit_utility_positive"": false, ""full_batch_cur_after"": 0.5389845371246338, ""full_batch_cur_before"": 0.5369522571563721, ""full_batch_gain"": -0.0020322799682617188, ""full_batch_harm"": 0.0003968421369791031, ""full_batch_harm_lcb"": -0.003844438493251801, ""full_batch_harm_se"": 0.002163918688893318, ""full_batch_harm_ucb"": 0.004638122767210007, ""full_batch_safe"": true}}, ""guarded_best_reuse"": ""default"", ""num_adapters"": 1, ""pending_after"": false, ""pending_before"": false, ""policy_version"": ""cau_v1"", ""reason"": ""safe_existing_reuse"", ""utility"": {""batch_n"": 16, ""best_reuse"": ""default"", ""best_reuse_query_after"": 0.5401917994022369, ""best_reuse_utility"": -0.003239452838897705, ""budget_blocked_fresh"": false, ""defer_utility"": 0.0, ""fold_a_fresh_utility"": -0.1658383011817932, ""fold_a_query_n"": 8, ""fold_a_support_n"": 8, ""fold_b_fresh_utility"": -0.09189361333847046, ""fold_b_query_n"": 8, ""fold_b_support_n"": 8, ""fresh_advantage"": -0.12562650442123413, ""fresh_local_trainability"": 0.036629945039749146, ""fresh_positive"": false, ""fresh_query_after"": 0.6658183038234711, ""fresh_query_before"": 0.7024482488632202, ""fresh_utility"": -0.12886595726013184, ""max_adapters"": 8, ""reuse_profiles"": {""default"": {""feasible_both"": true, ""fold_a_harm"": 0.0005650799721479416, ""fold_a_lcb"": -0.003790359776467085, ""fold_a_query_after"": 0.5106954574584961, ""fold_a_utility"": -0.0018553733825683594, ""fold_b_harm"": 0.0007029254920780659, ""fold_b_lcb"": -0.0038702205754816534, ""fold_b_query_after"": 0.5696881413459778, ""fold_b_utility"": -0.004623532295227051, ""harm_lcb_max"": -0.003790359776467085, ""harm_mean"": 0.0006340027321130037, ""harm_se_mean"": 0.002277700463309884, ""harm_ucb_max"": 0.005276071559637785, ""local_trainability"": -0.003239452838897705, ""query_after"": 0.5401917994022369, ""query_before"": 0.5369523465633392, ""system_utility"": -0.003239452838897705}}, ""status"": ""ok"", ""statusquo_loss"": 0.5369523465633392, ""total_memory_budget"": 512}, ""utility_status"": ""ok""}"
40,A2,A,2,default,reuse,safe_existing_reuse,0.5577372312545776,1,True,147456,592130,0,67694596,592130,4737056,512,26.17435384192504,487040512,0.0,13.77868593716994,1.14305832516402,512,512,0.5458060801029205,-0.13444533944129944,0.0020867586135864258,-0.13653209805488586,False,,"{""best_reuse"": ""default"", ""best_reuse_utility"": 0.0020867586135864258, ""decision"": ""reuse"", ""fresh_advantage"": -0.13653209805488586, ""fresh_positive"": false, ""fresh_utility"": -0.13444533944129944, ""full_batch_guards"": {""default"": {""crossfit_feasible"": true, ""crossfit_utility"": 0.0020867586135864258, ""crossfit_utility_positive"": true, ""full_batch_cur_after"": 0.5416291356086731, ""full_batch_cur_before"": 0.5458060503005981, ""full_batch_gain"": 0.004176914691925049, ""full_batch_harm"": -0.0022677734959870577, ""full_batch_harm_lcb"": -0.0045702812913805246, ""full_batch_harm_se"": 0.0011747488752007484, ""full_batch_harm_ucb"": 3.4734299406409194e-05, ""full_batch_safe"": true}}, ""guarded_best_reuse"": ""default"", ""num_adapters"": 1, ""pending_after"": false, ""pending_before"": false, ""policy_version"": ""cau_v1"", ""reason"": ""safe_existing_reuse"", ""utility"": {""batch_n"": 16, ""best_reuse"": ""default"", ""best_reuse_query_after"": 0.5437193214893341, ""best_reuse_utility"": 0.0020867586135864258, ""budget_blocked_fresh"": false, ""defer_utility"": 0.0, ""fold_a_fresh_utility"": -0.07819420099258423, ""fold_a_query_n"": 8, ""fold_a_support_n"": 8, ""fold_b_fresh_utility"": -0.19069647789001465, ""fold_b_query_n"": 8, ""fold_b_support_n"": 8, ""fresh_advantage"": -0.13653209805488586, ""fresh_local_trainability"": 0.005819350481033325, ""fresh_positive"": false, ""fresh_query_after"": 0.68025141954422, ""fresh_query_before"": 0.6860707700252533, ""fresh_utility"": -0.13444533944129944, ""max_adapters"": 8, ""reuse_profiles"": {""default"": {""feasible_both"": true, ""fold_a_harm"": -0.0014539689291268587, ""fold_a_lcb"": -0.005246556280180812, ""fold_a_query_after"": 0.6060329079627991, ""fold_a_utility"": -0.0007494688034057617, ""fold_b_harm"": -0.0019518176559358835, ""fold_b_lcb"": -0.00433921326417476, ""fold_b_query_after"": 0.48140573501586914, ""fold_b_utility"": 0.004922986030578613, ""harm_lcb_max"": -0.00433921326417476, ""harm_mean"": -0.0017028932925313711, ""harm_se_mean"": 0.0015765262651257217, ""harm_ucb_max"": 0.0023386184219270946, ""local_trainability"": 0.0020867586135864258, ""query_after"": 0.5437193214893341, ""query_before"": 0.5458060801029205, ""system_utility"": 0.0020867586135864258}}, ""status"": ""ok"", ""statusquo_loss"": 0.5458060801029205, ""total_memory_budget"": 512}, ""utility_status"": ""ok""}"
41,A2,A,2,default,reuse,safe_existing_reuse,0.5999702215194702,1,True,147456,592130,0,67694596,592130,4737056,512,26.562139987945557,487040512,0.0,14.16126495716162,1.14305832516402,512,512,0.603028416633606,-0.08930733799934387,-0.0016023218631744385,-0.08770501613616943,False,,"{""best_reuse"": ""default"", ""best_reuse_utility"": -0.0016023218631744385, ""decision"": ""reuse"", ""fresh_advantage"": -0.08770501613616943, ""fresh_positive"": false, ""fresh_utility"": -0.08930733799934387, ""full_batch_guards"": {""default"": {""crossfit_feasible"": true, ""crossfit_utility"": -0.0016023218631744385, ""crossfit_utility_positive"": false, ""full_batch_cur_after"": 0.5989314913749695, ""full_batch_cur_before"": 0.6030284762382507, ""full_batch_gain"": 0.00409698486328125, ""full_batch_harm"": -0.0023032091557979584, ""full_batch_harm_lcb"": -0.005464371195994317, ""full_batch_harm_se"": 0.0016128377756103873, ""full_batch_harm_ucb"": 0.0008579528843984008, ""full_batch_safe"": true}}, ""guarded_best_reuse"": ""default"", ""num_adapters"": 1, ""pending_after"": false, ""pending_before"": false, ""policy_version"": ""cau_v1"", ""reason"": ""safe_existing_reuse"", ""utility"": {""batch_n"": 16, ""best_reuse"": ""default"", ""best_reuse_query_after"": 0.6046307384967804, ""best_reuse_utility"": -0.0016023218631744385, ""budget_blocked_fresh"": false, ""defer_utility"": 0.0, ""fold_a_fresh_utility"": -0.0518946647644043, ""fold_a_query_n"": 8, ""fold_a_support_n"": 8, ""fold_b_fresh_utility"": -0.12672001123428345, ""fold_b_query_n"": 8, ""fold_b_support_n"": 8, ""fresh_advantage"": -0.08770501613616943, ""fresh_local_trainability"": -0.00428202748298645, ""fresh_positive"": false, ""fresh_query_after"": 0.6923357546329498, ""fresh_query_before"": 0.6880537271499634, ""fresh_utility"": -0.08930733799934387, ""max_adapters"": 8, ""reuse_profiles"": {""default"": {""feasible_both"": true, ""fold_a_harm"": -0.0015430748462677002, ""fold_a_lcb"": -0.006451492989435792, ""fold_a_query_after"": 0.6540805697441101, ""fold_a_utility"": -0.004960000514984131, ""fold_b_harm"": -0.003123447997495532, ""fold_b_lcb"": -0.0041303542116656895, ""fold_b_query_after"": 0.5551809072494507, ""fold_b_utility"": 0.001755356788635254, ""harm_lcb_max"": -0.0041303542116656895, ""harm_mean"": -0.002333261421881616, ""harm_se_mean"": 0.0015090113156475127, ""harm_ucb_max"": 0.0033653432969003912, ""local_trainability"": -0.0016023218631744385, ""query_after"": 0.6046307384967804, ""query_before"": 0.603028416633606, ""system_utility"": -0.0016023218631744385}}, ""status"": ""ok"", ""statusquo_loss"": 0.603028416633606, ""total_memory_budget"": 512}, ""utility_status"": ""ok""}"
42,A2,A,2,default,reuse,safe_existing_reuse,0.5524762868881226,1,True,147456,592130,0,67694596,592130,4737056,512,26.949397480115294,487040512,0.0,14.543314762180671,1.14305832516402,512,512,0.5667310655117035,-0.12545806169509888,0.003703981637954712,-0.1291620433330536,False,,"{""best_reuse"": ""default"", ""best_reuse_utility"": 0.003703981637954712, ""decision"": ""reuse"", ""fresh_advantage"": -0.1291620433330536, ""fresh_positive"": false, ""fresh_utility"": -0.12545806169509888, ""full_batch_guards"": {""default"": {""crossfit_feasible"": true, ""crossfit_utility"": 0.003703981637954712, ""crossfit_utility_positive"": true, ""full_batch_cur_after"": 0.5612126588821411, ""full_batch_cur_before"": 0.5667310953140259, ""full_batch_gain"": 0.005518436431884766, ""full_batch_harm"": -0.003397948807105422, ""full_batch_harm_lcb"": -0.004341441465076059, ""full_batch_harm_se"": 0.00048137380508705974, ""full_batch_harm_ucb"": -0.002454456149134785, ""full_batch_safe"": true}}, ""guarded_best_reuse"": ""default"", ""num_adapters"": 1, ""pending_after"": false, ""pending_before"": false, ""policy_version"": ""cau_v1"", ""reason"": ""safe_existing_reuse"", ""utility"": {""batch_n"": 16, ""best_reuse"": ""default"", ""best_reuse_query_after"": 0.5630270838737488, ""best_reuse_utility"": 0.003703981637954712, ""budget_blocked_fresh"": false, ""defer_utility"": 0.0, ""fold_a_fresh_utility"": -0.11398983001708984, ""fold_a_query_n"": 8, ""fold_a_support_n"": 8, ""fold_b_fresh_utility"": -0.1369262933731079, ""fold_b_query_n"": 8, ""fold_b_support_n"": 8, ""fresh_advantage"": -0.1291620433330536, ""fresh_local_trainability"": 0.002831876277923584, ""fresh_positive"": false, ""fresh_query_after"": 0.6921891272068024, ""fresh_query_before"": 0.695021003484726, ""fresh_utility"": -0.12545806169509888, ""max_adapters"": 8, ""reuse_profiles"": {""default"": {""feasible_both"": true, ""fold_a_harm"": -0.0033025993034243584, ""fold_a_lcb"": -0.004242960615083575, ""fold_a_query_after"": 0.5785348415374756, ""fold_a_utility"": 0.0035529136657714844, ""fold_b_harm"": -0.0030629702378064394, ""fold_b_lcb"": -0.003975730934180319, ""fold_b_query_after"": 0.547519326210022, ""fold_b_utility"": 0.0038550496101379395, ""harm_lcb_max"": -0.003975730934180319, ""harm_mean"": -0.003182784770615399, ""harm_se_mean"": 0.00047273520613089204, ""harm_ucb_max"": -0.0021502095414325595, ""local_trainability"": 0.003703981637954712, ""query_after"": 0.5630270838737488, ""query_before"": 0.5667310655117035, ""system_utility"": 0.003703981637954712}}, ""status"": ""ok"", ""statusquo_loss"": 0.5667310655117035, ""total_memory_budget"": 512}, ""utility_status"": ""ok""}"
43,A2,A,2,default,reuse,safe_existing_reuse,0.576679527759552,1,True,147456,592130,0,67694596,592130,4737056,512,27.353102816967294,487040512,0.0,14.941754590254277,1.14305832516402,512,512,0.5611383616924286,-0.09796825051307678,0.003588080406188965,-0.10155633091926575,False,,"{""best_reuse"": ""default"", ""best_reuse_utility"": 0.003588080406188965, ""decision"": ""reuse"", ""fresh_advantage"": -0.10155633091926575, ""fresh_positive"": false, ""fresh_utility"": -0.09796825051307678, ""full_batch_guards"": {""default"": {""crossfit_feasible"": true, ""crossfit_utility"": 0.003588080406188965, ""crossfit_utility_positive"": true, ""full_batch_cur_after"": 0.554641604423523, ""full_batch_cur_before"": 0.5611383318901062, ""full_batch_gain"": 0.006496727466583252, ""full_batch_harm"": -0.0045995162799954414, ""full_batch_harm_lcb"": -0.007265142053365707, ""full_batch_harm_se"": 0.0013600131496787071, ""full_batch_harm_ucb"": -0.0019338905066251756, ""full_batch_safe"": true}}, ""guarded_best_reuse"": ""default"", ""num_adapters"": 1, ""pending_after"": false, ""pending_before"": false, ""policy_version"": ""cau_v1"", ""reason"": ""safe_existing_reuse"", ""utility"": {""batch_n"": 16, ""best_reuse"": ""default"", ""best_reuse_query_after"": 0.5575502812862396, ""best_reuse_utility"": 0.003588080406188965, ""budget_blocked_fresh"": false, ""defer_utility"": 0.0, ""fold_a_fresh_utility"": -0.07198154926300049, ""fold_a_query_n"": 8, ""fold_a_support_n"": 8, ""fold_b_fresh_utility"": -0.12395495176315308, ""fold_b_query_n"": 8, ""fold_b_support_n"": 8, ""fresh_advantage"": -0.10155633091926575, ""fresh_local_trainability"": 0.028635412454605103, ""fresh_positive"": false, ""fresh_query_after"": 0.6591066122055054, ""fresh_query_before"": 0.6877420246601105, ""fresh_utility"": -0.09796825051307678, ""max_adapters"": 8, ""reuse_profiles"": {""default"": {""feasible_both"": true, ""fold_a_harm"": -0.004633092321455479, ""fold_a_lcb"": -0.007391696502454579, ""fold_a_query_after"": 0.5996317863464355, ""fold_a_utility"": 0.002643108367919922, ""fold_b_harm"": -0.0036865826696157455, ""fold_b_lcb"": -0.004775332170538604, ""fold_b_query_after"": 0.5154687762260437, ""fold_b_utility"": 0.004533052444458008, ""harm_lcb_max"": -0.004775332170538604, ""harm_mean"": -0.004159837495535612, ""harm_se_mean"": 0.0009814677760004997, ""harm_ucb_max"": -0.0018744881404563784, ""local_trainability"": 0.003588080406188965, ""query_after"": 0.5575502812862396, ""query_before"": 0.5611383616924286, ""system_utility"": 0.003588080406188965}}, ""status"": ""ok"", ""statusquo_loss"": 0.5611383616924286, ""total_memory_budget"": 512}, ""utility_status"": ""ok""}"
44,A2,A,2,default,reuse,safe_existing_reuse,0.5572675466537476,1,True,147456,592130,0,67694596,592130,4737056,512,27.745433263015002,487040512,0.0,15.32877530506812,1.14305832516402,512,512,0.5359031856060028,-0.14180636405944824,0.0055405497550964355,-0.14734691381454468,False,,"{""best_reuse"": ""default"", ""best_reuse_utility"": 0.0055405497550964355, ""decision"": ""reuse"", ""fresh_advantage"": -0.14734691381454468, ""fresh_positive"": false, ""fresh_utility"": -0.14180636405944824, ""full_batch_guards"": {""default"": {""crossfit_feasible"": true, ""crossfit_utility"": 0.0055405497550964355, ""crossfit_utility_positive"": true, ""full_batch_cur_after"": 0.5288379192352295, ""full_batch_cur_before"": 0.5359031558036804, ""full_batch_gain"": 0.007065236568450928, ""full_batch_harm"": -0.003614403074607253, ""full_batch_harm_lcb"": -0.004738235131371766, ""full_batch_harm_se"": 0.0005733837024308741, ""full_batch_harm_ucb"": -0.00249057101784274, ""full_batch_safe"": true}}, ""guarded_best_reuse"": ""default"", ""num_adapters"": 1, ""pending_after"": false, ""pending_before"": false, ""policy_version"": ""cau_v1"", ""reason"": ""safe_existing_reuse"", ""utility"": {""batch_n"": 16, ""best_reuse"": ""default"", ""best_reuse_query_after"": 0.5303626358509064, ""best_reuse_utility"": 0.0055405497550964355, ""budget_blocked_fresh"": false, ""defer_utility"": 0.0, ""fold_a_fresh_utility"": -0.11651206016540527, ""fold_a_query_n"": 8, ""fold_a_support_n"": 8, ""fold_b_fresh_utility"": -0.1671006679534912, ""fold_b_query_n"": 8, ""fold_b_support_n"": 8, ""fresh_advantage"": -0.14734691381454468, ""fresh_local_trainability"": 0.018269330263137817, ""fresh_positive"": false, ""fresh_query_after"": 0.677709549665451, ""fresh_query_before"": 0.6959788799285889, ""fresh_utility"": -0.14180636405944824, ""max_adapters"": 8, ""reuse_profiles"": {""default"": {""feasible_both"": true, ""fold_a_harm"": -0.003750104457139969, ""fold_a_lcb"": -0.0045992715109605346, ""fold_a_query_after"": 0.5538641810417175, ""fold_a_utility"": 0.00490802526473999, ""fold_b_harm"": -0.0035632543731480837, ""fold_b_lcb"": -0.004712413062807173, ""fold_b_query_after"": 0.5068610906600952, ""fold_b_utility"": 0.006173074245452881, ""harm_lcb_max"": -0.0045992715109605346, ""harm_mean"": -0.0036566794151440263, ""harm_se_mean"": 0.0005097769753774628, ""harm_ucb_max"": -0.002414095683488995, ""local_trainability"": 0.0055405497550964355, ""query_after"": 0.5303626358509064, ""query_before"": 0.5359031856060028, ""system_utility"": 0.0055405497550964355}}, ""status"": ""ok"", ""statusquo_loss"": 0.5359031856060028, ""total_memory_budget"": 512}, ""utility_status"": ""ok""}"
45,A2,A,2,default,reuse,safe_existing_reuse,0.5854086875915527,1,True,147456,592130,0,67694596,592130,4737056,512,28.145908107981086,487040512,0.0,15.723868768895045,1.14305832516402,512,512,0.5825149714946747,-0.10978606343269348,0.0031089484691619873,-0.11289501190185547,False,,"{""best_reuse"": ""default"", ""best_reuse_utility"": 0.0031089484691619873, ""decision"": ""reuse"", ""fresh_advantage"": -0.11289501190185547, ""fresh_positive"": false, ""fresh_utility"": -0.10978606343269348, ""full_batch_guards"": {""default"": {""crossfit_feasible"": true, ""crossfit_utility"": 0.0031089484691619873, ""crossfit_utility_positive"": true, ""full_batch_cur_after"": 0.5767890810966492, ""full_batch_cur_before"": 0.5825150012969971, ""full_batch_gain"": 0.0057259202003479, ""full_batch_harm"": -0.003258008509874344, ""full_batch_harm_lcb"": -0.005216049957089126, ""full_batch_harm_se"": 0.000999000738374889, ""full_batch_harm_ucb"": -0.0012999670626595615, ""full_batch_safe"": true}}, ""guarded_best_reuse"": ""default"", ""num_adapters"": 1, ""pending_after"": false, ""pending_before"": false, ""policy_version"": ""cau_v1"", ""reason"": ""safe_existing_reuse"", ""utility"": {""batch_n"": 16, ""best_reuse"": ""default"", ""best_reuse_query_after"": 0.5794060230255127, ""best_reuse_utility"": 0.0031089484691619873, ""budget_blocked_fresh"": false, ""defer_utility"": 0.0, ""fold_a_fresh_utility"": -0.08709686994552612, ""fold_a_query_n"": 8, ""fold_a_support_n"": 8, ""fold_b_fresh_utility"": -0.13247525691986084, ""fold_b_query_n"": 8, ""fold_b_support_n"": 8, ""fresh_advantage"": -0.11289501190185547, ""fresh_local_trainability"": 3.680586814880371e-05, ""fresh_positive"": false, ""fresh_query_after"": 0.6923010349273682, ""fresh_query_before"": 0.692337840795517, ""fresh_utility"": -0.10978606343269348, ""max_adapters"": 8, ""reuse_profiles"": {""default"": {""feasible_both"": true, ""fold_a_harm"": -0.0040513984858989716, ""fold_a_lcb"": -0.004931956753134728, ""fold_a_query_after"": 0.6074061393737793, ""fold_a_utility"": 0.0032578110694885254, ""fold_b_harm"": -0.0026160182897001505, ""fold_b_lcb"": -0.0052198873925954105, ""fold_b_query_after"": 0.5514059066772461, ""fold_b_utility"": 0.0029600858688354492, ""harm_lcb_max"": -0.004931956753134728, ""harm_mean"": -0.003333708387799561, ""harm_se_mean"": 0.0008888845331966877, ""harm_ucb_max"": -1.2149186804890494e-05, ""local_trainability"": 0.0031089484691619873, ""query_after"": 0.5794060230255127, ""query_before"": 0.5825149714946747, ""system_utility"": 0.0031089484691619873}}, ""status"": ""ok"", ""statusquo_loss"": 0.5825149714946747, ""total_memory_budget"": 512}, ""utility_status"": ""ok""}"
46,A2,A,2,default,reuse,safe_existing_reuse,0.5573256015777588,1,True,147456,592130,0,67694596,592130,4737056,512,28.543664877070114,487040512,0.0,16.11612158175558,1.14305832516402,512,512,0.538805365562439,-0.1601548194885254,0.003889620304107666,-0.16404443979263306,False,,"{""best_reuse"": ""default"", ""best_reuse_utility"": 0.003889620304107666, ""decision"": ""reuse"", ""fresh_advantage"": -0.16404443979263306, ""fresh_positive"": false, ""fresh_utility"": -0.1601548194885254, ""full_batch_guards"": {""default"": {""crossfit_feasible"": true, ""crossfit_utility"": 0.003889620304107666, ""crossfit_utility_positive"": true, ""full_batch_cur_after"": 0.5301493406295776, ""full_batch_cur_before"": 0.5388052463531494, ""full_batch_gain"": 0.008655905723571777, ""full_batch_harm"": -0.0034560426138341427, ""full_batch_harm_lcb"": -0.007617465071380138, ""full_batch_harm_se"": 0.002123174723237753, ""full_batch_harm_ucb"": 0.0007053798437118529, ""full_batch_safe"": true}}, ""guarded_best_reuse"": ""default"", ""num_adapters"": 1, ""pending_after"": false, ""pending_before"": false, ""policy_version"": ""cau_v1"", ""reason"": ""safe_existing_reuse"", ""utility"": {""batch_n"": 16, ""best_reuse"": ""default"", ""best_reuse_query_after"": 0.5349157452583313, ""best_reuse_utility"": 0.003889620304107666, ""budget_blocked_fresh"": false, ""defer_utility"": 0.0, ""fold_a_fresh_utility"": -0.1613072156906128, ""fold_a_query_n"": 8, ""fold_a_support_n"": 8, ""fold_b_fresh_utility"": -0.159002423286438, ""fold_b_query_n"": 8, ""fold_b_support_n"": 8, ""fresh_advantage"": -0.16404443979263306, ""fresh_local_trainability"": -0.007633030414581299, ""fresh_positive"": false, ""fresh_query_after"": 0.6989601850509644, ""fresh_query_before"": 0.6913271546363831, ""fresh_utility"": -0.1601548194885254, ""max_adapters"": 8, ""reuse_profiles"": {""default"": {""feasible_both"": true, ""fold_a_harm"": -0.0035599248949438334, ""fold_a_lcb"": -0.0067465420300140974, ""fold_a_query_after"": 0.5285913944244385, ""fold_a_utility"": 0.004186272621154785, ""fold_b_harm"": -0.003375971456989646, ""fold_b_lcb"": -0.006390532595105469, ""fold_b_query_after"": 0.5412400960922241, ""fold_b_utility"": 0.003592967987060547, ""harm_lcb_max"": -0.006390532595105469, ""harm_mean"": -0.0034679481759667397, ""harm_se_mean"": 0.0015819332329556346, ""harm_ucb_max"": -0.0003614103188738227, ""local_trainability"": 0.003889620304107666, ""query_after"": 0.5349157452583313, ""query_before"": 0.538805365562439, ""system_utility"": 0.003889620304107666}}, ""status"": ""ok"", ""statusquo_loss"": 0.538805365562439, ""total_memory_budget"": 512}, ""utility_status"": ""ok""}"
47,A2,A,2,default,reuse,safe_existing_reuse,0.5391197800636292,1,True,147456,592130,0,67694596,592130,4737056,512,28.942974240053445,487040512,0.0,16.50994629994966,1.14305832516402,512,512,0.5210487395524979,-0.17282234132289886,0.021200567483901978,-0.19402290880680084,False,,"{""best_reuse"": ""default"", ""best_reuse_utility"": 0.021200567483901978, ""decision"": ""reuse"", ""fresh_advantage"": -0.19402290880680084, ""fresh_positive"": false, ""fresh_utility"": -0.17282234132289886, ""full_batch_guards"": {""default"": {""crossfit_feasible"": true, ""crossfit_utility"": 0.021200567483901978, ""crossfit_utility_positive"": true, ""full_batch_cur_after"": 0.4969821572303772, ""full_batch_cur_before"": 0.5210487842559814, ""full_batch_gain"": 0.024066627025604248, ""full_batch_harm"": -0.003636698704212904, ""full_batch_harm_lcb"": -0.010813246117904782, ""full_batch_harm_se"": 0.0036615037824958563, ""full_batch_harm_ucb"": 0.003539848709478974, ""full_batch_safe"": true}}, ""guarded_best_reuse"": ""default"", ""num_adapters"": 1, ""pending_after"": false, ""pending_before"": false, ""policy_version"": ""cau_v1"", ""reason"": ""safe_existing_reuse"", ""utility"": {""batch_n"": 16, ""best_reuse"": ""default"", ""best_reuse_query_after"": 0.4998481720685959, ""best_reuse_utility"": 0.021200567483901978, ""budget_blocked_fresh"": false, ""defer_utility"": 0.0, ""fold_a_fresh_utility"": -0.08919191360473633, ""fold_a_query_n"": 8, ""fold_a_support_n"": 8, ""fold_b_fresh_utility"": -0.2564527690410614, ""fold_b_query_n"": 8, ""fold_b_support_n"": 8, ""fresh_advantage"": -0.19402290880680084, ""fresh_local_trainability"": -0.0021619796752929688, ""fresh_positive"": false, ""fresh_query_after"": 0.6938710808753967, ""fresh_query_before"": 0.6917091012001038, ""fresh_utility"": -0.17282234132289886, ""max_adapters"": 8, ""reuse_profiles"": {""default"": {""feasible_both"": true, ""fold_a_harm"": -0.003946124110370874, ""fold_a_lcb"": -0.010086582079529761, ""fold_a_query_after"": 0.5606887340545654, ""fold_a_utility"": 0.03206741809844971, ""fold_b_harm"": -0.0035081009846180677, ""fold_b_lcb"": -0.010652719093486668, ""fold_b_query_after"": 0.43900761008262634, ""fold_b_utility"": 0.010333716869354248, ""harm_lcb_max"": -0.010086582079529761, ""harm_mean"": -0.003727112547494471, ""harm_se_mean"": 0.003389050019904971, ""harm_ucb_max"": 0.0036365171242505314, ""local_trainability"": 0.021200567483901978, ""query_after"": 0.4998481720685959, ""query_before"": 0.5210487395524979, ""system_utility"": 0.021200567483901978}}, ""status"": ""ok"", ""statusquo_loss"": 0.5210487395524979, ""total_memory_budget"": 512}, ""utility_status"": ""ok""}"
48,A2,A,2,default,reuse,safe_existing_reuse,0.5902513265609741,1,True,147456,592130,0,67694596,592130,4737056,512,29.339867654955015,487040512,0.0,16.901300767902285,1.14305832516402,512,512,0.5670311748981476,-0.1265658438205719,-0.002210766077041626,-0.12435507774353027,False,,"{""best_reuse"": ""default"", ""best_reuse_utility"": -0.002210766077041626, ""decision"": ""reuse"", ""fresh_advantage"": -0.12435507774353027, ""fresh_positive"": false, ""fresh_utility"": -0.1265658438205719, ""full_batch_guards"": {""default"": {""crossfit_feasible"": true, ""crossfit_utility"": -0.002210766077041626, ""crossfit_utility_positive"": false, ""full_batch_cur_after"": 0.5651652812957764, ""full_batch_cur_before"": 0.5670311450958252, ""full_batch_gain"": 0.0018658638000488281, ""full_batch_harm"": -0.0027288738638162613, ""full_batch_harm_lcb"": -0.008694940246641636, ""full_batch_harm_se"": 0.0030439114198088646, ""full_batch_harm_ucb"": 0.0032371925190091133, ""full_batch_safe"": true}}, ""guarded_best_reuse"": ""default"", ""num_adapters"": 1, ""pending_after"": false, ""pending_before"": false, ""policy_version"": ""cau_v1"", ""reason"": ""safe_existing_reuse"", ""utility"": {""batch_n"": 16, ""best_reuse"": ""default"", ""best_reuse_query_after"": 0.5692419409751892, ""best_reuse_utility"": -0.002210766077041626, ""budget_blocked_fresh"": false, ""defer_utility"": 0.0, ""fold_a_fresh_utility"": -0.10454893112182617, ""fold_a_query_n"": 8, ""fold_a_support_n"": 8, ""fold_b_fresh_utility"": -0.14858275651931763, ""fold_b_query_n"": 8, ""fold_b_support_n"": 8, ""fresh_advantage"": -0.12435507774353027, ""fresh_local_trainability"": 0.0013759732246398926, ""fresh_positive"": false, ""fresh_query_after"": 0.6935970187187195, ""fresh_query_before"": 0.6949729919433594, ""fresh_utility"": -0.1265658438205719, ""max_adapters"": 8, ""reuse_profiles"": {""default"": {""feasible_both"": true, ""fold_a_harm"": -0.0027338401414453983, ""fold_a_lcb"": -0.011096234004944562, ""fold_a_query_after"": 0.6015129685401917, ""fold_a_utility"": -0.010075509548187256, ""fold_b_harm"": -0.0026494250632822514, ""fold_b_lcb"": -0.006705205226317048, ""fold_b_query_after"": 0.5369709134101868, ""fold_b_utility"": 0.005653977394104004, ""harm_lcb_max"": -0.006705205226317048, ""harm_mean"": -0.002691632602363825, ""harm_se_mean"": 0.0031679015373811126, ""harm_ucb_max"": 0.005628553722053765, ""local_trainability"": -0.002210766077041626, ""query_after"": 0.5692419409751892, ""query_before"": 0.5670311748981476, ""system_utility"": -0.002210766077041626}}, ""status"": ""ok"", ""statusquo_loss"": 0.5670311748981476, ""total_memory_budget"": 512}, ""utility_status"": ""ok""}"
49,C1,C,1,default,reuse,safe_existing_reuse,0.5963888168334961,1,True,147456,592130,0,67694596,592130,4737056,512,30.33198210806586,487040512,0.0,17.29774055001326,1.7331602391786873,512,512,0.6018884181976318,-0.11989551782608032,-0.000817716121673584,-0.11907780170440674,False,,"{""best_reuse"": ""default"", ""best_reuse_utility"": -0.000817716121673584, ""decision"": ""reuse"", ""fresh_advantage"": -0.11907780170440674, ""fresh_positive"": false, ""fresh_utility"": -0.11989551782608032, ""full_batch_guards"": {""default"": {""crossfit_feasible"": true, ""crossfit_utility"": -0.000817716121673584, ""crossfit_utility_positive"": false, ""full_batch_cur_after"": 0.5978661179542542, ""full_batch_cur_before"": 0.6018884181976318, ""full_batch_gain"": 0.0040223002433776855, ""full_batch_harm"": -0.004848990589380264, ""full_batch_harm_lcb"": -0.01023619999177754, ""full_batch_harm_se"": 0.0027485762257128954, ""full_batch_harm_ucb"": 0.0005382188130170105, ""full_batch_safe"": true}}, ""guarded_best_reuse"": ""default"", ""num_adapters"": 1, ""pending_after"": false, ""pending_before"": false, ""policy_version"": ""cau_v1"", ""reason"": ""safe_existing_reuse"", ""utility"": {""batch_n"": 16, ""best_reuse"": ""default"", ""best_reuse_query_after"": 0.6027061343193054, ""best_reuse_utility"": -0.000817716121673584, ""budget_blocked_fresh"": false, ""defer_utility"": 0.0, ""fold_a_fresh_utility"": -0.08305829763412476, ""fold_a_query_n"": 8, ""fold_a_support_n"": 8, ""fold_b_fresh_utility"": -0.1567327380180359, ""fold_b_query_n"": 8, ""fold_b_support_n"": 8, ""fresh_advantage"": -0.11907780170440674, ""fresh_local_trainability"": -0.02556300163269043, ""fresh_positive"": false, ""fresh_query_after"": 0.7217839360237122, ""fresh_query_before"": 0.6962209343910217, ""fresh_utility"": -0.11989551782608032, ""max_adapters"": 8, ""reuse_profiles"": {""default"": {""feasible_both"": true, ""fold_a_harm"": -0.0035968490410596132, ""fold_a_lcb"": -0.006339851138181984, ""fold_a_query_after"": 0.6364732980728149, ""fold_a_utility"": 0.004615902900695801, ""fold_b_harm"": -0.005695823114365339, ""fold_b_lcb"": -0.014032411407679319, ""fold_b_query_after"": 0.5689389705657959, ""fold_b_utility"": -0.006251335144042969, ""harm_lcb_max"": -0.006339851138181984, ""harm_mean"": -0.004646336077712476, ""harm_se_mean"": 0.0028264261200092733, ""harm_ucb_max"": 0.0026407651789486404, ""local_trainability"": -0.000817716121673584, ""query_after"": 0.6027061343193054, ""query_before"": 0.6018884181976318, ""system_utility"": -0.000817716121673584}}, ""status"": ""ok"", ""statusquo_loss"": 0.6018884181976318, ""total_memory_budget"": 512}, ""utility_status"": ""ok""}"
50,C1,C,1,default,reuse,safe_existing_reuse,0.5914239883422852,1,True,147456,592130,0,67694596,592130,4737056,512,30.743440113961697,487040512,0.0,17.703535376116633,1.7331602391786873,512,512,0.582543671131134,-0.11375221610069275,-0.006232708692550659,-0.10751950740814209,False,,"{""best_reuse"": ""default"", ""best_reuse_utility"": -0.006232708692550659, ""decision"": ""reuse"", ""fresh_advantage"": -0.10751950740814209, ""fresh_positive"": false, ""fresh_utility"": -0.11375221610069275, ""full_batch_guards"": {""default"": {""crossfit_feasible"": true, ""crossfit_utility"": -0.006232708692550659, ""crossfit_utility_positive"": false, ""full_batch_cur_after"": 0.581434428691864, ""full_batch_cur_before"": 0.5825436115264893, ""full_batch_gain"": 0.0011091828346252441, ""full_batch_harm"": -0.003517372999340296, ""full_batch_harm_lcb"": -0.005087420137133449, ""full_batch_harm_se"": 0.0008010444580577314, ""full_batch_harm_ucb"": -0.0019473258615471422, ""full_batch_safe"": true}}, ""guarded_best_reuse"": ""default"", ""num_adapters"": 1, ""pending_after"": false, ""pending_before"": false, ""policy_version"": ""cau_v1"", ""reason"": ""safe_existing_reuse"", ""utility"": {""batch_n"": 16, ""best_reuse"": ""default"", ""best_reuse_query_after"": 0.5887763798236847, ""best_reuse_utility"": -0.006232708692550659, ""budget_blocked_fresh"": false, ""defer_utility"": 0.0, ""fold_a_fresh_utility"": -0.16592854261398315, ""fold_a_query_n"": 8, ""fold_a_support_n"": 8, ""fold_b_fresh_utility"": -0.061575889587402344, ""fold_b_query_n"": 8, ""fold_b_support_n"": 8, ""fresh_advantage"": -0.10751950740814209, ""fresh_local_trainability"": -0.00806504487991333, ""fresh_positive"": false, ""fresh_query_after"": 0.6962958872318268, ""fresh_query_before"": 0.6882308423519135, ""fresh_utility"": -0.11375221610069275, ""max_adapters"": 8, ""reuse_profiles"": {""default"": {""feasible_both"": true, ""fold_a_harm"": -0.0030847087036818266, ""fold_a_lcb"": -0.00442886195378378, ""fold_a_query_after"": 0.535085916519165, ""fold_a_utility"": 0.0029730796813964844, ""fold_b_harm"": -0.005597010720521212, ""fold_b_lcb"": -0.010086923921480775, ""fold_b_query_after"": 0.6424668431282043, ""fold_b_utility"": -0.015438497066497803, ""harm_lcb_max"": -0.00442886195378378, ""harm_mean"": -0.004340859712101519, ""harm_se_mean"": 0.0014882822579238564, ""harm_ucb_max"": -0.0011070975195616485, ""local_trainability"": -0.006232708692550659, ""query_after"": 0.5887763798236847, ""query_before"": 0.582543671131134, ""system_utility"": -0.006232708692550659}}, ""status"": ""ok"", ""statusquo_loss"": 0.582543671131134, ""total_memory_budget"": 512}, ""utility_status"": ""ok""}"
51,C1,C,1,default,reuse,safe_existing_reuse,0.5720660090446472,1,True,147456,592130,0,67694596,592130,4737056,512,31.135870371945202,487040512,0.0,18.090171390213072,1.7331602391786873,512,512,0.5801536440849304,-0.11316272616386414,0.002302229404449463,-0.1154649555683136,False,,"{""best_reuse"": ""default"", ""best_reuse_utility"": 0.002302229404449463, ""decision"": ""reuse"", ""fresh_advantage"": -0.1154649555683136, ""fresh_positive"": false, ""fresh_utility"": -0.11316272616386414, ""full_batch_guards"": {""default"": {""crossfit_feasible"": true, ""crossfit_utility"": 0.002302229404449463, ""crossfit_utility_positive"": true, ""full_batch_cur_after"": 0.5750995874404907, ""full_batch_cur_before"": 0.5801537036895752, ""full_batch_gain"": 0.005054116249084473, ""full_batch_harm"": -0.003387839999049902, ""full_batch_harm_lcb"": -0.004642720958217978, ""full_batch_harm_se"": 0.0006402453873306513, ""full_batch_harm_ucb"": -0.0021329590398818255, ""full_batch_safe"": true}}, ""guarded_best_reuse"": ""default"", ""num_adapters"": 1, ""pending_after"": false, ""pending_before"": false, ""policy_version"": ""cau_v1"", ""reason"": ""safe_existing_reuse"", ""utility"": {""batch_n"": 16, ""best_reuse"": ""default"", ""best_reuse_query_after"": 0.577851414680481, ""best_reuse_utility"": 0.002302229404449463, ""budget_blocked_fresh"": false, ""defer_utility"": 0.0, ""fold_a_fresh_utility"": -0.12747204303741455, ""fold_a_query_n"": 8, ""fold_a_support_n"": 8, ""fold_b_fresh_utility"": -0.09885340929031372, ""fold_b_query_n"": 8, ""fold_b_support_n"": 8, ""fresh_advantage"": -0.1154649555683136, ""fresh_local_trainability"": 0.003185570240020752, ""fresh_positive"": false, ""fresh_query_after"": 0.6933163702487946, ""fresh_query_before"": 0.6965019404888153, ""fresh_utility"": -0.11316272616386414, ""max_adapters"": 8, ""reuse_profiles"": {""default"": {""feasible_both"": true, ""fold_a_harm"": -0.002546415664255619, ""fold_a_lcb"": -0.0036740374634973705, ""fold_a_query_after"": 0.5591622591018677, ""fold_a_utility"": 0.0029900074005126953, ""fold_b_harm"": -0.0037658270448446274, ""fold_b_lcb"": -0.005936499307863414, ""fold_b_query_after"": 0.5965405702590942, ""fold_b_utility"": 0.0016144514083862305, ""harm_lcb_max"": -0.0036740374634973705, ""harm_mean"": -0.003156121354550123, ""harm_se_mean"": 0.0008414015464950353, ""harm_ucb_max"": -0.0014187938650138676, ""local_trainability"": 0.002302229404449463, ""query_after"": 0.577851414680481, ""query_before"": 0.5801536440849304, ""system_utility"": 0.002302229404449463}}, ""status"": ""ok"", ""statusquo_loss"": 0.5801536440849304, ""total_memory_budget"": 512}, ""utility_status"": ""ok""}"
52,C1,C,1,default,reuse,safe_existing_reuse,0.615280032157898,1,True,147456,592130,0,67694596,592130,4737056,512,31.549167630961165,487040512,0.0,18.497687366092578,1.7331602391786873,512,512,0.6104856580495834,-0.06071062386035919,0.006233379244804382,-0.06694400310516357,False,,"{""best_reuse"": ""default"", ""best_reuse_utility"": 0.006233379244804382, ""decision"": ""reuse"", ""fresh_advantage"": -0.06694400310516357, ""fresh_positive"": false, ""fresh_utility"": -0.06071062386035919, ""full_batch_guards"": {""default"": {""crossfit_feasible"": true, ""crossfit_utility"": 0.006233379244804382, ""crossfit_utility_positive"": true, ""full_batch_cur_after"": 0.6025447845458984, ""full_batch_cur_before"": 0.6104857921600342, ""full_batch_gain"": 0.007941007614135742, ""full_batch_harm"": -0.001096857013180852, ""full_batch_harm_lcb"": -0.0038925125496461987, ""full_batch_harm_se"": 0.0014263548655435443, ""full_batch_harm_ucb"": 0.0016987985232844948, ""full_batch_safe"": true}}, ""guarded_best_reuse"": ""default"", ""num_adapters"": 1, ""pending_after"": false, ""pending_before"": false, ""policy_version"": ""cau_v1"", ""reason"": ""safe_existing_reuse"", ""utility"": {""batch_n"": 16, ""best_reuse"": ""default"", ""best_reuse_query_after"": 0.604252278804779, ""best_reuse_utility"": 0.006233379244804382, ""budget_blocked_fresh"": false, ""defer_utility"": 0.0, ""fold_a_fresh_utility"": 0.059648752212524414, ""fold_a_query_n"": 8, ""fold_a_support_n"": 8, ""fold_b_fresh_utility"": -0.1810699999332428, ""fold_b_query_n"": 8, ""fold_b_support_n"": 8, ""fresh_advantage"": -0.06694400310516357, ""fresh_local_trainability"": 0.024754226207733154, ""fresh_positive"": false, ""fresh_query_after"": 0.6711962819099426, ""fresh_query_before"": 0.6959505081176758, ""fresh_utility"": -0.06071062386035919, ""max_adapters"": 8, ""reuse_profiles"": {""default"": {""feasible_both"": true, ""fold_a_harm"": -0.001783072017133236, ""fold_a_lcb"": -0.0040163424564525485, ""fold_a_query_after"": 0.7204315662384033, ""fold_a_utility"": 0.004610180854797363, ""fold_b_harm"": -0.00077201914973557, ""fold_b_lcb"": -0.003659693393856287, ""fold_b_query_after"": 0.4880729913711548, ""fold_b_utility"": 0.007856577634811401, ""harm_lcb_max"": -0.003659693393856287, ""harm_mean"": -0.001277545583434403, ""harm_se_mean"": 0.0013063634396530688, ""harm_ucb_max"": 0.002115655094385147, ""local_trainability"": 0.006233379244804382, ""query_after"": 0.604252278804779, ""query_before"": 0.6104856580495834, ""system_utility"": 0.006233379244804382}}, ""status"": ""ok"", ""statusquo_loss"": 0.6104856580495834, ""total_memory_budget"": 512}, ""utility_status"": ""ok""}"
53,C1,C,1,default,reuse,safe_existing_reuse,0.5188364386558533,1,True,147456,592130,0,67694596,592130,4737056,512,31.958492307923734,487040512,0.0,18.901268990011886,1.7331602391786873,512,512,0.4928339570760727,-0.11798466742038727,0.01793384552001953,-0.1359185129404068,False,,"{""best_reuse"": ""default"", ""best_reuse_utility"": 0.01793384552001953, ""decision"": ""reuse"", ""fresh_advantage"": -0.1359185129404068, ""fresh_positive"": false, ""fresh_utility"": -0.11798466742038727, ""full_batch_guards"": {""default"": {""crossfit_feasible"": true, ""crossfit_utility"": 0.01793384552001953, ""crossfit_utility_positive"": true, ""full_batch_cur_after"": 0.4744425415992737, ""full_batch_cur_before"": 0.4928339123725891, ""full_batch_gain"": 0.01839137077331543, ""full_batch_harm"": -0.001483420142903924, ""full_batch_harm_lcb"": -0.007338023968040943, ""full_batch_harm_se"": 0.0029870427679270506, ""full_batch_harm_ucb"": 0.004371183682233095, ""full_batch_safe"": true}}, ""guarded_best_reuse"": ""default"", ""num_adapters"": 1, ""pending_after"": false, ""pending_before"": false, ""policy_version"": ""cau_v1"", ""reason"": ""safe_existing_reuse"", ""utility"": {""batch_n"": 16, ""best_reuse"": ""default"", ""best_reuse_query_after"": 0.47490011155605316, ""best_reuse_utility"": 0.01793384552001953, ""budget_blocked_fresh"": false, ""defer_utility"": 0.0, ""fold_a_fresh_utility"": -0.14071890711784363, ""fold_a_query_n"": 8, ""fold_a_support_n"": 8, ""fold_b_fresh_utility"": -0.09525042772293091, ""fold_b_query_n"": 8, ""fold_b_support_n"": 8, ""fresh_advantage"": -0.1359185129404068, ""fresh_local_trainability"": 0.07130712270736694, ""fresh_positive"": false, ""fresh_query_after"": 0.61081862449646, ""fresh_query_before"": 0.6821257472038269, ""fresh_utility"": -0.11798466742038727, ""max_adapters"": 8, ""reuse_profiles"": {""default"": {""feasible_both"": true, ""fold_a_harm"": -0.0013850177638232708, ""fold_a_lcb"": -0.007411989727988839, ""fold_a_query_after"": 0.4710890054702759, ""fold_a_utility"": 0.014842301607131958, ""fold_b_harm"": -0.0015443810261785984, ""fold_b_lcb"": -0.007255871361121535, ""fold_b_query_after"": 0.47871121764183044, ""fold_b_utility"": 0.021025389432907104, ""harm_lcb_max"": -0.007255871361121535, ""harm_mean"": -0.0014646993950009346, ""harm_se_mean"": 0.002994505688548088, ""harm_ucb_max"": 0.004641954200342298, ""local_trainability"": 0.01793384552001953, ""query_after"": 0.47490011155605316, ""query_before"": 0.4928339570760727, ""system_utility"": 0.01793384552001953}}, ""status"": ""ok"", ""statusquo_loss"": 0.4928339570760727, ""total_memory_budget"": 512}, ""utility_status"": ""ok""}"
54,C1,C,1,default,reuse,safe_existing_reuse,0.5658363699913025,1,True,147456,592130,0,67694596,592130,4737056,512,32.36589469993487,487040512,0.0,19.30285828700289,1.7331602391786873,512,512,0.5447167456150055,-0.14952364563941956,0.00817534327507019,-0.15769898891448975,False,,"{""best_reuse"": ""default"", ""best_reuse_utility"": 0.00817534327507019, ""decision"": ""reuse"", ""fresh_advantage"": -0.15769898891448975, ""fresh_positive"": false, ""fresh_utility"": -0.14952364563941956, ""full_batch_guards"": {""default"": {""crossfit_feasible"": true, ""crossfit_utility"": 0.00817534327507019, ""crossfit_utility_positive"": true, ""full_batch_cur_after"": 0.5312038660049438, ""full_batch_cur_before"": 0.5447167158126831, ""full_batch_gain"": 0.013512849807739258, ""full_batch_harm"": 0.0007289104396477342, ""full_batch_harm_lcb"": -0.0079438037564978, ""full_batch_harm_se"": 0.004424854181706905, ""full_batch_harm_ucb"": 0.009401624635793268, ""full_batch_safe"": true}}, ""guarded_best_reuse"": ""default"", ""num_adapters"": 1, ""pending_after"": false, ""pending_before"": false, ""policy_version"": ""cau_v1"", ""reason"": ""safe_existing_reuse"", ""utility"": {""batch_n"": 16, ""best_reuse"": ""default"", ""best_reuse_query_after"": 0.5365414023399353, ""best_reuse_utility"": 0.00817534327507019, ""budget_blocked_fresh"": false, ""defer_utility"": 0.0, ""fold_a_fresh_utility"": -0.21727842092514038, ""fold_a_query_n"": 8, ""fold_a_support_n"": 8, ""fold_b_fresh_utility"": -0.08176887035369873, ""fold_b_query_n"": 8, ""fold_b_support_n"": 8, ""fresh_advantage"": -0.15769898891448975, ""fresh_local_trainability"": -0.003253638744354248, ""fresh_positive"": false, ""fresh_query_after"": 0.694240391254425, ""fresh_query_before"": 0.6909867525100708, ""fresh_utility"": -0.14952364563941956, ""max_adapters"": 8, ""reuse_profiles"": {""default"": {""feasible_both"": true, ""fold_a_harm"": 0.001047273282893002, ""fold_a_lcb"": -0.008002937505953014, ""fold_a_query_after"": 0.4792238473892212, ""fold_a_utility"": 0.0014023184776306152, ""fold_b_harm"": -0.0009366248268634081, ""fold_b_lcb"": -0.0063771069329231975, ""fold_b_query_after"": 0.5938589572906494, ""fold_b_utility"": 0.014948368072509766, ""harm_lcb_max"": -0.0063771069329231975, ""harm_mean"": 5.532422801479697e-05, ""harm_se_mean"": 0.0036966053303331137, ""harm_ucb_max"": 0.010097484071739018, ""local_trainability"": 0.00817534327507019, ""query_after"": 0.5365414023399353, ""query_before"": 0.5447167456150055, ""system_utility"": 0.00817534327507019}}, ""status"": ""ok"", ""statusquo_loss"": 0.5447167456150055, ""total_memory_budget"": 512}, ""utility_status"": ""ok""}"
55,C1,C,1,default,reuse,safe_existing_reuse,0.579145073890686,1,True,147456,592130,0,67694596,592130,4737056,512,32.79610707703978,487040512,0.0,19.727131586987525,1.7331602391786873,512,512,0.5797297954559326,-0.1132456362247467,-0.002233952283859253,-0.11101168394088745,False,,"{""best_reuse"": ""default"", ""best_reuse_utility"": -0.002233952283859253, ""decision"": ""reuse"", ""fresh_advantage"": -0.11101168394088745, ""fresh_positive"": false, ""fresh_utility"": -0.1132456362247467, ""full_batch_guards"": {""default"": {""crossfit_feasible"": true, ""crossfit_utility"": -0.002233952283859253, ""crossfit_utility_positive"": false, ""full_batch_cur_after"": 0.5787984728813171, ""full_batch_cur_before"": 0.5797297954559326, ""full_batch_gain"": 0.0009313225746154785, ""full_batch_harm"": -0.0003291582688689232, ""full_batch_harm_lcb"": -0.007401732252910733, ""full_batch_harm_se"": 0.003608456114307046, ""full_batch_harm_ucb"": 0.006743415715172887, ""full_batch_safe"": true}}, ""guarded_best_reuse"": ""default"", ""num_adapters"": 1, ""pending_after"": false, ""pending_before"": false, ""policy_version"": ""cau_v1"", ""reason"": ""safe_existing_reuse"", ""utility"": {""batch_n"": 16, ""best_reuse"": ""default"", ""best_reuse_query_after"": 0.5819637477397919, ""best_reuse_utility"": -0.002233952283859253, ""budget_blocked_fresh"": false, ""defer_utility"": 0.0, ""fold_a_fresh_utility"": -0.03894460201263428, ""fold_a_query_n"": 8, ""fold_a_support_n"": 8, ""fold_b_fresh_utility"": -0.18754667043685913, ""fold_b_query_n"": 8, ""fold_b_support_n"": 8, ""fresh_advantage"": -0.11101168394088745, ""fresh_local_trainability"": 0.0007993578910827637, ""fresh_positive"": false, ""fresh_query_after"": 0.6929754316806793, ""fresh_query_before"": 0.6937747895717621, ""fresh_utility"": -0.1132456362247467, ""max_adapters"": 8, ""reuse_profiles"": {""default"": {""feasible_both"": true, ""fold_a_harm"": 0.00011183135211467743, ""fold_a_lcb"": -0.008578979782760144, ""fold_a_query_after"": 0.6578458547592163, ""fold_a_utility"": -0.009513616561889648, ""fold_b_harm"": -0.0006549577228724957, ""fold_b_lcb"": -0.006286155441775918, ""fold_b_query_after"": 0.5060816407203674, ""fold_b_utility"": 0.005045711994171143, ""harm_lcb_max"": -0.006286155441775918, ""harm_mean"": -0.0002715631853789091, ""harm_se_mean"": 0.0036535736871883273, ""harm_ucb_max"": 0.008802642486989498, ""local_trainability"": -0.002233952283859253, ""query_after"": 0.5819637477397919, ""query_before"": 0.5797297954559326, ""system_utility"": -0.002233952283859253}}, ""status"": ""ok"", ""statusquo_loss"": 0.5797297954559326, ""total_memory_budget"": 512}, ""utility_status"": ""ok""}"
56,C1,C,1,default,reuse,safe_existing_reuse,0.6348550915718079,1,True,147456,592130,0,67694596,592130,4737056,512,33.201572553953156,487040512,0.0,20.126258754869923,1.7331602391786873,512,512,0.6289640665054321,-0.0702618956565857,0.0010113418102264404,-0.07127323746681213,False,,"{""best_reuse"": ""default"", ""best_reuse_utility"": 0.0010113418102264404, ""decision"": ""reuse"", ""fresh_advantage"": -0.07127323746681213, ""fresh_positive"": false, ""fresh_utility"": -0.0702618956565857, ""full_batch_guards"": {""default"": {""crossfit_feasible"": true, ""crossfit_utility"": 0.0010113418102264404, ""crossfit_utility_positive"": true, ""full_batch_cur_after"": 0.6242156028747559, ""full_batch_cur_before"": 0.6289641261100769, ""full_batch_gain"": 0.004748523235321045, ""full_batch_harm"": 0.0037422061432152987, ""full_batch_harm_lcb"": -0.005231186663731933, ""full_batch_harm_se"": 0.004578261636197567, ""full_batch_harm_ucb"": 0.01271559895016253, ""full_batch_safe"": true}}, ""guarded_best_reuse"": ""default"", ""num_adapters"": 1, ""pending_after"": false, ""pending_before"": false, ""policy_version"": ""cau_v1"", ""reason"": ""safe_existing_reuse"", ""utility"": {""batch_n"": 16, ""best_reuse"": ""default"", ""best_reuse_query_after"": 0.6279527246952057, ""best_reuse_utility"": 0.0010113418102264404, ""budget_blocked_fresh"": false, ""defer_utility"": 0.0, ""fold_a_fresh_utility"": -0.025938451290130615, ""fold_a_query_n"": 8, ""fold_a_support_n"": 8, ""fold_b_fresh_utility"": -0.11458534002304077, ""fold_b_query_n"": 8, ""fold_b_support_n"": 8, ""fresh_advantage"": -0.07127323746681213, ""fresh_local_trainability"": -0.009833097457885742, ""fresh_positive"": false, ""fresh_query_after"": 0.6992259621620178, ""fresh_query_before"": 0.6893928647041321, ""fresh_utility"": -0.0702618956565857, ""max_adapters"": 8, ""reuse_profiles"": {""default"": {""feasible_both"": true, ""fold_a_harm"": 0.00373406196013093, ""fold_a_lcb"": -0.005255794059485197, ""fold_a_query_after"": 0.6779728531837463, ""fold_a_utility"": -0.0018718838691711426, ""fold_b_harm"": 0.0013724223244935274, ""fold_b_lcb"": -0.004299114737659693, ""fold_b_query_after"": 0.577932596206665, ""fold_b_utility"": 0.0038945674896240234, ""harm_lcb_max"": -0.004299114737659693, ""harm_mean"": 0.0025532421423122287, ""harm_se_mean"": 0.0037401512963697314, ""harm_ucb_max"": 0.012723917979747057, ""local_trainability"": 0.0010113418102264404, ""query_after"": 0.6279527246952057, ""query_before"": 0.6289640665054321, ""system_utility"": 0.0010113418102264404}}, ""status"": ""ok"", ""statusquo_loss"": 0.6289640665054321, ""total_memory_budget"": 512}, ""utility_status"": ""ok""}"
57,C1,C,1,default,reuse,pending_fresh_safe_existing_reuse,0.7418825626373291,1,True,147456,592130,0,67694596,592130,4737056,512,33.640174878994,487040512,0.0,20.558526790933684,1.7331602391786873,512,512,0.7439497411251068,0.09641221165657043,-0.012595385313034058,0.10900759696960449,True,,"{""best_reuse"": ""default"", ""best_reuse_utility"": -0.012595385313034058, ""decision"": ""reuse"", ""fresh_advantage"": 0.10900759696960449, ""fresh_positive"": true, ""fresh_utility"": 0.09641221165657043, ""full_batch_guards"": {""default"": {""crossfit_feasible"": true, ""crossfit_utility"": -0.012595385313034058, ""crossfit_utility_positive"": false, ""full_batch_cur_after"": 0.754780650138855, ""full_batch_cur_before"": 0.7439496517181396, ""full_batch_gain"": -0.010830998420715332, ""full_batch_harm"": 0.0014403908280655742, ""full_batch_harm_lcb"": -0.002833549263887107, ""full_batch_harm_se"": 0.0021805816795676947, ""full_batch_harm_ucb"": 0.005714330920018255, ""full_batch_safe"": true}}, ""guarded_best_reuse"": ""default"", ""num_adapters"": 1, ""pending_after"": true, ""pending_before"": false, ""policy_version"": ""cau_v1"", ""reason"": ""pending_fresh_safe_existing_reuse"", ""utility"": {""batch_n"": 16, ""best_reuse"": ""default"", ""best_reuse_query_after"": 0.7565451264381409, ""best_reuse_utility"": -0.012595385313034058, ""budget_blocked_fresh"": false, ""defer_utility"": 0.0, ""fold_a_fresh_utility"": 0.12927359342575073, ""fold_a_query_n"": 8, ""fold_a_support_n"": 8, ""fold_b_fresh_utility"": 0.06355082988739014, ""fold_b_query_n"": 8, ""fold_b_support_n"": 8, ""fresh_advantage"": 0.10900759696960449, ""fresh_local_trainability"": 0.051567137241363525, ""fresh_positive"": true, ""fresh_query_after"": 0.6475375294685364, ""fresh_query_before"": 0.6991046667098999, ""fresh_utility"": 0.09641221165657043, ""max_adapters"": 8, ""reuse_profiles"": {""default"": {""feasible_both"": true, ""fold_a_harm"": 0.001620136434212327, ""fold_a_lcb"": -0.002928665289655328, ""fold_a_query_after"": 0.7807056903839111, ""fold_a_utility"": -0.012542665004730225, ""fold_b_harm"": 0.0016040097689256072, ""fold_b_lcb"": -0.0028072577761486172, ""fold_b_query_after"": 0.7323845624923706, ""fold_b_utility"": -0.01264810562133789, ""harm_lcb_max"": -0.0028072577761486172, ""harm_mean"": 0.001612073101568967, ""harm_se_mean"": 0.0022857319563627243, ""harm_ucb_max"": 0.006168938158079982, ""local_trainability"": -0.012595385313034058, ""query_after"": 0.7565451264381409, ""query_before"": 0.7439497411251068, ""system_utility"": -0.012595385313034058}}, ""status"": ""ok"", ""statusquo_loss"": 0.7439497411251068, ""total_memory_budget"": 512}, ""utility_status"": ""ok""}"
58,C1,C,1,default,reuse,safe_existing_reuse,0.5767253637313843,1,True,147456,592130,0,67694596,592130,4737056,512,34.05960377212614,487040512,0.0,20.969899835065007,1.7331602391786873,512,512,0.5618754327297211,-0.1732957661151886,-0.007479250431060791,-0.1658165156841278,False,,"{""best_reuse"": ""default"", ""best_reuse_utility"": -0.007479250431060791, ""decision"": ""reuse"", ""fresh_advantage"": -0.1658165156841278, ""fresh_positive"": false, ""fresh_utility"": -0.1732957661151886, ""full_batch_guards"": {""default"": {""crossfit_feasible"": true, ""crossfit_utility"": -0.007479250431060791, ""crossfit_utility_positive"": false, ""full_batch_cur_after"": 0.5592625141143799, ""full_batch_cur_before"": 0.5618754625320435, ""full_batch_gain"": 0.0026129484176635742, ""full_batch_harm"": 0.0012918052962049842, ""full_batch_harm_lcb"": -0.0019560154154896737, ""full_batch_harm_se"": 0.0016570513835176826, ""full_batch_harm_ucb"": 0.0045396260078996425, ""full_batch_safe"": true}}, ""guarded_best_reuse"": ""default"", ""num_adapters"": 1, ""pending_after"": false, ""pending_before"": true, ""policy_version"": ""cau_v1"", ""reason"": ""safe_existing_reuse"", ""utility"": {""batch_n"": 16, ""best_reuse"": ""default"", ""best_reuse_query_after"": 0.5693546831607819, ""best_reuse_utility"": -0.007479250431060791, ""budget_blocked_fresh"": false, ""defer_utility"": 0.0, ""fold_a_fresh_utility"": -0.07796955108642578, ""fold_a_query_n"": 8, ""fold_a_support_n"": 8, ""fold_b_fresh_utility"": -0.2686219811439514, ""fold_b_query_n"": 8, ""fold_b_support_n"": 8, ""fresh_advantage"": -0.1658165156841278, ""fresh_local_trainability"": -0.041583120822906494, ""fresh_positive"": false, ""fresh_query_after"": 0.7351711988449097, ""fresh_query_before"": 0.6935880780220032, ""fresh_utility"": -0.1732957661151886, ""max_adapters"": 8, ""reuse_profiles"": {""default"": {""feasible_both"": true, ""fold_a_harm"": 0.006916622165590525, ""fold_a_lcb"": -0.0007883594185113902, ""fold_a_query_after"": 0.6787360310554504, ""fold_a_utility"": -0.01641303300857544, ""fold_b_harm"": -0.0020384611561894417, ""fold_b_lcb"": -0.0027826626226305964, ""fold_b_query_after"": 0.4599733352661133, ""fold_b_utility"": 0.0014545321464538574, ""harm_lcb_max"": -0.0007883594185113902, ""harm_mean"": 0.0024390805047005415, ""harm_se_mean"": 0.0021554038394242525, ""harm_ucb_max"": 0.01462160374969244, ""local_trainability"": -0.007479250431060791, ""query_after"": 0.5693546831607819, ""query_before"": 0.5618754327297211, ""system_utility"": -0.007479250431060791}}, ""status"": ""ok"", ""statusquo_loss"": 0.5618754327297211, ""total_memory_budget"": 512}, ""utility_status"": ""ok""}"
59,C1,C,1,default,reuse,safe_existing_reuse,0.5726491808891296,1,True,147456,592130,0,67694596,592130,4737056,512,34.470996516989544,487040512,0.0,21.37513229600154,1.7331602391786873,512,512,0.5629350244998932,-0.14920777082443237,-0.0013898015022277832,-0.1478179693222046,False,,"{""best_reuse"": ""default"", ""best_reuse_utility"": -0.0013898015022277832, ""decision"": ""reuse"", ""fresh_advantage"": -0.1478179693222046, ""fresh_positive"": false, ""fresh_utility"": -0.14920777082443237, ""full_batch_guards"": {""default"": {""crossfit_feasible"": true, ""crossfit_utility"": -0.0013898015022277832, ""crossfit_utility_positive"": false, ""full_batch_cur_after"": 0.5584061145782471, ""full_batch_cur_before"": 0.562934935092926, ""full_batch_gain"": 0.004528820514678955, ""full_batch_harm"": -0.0024870079942047596, ""full_batch_harm_lcb"": -0.003645310529973358, ""full_batch_harm_se"": 0.000590970681514591, ""full_batch_harm_ucb"": -0.0013287054584361613, ""full_batch_safe"": true}}, ""guarded_best_reuse"": ""default"", ""num_adapters"": 1, ""pending_after"": false, ""pending_before"": false, ""policy_version"": ""cau_v1"", ""reason"": ""safe_existing_reuse"", ""utility"": {""batch_n"": 16, ""best_reuse"": ""default"", ""best_reuse_query_after"": 0.564324826002121, ""best_reuse_utility"": -0.0013898015022277832, ""budget_blocked_fresh"": false, ""defer_utility"": 0.0, ""fold_a_fresh_utility"": -0.15275776386260986, ""fold_a_query_n"": 8, ""fold_a_support_n"": 8, ""fold_b_fresh_utility"": -0.14565777778625488, ""fold_b_query_n"": 8, ""fold_b_support_n"": 8, ""fresh_advantage"": -0.1478179693222046, ""fresh_local_trainability"": -0.01864403486251831, ""fresh_positive"": false, ""fresh_query_after"": 0.7121427953243256, ""fresh_query_before"": 0.6934987604618073, ""fresh_utility"": -0.14920777082443237, ""max_adapters"": 8, ""reuse_profiles"": {""default"": {""feasible_both"": true, ""fold_a_harm"": -0.0031084478832781315, ""fold_a_lcb"": -0.0041776562179438766, ""fold_a_query_after"": 0.5419688820838928, ""fold_a_utility"": 0.002857506275177002, ""fold_b_harm"": 0.003324837191030383, ""fold_b_lcb"": -0.001100822202861309, ""fold_b_query_after"": 0.5866807699203491, ""fold_b_utility"": -0.005637109279632568, ""harm_lcb_max"": -0.001100822202861309, ""harm_mean"": 0.00010819465387612581, ""harm_se_mean"": 0.001401751971570775, ""harm_ucb_max"": 0.007750496584922075, ""local_trainability"": -0.0013898015022277832, ""query_after"": 0.564324826002121, ""query_before"": 0.5629350244998932, ""system_utility"": -0.0013898015022277832}}, ""status"": ""ok"", ""statusquo_loss"": 0.5629350244998932, ""total_memory_budget"": 512}, ""utility_status"": ""ok""}"
60,C1,C,1,default,reuse,safe_existing_reuse,0.5766565799713135,1,True,147456,592130,0,67694596,592130,4737056,512,34.88163438998163,487040512,0.0,21.779669106937945,1.7331602391786873,512,512,0.6122609376907349,-0.06339266896247864,0.006909579038619995,-0.07030224800109863,False,,"{""best_reuse"": ""default"", ""best_reuse_utility"": 0.006909579038619995, ""decision"": ""reuse"", ""fresh_advantage"": -0.07030224800109863, ""fresh_positive"": false, ""fresh_utility"": -0.06339266896247864, ""full_batch_guards"": {""default"": {""crossfit_feasible"": true, ""crossfit_utility"": 0.006909579038619995, ""crossfit_utility_positive"": true, ""full_batch_cur_after"": 0.6040045619010925, ""full_batch_cur_before"": 0.6122609376907349, ""full_batch_gain"": 0.008256375789642334, ""full_batch_harm"": -0.00757959857583046, ""full_batch_harm_lcb"": -0.011357665616087614, ""full_batch_harm_se"": 0.001927585224620998, ""full_batch_harm_ucb"": -0.003801531535573304, ""full_batch_safe"": true}}, ""guarded_best_reuse"": ""default"", ""num_adapters"": 1, ""pending_after"": false, ""pending_before"": false, ""policy_version"": ""cau_v1"", ""reason"": ""safe_existing_reuse"", ""utility"": {""batch_n"": 16, ""best_reuse"": ""default"", ""best_reuse_query_after"": 0.6053513586521149, ""best_reuse_utility"": 0.006909579038619995, ""budget_blocked_fresh"": false, ""defer_utility"": 0.0, ""fold_a_fresh_utility"": -0.06337499618530273, ""fold_a_query_n"": 8, ""fold_a_support_n"": 8, ""fold_b_fresh_utility"": -0.06341034173965454, ""fold_b_query_n"": 8, ""fold_b_support_n"": 8, ""fresh_advantage"": -0.07030224800109863, ""fresh_local_trainability"": 0.02119651436805725, ""fresh_positive"": false, ""fresh_query_after"": 0.6756536066532135, ""fresh_query_before"": 0.6968501210212708, ""fresh_utility"": -0.06339266896247864, ""max_adapters"": 8, ""reuse_profiles"": {""default"": {""feasible_both"": true, ""fold_a_harm"": -0.00729628000408411, ""fold_a_lcb"": -0.010951176877133548, ""fold_a_query_after"": 0.6041580438613892, ""fold_a_utility"": 0.005506753921508789, ""fold_b_harm"": -0.007170191965997219, ""fold_b_lcb"": -0.01065536888781935, ""fold_b_query_after"": 0.6065446734428406, ""fold_b_utility"": 0.008312404155731201, ""harm_lcb_max"": -0.01065536888781935, ""harm_mean"": -0.007233235985040665, ""harm_se_mean"": 0.0018214473966509104, ""harm_ucb_max"": -0.0036413831310346725, ""local_trainability"": 0.006909579038619995, ""query_after"": 0.6053513586521149, ""query_before"": 0.6122609376907349, ""system_utility"": 0.006909579038619995}}, ""status"": ""ok"", ""statusquo_loss"": 0.6122609376907349, ""total_memory_budget"": 512}, ""utility_status"": ""ok""}"
61,C1,C,1,default,reuse,safe_existing_reuse,0.5488059520721436,1,True,147456,592130,0,67694596,592130,4737056,512,35.2887661640998,487040512,0.0,22.180430410895497,1.7331602391786873,512,512,0.5578210055828094,-0.13841167092323303,0.012277185916900635,-0.15068885684013367,False,,"{""best_reuse"": ""default"", ""best_reuse_utility"": 0.012277185916900635, ""decision"": ""reuse"", ""fresh_advantage"": -0.15068885684013367, ""fresh_positive"": false, ""fresh_utility"": -0.13841167092323303, ""full_batch_guards"": {""default"": {""crossfit_feasible"": true, ""crossfit_utility"": 0.012277185916900635, ""crossfit_utility_positive"": true, ""full_batch_cur_after"": 0.5436598062515259, ""full_batch_cur_before"": 0.5578210353851318, ""full_batch_gain"": 0.014161229133605957, ""full_batch_harm"": -0.011474528349936008, ""full_batch_harm_lcb"": -0.01824426656588912, ""full_batch_harm_se"": 0.0034539480693638325, ""full_batch_harm_ucb"": -0.004704790133982897, ""full_batch_safe"": true}}, ""guarded_best_reuse"": ""default"", ""num_adapters"": 1, ""pending_after"": false, ""pending_before"": false, ""policy_version"": ""cau_v1"", ""reason"": ""safe_existing_reuse"", ""utility"": {""batch_n"": 16, ""best_reuse"": ""default"", ""best_reuse_query_after"": 0.5455438196659088, ""best_reuse_utility"": 0.012277185916900635, ""budget_blocked_fresh"": false, ""defer_utility"": 0.0, ""fold_a_fresh_utility"": -0.18153488636016846, ""fold_a_query_n"": 8, ""fold_a_support_n"": 8, ""fold_b_fresh_utility"": -0.09528845548629761, ""fold_b_query_n"": 8, ""fold_b_support_n"": 8, ""fresh_advantage"": -0.15068885684013367, ""fresh_local_trainability"": 0.0007082223892211914, ""fresh_positive"": false, ""fresh_query_after"": 0.6962326765060425, ""fresh_query_before"": 0.6969408988952637, ""fresh_utility"": -0.13841167092323303, ""max_adapters"": 8, ""reuse_profiles"": {""default"": {""feasible_both"": true, ""fold_a_harm"": -0.011378835886716843, ""fold_a_lcb"": -0.01801894387230277, ""fold_a_query_after"": 0.5024338364601135, ""fold_a_utility"": 0.00796586275100708, ""fold_b_harm"": -0.01053333468735218, ""fold_b_lcb"": -0.016701267091557385, ""fold_b_query_after"": 0.5886538028717041, ""fold_b_utility"": 0.01658850908279419, ""harm_lcb_max"": -0.016701267091557385, ""harm_mean"": -0.010956085287034512, ""harm_se_mean"": 0.003267357242293656, ""harm_ucb_max"": -0.004365402283146977, ""local_trainability"": 0.012277185916900635, ""query_after"": 0.5455438196659088, ""query_before"": 0.5578210055828094, ""system_utility"": 0.012277185916900635}}, ""status"": ""ok"", ""statusquo_loss"": 0.5578210055828094, ""total_memory_budget"": 512}, ""utility_status"": ""ok""}"
62,C1,C,1,default,reuse,safe_existing_reuse,0.5929062366485596,1,True,147456,592130,0,67694596,592130,4737056,512,35.71643932000734,487040512,0.0,22.601688244845718,1.7331602391786873,512,512,0.5475313663482666,-0.12295839190483093,0.018111705780029297,-0.14107009768486023,False,,"{""best_reuse"": ""default"", ""best_reuse_utility"": 0.018111705780029297, ""decision"": ""reuse"", ""fresh_advantage"": -0.14107009768486023, ""fresh_positive"": false, ""fresh_utility"": -0.12295839190483093, ""full_batch_guards"": {""default"": {""crossfit_feasible"": true, ""crossfit_utility"": 0.018111705780029297, ""crossfit_utility_positive"": true, ""full_batch_cur_after"": 0.5274142026901245, ""full_batch_cur_before"": 0.5475313067436218, ""full_batch_gain"": 0.020117104053497314, ""full_batch_harm"": -0.015705101191997528, ""full_batch_harm_lcb"": -0.025735626108944414, ""full_batch_harm_se"": 0.005117614753544331, ""full_batch_harm_ucb"": -0.005674576275050641, ""full_batch_safe"": true}}, ""guarded_best_reuse"": ""default"", ""num_adapters"": 1, ""pending_after"": false, ""pending_before"": false, ""policy_version"": ""cau_v1"", ""reason"": ""safe_existing_reuse"", ""utility"": {""batch_n"": 16, ""best_reuse"": ""default"", ""best_reuse_query_after"": 0.5294196605682373, ""best_reuse_utility"": 0.018111705780029297, ""budget_blocked_fresh"": false, ""defer_utility"": 0.0, ""fold_a_fresh_utility"": -0.06109565496444702, ""fold_a_query_n"": 8, ""fold_a_support_n"": 8, ""fold_b_fresh_utility"": -0.18482112884521484, ""fold_b_query_n"": 8, ""fold_b_support_n"": 8, ""fresh_advantage"": -0.14107009768486023, ""fresh_local_trainability"": 0.028690963983535767, ""fresh_positive"": false, ""fresh_query_after"": 0.6704897582530975, ""fresh_query_before"": 0.6991807222366333, ""fresh_utility"": -0.12295839190483093, ""max_adapters"": 8, ""reuse_profiles"": {""default"": {""feasible_both"": true, ""fold_a_harm"": -0.014771589078009129, ""fold_a_lcb"": -0.0237423980422318, ""fold_a_query_after"": 0.5787193179130554, ""fold_a_utility"": 0.025573313236236572, ""fold_b_harm"": -0.015580584295094013, ""fold_b_lcb"": -0.02567966729402542, ""fold_b_query_after"": 0.4801200032234192, ""fold_b_utility"": 0.010650098323822021, ""harm_lcb_max"": -0.0237423980422318, ""harm_mean"": -0.015176086686551571, ""harm_se_mean"": 0.004864768357947469, ""harm_ucb_max"": -0.005481501296162606, ""local_trainability"": 0.018111705780029297, ""query_after"": 0.5294196605682373, ""query_before"": 0.5475313663482666, ""system_utility"": 0.018111705780029297}}, ""status"": ""ok"", ""statusquo_loss"": 0.5475313663482666, ""total_memory_budget"": 512}, ""utility_status"": ""ok""}"
63,C1,C,1,default,reuse,safe_existing_reuse,0.5530598163604736,1,True,147456,592130,0,67694596,592130,4737056,512,36.132246729917824,487040512,0.0,23.011054292786866,1.7331602391786873,512,512,0.5410737991333008,-0.13222983479499817,0.02261754870414734,-0.1548473834991455,False,,"{""best_reuse"": ""default"", ""best_reuse_utility"": 0.02261754870414734, ""decision"": ""reuse"", ""fresh_advantage"": -0.1548473834991455, ""fresh_positive"": false, ""fresh_utility"": -0.13222983479499817, ""full_batch_guards"": {""default"": {""crossfit_feasible"": true, ""crossfit_utility"": 0.02261754870414734, ""crossfit_utility_positive"": true, ""full_batch_cur_after"": 0.5174713134765625, ""full_batch_cur_before"": 0.5410737991333008, ""full_batch_gain"": 0.02360248565673828, ""full_batch_harm"": -0.019770732149481773, ""full_batch_harm_lcb"": -0.0322240755520761, ""full_batch_harm_se"": 0.006353746633976698, ""full_batch_harm_ucb"": -0.007317388746887445, ""full_batch_safe"": true}}, ""guarded_best_reuse"": ""default"", ""num_adapters"": 1, ""pending_after"": false, ""pending_before"": false, ""policy_version"": ""cau_v1"", ""reason"": ""safe_existing_reuse"", ""utility"": {""batch_n"": 16, ""best_reuse"": ""default"", ""best_reuse_query_after"": 0.5184562504291534, ""best_reuse_utility"": 0.02261754870414734, ""budget_blocked_fresh"": false, ""defer_utility"": 0.0, ""fold_a_fresh_utility"": -0.17096441984176636, ""fold_a_query_n"": 8, ""fold_a_support_n"": 8, ""fold_b_fresh_utility"": -0.09349524974822998, ""fold_b_query_n"": 8, ""fold_b_support_n"": 8, ""fresh_advantage"": -0.1548473834991455, ""fresh_local_trainability"": 0.021654903888702393, ""fresh_positive"": false, ""fresh_query_after"": 0.673303633928299, ""fresh_query_before"": 0.6949585378170013, ""fresh_utility"": -0.13222983479499817, ""max_adapters"": 8, ""reuse_profiles"": {""default"": {""feasible_both"": true, ""fold_a_harm"": -0.0191954355686903, ""fold_a_lcb"": -0.03120035767555237, ""fold_a_query_after"": 0.48422306776046753, ""fold_a_utility"": 0.021766245365142822, ""fold_b_harm"": -0.01971806213259697, ""fold_b_lcb"": -0.03216065214946866, ""fold_b_query_after"": 0.5526894330978394, ""fold_b_utility"": 0.023468852043151855, ""harm_lcb_max"": -0.03120035767555237, ""harm_mean"": -0.019456748850643635, ""harm_se_mean"": 0.006236610235646367, ""harm_ucb_max"": -0.007190513461828233, ""local_trainability"": 0.02261754870414734, ""query_after"": 0.5184562504291534, ""query_before"": 0.5410737991333008, ""system_utility"": 0.02261754870414734}}, ""status"": ""ok"", ""statusquo_loss"": 0.5410737991333008, ""total_memory_budget"": 512}, ""utility_status"": ""ok""}"
64,C1,C,1,default,reuse,safe_existing_reuse,0.5983597636222839,1,True,147456,592130,0,67694596,592130,4737056,512,36.56366439210251,487040512,0.0,23.435622710734606,1.7331602391786873,512,512,0.6010197997093201,-0.10171905159950256,0.0057141780853271484,-0.10743322968482971,False,,"{""best_reuse"": ""default"", ""best_reuse_utility"": 0.0057141780853271484, ""decision"": ""reuse"", ""fresh_advantage"": -0.10743322968482971, ""fresh_positive"": false, ""fresh_utility"": -0.10171905159950256, ""full_batch_guards"": {""default"": {""crossfit_feasible"": true, ""crossfit_utility"": 0.0057141780853271484, ""crossfit_utility_positive"": true, ""full_batch_cur_after"": 0.5877004861831665, ""full_batch_cur_before"": 0.6010198593139648, ""full_batch_gain"": 0.01331937313079834, ""full_batch_harm"": -0.014646049588918686, ""full_batch_harm_lcb"": -0.02915360180661082, ""full_batch_harm_se"": 0.007401812355965376, ""full_batch_harm_ucb"": -0.00013849737122654908, ""full_batch_safe"": true}}, ""guarded_best_reuse"": ""default"", ""num_adapters"": 1, ""pending_after"": false, ""pending_before"": false, ""policy_version"": ""cau_v1"", ""reason"": ""safe_existing_reuse"", ""utility"": {""batch_n"": 16, ""best_reuse"": ""default"", ""best_reuse_query_after"": 0.5953056216239929, ""best_reuse_utility"": 0.0057141780853271484, ""budget_blocked_fresh"": false, ""defer_utility"": 0.0, ""fold_a_fresh_utility"": -0.21474581956863403, ""fold_a_query_n"": 8, ""fold_a_support_n"": 8, ""fold_b_fresh_utility"": 0.011307716369628906, ""fold_b_query_n"": 8, ""fold_b_support_n"": 8, ""fresh_advantage"": -0.10743322968482971, ""fresh_local_trainability"": -0.007957100868225098, ""fresh_positive"": false, ""fresh_query_after"": 0.7027388513088226, ""fresh_query_before"": 0.6947817504405975, ""fresh_utility"": -0.10171905159950256, ""max_adapters"": 8, ""reuse_profiles"": {""default"": {""feasible_both"": true, ""fold_a_harm"": -0.014973421581089497, ""fold_a_lcb"": -0.030043301396071913, ""fold_a_query_after"": 0.49486416578292847, ""fold_a_utility"": -0.007463693618774414, ""fold_b_harm"": -0.01124868169426918, ""fold_b_lcb"": -0.02113864319398999, ""fold_b_query_after"": 0.6957470774650574, ""fold_b_utility"": 0.01889204978942871, ""harm_lcb_max"": -0.02113864319398999, ""harm_mean"": -0.013111051637679338, ""harm_se_mean"": 0.006367306457832456, ""harm_ucb_max"": 9.645823389291784e-05, ""local_trainability"": 0.0057141780853271484, ""query_after"": 0.5953056216239929, ""query_before"": 0.6010197997093201, ""system_utility"": 0.0057141780853271484}}, ""status"": ""ok"", ""statusquo_loss"": 0.6010197997093201, ""total_memory_budget"": 512}, ""utility_status"": ""ok""}"
65,B2,B,2,default,reuse,safe_existing_reuse,0.5522551536560059,1,True,147456,592130,0,67694596,592130,4737056,512,37.59105803305283,487040512,0.0,23.83899277774617,2.3506832181010395,512,512,0.5384304821491241,-0.16386350989341736,-0.006269276142120361,-0.157594233751297,False,,"{""best_reuse"": ""default"", ""best_reuse_utility"": -0.006269276142120361, ""decision"": ""reuse"", ""fresh_advantage"": -0.157594233751297, ""fresh_positive"": false, ""fresh_utility"": -0.16386350989341736, ""full_batch_guards"": {""default"": {""crossfit_feasible"": true, ""crossfit_utility"": -0.006269276142120361, ""crossfit_utility_positive"": false, ""full_batch_cur_after"": 0.5407314896583557, ""full_batch_cur_before"": 0.5384305715560913, ""full_batch_gain"": -0.0023009181022644043, ""full_batch_harm"": -0.007822790183126926, ""full_batch_harm_lcb"": -0.018649509213864802, ""full_batch_harm_se"": 0.005523836240172386, ""full_batch_harm_ucb"": 0.0030039288476109496, ""full_batch_safe"": true}}, ""guarded_best_reuse"": ""default"", ""num_adapters"": 1, ""pending_after"": false, ""pending_before"": false, ""policy_version"": ""cau_v1"", ""reason"": ""safe_existing_reuse"", ""utility"": {""batch_n"": 16, ""best_reuse"": ""default"", ""best_reuse_query_after"": 0.5446997582912445, ""best_reuse_utility"": -0.006269276142120361, ""budget_blocked_fresh"": false, ""defer_utility"": 0.0, ""fold_a_fresh_utility"": -0.04885256290435791, ""fold_a_query_n"": 8, ""fold_a_support_n"": 8, ""fold_b_fresh_utility"": -0.2788744568824768, ""fold_b_query_n"": 8, ""fold_b_support_n"": 8, ""fresh_advantage"": -0.157594233751297, ""fresh_local_trainability"": -0.004013359546661377, ""fresh_positive"": false, ""fresh_query_after"": 0.7022939920425415, ""fresh_query_before"": 0.6982806324958801, ""fresh_utility"": -0.16386350989341736, ""max_adapters"": 8, ""reuse_profiles"": {""default"": {""feasible_both"": true, ""fold_a_harm"": -0.007412866689264774, ""fold_a_lcb"": -0.017117204051464795, ""fold_a_query_after"": 0.659518837928772, ""fold_a_utility"": 0.0025011301040649414, ""fold_b_harm"": -0.009066078811883926, ""fold_b_lcb"": -0.02315443517640233, ""fold_b_query_after"": 0.42988067865371704, ""fold_b_utility"": -0.015039682388305664, ""harm_lcb_max"": -0.017117204051464795, ""harm_mean"": -0.00823947275057435, ""harm_se_mean"": 0.00606956472620368, ""harm_ucb_max"": 0.005022277552634477, ""local_trainability"": -0.006269276142120361, ""query_after"": 0.5446997582912445, ""query_before"": 0.5384304821491241, ""system_utility"": -0.006269276142120361}}, ""status"": ""ok"", ""statusquo_loss"": 0.5384304821491241, ""total_memory_budget"": 512}, ""utility_status"": ""ok""}"
66,B2,B,2,default,reuse,safe_existing_reuse,0.5227564573287964,1,True,147456,592130,0,67694596,592130,4737056,512,38.01872593909502,487040512,0.0,24.260148798814043,2.3506832181010395,512,512,0.4915717840194702,-0.1704595386981964,0.02222079038619995,-0.19268032908439636,False,,"{""best_reuse"": ""default"", ""best_reuse_utility"": 0.02222079038619995, ""decision"": ""reuse"", ""fresh_advantage"": -0.19268032908439636, ""fresh_positive"": false, ""fresh_utility"": -0.1704595386981964, ""full_batch_guards"": {""default"": {""crossfit_feasible"": true, ""crossfit_utility"": 0.02222079038619995, ""crossfit_utility_positive"": true, ""full_batch_cur_after"": 0.4683178663253784, ""full_batch_cur_before"": 0.491571843624115, ""full_batch_gain"": 0.023253977298736572, ""full_batch_harm"": 0.009482719004154205, ""full_batch_harm_lcb"": -0.004650800302624701, ""full_batch_harm_se"": 0.007210979238152504, ""full_batch_harm_ucb"": 0.02361623831093311, ""full_batch_safe"": true}}, ""guarded_best_reuse"": ""default"", ""num_adapters"": 1, ""pending_after"": false, ""pending_before"": false, ""policy_version"": ""cau_v1"", ""reason"": ""safe_existing_reuse"", ""utility"": {""batch_n"": 16, ""best_reuse"": ""default"", ""best_reuse_query_after"": 0.46935099363327026, ""best_reuse_utility"": 0.02222079038619995, ""budget_blocked_fresh"": false, ""defer_utility"": 0.0, ""fold_a_fresh_utility"": -0.15096735954284668, ""fold_a_query_n"": 8, ""fold_a_support_n"": 8, ""fold_b_fresh_utility"": -0.18995171785354614, ""fold_b_query_n"": 8, ""fold_b_support_n"": 8, ""fresh_advantage"": -0.19268032908439636, ""fresh_local_trainability"": 0.03410583734512329, ""fresh_positive"": false, ""fresh_query_after"": 0.6620313227176666, ""fresh_query_before"": 0.6961371600627899, ""fresh_utility"": -0.1704595386981964, ""max_adapters"": 8, ""reuse_profiles"": {""default"": {""feasible_both"": true, ""fold_a_harm"": 0.009244699031114578, ""fold_a_lcb"": -0.004614368900656699, ""fold_a_query_after"": 0.4948749542236328, ""fold_a_utility"": 0.020087003707885742, ""fold_b_harm"": 0.009406432509422302, ""fold_b_lcb"": -0.0045235537365078925, ""fold_b_query_after"": 0.4438270330429077, ""fold_b_utility"": 0.02435457706451416, ""harm_lcb_max"": -0.0045235537365078925, ""harm_mean"": 0.00932556577026844, ""harm_se_mean"": 0.0070890444330871105, ""harm_ucb_max"": 0.023336418755352497, ""local_trainability"": 0.02222079038619995, ""query_after"": 0.46935099363327026, ""query_before"": 0.4915717840194702, ""system_utility"": 0.02222079038619995}}, ""status"": ""ok"", ""statusquo_loss"": 0.4915717840194702, ""total_memory_budget"": 512}, ""utility_status"": ""ok""}"
67,B2,B,2,default,defer,no_retention_feasible_reuse,,1,False,147456,592130,0,67694596,592130,4737056,512,38.35033299494535,487040512,0.0,24.58524209097959,2.3506832181010395,512,512,0.5189544558525085,-0.17073321342468262,,,False,,"{""best_reuse"": null, ""best_reuse_utility"": null, ""decision"": ""defer"", ""fresh_advantage"": null, ""fresh_positive"": false, ""fresh_utility"": -0.17073321342468262, ""full_batch_guards"": {}, ""guarded_best_reuse"": null, ""num_adapters"": 1, ""pending_after"": false, ""pending_before"": false, ""policy_version"": ""cau_v1"", ""reason"": ""no_retention_feasible_reuse"", ""utility"": {""batch_n"": 16, ""best_reuse"": null, ""best_reuse_query_after"": null, ""best_reuse_utility"": null, ""budget_blocked_fresh"": false, ""defer_utility"": 0.0, ""fold_a_fresh_utility"": -0.1472812294960022, ""fold_a_query_n"": 8, ""fold_a_support_n"": 8, ""fold_b_fresh_utility"": -0.19418519735336304, ""fold_b_query_n"": 8, ""fold_b_support_n"": 8, ""fresh_advantage"": null, ""fresh_local_trainability"": -0.005289703607559204, ""fresh_positive"": false, ""fresh_query_after"": 0.6896876692771912, ""fresh_query_before"": 0.684397965669632, ""fresh_utility"": -0.17073321342468262, ""max_adapters"": 8, ""reuse_profiles"": {""default"": {""feasible_both"": false, ""fold_a_harm"": 0.013014079071581364, ""fold_a_lcb"": 0.0036009401455521593, ""fold_a_query_after"": 0.5389033555984497, ""fold_a_utility"": 0.005990564823150635, ""fold_b_harm"": 0.020825278013944626, ""fold_b_lcb"": 0.007161889392882585, ""fold_b_query_after"": 0.5063372850418091, ""fold_b_utility"": -0.013322293758392334, ""harm_lcb_max"": 0.007161889392882585, ""harm_mean"": 0.016919678542762995, ""harm_se_mean"": 0.0058868692722171545, ""harm_ucb_max"": 0.034488666635006666, ""local_trainability"": -0.0036658644676208496, ""query_after"": 0.5226203203201294, ""query_before"": 0.5189544558525085, ""system_utility"": -0.0036658644676208496}}, ""status"": ""ok"", ""statusquo_loss"": 0.5189544558525085, ""total_memory_budget"": 512}, ""utility_status"": ""ok""}"
68,B2,B,2,default,defer,no_retention_feasible_reuse,,1,False,147456,592130,0,67694596,592130,4737056,512,38.69565524999052,487040512,0.0,24.92380782496184,2.3506832181010395,512,512,0.5324759781360626,-0.23810920119285583,,,False,,"{""best_reuse"": null, ""best_reuse_utility"": null, ""decision"": ""defer"", ""fresh_advantage"": null, ""fresh_positive"": false, ""fresh_utility"": -0.23810920119285583, ""full_batch_guards"": {}, ""guarded_best_reuse"": null, ""num_adapters"": 1, ""pending_after"": false, ""pending_before"": false, ""policy_version"": ""cau_v1"", ""reason"": ""no_retention_feasible_reuse"", ""utility"": {""batch_n"": 16, ""best_reuse"": null, ""best_reuse_query_after"": null, ""best_reuse_utility"": null, ""budget_blocked_fresh"": false, ""defer_utility"": 0.0, ""fold_a_fresh_utility"": -0.245461106300354, ""fold_a_query_n"": 8, ""fold_a_support_n"": 8, ""fold_b_fresh_utility"": -0.23075729608535767, ""fold_b_query_n"": 8, ""fold_b_support_n"": 8, ""fresh_advantage"": null, ""fresh_local_trainability"": -0.08173823356628418, ""fresh_positive"": false, ""fresh_query_after"": 0.7705851793289185, ""fresh_query_before"": 0.6888469457626343, ""fresh_utility"": -0.23810920119285583, ""max_adapters"": 8, ""reuse_profiles"": {""default"": {""feasible_both"": false, ""fold_a_harm"": 0.011270171031355858, ""fold_a_lcb"": 0.002901144605129958, ""fold_a_query_after"": 0.5194780826568604, ""fold_a_utility"": 0.021074771881103516, ""fold_b_harm"": 0.025741521269083023, ""fold_b_lcb"": 0.009492978379130365, ""fold_b_query_after"": 0.5592377781867981, ""fold_b_utility"": -0.03483867645263672, ""harm_lcb_max"": 0.009492978379130365, ""harm_mean"": 0.01850584615021944, ""harm_se_mean"": 0.006279992172494531, ""harm_ucb_max"": 0.04199006415903568, ""local_trainability"": -0.0068819522857666016, ""query_after"": 0.5393579304218292, ""query_before"": 0.5324759781360626, ""system_utility"": -0.0068819522857666016}}, ""status"": ""ok"", ""statusquo_loss"": 0.5324759781360626, ""total_memory_budget"": 512}, ""utility_status"": ""ok""}"
69,B2,B,2,default,defer,no_retention_feasible_reuse,,1,False,147456,592130,0,67694596,592130,4737056,512,39.03687020810321,487040512,0.0,25.258334033889696,2.3506832181010395,512,512,0.49151811003685,-0.22149944305419922,,,False,,"{""best_reuse"": null, ""best_reuse_utility"": null, ""decision"": ""defer"", ""fresh_advantage"": null, ""fresh_positive"": false, ""fresh_utility"": -0.22149944305419922, ""full_batch_guards"": {}, ""guarded_best_reuse"": null, ""num_adapters"": 1, ""pending_after"": false, ""pending_before"": false, ""policy_version"": ""cau_v1"", ""reason"": ""no_retention_feasible_reuse"", ""utility"": {""batch_n"": 16, ""best_reuse"": null, ""best_reuse_query_after"": null, ""best_reuse_utility"": null, ""budget_blocked_fresh"": false, ""defer_utility"": 0.0, ""fold_a_fresh_utility"": -0.15560948848724365, ""fold_a_query_n"": 8, ""fold_a_support_n"": 8, ""fold_b_fresh_utility"": -0.2873893976211548, ""fold_b_query_n"": 8, ""fold_b_support_n"": 8, ""fresh_advantage"": null, ""fresh_local_trainability"": -0.014396905899047852, ""fresh_positive"": false, ""fresh_query_after"": 0.7130175530910492, ""fresh_query_before"": 0.6986206471920013, ""fresh_utility"": -0.22149944305419922, ""max_adapters"": 8, ""reuse_profiles"": {""default"": {""feasible_both"": false, ""fold_a_harm"": 0.01564500480890274, ""fold_a_lcb"": 0.004566192720085382, ""fold_a_query_after"": 0.5559093952178955, ""fold_a_utility"": 0.011892437934875488, ""fold_b_harm"": 0.023032624274492264, ""fold_b_lcb"": 0.008305456377565862, ""fold_b_query_after"": 0.4167300760746002, ""fold_b_utility"": -0.0014956891536712646, ""harm_lcb_max"": 0.008305456377565862, ""harm_mean"": 0.019338814541697502, ""harm_se_mean"": 0.0065831581596285105, ""harm_ucb_max"": 0.037759792171418664, ""local_trainability"": 0.005198374390602112, ""query_after"": 0.48631973564624786, ""query_before"": 0.49151811003685, ""system_utility"": 0.005198374390602112}}, ""status"": ""ok"", ""statusquo_loss"": 0.49151811003685, ""total_memory_budget"": 512}, ""utility_status"": ""ok""}"
70,B2,B,2,default,defer,no_retention_feasible_reuse,,1,False,147456,592130,0,67694596,592130,4737056,512,39.38155823503621,487040512,0.0,25.596399333095178,2.3506832181010395,512,512,0.505156546831131,-0.18606755137443542,,,False,,"{""best_reuse"": null, ""best_reuse_utility"": null, ""decision"": ""defer"", ""fresh_advantage"": null, ""fresh_positive"": false, ""fresh_utility"": -0.18606755137443542, ""full_batch_guards"": {}, ""guarded_best_reuse"": null, ""num_adapters"": 1, ""pending_after"": false, ""pending_before"": false, ""policy_version"": ""cau_v1"", ""reason"": ""no_retention_feasible_reuse"", ""utility"": {""batch_n"": 16, ""best_reuse"": null, ""best_reuse_query_after"": null, ""best_reuse_utility"": null, ""budget_blocked_fresh"": false, ""defer_utility"": 0.0, ""fold_a_fresh_utility"": -0.1297905445098877, ""fold_a_query_n"": 8, ""fold_a_support_n"": 8, ""fold_b_fresh_utility"": -0.24234455823898315, ""fold_b_query_n"": 8, ""fold_b_support_n"": 8, ""fresh_advantage"": null, ""fresh_local_trainability"": 0.0035938024520874023, ""fresh_positive"": false, ""fresh_query_after"": 0.6912240982055664, ""fresh_query_before"": 0.6948179006576538, ""fresh_utility"": -0.18606755137443542, ""max_adapters"": 8, ""reuse_profiles"": {""default"": {""feasible_both"": false, ""fold_a_harm"": 0.015677405521273613, ""fold_a_lcb"": 0.004606417063623667, ""fold_a_query_after"": 0.5689970254898071, ""fold_a_utility"": -0.013303279876708984, ""fold_b_harm"": 0.012985918670892715, ""fold_b_lcb"": 0.0037780432775616647, ""fold_b_query_after"": 0.4548228085041046, ""fold_b_utility"": -0.0002034604549407959, ""harm_lcb_max"": 0.004606417063623667, ""harm_mean"": 0.014331662096083164, ""harm_se_mean"": 0.005173179553821683, ""harm_ucb_max"": 0.02674839397892356, ""local_trainability"": -0.00675337016582489, ""query_after"": 0.5119099169969559, ""query_before"": 0.505156546831131, ""system_utility"": -0.00675337016582489}}, ""status"": ""ok"", ""statusquo_loss"": 0.505156546831131, ""total_memory_budget"": 512}, ""utility_status"": ""ok""}"
71,B2,B,2,default,defer,no_retention_feasible_reuse,,1,False,147456,592130,0,67694596,592130,4737056,512,39.72351680509746,487040512,0.0,25.931659412104636,2.3506832181010395,512,512,0.5488552004098892,-0.14455626904964447,,,False,,"{""best_reuse"": null, ""best_reuse_utility"": null, ""decision"": ""defer"", ""fresh_advantage"": null, ""fresh_positive"": false, ""fresh_utility"": -0.14455626904964447, ""full_batch_guards"": {}, ""guarded_best_reuse"": null, ""num_adapters"": 1, ""pending_after"": false, ""pending_before"": false, ""policy_version"": ""cau_v1"", ""reason"": ""no_retention_feasible_reuse"", ""utility"": {""batch_n"": 16, ""best_reuse"": null, ""best_reuse_query_after"": null, ""best_reuse_utility"": null, ""budget_blocked_fresh"": false, ""defer_utility"": 0.0, ""fold_a_fresh_utility"": -0.1967439353466034, ""fold_a_query_n"": 8, ""fold_a_support_n"": 8, ""fold_b_fresh_utility"": -0.09236860275268555, ""fold_b_query_n"": 8, ""fold_b_support_n"": 8, ""fresh_advantage"": null, ""fresh_local_trainability"": -0.002205580472946167, ""fresh_positive"": false, ""fresh_query_after"": 0.6934114694595337, ""fresh_query_before"": 0.6912058889865875, ""fresh_utility"": -0.14455626904964447, ""max_adapters"": 8, ""reuse_profiles"": {""default"": {""feasible_both"": false, ""fold_a_harm"": 0.016323549672961235, ""fold_a_lcb"": 0.005154321342706681, ""fold_a_query_after"": 0.5079509019851685, ""fold_a_utility"": -0.01239362359046936, ""fold_b_harm"": 0.013818541541695595, ""fold_b_lcb"": 0.004005481079220772, ""fold_b_query_after"": 0.6032326221466064, ""fold_b_utility"": -0.0010794997215270996, ""harm_lcb_max"": 0.005154321342706681, ""harm_mean"": 0.015071045607328415, ""harm_se_mean"": 0.0053526246920228004, ""harm_ucb_max"": 0.02749277800321579, ""local_trainability"": -0.00673656165599823, ""query_after"": 0.5555917620658875, ""query_before"": 0.5488552004098892, ""system_utility"": -0.00673656165599823}}, ""status"": ""ok"", ""statusquo_loss"": 0.5488552004098892, ""total_memory_budget"": 512}, ""utility_status"": ""ok""}"
72,B2,B,2,default,defer,no_retention_feasible_reuse,,1,False,147456,592130,0,67694596,592130,4737056,512,40.068329675123096,487040512,0.0,26.269629559013993,2.3506832181010395,512,512,0.5418352484703064,-0.16079148650169373,,,False,,"{""best_reuse"": null, ""best_reuse_utility"": null, ""decision"": ""defer"", ""fresh_advantage"": null, ""fresh_positive"": false, ""fresh_utility"": -0.16079148650169373, ""full_batch_guards"": {}, ""guarded_best_reuse"": null, ""num_adapters"": 1, ""pending_after"": false, ""pending_before"": false, ""policy_version"": ""cau_v1"", ""reason"": ""no_retention_feasible_reuse"", ""utility"": {""batch_n"": 16, ""best_reuse"": null, ""best_reuse_query_after"": null, ""best_reuse_utility"": null, ""budget_blocked_fresh"": false, ""defer_utility"": 0.0, ""fold_a_fresh_utility"": -0.18702316284179688, ""fold_a_query_n"": 8, ""fold_a_support_n"": 8, ""fold_b_fresh_utility"": -0.13455981016159058, ""fold_b_query_n"": 8, ""fold_b_support_n"": 8, ""fresh_advantage"": null, ""fresh_local_trainability"": 0.0030773580074310303, ""fresh_positive"": false, ""fresh_query_after"": 0.7026267349720001, ""fresh_query_before"": 0.7057040929794312, ""fresh_utility"": -0.16079148650169373, ""max_adapters"": 8, ""reuse_profiles"": {""default"": {""feasible_both"": false, ""fold_a_harm"": 0.025281675159931183, ""fold_a_lcb"": 0.009277886338531972, ""fold_a_query_after"": 0.5184456706047058, ""fold_a_utility"": -0.006132662296295166, ""fold_b_harm"": 0.018172908574342728, ""fold_b_lcb"": 0.005846966598182917, ""fold_b_query_after"": 0.5401058197021484, ""fold_b_utility"": 0.03125166893005371, ""harm_lcb_max"": 0.009277886338531972, ""harm_mean"": 0.021727291867136955, ""harm_se_mean"": 0.007226972142234445, ""harm_ucb_max"": 0.04128546398133039, ""local_trainability"": 0.012559503316879272, ""query_after"": 0.5292757451534271, ""query_before"": 0.5418352484703064, ""system_utility"": 0.012559503316879272}}, ""status"": ""ok"", ""statusquo_loss"": 0.5418352484703064, ""total_memory_budget"": 512}, ""utility_status"": ""ok""}"
73,B2,B,2,default,defer,no_retention_feasible_reuse,,1,False,147456,592130,0,67694596,592130,4737056,512,40.40856116497889,487040512,0.0,26.603068897034973,2.3506832181010395,512,512,0.45893847942352295,-0.22999027371406555,,,False,,"{""best_reuse"": null, ""best_reuse_utility"": null, ""decision"": ""defer"", ""fresh_advantage"": null, ""fresh_positive"": false, ""fresh_utility"": -0.22999027371406555, ""full_batch_guards"": {}, ""guarded_best_reuse"": null, ""num_adapters"": 1, ""pending_after"": false, ""pending_before"": false, ""policy_version"": ""cau_v1"", ""reason"": ""no_retention_feasible_reuse"", ""utility"": {""batch_n"": 16, ""best_reuse"": null, ""best_reuse_query_after"": null, ""best_reuse_utility"": null, ""budget_blocked_fresh"": false, ""defer_utility"": 0.0, ""fold_a_fresh_utility"": -0.16117912530899048, ""fold_a_query_n"": 8, ""fold_a_support_n"": 8, ""fold_b_fresh_utility"": -0.2988014221191406, ""fold_b_query_n"": 8, ""fold_b_support_n"": 8, ""fresh_advantage"": null, ""fresh_local_trainability"": 0.006605476140975952, ""fresh_positive"": false, ""fresh_query_after"": 0.6889287531375885, ""fresh_query_before"": 0.6955342292785645, ""fresh_utility"": -0.22999027371406555, ""max_adapters"": 8, ""reuse_profiles"": {""default"": {""feasible_both"": false, ""fold_a_harm"": 0.023388709872961044, ""fold_a_lcb"": 0.008209228944033385, ""fold_a_query_after"": 0.5282601714134216, ""fold_a_utility"": 0.005597293376922607, ""fold_b_harm"": 0.01909254863858223, ""fold_b_lcb"": 0.00626275185495615, ""fold_b_query_after"": 0.3647697865962982, ""fold_b_utility"": 0.019249707460403442, ""harm_lcb_max"": 0.008209228944033385, ""harm_mean"": 0.021240629255771637, ""harm_se_mean"": 0.007145223906263709, ""harm_ucb_max"": 0.0385681908018887, ""local_trainability"": 0.012423500418663025, ""query_after"": 0.4465149790048599, ""query_before"": 0.45893847942352295, ""system_utility"": 0.012423500418663025}}, ""status"": ""ok"", ""statusquo_loss"": 0.45893847942352295, ""total_memory_budget"": 512}, ""utility_status"": ""ok""}"
74,B2,B,2,default,defer,no_retention_feasible_reuse,,1,False,147456,592130,0,67694596,592130,4737056,512,40.76321178395301,487040512,0.0,26.950848710956052,2.3506832181010395,512,512,0.4671994000673294,-0.22637106478214264,,,False,,"{""best_reuse"": null, ""best_reuse_utility"": null, ""decision"": ""defer"", ""fresh_advantage"": null, ""fresh_positive"": false, ""fresh_utility"": -0.22637106478214264, ""full_batch_guards"": {}, ""guarded_best_reuse"": null, ""num_adapters"": 1, ""pending_after"": false, ""pending_before"": false, ""policy_version"": ""cau_v1"", ""reason"": ""no_retention_feasible_reuse"", ""utility"": {""batch_n"": 16, ""best_reuse"": null, ""best_reuse_query_after"": null, ""best_reuse_utility"": null, ""budget_blocked_fresh"": false, ""defer_utility"": 0.0, ""fold_a_fresh_utility"": -0.20284372568130493, ""fold_a_query_n"": 8, ""fold_a_support_n"": 8, ""fold_b_fresh_utility"": -0.24989840388298035, ""fold_b_query_n"": 8, ""fold_b_support_n"": 8, ""fresh_advantage"": null, ""fresh_local_trainability"": -0.0013582408428192139, ""fresh_positive"": false, ""fresh_query_after"": 0.693570464849472, ""fresh_query_before"": 0.6922122240066528, ""fresh_utility"": -0.22637106478214264, ""max_adapters"": 8, ""reuse_profiles"": {""default"": {""feasible_both"": false, ""fold_a_harm"": 0.012506402097642422, ""fold_a_lcb"": 0.003377780672162772, ""fold_a_query_after"": 0.49955883622169495, ""fold_a_utility"": 0.0004495084285736084, ""fold_b_harm"": 0.01778218150138855, ""fold_b_lcb"": 0.005537976939231158, ""fold_b_query_after"": 0.4547400176525116, ""fold_b_utility"": -0.020349562168121338, ""harm_lcb_max"": 0.005537976939231158, ""harm_mean"": 0.015144291799515486, ""harm_se_mean"": 0.005452251527458429, ""harm_ucb_max"": 0.03002638606354594, ""local_trainability"": -0.009950026869773865, ""query_after"": 0.47714942693710327, ""query_before"": 0.4671994000673294, ""system_utility"": -0.009950026869773865}}, ""status"": ""ok"", ""statusquo_loss"": 0.4671994000673294, ""total_memory_budget"": 512}, ""utility_status"": ""ok""}"
75,B2,B,2,default,defer,no_retention_feasible_reuse,,1,False,147456,592130,0,67694596,592130,4737056,512,41.130028856918216,487040512,0.0,27.310816269833595,2.3506832181010395,512,512,0.5613831877708435,-0.10944679379463196,,,False,,"{""best_reuse"": null, ""best_reuse_utility"": null, ""decision"": ""defer"", ""fresh_advantage"": null, ""fresh_positive"": false, ""fresh_utility"": -0.10944679379463196, ""full_batch_guards"": {}, ""guarded_best_reuse"": null, ""num_adapters"": 1, ""pending_after"": false, ""pending_before"": false, ""policy_version"": ""cau_v1"", ""reason"": ""no_retention_feasible_reuse"", ""utility"": {""batch_n"": 16, ""best_reuse"": null, ""best_reuse_query_after"": null, ""best_reuse_utility"": null, ""budget_blocked_fresh"": false, ""defer_utility"": 0.0, ""fold_a_fresh_utility"": -0.003502786159515381, ""fold_a_query_n"": 8, ""fold_a_support_n"": 8, ""fold_b_fresh_utility"": -0.21539080142974854, ""fold_b_query_n"": 8, ""fold_b_support_n"": 8, ""fresh_advantage"": null, ""fresh_local_trainability"": 0.01699003577232361, ""fresh_positive"": false, ""fresh_query_after"": 0.6708299815654755, ""fresh_query_before"": 0.6878200173377991, ""fresh_utility"": -0.10944679379463196, ""max_adapters"": 8, ""reuse_profiles"": {""default"": {""feasible_both"": false, ""fold_a_harm"": 0.015029465779662132, ""fold_a_lcb"": 0.004290486052632332, ""fold_a_query_after"": 0.6810776591300964, ""fold_a_utility"": -0.013930261135101318, ""fold_b_harm"": 0.012057707644999027, ""fold_b_lcb"": 0.0033314099721610552, ""fold_b_query_after"": 0.4567221403121948, ""fold_b_utility"": -0.0011031627655029297, ""harm_lcb_max"": 0.004290486052632332, ""harm_mean"": 0.01354358671233058, ""harm_se_mean"": 0.004965631989762187, ""harm_ucb_max"": 0.025768445506691932, ""local_trainability"": -0.007516711950302124, ""query_after"": 0.5688998997211456, ""query_before"": 0.5613831877708435, ""system_utility"": -0.007516711950302124}}, ""status"": ""ok"", ""statusquo_loss"": 0.5613831877708435, ""total_memory_budget"": 512}, ""utility_status"": ""ok""}"
76,B2,B,2,default,defer,no_retention_feasible_reuse,,1,False,147456,592130,0,67694596,592130,4737056,512,41.487588678020984,487040512,0.0,27.660931029822677,2.3506832181010395,512,512,0.4981031119823456,-0.19575005769729614,,,False,,"{""best_reuse"": null, ""best_reuse_utility"": null, ""decision"": ""defer"", ""fresh_advantage"": null, ""fresh_positive"": false, ""fresh_utility"": -0.19575005769729614, ""full_batch_guards"": {}, ""guarded_best_reuse"": null, ""num_adapters"": 1, ""pending_after"": false, ""pending_before"": false, ""policy_version"": ""cau_v1"", ""reason"": ""no_retention_feasible_reuse"", ""utility"": {""batch_n"": 16, ""best_reuse"": null, ""best_reuse_query_after"": null, ""best_reuse_utility"": null, ""budget_blocked_fresh"": false, ""defer_utility"": 0.0, ""fold_a_fresh_utility"": -0.1599171757698059, ""fold_a_query_n"": 8, ""fold_a_support_n"": 8, ""fold_b_fresh_utility"": -0.23158293962478638, ""fold_b_query_n"": 8, ""fold_b_support_n"": 8, ""fresh_advantage"": null, ""fresh_local_trainability"": -0.003293633460998535, ""fresh_positive"": false, ""fresh_query_after"": 0.6938531696796417, ""fresh_query_before"": 0.6905595362186432, ""fresh_utility"": -0.19575005769729614, ""max_adapters"": 8, ""reuse_profiles"": {""default"": {""feasible_both"": false, ""fold_a_harm"": 0.022464081645011902, ""fold_a_lcb"": 0.007820433657616378, ""fold_a_query_after"": 0.5442319512367249, ""fold_a_utility"": -0.013634741306304932, ""fold_b_harm"": 0.014536014758050442, ""fold_b_lcb"": 0.0043783549219369895, ""fold_b_query_after"": 0.45552968978881836, ""fold_b_utility"": 0.01007932424545288, ""harm_lcb_max"": 0.007820433657616378, ""harm_mean"": 0.018500048201531172, ""harm_se_mean"": 0.006326864240691066, ""harm_ucb_max"": 0.037107729632407424, ""local_trainability"": -0.0017777085304260254, ""query_after"": 0.4998808205127716, ""query_before"": 0.4981031119823456, ""system_utility"": -0.0017777085304260254}}, ""status"": ""ok"", ""statusquo_loss"": 0.4981031119823456, ""total_memory_budget"": 512}, ""utility_status"": ""ok""}"
77,B2,B,2,default,defer,no_retention_feasible_reuse,,1,False,147456,592130,0,67694596,592130,4737056,512,41.84413624112494,487040512,0.0,28.01013658498414,2.3506832181010395,512,512,0.581930935382843,-0.1396549642086029,,,False,,"{""best_reuse"": null, ""best_reuse_utility"": null, ""decision"": ""defer"", ""fresh_advantage"": null, ""fresh_positive"": false, ""fresh_utility"": -0.1396549642086029, ""full_batch_guards"": {}, ""guarded_best_reuse"": null, ""num_adapters"": 1, ""pending_after"": false, ""pending_before"": false, ""policy_version"": ""cau_v1"", ""reason"": ""no_retention_feasible_reuse"", ""utility"": {""batch_n"": 16, ""best_reuse"": null, ""best_reuse_query_after"": null, ""best_reuse_utility"": null, ""budget_blocked_fresh"": false, ""defer_utility"": 0.0, ""fold_a_fresh_utility"": -0.11424314975738525, ""fold_a_query_n"": 8, ""fold_a_support_n"": 8, ""fold_b_fresh_utility"": -0.16506677865982056, ""fold_b_query_n"": 8, ""fold_b_support_n"": 8, ""fresh_advantage"": null, ""fresh_local_trainability"": -0.02381250262260437, ""fresh_positive"": false, ""fresh_query_after"": 0.7215858995914459, ""fresh_query_before"": 0.6977733969688416, ""fresh_utility"": -0.1396549642086029, ""max_adapters"": 8, ""reuse_profiles"": {""default"": {""feasible_both"": false, ""fold_a_harm"": 0.014216520823538303, ""fold_a_lcb"": 0.004260084927082061, ""fold_a_query_after"": 0.5937814712524414, ""fold_a_utility"": 0.00762176513671875, ""fold_b_harm"": 0.021527277305722237, ""fold_b_lcb"": 0.007401014845818281, ""fold_b_query_after"": 0.5763567686080933, ""fold_b_utility"": -0.013898134231567383, ""harm_lcb_max"": 0.007401014845818281, ""harm_mean"": 0.01787189906463027, ""harm_se_mean"": 0.006143545499071479, ""harm_ucb_max"": 0.03565353976562619, ""local_trainability"": -0.0031381845474243164, ""query_after"": 0.5850691199302673, ""query_before"": 0.581930935382843, ""system_utility"": -0.0031381845474243164}}, ""status"": ""ok"", ""statusquo_loss"": 0.581930935382843, ""total_memory_budget"": 512}, ""utility_status"": ""ok""}"
78,B2,B,2,default,defer,no_retention_feasible_reuse,,1,False,147456,592130,0,67694596,592130,4737056,512,42.20237545110285,487040512,0.0,28.361007777042687,2.3506832181010395,512,512,0.42319463193416595,-0.26268936693668365,,,False,,"{""best_reuse"": null, ""best_reuse_utility"": null, ""decision"": ""defer"", ""fresh_advantage"": null, ""fresh_positive"": false, ""fresh_utility"": -0.26268936693668365, ""full_batch_guards"": {}, ""guarded_best_reuse"": null, ""num_adapters"": 1, ""pending_after"": false, ""pending_before"": false, ""policy_version"": ""cau_v1"", ""reason"": ""no_retention_feasible_reuse"", ""utility"": {""batch_n"": 16, ""best_reuse"": null, ""best_reuse_query_after"": null, ""best_reuse_utility"": null, ""budget_blocked_fresh"": false, ""defer_utility"": 0.0, ""fold_a_fresh_utility"": -0.26191532611846924, ""fold_a_query_n"": 8, ""fold_a_support_n"": 8, ""fold_b_fresh_utility"": -0.26346340775489807, ""fold_b_query_n"": 8, ""fold_b_support_n"": 8, ""fresh_advantage"": null, ""fresh_local_trainability"": 0.0036374032497406006, ""fresh_positive"": false, ""fresh_query_after"": 0.6858839988708496, ""fresh_query_before"": 0.6895214021205902, ""fresh_utility"": -0.26268936693668365, ""max_adapters"": 8, ""reuse_profiles"": {""default"": {""feasible_both"": false, ""fold_a_harm"": 0.011814245022833347, ""fold_a_lcb"": 0.002938988953828811, ""fold_a_query_after"": 0.4303383231163025, ""fold_a_utility"": -0.00023227930068969727, ""fold_b_harm"": 0.015655221417546272, ""fold_b_lcb"": 0.00458975750952959, ""fold_b_query_after"": 0.4284597337245941, ""fold_b_utility"": -0.012176513671875, ""harm_lcb_max"": 0.00458975750952959, ""harm_mean"": 0.01373473322018981, ""harm_se_mean"": 0.005086918361485004, ""harm_ucb_max"": 0.026720685325562953, ""local_trainability"": -0.006204396486282349, ""query_after"": 0.4293990284204483, ""query_before"": 0.42319463193416595, ""system_utility"": -0.006204396486282349}}, ""status"": ""ok"", ""statusquo_loss"": 0.42319463193416595, ""total_memory_budget"": 512}, ""utility_status"": ""ok""}"
79,B2,B,2,default,defer,no_retention_feasible_reuse,,1,False,147456,592130,0,67694596,592130,4737056,512,42.56277949293144,487040512,0.0,28.71408771094866,2.3506832181010395,512,512,0.43498043715953827,-0.2616072744131088,,,False,,"{""best_reuse"": null, ""best_reuse_utility"": null, ""decision"": ""defer"", ""fresh_advantage"": null, ""fresh_positive"": false, ""fresh_utility"": -0.2616072744131088, ""full_batch_guards"": {}, ""guarded_best_reuse"": null, ""num_adapters"": 1, ""pending_after"": false, ""pending_before"": false, ""policy_version"": ""cau_v1"", ""reason"": ""no_retention_feasible_reuse"", ""utility"": {""batch_n"": 16, ""best_reuse"": null, ""best_reuse_query_after"": null, ""best_reuse_utility"": null, ""budget_blocked_fresh"": false, ""defer_utility"": 0.0, ""fold_a_fresh_utility"": -0.2878200113773346, ""fold_a_query_n"": 8, ""fold_a_support_n"": 8, ""fold_b_fresh_utility"": -0.23539453744888306, ""fold_b_query_n"": 8, ""fold_b_support_n"": 8, ""fresh_advantage"": null, ""fresh_local_trainability"": -0.0018445253372192383, ""fresh_positive"": false, ""fresh_query_after"": 0.6965877115726471, ""fresh_query_before"": 0.6947431862354279, ""fresh_utility"": -0.2616072744131088, ""max_adapters"": 8, ""reuse_profiles"": {""default"": {""feasible_both"": false, ""fold_a_harm"": 0.020213518291711807, ""fold_a_lcb"": 0.0067069135233759885, ""fold_a_query_after"": 0.38613152503967285, ""fold_a_utility"": 0.022874504327774048, ""fold_b_harm"": 0.02439534291625023, ""fold_b_lcb"": 0.00871558129787445, ""fold_b_query_after"": 0.45299485325813293, ""fold_b_utility"": 0.007959991693496704, ""harm_lcb_max"": 0.00871558129787445, ""harm_mean"": 0.022304430603981018, ""harm_se_mean"": 0.007445501629263163, ""harm_ucb_max"": 0.04007510453462601, ""local_trainability"": 0.015417248010635376, ""query_after"": 0.4195631891489029, ""query_before"": 0.43498043715953827, ""system_utility"": 0.015417248010635376}}, ""status"": ""ok"", ""statusquo_loss"": 0.43498043715953827, ""total_memory_budget"": 512}, ""utility_status"": ""ok""}"
80,B2,B,2,default,defer,no_retention_feasible_reuse,,1,False,147456,592130,0,67694596,592130,4737056,512,42.92624447098933,487040512,0.0,29.070559340761974,2.3506832181010395,512,512,0.5398783087730408,-0.15618038177490234,,,False,,"{""best_reuse"": null, ""best_reuse_utility"": null, ""decision"": ""defer"", ""fresh_advantage"": null, ""fresh_positive"": false, ""fresh_utility"": -0.15618038177490234, ""full_batch_guards"": {}, ""guarded_best_reuse"": null, ""num_adapters"": 1, ""pending_after"": false, ""pending_before"": false, ""policy_version"": ""cau_v1"", ""reason"": ""no_retention_feasible_reuse"", ""utility"": {""batch_n"": 16, ""best_reuse"": null, ""best_reuse_query_after"": null, ""best_reuse_utility"": null, ""budget_blocked_fresh"": false, ""defer_utility"": 0.0, ""fold_a_fresh_utility"": -0.1546492576599121, ""fold_a_query_n"": 8, ""fold_a_support_n"": 8, ""fold_b_fresh_utility"": -0.15771150588989258, ""fold_b_query_n"": 8, ""fold_b_support_n"": 8, ""fresh_advantage"": null, ""fresh_local_trainability"": 0.0017317235469818115, ""fresh_positive"": false, ""fresh_query_after"": 0.6960586905479431, ""fresh_query_before"": 0.6977904140949249, ""fresh_utility"": -0.15618038177490234, ""max_adapters"": 8, ""reuse_profiles"": {""default"": {""feasible_both"": false, ""fold_a_harm"": 0.015010375529527664, ""fold_a_lcb"": 0.004469005465507507, ""fold_a_query_after"": 0.5222184658050537, ""fold_a_utility"": 0.016174674034118652, ""fold_b_harm"": 0.024406760931015015, ""fold_b_lcb"": 0.00869566645473242, ""fold_b_query_after"": 0.5481448769569397, ""fold_b_utility"": -0.006781399250030518, ""harm_lcb_max"": 0.00869566645473242, ""harm_mean"": 0.01970856823027134, ""harm_se_mean"": 0.006697057280689478, ""harm_ucb_max"": 0.040117855407297606, ""local_trainability"": 0.004696637392044067, ""query_after"": 0.5351816713809967, ""query_before"": 0.5398783087730408, ""system_utility"": 0.004696637392044067}}, ""status"": ""ok"", ""statusquo_loss"": 0.5398783087730408, ""total_memory_budget"": 512}, ""utility_status"": ""ok""}"
