step,segment,concept,occurrence,adapter,decision,reason,loss,num_adapters,train_executed,lora_parameters,private_head_parameters,unwrapped_shared_head_parameters,total_unique_parameters,currently_trainable_parameters,optimizer_state_bytes,replay_items,elapsed_seconds,gpu_peak_allocated_bytes,component_audit_seconds,live_training_seconds,evaluation_seconds,statusquo_loss,fresh_utility,best_reuse_utility,fresh_advantage,fresh_positive,fresh_feasible_both,info
1,A1,A,1,default,warmup,existing_warmup,4.317212104797363,1,True,147456,649805,0,67809946,649805,5198456,16,2.2929510474205017,300479488,0.0,0.375029269605875,0.0,,,,,,,"{""best_reuse"": null, ""best_reuse_utility"": null, ""decision"": ""warmup"", ""fresh_positive"": null, ""fresh_utility"": null, ""full_batch_guards"": {}, ""guarded_best_reuse"": null, ""num_adapters"": 1, ""pending_after"": false, ""pending_before"": false, ""policy_version"": ""cau_v1"", ""reason"": ""existing_warmup"", ""utility_status"": ""warmup""}"
2,A1,A,1,default,warmup,existing_warmup,4.303879737854004,1,True,147456,649805,0,67809946,649805,5198456,32,2.3118178583681583,322232320,0.0,0.38935548439621925,0.0,,,,,,,"{""best_reuse"": null, ""best_reuse_utility"": null, ""decision"": ""warmup"", ""fresh_positive"": null, ""fresh_utility"": null, ""full_batch_guards"": {}, ""guarded_best_reuse"": null, ""num_adapters"": 1, ""pending_after"": false, ""pending_before"": false, ""policy_version"": ""cau_v1"", ""reason"": ""existing_warmup"", ""utility_status"": ""warmup""}"
3,A1,A,1,default,warmup,existing_warmup,4.230206489562988,1,True,147456,649805,0,67809946,649805,5198456,48,2.3286111783236265,327755776,0.0,0.4030918702483177,0.0,,,,,,,"{""best_reuse"": null, ""best_reuse_utility"": null, ""decision"": ""warmup"", ""fresh_positive"": null, ""fresh_utility"": null, ""full_batch_guards"": {}, ""guarded_best_reuse"": null, ""num_adapters"": 1, ""pending_after"": false, ""pending_before"": false, ""policy_version"": ""cau_v1"", ""reason"": ""existing_warmup"", ""utility_status"": ""warmup""}"
4,A1,A,1,default,warmup,existing_warmup,4.236137390136719,1,True,147456,649805,0,67809946,649805,5198456,64,2.3430562783032656,327755776,0.0,0.4150146543979645,0.0,,,,,,,"{""best_reuse"": null, ""best_reuse_utility"": null, ""decision"": ""warmup"", ""fresh_positive"": null, ""fresh_utility"": null, ""full_batch_guards"": {}, ""guarded_best_reuse"": null, ""num_adapters"": 1, ""pending_after"": false, ""pending_before"": false, ""policy_version"": ""cau_v1"", ""reason"": ""existing_warmup"", ""utility_status"": ""warmup""}"
5,A1,A,1,default,reuse,safe_existing_reuse,4.142914295196533,1,True,147456,649805,0,67809946,649805,5198456,80,2.7012630458921194,432467968,0.0,0.7706936448812485,0.0,4.130147218704224,-0.14886093139648438,0.051625967025756836,-0.2004868984222412,False,,"{""best_reuse"": ""default"", ""best_reuse_utility"": 0.051625967025756836, ""decision"": ""reuse"", ""fresh_advantage"": -0.2004868984222412, ""fresh_positive"": false, ""fresh_utility"": -0.14886093139648438, ""full_batch_guards"": {""default"": {""crossfit_feasible"": true, ""crossfit_utility"": 0.051625967025756836, ""crossfit_utility_positive"": true, ""full_batch_cur_after"": 4.071161270141602, ""full_batch_cur_before"": 4.130147457122803, ""full_batch_gain"": 0.05898618698120117, ""full_batch_harm"": -0.06080818921327591, ""full_batch_harm_lcb"": -0.06394241439644248, ""full_batch_harm_se"": 0.0015990944812074304, ""full_batch_harm_ucb"": -0.05767396403010935, ""full_batch_safe"": true}}, ""guarded_best_reuse"": ""default"", ""num_adapters"": 1, ""pending_after"": false, ""pending_before"": false, ""policy_version"": ""cau_v1"", ""reason"": ""safe_existing_reuse"", ""utility"": {""batch_n"": 16, ""best_reuse"": ""default"", ""best_reuse_query_after"": 4.078521251678467, ""best_reuse_utility"": 0.051625967025756836, ""defer_utility"": 0.0, ""fold_a_fresh_utility"": -0.12766027450561523, ""fold_a_query_n"": 8, ""fold_a_support_n"": 8, ""fold_b_fresh_utility"": -0.17006158828735352, ""fold_b_query_n"": 8, ""fold_b_support_n"": 8, ""fresh_advantage"": -0.2004868984222412, ""fresh_local_trainability"": 0.05520749092102051, ""fresh_positive"": false, ""fresh_query_after"": 4.279008150100708, ""fresh_query_before"": 4.3342156410217285, ""fresh_utility"": -0.14886093139648438, ""reuse_profiles"": {""default"": {""feasible_both"": true, ""fold_a_harm"": -0.06032280996441841, ""fold_a_lcb"": -0.06407081918325275, ""fold_a_query_after"": 4.101276397705078, ""fold_a_utility"": 0.05011320114135742, ""fold_b_harm"": -0.0578138530254364, ""fold_b_lcb"": -0.060742874913848936, ""fold_b_query_after"": 4.0557661056518555, ""fold_b_utility"": 0.05313873291015625, ""harm_lcb_max"": -0.060742874913848936, ""harm_mean"": -0.059068331494927406, ""harm_se_mean"": 0.0017033242620527744, ""harm_ucb_max"": -0.054884831137023866, ""local_trainability"": 0.051625967025756836, ""query_after"": 4.078521251678467, ""query_before"": 4.130147218704224, ""system_utility"": 0.051625967025756836}}, ""status"": ""ok"", ""statusquo_loss"": 4.130147218704224}, ""utility_status"": ""ok""}"
6,A1,A,1,default,reuse,safe_existing_reuse,4.128054141998291,1,True,147456,649805,0,67809946,649805,5198456,96,2.9897745829075575,433124352,0.0,1.055950216948986,0.0,4.1083984375,-0.187117338180542,0.056946516036987305,-0.2440638542175293,False,,"{""best_reuse"": ""default"", ""best_reuse_utility"": 0.056946516036987305, ""decision"": ""reuse"", ""fresh_advantage"": -0.2440638542175293, ""fresh_positive"": false, ""fresh_utility"": -0.187117338180542, ""full_batch_guards"": {""default"": {""crossfit_feasible"": true, ""crossfit_utility"": 0.056946516036987305, ""crossfit_utility_positive"": true, ""full_batch_cur_after"": 4.044537544250488, ""full_batch_cur_before"": 4.1083984375, ""full_batch_gain"": 0.06386089324951172, ""full_batch_harm"": -0.060464970767498016, ""full_batch_harm_lcb"": -0.06360882078763097, ""full_batch_harm_se"": 0.0016040051123127341, ""full_batch_harm_ucb"": -0.057321120747365055, ""full_batch_safe"": true}}, ""guarded_best_reuse"": ""default"", ""num_adapters"": 1, ""pending_after"": false, ""pending_before"": false, ""policy_version"": ""cau_v1"", ""reason"": ""safe_existing_reuse"", ""utility"": {""batch_n"": 16, ""best_reuse"": ""default"", ""best_reuse_query_after"": 4.051451921463013, ""best_reuse_utility"": 0.056946516036987305, ""defer_utility"": 0.0, ""fold_a_fresh_utility"": -0.18244409561157227, ""fold_a_query_n"": 8, ""fold_a_support_n"": 8, ""fold_b_fresh_utility"": -0.19179058074951172, ""fold_b_query_n"": 8, ""fold_b_support_n"": 8, ""fresh_advantage"": -0.2440638542175293, ""fresh_local_trainability"": 0.05301094055175781, ""fresh_positive"": false, ""fresh_query_after"": 4.295515775680542, ""fresh_query_before"": 4.3485267162323, ""fresh_utility"": -0.187117338180542, ""reuse_profiles"": {""default"": {""feasible_both"": true, ""fold_a_harm"": -0.05925976112484932, ""fold_a_lcb"": -0.0623272483702749, ""fold_a_query_after"": 4.061763286590576, ""fold_a_utility"": 0.06024503707885742, ""fold_b_harm"": -0.05849021300673485, ""fold_b_lcb"": -0.062078020554035905, ""fold_b_query_after"": 4.041140556335449, ""fold_b_utility"": 0.05364799499511719, ""harm_lcb_max"": -0.062078020554035905, ""harm_mean"": -0.058874987065792084, ""harm_se_mean"": 0.0016977792838588357, ""harm_ucb_max"": -0.05490240545943379, ""local_trainability"": 0.056946516036987305, ""query_after"": 4.051451921463013, ""query_before"": 4.1083984375, ""system_utility"": 0.056946516036987305}}, ""status"": ""ok"", ""statusquo_loss"": 4.1083984375}, ""utility_status"": ""ok""}"
7,A1,A,1,default,reuse,safe_existing_reuse,4.013347625732422,1,True,147456,649805,0,67809946,649805,5198456,112,3.278172882273793,433124352,0.0,1.3409469798207283,0.0,4.012296557426453,-0.285666823387146,0.05206012725830078,-0.3377269506454468,False,,"{""best_reuse"": ""default"", ""best_reuse_utility"": 0.05206012725830078, ""decision"": ""reuse"", ""fresh_advantage"": -0.3377269506454468, ""fresh_positive"": false, ""fresh_utility"": -0.285666823387146, ""full_batch_guards"": {""default"": {""crossfit_feasible"": true, ""crossfit_utility"": 0.05206012725830078, ""crossfit_utility_positive"": true, ""full_batch_cur_after"": 3.951526165008545, ""full_batch_cur_before"": 4.012296676635742, ""full_batch_gain"": 0.060770511627197266, ""full_batch_harm"": -0.05950731039047241, ""full_batch_harm_lcb"": -0.06208479367662221, ""full_batch_harm_se"": 0.0013150424929335713, ""full_batch_harm_ucb"": -0.056929827104322615, ""full_batch_safe"": true}}, ""guarded_best_reuse"": ""default"", ""num_adapters"": 1, ""pending_after"": false, ""pending_before"": false, ""policy_version"": ""cau_v1"", ""reason"": ""safe_existing_reuse"", ""utility"": {""batch_n"": 16, ""best_reuse"": ""default"", ""best_reuse_query_after"": 3.960236430168152, ""best_reuse_utility"": 0.05206012725830078, ""defer_utility"": 0.0, ""fold_a_fresh_utility"": -0.2582893371582031, ""fold_a_query_n"": 8, ""fold_a_support_n"": 8, ""fold_b_fresh_utility"": -0.31304430961608887, ""fold_b_query_n"": 8, ""fold_b_support_n"": 8, ""fresh_advantage"": -0.3377269506454468, ""fresh_local_trainability"": 0.043723344802856445, ""fresh_positive"": false, ""fresh_query_after"": 4.297963380813599, ""fresh_query_before"": 4.341686725616455, ""fresh_utility"": -0.285666823387146, ""reuse_profiles"": {""default"": {""feasible_both"": true, ""fold_a_harm"": -0.05866628885269165, ""fold_a_lcb"": -0.06173349247779697, ""fold_a_query_after"": 4.016263961791992, ""fold_a_utility"": 0.049617767333984375, ""fold_b_harm"": -0.05739404633641243, ""fold_b_lcb"": -0.05978749403264374, ""fold_b_query_after"": 3.9042088985443115, ""fold_b_utility"": 0.05450248718261719, ""harm_lcb_max"": -0.05978749403264374, ""harm_mean"": -0.05803016759455204, ""harm_se_mean"": 0.0013930232962593436, ""harm_ucb_max"": -0.05500059864018112, ""local_trainability"": 0.05206012725830078, ""query_after"": 3.960236430168152, ""query_before"": 4.012296557426453, ""system_utility"": 0.05206012725830078}}, ""status"": ""ok"", ""statusquo_loss"": 4.012296557426453}, ""utility_status"": ""ok""}"
8,A1,A,1,default,reuse,safe_existing_reuse,3.9607739448547363,1,True,147456,649805,0,67809946,649805,5198456,128,3.5620256569236517,433124352,0.0,1.6215651910752058,0.0,3.9344106912612915,-0.3538111448287964,0.05312073230743408,-0.40693187713623047,False,,"{""best_reuse"": ""default"", ""best_reuse_utility"": 0.05312073230743408, ""decision"": ""reuse"", ""fresh_advantage"": -0.40693187713623047, ""fresh_positive"": false, ""fresh_utility"": -0.3538111448287964, ""full_batch_guards"": {""default"": {""crossfit_feasible"": true, ""crossfit_utility"": 0.05312073230743408, ""crossfit_utility_positive"": true, ""full_batch_cur_after"": 3.8713788986206055, ""full_batch_cur_before"": 3.934410572052002, ""full_batch_gain"": 0.06303167343139648, ""full_batch_harm"": -0.05834343284368515, ""full_batch_harm_lcb"": -0.05978355905739591, ""full_batch_harm_se"": 0.0007347582723014057, ""full_batch_harm_ucb"": -0.05690330662997439, ""full_batch_safe"": true}}, ""guarded_best_reuse"": ""default"", ""num_adapters"": 1, ""pending_after"": false, ""pending_before"": false, ""policy_version"": ""cau_v1"", ""reason"": ""safe_existing_reuse"", ""utility"": {""batch_n"": 16, ""best_reuse"": ""default"", ""best_reuse_query_after"": 3.8812899589538574, ""best_reuse_utility"": 0.05312073230743408, ""defer_utility"": 0.0, ""fold_a_fresh_utility"": -0.36064767837524414, ""fold_a_query_n"": 8, ""fold_a_support_n"": 8, ""fold_b_fresh_utility"": -0.34697461128234863, ""fold_b_query_n"": 8, ""fold_b_support_n"": 8, ""fresh_advantage"": -0.40693187713623047, ""fresh_local_trainability"": 0.034391164779663086, ""fresh_positive"": false, ""fresh_query_after"": 4.288221836090088, ""fresh_query_before"": 4.322613000869751, ""fresh_utility"": -0.3538111448287964, ""reuse_profiles"": {""default"": {""feasible_both"": true, ""fold_a_harm"": -0.056141242384910583, ""fold_a_lcb"": -0.058685291330330076, ""fold_a_query_after"": 3.8885154724121094, ""fold_a_utility"": 0.052365779876708984, ""fold_b_harm"": -0.05745544657111168, ""fold_b_lcb"": -0.05876939494162798, ""fold_b_query_after"": 3.8740644454956055, ""fold_b_utility"": 0.05387568473815918, ""harm_lcb_max"": -0.058685291330330076, ""harm_mean"": -0.05679834447801113, ""harm_se_mean"": 0.0009841829887591302, ""harm_ucb_max"": -0.05359719343949109, ""local_trainability"": 0.05312073230743408, ""query_after"": 3.8812899589538574, ""query_before"": 3.9344106912612915, ""system_utility"": 0.05312073230743408}}, ""status"": ""ok"", ""statusquo_loss"": 3.9344106912612915}, ""utility_status"": ""ok""}"
9,A1,A,1,default,reuse,safe_existing_reuse,3.910378932952881,1,True,147456,649805,0,67809946,649805,5198456,144,3.8486195243895054,433125888,0.0,1.9049420468509197,0.0,3.890353560447693,-0.40691840648651123,0.05682551860809326,-0.4637439250946045,False,,"{""best_reuse"": ""default"", ""best_reuse_utility"": 0.05682551860809326, ""decision"": ""reuse"", ""fresh_advantage"": -0.4637439250946045, ""fresh_positive"": false, ""fresh_utility"": -0.40691840648651123, ""full_batch_guards"": {""default"": {""crossfit_feasible"": true, ""crossfit_utility"": 0.05682551860809326, ""crossfit_utility_positive"": true, ""full_batch_cur_after"": 3.825309991836548, ""full_batch_cur_before"": 3.8903534412384033, ""full_batch_gain"": 0.06504344940185547, ""full_batch_harm"": -0.0609922856092453, ""full_batch_harm_lcb"": -0.06331340943928808, ""full_batch_harm_se"": 0.0011842468520626426, ""full_batch_harm_ucb"": -0.05867116177920252, ""full_batch_safe"": true}}, ""guarded_best_reuse"": ""default"", ""num_adapters"": 1, ""pending_after"": false, ""pending_before"": false, ""policy_version"": ""cau_v1"", ""reason"": ""safe_existing_reuse"", ""utility"": {""batch_n"": 16, ""best_reuse"": ""default"", ""best_reuse_query_after"": 3.8335280418395996, ""best_reuse_utility"": 0.05682551860809326, ""defer_utility"": 0.0, ""fold_a_fresh_utility"": -0.4236719608306885, ""fold_a_query_n"": 8, ""fold_a_support_n"": 8, ""fold_b_fresh_utility"": -0.390164852142334, ""fold_b_query_n"": 8, ""fold_b_support_n"": 8, ""fresh_advantage"": -0.4637439250946045, ""fresh_local_trainability"": 0.04327082633972168, ""fresh_positive"": false, ""fresh_query_after"": 4.297271966934204, ""fresh_query_before"": 4.340542793273926, ""fresh_utility"": -0.40691840648651123, ""reuse_profiles"": {""default"": {""feasible_both"": true, ""fold_a_harm"": -0.0585925318300724, ""fold_a_lcb"": -0.06117702234070748, ""fold_a_query_after"": 3.8072166442871094, ""fold_a_utility"": 0.058767080307006836, ""fold_b_harm"": -0.05987996980547905, ""fold_b_lcb"": -0.0625289929518476, ""fold_b_query_after"": 3.85983943939209, ""fold_b_utility"": 0.05488395690917969, ""harm_lcb_max"": -0.06117702234070748, ""harm_mean"": -0.059236250817775726, ""harm_se_mean"": 0.0013350800145417452, ""harm_ucb_max"": -0.056008041319437325, ""local_trainability"": 0.05682551860809326, ""query_after"": 3.8335280418395996, ""query_before"": 3.890353560447693, ""system_utility"": 0.05682551860809326}}, ""status"": ""ok"", ""statusquo_loss"": 3.890353560447693}, ""utility_status"": ""ok""}"
10,A1,A,1,default,reuse,safe_existing_reuse,3.872450828552246,1,True,147456,649805,0,67809946,649805,5198456,160,4.134605651721358,433125888,0.0,2.18754786811769,0.0,3.851825714111328,-0.4552781581878662,0.05674159526824951,-0.5120197534561157,False,,"{""best_reuse"": ""default"", ""best_reuse_utility"": 0.05674159526824951, ""decision"": ""reuse"", ""fresh_advantage"": -0.5120197534561157, ""fresh_positive"": false, ""fresh_utility"": -0.4552781581878662, ""full_batch_guards"": {""default"": {""crossfit_feasible"": true, ""crossfit_utility"": 0.05674159526824951, ""crossfit_utility_positive"": true, ""full_batch_cur_after"": 3.7881970405578613, ""full_batch_cur_before"": 3.851825714111328, ""full_batch_gain"": 0.0636286735534668, ""full_batch_harm"": -0.06102869659662247, ""full_batch_harm_lcb"": -0.0628145960252732, ""full_batch_harm_se"": 0.000911173177883029, ""full_batch_harm_ucb"": -0.059242797167971734, ""full_batch_safe"": true}}, ""guarded_best_reuse"": ""default"", ""num_adapters"": 1, ""pending_after"": false, ""pending_before"": false, ""policy_version"": ""cau_v1"", ""reason"": ""safe_existing_reuse"", ""utility"": {""batch_n"": 16, ""best_reuse"": ""default"", ""best_reuse_query_after"": 3.7950841188430786, ""best_reuse_utility"": 0.05674159526824951, ""defer_utility"": 0.0, ""fold_a_fresh_utility"": -0.4508399963378906, ""fold_a_query_n"": 8, ""fold_a_support_n"": 8, ""fold_b_fresh_utility"": -0.4597163200378418, ""fold_b_query_n"": 8, ""fold_b_support_n"": 8, ""fresh_advantage"": -0.5120197534561157, ""fresh_local_trainability"": 0.03260087966918945, ""fresh_positive"": false, ""fresh_query_after"": 4.307103872299194, ""fresh_query_before"": 4.339704751968384, ""fresh_utility"": -0.4552781581878662, ""reuse_profiles"": {""default"": {""feasible_both"": true, ""fold_a_harm"": -0.05959834158420563, ""fold_a_lcb"": -0.06176313585601747, ""fold_a_query_after"": 3.798576593399048, ""fold_a_utility"": 0.056037187576293945, ""fold_b_harm"": -0.05997183918952942, ""fold_b_lcb"": -0.061688234184402974, ""fold_b_query_after"": 3.7915916442871094, ""fold_b_utility"": 0.05744600296020508, ""harm_lcb_max"": -0.061688234184402974, ""harm_mean"": -0.05978509038686752, ""harm_se_mean"": 0.0009900993027258664, ""harm_ucb_max"": -0.057433547312393786, ""local_trainability"": 0.05674159526824951, ""query_after"": 3.7950841188430786, ""query_before"": 3.851825714111328, ""system_utility"": 0.05674159526824951}}, ""status"": ""ok"", ""statusquo_loss"": 3.851825714111328}, ""utility_status"": ""ok""}"
11,A1,A,1,default,reuse,safe_existing_reuse,3.774510383605957,1,True,147456,649805,0,67809946,649805,5198456,176,4.428906187415123,433125888,0.0,2.4784459862858057,0.0,3.7240283489227295,-0.5761091709136963,0.05637681484222412,-0.6324859857559204,False,,"{""best_reuse"": ""default"", ""best_reuse_utility"": 0.05637681484222412, ""decision"": ""reuse"", ""fresh_advantage"": -0.6324859857559204, ""fresh_positive"": false, ""fresh_utility"": -0.5761091709136963, ""full_batch_guards"": {""default"": {""crossfit_feasible"": true, ""crossfit_utility"": 0.05637681484222412, ""crossfit_utility_positive"": true, ""full_batch_cur_after"": 3.655243158340454, ""full_batch_cur_before"": 3.7240285873413086, ""full_batch_gain"": 0.06878542900085449, ""full_batch_harm"": -0.06200435757637024, ""full_batch_harm_lcb"": -0.06412444593850523, ""full_batch_harm_se"": 0.0010816777357831597, ""full_batch_harm_ucb"": -0.059884269214235245, ""full_batch_safe"": true}}, ""guarded_best_reuse"": ""default"", ""num_adapters"": 1, ""pending_after"": false, ""pending_before"": false, ""policy_version"": ""cau_v1"", ""reason"": ""safe_existing_reuse"", ""utility"": {""batch_n"": 16, ""best_reuse"": ""default"", ""best_reuse_query_after"": 3.6676515340805054, ""best_reuse_utility"": 0.05637681484222412, ""defer_utility"": 0.0, ""fold_a_fresh_utility"": -0.5125823020935059, ""fold_a_query_n"": 8, ""fold_a_support_n"": 8, ""fold_b_fresh_utility"": -0.6396360397338867, ""fold_b_query_n"": 8, ""fold_b_support_n"": 8, ""fresh_advantage"": -0.6324859857559204, ""fresh_local_trainability"": 0.005684852600097656, ""fresh_positive"": false, ""fresh_query_after"": 4.300137519836426, ""fresh_query_before"": 4.305822372436523, ""fresh_utility"": -0.5761091709136963, ""reuse_profiles"": {""default"": {""feasible_both"": true, ""fold_a_harm"": -0.05883448198437691, ""fold_a_lcb"": -0.061151326638646426, ""fold_a_query_after"": 3.7548253536224365, ""fold_a_utility"": 0.0549619197845459, ""fold_b_harm"": -0.061240583658218384, ""fold_b_lcb"": -0.06402880551293492, ""fold_b_query_after"": 3.580477714538574, ""fold_b_utility"": 0.057791709899902344, ""harm_lcb_max"": -0.061151326638646426, ""harm_mean"": -0.060037532821297646, ""harm_se_mean"": 0.0013023128849454224, ""harm_ucb_max"": -0.05651763733010739, ""local_trainability"": 0.05637681484222412, ""query_after"": 3.6676515340805054, ""query_before"": 3.7240283489227295, ""system_utility"": 0.05637681484222412}}, ""status"": ""ok"", ""statusquo_loss"": 3.7240283489227295}, ""utility_status"": ""ok""}"
12,A1,A,1,default,reuse,safe_existing_reuse,3.7720580101013184,1,True,147456,649805,0,67809946,649805,5198456,192,4.722311750054359,433127424,0.0,2.768340988084674,0.0,3.7361807823181152,-0.5531246662139893,0.0657036304473877,-0.618828296661377,False,,"{""best_reuse"": ""default"", ""best_reuse_utility"": 0.0657036304473877, ""decision"": ""reuse"", ""fresh_advantage"": -0.618828296661377, ""fresh_positive"": false, ""fresh_utility"": -0.5531246662139893, ""full_batch_guards"": {""default"": {""crossfit_feasible"": true, ""crossfit_utility"": 0.0657036304473877, ""crossfit_utility_positive"": true, ""full_batch_cur_after"": 3.6627540588378906, ""full_batch_cur_before"": 3.7361807823181152, ""full_batch_gain"": 0.07342672348022461, ""full_batch_harm"": -0.06212497502565384, ""full_batch_harm_lcb"": -0.06514428104273975, ""full_batch_harm_se"": 0.0015404622536152601, ""full_batch_harm_ucb"": -0.05910566900856793, ""full_batch_safe"": true}}, ""guarded_best_reuse"": ""default"", ""num_adapters"": 1, ""pending_after"": false, ""pending_before"": false, ""policy_version"": ""cau_v1"", ""reason"": ""safe_existing_reuse"", ""utility"": {""batch_n"": 16, ""best_reuse"": ""default"", ""best_reuse_query_after"": 3.6704771518707275, ""best_reuse_utility"": 0.0657036304473877, ""defer_utility"": 0.0, ""fold_a_fresh_utility"": -0.5504229068756104, ""fold_a_query_n"": 8, ""fold_a_support_n"": 8, ""fold_b_fresh_utility"": -0.5558264255523682, ""fold_b_query_n"": 8, ""fold_b_support_n"": 8, ""fresh_advantage"": -0.618828296661377, ""fresh_local_trainability"": 0.05272531509399414, ""fresh_positive"": false, ""fresh_query_after"": 4.2893054485321045, ""fresh_query_before"": 4.342030763626099, ""fresh_utility"": -0.5531246662139893, ""reuse_profiles"": {""default"": {""feasible_both"": true, ""fold_a_harm"": -0.06076585128903389, ""fold_a_lcb"": -0.06406754183582962, ""fold_a_query_after"": 3.6584506034851074, ""fold_a_utility"": 0.06420397758483887, ""fold_b_harm"": -0.06119094789028168, ""fold_b_lcb"": -0.06401374929118901, ""fold_b_query_after"": 3.6825037002563477, ""fold_b_utility"": 0.06720328330993652, ""harm_lcb_max"": -0.06401374929118901, ""harm_mean"": -0.060978399589657784, ""harm_se_mean"": 0.00156237039482221, ""harm_ucb_max"": -0.05746416074223817, ""local_trainability"": 0.0657036304473877, ""query_after"": 3.6704771518707275, ""query_before"": 3.7361807823181152, ""system_utility"": 0.0657036304473877}}, ""status"": ""ok"", ""statusquo_loss"": 3.7361807823181152}, ""utility_status"": ""ok""}"
13,A1,A,1,default,reuse,safe_existing_reuse,3.657960891723633,1,True,147456,649805,0,67809946,649805,5198456,208,5.01523027010262,433127424,0.0,3.05737223289907,0.0,3.6299113035202026,-0.6372774839401245,0.058748602867126465,-0.696026086807251,False,,"{""best_reuse"": ""default"", ""best_reuse_utility"": 0.058748602867126465, ""decision"": ""reuse"", ""fresh_advantage"": -0.696026086807251, ""fresh_positive"": false, ""fresh_utility"": -0.6372774839401245, ""full_batch_guards"": {""default"": {""crossfit_feasible"": true, ""crossfit_utility"": 0.058748602867126465, ""crossfit_utility_positive"": true, ""full_batch_cur_after"": 3.562399387359619, ""full_batch_cur_before"": 3.629911422729492, ""full_batch_gain"": 0.06751203536987305, ""full_batch_harm"": -0.06522615253925323, ""full_batch_harm_lcb"": -0.06783381663262844, ""full_batch_harm_se"": 0.0013304408639669418, ""full_batch_harm_ucb"": -0.06261848844587803, ""full_batch_safe"": true}}, ""guarded_best_reuse"": ""default"", ""num_adapters"": 1, ""pending_after"": false, ""pending_before"": false, ""policy_version"": ""cau_v1"", ""reason"": ""safe_existing_reuse"", ""utility"": {""batch_n"": 16, ""best_reuse"": ""default"", ""best_reuse_query_after"": 3.571162700653076, ""best_reuse_utility"": 0.058748602867126465, ""defer_utility"": 0.0, ""fold_a_fresh_utility"": -0.582219123840332, ""fold_a_query_n"": 8, ""fold_a_support_n"": 8, ""fold_b_fresh_utility"": -0.692335844039917, ""fold_b_query_n"": 8, ""fold_b_support_n"": 8, ""fresh_advantage"": -0.696026086807251, ""fresh_local_trainability"": 0.037865400314331055, ""fresh_positive"": false, ""fresh_query_after"": 4.267188787460327, ""fresh_query_before"": 4.305054187774658, ""fresh_utility"": -0.6372774839401245, ""reuse_profiles"": {""default"": {""feasible_both"": true, ""fold_a_harm"": -0.06465178728103638, ""fold_a_lcb"": -0.0675653599621728, ""fold_a_query_after"": 3.6606364250183105, ""fold_a_utility"": 0.0585484504699707, ""fold_b_harm"": -0.06231236830353737, ""fold_b_lcb"": -0.0651285403361544, ""fold_b_query_after"": 3.481688976287842, ""fold_b_utility"": 0.05894875526428223, ""harm_lcb_max"": -0.0651285403361544, ""harm_mean"": -0.06348207779228687, ""harm_se_mean"": 0.0014616695698350668, ""harm_ucb_max"": -0.059496196270920336, ""local_trainability"": 0.058748602867126465, ""query_after"": 3.571162700653076, ""query_before"": 3.6299113035202026, ""system_utility"": 0.058748602867126465}}, ""status"": ""ok"", ""statusquo_loss"": 3.6299113035202026}, ""utility_status"": ""ok""}"
14,A1,A,1,default,reuse,safe_existing_reuse,3.6369636058807373,1,True,147456,649805,0,67809946,649805,5198456,224,5.3058741465210915,433127424,0.0,3.343813667073846,0.0,3.6015586853027344,-0.7173588275909424,0.06373345851898193,-0.7810922861099243,False,,"{""best_reuse"": ""default"", ""best_reuse_utility"": 0.06373345851898193, ""decision"": ""reuse"", ""fresh_advantage"": -0.7810922861099243, ""fresh_positive"": false, ""fresh_utility"": -0.7173588275909424, ""full_batch_guards"": {""default"": {""crossfit_feasible"": true, ""crossfit_utility"": 0.06373345851898193, ""crossfit_utility_positive"": true, ""full_batch_cur_after"": 3.5297725200653076, ""full_batch_cur_before"": 3.6015586853027344, ""full_batch_gain"": 0.07178616523742676, ""full_batch_harm"": -0.06462538242340088, ""full_batch_harm_lcb"": -0.06788592383731157, ""full_batch_harm_se"": 0.0016635415377095342, ""full_batch_harm_ucb"": -0.06136484100949019, ""full_batch_safe"": true}}, ""guarded_best_reuse"": ""default"", ""num_adapters"": 1, ""pending_after"": false, ""pending_before"": false, ""policy_version"": ""cau_v1"", ""reason"": ""safe_existing_reuse"", ""utility"": {""batch_n"": 16, ""best_reuse"": ""default"", ""best_reuse_query_after"": 3.5378252267837524, ""best_reuse_utility"": 0.06373345851898193, ""defer_utility"": 0.0, ""fold_a_fresh_utility"": -0.7320675849914551, ""fold_a_query_n"": 8, ""fold_a_support_n"": 8, ""fold_b_fresh_utility"": -0.7026500701904297, ""fold_b_query_n"": 8, ""fold_b_support_n"": 8, ""fresh_advantage"": -0.7810922861099243, ""fresh_local_trainability"": 0.03134965896606445, ""fresh_positive"": false, ""fresh_query_after"": 4.318917512893677, ""fresh_query_before"": 4.350267171859741, ""fresh_utility"": -0.7173588275909424, ""reuse_profiles"": {""default"": {""feasible_both"": true, ""fold_a_harm"": -0.06301313638687134, ""fold_a_lcb"": -0.065992158963345, ""fold_a_query_after"": 3.5478293895721436, ""fold_a_utility"": 0.0656731128692627, ""fold_b_harm"": -0.06256351619958878, ""fold_b_lcb"": -0.06611478121951223, ""fold_b_query_after"": 3.5278210639953613, ""fold_b_utility"": 0.06179380416870117, ""harm_lcb_max"": -0.065992158963345, ""harm_mean"": -0.06278832629323006, ""harm_se_mean"": 0.0016658896929584444, ""harm_ucb_max"": -0.059012251179665326, ""local_trainability"": 0.06373345851898193, ""query_after"": 3.5378252267837524, ""query_before"": 3.6015586853027344, ""system_utility"": 0.06373345851898193}}, ""status"": ""ok"", ""statusquo_loss"": 3.6015586853027344}, ""utility_status"": ""ok""}"
15,A1,A,1,default,reuse,safe_existing_reuse,3.6365513801574707,1,True,147456,649805,0,67809946,649805,5198456,240,5.598405143246055,433127424,0.0,3.632856188341975,0.0,3.588258981704712,-0.7704050540924072,0.05821037292480469,-0.8286154270172119,False,,"{""best_reuse"": ""default"", ""best_reuse_utility"": 0.05821037292480469, ""decision"": ""reuse"", ""fresh_advantage"": -0.8286154270172119, ""fresh_positive"": false, ""fresh_utility"": -0.7704050540924072, ""full_batch_guards"": {""default"": {""crossfit_feasible"": true, ""crossfit_utility"": 0.05821037292480469, ""crossfit_utility_positive"": true, ""full_batch_cur_after"": 3.5223217010498047, ""full_batch_cur_before"": 3.588258981704712, ""full_batch_gain"": 0.06593728065490723, ""full_batch_harm"": -0.06472266465425491, ""full_batch_harm_lcb"": -0.06748129826970399, ""full_batch_harm_se"": 0.0014074661303311586, ""full_batch_harm_ucb"": -0.06196403103880584, ""full_batch_safe"": true}}, ""guarded_best_reuse"": ""default"", ""num_adapters"": 1, ""pending_after"": false, ""pending_before"": false, ""policy_version"": ""cau_v1"", ""reason"": ""safe_existing_reuse"", ""utility"": {""batch_n"": 16, ""best_reuse"": ""default"", ""best_reuse_query_after"": 3.5300486087799072, ""best_reuse_utility"": 0.05821037292480469, ""defer_utility"": 0.0, ""fold_a_fresh_utility"": -0.7866349220275879, ""fold_a_query_n"": 8, ""fold_a_support_n"": 8, ""fold_b_fresh_utility"": -0.7541751861572266, ""fold_b_query_n"": 8, ""fold_b_support_n"": 8, ""fresh_advantage"": -0.8286154270172119, ""fresh_local_trainability"": 0.0394291877746582, ""fresh_positive"": false, ""fresh_query_after"": 4.358664035797119, ""fresh_query_before"": 4.398093223571777, ""fresh_utility"": -0.7704050540924072, ""reuse_profiles"": {""default"": {""feasible_both"": true, ""fold_a_harm"": -0.062338318675756454, ""fold_a_lcb"": -0.06517118437681348, ""fold_a_query_after"": 3.4806323051452637, ""fold_a_utility"": 0.058551788330078125, ""fold_b_harm"": -0.06462185084819794, ""fold_b_lcb"": -0.06765326035674661, ""fold_b_query_after"": 3.579464912414551, ""fold_b_utility"": 0.05786895751953125, ""harm_lcb_max"": -0.06517118437681348, ""harm_mean"": -0.0634800847619772, ""harm_se_mean"": 0.0014959885738790035, ""harm_ucb_max"": -0.05950545297469944, ""local_trainability"": 0.05821037292480469, ""query_after"": 3.5300486087799072, ""query_before"": 3.588258981704712, ""system_utility"": 0.05821037292480469}}, ""status"": ""ok"", ""statusquo_loss"": 3.588258981704712}, ""utility_status"": ""ok""}"
16,A1,A,1,default,reuse,safe_existing_reuse,3.420325994491577,1,True,147456,649805,0,67809946,649805,5198456,253,5.891925219446421,433127424,0.0,3.9227218218147755,0.0,3.3661683339339037,-0.9155989243434026,0.06417569747337928,-0.9797746218167819,False,,"{""best_reuse"": ""default"", ""best_reuse_utility"": 0.06417569747337928, ""decision"": ""reuse"", ""fresh_advantage"": -0.9797746218167819, ""fresh_positive"": false, ""fresh_utility"": -0.9155989243434026, ""full_batch_guards"": {""default"": {""crossfit_feasible"": true, ""crossfit_utility"": 0.06417569747337928, ""crossfit_utility_positive"": true, ""full_batch_cur_after"": 3.292670249938965, ""full_batch_cur_before"": 3.366168737411499, ""full_batch_gain"": 0.07349848747253418, ""full_batch_harm"": -0.06522271037101746, ""full_batch_harm_lcb"": -0.06819750168826431, ""full_batch_harm_se"": 0.0015177506720647216, ""full_batch_harm_ucb"": -0.062247919053770605, ""full_batch_safe"": true}}, ""guarded_best_reuse"": ""default"", ""num_adapters"": 1, ""pending_after"": false, ""pending_before"": false, ""policy_version"": ""cau_v1"", ""reason"": ""safe_existing_reuse"", ""utility"": {""batch_n"": 13, ""best_reuse"": ""default"", ""best_reuse_query_after"": 3.3019926364605245, ""best_reuse_utility"": 0.06417569747337928, ""defer_utility"": 0.0, ""fold_a_fresh_utility"": -0.883347749710083, ""fold_a_query_n"": 6, ""fold_a_support_n"": 7, ""fold_b_fresh_utility"": -0.9432427883148193, ""fold_b_query_n"": 7, ""fold_b_support_n"": 6, ""fresh_advantage"": -0.9797746218167819, ""fresh_local_trainability"": 0.026149236238919772, ""fresh_positive"": false, ""fresh_query_after"": 4.2817672582773065, ""fresh_query_before"": 4.307916494516226, ""fresh_utility"": -0.9155989243434026, ""reuse_profiles"": {""default"": {""feasible_both"": true, ""fold_a_harm"": -0.06427736580371857, ""fold_a_lcb"": -0.06740248501766473, ""fold_a_query_after"": 3.3294951915740967, ""fold_a_utility"": 0.06594514846801758, ""fold_b_harm"": -0.06250631809234619, ""fold_b_lcb"": -0.06571831867564469, ""fold_b_query_after"": 3.278419017791748, ""fold_b_utility"": 0.06265902519226074, ""harm_lcb_max"": -0.06571831867564469, ""harm_mean"": -0.06339184194803238, ""harm_se_mean"": 0.0016166121931746602, ""harm_ucb_max"": -0.059294317509047685, ""local_trainability"": 0.06417569747337928, ""query_after"": 3.3019926364605245, ""query_before"": 3.3661683339339037, ""system_utility"": 0.06417569747337928}}, ""status"": ""ok"", ""statusquo_loss"": 3.3661683339339037}, ""utility_status"": ""ok""}"
17,B1,B,1,default,reuse,pending_fresh_safe_existing_reuse,4.561702728271484,1,True,147456,649805,0,67809946,649805,5198456,269,7.07973225787282,488087040,0.0,4.21892306022346,0.887928269803524,4.589583396911621,0.3158602714538574,-0.02029728889465332,0.33615756034851074,True,,"{""best_reuse"": ""default"", ""best_reuse_utility"": -0.02029728889465332, ""decision"": ""reuse"", ""fresh_advantage"": 0.33615756034851074, ""fresh_positive"": true, ""fresh_utility"": 0.3158602714538574, ""full_batch_guards"": {""default"": {""crossfit_feasible"": true, ""crossfit_utility"": -0.02029728889465332, ""crossfit_utility_positive"": false, ""full_batch_cur_after"": 4.587326526641846, ""full_batch_cur_before"": 4.589583396911621, ""full_batch_gain"": 0.0022568702697753906, ""full_batch_harm"": -0.05411893501877785, ""full_batch_harm_lcb"": -0.056589505537413064, ""full_batch_harm_se"": 0.0012604951625689864, ""full_batch_harm_ucb"": -0.05164836450014263, ""full_batch_safe"": true}}, ""guarded_best_reuse"": ""default"", ""num_adapters"": 1, ""pending_after"": true, ""pending_before"": false, ""policy_version"": ""cau_v1"", ""reason"": ""pending_fresh_safe_existing_reuse"", ""utility"": {""batch_n"": 16, ""best_reuse"": ""default"", ""best_reuse_query_after"": 4.609880685806274, ""best_reuse_utility"": -0.02029728889465332, ""defer_utility"": 0.0, ""fold_a_fresh_utility"": 0.3204951286315918, ""fold_a_query_n"": 8, ""fold_a_support_n"": 8, ""fold_b_fresh_utility"": 0.31122541427612305, ""fold_b_query_n"": 8, ""fold_b_support_n"": 8, ""fresh_advantage"": 0.33615756034851074, ""fresh_local_trainability"": 0.02580714225769043, ""fresh_positive"": true, ""fresh_query_after"": 4.273723125457764, ""fresh_query_before"": 4.299530267715454, ""fresh_utility"": 0.3158602714538574, ""reuse_profiles"": {""default"": {""feasible_both"": true, ""fold_a_harm"": -0.055355221033096313, ""fold_a_lcb"": -0.05781723822001368, ""fold_a_query_after"": 4.611929893493652, ""fold_a_utility"": -0.01969003677368164, ""fold_b_harm"": -0.055657535791397095, ""fold_b_lcb"": -0.05829925075173378, ""fold_b_query_after"": 4.6078314781188965, ""fold_b_utility"": -0.020904541015625, ""harm_lcb_max"": -0.05781723822001368, ""harm_mean"": -0.055506378412246704, ""harm_se_mean"": 0.0013019724865444005, ""harm_ucb_max"": -0.052893203846178946, ""local_trainability"": -0.02029728889465332, ""query_after"": 4.609880685806274, ""query_before"": 4.589583396911621, ""system_utility"": -0.02029728889465332}}, ""status"": ""ok"", ""statusquo_loss"": 4.589583396911621}, ""utility_status"": ""ok""}"
18,B1,B,1,adapter_1,spawn,confirmed_fresh,4.319453239440918,2,True,294912,1299610,0,68607207,649805,10396912,285,7.349133621901274,488087040,0.0,4.484346715733409,0.887928269803524,4.616279602050781,0.32842111587524414,0.003370523452758789,0.32505059242248535,True,,"{""best_reuse"": ""default"", ""best_reuse_utility"": 0.003370523452758789, ""decision"": ""spawn"", ""fresh_advantage"": 0.32505059242248535, ""fresh_positive"": true, ""fresh_utility"": 0.32842111587524414, ""full_batch_guards"": {}, ""guarded_best_reuse"": null, ""num_adapters"": 2, ""pending_after"": false, ""pending_before"": true, ""policy_version"": ""cau_v1"", ""reason"": ""confirmed_fresh"", ""utility"": {""batch_n"": 16, ""best_reuse"": ""default"", ""best_reuse_query_after"": 4.6129090785980225, ""best_reuse_utility"": 0.003370523452758789, ""defer_utility"": 0.0, ""fold_a_fresh_utility"": 0.36020469665527344, ""fold_a_query_n"": 8, ""fold_a_support_n"": 8, ""fold_b_fresh_utility"": 0.29663753509521484, ""fold_b_query_n"": 8, ""fold_b_support_n"": 8, ""fresh_advantage"": 0.32505059242248535, ""fresh_local_trainability"": 0.039598941802978516, ""fresh_positive"": true, ""fresh_query_after"": 4.287858486175537, ""fresh_query_before"": 4.327457427978516, ""fresh_utility"": 0.32842111587524414, ""reuse_profiles"": {""default"": {""feasible_both"": true, ""fold_a_harm"": -0.04468332603573799, ""fold_a_lcb"": -0.0475149678112939, ""fold_a_query_after"": 4.651936054229736, ""fold_a_utility"": 0.0018553733825683594, ""fold_b_harm"": -0.04410462826490402, ""fold_b_lcb"": -0.04699831694830209, ""fold_b_query_after"": 4.573882102966309, ""fold_b_utility"": 0.004885673522949219, ""harm_lcb_max"": -0.04699831694830209, ""harm_mean"": -0.04439397715032101, ""harm_se_mean"": 0.0014605434844270349, ""harm_ucb_max"": -0.041210939581505956, ""local_trainability"": 0.003370523452758789, ""query_after"": 4.6129090785980225, ""query_before"": 4.616279602050781, ""system_utility"": 0.003370523452758789}}, ""status"": ""ok"", ""statusquo_loss"": 4.616279602050781}, ""utility_status"": ""ok""}"
19,B1,B,1,adapter_1,warmup,existing_warmup,4.313239574432373,2,True,294912,1299610,0,68607207,649805,10396912,301,7.366749590262771,488087040,0.0,4.498191265389323,0.887928269803524,,,,,,,"{""best_reuse"": null, ""best_reuse_utility"": null, ""decision"": ""warmup"", ""fresh_positive"": null, ""fresh_utility"": null, ""full_batch_guards"": {}, ""guarded_best_reuse"": null, ""num_adapters"": 2, ""pending_after"": false, ""pending_before"": false, ""policy_version"": ""cau_v1"", ""reason"": ""existing_warmup"", ""utility_status"": ""warmup""}"
20,B1,B,1,adapter_1,warmup,existing_warmup,4.1904377937316895,2,True,294912,1299610,0,68607207,649805,10396912,317,7.383968606591225,488087040,0.0,4.5120225343853235,0.887928269803524,,,,,,,"{""best_reuse"": null, ""best_reuse_utility"": null, ""decision"": ""warmup"", ""fresh_positive"": null, ""fresh_utility"": null, ""full_batch_guards"": {}, ""guarded_best_reuse"": null, ""num_adapters"": 2, ""pending_after"": false, ""pending_before"": false, ""policy_version"": ""cau_v1"", ""reason"": ""existing_warmup"", ""utility_status"": ""warmup""}"
21,B1,B,1,adapter_1,warmup,existing_warmup,4.200440406799316,2,True,294912,1299610,0,68607207,649805,10396912,333,7.401440782472491,488087040,0.0,4.526036720722914,0.887928269803524,,,,,,,"{""best_reuse"": null, ""best_reuse_utility"": null, ""decision"": ""warmup"", ""fresh_positive"": null, ""fresh_utility"": null, ""full_batch_guards"": {}, ""guarded_best_reuse"": null, ""num_adapters"": 2, ""pending_after"": false, ""pending_before"": false, ""policy_version"": ""cau_v1"", ""reason"": ""existing_warmup"", ""utility_status"": ""warmup""}"
22,B1,B,1,adapter_1,reuse,safe_existing_reuse,4.144782066345215,2,True,294912,1299610,0,68607207,649805,10396912,349,7.867446918040514,488087040,0.0,4.988599678501487,0.887928269803524,4.110936880111694,-0.17741036415100098,0.04916071891784668,-0.22657108306884766,False,,"{""best_reuse"": ""adapter_1"", ""best_reuse_utility"": 0.04916071891784668, ""decision"": ""reuse"", ""fresh_advantage"": -0.22657108306884766, ""fresh_positive"": false, ""fresh_utility"": -0.17741036415100098, ""full_batch_guards"": {""adapter_1"": {""crossfit_feasible"": true, ""crossfit_utility"": 0.04916071891784668, ""crossfit_utility_positive"": true, ""full_batch_cur_after"": 4.046808242797852, ""full_batch_cur_before"": 4.110936641693115, ""full_batch_gain"": 0.06412839889526367, ""full_batch_harm"": -0.0624457411468029, ""full_batch_harm_lcb"": -0.06629104445688426, ""full_batch_harm_se"": 0.0019618894439190626, ""full_batch_harm_ucb"": -0.05860043783672154, ""full_batch_safe"": true}, ""default"": {""crossfit_feasible"": true, ""crossfit_utility"": -0.5659191608428955, ""crossfit_utility_positive"": false, ""full_batch_cur_after"": 4.6620941162109375, ""full_batch_cur_before"": 4.6761016845703125, ""full_batch_gain"": 0.014007568359375, ""full_batch_harm"": -0.04362977296113968, ""full_batch_harm_lcb"": -0.04667325584217906, ""full_batch_harm_se"": 0.0015527973882853985, ""full_batch_harm_ucb"": -0.0405862900801003, ""full_batch_safe"": true}}, ""guarded_best_reuse"": ""adapter_1"", ""num_adapters"": 2, ""pending_after"": false, ""pending_before"": false, ""policy_version"": ""cau_v1"", ""reason"": ""safe_existing_reuse"", ""utility"": {""batch_n"": 16, ""best_reuse"": ""adapter_1"", ""best_reuse_query_after"": 4.061776161193848, ""best_reuse_utility"": 0.04916071891784668, ""defer_utility"": 0.0, ""fold_a_fresh_utility"": -0.20423507690429688, ""fold_a_query_n"": 8, ""fold_a_support_n"": 8, ""fold_b_fresh_utility"": -0.15058565139770508, ""fold_b_query_n"": 8, ""fold_b_support_n"": 8, ""fresh_advantage"": -0.22657108306884766, ""fresh_local_trainability"": 0.0365757942199707, ""fresh_positive"": false, ""fresh_query_after"": 4.288347244262695, ""fresh_query_before"": 4.324923038482666, ""fresh_utility"": -0.17741036415100098, ""reuse_profiles"": {""adapter_1"": {""feasible_both"": true, ""fold_a_harm"": -0.05886739119887352, ""fold_a_lcb"": -0.06291883559897542, ""fold_a_query_after"": 4.013484001159668, ""fold_a_utility"": 0.05289173126220703, ""fold_b_harm"": -0.06226804479956627, ""fold_b_lcb"": -0.06668499752879142, ""fold_b_query_after"": 4.110068321228027, ""fold_b_utility"": 0.04542970657348633, ""harm_lcb_max"": -0.06291883559897542, ""harm_mean"": -0.060567717999219894, ""harm_se_mean"": 0.0021603053901344538, ""harm_ucb_max"": -0.05481594679877162, ""local_trainability"": 0.04916071891784668, ""query_after"": 4.061776161193848, ""query_before"": 4.110936880111694, ""system_utility"": 0.04916071891784668}, ""default"": {""feasible_both"": true, ""fold_a_harm"": -0.04435976594686508, ""fold_a_lcb"": -0.04734681819565594, ""fold_a_query_after"": 4.617755889892578, ""fold_a_utility"": -0.5513801574707031, ""fold_b_harm"": -0.044161200523376465, ""fold_b_lcb"": -0.047206779639236626, ""fold_b_query_after"": 4.735956192016602, ""fold_b_utility"": -0.5804581642150879, ""harm_lcb_max"": -0.047206779639236626, ""harm_mean"": -0.04426048323512077, ""harm_se_mean"": 0.0015389365726150572, ""harm_ucb_max"": -0.0411156214075163, ""local_trainability"": -0.0007541179656982422, ""query_after"": 4.67685604095459, ""query_before"": 4.676101922988892, ""system_utility"": -0.5659191608428955}}, ""status"": ""ok"", ""statusquo_loss"": 4.110936880111694}, ""utility_status"": ""ok""}"
23,B1,B,1,adapter_1,reuse,safe_existing_reuse,4.040135383605957,2,True,294912,1299610,0,68607207,649805,10396912,365,8.370594013482332,488087040,0.0,5.487691530957818,0.887928269803524,3.9990153312683105,-0.24246978759765625,0.0520014762878418,-0.29447126388549805,False,,"{""best_reuse"": ""adapter_1"", ""best_reuse_utility"": 0.0520014762878418, ""decision"": ""reuse"", ""fresh_advantage"": -0.29447126388549805, ""fresh_positive"": false, ""fresh_utility"": -0.24246978759765625, ""full_batch_guards"": {""adapter_1"": {""crossfit_feasible"": true, ""crossfit_utility"": 0.0520014762878418, ""crossfit_utility_positive"": true, ""full_batch_cur_after"": 3.9384689331054688, ""full_batch_cur_before"": 3.9990153312683105, ""full_batch_gain"": 0.0605463981628418, ""full_batch_harm"": -0.06016251817345619, ""full_batch_harm_lcb"": -0.0629103167168796, ""full_batch_harm_se"": 0.0014019380323588848, ""full_batch_harm_ucb"": -0.05741471963003278, ""full_batch_safe"": true}, ""default"": {""crossfit_feasible"": true, ""crossfit_utility"": -0.5461194515228271, ""crossfit_utility_positive"": false, ""full_batch_cur_after"": 4.536101341247559, ""full_batch_cur_before"": 4.555758476257324, ""full_batch_gain"": 0.019657135009765625, ""full_batch_harm"": -0.04452682286500931, ""full_batch_harm_lcb"": -0.046937781320884824, ""full_batch_harm_se"": 0.001230080844834447, ""full_batch_harm_ucb"": -0.04211586440913379, ""full_batch_safe"": true}}, ""guarded_best_reuse"": ""adapter_1"", ""num_adapters"": 2, ""pending_after"": false, ""pending_before"": false, ""policy_version"": ""cau_v1"", ""reason"": ""safe_existing_reuse"", ""utility"": {""batch_n"": 16, ""best_reuse"": ""adapter_1"", ""best_reuse_query_after"": 3.9470138549804688, ""best_reuse_utility"": 0.0520014762878418, ""defer_utility"": 0.0, ""fold_a_fresh_utility"": -0.28151845932006836, ""fold_a_query_n"": 8, ""fold_a_support_n"": 8, ""fold_b_fresh_utility"": -0.20342111587524414, ""fold_b_query_n"": 8, ""fold_b_support_n"": 8, ""fresh_advantage"": -0.29447126388549805, ""fresh_local_trainability"": 0.04901266098022461, ""fresh_positive"": false, ""fresh_query_after"": 4.241485118865967, ""fresh_query_before"": 4.290497779846191, ""fresh_utility"": -0.24246978759765625, ""reuse_profiles"": {""adapter_1"": {""feasible_both"": true, ""fold_a_harm"": -0.05886377394199371, ""fold_a_lcb"": -0.06152489396277815, ""fold_a_query_after"": 3.925691604614258, ""fold_a_utility"": 0.05489206314086914, ""fold_b_harm"": -0.0595550462603569, ""fold_b_lcb"": -0.06280893662944437, ""fold_b_query_after"": 3.9683361053466797, ""fold_b_utility"": 0.04911088943481445, ""harm_lcb_max"": -0.06152489396277815, ""harm_mean"": -0.05920941010117531, ""harm_se_mean"": 0.0015089312219060957, ""harm_ucb_max"": -0.056202653921209274, ""local_trainability"": 0.0520014762878418, ""query_after"": 3.9470138549804688, ""query_before"": 3.9990153312683105, ""system_utility"": 0.0520014762878418}, ""default"": {""feasible_both"": true, ""fold_a_harm"": -0.045043498277664185, ""fold_a_lcb"": -0.04773835405707359, ""fold_a_query_after"": 4.563107967376709, ""fold_a_utility"": -0.582524299621582, ""fold_b_harm"": -0.04475199803709984, ""fold_b_lcb"": -0.04754017882049084, ""fold_b_query_after"": 4.527161598205566, ""fold_b_utility"": -0.5097146034240723, ""harm_lcb_max"": -0.04754017882049084, ""harm_mean"": -0.04489774815738201, ""harm_se_mean"": 0.0013987338170409203, ""harm_ucb_max"": -0.04196381725370884, ""local_trainability"": 0.010623693466186523, ""query_after"": 4.545134782791138, ""query_before"": 4.555758476257324, ""system_utility"": -0.5461194515228271}}, ""status"": ""ok"", ""statusquo_loss"": 3.9990153312683105}, ""utility_status"": ""ok""}"
24,B1,B,1,adapter_1,reuse,safe_existing_reuse,3.9878132343292236,2,True,294912,1299610,0,68607207,649805,10396912,381,8.856599941849709,488087040,0.0,5.969321869313717,0.887928269803524,3.9783430099487305,-0.3491096496582031,0.04520535469055176,-0.3943150043487549,False,,"{""best_reuse"": ""adapter_1"", ""best_reuse_utility"": 0.04520535469055176, ""decision"": ""reuse"", ""fresh_advantage"": -0.3943150043487549, ""fresh_positive"": false, ""fresh_utility"": -0.3491096496582031, ""full_batch_guards"": {""adapter_1"": {""crossfit_feasible"": true, ""crossfit_utility"": 0.04520535469055176, ""crossfit_utility_positive"": true, ""full_batch_cur_after"": 3.9164140224456787, ""full_batch_cur_before"": 3.9783430099487305, ""full_batch_gain"": 0.06192898750305176, ""full_batch_harm"": -0.061021722853183746, ""full_batch_harm_lcb"": -0.0636849742475897, ""full_batch_harm_se"": 0.001358801731839776, ""full_batch_harm_ucb"": -0.05835847145877779, ""full_batch_safe"": true}, ""default"": {""crossfit_feasible"": true, ""crossfit_utility"": -0.6731200218200684, ""crossfit_utility_positive"": false, ""full_batch_cur_after"": 4.625361442565918, ""full_batch_cur_before"": 4.637762069702148, ""full_batch_gain"": 0.012400627136230469, ""full_batch_harm"": -0.043426964432001114, ""full_batch_harm_lcb"": -0.04612005368806422, ""full_batch_harm_se"": 0.0013740251306444407, ""full_batch_harm_ucb"": -0.04073387517593801, ""full_batch_safe"": true}}, ""guarded_best_reuse"": ""adapter_1"", ""num_adapters"": 2, ""pending_after"": false, ""pending_before"": false, ""policy_version"": ""cau_v1"", ""reason"": ""safe_existing_reuse"", ""utility"": {""batch_n"": 16, ""best_reuse"": ""adapter_1"", ""best_reuse_query_after"": 3.9331376552581787, ""best_reuse_utility"": 0.04520535469055176, ""defer_utility"": 0.0, ""fold_a_fresh_utility"": -0.3569960594177246, ""fold_a_query_n"": 8, ""fold_a_support_n"": 8, ""fold_b_fresh_utility"": -0.34122323989868164, ""fold_b_query_n"": 8, ""fold_b_support_n"": 8, ""fresh_advantage"": -0.3943150043487549, ""fresh_local_trainability"": -0.006637096405029297, ""fresh_positive"": false, ""fresh_query_after"": 4.327452659606934, ""fresh_query_before"": 4.320815563201904, ""fresh_utility"": -0.3491096496582031, ""reuse_profiles"": {""adapter_1"": {""feasible_both"": true, ""fold_a_harm"": -0.0586932972073555, ""fold_a_lcb"": -0.06174325863365084, ""fold_a_query_after"": 3.8973968029022217, ""fold_a_utility"": 0.04720950126647949, ""fold_b_harm"": -0.057122740894556046, ""fold_b_lcb"": -0.060506619955413045, ""fold_b_query_after"": 3.9688785076141357, ""fold_b_utility"": 0.04320120811462402, ""harm_lcb_max"": -0.060506619955413045, ""harm_mean"": -0.05790801905095577, ""harm_se_mean"": 0.00164128583855927, ""harm_ucb_max"": -0.053738861833699046, ""local_trainability"": 0.04520535469055176, ""query_after"": 3.9331376552581787, ""query_before"": 3.9783430099487305, ""system_utility"": 0.04520535469055176}, ""default"": {""feasible_both"": true, ""fold_a_harm"": -0.04419732466340065, ""fold_a_lcb"": -0.04693039936479181, ""fold_a_query_after"": 4.613088607788086, ""fold_a_utility"": -0.6684823036193848, ""fold_b_harm"": -0.044534310698509216, ""fold_b_lcb"": -0.047518179919570684, ""fold_b_query_after"": 4.689837455749512, ""fold_b_utility"": -0.677757740020752, ""harm_lcb_max"": -0.04693039936479181, ""harm_mean"": -0.04436581768095493, ""harm_se_mean"": 0.0014584040618501604, ""harm_ucb_max"": -0.04146424996200949, ""local_trainability"": -0.01370096206665039, ""query_after"": 4.651463031768799, ""query_before"": 4.637762069702148, ""system_utility"": -0.6731200218200684}}, ""status"": ""ok"", ""statusquo_loss"": 3.9783430099487305}, ""utility_status"": ""ok""}"
25,B1,B,1,adapter_1,reuse,safe_existing_reuse,3.968698501586914,2,True,294912,1299610,0,68607207,649805,10396912,397,9.324626518413424,488087040,0.0,6.433120932430029,0.887928269803524,3.9502371549606323,-0.3073076009750366,0.05234050750732422,-0.35964810848236084,False,,"{""best_reuse"": ""adapter_1"", ""best_reuse_utility"": 0.05234050750732422, ""decision"": ""reuse"", ""fresh_advantage"": -0.35964810848236084, ""fresh_positive"": false, ""fresh_utility"": -0.3073076009750366, ""full_batch_guards"": {""adapter_1"": {""crossfit_feasible"": true, ""crossfit_utility"": 0.05234050750732422, ""crossfit_utility_positive"": true, ""full_batch_cur_after"": 3.889312505722046, ""full_batch_cur_before"": 3.9502370357513428, ""full_batch_gain"": 0.060924530029296875, ""full_batch_harm"": -0.05997737497091293, ""full_batch_harm_lcb"": -0.061891424350906166, ""full_batch_harm_se"": 0.000976555806118995, ""full_batch_harm_ucb"": -0.0580633255909197, ""full_batch_safe"": true}, ""default"": {""crossfit_feasible"": true, ""crossfit_utility"": -0.6578551530838013, ""crossfit_utility_positive"": false, ""full_batch_cur_after"": 4.5955810546875, ""full_batch_cur_before"": 4.609635353088379, ""full_batch_gain"": 0.014054298400878906, ""full_batch_harm"": -0.044725220650434494, ""full_batch_harm_lcb"": -0.0470439970260486, ""full_batch_harm_se"": 0.001183049171231687, ""full_batch_harm_ucb"": -0.04240644427482039, ""full_batch_safe"": true}}, ""guarded_best_reuse"": ""adapter_1"", ""num_adapters"": 2, ""pending_after"": false, ""pending_before"": false, ""policy_version"": ""cau_v1"", ""reason"": ""safe_existing_reuse"", ""utility"": {""batch_n"": 16, ""best_reuse"": ""adapter_1"", ""best_reuse_query_after"": 3.897896647453308, ""best_reuse_utility"": 0.05234050750732422, ""defer_utility"": 0.0, ""fold_a_fresh_utility"": -0.34715914726257324, ""fold_a_query_n"": 8, ""fold_a_support_n"": 8, ""fold_b_fresh_utility"": -0.2674560546875, ""fold_b_query_n"": 8, ""fold_b_support_n"": 8, ""fresh_advantage"": -0.35964810848236084, ""fresh_local_trainability"": 0.04612565040588379, ""fresh_positive"": false, ""fresh_query_after"": 4.257544755935669, ""fresh_query_before"": 4.303670406341553, ""fresh_utility"": -0.3073076009750366, ""reuse_profiles"": {""adapter_1"": {""feasible_both"": true, ""fold_a_harm"": -0.0580136775970459, ""fold_a_lcb"": -0.06048623824957758, ""fold_a_query_after"": 3.880916118621826, ""fold_a_utility"": 0.05238604545593262, ""fold_b_harm"": -0.05911433696746826, ""fold_b_lcb"": -0.061126330392435195, ""fold_b_query_after"": 3.91487717628479, ""fold_b_utility"": 0.05229496955871582, ""harm_lcb_max"": -0.06048623824957758, ""harm_mean"": -0.05856400728225708, ""harm_se_mean"": 0.0011440188973210752, ""harm_ucb_max"": -0.05554111694451422, ""local_trainability"": 0.05234050750732422, ""query_after"": 3.897896647453308, ""query_before"": 3.9502371549606323, ""system_utility"": 0.05234050750732422}, ""default"": {""feasible_both"": true, ""fold_a_harm"": -0.045687638223171234, ""fold_a_lcb"": -0.04813215035479516, ""fold_a_query_after"": 4.630121231079102, ""fold_a_utility"": -0.6968190670013428, ""fold_b_harm"": -0.04441794008016586, ""fold_b_lcb"": -0.04678688736166805, ""fold_b_query_after"": 4.586063385009766, ""fold_b_utility"": -0.6188912391662598, ""harm_lcb_max"": -0.04678688736166805, ""harm_mean"": -0.04505278915166855, ""harm_se_mean"": 0.0012279233196750283, ""harm_ucb_max"": -0.04204899279866368, ""local_trainability"": 0.0015430450439453125, ""query_after"": 4.608092308044434, ""query_before"": 4.609635353088379, ""system_utility"": -0.6578551530838013}}, ""status"": ""ok"", ""statusquo_loss"": 3.9502371549606323}, ""utility_status"": ""ok""}"
26,B1,B,1,adapter_1,reuse,safe_existing_reuse,3.90283465385437,2,True,294912,1299610,0,68607207,649805,10396912,413,9.803734671324492,488087040,0.0,6.907769240438938,0.887928269803524,3.878430962562561,-0.414944052696228,0.054209113121032715,-0.46915316581726074,False,,"{""best_reuse"": ""adapter_1"", ""best_reuse_utility"": 0.054209113121032715, ""decision"": ""reuse"", ""fresh_advantage"": -0.46915316581726074, ""fresh_positive"": false, ""fresh_utility"": -0.414944052696228, ""full_batch_guards"": {""adapter_1"": {""crossfit_feasible"": true, ""crossfit_utility"": 0.054209113121032715, ""crossfit_utility_positive"": true, ""full_batch_cur_after"": 3.8153412342071533, ""full_batch_cur_before"": 3.8784308433532715, ""full_batch_gain"": 0.06308960914611816, ""full_batch_harm"": -0.06083192676305771, ""full_batch_harm_lcb"": -0.06298334319144487, ""full_batch_harm_se"": 0.001097661443054676, ""full_batch_harm_ucb"": -0.058680510334670546, ""full_batch_safe"": true}, ""default"": {""crossfit_feasible"": true, ""crossfit_utility"": -0.7447913885116577, ""crossfit_utility_positive"": false, ""full_batch_cur_after"": 4.608979225158691, ""full_batch_cur_before"": 4.623216152191162, ""full_batch_gain"": 0.014236927032470703, ""full_batch_harm"": -0.04406574368476868, ""full_batch_harm_lcb"": -0.04625652948860079, ""full_batch_harm_se"": 0.0011177478590980172, ""full_batch_harm_ucb"": -0.041874957880936564, ""full_batch_safe"": true}}, ""guarded_best_reuse"": ""adapter_1"", ""num_adapters"": 2, ""pending_after"": false, ""pending_before"": false, ""policy_version"": ""cau_v1"", ""reason"": ""safe_existing_reuse"", ""utility"": {""batch_n"": 16, ""best_reuse"": ""adapter_1"", ""best_reuse_query_after"": 3.8242218494415283, ""best_reuse_utility"": 0.054209113121032715, ""defer_utility"": 0.0, ""fold_a_fresh_utility"": -0.4145653247833252, ""fold_a_query_n"": 8, ""fold_a_support_n"": 8, ""fold_b_fresh_utility"": -0.41532278060913086, ""fold_b_query_n"": 8, ""fold_b_support_n"": 8, ""fresh_advantage"": -0.46915316581726074, ""fresh_local_trainability"": 0.02221536636352539, ""fresh_positive"": false, ""fresh_query_after"": 4.293375015258789, ""fresh_query_before"": 4.3155903816223145, ""fresh_utility"": -0.414944052696228, ""reuse_profiles"": {""adapter_1"": {""feasible_both"": true, ""fold_a_harm"": -0.05924807861447334, ""fold_a_lcb"": -0.06168835515156388, ""fold_a_query_after"": 3.79658842086792, ""fold_a_utility"": 0.05637955665588379, ""fold_b_harm"": -0.05843527987599373, ""fold_b_lcb"": -0.06111607785336673, ""fold_b_query_after"": 3.8518552780151367, ""fold_b_utility"": 0.05203866958618164, ""harm_lcb_max"": -0.06111607785336673, ""harm_mean"": -0.058841679245233536, ""harm_se_mean"": 0.0013063965598121285, ""harm_ucb_max"": -0.05575448189862073, ""local_trainability"": 0.054209113121032715, ""query_after"": 3.8242218494415283, ""query_before"": 3.878430962562561, ""system_utility"": 0.054209113121032715}, ""default"": {""feasible_both"": true, ""fold_a_harm"": -0.044969040900468826, ""fold_a_lcb"": -0.047344088186509904, ""fold_a_query_after"": 4.623077392578125, ""fold_a_utility"": -0.7701094150543213, ""fold_b_harm"": -0.04446786642074585, ""fold_b_lcb"": -0.04700823560357094, ""fold_b_query_after"": 4.6233673095703125, ""fold_b_utility"": -0.7194733619689941, ""harm_lcb_max"": -0.04700823560357094, ""harm_mean"": -0.04471845366060734, ""harm_se_mean"": 0.0012539327726699412, ""harm_ucb_max"": -0.04192749723792076, ""local_trainability"": -5.9604644775390625e-06, ""query_after"": 4.623222351074219, ""query_before"": 4.623216390609741, ""system_utility"": -0.7447913885116577}}, ""status"": ""ok"", ""statusquo_loss"": 3.878430962562561}, ""utility_status"": ""ok""}"
27,B1,B,1,adapter_1,reuse,safe_existing_reuse,3.858489513397217,2,True,294912,1299610,0,68607207,649805,10396912,429,10.27435296587646,488087040,0.0,7.373959913849831,0.887928269803524,3.8259764909744263,-0.4530528783798218,0.059061408042907715,-0.5121142864227295,False,,"{""best_reuse"": ""adapter_1"", ""best_reuse_utility"": 0.059061408042907715, ""decision"": ""reuse"", ""fresh_advantage"": -0.5121142864227295, ""fresh_positive"": false, ""fresh_utility"": -0.4530528783798218, ""full_batch_guards"": {""adapter_1"": {""crossfit_feasible"": true, ""crossfit_utility"": 0.059061408042907715, ""crossfit_utility_positive"": true, ""full_batch_cur_after"": 3.762794017791748, ""full_batch_cur_before"": 3.8259763717651367, ""full_batch_gain"": 0.06318235397338867, ""full_batch_harm"": -0.059940289705991745, ""full_batch_harm_lcb"": -0.06190047712996602, ""full_batch_harm_se"": 0.0010000956244766712, ""full_batch_harm_ucb"": -0.05798010228201747, ""full_batch_safe"": true}, ""default"": {""crossfit_feasible"": true, ""crossfit_utility"": -0.8210986852645874, ""crossfit_utility_positive"": false, ""full_batch_cur_after"": 4.639670372009277, ""full_batch_cur_before"": 4.650808334350586, ""full_batch_gain"": 0.011137962341308594, ""full_batch_harm"": -0.04374086484313011, ""full_batch_harm_lcb"": -0.046502652051858606, ""full_batch_harm_se"": 0.0014090751064941287, ""full_batch_harm_ucb"": -0.04097907763440162, ""full_batch_safe"": true}}, ""guarded_best_reuse"": ""adapter_1"", ""num_adapters"": 2, ""pending_after"": false, ""pending_before"": false, ""policy_version"": ""cau_v1"", ""reason"": ""safe_existing_reuse"", ""utility"": {""batch_n"": 16, ""best_reuse"": ""adapter_1"", ""best_reuse_query_after"": 3.7669150829315186, ""best_reuse_utility"": 0.059061408042907715, ""defer_utility"": 0.0, ""fold_a_fresh_utility"": -0.45642852783203125, ""fold_a_query_n"": 8, ""fold_a_support_n"": 8, ""fold_b_fresh_utility"": -0.4496772289276123, ""fold_b_query_n"": 8, ""fold_b_support_n"": 8, ""fresh_advantage"": -0.5121142864227295, ""fresh_local_trainability"": 0.05605888366699219, ""fresh_positive"": false, ""fresh_query_after"": 4.279029369354248, ""fresh_query_before"": 4.33508825302124, ""fresh_utility"": -0.4530528783798218, ""reuse_profiles"": {""adapter_1"": {""feasible_both"": true, ""fold_a_harm"": -0.05830691382288933, ""fold_a_lcb"": -0.06038582270499319, ""fold_a_query_after"": 3.777764320373535, ""fold_a_utility"": 0.05797767639160156, ""fold_b_harm"": -0.05947479233145714, ""fold_b_lcb"": -0.06155143795534968, ""fold_b_query_after"": 3.756065845489502, ""fold_b_utility"": 0.06014513969421387, ""harm_lcb_max"": -0.06038582270499319, ""harm_mean"": -0.05889085307717323, ""harm_se_mean"": 0.0010600904352031648, ""harm_ucb_max"": -0.05622800494078547, ""local_trainability"": 0.059061408042907715, ""query_after"": 3.7669150829315186, ""query_before"": 3.8259764909744263, ""system_utility"": 0.059061408042907715}, ""default"": {""feasible_both"": true, ""fold_a_harm"": -0.044034652411937714, ""fold_a_lcb"": -0.046726692295633254, ""fold_a_query_after"": 4.654318809509277, ""fold_a_utility"": -0.8185768127441406, ""fold_b_harm"": -0.04398396238684654, ""fold_b_lcb"": -0.04695370786357671, ""fold_b_query_after"": 4.63983154296875, ""fold_b_utility"": -0.8236205577850342, ""harm_lcb_max"": -0.046726692295633254, ""harm_mean"": -0.04400930739939213, ""harm_se_mean"": 0.0014443330001085997, ""harm_ucb_max"": -0.04101421691011638, ""local_trainability"": 0.0037326812744140625, ""query_after"": 4.647075176239014, ""query_before"": 4.650807857513428, ""system_utility"": -0.8210986852645874}}, ""status"": ""ok"", ""statusquo_loss"": 3.8259764909744263}, ""utility_status"": ""ok""}"
28,B1,B,1,adapter_1,reuse,safe_existing_reuse,3.767367362976074,2,True,294912,1299610,0,68607207,649805,10396912,445,10.755764408037066,488087040,0.0,7.850987873971462,0.887928269803524,3.7523248195648193,-0.4886901378631592,0.058338284492492676,-0.5470284223556519,False,,"{""best_reuse"": ""adapter_1"", ""best_reuse_utility"": 0.058338284492492676, ""decision"": ""reuse"", ""fresh_advantage"": -0.5470284223556519, ""fresh_positive"": false, ""fresh_utility"": -0.4886901378631592, ""full_batch_guards"": {""adapter_1"": {""crossfit_feasible"": true, ""crossfit_utility"": 0.058338284492492676, ""crossfit_utility_positive"": true, ""full_batch_cur_after"": 3.688081979751587, ""full_batch_cur_before"": 3.7523250579833984, ""full_batch_gain"": 0.06424307823181152, ""full_batch_harm"": -0.059603963047266006, ""full_batch_harm_lcb"": -0.06172541771549731, ""full_batch_harm_se"": 0.0010823748307302594, ""full_batch_harm_ucb"": -0.0574825083790347, ""full_batch_safe"": true}, ""default"": {""crossfit_feasible"": true, ""crossfit_utility"": -0.8325421810150146, ""crossfit_utility_positive"": false, ""full_batch_cur_after"": 4.576397895812988, ""full_batch_cur_before"": 4.59370231628418, ""full_batch_gain"": 0.017304420471191406, ""full_batch_harm"": -0.0445600301027298, ""full_batch_harm_lcb"": -0.04697693454567343, ""full_batch_harm_se"": 0.001233114511705935, ""full_batch_harm_ucb"": -0.04214312565978617, ""full_batch_safe"": true}}, ""guarded_best_reuse"": ""adapter_1"", ""num_adapters"": 2, ""pending_after"": false, ""pending_before"": false, ""policy_version"": ""cau_v1"", ""reason"": ""safe_existing_reuse"", ""utility"": {""batch_n"": 16, ""best_reuse"": ""adapter_1"", ""best_reuse_query_after"": 3.6939865350723267, ""best_reuse_utility"": 0.058338284492492676, ""defer_utility"": 0.0, ""fold_a_fresh_utility"": -0.4824686050415039, ""fold_a_query_n"": 8, ""fold_a_support_n"": 8, ""fold_b_fresh_utility"": -0.49491167068481445, ""fold_b_query_n"": 8, ""fold_b_support_n"": 8, ""fresh_advantage"": -0.5470284223556519, ""fresh_local_trainability"": 0.05042743682861328, ""fresh_positive"": false, ""fresh_query_after"": 4.2410149574279785, ""fresh_query_before"": 4.291442394256592, ""fresh_utility"": -0.4886901378631592, ""reuse_profiles"": {""adapter_1"": {""feasible_both"": true, ""fold_a_harm"": -0.05888811871409416, ""fold_a_lcb"": -0.061147713363170625, ""fold_a_query_after"": 3.697399139404297, ""fold_a_utility"": 0.05761528015136719, ""fold_b_harm"": -0.058511484414339066, ""fold_b_lcb"": -0.060449933013878764, ""fold_b_query_after"": 3.6905739307403564, ""fold_b_utility"": 0.059061288833618164, ""harm_lcb_max"": -0.060449933013878764, ""harm_mean"": -0.058699801564216614, ""harm_se_mean"": 0.0010709294001571834, ""harm_ucb_max"": -0.05657303581479937, ""local_trainability"": 0.058338284492492676, ""query_after"": 3.6939865350723267, ""query_before"": 3.7523248195648193, ""system_utility"": 0.058338284492492676}, ""default"": {""feasible_both"": true, ""fold_a_harm"": -0.045237574726343155, ""fold_a_lcb"": -0.04762529228813946, ""fold_a_query_after"": 4.579975605010986, ""fold_a_utility"": -0.8249611854553223, ""fold_b_harm"": -0.04457307606935501, ""fold_b_lcb"": -0.04726729478687048, ""fold_b_query_after"": 4.589758396148682, ""fold_b_utility"": -0.840123176574707, ""harm_lcb_max"": -0.04726729478687048, ""harm_mean"": -0.04490532539784908, ""harm_se_mean"": 0.0012964123161509633, ""harm_ucb_max"": -0.04187885735183954, ""local_trainability"": 0.0088348388671875, ""query_after"": 4.584867000579834, ""query_before"": 4.5937018394470215, ""system_utility"": -0.8325421810150146}}, ""status"": ""ok"", ""statusquo_loss"": 3.7523248195648193}, ""utility_status"": ""ok""}"
29,B1,B,1,adapter_1,reuse,safe_existing_reuse,3.734117031097412,2,True,294912,1299610,0,68607207,649805,10396912,461,11.24566837400198,488087040,0.0,8.336501356214285,0.887928269803524,3.694729208946228,-0.626989483833313,0.05649244785308838,-0.6834819316864014,False,,"{""best_reuse"": ""adapter_1"", ""best_reuse_utility"": 0.05649244785308838, ""decision"": ""reuse"", ""fresh_advantage"": -0.6834819316864014, ""fresh_positive"": false, ""fresh_utility"": -0.626989483833313, ""full_batch_guards"": {""adapter_1"": {""crossfit_feasible"": true, ""crossfit_utility"": 0.05649244785308838, ""crossfit_utility_positive"": true, ""full_batch_cur_after"": 3.6305041313171387, ""full_batch_cur_before"": 3.6947293281555176, ""full_batch_gain"": 0.0642251968383789, ""full_batch_harm"": -0.06271270662546158, ""full_batch_harm_lcb"": -0.06465224544052034, ""full_batch_harm_se"": 0.0009895606199279428, ""full_batch_harm_ucb"": -0.06077316781040281, ""full_batch_safe"": true}, ""default"": {""crossfit_feasible"": true, ""crossfit_utility"": -0.9570385217666626, ""crossfit_utility_positive"": false, ""full_batch_cur_after"": 4.639073371887207, ""full_batch_cur_before"": 4.653251647949219, ""full_batch_gain"": 0.014178276062011719, ""full_batch_harm"": -0.04367545619606972, ""full_batch_harm_lcb"": -0.046377039230428636, ""full_batch_harm_se"": 0.0013783586909994483, ""full_batch_harm_ucb"": -0.0409738731617108, ""full_batch_safe"": true}}, ""guarded_best_reuse"": ""adapter_1"", ""num_adapters"": 2, ""pending_after"": false, ""pending_before"": false, ""policy_version"": ""cau_v1"", ""reason"": ""safe_existing_reuse"", ""utility"": {""batch_n"": 16, ""best_reuse"": ""adapter_1"", ""best_reuse_query_after"": 3.6382367610931396, ""best_reuse_utility"": 0.05649244785308838, ""defer_utility"": 0.0, ""fold_a_fresh_utility"": -0.6325111389160156, ""fold_a_query_n"": 8, ""fold_a_support_n"": 8, ""fold_b_fresh_utility"": -0.6214678287506104, ""fold_b_query_n"": 8, ""fold_b_support_n"": 8, ""fresh_advantage"": -0.6834819316864014, ""fresh_local_trainability"": 0.032440185546875, ""fresh_positive"": false, ""fresh_query_after"": 4.321718692779541, ""fresh_query_before"": 4.354158878326416, ""fresh_utility"": -0.626989483833313, ""reuse_profiles"": {""adapter_1"": {""feasible_both"": true, ""fold_a_harm"": -0.06048662215471268, ""fold_a_lcb"": -0.06300102079752833, ""fold_a_query_after"": 3.644847869873047, ""fold_a_utility"": 0.05313873291015625, ""fold_b_harm"": -0.06103353947401047, ""fold_b_lcb"": -0.0631532130157575, ""fold_b_query_after"": 3.6316256523132324, ""fold_b_utility"": 0.05984616279602051, ""harm_lcb_max"": -0.06300102079752833, ""harm_mean"": -0.06076008081436157, ""harm_se_mean"": 0.001182161271572113, ""harm_ucb_max"": -0.05797222351189703, ""local_trainability"": 0.05649244785308838, ""query_after"": 3.6382367610931396, ""query_before"": 3.694729208946228, ""system_utility"": 0.05649244785308838}, ""default"": {""feasible_both"": true, ""fold_a_harm"": -0.043739646673202515, ""fold_a_lcb"": -0.046650756443850694, ""fold_a_query_after"": 4.5963850021362305, ""fold_a_utility"": -0.8983983993530273, ""fold_b_harm"": -0.044769953936338425, ""fold_b_lcb"": -0.04739840879105031, ""fold_b_query_after"": 4.707150459289551, ""fold_b_utility"": -1.0156786441802979, ""harm_lcb_max"": -0.046650756443850694, ""harm_mean"": -0.04425480030477047, ""harm_se_mean"": 0.0014131542411632836, ""harm_ucb_max"": -0.040828536902554335, ""local_trainability"": 0.0014836788177490234, ""query_after"": 4.651767730712891, ""query_before"": 4.65325140953064, ""system_utility"": -0.9570385217666626}}, ""status"": ""ok"", ""statusquo_loss"": 3.694729208946228}, ""utility_status"": ""ok""}"
30,B1,B,1,adapter_1,reuse,safe_existing_reuse,3.709125280380249,2,True,294912,1299610,0,68607207,649805,10396912,477,11.728827234357595,488087040,0.0,8.814962374046445,0.887928269803524,3.655031681060791,-0.6004023551940918,0.06183648109436035,-0.6622388362884521,False,,"{""best_reuse"": ""adapter_1"", ""best_reuse_utility"": 0.06183648109436035, ""decision"": ""reuse"", ""fresh_advantage"": -0.6622388362884521, ""fresh_positive"": false, ""fresh_utility"": -0.6004023551940918, ""full_batch_guards"": {""adapter_1"": {""crossfit_feasible"": true, ""crossfit_utility"": 0.06183648109436035, ""crossfit_utility_positive"": true, ""full_batch_cur_after"": 3.588069438934326, ""full_batch_cur_before"": 3.655031442642212, ""full_batch_gain"": 0.06696200370788574, ""full_batch_harm"": -0.061128515750169754, ""full_batch_harm_lcb"": -0.06291978742228821, ""full_batch_harm_se"": 0.0009139141184277833, ""full_batch_harm_ucb"": -0.0593372440780513, ""full_batch_safe"": true}, ""default"": {""crossfit_feasible"": true, ""crossfit_utility"": -0.9716734886169434, ""crossfit_utility_positive"": false, ""full_batch_cur_after"": 4.619571685791016, ""full_batch_cur_before"": 4.639821529388428, ""full_batch_gain"": 0.02024984359741211, ""full_batch_harm"": -0.04457581415772438, ""full_batch_harm_lcb"": -0.04692367998417467, ""full_batch_harm_se"": 0.0011978907277807593, ""full_batch_harm_ucb"": -0.04222794833127409, ""full_batch_safe"": true}}, ""guarded_best_reuse"": ""adapter_1"", ""num_adapters"": 2, ""pending_after"": false, ""pending_before"": false, ""policy_version"": ""cau_v1"", ""reason"": ""safe_existing_reuse"", ""utility"": {""batch_n"": 16, ""best_reuse"": ""adapter_1"", ""best_reuse_query_after"": 3.5931951999664307, ""best_reuse_utility"": 0.06183648109436035, ""defer_utility"": 0.0, ""fold_a_fresh_utility"": -0.5829157829284668, ""fold_a_query_n"": 8, ""fold_a_support_n"": 8, ""fold_b_fresh_utility"": -0.6178889274597168, ""fold_b_query_n"": 8, ""fold_b_support_n"": 8, ""fresh_advantage"": -0.6622388362884521, ""fresh_local_trainability"": 0.061887502670288086, ""fresh_positive"": false, ""fresh_query_after"": 4.255434036254883, ""fresh_query_before"": 4.317321538925171, ""fresh_utility"": -0.6004023551940918, ""reuse_profiles"": {""adapter_1"": {""feasible_both"": true, ""fold_a_harm"": -0.05995490401983261, ""fold_a_lcb"": -0.06215420413762331, ""fold_a_query_after"": 3.593501567840576, ""fold_a_utility"": 0.059909820556640625, ""fold_b_harm"": -0.060170456767082214, ""fold_b_lcb"": -0.06169026180868968, ""fold_b_query_after"": 3.592888832092285, ""fold_b_utility"": 0.06376314163208008, ""harm_lcb_max"": -0.06169026180868968, ""harm_mean"": -0.06006268039345741, ""harm_se_mean"": 0.0009487513161730021, ""harm_ucb_max"": -0.05775560390204191, ""local_trainability"": 0.06183648109436035, ""query_after"": 3.5931951999664307, ""query_before"": 3.655031681060791, ""system_utility"": 0.06183648109436035}, ""default"": {""feasible_both"": true, ""fold_a_harm"": -0.04526953771710396, ""fold_a_lcb"": -0.047565719843842086, ""fold_a_query_after"": 4.618935585021973, ""fold_a_utility"": -0.9655241966247559, ""fold_b_harm"": -0.04495808482170105, ""fold_b_lcb"": -0.04755603942554444, ""fold_b_query_after"": 4.634474754333496, ""fold_b_utility"": -0.9778227806091309, ""harm_lcb_max"": -0.04755603942554444, ""harm_mean"": -0.045113811269402504, ""harm_se_mean"": 0.0012485042680054903, ""harm_ucb_max"": -0.04236013021785766, ""local_trainability"": 0.01311635971069336, ""query_after"": 4.626705169677734, ""query_before"": 4.639821529388428, ""system_utility"": -0.9716734886169434}}, ""status"": ""ok"", ""statusquo_loss"": 3.655031681060791}, ""utility_status"": ""ok""}"
31,B1,B,1,adapter_1,reuse,safe_existing_reuse,3.5635108947753906,2,True,294912,1299610,0,68607207,649805,10396912,493,12.213566280901432,488087040,0.0,9.294714767485857,0.887928269803524,3.5206891298294067,-0.7851384878158569,0.0623624324798584,-0.8475009202957153,False,,"{""best_reuse"": ""adapter_1"", ""best_reuse_utility"": 0.0623624324798584, ""decision"": ""reuse"", ""fresh_advantage"": -0.8475009202957153, ""fresh_positive"": false, ""fresh_utility"": -0.7851384878158569, ""full_batch_guards"": {""adapter_1"": {""crossfit_feasible"": true, ""crossfit_utility"": 0.0623624324798584, ""crossfit_utility_positive"": true, ""full_batch_cur_after"": 3.4512553215026855, ""full_batch_cur_before"": 3.5206892490386963, ""full_batch_gain"": 0.06943392753601074, ""full_batch_harm"": -0.06255808472633362, ""full_batch_harm_lcb"": -0.06461756527423859, ""full_batch_harm_se"": 0.0010507553815841675, ""full_batch_harm_ucb"": -0.06049860417842865, ""full_batch_safe"": true}, ""default"": {""crossfit_feasible"": true, ""crossfit_utility"": -1.1383990049362183, ""crossfit_utility_positive"": false, ""full_batch_cur_after"": 4.6472907066345215, ""full_batch_cur_before"": 4.660351753234863, ""full_batch_gain"": 0.013061046600341797, ""full_batch_harm"": -0.04354105144739151, ""full_batch_harm_lcb"": -0.046040754998102784, ""full_batch_harm_se"": 0.0012753589544445276, ""full_batch_harm_ucb"": -0.041041347896680236, ""full_batch_safe"": true}}, ""guarded_best_reuse"": ""adapter_1"", ""num_adapters"": 2, ""pending_after"": false, ""pending_before"": false, ""policy_version"": ""cau_v1"", ""reason"": ""safe_existing_reuse"", ""utility"": {""batch_n"": 16, ""best_reuse"": ""adapter_1"", ""best_reuse_query_after"": 3.4583266973495483, ""best_reuse_utility"": 0.0623624324798584, ""defer_utility"": 0.0, ""fold_a_fresh_utility"": -0.7704124450683594, ""fold_a_query_n"": 8, ""fold_a_support_n"": 8, ""fold_b_fresh_utility"": -0.7998645305633545, ""fold_b_query_n"": 8, ""fold_b_support_n"": 8, ""fresh_advantage"": -0.8475009202957153, ""fresh_local_trainability"": 0.04073476791381836, ""fresh_positive"": false, ""fresh_query_after"": 4.305827617645264, ""fresh_query_before"": 4.346562385559082, ""fresh_utility"": -0.7851384878158569, ""reuse_profiles"": {""adapter_1"": {""feasible_both"": true, ""fold_a_harm"": -0.061400026082992554, ""fold_a_lcb"": -0.0635116701805964, ""fold_a_query_after"": 3.479947328567505, ""fold_a_utility"": 0.06411623954772949, ""fold_b_harm"": -0.06022466719150543, ""fold_b_lcb"": -0.06267743009608238, ""fold_b_query_after"": 3.436706066131592, ""fold_b_utility"": 0.060608625411987305, ""harm_lcb_max"": -0.06267743009608238, ""harm_mean"": -0.06081234663724899, ""harm_se_mean"": 0.0011643895413726568, ""harm_ucb_max"": -0.05777190428692847, ""local_trainability"": 0.0623624324798584, ""query_after"": 3.4583266973495483, ""query_before"": 3.5206891298294067, ""system_utility"": 0.0623624324798584}, ""default"": {""feasible_both"": true, ""fold_a_harm"": -0.04413527995347977, ""fold_a_lcb"": -0.04689723076298833, ""fold_a_query_after"": 4.729343414306641, ""fold_a_utility"": -1.1852798461914062, ""fold_b_harm"": -0.04385271668434143, ""fold_b_lcb"": -0.046480511887930336, ""fold_b_query_after"": 4.588832855224609, ""fold_b_utility"": -1.0915181636810303, ""harm_lcb_max"": -0.046480511887930336, ""harm_mean"": -0.0439939983189106, ""harm_se_mean"": 0.0013749352074228227, ""harm_ucb_max"": -0.041224921480752526, ""local_trainability"": 0.0012633800506591797, ""query_after"": 4.659088134765625, ""query_before"": 4.660351514816284, ""system_utility"": -1.1383990049362183}}, ""status"": ""ok"", ""statusquo_loss"": 3.5206891298294067}, ""utility_status"": ""ok""}"
32,B1,B,1,adapter_1,reuse,safe_existing_reuse,3.5071821212768555,2,True,294912,1299610,0,68607207,649805,10396912,506,12.702084446325898,488087040,0.0,9.777607200667262,0.887928269803524,3.4617655827448917,-0.7850118050208459,0.06375872171842135,-0.8487705267392672,False,,"{""best_reuse"": ""adapter_1"", ""best_reuse_utility"": 0.06375872171842135, ""decision"": ""reuse"", ""fresh_advantage"": -0.8487705267392672, ""fresh_positive"": false, ""fresh_utility"": -0.7850118050208459, ""full_batch_guards"": {""adapter_1"": {""crossfit_feasible"": true, ""crossfit_utility"": 0.06375872171842135, ""crossfit_utility_positive"": true, ""full_batch_cur_after"": 3.3933494091033936, ""full_batch_cur_before"": 3.461765766143799, ""full_batch_gain"": 0.06841635704040527, ""full_batch_harm"": -0.06294817477464676, ""full_batch_harm_lcb"": -0.06499234963674098, ""full_batch_harm_se"": 0.0010429463582113385, ""full_batch_harm_ucb"": -0.060903999912552534, ""full_batch_safe"": true}, ""default"": {""crossfit_feasible"": true, ""crossfit_utility"": -1.167365367595966, ""crossfit_utility_positive"": false, ""full_batch_cur_after"": 4.619737148284912, ""full_batch_cur_before"": 4.6321282386779785, ""full_batch_gain"": 0.012391090393066406, ""full_batch_harm"": -0.043633803725242615, ""full_batch_harm_lcb"": -0.04643610551487654, ""full_batch_harm_se"": 0.0014297458110377192, ""full_batch_harm_ucb"": -0.04083150193560869, ""full_batch_safe"": true}}, ""guarded_best_reuse"": ""adapter_1"", ""num_adapters"": 2, ""pending_after"": false, ""pending_before"": false, ""policy_version"": ""cau_v1"", ""reason"": ""safe_existing_reuse"", ""utility"": {""batch_n"": 13, ""best_reuse"": ""adapter_1"", ""best_reuse_query_after"": 3.3980068610264706, ""best_reuse_utility"": 0.06375872171842135, ""defer_utility"": 0.0, ""fold_a_fresh_utility"": -0.811150074005127, ""fold_a_query_n"": 6, ""fold_a_support_n"": 7, ""fold_b_fresh_utility"": -0.7626075744628906, ""fold_b_query_n"": 7, ""fold_b_support_n"": 6, ""fresh_advantage"": -0.8487705267392672, ""fresh_local_trainability"": 0.057478721325214095, ""fresh_positive"": false, ""fresh_query_after"": 4.2467773877657375, ""fresh_query_before"": 4.304256109090952, ""fresh_utility"": -0.7850118050208459, ""reuse_profiles"": {""adapter_1"": {""feasible_both"": true, ""fold_a_harm"": -0.06150069460272789, ""fold_a_lcb"": -0.06378651146776974, ""fold_a_query_after"": 3.372760057449341, ""fold_a_utility"": 0.06435465812683105, ""fold_b_harm"": -0.061812255531549454, ""fold_b_lcb"": -0.06382424051407724, ""fold_b_query_after"": 3.419646978378296, ""fold_b_utility"": 0.0632479190826416, ""harm_lcb_max"": -0.06378651146776974, ""harm_mean"": -0.06165647506713867, ""harm_se_mean"": 0.001096378022339195, ""harm_ucb_max"": -0.059214877737686036, ""local_trainability"": 0.06375872171842135, ""query_after"": 3.3980068610264706, ""query_before"": 3.4617655827448917, ""system_utility"": 0.06375872171842135}, ""default"": {""feasible_both"": true, ""fold_a_harm"": -0.04412616416811943, ""fold_a_lcb"": -0.04678981030359864, ""fold_a_query_after"": 4.6740803718566895, ""fold_a_utility"": -1.2369656562805176, ""fold_b_harm"": -0.043879713863134384, ""fold_b_lcb"": -0.04689757051877677, ""fold_b_query_after"": 4.590602874755859, ""fold_b_utility"": -1.1077079772949219, ""harm_lcb_max"": -0.04678981030359864, ""harm_mean"": -0.04400293901562691, ""harm_se_mean"": 0.001449362956918776, ""harm_ucb_max"": -0.040861857207492, ""local_trainability"": 0.0029967748201810396, ""query_after"": 4.6291309503408575, ""query_before"": 4.632127725161039, ""system_utility"": -1.167365367595966}}, ""status"": ""ok"", ""statusquo_loss"": 3.4617655827448917}, ""utility_status"": ""ok""}"
33,A2,A,2,default,reuse,safe_existing_reuse,3.329895496368408,2,True,294912,1299610,0,68607207,649805,10396912,522,14.590559035539627,496975872,0.0,10.262937817722559,2.286295725032687,4.606359958648682,0.33941650390625,1.3474340438842773,-1.0080175399780273,False,,"{""best_reuse"": ""default"", ""best_reuse_utility"": 1.3474340438842773, ""decision"": ""reuse"", ""fresh_advantage"": -1.0080175399780273, ""fresh_positive"": false, ""fresh_utility"": 0.33941650390625, ""full_batch_guards"": {""adapter_1"": {""crossfit_feasible"": true, ""crossfit_utility"": -0.011249065399169922, ""crossfit_utility_positive"": false, ""full_batch_cur_after"": 4.602849006652832, ""full_batch_cur_before"": 4.606359958648682, ""full_batch_gain"": 0.0035109519958496094, ""full_batch_harm"": -0.053992703557014465, ""full_batch_harm_lcb"": -0.056051406715996566, ""full_batch_harm_se"": 0.0010503587545827031, ""full_batch_harm_ucb"": -0.051934000398032365, ""full_batch_safe"": true}, ""default"": {""crossfit_feasible"": true, ""crossfit_utility"": 1.3474340438842773, ""crossfit_utility_positive"": true, ""full_batch_cur_after"": 3.2527999877929688, ""full_batch_cur_before"": 3.3138880729675293, ""full_batch_gain"": 0.06108808517456055, ""full_batch_harm"": -0.052867207676172256, ""full_batch_harm_lcb"": -0.05678290541283786, ""full_batch_harm_se"": 0.001997804967686534, ""full_batch_harm_ucb"": -0.04895150993950665, ""full_batch_safe"": true}}, ""guarded_best_reuse"": ""default"", ""num_adapters"": 2, ""pending_after"": false, ""pending_before"": false, ""policy_version"": ""cau_v1"", ""reason"": ""safe_existing_reuse"", ""utility"": {""batch_n"": 16, ""best_reuse"": ""default"", ""best_reuse_query_after"": 3.2589259147644043, ""best_reuse_utility"": 1.3474340438842773, ""defer_utility"": 0.0, ""fold_a_fresh_utility"": 0.3580951690673828, ""fold_a_query_n"": 8, ""fold_a_support_n"": 8, ""fold_b_fresh_utility"": 0.3207378387451172, ""fold_b_query_n"": 8, ""fold_b_support_n"": 8, ""fresh_advantage"": -1.0080175399780273, ""fresh_local_trainability"": 0.044794321060180664, ""fresh_positive"": false, ""fresh_query_after"": 4.266943454742432, ""fresh_query_before"": 4.311737775802612, ""fresh_utility"": 0.33941650390625, ""reuse_profiles"": {""adapter_1"": {""feasible_both"": true, ""fold_a_harm"": -0.05415584519505501, ""fold_a_lcb"": -0.05623992586974055, ""fold_a_query_after"": 4.628850936889648, ""fold_a_utility"": -0.009938240051269531, ""fold_b_harm"": -0.054348621517419815, ""fold_b_lcb"": -0.05650013902690262, ""fold_b_query_after"": 4.606367111206055, ""fold_b_utility"": -0.012559890747070312, ""harm_lcb_max"": -0.05623992586974055, ""harm_mean"": -0.05425223335623741, ""harm_se_mean"": 0.00108050974085927, ""harm_ucb_max"": -0.05207176452036947, ""local_trainability"": -0.011249065399169922, ""query_after"": 4.617609024047852, ""query_before"": 4.606359958648682, ""system_utility"": -0.011249065399169922}, ""default"": {""feasible_both"": true, ""fold_a_harm"": -0.051654838025569916, ""fold_a_lcb"": -0.05529400458093733, ""fold_a_query_after"": 3.2083611488342285, ""fold_a_utility"": 1.4105515480041504, ""fold_b_harm"": -0.05162530019879341, ""fold_b_lcb"": -0.05568934299983084, ""fold_b_query_after"": 3.30949068069458, ""fold_b_utility"": 1.2843165397644043, ""harm_lcb_max"": -0.05529400458093733, ""harm_mean"": -0.051640069112181664, ""harm_se_mean"": 0.001965104427654296, ""harm_ucb_max"": -0.047561257397755984, ""local_trainability"": 0.054962158203125, ""query_after"": 3.2589259147644043, ""query_before"": 3.3138880729675293, ""system_utility"": 1.3474340438842773}}, ""status"": ""ok"", ""statusquo_loss"": 4.606359958648682}, ""utility_status"": ""ok""}"
34,A2,A,2,default,reuse,safe_existing_reuse,3.3360986709594727,2,True,294912,1299610,0,68607207,649805,10396912,538,15.091895135119557,496975872,0.0,10.759504133835435,2.286295725032687,3.2697129249572754,-1.0323219299316406,0.05347239971160889,-1.0857943296432495,False,,"{""best_reuse"": ""default"", ""best_reuse_utility"": 0.05347239971160889, ""decision"": ""reuse"", ""fresh_advantage"": -1.0857943296432495, ""fresh_positive"": false, ""fresh_utility"": -1.0323219299316406, ""full_batch_guards"": {""adapter_1"": {""crossfit_feasible"": true, ""crossfit_utility"": -1.3421125411987305, ""crossfit_utility_positive"": false, ""full_batch_cur_after"": 4.595287322998047, ""full_batch_cur_before"": 4.5972900390625, ""full_batch_gain"": 0.002002716064453125, ""full_batch_harm"": -0.05294303223490715, ""full_batch_harm_lcb"": -0.05496986130718142, ""full_batch_harm_se"": 0.001034096465446055, ""full_batch_harm_ucb"": -0.05091620316263288, ""full_batch_safe"": true}, ""default"": {""crossfit_feasible"": true, ""crossfit_utility"": 0.05347239971160889, ""crossfit_utility_positive"": true, ""full_batch_cur_after"": 3.2099506855010986, ""full_batch_cur_before"": 3.2697129249572754, ""full_batch_gain"": 0.05976223945617676, ""full_batch_harm"": -0.0487966425716877, ""full_batch_harm_lcb"": -0.054726587180048226, ""full_batch_harm_se"": 0.003025481943041086, ""full_batch_harm_ucb"": -0.04286669796332717, ""full_batch_safe"": true}}, ""guarded_best_reuse"": ""default"", ""num_adapters"": 2, ""pending_after"": false, ""pending_before"": false, ""policy_version"": ""cau_v1"", ""reason"": ""safe_existing_reuse"", ""utility"": {""batch_n"": 16, ""best_reuse"": ""default"", ""best_reuse_query_after"": 3.2162405252456665, ""best_reuse_utility"": 0.05347239971160889, ""defer_utility"": 0.0, ""fold_a_fresh_utility"": -1.0404410362243652, ""fold_a_query_n"": 8, ""fold_a_support_n"": 8, ""fold_b_fresh_utility"": -1.024202823638916, ""fold_b_query_n"": 8, ""fold_b_support_n"": 8, ""fresh_advantage"": -1.0857943296432495, ""fresh_local_trainability"": 0.037140607833862305, ""fresh_positive"": false, ""fresh_query_after"": 4.302034854888916, ""fresh_query_before"": 4.339175462722778, ""fresh_utility"": -1.0323219299316406, ""reuse_profiles"": {""adapter_1"": {""feasible_both"": true, ""fold_a_harm"": -0.054026633501052856, ""fold_a_lcb"": -0.0560360570019111, ""fold_a_query_after"": 4.611771583557129, ""fold_a_utility"": -1.3734536170959473, ""fold_b_harm"": -0.054267823696136475, ""fold_b_lcb"": -0.05627880973275751, ""fold_b_query_after"": 4.611879348754883, ""fold_b_utility"": -1.3107714653015137, ""harm_lcb_max"": -0.0560360570019111, ""harm_mean"": -0.054147228598594666, ""harm_se_mean"": 0.0010256146779283881, ""harm_ucb_max"": -0.05201721000019461, ""local_trainability"": -0.014535903930664062, ""query_after"": 4.611825466156006, ""query_before"": 4.597289562225342, ""system_utility"": -1.3421125411987305}, ""default"": {""feasible_both"": true, ""fold_a_harm"": -0.047169849276542664, ""fold_a_lcb"": -0.05295466379262507, ""fold_a_query_after"": 3.1856632232666016, ""fold_a_utility"": 0.05265474319458008, ""fold_b_harm"": -0.047750312834978104, ""fold_b_lcb"": -0.05354513962753117, ""fold_b_query_after"": 3.2468178272247314, ""fold_b_utility"": 0.054290056228637695, ""harm_lcb_max"": -0.05295466379262507, ""harm_mean"": -0.047460081055760384, ""harm_se_mean"": 0.0029539901297539473, ""harm_ucb_max"": -0.04138503476046026, ""local_trainability"": 0.05347239971160889, ""query_after"": 3.2162405252456665, ""query_before"": 3.2697129249572754, ""system_utility"": 0.05347239971160889}}, ""status"": ""ok"", ""statusquo_loss"": 3.2697129249572754}, ""utility_status"": ""ok""}"
35,A2,A,2,default,reuse,safe_existing_reuse,3.206800937652588,2,True,294912,1299610,0,68607207,649805,10396912,554,15.596668602898717,496975872,0.0,11.259264297783375,2.286295725032687,3.1687889099121094,-1.087963581085205,0.058133721351623535,-1.1460973024368286,False,,"{""best_reuse"": ""default"", ""best_reuse_utility"": 0.058133721351623535, ""decision"": ""reuse"", ""fresh_advantage"": -1.1460973024368286, ""fresh_positive"": false, ""fresh_utility"": -1.087963581085205, ""full_batch_guards"": {""adapter_1"": {""crossfit_feasible"": true, ""crossfit_utility"": -1.3710813522338867, ""crossfit_utility_positive"": false, ""full_batch_cur_after"": 4.5247883796691895, ""full_batch_cur_before"": 4.53158712387085, ""full_batch_gain"": 0.006798744201660156, ""full_batch_harm"": -0.05385110527276993, ""full_batch_harm_lcb"": -0.05573970845667645, ""full_batch_harm_se"": 0.0009635730530135334, ""full_batch_harm_ucb"": -0.0519625020888634, ""full_batch_safe"": true}, ""default"": {""crossfit_feasible"": true, ""crossfit_utility"": 0.058133721351623535, ""crossfit_utility_positive"": true, ""full_batch_cur_after"": 3.104576587677002, ""full_batch_cur_before"": 3.1687889099121094, ""full_batch_gain"": 0.06421232223510742, ""full_batch_harm"": -0.048601701855659485, ""full_batch_harm_lcb"": -0.05499153669923544, ""full_batch_harm_se"": 0.003260119818150997, ""full_batch_harm_ucb"": -0.04221186701208353, ""full_batch_safe"": true}}, ""guarded_best_reuse"": ""default"", ""num_adapters"": 2, ""pending_after"": false, ""pending_before"": false, ""policy_version"": ""cau_v1"", ""reason"": ""safe_existing_reuse"", ""utility"": {""batch_n"": 16, ""best_reuse"": ""default"", ""best_reuse_query_after"": 3.110655188560486, ""best_reuse_utility"": 0.058133721351623535, ""defer_utility"": 0.0, ""fold_a_fresh_utility"": -1.1085007190704346, ""fold_a_query_n"": 8, ""fold_a_support_n"": 8, ""fold_b_fresh_utility"": -1.0674264430999756, ""fold_b_query_n"": 8, ""fold_b_support_n"": 8, ""fresh_advantage"": -1.1460973024368286, ""fresh_local_trainability"": 0.050863027572631836, ""fresh_positive"": false, ""fresh_query_after"": 4.2567524909973145, ""fresh_query_before"": 4.307615518569946, ""fresh_utility"": -1.087963581085205, ""reuse_profiles"": {""adapter_1"": {""feasible_both"": true, ""fold_a_harm"": -0.05402651056647301, ""fold_a_lcb"": -0.056077098716050384, ""fold_a_query_after"": 4.500503063201904, ""fold_a_utility"": -1.3894107341766357, ""fold_b_harm"": -0.05494968593120575, ""fold_b_lcb"": -0.0569444401236251, ""fold_b_query_after"": 4.579237461090088, ""fold_b_utility"": -1.3527519702911377, ""harm_lcb_max"": -0.056077098716050384, ""harm_mean"": -0.05448809824883938, ""harm_se_mean"": 0.0010319750872440636, ""harm_ucb_max"": -0.05197592241689563, ""local_trainability"": -0.008283138275146484, ""query_after"": 4.539870262145996, ""query_before"": 4.53158712387085, ""system_utility"": -1.3710813522338867}, ""default"": {""feasible_both"": true, ""fold_a_harm"": -0.04833424836397171, ""fold_a_lcb"": -0.054585354309529065, ""fold_a_query_after"": 3.0505971908569336, ""fold_a_utility"": 0.06049513816833496, ""fold_b_harm"": -0.04708391800522804, ""fold_b_lcb"": -0.053309874152764676, ""fold_b_query_after"": 3.170713186264038, ""fold_b_utility"": 0.05577230453491211, ""harm_lcb_max"": -0.053309874152764676, ""harm_mean"": -0.047709083184599876, ""harm_se_mean"": 0.003182924003340304, ""harm_ucb_max"": -0.04085796185769141, ""local_trainability"": 0.058133721351623535, ""query_after"": 3.110655188560486, ""query_before"": 3.1687889099121094, ""system_utility"": 0.058133721351623535}}, ""status"": ""ok"", ""statusquo_loss"": 3.1687889099121094}, ""utility_status"": ""ok""}"
36,A2,A,2,default,reuse,safe_existing_reuse,3.261016845703125,2,True,294912,1299610,0,68607207,649805,10396912,570,16.098007403314114,496975872,0.0,11.755643697455525,2.286295725032687,3.185648798942566,-1.1547662019729614,0.052056312561035156,-1.2068225145339966,False,,"{""best_reuse"": ""default"", ""best_reuse_utility"": 0.052056312561035156, ""decision"": ""reuse"", ""fresh_advantage"": -1.2068225145339966, ""fresh_positive"": false, ""fresh_utility"": -1.1547662019729614, ""full_batch_guards"": {""adapter_1"": {""crossfit_feasible"": true, ""crossfit_utility"": -1.440005898475647, ""crossfit_utility_positive"": false, ""full_batch_cur_after"": 4.598787307739258, ""full_batch_cur_before"": 4.600776672363281, ""full_batch_gain"": 0.0019893646240234375, ""full_batch_harm"": -0.05264211446046829, ""full_batch_harm_lcb"": -0.05471464496571571, ""full_batch_harm_se"": 0.0010574135230854154, ""full_batch_harm_ucb"": -0.050569583955220876, ""full_batch_safe"": true}, ""default"": {""crossfit_feasible"": true, ""crossfit_utility"": 0.052056312561035156, ""crossfit_utility_positive"": true, ""full_batch_cur_after"": 3.123654365539551, ""full_batch_cur_before"": 3.1856489181518555, ""full_batch_gain"": 0.06199455261230469, ""full_batch_harm"": -0.04821057990193367, ""full_batch_harm_lcb"": -0.05510700627230108, ""full_batch_harm_se"": 0.003518584882840514, ""full_batch_harm_ucb"": -0.04131415353156626, ""full_batch_safe"": true}}, ""guarded_best_reuse"": ""default"", ""num_adapters"": 2, ""pending_after"": false, ""pending_before"": false, ""policy_version"": ""cau_v1"", ""reason"": ""safe_existing_reuse"", ""utility"": {""batch_n"": 16, ""best_reuse"": ""default"", ""best_reuse_query_after"": 3.1335924863815308, ""best_reuse_utility"": 0.052056312561035156, ""defer_utility"": 0.0, ""fold_a_fresh_utility"": -1.2000558376312256, ""fold_a_query_n"": 8, ""fold_a_support_n"": 8, ""fold_b_fresh_utility"": -1.1094765663146973, ""fold_b_query_n"": 8, ""fold_b_support_n"": 8, ""fresh_advantage"": -1.2068225145339966, ""fresh_local_trainability"": 0.007779836654663086, ""fresh_positive"": false, ""fresh_query_after"": 4.340415000915527, ""fresh_query_before"": 4.34819483757019, ""fresh_utility"": -1.1547662019729614, ""reuse_profiles"": {""adapter_1"": {""feasible_both"": true, ""fold_a_harm"": -0.05453898757696152, ""fold_a_lcb"": -0.05654774617869407, ""fold_a_query_after"": 4.601394176483154, ""fold_a_utility"": -1.4624650478363037, ""fold_b_harm"": -0.05444401875138283, ""fold_b_lcb"": -0.05651061604730785, ""fold_b_query_after"": 4.6499152183532715, ""fold_b_utility"": -1.4175467491149902, ""harm_lcb_max"": -0.05651061604730785, ""harm_mean"": -0.05449150316417217, ""harm_se_mean"": 0.0010396316065452993, ""harm_ucb_max"": -0.052377421455457804, ""local_trainability"": -0.024878263473510742, ""query_after"": 4.625654697418213, ""query_before"": 4.600776433944702, ""system_utility"": -1.440005898475647}, ""default"": {""feasible_both"": true, ""fold_a_harm"": -0.046477310359478, ""fold_a_lcb"": -0.05292622767388821, ""fold_a_query_after"": 3.081622362136841, ""fold_a_utility"": 0.057306766510009766, ""fold_b_harm"": -0.04659182205796242, ""fold_b_lcb"": -0.053575083250179886, ""fold_b_query_after"": 3.1855626106262207, ""fold_b_utility"": 0.04680585861206055, ""harm_lcb_max"": -0.05292622767388821, ""harm_mean"": -0.04653456620872021, ""harm_se_mean"": 0.003426576149649918, ""harm_ucb_max"": -0.03960856086574495, ""local_trainability"": 0.052056312561035156, ""query_after"": 3.1335924863815308, ""query_before"": 3.185648798942566, ""system_utility"": 0.052056312561035156}}, ""status"": ""ok"", ""statusquo_loss"": 3.185648798942566}, ""utility_status"": ""ok""}"
37,A2,A,2,default,reuse,safe_existing_reuse,3.1098990440368652,2,True,294912,1299610,0,68607207,649805,10396912,586,16.60259748622775,496975872,0.0,12.25525887683034,2.286295725032687,3.0727277994155884,-1.2151259183883667,0.05914616584777832,-1.274272084236145,False,,"{""best_reuse"": ""default"", ""best_reuse_utility"": 0.05914616584777832, ""decision"": ""reuse"", ""fresh_advantage"": -1.274272084236145, ""fresh_positive"": false, ""fresh_utility"": -1.2151259183883667, ""full_batch_guards"": {""adapter_1"": {""crossfit_feasible"": true, ""crossfit_utility"": -1.5091439485549927, ""crossfit_utility_positive"": false, ""full_batch_cur_after"": 4.563888072967529, ""full_batch_cur_before"": 4.568708896636963, ""full_batch_gain"": 0.004820823669433594, ""full_batch_harm"": -0.05331673473119736, ""full_batch_harm_lcb"": -0.055360547709278764, ""full_batch_harm_se"": 0.001042761723510921, ""full_batch_harm_ucb"": -0.05127292175311595, ""full_batch_safe"": true}, ""default"": {""crossfit_feasible"": true, ""crossfit_utility"": 0.05914616584777832, ""crossfit_utility_positive"": true, ""full_batch_cur_after"": 3.007065773010254, ""full_batch_cur_before"": 3.072727680206299, ""full_batch_gain"": 0.06566190719604492, ""full_batch_harm"": -0.04762781411409378, ""full_batch_harm_lcb"": -0.05508981682360172, ""full_batch_harm_se"": 0.0038071442395448685, ""full_batch_harm_ucb"": -0.04016581140458584, ""full_batch_safe"": true}}, ""guarded_best_reuse"": ""default"", ""num_adapters"": 2, ""pending_after"": false, ""pending_before"": false, ""policy_version"": ""cau_v1"", ""reason"": ""safe_existing_reuse"", ""utility"": {""batch_n"": 16, ""best_reuse"": ""default"", ""best_reuse_query_after"": 3.01358163356781, ""best_reuse_utility"": 0.05914616584777832, ""defer_utility"": 0.0, ""fold_a_fresh_utility"": -1.1596391201019287, ""fold_a_query_n"": 8, ""fold_a_support_n"": 8, ""fold_b_fresh_utility"": -1.2706127166748047, ""fold_b_query_n"": 8, ""fold_b_support_n"": 8, ""fresh_advantage"": -1.274272084236145, ""fresh_local_trainability"": 0.03928661346435547, ""fresh_positive"": false, ""fresh_query_after"": 4.287853717803955, ""fresh_query_before"": 4.3271403312683105, ""fresh_utility"": -1.2151259183883667, ""reuse_profiles"": {""adapter_1"": {""feasible_both"": true, ""fold_a_harm"": -0.05449550226330757, ""fold_a_lcb"": -0.056522911582142114, ""fold_a_query_after"": 4.608311653137207, ""fold_a_utility"": -1.4679467678070068, ""fold_b_harm"": -0.05430225282907486, ""fold_b_lcb"": -0.056394369108602405, ""fold_b_query_after"": 4.555431842803955, ""fold_b_utility"": -1.5503411293029785, ""harm_lcb_max"": -0.056394369108602405, ""harm_mean"": -0.054398877546191216, ""harm_se_mean"": 0.0010508993873372674, ""harm_ucb_max"": -0.052210136549547315, ""local_trainability"": -0.013162612915039062, ""query_after"": 4.581871747970581, ""query_before"": 4.568709135055542, ""system_utility"": -1.5091439485549927}, ""default"": {""feasible_both"": true, ""fold_a_harm"": -0.04633293300867081, ""fold_a_lcb"": -0.05379332024604082, ""fold_a_query_after"": 3.0860323905944824, ""fold_a_utility"": 0.05433249473571777, ""fold_b_harm"": -0.046735141426324844, ""fold_b_lcb"": -0.053763989508152005, ""fold_b_query_after"": 2.9411308765411377, ""fold_b_utility"": 0.06395983695983887, ""harm_lcb_max"": -0.053763989508152005, ""harm_mean"": -0.046534037217497826, ""harm_se_mean"": 0.0036962334997951984, ""harm_ucb_max"": -0.038872545771300795, ""local_trainability"": 0.05914616584777832, ""query_after"": 3.01358163356781, ""query_before"": 3.0727277994155884, ""system_utility"": 0.05914616584777832}}, ""status"": ""ok"", ""statusquo_loss"": 3.0727277994155884}, ""utility_status"": ""ok""}"
38,A2,A,2,default,reuse,safe_existing_reuse,3.142430305480957,2,True,294912,1299610,0,68607207,649805,10396912,602,17.103488221764565,496975872,0.0,12.751085856929421,2.286295725032687,3.0870747566223145,-1.2397444248199463,0.05154597759246826,-1.2912904024124146,False,,"{""best_reuse"": ""default"", ""best_reuse_utility"": 0.05154597759246826, ""decision"": ""reuse"", ""fresh_advantage"": -1.2912904024124146, ""fresh_positive"": false, ""fresh_utility"": -1.2397444248199463, ""full_batch_guards"": {""adapter_1"": {""crossfit_feasible"": true, ""crossfit_utility"": -1.5621755123138428, ""crossfit_utility_positive"": false, ""full_batch_cur_after"": 4.628653526306152, ""full_batch_cur_before"": 4.632808685302734, ""full_batch_gain"": 0.004155158996582031, ""full_batch_harm"": -0.05357321351766586, ""full_batch_harm_lcb"": -0.0555867021670565, ""full_batch_harm_se"": 0.0010272901272401214, ""full_batch_harm_ucb"": -0.051559724868275224, ""full_batch_safe"": true}, ""default"": {""crossfit_feasible"": true, ""crossfit_utility"": 0.05154597759246826, ""crossfit_utility_positive"": true, ""full_batch_cur_after"": 3.0275015830993652, ""full_batch_cur_before"": 3.0870747566223145, ""full_batch_gain"": 0.05957317352294922, ""full_batch_harm"": -0.04541681334376335, ""full_batch_harm_lcb"": -0.05292829057201743, ""full_batch_harm_se"": 0.003832386340945959, ""full_batch_harm_ucb"": -0.037905336115509274, ""full_batch_safe"": true}}, ""guarded_best_reuse"": ""default"", ""num_adapters"": 2, ""pending_after"": false, ""pending_before"": false, ""policy_version"": ""cau_v1"", ""reason"": ""safe_existing_reuse"", ""utility"": {""batch_n"": 16, ""best_reuse"": ""default"", ""best_reuse_query_after"": 3.035528779029846, ""best_reuse_utility"": 0.05154597759246826, ""defer_utility"": 0.0, ""fold_a_fresh_utility"": -1.2889838218688965, ""fold_a_query_n"": 8, ""fold_a_support_n"": 8, ""fold_b_fresh_utility"": -1.190505027770996, ""fold_b_query_n"": 8, ""fold_b_support_n"": 8, ""fresh_advantage"": -1.2912904024124146, ""fresh_local_trainability"": 0.03490161895751953, ""fresh_positive"": false, ""fresh_query_after"": 4.326819181442261, ""fresh_query_before"": 4.36172080039978, ""fresh_utility"": -1.2397444248199463, ""reuse_profiles"": {""adapter_1"": {""feasible_both"": true, ""fold_a_harm"": -0.05422299727797508, ""fold_a_lcb"": -0.05633346148766577, ""fold_a_query_after"": 4.609236240386963, ""fold_a_utility"": -1.6051983833312988, ""fold_b_harm"": -0.05465167760848999, ""fold_b_lcb"": -0.056615893901325764, ""fold_b_query_after"": 4.689264297485352, ""fold_b_utility"": -1.5191526412963867, ""harm_lcb_max"": -0.05633346148766577, ""harm_mean"": -0.054437337443232536, ""harm_se_mean"": 0.0010394593118689954, ""harm_ucb_max"": -0.052112533068284395, ""local_trainability"": -0.016441822052001953, ""query_after"": 4.649250268936157, ""query_before"": 4.632808446884155, ""system_utility"": -1.5621755123138428}, ""default"": {""feasible_both"": true, ""fold_a_harm"": -0.04513542726635933, ""fold_a_lcb"": -0.052289249002933504, ""fold_a_query_after"": 2.947258710861206, ""fold_a_utility"": 0.05677914619445801, ""fold_b_harm"": -0.04372236505150795, ""fold_b_lcb"": -0.05125518978573382, ""fold_b_query_after"": 3.1237988471984863, ""fold_b_utility"": 0.046312808990478516, ""harm_lcb_max"": -0.05125518978573382, ""harm_mean"": -0.04442889615893364, ""harm_se_mean"": 0.0037465934874489903, ""harm_ucb_max"": -0.03618954031728208, ""local_trainability"": 0.05154597759246826, ""query_after"": 3.035528779029846, ""query_before"": 3.0870747566223145, ""system_utility"": 0.05154597759246826}}, ""status"": ""ok"", ""statusquo_loss"": 3.0870747566223145}, ""utility_status"": ""ok""}"
39,A2,A,2,default,reuse,safe_existing_reuse,3.0345399379730225,2,True,294912,1299610,0,68607207,649805,10396912,618,17.76403078250587,496975872,0.0,13.406454119831324,2.286295725032687,2.971993923187256,-1.3171896934509277,0.05265510082244873,-1.3698447942733765,False,,"{""best_reuse"": ""default"", ""best_reuse_utility"": 0.05265510082244873, ""decision"": ""reuse"", ""fresh_advantage"": -1.3698447942733765, ""fresh_positive"": false, ""fresh_utility"": -1.3171896934509277, ""full_batch_guards"": {""adapter_1"": {""crossfit_feasible"": true, ""crossfit_utility"": -1.6503491401672363, ""crossfit_utility_positive"": false, ""full_batch_cur_after"": 4.600685119628906, ""full_batch_cur_before"": 4.6034040451049805, ""full_batch_gain"": 0.0027189254760742188, ""full_batch_harm"": -0.05364857614040375, ""full_batch_harm_lcb"": -0.055753837754018605, ""full_batch_harm_se"": 0.0010741130681708455, ""full_batch_harm_ucb"": -0.05154331452678889, ""full_batch_safe"": true}, ""default"": {""crossfit_feasible"": true, ""crossfit_utility"": 0.05265510082244873, ""crossfit_utility_positive"": true, ""full_batch_cur_after"": 2.9105453491210938, ""full_batch_cur_before"": 2.971993923187256, ""full_batch_gain"": 0.06144857406616211, ""full_batch_harm"": -0.04498393461108208, ""full_batch_harm_lcb"": -0.05250164829194546, ""full_batch_harm_se"": 0.003835568204522133, ""full_batch_harm_ucb"": -0.037466220930218695, ""full_batch_safe"": true}}, ""guarded_best_reuse"": ""default"", ""num_adapters"": 2, ""pending_after"": false, ""pending_before"": false, ""policy_version"": ""cau_v1"", ""reason"": ""safe_existing_reuse"", ""utility"": {""batch_n"": 16, ""best_reuse"": ""default"", ""best_reuse_query_after"": 2.919338822364807, ""best_reuse_utility"": 0.05265510082244873, ""defer_utility"": 0.0, ""fold_a_fresh_utility"": -1.2605195045471191, ""fold_a_query_n"": 8, ""fold_a_support_n"": 8, ""fold_b_fresh_utility"": -1.3738598823547363, ""fold_b_query_n"": 8, ""fold_b_support_n"": 8, ""fresh_advantage"": -1.3698447942733765, ""fresh_local_trainability"": 0.027971982955932617, ""fresh_positive"": false, ""fresh_query_after"": 4.289183616638184, ""fresh_query_before"": 4.317155599594116, ""fresh_utility"": -1.3171896934509277, ""reuse_profiles"": {""adapter_1"": {""feasible_both"": true, ""fold_a_harm"": -0.05454806610941887, ""fold_a_lcb"": -0.05665286452975124, ""fold_a_query_after"": 4.614409446716309, ""fold_a_utility"": -1.5925202369689941, ""fold_b_harm"": -0.05498623102903366, ""fold_b_lcb"": -0.0570070554735139, ""fold_b_query_after"": 4.630276679992676, ""fold_b_utility"": -1.7081780433654785, ""harm_lcb_max"": -0.05665286452975124, ""harm_mean"": -0.054767148569226265, ""harm_se_mean"": 0.001052454812452197, ""harm_ucb_max"": -0.0524432676890865, ""local_trainability"": -0.01893925666809082, ""query_after"": 4.622343063354492, ""query_before"": 4.603403806686401, ""system_utility"": -1.6503491401672363}, ""default"": {""feasible_both"": true, ""fold_a_harm"": -0.044338930398225784, ""fold_a_lcb"": -0.051873784055933354, ""fold_a_query_after"": 2.9714674949645996, ""fold_a_utility"": 0.050421714782714844, ""fold_b_harm"": -0.04356589540839195, ""fold_b_lcb"": -0.0507146954908967, ""fold_b_query_after"": 2.8672101497650146, ""fold_b_utility"": 0.05488848686218262, ""harm_lcb_max"": -0.0507146954908967, ""harm_mean"": -0.04395241290330887, ""harm_se_mean"": 0.0037458300357684493, ""harm_ucb_max"": -0.0364170953258872, ""local_trainability"": 0.05265510082244873, ""query_after"": 2.919338822364807, ""query_before"": 2.971993923187256, ""system_utility"": 0.05265510082244873}}, ""status"": ""ok"", ""statusquo_loss"": 2.971993923187256}, ""utility_status"": ""ok""}"
40,A2,A,2,default,reuse,safe_existing_reuse,2.9987287521362305,2,True,294912,1299610,0,68607207,649805,10396912,634,18.27720859274268,496975872,0.0,13.914052866399288,2.286295725032687,2.938768148422241,-1.3509900569915771,0.05268359184265137,-1.4036736488342285,False,,"{""best_reuse"": ""default"", ""best_reuse_utility"": 0.05268359184265137, ""decision"": ""reuse"", ""fresh_advantage"": -1.4036736488342285, ""fresh_positive"": false, ""fresh_utility"": -1.3509900569915771, ""full_batch_guards"": {""adapter_1"": {""crossfit_feasible"": true, ""crossfit_utility"": -1.690659999847412, ""crossfit_utility_positive"": false, ""full_batch_cur_after"": 4.613094806671143, ""full_batch_cur_before"": 4.615688323974609, ""full_batch_gain"": 0.002593517303466797, ""full_batch_harm"": -0.053298886865377426, ""full_batch_harm_lcb"": -0.055428843526169655, ""full_batch_harm_se"": 0.0010867125820368528, ""full_batch_harm_ucb"": -0.0511689302045852, ""full_batch_safe"": true}, ""default"": {""crossfit_feasible"": true, ""crossfit_utility"": 0.05268359184265137, ""crossfit_utility_positive"": true, ""full_batch_cur_after"": 2.8799800872802734, ""full_batch_cur_before"": 2.938767910003662, ""full_batch_gain"": 0.05878782272338867, ""full_batch_harm"": -0.04443223029375076, ""full_batch_harm_lcb"": -0.05226875968277454, ""full_batch_harm_se"": 0.003998229280114174, ""full_batch_harm_ucb"": -0.03659570090472698, ""full_batch_safe"": true}}, ""guarded_best_reuse"": ""default"", ""num_adapters"": 2, ""pending_after"": false, ""pending_before"": false, ""policy_version"": ""cau_v1"", ""reason"": ""safe_existing_reuse"", ""utility"": {""batch_n"": 16, ""best_reuse"": ""default"", ""best_reuse_query_after"": 2.88608455657959, ""best_reuse_utility"": 0.05268359184265137, ""defer_utility"": 0.0, ""fold_a_fresh_utility"": -1.3436741828918457, ""fold_a_query_n"": 8, ""fold_a_support_n"": 8, ""fold_b_fresh_utility"": -1.3583059310913086, ""fold_b_query_n"": 8, ""fold_b_support_n"": 8, ""fresh_advantage"": -1.4036736488342285, ""fresh_local_trainability"": 0.03980135917663574, ""fresh_positive"": false, ""fresh_query_after"": 4.289758205413818, ""fresh_query_before"": 4.329559564590454, ""fresh_utility"": -1.3509900569915771, ""reuse_profiles"": {""adapter_1"": {""feasible_both"": true, ""fold_a_harm"": -0.05453724041581154, ""fold_a_lcb"": -0.05663011948112398, ""fold_a_query_after"": 4.635393142700195, ""fold_a_utility"": -1.691272258758545, ""fold_b_harm"": -0.05360960587859154, ""fold_b_lcb"": -0.05572164722718299, ""fold_b_query_after"": 4.623463153839111, ""fold_b_utility"": -1.6900477409362793, ""harm_lcb_max"": -0.05572164722718299, ""harm_mean"": -0.05407342314720154, ""harm_se_mean"": 0.0010726837790571153, ""harm_ucb_max"": -0.05149756453000009, ""local_trainability"": -0.013739585876464844, ""query_after"": 4.629428148269653, ""query_before"": 4.6156885623931885, ""system_utility"": -1.690659999847412}, ""default"": {""feasible_both"": true, ""fold_a_harm"": -0.042953018099069595, ""fold_a_lcb"": -0.05085297713056207, ""fold_a_query_after"": 2.897915840148926, ""fold_a_utility"": 0.04620504379272461, ""fold_b_harm"": -0.04379912093281746, ""fold_b_lcb"": -0.05125731085427106, ""fold_b_query_after"": 2.874253273010254, ""fold_b_utility"": 0.059162139892578125, ""harm_lcb_max"": -0.05085297713056207, ""harm_mean"": -0.04337606951594353, ""harm_se_mean"": 0.00391789514105767, ""harm_ucb_max"": -0.03505305906757712, ""local_trainability"": 0.05268359184265137, ""query_after"": 2.88608455657959, ""query_before"": 2.938768148422241, ""system_utility"": 0.05268359184265137}}, ""status"": ""ok"", ""statusquo_loss"": 2.938768148422241}, ""utility_status"": ""ok""}"
41,A2,A,2,default,reuse,safe_existing_reuse,2.922489643096924,2,True,294912,1299610,0,68607207,649805,10396912,650,18.85264660604298,496975872,0.0,14.48297874443233,2.286295725032687,2.893167495727539,-1.3754782676696777,0.05527853965759277,-1.4307568073272705,False,,"{""best_reuse"": ""default"", ""best_reuse_utility"": 0.05527853965759277, ""decision"": ""reuse"", ""fresh_advantage"": -1.4307568073272705, ""fresh_positive"": false, ""fresh_utility"": -1.3754782676696777, ""full_batch_guards"": {""adapter_1"": {""crossfit_feasible"": true, ""crossfit_utility"": -1.766481876373291, ""crossfit_utility_positive"": false, ""full_batch_cur_after"": 4.6478681564331055, ""full_batch_cur_before"": 4.651780128479004, ""full_batch_gain"": 0.0039119720458984375, ""full_batch_harm"": -0.05420783907175064, ""full_batch_harm_lcb"": -0.05618295386899263, ""full_batch_harm_se"": 0.0010077116312459111, ""full_batch_harm_ucb"": -0.05223272427450865, ""full_batch_safe"": true}, ""default"": {""crossfit_feasible"": true, ""crossfit_utility"": 0.05527853965759277, ""crossfit_utility_positive"": true, ""full_batch_cur_after"": 2.8328933715820312, ""full_batch_cur_before"": 2.893167495727539, ""full_batch_gain"": 0.06027412414550781, ""full_batch_harm"": -0.04069910943508148, ""full_batch_harm_lcb"": -0.0487733706086874, ""full_batch_harm_se"": 0.004119521006941795, ""full_batch_harm_ucb"": -0.03262484826147556, ""full_batch_safe"": true}}, ""guarded_best_reuse"": ""default"", ""num_adapters"": 2, ""pending_after"": false, ""pending_before"": false, ""policy_version"": ""cau_v1"", ""reason"": ""safe_existing_reuse"", ""utility"": {""batch_n"": 16, ""best_reuse"": ""default"", ""best_reuse_query_after"": 2.8378889560699463, ""best_reuse_utility"": 0.05527853965759277, ""defer_utility"": 0.0, ""fold_a_fresh_utility"": -1.3819870948791504, ""fold_a_query_n"": 8, ""fold_a_support_n"": 8, ""fold_b_fresh_utility"": -1.368969440460205, ""fold_b_query_n"": 8, ""fold_b_support_n"": 8, ""fresh_advantage"": -1.4307568073272705, ""fresh_local_trainability"": 0.06222033500671387, ""fresh_positive"": false, ""fresh_query_after"": 4.268645763397217, ""fresh_query_before"": 4.330866098403931, ""fresh_utility"": -1.3754782676696777, ""reuse_profiles"": {""adapter_1"": {""feasible_both"": true, ""fold_a_harm"": -0.05466190353035927, ""fold_a_lcb"": -0.056654315060004595, ""fold_a_query_after"": 4.662757873535156, ""fold_a_utility"": -1.78267240524292, ""fold_b_harm"": -0.05481058359146118, ""fold_b_lcb"": -0.056781434500589964, ""fold_b_query_after"": 4.656540870666504, ""fold_b_utility"": -1.750291347503662, ""harm_lcb_max"": -0.056654315060004595, ""harm_mean"": -0.054736243560910225, ""harm_se_mean"": 0.0010110363364219666, ""harm_ucb_max"": -0.05266949200071394, ""local_trainability"": -0.007869482040405273, ""query_after"": 4.65964937210083, ""query_before"": 4.651779890060425, ""system_utility"": -1.766481876373291}, ""default"": {""feasible_both"": true, ""fold_a_harm"": -0.04009164124727249, ""fold_a_lcb"": -0.048051801715046166, ""fold_a_query_after"": 2.823659896850586, ""fold_a_utility"": 0.05642557144165039, ""fold_b_harm"": -0.040317729115486145, ""fold_b_lcb"": -0.048285805396735666, ""fold_b_query_after"": 2.8521180152893066, ""fold_b_utility"": 0.054131507873535156, ""harm_lcb_max"": -0.048051801715046166, ""harm_mean"": -0.04020468518137932, ""harm_se_mean"": 0.004063325701281428, ""harm_ucb_max"": -0.03213148077949882, ""local_trainability"": 0.05527853965759277, ""query_after"": 2.8378889560699463, ""query_before"": 2.893167495727539, ""system_utility"": 0.05527853965759277}}, ""status"": ""ok"", ""statusquo_loss"": 2.893167495727539}, ""utility_status"": ""ok""}"
42,A2,A,2,default,reuse,safe_existing_reuse,3.0036349296569824,2,True,294912,1299610,0,68607207,649805,10396912,666,19.371027898043394,496975872,0.0,14.995922297239304,2.286295725032687,2.90229332447052,-1.423510193824768,0.03883075714111328,-1.4623409509658813,False,,"{""best_reuse"": ""default"", ""best_reuse_utility"": 0.03883075714111328, ""decision"": ""reuse"", ""fresh_advantage"": -1.4623409509658813, ""fresh_positive"": false, ""fresh_utility"": -1.423510193824768, ""full_batch_guards"": {""adapter_1"": {""crossfit_feasible"": true, ""crossfit_utility"": -1.7298227548599243, ""crossfit_utility_positive"": false, ""full_batch_cur_after"": 4.606410026550293, ""full_batch_cur_before"": 4.608921051025391, ""full_batch_gain"": 0.0025110244750976562, ""full_batch_harm"": -0.05312364920973778, ""full_batch_harm_lcb"": -0.05524350072722882, ""full_batch_harm_se"": 0.0010815568966791034, ""full_batch_harm_ucb"": -0.051003797692246736, ""full_batch_safe"": true}, ""default"": {""crossfit_feasible"": true, ""crossfit_utility"": 0.03883075714111328, ""crossfit_utility_positive"": true, ""full_batch_cur_after"": 2.8538405895233154, ""full_batch_cur_before"": 2.9022932052612305, ""full_batch_gain"": 0.04845261573791504, ""full_batch_harm"": -0.03882706165313721, ""full_batch_harm_lcb"": -0.04674942098557949, ""full_batch_harm_se"": 0.004042020067572594, ""full_batch_harm_ucb"": -0.03090470232069492, ""full_batch_safe"": true}}, ""guarded_best_reuse"": ""default"", ""num_adapters"": 2, ""pending_after"": false, ""pending_before"": false, ""policy_version"": ""cau_v1"", ""reason"": ""safe_existing_reuse"", ""utility"": {""batch_n"": 16, ""best_reuse"": ""default"", ""best_reuse_query_after"": 2.8634625673294067, ""best_reuse_utility"": 0.03883075714111328, ""defer_utility"": 0.0, ""fold_a_fresh_utility"": -1.3897089958190918, ""fold_a_query_n"": 8, ""fold_a_support_n"": 8, ""fold_b_fresh_utility"": -1.4573113918304443, ""fold_b_query_n"": 8, ""fold_b_support_n"": 8, ""fresh_advantage"": -1.4623409509658813, ""fresh_local_trainability"": 0.013919353485107422, ""fresh_positive"": false, ""fresh_query_after"": 4.325803518295288, ""fresh_query_before"": 4.3397228717803955, ""fresh_utility"": -1.423510193824768, ""reuse_profiles"": {""adapter_1"": {""feasible_both"": true, ""fold_a_harm"": -0.05478331446647644, ""fold_a_lcb"": -0.05690445311367512, ""fold_a_query_after"": 4.6376519203186035, ""fold_a_utility"": -1.7100138664245605, ""fold_b_harm"": -0.054661404341459274, ""fold_b_lcb"": -0.0566825993405655, ""fold_b_query_after"": 4.626580238342285, ""fold_b_utility"": -1.749631643295288, ""harm_lcb_max"": -0.0566825993405655, ""harm_mean"": -0.05472235940396786, ""harm_se_mean"": 0.0010567177669145167, ""harm_ucb_max"": -0.05264020934235305, ""local_trainability"": -0.02319502830505371, ""query_after"": 4.632116079330444, ""query_before"": 4.608921051025391, ""system_utility"": -1.7298227548599243}, ""default"": {""feasible_both"": true, ""fold_a_harm"": -0.037507906556129456, ""fold_a_lcb"": -0.0452342826500535, ""fold_a_query_after"": 2.8830535411834717, ""fold_a_utility"": 0.04458451271057129, ""fold_b_harm"": -0.03746417909860611, ""fold_b_lcb"": -0.04538610216230154, ""fold_b_query_after"": 2.843871593475342, ""fold_b_utility"": 0.03307700157165527, ""harm_lcb_max"": -0.0452342826500535, ""harm_mean"": -0.03748604282736778, ""harm_se_mean"": 0.003991913050413132, ""harm_ucb_max"": -0.02954225603491068, ""local_trainability"": 0.03883075714111328, ""query_after"": 2.8634625673294067, ""query_before"": 2.90229332447052, ""system_utility"": 0.03883075714111328}}, ""status"": ""ok"", ""statusquo_loss"": 2.90229332447052}, ""utility_status"": ""ok""}"
43,A2,A,2,default,reuse,safe_existing_reuse,2.855518341064453,2,True,294912,1299610,0,68607207,649805,10396912,682,19.941349484026432,496975872,0.0,15.558983642607927,2.286295725032687,2.8157804012298584,-1.4798352718353271,0.04090893268585205,-1.5207442045211792,False,,"{""best_reuse"": ""default"", ""best_reuse_utility"": 0.04090893268585205, ""decision"": ""reuse"", ""fresh_advantage"": -1.5207442045211792, ""fresh_positive"": false, ""fresh_utility"": -1.4798352718353271, ""full_batch_guards"": {""adapter_1"": {""crossfit_feasible"": true, ""crossfit_utility"": -1.7883899211883545, ""crossfit_utility_positive"": false, ""full_batch_cur_after"": 4.5912322998046875, ""full_batch_cur_before"": 4.59619140625, ""full_batch_gain"": 0.0049591064453125, ""full_batch_harm"": -0.05381622537970543, ""full_batch_harm_lcb"": -0.05575566995888948, ""full_batch_harm_se"": 0.0009895125404000282, ""full_batch_harm_ucb"": -0.051876780800521376, ""full_batch_safe"": true}, ""default"": {""crossfit_feasible"": true, ""crossfit_utility"": 0.04090893268585205, ""crossfit_utility_positive"": true, ""full_batch_cur_after"": 2.7695348262786865, ""full_batch_cur_before"": 2.8157804012298584, ""full_batch_gain"": 0.046245574951171875, ""full_batch_harm"": -0.03486032783985138, ""full_batch_harm_lcb"": -0.04252894852310419, ""full_batch_harm_se"": 0.003912561573088169, ""full_batch_harm_ucb"": -0.02719170715659857, ""full_batch_safe"": true}}, ""guarded_best_reuse"": ""default"", ""num_adapters"": 2, ""pending_after"": false, ""pending_before"": false, ""policy_version"": ""cau_v1"", ""reason"": ""safe_existing_reuse"", ""utility"": {""batch_n"": 16, ""best_reuse"": ""default"", ""best_reuse_query_after"": 2.7748714685440063, ""best_reuse_utility"": 0.04090893268585205, ""defer_utility"": 0.0, ""fold_a_fresh_utility"": -1.4760236740112305, ""fold_a_query_n"": 8, ""fold_a_support_n"": 8, ""fold_b_fresh_utility"": -1.4836468696594238, ""fold_b_query_n"": 8, ""fold_b_support_n"": 8, ""fresh_advantage"": -1.5207442045211792, ""fresh_local_trainability"": 0.05144071578979492, ""fresh_positive"": false, ""fresh_query_after"": 4.2956156730651855, ""fresh_query_before"": 4.3470563888549805, ""fresh_utility"": -1.4798352718353271, ""reuse_profiles"": {""adapter_1"": {""feasible_both"": true, ""fold_a_harm"": -0.05467185378074646, ""fold_a_lcb"": -0.05665544478688389, ""fold_a_query_after"": 4.600137233734131, ""fold_a_utility"": -1.7998881340026855, ""fold_b_harm"": -0.054559312760829926, ""fold_b_lcb"": -0.056477778335101904, ""fold_b_query_after"": 4.608203411102295, ""fold_b_utility"": -1.7768917083740234, ""harm_lcb_max"": -0.056477778335101904, ""harm_mean"": -0.05461558327078819, ""harm_se_mean"": 0.0009954225970432162, ""harm_ucb_max"": -0.05264084718655795, ""local_trainability"": -0.007978439331054688, ""query_after"": 4.604170322418213, ""query_before"": 4.596191883087158, ""system_utility"": -1.7883899211883545}, ""default"": {""feasible_both"": true, ""fold_a_harm"": -0.034867219626903534, ""fold_a_lcb"": -0.0425045754481107, ""fold_a_query_after"": 2.758317470550537, ""fold_a_utility"": 0.0419316291809082, ""fold_b_harm"": -0.03412169963121414, ""fold_b_lcb"": -0.04186037065461278, ""fold_b_query_after"": 2.7914254665374756, ""fold_b_utility"": 0.0398862361907959, ""harm_lcb_max"": -0.04186037065461278, ""harm_mean"": -0.03449445962905884, ""harm_se_mean"": 0.003922455827705562, ""harm_ucb_max"": -0.026383028607815502, ""local_trainability"": 0.04090893268585205, ""query_after"": 2.7748714685440063, ""query_before"": 2.8157804012298584, ""system_utility"": 0.04090893268585205}}, ""status"": ""ok"", ""statusquo_loss"": 2.8157804012298584}, ""utility_status"": ""ok""}"
44,A2,A,2,default,reuse,safe_existing_reuse,2.7705729007720947,2,True,294912,1299610,0,68607207,649805,10396912,698,20.480206003412604,496975872,0.0,16.09126947633922,2.286295725032687,2.7128721475601196,-1.604805827140808,0.03316962718963623,-1.6379754543304443,False,,"{""best_reuse"": ""default"", ""best_reuse_utility"": 0.03316962718963623, ""decision"": ""reuse"", ""fresh_advantage"": -1.6379754543304443, ""fresh_positive"": false, ""fresh_utility"": -1.604805827140808, ""full_batch_guards"": {""adapter_1"": {""crossfit_feasible"": true, ""crossfit_utility"": -1.9011811017990112, ""crossfit_utility_positive"": false, ""full_batch_cur_after"": 4.58995246887207, ""full_batch_cur_before"": 4.595028877258301, ""full_batch_gain"": 0.005076408386230469, ""full_batch_harm"": -0.05296176299452782, ""full_batch_harm_lcb"": -0.055132119464688004, ""full_batch_harm_se"": 0.0011073247296735644, ""full_batch_harm_ucb"": -0.05079140652436763, ""full_batch_safe"": true}, ""default"": {""crossfit_feasible"": true, ""crossfit_utility"": 0.03316962718963623, ""crossfit_utility_positive"": true, ""full_batch_cur_after"": 2.669722080230713, ""full_batch_cur_before"": 2.712871789932251, ""full_batch_gain"": 0.043149709701538086, ""full_batch_harm"": -0.03207812085747719, ""full_batch_harm_lcb"": -0.03975178875029087, ""full_batch_harm_se"": 0.003915136680006981, ""full_batch_harm_ucb"": -0.024404452964663505, ""full_batch_safe"": true}}, ""guarded_best_reuse"": ""default"", ""num_adapters"": 2, ""pending_after"": false, ""pending_before"": false, ""policy_version"": ""cau_v1"", ""reason"": ""safe_existing_reuse"", ""utility"": {""batch_n"": 16, ""best_reuse"": ""default"", ""best_reuse_query_after"": 2.6797025203704834, ""best_reuse_utility"": 0.03316962718963623, ""defer_utility"": 0.0, ""fold_a_fresh_utility"": -1.5957746505737305, ""fold_a_query_n"": 8, ""fold_a_support_n"": 8, ""fold_b_fresh_utility"": -1.6138370037078857, ""fold_b_query_n"": 8, ""fold_b_support_n"": 8, ""fresh_advantage"": -1.6379754543304443, ""fresh_local_trainability"": 0.02700042724609375, ""fresh_positive"": false, ""fresh_query_after"": 4.317677974700928, ""fresh_query_before"": 4.3446784019470215, ""fresh_utility"": -1.604805827140808, ""reuse_profiles"": {""adapter_1"": {""feasible_both"": true, ""fold_a_harm"": -0.05448344349861145, ""fold_a_lcb"": -0.056445155581459405, ""fold_a_query_after"": 4.595006942749023, ""fold_a_utility"": -1.8750009536743164, ""fold_b_harm"": -0.0546179935336113, ""fold_b_lcb"": -0.05682109685614705, ""fold_b_query_after"": 4.633099555969238, ""fold_b_utility"": -1.927361249923706, ""harm_lcb_max"": -0.056445155581459405, ""harm_mean"": -0.054550718516111374, ""harm_se_mean"": 0.0010624529095366597, ""harm_ucb_max"": -0.052414890211075545, ""local_trainability"": -0.01902484893798828, ""query_after"": 4.614053249359131, ""query_before"": 4.595028400421143, ""system_utility"": -1.9011811017990112}, ""default"": {""feasible_both"": true, ""fold_a_harm"": -0.03041122853755951, ""fold_a_lcb"": -0.03813059877604246, ""fold_a_query_after"": 2.6890153884887695, ""fold_a_utility"": 0.0309906005859375, ""fold_b_harm"": -0.032127100974321365, ""fold_b_lcb"": -0.03977516043931246, ""fold_b_query_after"": 2.6703896522521973, ""fold_b_utility"": 0.03534865379333496, ""harm_lcb_max"": -0.03813059877604246, ""harm_mean"": -0.03126916475594044, ""harm_se_mean"": 0.0039202626794576645, ""harm_ucb_max"": -0.022691858299076557, ""local_trainability"": 0.03316962718963623, ""query_after"": 2.6797025203704834, ""query_before"": 2.7128721475601196, ""system_utility"": 0.03316962718963623}}, ""status"": ""ok"", ""statusquo_loss"": 2.7128721475601196}, ""utility_status"": ""ok""}"
45,A2,A,2,default,reuse,safe_existing_reuse,2.7944836616516113,2,True,294912,1299610,0,68607207,649805,10396912,714,20.99538729339838,496975872,0.0,16.59823195077479,2.286295725032687,2.75544810295105,-1.5525667667388916,0.03232765197753906,-1.5848944187164307,False,,"{""best_reuse"": ""default"", ""best_reuse_utility"": 0.03232765197753906, ""decision"": ""reuse"", ""fresh_advantage"": -1.5848944187164307, ""fresh_positive"": false, ""fresh_utility"": -1.5525667667388916, ""full_batch_guards"": {""adapter_1"": {""crossfit_feasible"": true, ""crossfit_utility"": -1.8285319805145264, ""crossfit_utility_positive"": false, ""full_batch_cur_after"": 4.559262275695801, ""full_batch_cur_before"": 4.564933776855469, ""full_batch_gain"": 0.005671501159667969, ""full_batch_harm"": -0.053682032972574234, ""full_batch_harm_lcb"": -0.055732250795699656, ""full_batch_harm_se"": 0.001046029501594603, ""full_batch_harm_ucb"": -0.05163181514944881, ""full_batch_safe"": true}, ""default"": {""crossfit_feasible"": true, ""crossfit_utility"": 0.03232765197753906, ""crossfit_utility_positive"": true, ""full_batch_cur_after"": 2.7135915756225586, ""full_batch_cur_before"": 2.755448341369629, ""full_batch_gain"": 0.04185676574707031, ""full_batch_harm"": -0.028471875935792923, ""full_batch_harm_lcb"": -0.03598264308646321, ""full_batch_harm_se"": 0.0038320240564644337, ""full_batch_harm_ucb"": -0.020961108785122633, ""full_batch_safe"": true}}, ""guarded_best_reuse"": ""default"", ""num_adapters"": 2, ""pending_after"": false, ""pending_before"": false, ""policy_version"": ""cau_v1"", ""reason"": ""safe_existing_reuse"", ""utility"": {""batch_n"": 16, ""best_reuse"": ""default"", ""best_reuse_query_after"": 2.7231204509735107, ""best_reuse_utility"": 0.03232765197753906, ""defer_utility"": 0.0, ""fold_a_fresh_utility"": -1.6037874221801758, ""fold_a_query_n"": 8, ""fold_a_support_n"": 8, ""fold_b_fresh_utility"": -1.5013461112976074, ""fold_b_query_n"": 8, ""fold_b_support_n"": 8, ""fresh_advantage"": -1.5848944187164307, ""fresh_local_trainability"": 0.02111506462097168, ""fresh_positive"": false, ""fresh_query_after"": 4.308014869689941, ""fresh_query_before"": 4.329129934310913, ""fresh_utility"": -1.5525667667388916, ""reuse_profiles"": {""adapter_1"": {""feasible_both"": true, ""fold_a_harm"": -0.054677579551935196, ""fold_a_lcb"": -0.05672350838780403, ""fold_a_query_after"": 4.534259796142578, ""fold_a_utility"": -1.870765209197998, ""fold_b_harm"": -0.05473284423351288, ""fold_b_lcb"": -0.05673740488942713, ""fold_b_query_after"": 4.633700370788574, ""fold_b_utility"": -1.7862987518310547, ""harm_lcb_max"": -0.05672350838780403, ""harm_mean"": -0.05470521189272404, ""harm_se_mean"": 0.0010332881356589496, ""harm_ucb_max"": -0.05263165071606636, ""local_trainability"": -0.01904606819152832, ""query_after"": 4.583980083465576, ""query_before"": 4.564934015274048, ""system_utility"": -1.8285319805145264}, ""default"": {""feasible_both"": true, ""fold_a_harm"": -0.02757488191127777, ""fold_a_lcb"": -0.03490434882231057, ""fold_a_query_after"": 2.630577564239502, ""fold_a_utility"": 0.032917022705078125, ""fold_b_harm"": -0.0282285176217556, ""fold_b_lcb"": -0.03576713752001524, ""fold_b_query_after"": 2.8156633377075195, ""fold_b_utility"": 0.03173828125, ""harm_lcb_max"": -0.03490434882231057, ""harm_mean"": -0.027901699766516685, ""harm_se_mean"": 0.003792879288084805, ""harm_ucb_max"": -0.020245415000244973, ""local_trainability"": 0.03232765197753906, ""query_after"": 2.7231204509735107, ""query_before"": 2.75544810295105, ""system_utility"": 0.03232765197753906}}, ""status"": ""ok"", ""statusquo_loss"": 2.75544810295105}, ""utility_status"": ""ok""}"
46,A2,A,2,default,reuse,safe_existing_reuse,2.7156949043273926,2,True,294912,1299610,0,68607207,649805,10396912,730,21.492615880444646,496975872,0.0,17.089893653988838,2.286295725032687,2.6418408155441284,-1.6511188745498657,0.03802144527435303,-1.6891403198242188,False,,"{""best_reuse"": ""default"", ""best_reuse_utility"": 0.03802144527435303, ""decision"": ""reuse"", ""fresh_advantage"": -1.6891403198242188, ""fresh_positive"": false, ""fresh_utility"": -1.6511188745498657, ""full_batch_guards"": {""adapter_1"": {""crossfit_feasible"": true, ""crossfit_utility"": -1.9668725728988647, ""crossfit_utility_positive"": false, ""full_batch_cur_after"": 4.594169616699219, ""full_batch_cur_before"": 4.599040985107422, ""full_batch_gain"": 0.004871368408203125, ""full_batch_harm"": -0.05333418771624565, ""full_batch_harm_lcb"": -0.05531562110874802, ""full_batch_harm_se"": 0.0010109354043379426, ""full_batch_harm_ucb"": -0.05135275432374328, ""full_batch_safe"": true}, ""default"": {""crossfit_feasible"": true, ""crossfit_utility"": 0.03802144527435303, ""crossfit_utility_positive"": true, ""full_batch_cur_after"": 2.597628116607666, ""full_batch_cur_before"": 2.641840934753418, ""full_batch_gain"": 0.04421281814575195, ""full_batch_harm"": -0.025547076016664505, ""full_batch_harm_lcb"": -0.033341138567775486, ""full_batch_harm_se"": 0.003976562526077032, ""full_batch_harm_ucb"": -0.017753013465553524, ""full_batch_safe"": true}}, ""guarded_best_reuse"": ""default"", ""num_adapters"": 2, ""pending_after"": false, ""pending_before"": false, ""policy_version"": ""cau_v1"", ""reason"": ""safe_existing_reuse"", ""utility"": {""batch_n"": 16, ""best_reuse"": ""default"", ""best_reuse_query_after"": 2.6038193702697754, ""best_reuse_utility"": 0.03802144527435303, ""defer_utility"": 0.0, ""fold_a_fresh_utility"": -1.690371036529541, ""fold_a_query_n"": 8, ""fold_a_support_n"": 8, ""fold_b_fresh_utility"": -1.6118667125701904, ""fold_b_query_n"": 8, ""fold_b_support_n"": 8, ""fresh_advantage"": -1.6891403198242188, ""fresh_local_trainability"": 0.04504036903381348, ""fresh_positive"": false, ""fresh_query_after"": 4.292959690093994, ""fresh_query_before"": 4.338000059127808, ""fresh_utility"": -1.6511188745498657, ""reuse_profiles"": {""adapter_1"": {""feasible_both"": true, ""fold_a_harm"": -0.05498012900352478, ""fold_a_lcb"": -0.05716579001862556, ""fold_a_query_after"": 4.638126373291016, ""fold_a_utility"": -2.0190629959106445, ""fold_b_harm"": -0.05359600484371185, ""fold_b_lcb"": -0.0555108586512506, ""fold_b_query_after"": 4.579300403594971, ""fold_b_utility"": -1.914682149887085, ""harm_lcb_max"": -0.0555108586512506, ""harm_mean"": -0.05428806692361832, ""harm_se_mean"": 0.00104604969965294, ""harm_ucb_max"": -0.05168115103617311, ""local_trainability"": -0.00967264175415039, ""query_after"": 4.608713388442993, ""query_before"": 4.599040746688843, ""system_utility"": -1.9668725728988647}, ""default"": {""feasible_both"": true, ""fold_a_harm"": -0.02557370439171791, ""fold_a_lcb"": -0.033231014031916854, ""fold_a_query_after"": 2.58132266998291, ""fold_a_utility"": 0.03774070739746094, ""fold_b_harm"": -0.02488299459218979, ""fold_b_lcb"": -0.03257087681442499, ""fold_b_query_after"": 2.6263160705566406, ""fold_b_utility"": 0.03830218315124512, ""harm_lcb_max"": -0.03257087681442499, ""harm_mean"": -0.02522834949195385, ""harm_se_mean"": 0.003914589760825038, ""harm_ucb_max"": -0.017195112369954586, ""local_trainability"": 0.03802144527435303, ""query_after"": 2.6038193702697754, ""query_before"": 2.6418408155441284, ""system_utility"": 0.03802144527435303}}, ""status"": ""ok"", ""statusquo_loss"": 2.6418408155441284}, ""utility_status"": ""ok""}"
47,A2,A,2,default,reuse,safe_existing_reuse,2.78151798248291,2,True,294912,1299610,0,68607207,649805,10396912,746,21.99752502515912,496975872,0.0,17.588951906189322,2.286295725032687,2.7405123710632324,-1.5637001991271973,0.040252685546875,-1.6039528846740723,False,,"{""best_reuse"": ""default"", ""best_reuse_utility"": 0.040252685546875, ""decision"": ""reuse"", ""fresh_advantage"": -1.6039528846740723, ""fresh_positive"": false, ""fresh_utility"": -1.5637001991271973, ""full_batch_guards"": {""adapter_1"": {""crossfit_feasible"": true, ""crossfit_utility"": -1.9101722240447998, ""crossfit_utility_positive"": false, ""full_batch_cur_after"": 4.640671730041504, ""full_batch_cur_before"": 4.648181915283203, ""full_batch_gain"": 0.007510185241699219, ""full_batch_harm"": -0.05425071343779564, ""full_batch_harm_lcb"": -0.0563812099583447, ""full_batch_harm_se"": 0.0010869880206882954, ""full_batch_harm_ucb"": -0.05212021691724658, ""full_batch_safe"": true}, ""default"": {""crossfit_feasible"": true, ""crossfit_utility"": 0.040252685546875, ""crossfit_utility_positive"": true, ""full_batch_cur_after"": 2.696181297302246, ""full_batch_cur_before"": 2.7405123710632324, ""full_batch_gain"": 0.04433107376098633, ""full_batch_harm"": -0.0224701426923275, ""full_batch_harm_lcb"": -0.030454871114343404, ""full_batch_harm_se"": 0.004073841031640768, ""full_batch_harm_ucb"": -0.014485414270311595, ""full_batch_safe"": true}}, ""guarded_best_reuse"": ""default"", ""num_adapters"": 2, ""pending_after"": false, ""pending_before"": false, ""policy_version"": ""cau_v1"", ""reason"": ""safe_existing_reuse"", ""utility"": {""batch_n"": 16, ""best_reuse"": ""default"", ""best_reuse_query_after"": 2.7002596855163574, ""best_reuse_utility"": 0.040252685546875, ""defer_utility"": 0.0, ""fold_a_fresh_utility"": -1.5360534191131592, ""fold_a_query_n"": 8, ""fold_a_support_n"": 8, ""fold_b_fresh_utility"": -1.5913469791412354, ""fold_b_query_n"": 8, ""fold_b_support_n"": 8, ""fresh_advantage"": -1.6039528846740723, ""fresh_local_trainability"": 0.07444024085998535, ""fresh_positive"": false, ""fresh_query_after"": 4.30421257019043, ""fresh_query_before"": 4.378652811050415, ""fresh_utility"": -1.5637001991271973, ""reuse_profiles"": {""adapter_1"": {""feasible_both"": true, ""fold_a_harm"": -0.054624561220407486, ""fold_a_lcb"": -0.05679035398177803, ""fold_a_query_after"": 4.677709102630615, ""fold_a_utility"": -1.9016458988189697, ""fold_b_harm"": -0.05458119884133339, ""fold_b_lcb"": -0.056642648759298024, ""fold_b_query_after"": 4.623660087585449, ""fold_b_utility"": -1.9186985492706299, ""harm_lcb_max"": -0.056642648759298024, ""harm_mean"": -0.05460288003087044, ""harm_se_mean"": 0.0010783782345242798, ""harm_ucb_max"": -0.05245876845903694, ""local_trainability"": -0.0025022029876708984, ""query_after"": 4.650684595108032, ""query_before"": 4.648182392120361, ""system_utility"": -1.9101722240447998}, ""default"": {""feasible_both"": true, ""fold_a_harm"": -0.02230687439441681, ""fold_a_lcb"": -0.030181006863713264, ""fold_a_query_after"": 2.7339529991149902, ""fold_a_utility"": 0.04211020469665527, ""fold_b_harm"": -0.02221314236521721, ""fold_b_lcb"": -0.030086954478174447, ""fold_b_query_after"": 2.6665663719177246, ""fold_b_utility"": 0.03839516639709473, ""harm_lcb_max"": -0.030086954478174447, ""harm_mean"": -0.02226000837981701, ""harm_se_mean"": 0.00401733280159533, ""harm_ucb_max"": -0.01433933025225997, ""local_trainability"": 0.040252685546875, ""query_after"": 2.7002596855163574, ""query_before"": 2.7405123710632324, ""system_utility"": 0.040252685546875}}, ""status"": ""ok"", ""statusquo_loss"": 2.7405123710632324}, ""utility_status"": ""ok""}"
48,A2,A,2,default,reuse,safe_existing_reuse,2.612375497817993,2,True,294912,1299610,0,68607207,649805,10396912,749,22.59822212345898,496975872,0.0,18.184017799794674,2.286295725032687,2.605975921337421,-1.7278318405151367,0.023989769128652718,-1.7518216096437895,False,,"{""best_reuse"": ""default"", ""best_reuse_utility"": 0.023989769128652718, ""decision"": ""reuse"", ""fresh_advantage"": -1.7518216096437895, ""fresh_positive"": false, ""fresh_utility"": -1.7278318405151367, ""full_batch_guards"": {""adapter_1"": {""crossfit_feasible"": true, ""crossfit_utility"": -2.037768914149358, ""crossfit_utility_positive"": false, ""full_batch_cur_after"": 4.61065149307251, ""full_batch_cur_before"": 4.611586093902588, ""full_batch_gain"": 0.000934600830078125, ""full_batch_harm"": -0.053232066333293915, ""full_batch_harm_lcb"": -0.05523446983192116, ""full_batch_harm_se"": 0.0010216344380751252, ""full_batch_harm_ucb"": -0.05122966283466667, ""full_batch_safe"": true}, ""default"": {""crossfit_feasible"": true, ""crossfit_utility"": 0.023989769128652718, ""crossfit_utility_positive"": true, ""full_batch_cur_after"": 2.569197177886963, ""full_batch_cur_before"": 2.605975866317749, ""full_batch_gain"": 0.03677868843078613, ""full_batch_harm"": -0.019371353089809418, ""full_batch_harm_lcb"": -0.02741311863064766, ""full_batch_harm_se"": 0.004102941602468491, ""full_batch_harm_ucb"": -0.011329587548971176, ""full_batch_safe"": true}}, ""guarded_best_reuse"": ""default"", ""num_adapters"": 2, ""pending_after"": false, ""pending_before"": false, ""policy_version"": ""cau_v1"", ""reason"": ""safe_existing_reuse"", ""utility"": {""batch_n"": 13, ""best_reuse"": ""default"", ""best_reuse_query_after"": 2.5819861522087684, ""best_reuse_utility"": 0.023989769128652718, ""defer_utility"": 0.0, ""fold_a_fresh_utility"": -1.6836085319519043, ""fold_a_query_n"": 6, ""fold_a_support_n"": 7, ""fold_b_fresh_utility"": -1.765737533569336, ""fold_b_query_n"": 7, ""fold_b_support_n"": 6, ""fresh_advantage"": -1.7518216096437895, ""fresh_local_trainability"": -0.0021765048687274638, ""fresh_positive"": false, ""fresh_query_after"": 4.333807761852558, ""fresh_query_before"": 4.3316312569838304, ""fresh_utility"": -1.7278318405151367, ""reuse_profiles"": {""adapter_1"": {""feasible_both"": true, ""fold_a_harm"": -0.054351646453142166, ""fold_a_lcb"": -0.05635305922012776, ""fold_a_query_after"": 4.6031813621521, ""fold_a_utility"": -1.9393677711486816, ""fold_b_harm"": -0.05570473149418831, ""fold_b_lcb"": -0.05776855145581067, ""fold_b_query_after"": 4.678513526916504, ""fold_b_utility"": -2.12211275100708, ""harm_lcb_max"": -0.05635305922012776, ""harm_mean"": -0.05502818897366524, ""harm_se_mean"": 0.0010370491654612124, ""harm_ucb_max"": -0.05235023368615657, ""local_trainability"": -0.03215866822462816, ""query_after"": 4.643744835486779, ""query_before"": 4.611586167262151, ""system_utility"": -2.037768914149358}, ""default"": {""feasible_both"": true, ""fold_a_harm"": -0.019396252930164337, ""fold_a_lcb"": -0.027244607210159304, ""fold_a_query_after"": 2.6351537704467773, ""fold_a_utility"": 0.028659820556640625, ""fold_b_harm"": -0.018606483936309814, ""fold_b_lcb"": -0.026490693483501672, ""fold_b_query_after"": 2.5364139080047607, ""fold_b_utility"": 0.019986867904663086, ""harm_lcb_max"": -0.026490693483501672, ""harm_mean"": -0.019001368433237076, ""harm_se_mean"": 0.004013409139588475, ""harm_ucb_max"": -0.010722274389117957, ""local_trainability"": 0.023989769128652718, ""query_after"": 2.5819861522087684, ""query_before"": 2.605975921337421, ""system_utility"": 0.023989769128652718}}, ""status"": ""ok"", ""statusquo_loss"": 2.605975921337421}, ""utility_status"": ""ok""}"
49,C1,C,1,adapter_1,reuse,pending_fresh_safe_existing_reuse,4.683662414550781,2,True,294912,1299610,0,68607207,649805,10396912,765,24.559628104791045,497968128,0.0,18.670811977237463,3.755008904263377,5.8599936962127686,1.4708330631256104,1.143711805343628,0.3271212577819824,True,,"{""best_reuse"": ""adapter_1"", ""best_reuse_utility"": 1.143711805343628, ""decision"": ""reuse"", ""fresh_advantage"": 0.3271212577819824, ""fresh_positive"": true, ""fresh_utility"": 1.4708330631256104, ""full_batch_guards"": {""adapter_1"": {""crossfit_feasible"": true, ""crossfit_utility"": 1.143711805343628, ""crossfit_utility_positive"": true, ""full_batch_cur_after"": 4.693422317504883, ""full_batch_cur_before"": 4.696439266204834, ""full_batch_gain"": 0.003016948699951172, ""full_batch_harm"": -0.05324394255876541, ""full_batch_harm_lcb"": -0.05508153903530911, ""full_batch_harm_se"": 0.0009375492227263749, ""full_batch_harm_ucb"": -0.051406346082221714, ""full_batch_safe"": true}, ""default"": {""crossfit_feasible"": true, ""crossfit_utility"": -0.06546449661254883, ""crossfit_utility_positive"": false, ""full_batch_cur_after"": 5.894517421722412, ""full_batch_cur_before"": 5.859993934631348, ""full_batch_gain"": -0.03452348709106445, ""full_batch_harm"": -0.023869279772043228, ""full_batch_harm_lcb"": -0.028461072221398355, ""full_batch_harm_se"": 0.0023427512496709824, ""full_batch_harm_ucb"": -0.0192774873226881, ""full_batch_safe"": true}}, ""guarded_best_reuse"": ""adapter_1"", ""num_adapters"": 2, ""pending_after"": true, ""pending_before"": false, ""policy_version"": ""cau_v1"", ""reason"": ""pending_fresh_safe_existing_reuse"", ""utility"": {""batch_n"": 16, ""best_reuse"": ""adapter_1"", ""best_reuse_query_after"": 4.716281890869141, ""best_reuse_utility"": 1.143711805343628, ""defer_utility"": 0.0, ""fold_a_fresh_utility"": 1.4875574111938477, ""fold_a_query_n"": 8, ""fold_a_support_n"": 8, ""fold_b_fresh_utility"": 1.454108715057373, ""fold_b_query_n"": 8, ""fold_b_support_n"": 8, ""fresh_advantage"": 0.3271212577819824, ""fresh_local_trainability"": 0.027211904525756836, ""fresh_positive"": true, ""fresh_query_after"": 4.389160633087158, ""fresh_query_before"": 4.416372537612915, ""fresh_utility"": 1.4708330631256104, ""reuse_profiles"": {""adapter_1"": {""feasible_both"": true, ""fold_a_harm"": -0.05436989665031433, ""fold_a_lcb"": -0.05636340797878802, ""fold_a_query_after"": 4.74704647064209, ""fold_a_utility"": 1.1557540893554688, ""fold_b_harm"": -0.05461282283067703, ""fold_b_lcb"": -0.056569235571660104, ""fold_b_query_after"": 4.685517311096191, ""fold_b_utility"": 1.131669521331787, ""harm_lcb_max"": -0.05636340797878802, ""harm_mean"": -0.05449135974049568, ""harm_se_mean"": 0.001007633691187948, ""harm_ucb_max"": -0.05237638532184064, ""local_trainability"": -0.019842863082885742, ""query_after"": 4.716281890869141, ""query_before"": 4.696439027786255, ""system_utility"": 1.143711805343628}, ""default"": {""feasible_both"": true, ""fold_a_harm"": -0.024512186646461487, ""fold_a_lcb"": -0.029049667743965984, ""fold_a_query_after"": 5.96784782409668, ""fold_a_utility"": -0.0650472640991211, ""fold_b_harm"": -0.024514663964509964, ""fold_b_lcb"": -0.029208368519321085, ""fold_b_query_after"": 5.883068561553955, ""fold_b_utility"": -0.06588172912597656, ""harm_lcb_max"": -0.029049667743965984, ""harm_mean"": -0.024513425305485725, ""harm_se_mean"": 0.0023548942990601063, ""harm_ucb_max"": -0.019820959409698843, ""local_trainability"": -0.06546449661254883, ""query_after"": 5.925458192825317, ""query_before"": 5.8599936962127686, ""system_utility"": -0.06546449661254883}}, ""status"": ""ok"", ""statusquo_loss"": 5.8599936962127686}, ""utility_status"": ""ok""}"
50,C1,C,1,adapter_2,spawn,confirmed_fresh,4.400807857513428,3,True,442368,1949415,0,69404468,649805,15595368,781,24.97526870854199,497968128,0.0,19.08050030656159,3.755008904263377,4.710208177566528,0.3315880298614502,0.004945993423461914,0.3266420364379883,True,,"{""best_reuse"": ""adapter_1"", ""best_reuse_utility"": 0.004945993423461914, ""decision"": ""spawn"", ""fresh_advantage"": 0.3266420364379883, ""fresh_positive"": true, ""fresh_utility"": 0.3315880298614502, ""full_batch_guards"": {}, ""guarded_best_reuse"": null, ""num_adapters"": 3, ""pending_after"": false, ""pending_before"": true, ""policy_version"": ""cau_v1"", ""reason"": ""confirmed_fresh"", ""utility"": {""batch_n"": 16, ""best_reuse"": ""adapter_1"", ""best_reuse_query_after"": 4.705262184143066, ""best_reuse_utility"": 0.004945993423461914, ""defer_utility"": 0.0, ""fold_a_fresh_utility"": 0.3174476623535156, ""fold_a_query_n"": 8, ""fold_a_support_n"": 8, ""fold_b_fresh_utility"": 0.34572839736938477, ""fold_b_query_n"": 8, ""fold_b_support_n"": 8, ""fresh_advantage"": 0.3266420364379883, ""fresh_local_trainability"": 0.03242015838623047, ""fresh_positive"": true, ""fresh_query_after"": 4.378620147705078, ""fresh_query_before"": 4.411040306091309, ""fresh_utility"": 0.3315880298614502, ""reuse_profiles"": {""adapter_1"": {""feasible_both"": true, ""fold_a_harm"": -0.04238654673099518, ""fold_a_lcb"": -0.04505228796042502, ""fold_a_query_after"": 4.6871490478515625, ""fold_a_utility"": 0.0041751861572265625, ""fold_b_harm"": -0.04265551269054413, ""fold_b_lcb"": -0.044879455831833184, ""fold_b_query_after"": 4.72337532043457, ""fold_b_utility"": 0.005716800689697266, ""harm_lcb_max"": -0.044879455831833184, ""harm_mean"": -0.04252102971076965, ""harm_se_mean"": 0.0012473684619180858, ""harm_ucb_max"": -0.039720805501565336, ""local_trainability"": 0.004945993423461914, ""query_after"": 4.705262184143066, ""query_before"": 4.710208177566528, ""system_utility"": 0.004945993423461914}, ""default"": {""feasible_both"": true, ""fold_a_harm"": -0.024546224623918533, ""fold_a_lcb"": -0.0291856858227402, ""fold_a_query_after"": 5.870804309844971, ""fold_a_utility"": -1.1794800758361816, ""fold_b_harm"": -0.024205021560192108, ""fold_b_lcb"": -0.02883731307461858, ""fold_b_query_after"": 5.994205951690674, ""fold_b_utility"": -1.2651138305664062, ""harm_lcb_max"": -0.02883731307461858, ""harm_mean"": -0.02437562309205532, ""harm_se_mean"": 0.0023652430390939116, ""harm_ucb_max"": -0.019572730045765638, ""local_trainability"": -0.05964803695678711, ""query_after"": 5.932505130767822, ""query_before"": 5.872857093811035, ""system_utility"": -1.222296953201294}}, ""status"": ""ok"", ""statusquo_loss"": 4.710208177566528}, ""utility_status"": ""ok""}"
51,C1,C,1,adapter_2,warmup,existing_warmup,4.351216793060303,3,True,442368,1949415,0,69404468,649805,15595368,797,24.996642228215933,497968128,0.0,19.095960453152657,3.755008904263377,,,,,,,"{""best_reuse"": null, ""best_reuse_utility"": null, ""decision"": ""warmup"", ""fresh_positive"": null, ""fresh_utility"": null, ""full_batch_guards"": {}, ""guarded_best_reuse"": null, ""num_adapters"": 3, ""pending_after"": false, ""pending_before"": false, ""policy_version"": ""cau_v1"", ""reason"": ""existing_warmup"", ""utility_status"": ""warmup""}"
52,C1,C,1,adapter_2,warmup,existing_warmup,4.343652725219727,3,True,442368,1949415,0,69404468,649805,15595368,813,25.0219640545547,497968128,0.0,19.11571911536157,3.755008904263377,,,,,,,"{""best_reuse"": null, ""best_reuse_utility"": null, ""decision"": ""warmup"", ""fresh_positive"": null, ""fresh_utility"": null, ""full_batch_guards"": {}, ""guarded_best_reuse"": null, ""num_adapters"": 3, ""pending_after"": false, ""pending_before"": false, ""policy_version"": ""cau_v1"", ""reason"": ""existing_warmup"", ""utility_status"": ""warmup""}"
53,C1,C,1,adapter_2,warmup,existing_warmup,4.265334129333496,3,True,442368,1949415,0,69404468,649805,15595368,829,25.044102519750595,497968128,0.0,19.13171203993261,3.755008904263377,,,,,,,"{""best_reuse"": null, ""best_reuse_utility"": null, ""decision"": ""warmup"", ""fresh_positive"": null, ""fresh_utility"": null, ""full_batch_guards"": {}, ""guarded_best_reuse"": null, ""num_adapters"": 3, ""pending_after"": false, ""pending_before"": false, ""policy_version"": ""cau_v1"", ""reason"": ""existing_warmup"", ""utility_status"": ""warmup""}"
54,C1,C,1,adapter_2,reuse,safe_existing_reuse,4.170871734619141,3,True,442368,1949415,0,69404468,649805,15595368,845,25.695103770121932,497968128,0.0,19.777240520343184,3.755008904263377,4.174016714096069,-0.17614245414733887,0.061055898666381836,-0.2371983528137207,False,,"{""best_reuse"": ""adapter_2"", ""best_reuse_utility"": 0.061055898666381836, ""decision"": ""reuse"", ""fresh_advantage"": -0.2371983528137207, ""fresh_positive"": false, ""fresh_utility"": -0.17614245414733887, ""full_batch_guards"": {""adapter_1"": {""crossfit_feasible"": true, ""crossfit_utility"": -0.5750513076782227, ""crossfit_utility_positive"": false, ""full_batch_cur_after"": 4.7414069175720215, ""full_batch_cur_before"": 4.758794784545898, ""full_batch_gain"": 0.017387866973876953, ""full_batch_harm"": -0.041885919868946075, ""full_batch_harm_lcb"": -0.04449098506011069, ""full_batch_harm_se"": 0.001329114893451333, ""full_batch_harm_ucb"": -0.03928085467778146, ""full_batch_safe"": true}, ""adapter_2"": {""crossfit_feasible"": true, ""crossfit_utility"": 0.061055898666381836, ""crossfit_utility_positive"": true, ""full_batch_cur_after"": 4.105494976043701, ""full_batch_cur_before"": 4.174016952514648, ""full_batch_gain"": 0.06852197647094727, ""full_batch_harm"": -0.05939463526010513, ""full_batch_harm_lcb"": -0.0630156688252464, ""full_batch_harm_se"": 0.0018474661046639085, ""full_batch_harm_ucb"": -0.05577360169496387, ""full_batch_safe"": true}, ""default"": {""crossfit_feasible"": true, ""crossfit_utility"": -1.8287596702575684, ""crossfit_utility_positive"": false, ""full_batch_cur_after"": 5.988265037536621, ""full_batch_cur_before"": 5.953676223754883, ""full_batch_gain"": -0.03458881378173828, ""full_batch_harm"": -0.024201951920986176, ""full_batch_harm_lcb"": -0.02876358021982014, ""full_batch_harm_se"": 0.0023273613769561052, ""full_batch_harm_ucb"": -0.01964032362215221, ""full_batch_safe"": true}}, ""guarded_best_reuse"": ""adapter_2"", ""num_adapters"": 3, ""pending_after"": false, ""pending_before"": false, ""policy_version"": ""cau_v1"", ""reason"": ""safe_existing_reuse"", ""utility"": {""batch_n"": 16, ""best_reuse"": ""adapter_2"", ""best_reuse_query_after"": 4.1129608154296875, ""best_reuse_utility"": 0.061055898666381836, ""defer_utility"": 0.0, ""fold_a_fresh_utility"": -0.190093994140625, ""fold_a_query_n"": 8, ""fold_a_support_n"": 8, ""fold_b_fresh_utility"": -0.16219091415405273, ""fold_b_query_n"": 8, ""fold_b_support_n"": 8, ""fresh_advantage"": -0.2371983528137207, ""fresh_local_trainability"": 0.06664681434631348, ""fresh_positive"": false, ""fresh_query_after"": 4.350159168243408, ""fresh_query_before"": 4.416805982589722, ""fresh_utility"": -0.17614245414733887, ""reuse_profiles"": {""adapter_1"": {""feasible_both"": true, ""fold_a_harm"": -0.04258757084608078, ""fold_a_lcb"": -0.045506619019433855, ""fold_a_query_after"": 4.758319854736328, ""fold_a_utility"": -0.5910396575927734, ""fold_b_harm"": -0.04194038733839989, ""fold_b_lcb"": -0.044560807500965895, ""fold_b_query_after"": 4.739816188812256, ""fold_b_utility"": -0.5590629577636719, ""harm_lcb_max"": -0.044560807500965895, ""harm_mean"": -0.042263979092240334, ""harm_se_mean"": 0.001413129677530378, ""harm_ucb_max"": -0.03931996717583388, ""local_trainability"": 0.009727001190185547, ""query_after"": 4.749068021774292, ""query_before"": 4.7587950229644775, ""system_utility"": -0.5750513076782227}, ""adapter_2"": {""feasible_both"": true, ""fold_a_harm"": -0.056925080716609955, ""fold_a_lcb"": -0.06123843193985522, ""fold_a_query_after"": 4.109194755554199, ""fold_a_utility"": 0.05808544158935547, ""fold_b_harm"": -0.058866649866104126, ""fold_b_lcb"": -0.06190964856185019, ""fold_b_query_after"": 4.116726875305176, ""fold_b_utility"": 0.0640263557434082, ""harm_lcb_max"": -0.06123843193985522, ""harm_mean"": -0.05789586529135704, ""harm_se_mean"": 0.001876619877293706, ""harm_ucb_max"": -0.05261172949336469, ""local_trainability"": 0.061055898666381836, ""query_after"": 4.1129608154296875, ""query_before"": 4.174016714096069, ""system_utility"": 0.061055898666381836}, ""default"": {""feasible_both"": true, ""fold_a_harm"": -0.024505753070116043, ""fold_a_lcb"": -0.028986802166327832, ""fold_a_query_after"": 6.0259904861450195, ""fold_a_utility"": -1.8587102890014648, ""fold_b_harm"": -0.024390768259763718, ""fold_b_lcb"": -0.029077478824183343, ""fold_b_query_after"": 5.979562282562256, ""fold_b_utility"": -1.7988090515136719, ""harm_lcb_max"": -0.028986802166327832, ""harm_mean"": -0.02444826066493988, ""harm_se_mean"": 0.002338714199140668, ""harm_ucb_max"": -0.019704057695344092, ""local_trainability"": -0.04910016059875488, ""query_after"": 6.002776384353638, ""query_before"": 5.953676223754883, ""system_utility"": -1.8287596702575684}}, ""status"": ""ok"", ""statusquo_loss"": 4.174016714096069}, ""utility_status"": ""ok""}"
55,C1,C,1,adapter_2,reuse,safe_existing_reuse,4.180577278137207,3,True,442368,1949415,0,69404468,649805,15595368,861,26.401705535128713,497968128,0.0,20.47773719392717,3.755008904263377,4.178004741668701,-0.21793556213378906,0.05303382873535156,-0.2709693908691406,False,,"{""best_reuse"": ""adapter_2"", ""best_reuse_utility"": 0.05303382873535156, ""decision"": ""reuse"", ""fresh_advantage"": -0.2709693908691406, ""fresh_positive"": false, ""fresh_utility"": -0.21793556213378906, ""full_batch_guards"": {""adapter_1"": {""crossfit_feasible"": true, ""crossfit_utility"": -0.5896949768066406, ""crossfit_utility_positive"": false, ""full_batch_cur_after"": 4.758920669555664, ""full_batch_cur_before"": 4.7733049392700195, ""full_batch_gain"": 0.014384269714355469, ""full_batch_harm"": -0.041670385748147964, ""full_batch_harm_lcb"": -0.0443252782151103, ""full_batch_harm_se"": 0.0013545369729399681, ""full_batch_harm_ucb"": -0.03901549328118563, ""full_batch_safe"": true}, ""adapter_2"": {""crossfit_feasible"": true, ""crossfit_utility"": 0.05303382873535156, ""crossfit_utility_positive"": true, ""full_batch_cur_after"": 4.1164350509643555, ""full_batch_cur_before"": 4.178004741668701, ""full_batch_gain"": 0.0615696907043457, ""full_batch_harm"": -0.05877580866217613, ""full_batch_harm_lcb"": -0.062401731540448965, ""full_batch_harm_se"": 0.001849960652180016, ""full_batch_harm_ucb"": -0.0551498857839033, ""full_batch_safe"": true}, ""default"": {""crossfit_feasible"": true, ""crossfit_utility"": -1.8743987083435059, ""crossfit_utility_positive"": false, ""full_batch_cur_after"": 6.031134605407715, ""full_batch_cur_before"": 5.996354103088379, ""full_batch_gain"": -0.03478050231933594, ""full_batch_harm"": -0.024252332746982574, ""full_batch_harm_lcb"": -0.028906377460807563, ""full_batch_harm_se"": 0.0023745126090943813, ""full_batch_harm_ucb"": -0.019598288033157586, ""full_batch_safe"": true}}, ""guarded_best_reuse"": ""adapter_2"", ""num_adapters"": 3, ""pending_after"": false, ""pending_before"": false, ""policy_version"": ""cau_v1"", ""reason"": ""safe_existing_reuse"", ""utility"": {""batch_n"": 16, ""best_reuse"": ""adapter_2"", ""best_reuse_query_after"": 4.12497091293335, ""best_reuse_utility"": 0.05303382873535156, ""defer_utility"": 0.0, ""fold_a_fresh_utility"": -0.23607969284057617, ""fold_a_query_n"": 8, ""fold_a_support_n"": 8, ""fold_b_fresh_utility"": -0.19979143142700195, ""fold_b_query_n"": 8, ""fold_b_support_n"": 8, ""fresh_advantage"": -0.2709693908691406, ""fresh_local_trainability"": 0.05145835876464844, ""fresh_positive"": false, ""fresh_query_after"": 4.39594030380249, ""fresh_query_before"": 4.447398662567139, ""fresh_utility"": -0.21793556213378906, ""reuse_profiles"": {""adapter_1"": {""feasible_both"": true, ""fold_a_harm"": -0.042141322046518326, ""fold_a_lcb"": -0.044870911161415276, ""fold_a_query_after"": 4.757518768310547, ""fold_a_utility"": -0.589810848236084, ""fold_b_harm"": -0.042051948606967926, ""fold_b_lcb"": -0.044939621025696395, ""fold_b_query_after"": 4.777880668640137, ""fold_b_utility"": -0.5895791053771973, ""harm_lcb_max"": -0.044870911161415276, ""harm_mean"": -0.042096635326743126, ""harm_se_mean"": 0.0014329748810268939, ""harm_ucb_max"": -0.03916427618823946, ""local_trainability"": 0.005605459213256836, ""query_after"": 4.767699718475342, ""query_before"": 4.773305177688599, ""system_utility"": -0.5896949768066406}, ""adapter_2"": {""feasible_both"": true, ""fold_a_harm"": -0.05636618658900261, ""fold_a_lcb"": -0.059934491189196706, ""fold_a_query_after"": 4.1140642166137695, ""fold_a_utility"": 0.05364370346069336, ""fold_b_harm"": -0.05754926800727844, ""fold_b_lcb"": -0.06157453080639243, ""fold_b_query_after"": 4.13587760925293, ""fold_b_utility"": 0.052423954010009766, ""harm_lcb_max"": -0.059934491189196706, ""harm_mean"": -0.056957727298140526, ""harm_se_mean"": 0.0019371345406398177, ""harm_ucb_max"": -0.05279788198880851, ""local_trainability"": 0.05303382873535156, ""query_after"": 4.12497091293335, ""query_before"": 4.178004741668701, ""system_utility"": 0.05303382873535156}, ""default"": {""feasible_both"": true, ""fold_a_harm"": -0.024899907410144806, ""fold_a_lcb"": -0.029668937688693404, ""fold_a_query_after"": 6.162308692932129, ""fold_a_utility"": -1.994600772857666, ""fold_b_harm"": -0.024358663707971573, ""fold_b_lcb"": -0.0290025738440454, ""fold_b_query_after"": 5.942498207092285, ""fold_b_utility"": -1.7541966438293457, ""harm_lcb_max"": -0.0290025738440454, ""harm_mean"": -0.02462928555905819, ""harm_se_mean"": 0.0024012603098526597, ""harm_ucb_max"": -0.019714753571897746, ""local_trainability"": -0.05604910850524902, ""query_after"": 6.052403450012207, ""query_before"": 5.996354341506958, ""system_utility"": -1.8743987083435059}}, ""status"": ""ok"", ""statusquo_loss"": 4.178004741668701}, ""utility_status"": ""ok""}"
56,C1,C,1,adapter_2,reuse,safe_existing_reuse,4.089893341064453,3,True,442368,1949415,0,69404468,649805,15595368,877,27.06451455503702,497968128,0.0,21.134201074019074,3.755008904263377,4.080196857452393,-0.3099229335784912,0.050787925720214844,-0.36071085929870605,False,,"{""best_reuse"": ""adapter_2"", ""best_reuse_utility"": 0.050787925720214844, ""decision"": ""reuse"", ""fresh_advantage"": -0.36071085929870605, ""fresh_positive"": false, ""fresh_utility"": -0.3099229335784912, ""full_batch_guards"": {""adapter_1"": {""crossfit_feasible"": true, ""crossfit_utility"": -0.6890196800231934, ""crossfit_utility_positive"": false, ""full_batch_cur_after"": 4.751895904541016, ""full_batch_cur_before"": 4.76540994644165, ""full_batch_gain"": 0.013514041900634766, ""full_batch_harm"": -0.041493646800518036, ""full_batch_harm_lcb"": -0.04380070621147752, ""full_batch_harm_se"": 0.0011770711280405521, ""full_batch_harm_ucb"": -0.039186587389558554, ""full_batch_safe"": true}, ""adapter_2"": {""crossfit_feasible"": true, ""crossfit_utility"": 0.050787925720214844, ""crossfit_utility_positive"": true, ""full_batch_cur_after"": 4.0179123878479, ""full_batch_cur_before"": 4.080196857452393, ""full_batch_gain"": 0.06228446960449219, ""full_batch_harm"": -0.0609472282230854, ""full_batch_harm_lcb"": -0.06423298948444427, ""full_batch_harm_se"": 0.0016764088068157434, ""full_batch_harm_ucb"": -0.05766146696172655, ""full_batch_safe"": true}, ""default"": {""crossfit_feasible"": true, ""crossfit_utility"": -1.9135072231292725, ""crossfit_utility_positive"": false, ""full_batch_cur_after"": 5.957793235778809, ""full_batch_cur_before"": 5.921609878540039, ""full_batch_gain"": -0.03618335723876953, ""full_batch_harm"": -0.023929599672555923, ""full_batch_harm_lcb"": -0.028538729697465896, ""full_batch_harm_se"": 0.00235159695148468, ""full_batch_harm_ucb"": -0.01932046964764595, ""full_batch_safe"": true}}, ""guarded_best_reuse"": ""adapter_2"", ""num_adapters"": 3, ""pending_after"": false, ""pending_before"": false, ""policy_version"": ""cau_v1"", ""reason"": ""safe_existing_reuse"", ""utility"": {""batch_n"": 16, ""best_reuse"": ""adapter_2"", ""best_reuse_query_after"": 4.029408931732178, ""best_reuse_utility"": 0.050787925720214844, ""defer_utility"": 0.0, ""fold_a_fresh_utility"": -0.2976202964782715, ""fold_a_query_n"": 8, ""fold_a_support_n"": 8, ""fold_b_fresh_utility"": -0.32222557067871094, ""fold_b_query_n"": 8, ""fold_b_support_n"": 8, ""fresh_advantage"": -0.36071085929870605, ""fresh_local_trainability"": 0.01943826675415039, ""fresh_positive"": false, ""fresh_query_after"": 4.390119791030884, ""fresh_query_before"": 4.409558057785034, ""fresh_utility"": -0.3099229335784912, ""reuse_profiles"": {""adapter_1"": {""feasible_both"": true, ""fold_a_harm"": -0.04263325408101082, ""fold_a_lcb"": -0.045361728109419346, ""fold_a_query_after"": 4.802718162536621, ""fold_a_utility"": -0.7359275817871094, ""fold_b_harm"": -0.042133934795856476, ""fold_b_lcb"": -0.04460698305629194, ""fold_b_query_after"": 4.735714912414551, ""fold_b_utility"": -0.6421117782592773, ""harm_lcb_max"": -0.04460698305629194, ""harm_mean"": -0.04238359443843365, ""harm_se_mean"": 0.0013269189512357116, ""harm_ucb_max"": -0.03966088653542101, ""local_trainability"": -0.0038068294525146484, ""query_after"": 4.769216537475586, ""query_before"": 4.765409708023071, ""system_utility"": -0.6890196800231934}, ""adapter_2"": {""feasible_both"": true, ""fold_a_harm"": -0.06064764782786369, ""fold_a_lcb"": -0.06433156843762845, ""fold_a_query_after"": 4.020233154296875, ""fold_a_utility"": 0.04655742645263672, ""fold_b_harm"": -0.05637454614043236, ""fold_b_lcb"": -0.05926538789644838, ""fold_b_query_after"": 4.0385847091674805, ""fold_b_utility"": 0.05501842498779297, ""harm_lcb_max"": -0.05926538789644838, ""harm_mean"": -0.058511096984148026, ""harm_se_mean"": 0.0016772352973930538, ""harm_ucb_max"": -0.05348370438441634, ""local_trainability"": 0.050787925720214844, ""query_after"": 4.029408931732178, ""query_before"": 4.080196857452393, ""system_utility"": 0.050787925720214844}, ""default"": {""feasible_both"": true, ""fold_a_harm"": -0.02467111498117447, ""fold_a_lcb"": -0.029263623440638185, ""fold_a_query_after"": 6.020613193511963, ""fold_a_utility"": -1.9538226127624512, ""fold_b_harm"": -0.024357080459594727, ""fold_b_lcb"": -0.028929014923051, ""fold_b_query_after"": 5.966794967651367, ""fold_b_utility"": -1.8731918334960938, ""harm_lcb_max"": -0.028929014923051, ""harm_mean"": -0.024514097720384598, ""harm_se_mean"": 0.0023378680925816298, ""harm_ucb_max"": -0.019785145996138453, ""local_trainability"": -0.07209396362304688, ""query_after"": 5.993704080581665, ""query_before"": 5.921610116958618, ""system_utility"": -1.9135072231292725}}, ""status"": ""ok"", ""statusquo_loss"": 4.080196857452393}, ""utility_status"": ""ok""}"
57,C1,C,1,adapter_2,reuse,safe_existing_reuse,3.9959301948547363,3,True,442368,1949415,0,69404468,649805,15595368,893,27.742895290255547,497968128,0.0,21.806323485448956,3.755008904263377,3.9580347537994385,-0.4024393558502197,0.0541229248046875,-0.4565622806549072,False,,"{""best_reuse"": ""adapter_2"", ""best_reuse_utility"": 0.0541229248046875, ""decision"": ""reuse"", ""fresh_advantage"": -0.4565622806549072, ""fresh_positive"": false, ""fresh_utility"": -0.4024393558502197, ""full_batch_guards"": {""adapter_1"": {""crossfit_feasible"": true, ""crossfit_utility"": -0.6988019943237305, ""crossfit_utility_positive"": false, ""full_batch_cur_after"": 4.642931938171387, ""full_batch_cur_before"": 4.661427021026611, ""full_batch_gain"": 0.01849508285522461, ""full_batch_harm"": -0.042262718081474304, ""full_batch_harm_lcb"": -0.04497711582574993, ""full_batch_harm_se"": 0.0013848968083038926, ""full_batch_harm_ucb"": -0.03954832033719868, ""full_batch_safe"": true}, ""adapter_2"": {""crossfit_feasible"": true, ""crossfit_utility"": 0.0541229248046875, ""crossfit_utility_positive"": true, ""full_batch_cur_after"": 3.8934237957000732, ""full_batch_cur_before"": 3.9580349922180176, ""full_batch_gain"": 0.06461119651794434, ""full_batch_harm"": -0.061129696667194366, ""full_batch_harm_lcb"": -0.06451080272905528, ""full_batch_harm_se"": 0.0017250541131943464, ""full_batch_harm_ucb"": -0.057748590605333446, ""full_batch_safe"": true}, ""default"": {""crossfit_feasible"": true, ""crossfit_utility"": -2.066512107849121, ""crossfit_utility_positive"": false, ""full_batch_cur_after"": 5.995222091674805, ""full_batch_cur_before"": 5.960402488708496, ""full_batch_gain"": -0.034819602966308594, ""full_batch_harm"": -0.02409440279006958, ""full_batch_harm_lcb"": -0.028674447014927863, ""full_batch_harm_se"": 0.002336757257580757, ""full_batch_harm_ucb"": -0.019514358565211297, ""full_batch_safe"": true}}, ""guarded_best_reuse"": ""adapter_2"", ""num_adapters"": 3, ""pending_after"": false, ""pending_before"": false, ""policy_version"": ""cau_v1"", ""reason"": ""safe_existing_reuse"", ""utility"": {""batch_n"": 16, ""best_reuse"": ""adapter_2"", ""best_reuse_query_after"": 3.903911828994751, ""best_reuse_utility"": 0.0541229248046875, ""defer_utility"": 0.0, ""fold_a_fresh_utility"": -0.3851785659790039, ""fold_a_query_n"": 8, ""fold_a_support_n"": 8, ""fold_b_fresh_utility"": -0.41970014572143555, ""fold_b_query_n"": 8, ""fold_b_support_n"": 8, ""fresh_advantage"": -0.4565622806549072, ""fresh_local_trainability"": 0.035515546798706055, ""fresh_positive"": false, ""fresh_query_after"": 4.360474109649658, ""fresh_query_before"": 4.395989656448364, ""fresh_utility"": -0.4024393558502197, ""reuse_profiles"": {""adapter_1"": {""feasible_both"": true, ""fold_a_harm"": -0.04202277958393097, ""fold_a_lcb"": -0.045104560791514814, ""fold_a_query_after"": 4.639176845550537, ""fold_a_utility"": -0.6760373115539551, ""fold_b_harm"": -0.04314650222659111, ""fold_b_lcb"": -0.045797878075391055, ""fold_b_query_after"": 4.674496650695801, ""fold_b_utility"": -0.7215666770935059, ""harm_lcb_max"": -0.045104560791514814, ""harm_mean"": -0.04258464090526104, ""harm_se_mean"": 0.0014625400654040277, ""harm_ucb_max"": -0.038940998376347125, ""local_trainability"": 0.004590272903442383, ""query_after"": 4.656836748123169, ""query_before"": 4.661427021026611, ""system_utility"": -0.6988019943237305}, ""adapter_2"": {""feasible_both"": true, ""fold_a_harm"": -0.0604233592748642, ""fold_a_lcb"": -0.06462339699268341, ""fold_a_query_after"": 3.918132781982422, ""fold_a_utility"": 0.045006752014160156, ""fold_b_harm"": -0.058177072554826736, ""fold_b_lcb"": -0.06071159888524562, ""fold_b_query_after"": 3.88969087600708, ""fold_b_utility"": 0.06323909759521484, ""harm_lcb_max"": -0.06071159888524562, ""harm_mean"": -0.05930021591484547, ""harm_se_mean"": 0.0017180010327138007, ""harm_ucb_max"": -0.055642546224407854, ""local_trainability"": 0.0541229248046875, ""query_after"": 3.903911828994751, ""query_before"": 3.9580347537994385, ""system_utility"": 0.0541229248046875}, ""default"": {""feasible_both"": true, ""fold_a_harm"": -0.024580921977758408, ""fold_a_lcb"": -0.02916434454731643, ""fold_a_query_after"": 5.858940601348877, ""fold_a_utility"": -1.895801067352295, ""fold_b_harm"": -0.024457398802042007, ""fold_b_lcb"": -0.029021730963140726, ""fold_b_query_after"": 6.190153121948242, ""fold_b_utility"": -2.2372231483459473, ""harm_lcb_max"": -0.029021730963140726, ""harm_mean"": -0.024519160389900208, ""harm_se_mean"": 0.0023336109006777406, ""harm_ucb_max"": -0.01989306664094329, ""local_trainability"": -0.06414413452148438, ""query_after"": 6.02454686164856, ""query_before"": 5.960402727127075, ""system_utility"": -2.066512107849121}}, ""status"": ""ok"", ""statusquo_loss"": 3.9580347537994385}, ""utility_status"": ""ok""}"
58,C1,C,1,adapter_2,reuse,safe_existing_reuse,3.987661361694336,3,True,442368,1949415,0,69404468,649805,15595368,909,28.4492596257478,497968128,0.0,22.50633344054222,3.755008904263377,3.9708449840545654,-0.3573305606842041,0.05415058135986328,-0.4114811420440674,False,,"{""best_reuse"": ""adapter_2"", ""best_reuse_utility"": 0.05415058135986328, ""decision"": ""reuse"", ""fresh_advantage"": -0.4114811420440674, ""fresh_positive"": false, ""fresh_utility"": -0.3573305606842041, ""full_batch_guards"": {""adapter_1"": {""crossfit_feasible"": true, ""crossfit_utility"": -0.7721290588378906, ""crossfit_utility_positive"": false, ""full_batch_cur_after"": 4.735299110412598, ""full_batch_cur_before"": 4.7495856285095215, ""full_batch_gain"": 0.014286518096923828, ""full_batch_harm"": -0.04196135327219963, ""full_batch_harm_lcb"": -0.04413302265573293, ""full_batch_harm_se"": 0.0011079945834353566, ""full_batch_harm_ucb"": -0.039789683888666334, ""full_batch_safe"": true}, ""adapter_2"": {""crossfit_feasible"": true, ""crossfit_utility"": 0.05415058135986328, ""crossfit_utility_positive"": true, ""full_batch_cur_after"": 3.9114224910736084, ""full_batch_cur_before"": 3.9708449840545654, ""full_batch_gain"": 0.05942249298095703, ""full_batch_harm"": -0.059840742498636246, ""full_batch_harm_lcb"": -0.062321574687957765, ""full_batch_harm_se"": 0.0012657307088375092, ""full_batch_harm_ucb"": -0.05735991030931473, ""full_batch_safe"": true}, ""default"": {""crossfit_feasible"": true, ""crossfit_utility"": -2.017300844192505, ""crossfit_utility_positive"": false, ""full_batch_cur_after"": 5.971920013427734, ""full_batch_cur_before"": 5.93546724319458, ""full_batch_gain"": -0.0364527702331543, ""full_batch_harm"": -0.024109046906232834, ""full_batch_harm_lcb"": -0.02883054990321398, ""full_batch_harm_se"": 0.0024089301005005836, ""full_batch_harm_ucb"": -0.019387543909251688, ""full_batch_safe"": true}}, ""guarded_best_reuse"": ""adapter_2"", ""num_adapters"": 3, ""pending_after"": false, ""pending_before"": false, ""policy_version"": ""cau_v1"", ""reason"": ""safe_existing_reuse"", ""utility"": {""batch_n"": 16, ""best_reuse"": ""adapter_2"", ""best_reuse_query_after"": 3.916694402694702, ""best_reuse_utility"": 0.05415058135986328, ""defer_utility"": 0.0, ""fold_a_fresh_utility"": -0.3223378658294678, ""fold_a_query_n"": 8, ""fold_a_support_n"": 8, ""fold_b_fresh_utility"": -0.39232325553894043, ""fold_b_query_n"": 8, ""fold_b_support_n"": 8, ""fresh_advantage"": -0.4114811420440674, ""fresh_local_trainability"": 0.05952310562133789, ""fresh_positive"": false, ""fresh_query_after"": 4.3281755447387695, ""fresh_query_before"": 4.387698650360107, ""fresh_utility"": -0.3573305606842041, ""reuse_profiles"": {""adapter_1"": {""feasible_both"": true, ""fold_a_harm"": -0.04185463860630989, ""fold_a_lcb"": -0.04431728851981461, ""fold_a_query_after"": 4.7294020652771, ""fold_a_utility"": -0.7482883930206299, ""fold_b_harm"": -0.04265464469790459, ""fold_b_lcb"": -0.04482895017601549, ""fold_b_query_after"": 4.7565460205078125, ""fold_b_utility"": -0.7959697246551514, ""harm_lcb_max"": -0.04431728851981461, ""harm_mean"": -0.04225464165210724, ""harm_se_mean"": 0.0011828967835754156, ""harm_ucb_max"": -0.03939198869280517, ""local_trainability"": 0.00661158561706543, ""query_after"": 4.742974042892456, ""query_before"": 4.7495856285095215, ""system_utility"": -0.7721290588378906}, ""adapter_2"": {""feasible_both"": true, ""fold_a_harm"": -0.06028540059924126, ""fold_a_lcb"": -0.0631149899493903, ""fold_a_query_after"": 3.9296112060546875, ""fold_a_utility"": 0.05150246620178223, ""fold_b_harm"": -0.05766155570745468, ""fold_b_lcb"": -0.06011589552275837, ""fold_b_query_after"": 3.903777599334717, ""fold_b_utility"": 0.056798696517944336, ""harm_lcb_max"": -0.06011589552275837, ""harm_mean"": -0.05897347815334797, ""harm_se_mean"": 0.0013479411136358976, ""harm_ucb_max"": -0.055207215892150996, ""local_trainability"": 0.05415058135986328, ""query_after"": 3.916694402694702, ""query_before"": 3.9708449840545654, ""system_utility"": 0.05415058135986328}, ""default"": {""feasible_both"": true, ""fold_a_harm"": -0.024263739585876465, ""fold_a_lcb"": -0.028976574707776308, ""fold_a_query_after"": 5.916128158569336, ""fold_a_utility"": -1.9350144863128662, ""fold_b_harm"": -0.02462833747267723, ""fold_b_lcb"": -0.029300224483013153, ""fold_b_query_after"": 6.060163497924805, ""fold_b_utility"": -2.0995872020721436, ""harm_lcb_max"": -0.028976574707776308, ""harm_mean"": -0.024446038529276848, ""harm_se_mean"": 0.002394061768427491, ""harm_ucb_max"": -0.019550904463976622, ""local_trainability"": -0.052678823471069336, ""query_after"": 5.98814582824707, ""query_before"": 5.935467004776001, ""system_utility"": -2.017300844192505}}, ""status"": ""ok"", ""statusquo_loss"": 3.9708449840545654}, ""utility_status"": ""ok""}"
59,C1,C,1,adapter_2,reuse,safe_existing_reuse,3.9069149494171143,3,True,442368,1949415,0,69404468,649805,15595368,925,29.122024649754167,497968128,0.0,23.172584798187017,3.755008904263377,3.9098602533340454,-0.48562490940093994,0.05472683906555176,-0.5403517484664917,False,,"{""best_reuse"": ""adapter_2"", ""best_reuse_utility"": 0.05472683906555176, ""decision"": ""reuse"", ""fresh_advantage"": -0.5403517484664917, ""fresh_positive"": false, ""fresh_utility"": -0.48562490940093994, ""full_batch_guards"": {""adapter_1"": {""crossfit_feasible"": true, ""crossfit_utility"": -0.8171695470809937, ""crossfit_utility_positive"": false, ""full_batch_cur_after"": 4.718201637268066, ""full_batch_cur_before"": 4.735965728759766, ""full_batch_gain"": 0.01776409149169922, ""full_batch_harm"": -0.042372237890958786, ""full_batch_harm_lcb"": -0.044828651123680174, ""full_batch_harm_se"": 0.0012532720575109124, ""full_batch_harm_ucb"": -0.0399158246582374, ""full_batch_safe"": true}, ""adapter_2"": {""crossfit_feasible"": true, ""crossfit_utility"": 0.05472683906555176, ""crossfit_utility_positive"": true, ""full_batch_cur_after"": 3.849327564239502, ""full_batch_cur_before"": 3.909860134124756, ""full_batch_gain"": 0.060532569885253906, ""full_batch_harm"": -0.05841189995408058, ""full_batch_harm_lcb"": -0.06066868395544588, ""full_batch_harm_se"": 0.001151420408859849, ""full_batch_harm_ucb"": -0.05615511595271528, ""full_batch_safe"": true}, ""default"": {""crossfit_feasible"": true, ""crossfit_utility"": -2.1141029596328735, ""crossfit_utility_positive"": false, ""full_batch_cur_after"": 6.004639625549316, ""full_batch_cur_before"": 5.9702959060668945, ""full_batch_gain"": -0.034343719482421875, ""full_batch_harm"": -0.024058371782302856, ""full_batch_harm_lcb"": -0.028710753107443452, ""full_batch_harm_se"": 0.002373663941398263, ""full_batch_harm_ucb"": -0.01940599045716226, ""full_batch_safe"": true}}, ""guarded_best_reuse"": ""adapter_2"", ""num_adapters"": 3, ""pending_after"": false, ""pending_before"": false, ""policy_version"": ""cau_v1"", ""reason"": ""safe_existing_reuse"", ""utility"": {""batch_n"": 16, ""best_reuse"": ""adapter_2"", ""best_reuse_query_after"": 3.8551334142684937, ""best_reuse_utility"": 0.05472683906555176, ""defer_utility"": 0.0, ""fold_a_fresh_utility"": -0.5032076835632324, ""fold_a_query_n"": 8, ""fold_a_support_n"": 8, ""fold_b_fresh_utility"": -0.46804213523864746, ""fold_b_query_n"": 8, ""fold_b_support_n"": 8, ""fresh_advantage"": -0.5403517484664917, ""fresh_local_trainability"": 0.05033993721008301, ""fresh_positive"": false, ""fresh_query_after"": 4.395485162734985, ""fresh_query_before"": 4.445825099945068, ""fresh_utility"": -0.48562490940093994, ""reuse_profiles"": {""adapter_1"": {""feasible_both"": true, ""fold_a_harm"": -0.042417120188474655, ""fold_a_lcb"": -0.045230981730856004, ""fold_a_query_after"": 4.6947736740112305, ""fold_a_utility"": -0.8170418739318848, ""fold_b_harm"": -0.042746976017951965, ""fold_b_lcb"": -0.04519732415676117, ""fold_b_query_after"": 4.759285926818848, ""fold_b_utility"": -0.8172972202301025, ""harm_lcb_max"": -0.04519732415676117, ""harm_mean"": -0.04258204810321331, ""harm_se_mean"": 0.001342910632956773, ""harm_ucb_max"": -0.039603258646093306, ""local_trainability"": 0.008935928344726562, ""query_after"": 4.727029800415039, ""query_before"": 4.735965728759766, ""system_utility"": -0.8171695470809937}, ""adapter_2"": {""feasible_both"": true, ""fold_a_harm"": -0.0565393790602684, ""fold_a_lcb"": -0.05907778754364699, ""fold_a_query_after"": 3.822307825088501, ""fold_a_utility"": 0.05542397499084473, ""fold_b_harm"": -0.05700090527534485, ""fold_b_lcb"": -0.05939063464757055, ""fold_b_query_after"": 3.8879590034484863, ""fold_b_utility"": 0.05402970314025879, ""harm_lcb_max"": -0.05907778754364699, ""harm_mean"": -0.056770142167806625, ""harm_se_mean"": 0.0012571780243888497, ""harm_ucb_max"": -0.054000970576889816, ""local_trainability"": 0.05472683906555176, ""query_after"": 3.8551334142684937, ""query_before"": 3.9098602533340454, ""system_utility"": 0.05472683906555176}, ""default"": {""feasible_both"": true, ""fold_a_harm"": -0.02476593852043152, ""fold_a_lcb"": -0.029450813196599483, ""fold_a_query_after"": 5.988203048706055, ""fold_a_utility"": -2.110471248626709, ""fold_b_harm"": -0.024058934301137924, ""fold_b_lcb"": -0.02864614729769528, ""fold_b_query_after"": 6.059723377227783, ""fold_b_utility"": -2.117734670639038, ""harm_lcb_max"": -0.02864614729769528, ""harm_mean"": -0.02441243641078472, ""harm_se_mean"": 0.0023653284879401326, ""harm_ucb_max"": -0.01947172130458057, ""local_trainability"": -0.053667306900024414, ""query_after"": 6.023963212966919, ""query_before"": 5.9702959060668945, ""system_utility"": -2.1141029596328735}}, ""status"": ""ok"", ""statusquo_loss"": 3.9098602533340454}, ""utility_status"": ""ok""}"
60,C1,C,1,adapter_2,reuse,safe_existing_reuse,3.8895087242126465,3,True,442368,1949415,0,69404468,649805,15595368,941,29.820274574682117,497968128,0.0,23.863345075398684,3.755008904263377,3.843716621398926,-0.5200440883636475,0.052792906761169434,-0.5728369951248169,False,,"{""best_reuse"": ""adapter_2"", ""best_reuse_utility"": 0.052792906761169434, ""decision"": ""reuse"", ""fresh_advantage"": -0.5728369951248169, ""fresh_positive"": false, ""fresh_utility"": -0.5200440883636475, ""full_batch_guards"": {""adapter_1"": {""crossfit_feasible"": true, ""crossfit_utility"": -0.8652637004852295, ""crossfit_utility_positive"": false, ""full_batch_cur_after"": 4.695987224578857, ""full_batch_cur_before"": 4.710774898529053, ""full_batch_gain"": 0.014787673950195312, ""full_batch_harm"": -0.042152807116508484, ""full_batch_harm_lcb"": -0.044454292464070025, ""full_batch_harm_se"": 0.001174227218143642, ""full_batch_harm_ucb"": -0.03985132176894694, ""full_batch_safe"": true}, ""adapter_2"": {""crossfit_feasible"": true, ""crossfit_utility"": 0.052792906761169434, ""crossfit_utility_positive"": true, ""full_batch_cur_after"": 3.782667636871338, ""full_batch_cur_before"": 3.8437163829803467, ""full_batch_gain"": 0.06104874610900879, ""full_batch_harm"": -0.057290274649858475, ""full_batch_harm_lcb"": -0.05950946629513055, ""full_batch_harm_se"": 0.001132240635342896, ""full_batch_harm_ucb"": -0.0550710830045864, ""full_batch_safe"": true}, ""default"": {""crossfit_feasible"": true, ""crossfit_utility"": -2.144707679748535, ""crossfit_utility_positive"": false, ""full_batch_cur_after"": 5.957871437072754, ""full_batch_cur_before"": 5.922097682952881, ""full_batch_gain"": -0.03577375411987305, ""full_batch_harm"": -0.0240439735352993, ""full_batch_harm_lcb"": -0.028746355548501017, ""full_batch_harm_se"": 0.0023991744965314865, ""full_batch_harm_ucb"": -0.019341591522097586, ""full_batch_safe"": true}}, ""guarded_best_reuse"": ""adapter_2"", ""num_adapters"": 3, ""pending_after"": false, ""pending_before"": false, ""policy_version"": ""cau_v1"", ""reason"": ""safe_existing_reuse"", ""utility"": {""batch_n"": 16, ""best_reuse"": ""adapter_2"", ""best_reuse_query_after"": 3.7909237146377563, ""best_reuse_utility"": 0.052792906761169434, ""defer_utility"": 0.0, ""fold_a_fresh_utility"": -0.5150289535522461, ""fold_a_query_n"": 8, ""fold_a_support_n"": 8, ""fold_b_fresh_utility"": -0.5250592231750488, ""fold_b_query_n"": 8, ""fold_b_support_n"": 8, ""fresh_advantage"": -0.5728369951248169, ""fresh_local_trainability"": 0.03182053565979004, ""fresh_positive"": false, ""fresh_query_after"": 4.363760709762573, ""fresh_query_before"": 4.395581245422363, ""fresh_utility"": -0.5200440883636475, ""reuse_profiles"": {""adapter_1"": {""feasible_both"": true, ""fold_a_harm"": -0.04248063266277313, ""fold_a_lcb"": -0.04519179832190275, ""fold_a_query_after"": 4.682391166687012, ""fold_a_utility"": -0.8594427108764648, ""fold_b_harm"": -0.0424843356013298, ""fold_b_lcb"": -0.04502445402089506, ""fold_b_query_after"": 4.735569477081299, ""fold_b_utility"": -0.8710846900939941, ""harm_lcb_max"": -0.04502445402089506, ""harm_mean"": -0.04248248413205147, ""harm_se_mean"": 0.001339613285381347, ""harm_ucb_max"": -0.03976946700364351, ""local_trainability"": 0.001794576644897461, ""query_after"": 4.708980321884155, ""query_before"": 4.710774898529053, ""system_utility"": -0.8652637004852295}, ""adapter_2"": {""feasible_both"": true, ""fold_a_harm"": -0.056182004511356354, ""fold_a_lcb"": -0.05831694061402232, ""fold_a_query_after"": 3.7693350315093994, ""fold_a_utility"": 0.05361342430114746, ""fold_b_harm"": -0.05532338097691536, ""fold_b_lcb"": -0.0578908068081364, ""fold_b_query_after"": 3.8125123977661133, ""fold_b_utility"": 0.051972389221191406, ""harm_lcb_max"": -0.0578908068081364, ""harm_mean"": -0.05575269274413586, ""harm_se_mean"": 0.0011995821259915829, ""harm_ucb_max"": -0.05275595514569432, ""local_trainability"": 0.052792906761169434, ""query_after"": 3.7909237146377563, ""query_before"": 3.843716621398926, ""system_utility"": 0.052792906761169434}, ""default"": {""feasible_both"": true, ""fold_a_harm"": -0.024556811898946762, ""fold_a_lcb"": -0.029193235645070672, ""fold_a_query_after"": 5.9719038009643555, ""fold_a_utility"": -2.1489553451538086, ""fold_b_harm"": -0.024559054523706436, ""fold_b_lcb"": -0.02927786050364375, ""fold_b_query_after"": 6.004944801330566, ""fold_b_utility"": -2.1404600143432617, ""harm_lcb_max"": -0.029193235645070672, ""harm_mean"": -0.0245579332113266, ""harm_se_mean"": 0.002386538195423782, ""harm_ucb_max"": -0.01984024854376912, ""local_trainability"": -0.06632637977600098, ""query_after"": 5.988424301147461, ""query_before"": 5.92209792137146, ""system_utility"": -2.144707679748535}}, ""status"": ""ok"", ""statusquo_loss"": 3.843716621398926}, ""utility_status"": ""ok""}"
61,C1,C,1,adapter_2,reuse,safe_existing_reuse,3.8673207759857178,3,True,442368,1949415,0,69404468,649805,15595368,957,30.511406173929572,497968128,0.0,24.546218048781157,3.755008904263377,3.846895217895508,-0.5389938354492188,0.05149650573730469,-0.5904903411865234,False,,"{""best_reuse"": ""adapter_2"", ""best_reuse_utility"": 0.05149650573730469, ""decision"": ""reuse"", ""fresh_advantage"": -0.5904903411865234, ""fresh_positive"": false, ""fresh_utility"": -0.5389938354492188, ""full_batch_guards"": {""adapter_1"": {""crossfit_feasible"": true, ""crossfit_utility"": -0.8831501007080078, ""crossfit_utility_positive"": false, ""full_batch_cur_after"": 4.710628509521484, ""full_batch_cur_before"": 4.724977016448975, ""full_batch_gain"": 0.014348506927490234, ""full_batch_harm"": -0.04182402789592743, ""full_batch_harm_lcb"": -0.044679205822758375, ""full_batch_harm_se"": 0.0014567234320566058, ""full_batch_harm_ucb"": -0.03896884996909648, ""full_batch_safe"": true}, ""adapter_2"": {""crossfit_feasible"": true, ""crossfit_utility"": 0.05149650573730469, ""crossfit_utility_positive"": true, ""full_batch_cur_after"": 3.7862579822540283, ""full_batch_cur_before"": 3.846895217895508, ""full_batch_gain"": 0.06063723564147949, ""full_batch_harm"": -0.058213524520397186, ""full_batch_harm_lcb"": -0.060020716008730234, ""full_batch_harm_se"": 0.0009220364736393094, ""full_batch_harm_ucb"": -0.05640633303206414, ""full_batch_safe"": true}, ""default"": {""crossfit_feasible"": true, ""crossfit_utility"": -2.1650290489196777, ""crossfit_utility_positive"": false, ""full_batch_cur_after"": 5.977991104125977, ""full_batch_cur_before"": 5.945865154266357, ""full_batch_gain"": -0.03212594985961914, ""full_batch_harm"": -0.02434457838535309, ""full_batch_harm_lcb"": -0.02894357657060027, ""full_batch_harm_se"": 0.002346427645534277, ""full_batch_harm_ucb"": -0.019745580200105906, ""full_batch_safe"": true}}, ""guarded_best_reuse"": ""adapter_2"", ""num_adapters"": 3, ""pending_after"": false, ""pending_before"": false, ""policy_version"": ""cau_v1"", ""reason"": ""safe_existing_reuse"", ""utility"": {""batch_n"": 16, ""best_reuse"": ""adapter_2"", ""best_reuse_query_after"": 3.795398712158203, ""best_reuse_utility"": 0.05149650573730469, ""defer_utility"": 0.0, ""fold_a_fresh_utility"": -0.5160675048828125, ""fold_a_query_n"": 8, ""fold_a_support_n"": 8, ""fold_b_fresh_utility"": -0.561920166015625, ""fold_b_query_n"": 8, ""fold_b_support_n"": 8, ""fresh_advantage"": -0.5904903411865234, ""fresh_local_trainability"": 0.030250072479248047, ""fresh_positive"": false, ""fresh_query_after"": 4.385889053344727, ""fresh_query_before"": 4.416139125823975, ""fresh_utility"": -0.5389938354492188, ""reuse_profiles"": {""adapter_1"": {""feasible_both"": true, ""fold_a_harm"": -0.043098464608192444, ""fold_a_lcb"": -0.0459981257468462, ""fold_a_query_after"": 4.769238471984863, ""fold_a_utility"": -0.9285593032836914, ""fold_b_harm"": -0.04178702458739281, ""fold_b_lcb"": -0.04488120385911316, ""fold_b_query_after"": 4.690852165222168, ""fold_b_utility"": -0.8377408981323242, ""harm_lcb_max"": -0.04488120385911316, ""harm_mean"": -0.042442744597792625, ""harm_se_mean"": 0.0015290409210138023, ""harm_ucb_max"": -0.03869284531567246, ""local_trainability"": -0.005068063735961914, ""query_after"": 4.730045318603516, ""query_before"": 4.724977254867554, ""system_utility"": -0.8831501007080078}, ""adapter_2"": {""feasible_both"": true, ""fold_a_harm"": -0.057333946228027344, ""fold_a_lcb"": -0.05925590697210282, ""fold_a_query_after"": 3.78755521774292, ""fold_a_utility"": 0.05312395095825195, ""fold_b_harm"": -0.057153526693582535, ""fold_b_lcb"": -0.05919669941533357, ""fold_b_query_after"": 3.8032422065734863, ""fold_b_utility"": 0.04986906051635742, ""harm_lcb_max"": -0.05919669941533357, ""harm_mean"": -0.05724373646080494, ""harm_se_mean"": 0.001011513639241457, ""harm_ucb_max"": -0.0551103539718315, ""local_trainability"": 0.05149650573730469, ""query_after"": 3.795398712158203, ""query_before"": 3.846895217895508, ""system_utility"": 0.05149650573730469}, ""default"": {""feasible_both"": true, ""fold_a_harm"": -0.024796392768621445, ""fold_a_lcb"": -0.02934323949739337, ""fold_a_query_after"": 6.076211929321289, ""fold_a_utility"": -2.235532760620117, ""fold_b_harm"": -0.024849750101566315, ""fold_b_lcb"": -0.029460965637117625, ""fold_b_query_after"": 5.947636604309082, ""fold_b_utility"": -2.0945253372192383, ""harm_lcb_max"": -0.02934323949739337, ""harm_mean"": -0.02482307143509388, ""harm_se_mean"": 0.0023362403735518456, ""harm_ucb_max"": -0.020238534566015005, ""local_trainability"": -0.06605887413024902, ""query_after"": 6.0119242668151855, ""query_before"": 5.9458653926849365, ""system_utility"": -2.1650290489196777}}, ""status"": ""ok"", ""statusquo_loss"": 3.846895217895508}, ""utility_status"": ""ok""}"
62,C1,C,1,adapter_2,reuse,safe_existing_reuse,3.8553578853607178,3,True,442368,1949415,0,69404468,649805,15595368,973,31.188000731170177,497968128,0.0,25.214932510629296,3.755008904263377,3.8064178228378296,-0.6098929643630981,0.05405151844024658,-0.6639444828033447,False,,"{""best_reuse"": ""adapter_2"", ""best_reuse_utility"": 0.05405151844024658, ""decision"": ""reuse"", ""fresh_advantage"": -0.6639444828033447, ""fresh_positive"": false, ""fresh_utility"": -0.6098929643630981, ""full_batch_guards"": {""adapter_1"": {""crossfit_feasible"": true, ""crossfit_utility"": -1.0044070482254028, ""crossfit_utility_positive"": false, ""full_batch_cur_after"": 4.791656970977783, ""full_batch_cur_before"": 4.804632186889648, ""full_batch_gain"": 0.012975215911865234, ""full_batch_harm"": -0.04179169237613678, ""full_batch_harm_lcb"": -0.04434595781378448, ""full_batch_harm_se"": 0.0013031966518610716, ""full_batch_harm_ucb"": -0.03923742693848908, ""full_batch_safe"": true}, ""adapter_2"": {""crossfit_feasible"": true, ""crossfit_utility"": 0.05405151844024658, ""crossfit_utility_positive"": true, ""full_batch_cur_after"": 3.7431163787841797, ""full_batch_cur_before"": 3.80641770362854, ""full_batch_gain"": 0.06330132484436035, ""full_batch_harm"": -0.05870909243822098, ""full_batch_harm_lcb"": -0.06075617058668285, ""full_batch_harm_se"": 0.0010444276267662644, ""full_batch_harm_ucb"": -0.0566620142897591, ""full_batch_safe"": true}, ""default"": {""crossfit_feasible"": true, ""crossfit_utility"": -2.3106242418289185, ""crossfit_utility_positive"": false, ""full_batch_cur_after"": 6.081690788269043, ""full_batch_cur_before"": 6.045931339263916, ""full_batch_gain"": -0.03575944900512695, ""full_batch_harm"": -0.02421071007847786, ""full_batch_harm_lcb"": -0.028828589208424092, ""full_batch_harm_se"": 0.002356060780584812, ""full_batch_harm_ucb"": -0.019592830948531627, ""full_batch_safe"": true}}, ""guarded_best_reuse"": ""adapter_2"", ""num_adapters"": 3, ""pending_after"": false, ""pending_before"": false, ""policy_version"": ""cau_v1"", ""reason"": ""safe_existing_reuse"", ""utility"": {""batch_n"": 16, ""best_reuse"": ""adapter_2"", ""best_reuse_query_after"": 3.752366304397583, ""best_reuse_utility"": 0.05405151844024658, ""defer_utility"": 0.0, ""fold_a_fresh_utility"": -0.6679983139038086, ""fold_a_query_n"": 8, ""fold_a_support_n"": 8, ""fold_b_fresh_utility"": -0.5517876148223877, ""fold_b_query_n"": 8, ""fold_b_support_n"": 8, ""fresh_advantage"": -0.6639444828033447, ""fresh_local_trainability"": 0.028109073638916016, ""fresh_positive"": false, ""fresh_query_after"": 4.416310787200928, ""fresh_query_before"": 4.444419860839844, ""fresh_utility"": -0.6098929643630981, ""reuse_profiles"": {""adapter_1"": {""feasible_both"": true, ""fold_a_harm"": -0.0419638492166996, ""fold_a_lcb"": -0.044668923541903494, ""fold_a_query_after"": 4.822056770324707, ""fold_a_utility"": -1.058298110961914, ""fold_b_harm"": -0.04216252267360687, ""fold_b_lcb"": -0.045029281117022035, ""fold_b_query_after"": 4.799592971801758, ""fold_b_utility"": -0.9505159854888916, ""harm_lcb_max"": -0.044668923541903494, ""harm_mean"": -0.042063185945153236, ""harm_se_mean"": 0.0014213859103620052, ""harm_ucb_max"": -0.03925877489149571, ""local_trainability"": -0.006192445755004883, ""query_after"": 4.810824871063232, ""query_before"": 4.8046324253082275, ""system_utility"": -1.0044070482254028}, ""adapter_2"": {""feasible_both"": true, ""fold_a_harm"": -0.05784047022461891, ""fold_a_lcb"": -0.060152722191996875, ""fold_a_query_after"": 3.7108378410339355, ""fold_a_utility"": 0.05292081832885742, ""fold_b_harm"": -0.056377045810222626, ""fold_b_lcb"": -0.05845160820521414, ""fold_b_query_after"": 3.7938947677612305, ""fold_b_utility"": 0.05518221855163574, ""harm_lcb_max"": -0.05845160820521414, ""harm_mean"": -0.05710875801742077, ""harm_se_mean"": 0.001119085296522826, ""harm_ucb_max"": -0.05430248341523111, ""local_trainability"": 0.05405151844024658, ""query_after"": 3.752366304397583, ""query_before"": 3.8064178228378296, ""system_utility"": 0.05405151844024658}, ""default"": {""feasible_both"": true, ""fold_a_harm"": -0.02467980608344078, ""fold_a_lcb"": -0.029331925921142102, ""fold_a_query_after"": 6.120222568511963, ""fold_a_utility"": -2.35646390914917, ""fold_b_harm"": -0.02479405328631401, ""fold_b_lcb"": -0.029401558255776762, ""fold_b_query_after"": 6.113861560821533, ""fold_b_utility"": -2.264784574508667, ""harm_lcb_max"": -0.029331925921142102, ""harm_mean"": -0.024736929684877396, ""harm_se_mean"": 0.002362149185501039, ""harm_ucb_max"": -0.02002768624573946, ""local_trainability"": -0.07111096382141113, ""query_after"": 6.117042064666748, ""query_before"": 6.045931100845337, ""system_utility"": -2.3106242418289185}}, ""status"": ""ok"", ""statusquo_loss"": 3.8064178228378296}, ""utility_status"": ""ok""}"
63,C1,C,1,adapter_2,reuse,safe_existing_reuse,3.7274622917175293,3,True,442368,1949415,0,69404468,649805,15595368,989,31.858571806922555,497968128,0.0,25.878494076430798,3.755008904263377,3.705106019973755,-0.6297197341918945,0.06044352054595947,-0.690163254737854,False,,"{""best_reuse"": ""adapter_2"", ""best_reuse_utility"": 0.06044352054595947, ""decision"": ""reuse"", ""fresh_advantage"": -0.690163254737854, ""fresh_positive"": false, ""fresh_utility"": -0.6297197341918945, ""full_batch_guards"": {""adapter_1"": {""crossfit_feasible"": true, ""crossfit_utility"": -0.9978387355804443, ""crossfit_utility_positive"": false, ""full_batch_cur_after"": 4.695316791534424, ""full_batch_cur_before"": 4.710531234741211, ""full_batch_gain"": 0.01521444320678711, ""full_batch_harm"": -0.04207642376422882, ""full_batch_harm_lcb"": -0.04431136900093406, ""full_batch_harm_se"": 0.0011402781819924712, ""full_batch_harm_ucb"": -0.03984147852752358, ""full_batch_safe"": true}, ""adapter_2"": {""crossfit_feasible"": true, ""crossfit_utility"": 0.06044352054595947, ""crossfit_utility_positive"": true, ""full_batch_cur_after"": 3.6402573585510254, ""full_batch_cur_before"": 3.705105781555176, ""full_batch_gain"": 0.06484842300415039, ""full_batch_harm"": -0.06021405756473541, ""full_batch_harm_lcb"": -0.0627597876964137, ""full_batch_harm_se"": 0.0012988419039174914, ""full_batch_harm_ucb"": -0.05766832743305713, ""full_batch_safe"": true}, ""default"": {""crossfit_feasible"": true, ""crossfit_utility"": -2.234426259994507, ""crossfit_utility_positive"": false, ""full_batch_cur_after"": 5.924599647521973, ""full_batch_cur_before"": 5.888025760650635, ""full_batch_gain"": -0.03657388687133789, ""full_batch_harm"": -0.024024993181228638, ""full_batch_harm_lcb"": -0.0286837004031986, ""full_batch_harm_se"": 0.002376891439780593, ""full_batch_harm_ucb"": -0.019366285959258676, ""full_batch_safe"": true}}, ""guarded_best_reuse"": ""adapter_2"", ""num_adapters"": 3, ""pending_after"": false, ""pending_before"": false, ""policy_version"": ""cau_v1"", ""reason"": ""safe_existing_reuse"", ""utility"": {""batch_n"": 16, ""best_reuse"": ""adapter_2"", ""best_reuse_query_after"": 3.6446624994277954, ""best_reuse_utility"": 0.06044352054595947, ""defer_utility"": 0.0, ""fold_a_fresh_utility"": -0.6055283546447754, ""fold_a_query_n"": 8, ""fold_a_support_n"": 8, ""fold_b_fresh_utility"": -0.6539111137390137, ""fold_b_query_n"": 8, ""fold_b_support_n"": 8, ""fresh_advantage"": -0.690163254737854, ""fresh_local_trainability"": 0.057596445083618164, ""fresh_positive"": false, ""fresh_query_after"": 4.334825754165649, ""fresh_query_before"": 4.392422199249268, ""fresh_utility"": -0.6297197341918945, ""reuse_profiles"": {""adapter_1"": {""feasible_both"": true, ""fold_a_harm"": -0.042642854154109955, ""fold_a_lcb"": -0.04503819021862, ""fold_a_query_after"": 4.722336769104004, ""fold_a_utility"": -1.007516860961914, ""fold_b_harm"": -0.04217241331934929, ""fold_b_lcb"": -0.04465113672427833, ""fold_b_query_after"": 4.6835527420043945, ""fold_b_utility"": -0.9881606101989746, ""harm_lcb_max"": -0.04465113672427833, ""harm_mean"": -0.04240763373672962, ""harm_se_mean"": 0.0012433825177140534, ""harm_ucb_max"": -0.039693689914420245, ""local_trainability"": 0.007586240768432617, ""query_after"": 4.702944755554199, ""query_before"": 4.710530996322632, ""system_utility"": -0.9978387355804443}, ""adapter_2"": {""feasible_both"": true, ""fold_a_harm"": -0.05971074849367142, ""fold_a_lcb"": -0.062031912938691675, ""fold_a_query_after"": 3.651473045349121, ""fold_a_utility"": 0.06334686279296875, ""fold_b_harm"": -0.05892987176775932, ""fold_b_lcb"": -0.061630848315544426, ""fold_b_query_after"": 3.6378519535064697, ""fold_b_utility"": 0.057540178298950195, ""harm_lcb_max"": -0.061630848315544426, ""harm_mean"": -0.05932031013071537, ""harm_se_mean"": 0.00128115841653198, ""harm_ucb_max"": -0.05622889521997422, ""local_trainability"": 0.06044352054595947, ""query_after"": 3.6446624994277954, ""query_before"": 3.705106019973755, ""system_utility"": 0.06044352054595947}, ""default"": {""feasible_both"": true, ""fold_a_harm"": -0.02433871477842331, ""fold_a_lcb"": -0.028978832205757497, ""fold_a_query_after"": 5.981448650360107, ""fold_a_utility"": -2.2666287422180176, ""fold_b_harm"": -0.024408258497714996, ""fold_b_lcb"": -0.02905865105800331, ""fold_b_query_after"": 5.897615909576416, ""fold_b_utility"": -2.202223777770996, ""harm_lcb_max"": -0.028978832205757497, ""harm_mean"": -0.024373486638069153, ""harm_se_mean"": 0.002370028058066964, ""harm_ucb_max"": -0.01969859735108912, ""local_trainability"": -0.05150628089904785, ""query_after"": 5.939532279968262, ""query_before"": 5.888025999069214, ""system_utility"": -2.234426259994507}}, ""status"": ""ok"", ""statusquo_loss"": 3.705106019973755}, ""utility_status"": ""ok""}"
64,C1,C,1,adapter_2,reuse,safe_existing_reuse,3.6424813270568848,3,True,442368,1949415,0,69404468,649805,15595368,1002,32.58213308826089,497968128,0.0,26.594890128821135,3.755008904263377,3.6192758816939135,-0.7584980267744797,0.05457678207984337,-0.8130748088543231,False,,"{""best_reuse"": ""adapter_2"", ""best_reuse_utility"": 0.05457678207984337, ""decision"": ""reuse"", ""fresh_advantage"": -0.8130748088543231, ""fresh_positive"": false, ""fresh_utility"": -0.7584980267744797, ""full_batch_guards"": {""adapter_1"": {""crossfit_feasible"": true, ""crossfit_utility"": -1.085396748322707, ""crossfit_utility_positive"": false, ""full_batch_cur_after"": 4.6830878257751465, ""full_batch_cur_before"": 4.698596477508545, ""full_batch_gain"": 0.015508651733398438, ""full_batch_harm"": -0.04236254096031189, ""full_batch_harm_lcb"": -0.044664176674559714, ""full_batch_harm_se"": 0.001174303935840726, ""full_batch_harm_ucb"": -0.040060905246064066, ""full_batch_safe"": true}, ""adapter_2"": {""crossfit_feasible"": true, ""crossfit_utility"": 0.05457678207984337, ""crossfit_utility_positive"": true, ""full_batch_cur_after"": 3.5541083812713623, ""full_batch_cur_before"": 3.6192758083343506, ""full_batch_gain"": 0.06516742706298828, ""full_batch_harm"": -0.0617595836520195, ""full_batch_harm_lcb"": -0.06452856244985014, ""full_batch_harm_se"": 0.00141274428460747, ""full_batch_harm_ucb"": -0.05899060485418886, ""full_batch_safe"": true}, ""default"": {""crossfit_feasible"": true, ""crossfit_utility"": -2.3144557842841516, ""crossfit_utility_positive"": false, ""full_batch_cur_after"": 5.890161514282227, ""full_batch_cur_before"": 5.8557586669921875, ""full_batch_gain"": -0.03440284729003906, ""full_batch_harm"": -0.024145476520061493, ""full_batch_harm_lcb"": -0.028906986182555557, ""full_batch_harm_se"": 0.0024293416645377874, ""full_batch_harm_ucb"": -0.01938396685756743, ""full_batch_safe"": true}}, ""guarded_best_reuse"": ""adapter_2"", ""num_adapters"": 3, ""pending_after"": false, ""pending_before"": false, ""policy_version"": ""cau_v1"", ""reason"": ""safe_existing_reuse"", ""utility"": {""batch_n"": 13, ""best_reuse"": ""adapter_2"", ""best_reuse_query_after"": 3.56469909961407, ""best_reuse_utility"": 0.05457678207984337, ""defer_utility"": 0.0, ""fold_a_fresh_utility"": -0.6906883716583252, ""fold_a_query_n"": 6, ""fold_a_support_n"": 7, ""fold_b_fresh_utility"": -0.8166205883026123, ""fold_b_query_n"": 7, ""fold_b_support_n"": 6, ""fresh_advantage"": -0.8130748088543231, ""fresh_local_trainability"": 0.007957935333251953, ""fresh_positive"": false, ""fresh_query_after"": 4.377773908468393, ""fresh_query_before"": 4.385731843801645, ""fresh_utility"": -0.7584980267744797, ""reuse_profiles"": {""adapter_1"": {""feasible_both"": true, ""fold_a_harm"": -0.0430837906897068, ""fold_a_lcb"": -0.04599589780904353, ""fold_a_query_after"": 4.790935516357422, ""fold_a_utility"": -1.1063988208770752, ""fold_b_harm"": -0.04264668747782707, ""fold_b_lcb"": -0.04502039218787104, ""fold_b_query_after"": 4.630733013153076, ""fold_b_utility"": -1.0673949718475342, ""harm_lcb_max"": -0.04502039218787104, ""harm_mean"": -0.04286523908376694, ""harm_se_mean"": 0.0013484213850460947, ""harm_ucb_max"": -0.04017168357037008, ""local_trainability"": -0.0060763725867638224, ""query_after"": 4.704672630016621, ""query_before"": 4.698596257429856, ""system_utility"": -1.085396748322707}, ""adapter_2"": {""feasible_both"": true, ""fold_a_harm"": -0.06042757257819176, ""fold_a_lcb"": -0.06315678862854839, ""fold_a_query_after"": 3.62934947013855, ""fold_a_utility"": 0.055187225341796875, ""fold_b_harm"": -0.05927447974681854, ""fold_b_lcb"": -0.062397769005037844, ""fold_b_query_after"": 3.509284496307373, ""fold_b_utility"": 0.054053544998168945, ""harm_lcb_max"": -0.062397769005037844, ""harm_mean"": -0.05985102616250515, ""harm_se_mean"": 0.0014929860481061041, ""harm_ucb_max"": -0.05615119048859924, ""local_trainability"": 0.05457678207984337, ""query_after"": 3.56469909961407, ""query_before"": 3.6192758816939135, ""system_utility"": 0.05457678207984337}, ""default"": {""feasible_both"": true, ""fold_a_harm"": -0.024967506527900696, ""fold_a_lcb"": -0.029682215414941312, ""fold_a_query_after"": 5.986812114715576, ""fold_a_utility"": -2.3022754192352295, ""fold_b_harm"": -0.025023330003023148, ""fold_b_lcb"": -0.029706781785935162, ""fold_b_query_after"": 5.8882341384887695, ""fold_b_utility"": -2.3248960971832275, ""harm_lcb_max"": -0.029682215414941312, ""harm_mean"": -0.02499541826546192, ""harm_se_mean"": 0.0023974899668246508, ""harm_ucb_max"": -0.02025279764086008, ""local_trainability"": -0.07797332910391, ""query_after"": 5.933731665978065, ""query_before"": 5.855758336874155, ""system_utility"": -2.3144557842841516}}, ""status"": ""ok"", ""statusquo_loss"": 3.6192758816939135}, ""utility_status"": ""ok""}"
65,B2,B,2,adapter_1,reuse,safe_existing_reuse,3.3664064407348633,3,True,442368,1949415,0,69404468,649805,15595368,1018,35.435668025165796,506399232,0.0,27.248487317934632,5.944448145106435,4.590972185134888,0.28050732612609863,1.2891755104064941,-1.0086681842803955,False,,"{""best_reuse"": ""adapter_1"", ""best_reuse_utility"": 1.2891755104064941, ""decision"": ""reuse"", ""fresh_advantage"": -1.0086681842803955, ""fresh_positive"": false, ""fresh_utility"": 0.28050732612609863, ""full_batch_guards"": {""adapter_1"": {""crossfit_feasible"": true, ""crossfit_utility"": 1.2891755104064941, ""crossfit_utility_positive"": true, ""full_batch_cur_after"": 3.294865131378174, ""full_batch_cur_before"": 3.353557586669922, ""full_batch_gain"": 0.05869245529174805, ""full_batch_harm"": -0.0514080785214901, ""full_batch_harm_lcb"": -0.055682619167491794, ""full_batch_harm_se"": 0.002180888084694743, ""full_batch_harm_ucb"": -0.0471335378754884, ""full_batch_safe"": true}, ""adapter_2"": {""crossfit_feasible"": true, ""crossfit_utility"": -0.012053728103637695, ""crossfit_utility_positive"": false, ""full_batch_cur_after"": 4.585129737854004, ""full_batch_cur_before"": 4.590971946716309, ""full_batch_gain"": 0.0058422088623046875, ""full_batch_harm"": -0.05058316886425018, ""full_batch_harm_lcb"": -0.05308452644851059, ""full_batch_harm_se"": 0.001276202849112451, ""full_batch_harm_ucb"": -0.048081811279989776, ""full_batch_safe"": true}, ""default"": {""crossfit_feasible"": true, ""crossfit_utility"": -0.7896084785461426, ""crossfit_utility_positive"": false, ""full_batch_cur_after"": 5.3625898361206055, ""full_batch_cur_before"": 5.333366394042969, ""full_batch_gain"": -0.02922344207763672, ""full_batch_harm"": -0.02427458018064499, ""full_batch_harm_lcb"": -0.02894145192578435, ""full_batch_harm_se"": 0.0023810570128262043, ""full_batch_harm_ucb"": -0.01960770843550563, ""full_batch_safe"": true}}, ""guarded_best_reuse"": ""adapter_1"", ""num_adapters"": 3, ""pending_after"": false, ""pending_before"": false, ""policy_version"": ""cau_v1"", ""reason"": ""safe_existing_reuse"", ""utility"": {""batch_n"": 16, ""best_reuse"": ""adapter_1"", ""best_reuse_query_after"": 3.3017966747283936, ""best_reuse_utility"": 1.2891755104064941, ""defer_utility"": 0.0, ""fold_a_fresh_utility"": 0.3092470169067383, ""fold_a_query_n"": 8, ""fold_a_support_n"": 8, ""fold_b_fresh_utility"": 0.251767635345459, ""fold_b_query_n"": 8, ""fold_b_support_n"": 8, ""fresh_advantage"": -1.0086681842803955, ""fresh_local_trainability"": 0.037503957748413086, ""fresh_positive"": false, ""fresh_query_after"": 4.310464859008789, ""fresh_query_before"": 4.347968816757202, ""fresh_utility"": 0.28050732612609863, ""reuse_profiles"": {""adapter_1"": {""feasible_both"": true, ""fold_a_harm"": -0.049965567886829376, ""fold_a_lcb"": -0.0542003660928458, ""fold_a_query_after"": 3.2976231575012207, ""fold_a_utility"": 1.3371939659118652, ""fold_b_harm"": -0.04988580942153931, ""fold_b_lcb"": -0.05399367578327656, ""fold_b_query_after"": 3.3059701919555664, ""fold_b_utility"": 1.241157054901123, ""harm_lcb_max"": -0.05399367578327656, ""harm_mean"": -0.04992568865418434, ""harm_se_mean"": 0.0021282307570800185, ""harm_ucb_max"": -0.04573076968081295, ""local_trainability"": 0.05176079273223877, ""query_after"": 3.3017966747283936, ""query_before"": 3.3535574674606323, ""system_utility"": 1.2891755104064941}, ""adapter_2"": {""feasible_both"": true, ""fold_a_harm"": -0.05168239027261734, ""fold_a_lcb"": -0.05411818912252784, ""fold_a_query_after"": 4.64727783203125, ""fold_a_utility"": -0.012460708618164062, ""fold_b_harm"": -0.051273223012685776, ""fold_b_lcb"": -0.05365604578517377, ""fold_b_query_after"": 4.558773994445801, ""fold_b_utility"": -0.011646747589111328, ""harm_lcb_max"": -0.05365604578517377, ""harm_mean"": -0.05147780664265156, ""harm_se_mean"": 0.0012292402097955346, ""harm_ucb_max"": -0.04889040024019778, ""local_trainability"": -0.012053728103637695, ""query_after"": 4.603025913238525, ""query_before"": 4.590972185134888, ""system_utility"": -0.012053728103637695}, ""default"": {""feasible_both"": true, ""fold_a_harm"": -0.02446082979440689, ""fold_a_lcb"": -0.029115352304652335, ""fold_a_query_after"": 5.472066879272461, ""fold_a_utility"": -0.837249755859375, ""fold_b_harm"": -0.02465866506099701, ""fold_b_lcb"": -0.029281139615923164, ""fold_b_query_after"": 5.2890944480896, ""fold_b_utility"": -0.7419672012329102, ""harm_lcb_max"": -0.029115352304652335, ""harm_mean"": -0.02455974742770195, ""harm_se_mean"": 0.0023665808839723468, ""harm_ucb_max"": -0.019806307284161447, ""local_trainability"": -0.04721426963806152, ""query_after"": 5.38058066368103, ""query_before"": 5.333366394042969, ""system_utility"": -0.7896084785461426}}, ""status"": ""ok"", ""statusquo_loss"": 4.590972185134888}, ""utility_status"": ""ok""}"
66,B2,B,2,adapter_1,reuse,safe_existing_reuse,3.3261117935180664,3,True,442368,1949415,0,69404468,649805,15595368,1034,36.112766586244106,506399232,0.0,27.918361891061068,5.944448145106435,3.3153551816940308,-0.9751399755477905,0.05130481719970703,-1.0264447927474976,False,,"{""best_reuse"": ""adapter_1"", ""best_reuse_utility"": 0.05130481719970703, ""decision"": ""reuse"", ""fresh_advantage"": -1.0264447927474976, ""fresh_positive"": false, ""fresh_utility"": -0.9751399755477905, ""full_batch_guards"": {""adapter_1"": {""crossfit_feasible"": true, ""crossfit_utility"": 0.05130481719970703, ""crossfit_utility_positive"": true, ""full_batch_cur_after"": 3.256568193435669, ""full_batch_cur_before"": 3.3153553009033203, ""full_batch_gain"": 0.05878710746765137, ""full_batch_harm"": -0.05779143050312996, ""full_batch_harm_lcb"": -0.059734020004980265, ""full_batch_harm_se"": 0.0009911170927807689, ""full_batch_harm_ucb"": -0.05584884100127965, ""full_batch_safe"": true}, ""adapter_2"": {""crossfit_feasible"": true, ""crossfit_utility"": -1.2519129514694214, ""crossfit_utility_positive"": false, ""full_batch_cur_after"": 4.547792434692383, ""full_batch_cur_before"": 4.553194999694824, ""full_batch_gain"": 0.005402565002441406, ""full_batch_harm"": -0.050395943224430084, ""full_batch_harm_lcb"": -0.052956648874096575, ""full_batch_harm_se"": 0.0013064824743196368, ""full_batch_harm_ucb"": -0.047835237574763594, ""full_batch_safe"": true}, ""default"": {""crossfit_feasible"": true, ""crossfit_utility"": -1.9720927476882935, ""crossfit_utility_positive"": false, ""full_batch_cur_after"": 5.270476341247559, ""full_batch_cur_before"": 5.240255355834961, ""full_batch_gain"": -0.030220985412597656, ""full_batch_harm"": -0.024433188140392303, ""full_batch_harm_lcb"": -0.028807246889919043, ""full_batch_harm_se"": 0.0022316626273095608, ""full_batch_harm_ucb"": -0.020059129390865564, ""full_batch_safe"": true}}, ""guarded_best_reuse"": ""adapter_1"", ""num_adapters"": 3, ""pending_after"": false, ""pending_before"": false, ""policy_version"": ""cau_v1"", ""reason"": ""safe_existing_reuse"", ""utility"": {""batch_n"": 16, ""best_reuse"": ""adapter_1"", ""best_reuse_query_after"": 3.2640503644943237, ""best_reuse_utility"": 0.05130481719970703, ""defer_utility"": 0.0, ""fold_a_fresh_utility"": -0.921736478805542, ""fold_a_query_n"": 8, ""fold_a_support_n"": 8, ""fold_b_fresh_utility"": -1.028543472290039, ""fold_b_query_n"": 8, ""fold_b_support_n"": 8, ""fresh_advantage"": -1.0264447927474976, ""fresh_local_trainability"": 0.028410673141479492, ""fresh_positive"": false, ""fresh_query_after"": 4.290495157241821, ""fresh_query_before"": 4.318905830383301, ""fresh_utility"": -0.9751399755477905, ""reuse_profiles"": {""adapter_1"": {""feasible_both"": true, ""fold_a_harm"": -0.05595186725258827, ""fold_a_lcb"": -0.05848728985060006, ""fold_a_query_after"": 3.272458076477051, ""fold_a_utility"": 0.048502206802368164, ""fold_b_harm"": -0.05627497658133507, ""fold_b_lcb"": -0.05781534112989903, ""fold_b_query_after"": 3.2556426525115967, ""fold_b_utility"": 0.0541074275970459, ""harm_lcb_max"": -0.05781534112989903, ""harm_mean"": -0.05611342191696167, ""harm_se_mean"": 0.0010397416190244257, ""harm_ucb_max"": -0.053416444654576484, ""local_trainability"": 0.05130481719970703, ""query_after"": 3.2640503644943237, ""query_before"": 3.3153551816940308, ""system_utility"": 0.05130481719970703}, ""adapter_2"": {""feasible_both"": true, ""fold_a_harm"": -0.051384713500738144, ""fold_a_lcb"": -0.05388477619737387, ""fold_a_query_after"": 4.500021934509277, ""fold_a_utility"": -1.1790616512298584, ""fold_b_harm"": -0.051269419491291046, ""fold_b_lcb"": -0.053883062885142864, ""fold_b_query_after"": 4.634514331817627, ""fold_b_utility"": -1.3247642517089844, ""harm_lcb_max"": -0.053883062885142864, ""harm_mean"": -0.051327066496014595, ""harm_se_mean"": 0.00130451685981825, ""harm_ucb_max"": -0.04865577609743923, ""local_trainability"": -0.014073848724365234, ""query_after"": 4.567268133163452, ""query_before"": 4.553194284439087, ""system_utility"": -1.2519129514694214}, ""default"": {""feasible_both"": true, ""fold_a_harm"": -0.024622473865747452, ""fold_a_lcb"": -0.029185665613040326, ""fold_a_query_after"": 5.262120246887207, ""fold_a_utility"": -1.941159963607788, ""fold_b_harm"": -0.024839546531438828, ""fold_b_lcb"": -0.029138386799022555, ""fold_b_query_after"": 5.312775611877441, ""fold_b_utility"": -2.003025531768799, ""harm_lcb_max"": -0.029138386799022555, ""harm_mean"": -0.02473101019859314, ""harm_se_mean"": 0.002260722452774644, ""harm_ucb_max"": -0.020059282118454577, ""local_trainability"": -0.04719257354736328, ""query_after"": 5.287447929382324, ""query_before"": 5.240255355834961, ""system_utility"": -1.9720927476882935}}, ""status"": ""ok"", ""statusquo_loss"": 3.3153551816940308}, ""utility_status"": ""ok""}"
67,B2,B,2,adapter_1,reuse,safe_existing_reuse,3.2723498344421387,3,True,442368,1949415,0,69404468,649805,15595368,1050,36.78935574181378,506399232,0.0,28.58777536638081,5.944448145106435,3.28533399105072,-0.9654279947280884,0.055892348289489746,-1.0213203430175781,False,,"{""best_reuse"": ""adapter_1"", ""best_reuse_utility"": 0.055892348289489746, ""decision"": ""reuse"", ""fresh_advantage"": -1.0213203430175781, ""fresh_positive"": false, ""fresh_utility"": -0.9654279947280884, ""full_batch_guards"": {""adapter_1"": {""crossfit_feasible"": true, ""crossfit_utility"": 0.055892348289489746, ""crossfit_utility_positive"": true, ""full_batch_cur_after"": 3.224839925765991, ""full_batch_cur_before"": 3.2853341102600098, ""full_batch_gain"": 0.060494184494018555, ""full_batch_harm"": -0.054908305406570435, ""full_batch_harm_lcb"": -0.058712374018505216, ""full_batch_harm_se"": 0.0019408513326197863, ""full_batch_harm_ucb"": -0.05110423679463565, ""full_batch_safe"": true}, ""adapter_2"": {""crossfit_feasible"": true, ""crossfit_utility"": -1.230211853981018, ""crossfit_utility_positive"": false, ""full_batch_cur_after"": 4.505698204040527, ""full_batch_cur_before"": 4.514243125915527, ""full_batch_gain"": 0.008544921875, ""full_batch_harm"": -0.05110182613134384, ""full_batch_harm_lcb"": -0.05357795177493244, ""full_batch_harm_se"": 0.001263329409994185, ""full_batch_harm_ucb"": -0.04862570048775524, ""full_batch_safe"": true}, ""default"": {""crossfit_feasible"": true, ""crossfit_utility"": -2.143102288246155, ""crossfit_utility_positive"": false, ""full_batch_cur_after"": 5.418062210083008, ""full_batch_cur_before"": 5.391103744506836, ""full_batch_gain"": -0.026958465576171875, ""full_batch_harm"": -0.025233417749404907, ""full_batch_harm_lcb"": -0.029342542719095945, ""full_batch_harm_se"": 0.0020964923314750195, ""full_batch_harm_ucb"": -0.02112429277971387, ""full_batch_safe"": true}}, ""guarded_best_reuse"": ""adapter_1"", ""num_adapters"": 3, ""pending_after"": false, ""pending_before"": false, ""policy_version"": ""cau_v1"", ""reason"": ""safe_existing_reuse"", ""utility"": {""batch_n"": 16, ""best_reuse"": ""adapter_1"", ""best_reuse_query_after"": 3.2294416427612305, ""best_reuse_utility"": 0.055892348289489746, ""defer_utility"": 0.0, ""fold_a_fresh_utility"": -0.9684731960296631, ""fold_a_query_n"": 8, ""fold_a_support_n"": 8, ""fold_b_fresh_utility"": -0.9623827934265137, ""fold_b_query_n"": 8, ""fold_b_support_n"": 8, ""fresh_advantage"": -1.0213203430175781, ""fresh_local_trainability"": 0.0600583553314209, ""fresh_positive"": false, ""fresh_query_after"": 4.250761985778809, ""fresh_query_before"": 4.3108203411102295, ""fresh_utility"": -0.9654279947280884, ""reuse_profiles"": {""adapter_1"": {""feasible_both"": true, ""fold_a_harm"": -0.05399678647518158, ""fold_a_lcb"": -0.05796408805064857, ""fold_a_query_after"": 3.2433362007141113, ""fold_a_utility"": 0.05537772178649902, ""fold_b_harm"": -0.053678154945373535, ""fold_b_lcb"": -0.057329511241987346, ""fold_b_query_after"": 3.2155470848083496, ""fold_b_utility"": 0.05640697479248047, ""harm_lcb_max"": -0.057329511241987346, ""harm_mean"": -0.05383747071027756, ""harm_se_mean"": 0.0019435351714491844, ""harm_ucb_max"": -0.050026798648759724, ""local_trainability"": 0.055892348289489746, ""query_after"": 3.2294416427612305, ""query_before"": 3.28533399105072, ""system_utility"": 0.055892348289489746}, ""adapter_2"": {""feasible_both"": true, ""fold_a_harm"": -0.051511626690626144, ""fold_a_lcb"": -0.05404263708740473, ""fold_a_query_after"": 4.512667655944824, ""fold_a_utility"": -1.2139537334442139, ""fold_b_harm"": -0.05183029919862747, ""fold_b_lcb"": -0.05428992329631001, ""fold_b_query_after"": 4.518424034118652, ""fold_b_utility"": -1.2464699745178223, ""harm_lcb_max"": -0.05404263708740473, ""harm_mean"": -0.05167096294462681, ""harm_se_mean"": 0.0012731210445053875, ""harm_ucb_max"": -0.04898061629384756, ""local_trainability"": -0.0013027191162109375, ""query_after"": 4.515545845031738, ""query_before"": 4.514243125915527, ""system_utility"": -1.230211853981018}, ""default"": {""feasible_both"": true, ""fold_a_harm"": -0.025163616985082626, ""fold_a_lcb"": -0.02943436720408499, ""fold_a_query_after"": 5.5598554611206055, ""fold_a_utility"": -2.261141538619995, ""fold_b_harm"": -0.02577168494462967, ""fold_b_lcb"": -0.02987802299670875, ""fold_b_query_after"": 5.2970170974731445, ""fold_b_utility"": -2.0250630378723145, ""harm_lcb_max"": -0.02943436720408499, ""harm_mean"": -0.025467650964856148, ""harm_se_mean"": 0.0021370123140513897, ""harm_ucb_max"": -0.02089286676608026, ""local_trainability"": -0.037332773208618164, ""query_after"": 5.428436279296875, ""query_before"": 5.391103506088257, ""system_utility"": -2.143102288246155}}, ""status"": ""ok"", ""statusquo_loss"": 3.28533399105072}, ""utility_status"": ""ok""}"
68,B2,B,2,adapter_1,reuse,safe_existing_reuse,3.2509684562683105,3,True,442368,1949415,0,69404468,649805,15595368,1066,37.46601402014494,506399232,0.0,29.257277937605977,5.944448145106435,3.2017524242401123,-1.0796878337860107,0.054123640060424805,-1.1338114738464355,False,,"{""best_reuse"": ""adapter_1"", ""best_reuse_utility"": 0.054123640060424805, ""decision"": ""reuse"", ""fresh_advantage"": -1.1338114738464355, ""fresh_positive"": false, ""fresh_utility"": -1.0796878337860107, ""full_batch_guards"": {""adapter_1"": {""crossfit_feasible"": true, ""crossfit_utility"": 0.054123640060424805, ""crossfit_utility_positive"": true, ""full_batch_cur_after"": 3.140939712524414, ""full_batch_cur_before"": 3.2017526626586914, ""full_batch_gain"": 0.060812950134277344, ""full_batch_harm"": -0.05450091138482094, ""full_batch_harm_lcb"": -0.05858221874572336, ""full_batch_harm_se"": 0.0020822996739298105, ""full_batch_harm_ucb"": -0.05041960402391851, ""full_batch_safe"": true}, ""adapter_2"": {""crossfit_feasible"": true, ""crossfit_utility"": -1.3533260822296143, ""crossfit_utility_positive"": false, ""full_batch_cur_after"": 4.538557529449463, ""full_batch_cur_before"": 4.544181823730469, ""full_batch_gain"": 0.005624294281005859, ""full_batch_harm"": -0.05046192556619644, ""full_batch_harm_lcb"": -0.05291014164686203, ""full_batch_harm_se"": 0.0012490898370742798, ""full_batch_harm_ucb"": -0.04801370948553085, ""full_batch_safe"": true}, ""default"": {""crossfit_feasible"": true, ""crossfit_utility"": -2.1106815338134766, ""crossfit_utility_positive"": false, ""full_batch_cur_after"": 5.295123100280762, ""full_batch_cur_before"": 5.265119552612305, ""full_batch_gain"": -0.03000354766845703, ""full_batch_harm"": -0.024270769208669662, ""full_batch_harm_lcb"": -0.02858674625866115, ""full_batch_harm_se"": 0.0022020291071385145, ""full_batch_harm_ucb"": -0.019954792158678174, ""full_batch_safe"": true}}, ""guarded_best_reuse"": ""adapter_1"", ""num_adapters"": 3, ""pending_after"": false, ""pending_before"": false, ""policy_version"": ""cau_v1"", ""reason"": ""safe_existing_reuse"", ""utility"": {""batch_n"": 16, ""best_reuse"": ""adapter_1"", ""best_reuse_query_after"": 3.1476287841796875, ""best_reuse_utility"": 0.054123640060424805, ""defer_utility"": 0.0, ""fold_a_fresh_utility"": -1.0528626441955566, ""fold_a_query_n"": 8, ""fold_a_support_n"": 8, ""fold_b_fresh_utility"": -1.1065130233764648, ""fold_b_query_n"": 8, ""fold_b_support_n"": 8, ""fresh_advantage"": -1.1338114738464355, ""fresh_local_trainability"": 0.036042213439941406, ""fresh_positive"": false, ""fresh_query_after"": 4.281440258026123, ""fresh_query_before"": 4.3174824714660645, ""fresh_utility"": -1.0796878337860107, ""reuse_profiles"": {""adapter_1"": {""feasible_both"": true, ""fold_a_harm"": -0.05309586599469185, ""fold_a_lcb"": -0.05754771018400788, ""fold_a_query_after"": 3.1878974437713623, ""fold_a_utility"": 0.050607919692993164, ""fold_b_harm"": -0.05358066409826279, ""fold_b_lcb"": -0.057315729688853026, ""fold_b_query_after"": 3.1073601245880127, ""fold_b_utility"": 0.057639360427856445, ""harm_lcb_max"": -0.057315729688853026, ""harm_mean"": -0.05333826504647732, ""harm_se_mean"": 0.002088497392833233, ""harm_ucb_max"": -0.04864402180537582, ""local_trainability"": 0.054123640060424805, ""query_after"": 3.1476287841796875, ""query_before"": 3.2017524242401123, ""system_utility"": 0.054123640060424805}, ""adapter_2"": {""feasible_both"": true, ""fold_a_harm"": -0.05135875195264816, ""fold_a_lcb"": -0.05384924206417054, ""fold_a_query_after"": 4.533802032470703, ""fold_a_utility"": -1.2952966690063477, ""fold_b_harm"": -0.05116720497608185, ""fold_b_lcb"": -0.053515439303591844, ""fold_b_query_after"": 4.57635498046875, ""fold_b_utility"": -1.4113554954528809, ""harm_lcb_max"": -0.053515439303591844, ""harm_mean"": -0.051262978464365005, ""harm_se_mean"": 0.0012343684793449938, ""harm_ucb_max"": -0.04881897064857185, ""local_trainability"": -0.010896682739257812, ""query_after"": 4.555078506469727, ""query_before"": 4.544181823730469, ""system_utility"": -1.3533260822296143}, ""default"": {""feasible_both"": true, ""fold_a_harm"": -0.0247020423412323, ""fold_a_lcb"": -0.02926322159357369, ""fold_a_query_after"": 5.395313262939453, ""fold_a_utility"": -2.1568078994750977, ""fold_b_harm"": -0.02484067529439926, ""fold_b_lcb"": -0.029081939039751887, ""fold_b_query_after"": 5.229554653167725, ""fold_b_utility"": -2.0645551681518555, ""harm_lcb_max"": -0.029081939039751887, ""harm_mean"": -0.02477135881781578, ""harm_se_mean"": 0.0022455211728811264, ""harm_ucb_max"": -0.02014086308889091, ""local_trainability"": -0.04731440544128418, ""query_after"": 5.312433958053589, ""query_before"": 5.265119552612305, ""system_utility"": -2.1106815338134766}}, ""status"": ""ok"", ""statusquo_loss"": 3.2017524242401123}, ""utility_status"": ""ok""}"
69,B2,B,2,adapter_1,reuse,safe_existing_reuse,3.2309913635253906,3,True,442368,1949415,0,69404468,649805,15595368,1082,38.18266022205353,506399232,0.0,29.96650145202875,5.944448145106435,3.2109813690185547,-1.053098201751709,0.051699042320251465,-1.1047972440719604,False,,"{""best_reuse"": ""adapter_1"", ""best_reuse_utility"": 0.051699042320251465, ""decision"": ""reuse"", ""fresh_advantage"": -1.1047972440719604, ""fresh_positive"": false, ""fresh_utility"": -1.053098201751709, ""full_batch_guards"": {""adapter_1"": {""crossfit_feasible"": true, ""crossfit_utility"": 0.051699042320251465, ""crossfit_utility_positive"": true, ""full_batch_cur_after"": 3.154381513595581, ""full_batch_cur_before"": 3.2109811305999756, ""full_batch_gain"": 0.05659961700439453, ""full_batch_harm"": -0.05388379469513893, ""full_batch_harm_lcb"": -0.057714483458548786, ""full_batch_harm_se"": 0.0019544330425560474, ""full_batch_harm_ucb"": -0.050053105931729076, ""full_batch_safe"": true}, ""adapter_2"": {""crossfit_feasible"": true, ""crossfit_utility"": -1.3085455894470215, ""crossfit_utility_positive"": false, ""full_batch_cur_after"": 4.5072784423828125, ""full_batch_cur_before"": 4.516097068786621, ""full_batch_gain"": 0.008818626403808594, ""full_batch_harm"": -0.05094333738088608, ""full_batch_harm_lcb"": -0.05353105997666716, ""full_batch_harm_se"": 0.001320266630500555, ""full_batch_harm_ucb"": -0.04835561478510499, ""full_batch_safe"": true}, ""default"": {""crossfit_feasible"": true, ""crossfit_utility"": -2.1674113273620605, ""crossfit_utility_positive"": false, ""full_batch_cur_after"": 5.36549711227417, ""full_batch_cur_before"": 5.337593078613281, ""full_batch_gain"": -0.027904033660888672, ""full_batch_harm"": -0.024815775454044342, ""full_batch_harm_lcb"": -0.029010475724935533, ""full_batch_harm_se"": 0.0021401531994342804, ""full_batch_harm_ucb"": -0.02062107518315315, ""full_batch_safe"": true}}, ""guarded_best_reuse"": ""adapter_1"", ""num_adapters"": 3, ""pending_after"": false, ""pending_before"": false, ""policy_version"": ""cau_v1"", ""reason"": ""safe_existing_reuse"", ""utility"": {""batch_n"": 16, ""best_reuse"": ""adapter_1"", ""best_reuse_query_after"": 3.1592823266983032, ""best_reuse_utility"": 0.051699042320251465, ""defer_utility"": 0.0, ""fold_a_fresh_utility"": -1.0236763954162598, ""fold_a_query_n"": 8, ""fold_a_support_n"": 8, ""fold_b_fresh_utility"": -1.0825200080871582, ""fold_b_query_n"": 8, ""fold_b_support_n"": 8, ""fresh_advantage"": -1.1047972440719604, ""fresh_local_trainability"": 0.051818132400512695, ""fresh_positive"": false, ""fresh_query_after"": 4.264079570770264, ""fresh_query_before"": 4.315897703170776, ""fresh_utility"": -1.053098201751709, ""reuse_profiles"": {""adapter_1"": {""feasible_both"": true, ""fold_a_harm"": -0.05319603160023689, ""fold_a_lcb"": -0.05718843779526651, ""fold_a_query_after"": 3.1728408336639404, ""fold_a_utility"": 0.050740957260131836, ""fold_b_harm"": -0.05269048735499382, ""fold_b_lcb"": -0.056402108520269396, ""fold_b_query_after"": 3.145723819732666, ""fold_b_utility"": 0.052657127380371094, ""harm_lcb_max"": -0.056402108520269396, ""harm_mean"": -0.052943259477615356, ""harm_se_mean"": 0.001965313102118671, ""harm_ucb_max"": -0.048978866189718244, ""local_trainability"": 0.051699042320251465, ""query_after"": 3.1592823266983032, ""query_before"": 3.2109813690185547, ""system_utility"": 0.051699042320251465}, ""adapter_2"": {""feasible_both"": true, ""fold_a_harm"": -0.05134650319814682, ""fold_a_lcb"": -0.053988335211761294, ""fold_a_query_after"": 4.4869232177734375, ""fold_a_utility"": -1.2633414268493652, ""fold_b_harm"": -0.05188397318124771, ""fold_b_lcb"": -0.05453251282684505, ""fold_b_query_after"": 4.552130699157715, ""fold_b_utility"": -1.3537497520446777, ""harm_lcb_max"": -0.053988335211761294, ""harm_mean"": -0.051615238189697266, ""harm_se_mean"": 0.0013495846069417894, ""harm_ucb_max"": -0.048704671184532346, ""local_trainability"": -0.003429889678955078, ""query_after"": 4.519526958465576, ""query_before"": 4.516097068786621, ""system_utility"": -1.3085455894470215}, ""default"": {""feasible_both"": true, ""fold_a_harm"": -0.025208916515111923, ""fold_a_lcb"": -0.029398419437929986, ""fold_a_query_after"": 5.369653701782227, ""fold_a_utility"": -2.1460719108581543, ""fold_b_harm"": -0.025224458426237106, ""fold_b_lcb"": -0.029502684995532037, ""fold_b_query_after"": 5.387131690979004, ""fold_b_utility"": -2.188750743865967, ""harm_lcb_max"": -0.029398419437929986, ""harm_mean"": -0.025216687470674515, ""harm_se_mean"": 0.002160135074518621, ""harm_ucb_max"": -0.020946231856942176, ""local_trainability"": -0.040799617767333984, ""query_after"": 5.378392696380615, ""query_before"": 5.337593078613281, ""system_utility"": -2.1674113273620605}}, ""status"": ""ok"", ""statusquo_loss"": 3.2109813690185547}, ""utility_status"": ""ok""}"
70,B2,B,2,adapter_1,reuse,safe_existing_reuse,3.103707790374756,3,True,442368,1949415,0,69404468,649805,15595368,1098,38.8991244379431,506399232,0.0,30.67527002096176,5.944448145106435,3.0668399333953857,-1.186478853225708,0.052611708641052246,-1.2390905618667603,False,,"{""best_reuse"": ""adapter_1"", ""best_reuse_utility"": 0.052611708641052246, ""decision"": ""reuse"", ""fresh_advantage"": -1.2390905618667603, ""fresh_positive"": false, ""fresh_utility"": -1.186478853225708, ""full_batch_guards"": {""adapter_1"": {""crossfit_feasible"": true, ""crossfit_utility"": 0.052611708641052246, ""crossfit_utility_positive"": true, ""full_batch_cur_after"": 3.0064146518707275, ""full_batch_cur_before"": 3.066840171813965, ""full_batch_gain"": 0.060425519943237305, ""full_batch_harm"": -0.05350755155086517, ""full_batch_harm_lcb"": -0.05701742306351662, ""full_batch_harm_se"": 0.0017907507717609406, ""full_batch_harm_ucb"": -0.049997680038213727, ""full_batch_safe"": true}, ""adapter_2"": {""crossfit_feasible"": true, ""crossfit_utility"": -1.459397315979004, ""crossfit_utility_positive"": false, ""full_batch_cur_after"": 4.507294654846191, ""full_batch_cur_before"": 4.515776634216309, ""full_batch_gain"": 0.008481979370117188, ""full_batch_harm"": -0.05129474774003029, ""full_batch_harm_lcb"": -0.05386406992562115, ""full_batch_harm_se"": 0.0013108786661177874, ""full_batch_harm_ucb"": -0.04872542555443943, ""full_batch_safe"": true}, ""default"": {""crossfit_feasible"": true, ""crossfit_utility"": -2.3273680210113525, ""crossfit_utility_positive"": false, ""full_batch_cur_after"": 5.374115943908691, ""full_batch_cur_before"": 5.345226287841797, ""full_batch_gain"": -0.02888965606689453, ""full_batch_harm"": -0.024818718433380127, ""full_batch_harm_lcb"": -0.029086493719369173, ""full_batch_harm_se"": 0.0021774363704025745, ""full_batch_harm_ucb"": -0.02055094314739108, ""full_batch_safe"": true}}, ""guarded_best_reuse"": ""adapter_1"", ""num_adapters"": 3, ""pending_after"": false, ""pending_before"": false, ""policy_version"": ""cau_v1"", ""reason"": ""safe_existing_reuse"", ""utility"": {""batch_n"": 16, ""best_reuse"": ""adapter_1"", ""best_reuse_query_after"": 3.0142282247543335, ""best_reuse_utility"": 0.052611708641052246, ""defer_utility"": 0.0, ""fold_a_fresh_utility"": -1.1872012615203857, ""fold_a_query_n"": 8, ""fold_a_support_n"": 8, ""fold_b_fresh_utility"": -1.1857564449310303, ""fold_b_query_n"": 8, ""fold_b_support_n"": 8, ""fresh_advantage"": -1.2390905618667603, ""fresh_local_trainability"": 0.037999629974365234, ""fresh_positive"": false, ""fresh_query_after"": 4.253318786621094, ""fresh_query_before"": 4.291318416595459, ""fresh_utility"": -1.186478853225708, ""reuse_profiles"": {""adapter_1"": {""feasible_both"": true, ""fold_a_harm"": -0.05191515386104584, ""fold_a_lcb"": -0.05546637096442282, ""fold_a_query_after"": 3.0513055324554443, ""fold_a_utility"": 0.052216529846191406, ""fold_b_harm"": -0.05250496417284012, ""fold_b_lcb"": -0.05589256383944303, ""fold_b_query_after"": 2.9771509170532227, ""fold_b_utility"": 0.053006887435913086, ""harm_lcb_max"": -0.05546637096442282, ""harm_mean"": -0.05221005901694298, ""harm_se_mean"": 0.001770106318872422, ""harm_ucb_max"": -0.048363936757668854, ""local_trainability"": 0.052611708641052246, ""query_after"": 3.0142282247543335, ""query_before"": 3.0668399333953857, ""system_utility"": 0.052611708641052246}, ""adapter_2"": {""feasible_both"": true, ""fold_a_harm"": -0.05237943306565285, ""fold_a_lcb"": -0.05503014196176082, ""fold_a_query_after"": 4.529570579528809, ""fold_a_utility"": -1.4260485172271729, ""fold_b_harm"": -0.05196826532483101, ""fold_b_lcb"": -0.05444209645036608, ""fold_b_query_after"": 4.522903919219971, ""fold_b_utility"": -1.492746114730835, ""harm_lcb_max"": -0.05444209645036608, ""harm_mean"": -0.05217384919524193, ""harm_se_mean"": 0.0013072806177660823, ""harm_ucb_max"": -0.04949443419929594, ""local_trainability"": -0.010460853576660156, ""query_after"": 4.52623724937439, ""query_before"": 4.5157763957977295, ""system_utility"": -1.459397315979004}, ""default"": {""feasible_both"": true, ""fold_a_harm"": -0.024825699627399445, ""fold_a_lcb"": -0.029562687883153558, ""fold_a_query_after"": 5.526073455810547, ""fold_a_utility"": -2.422551393508911, ""fold_b_harm"": -0.025609824806451797, ""fold_b_lcb"": -0.029760224176570774, ""fold_b_query_after"": 5.26234245300293, ""fold_b_utility"": -2.232184648513794, ""harm_lcb_max"": -0.029562687883153558, ""harm_mean"": -0.02521776221692562, ""harm_se_mean"": 0.002267190720885992, ""harm_ucb_max"": -0.02008871137164533, ""local_trainability"": -0.048981666564941406, ""query_after"": 5.394207954406738, ""query_before"": 5.345226287841797, ""system_utility"": -2.3273680210113525}}, ""status"": ""ok"", ""statusquo_loss"": 3.0668399333953857}, ""utility_status"": ""ok""}"
71,B2,B,2,adapter_1,reuse,safe_existing_reuse,3.047032117843628,3,True,442368,1949415,0,69404468,649805,15595368,1114,39.574599066749215,506399232,0.0,31.343380061909556,5.944448145106435,3.001661777496338,-1.3062973022460938,0.05305886268615723,-1.359356164932251,False,,"{""best_reuse"": ""adapter_1"", ""best_reuse_utility"": 0.05305886268615723, ""decision"": ""reuse"", ""fresh_advantage"": -1.359356164932251, ""fresh_positive"": false, ""fresh_utility"": -1.3062973022460938, ""full_batch_guards"": {""adapter_1"": {""crossfit_feasible"": true, ""crossfit_utility"": 0.05305886268615723, ""crossfit_utility_positive"": true, ""full_batch_cur_after"": 2.9422640800476074, ""full_batch_cur_before"": 3.001661777496338, ""full_batch_gain"": 0.05939769744873047, ""full_batch_harm"": -0.05162423849105835, ""full_batch_harm_lcb"": -0.05555360978469252, ""full_batch_harm_se"": 0.002004781272262335, ""full_batch_harm_ucb"": -0.047694867197424176, ""full_batch_safe"": true}, ""adapter_2"": {""crossfit_feasible"": true, ""crossfit_utility"": -1.5901529788970947, ""crossfit_utility_positive"": false, ""full_batch_cur_after"": 4.577640056610107, ""full_batch_cur_before"": 4.585636138916016, ""full_batch_gain"": 0.007996082305908203, ""full_batch_harm"": -0.05101315304636955, ""full_batch_harm_lcb"": -0.05361213420517743, ""full_batch_harm_se"": 0.0013260107953101397, ""full_batch_harm_ucb"": -0.048414171887561676, ""full_batch_safe"": true}, ""default"": {""crossfit_feasible"": true, ""crossfit_utility"": -2.480433464050293, ""crossfit_utility_positive"": false, ""full_batch_cur_after"": 5.464512825012207, ""full_batch_cur_before"": 5.43589448928833, ""full_batch_gain"": -0.028618335723876953, ""full_batch_harm"": -0.024302814155817032, ""full_batch_harm_lcb"": -0.029014036087319256, ""full_batch_harm_se"": 0.0024036846589297056, ""full_batch_harm_ucb"": -0.019591592224314808, ""full_batch_safe"": true}}, ""guarded_best_reuse"": ""adapter_1"", ""num_adapters"": 3, ""pending_after"": false, ""pending_before"": false, ""policy_version"": ""cau_v1"", ""reason"": ""safe_existing_reuse"", ""utility"": {""batch_n"": 16, ""best_reuse"": ""adapter_1"", ""best_reuse_query_after"": 2.9486029148101807, ""best_reuse_utility"": 0.05305886268615723, ""defer_utility"": 0.0, ""fold_a_fresh_utility"": -1.2841520309448242, ""fold_a_query_n"": 8, ""fold_a_support_n"": 8, ""fold_b_fresh_utility"": -1.3284425735473633, ""fold_b_query_n"": 8, ""fold_b_support_n"": 8, ""fresh_advantage"": -1.359356164932251, ""fresh_local_trainability"": 0.0542142391204834, ""fresh_positive"": false, ""fresh_query_after"": 4.307959079742432, ""fresh_query_before"": 4.362173318862915, ""fresh_utility"": -1.3062973022460938, ""reuse_profiles"": {""adapter_1"": {""feasible_both"": true, ""fold_a_harm"": -0.051409296691417694, ""fold_a_lcb"": -0.05521632814314217, ""fold_a_query_after"": 2.9659488201141357, ""fold_a_utility"": 0.05316758155822754, ""fold_b_harm"": -0.050290901213884354, ""fold_b_lcb"": -0.05419157505966723, ""fold_b_query_after"": 2.9312570095062256, ""fold_b_utility"": 0.052950143814086914, ""harm_lcb_max"": -0.05419157505966723, ""harm_mean"": -0.050850098952651024, ""harm_se_mean"": 0.001966251351404935, ""harm_ucb_max"": -0.04639022736810148, ""local_trainability"": 0.05305886268615723, ""query_after"": 2.9486029148101807, ""query_before"": 3.001661777496338, ""system_utility"": 0.05305886268615723}, ""adapter_2"": {""feasible_both"": true, ""fold_a_harm"": -0.05140882357954979, ""fold_a_lcb"": -0.0540319072175771, ""fold_a_query_after"": 4.5538763999938965, ""fold_a_utility"": -1.5347599983215332, ""fold_b_harm"": -0.0520944707095623, ""fold_b_lcb"": -0.054604139076545835, ""fold_b_query_after"": 4.629753112792969, ""fold_b_utility"": -1.6455459594726562, ""harm_lcb_max"": -0.0540319072175771, ""harm_mean"": -0.051751647144556046, ""harm_se_mean"": 0.001309375511482358, ""harm_ucb_max"": -0.04878573994152248, ""local_trainability"": -0.006178617477416992, ""query_after"": 4.591814756393433, ""query_before"": 4.585636138916016, ""system_utility"": -1.5901529788970947}, ""default"": {""feasible_both"": true, ""fold_a_harm"": -0.024535033851861954, ""fold_a_lcb"": -0.029146755933761596, ""fold_a_query_after"": 5.3055524826049805, ""fold_a_utility"": -2.286436080932617, ""fold_b_harm"": -0.024770528078079224, ""fold_b_lcb"": -0.029405762581154703, ""fold_b_query_after"": 5.658638000488281, ""fold_b_utility"": -2.6744308471679688, ""harm_lcb_max"": -0.029146755933761596, ""harm_mean"": -0.02465278096497059, ""harm_se_mean"": 0.0023589174961671233, ""harm_ucb_max"": -0.019923311769962312, ""local_trainability"": -0.04620003700256348, ""query_after"": 5.482095241546631, ""query_before"": 5.435895204544067, ""system_utility"": -2.480433464050293}}, ""status"": ""ok"", ""statusquo_loss"": 3.001661777496338}, ""utility_status"": ""ok""}"
72,B2,B,2,adapter_1,reuse,safe_existing_reuse,3.117227554321289,3,True,442368,1949415,0,69404468,649805,15595368,1130,40.29927019402385,506399232,0.0,32.06043981947005,5.944448145106435,3.0011093616485596,-1.2829458713531494,0.0542144775390625,-1.337160348892212,False,,"{""best_reuse"": ""adapter_1"", ""best_reuse_utility"": 0.0542144775390625, ""decision"": ""reuse"", ""fresh_advantage"": -1.337160348892212, ""fresh_positive"": false, ""fresh_utility"": -1.2829458713531494, ""full_batch_guards"": {""adapter_1"": {""crossfit_feasible"": true, ""crossfit_utility"": 0.0542144775390625, ""crossfit_utility_positive"": true, ""full_batch_cur_after"": 2.942899227142334, ""full_batch_cur_before"": 3.0011096000671387, ""full_batch_gain"": 0.05821037292480469, ""full_batch_harm"": -0.05078703537583351, ""full_batch_harm_lcb"": -0.055017944583669307, ""full_batch_harm_se"": 0.0021586271468549967, ""full_batch_harm_ucb"": -0.046556126167997716, ""full_batch_safe"": true}, ""adapter_2"": {""crossfit_feasible"": true, ""crossfit_utility"": -1.5539875030517578, ""crossfit_utility_positive"": false, ""full_batch_cur_after"": 4.545628547668457, ""full_batch_cur_before"": 4.552262306213379, ""full_batch_gain"": 0.006633758544921875, ""full_batch_harm"": -0.05084323510527611, ""full_batch_harm_lcb"": -0.053373417230322955, ""full_batch_harm_se"": 0.0012909092474728823, ""full_batch_harm_ucb"": -0.04831305298022926, ""full_batch_safe"": true}, ""default"": {""crossfit_feasible"": true, ""crossfit_utility"": -2.438039541244507, ""crossfit_utility_positive"": false, ""full_batch_cur_after"": 5.428215026855469, ""full_batch_cur_before"": 5.398372650146484, ""full_batch_gain"": -0.029842376708984375, ""full_batch_harm"": -0.024920251220464706, ""full_batch_harm_lcb"": -0.029095532968640328, ""full_batch_harm_se"": 0.002130245789885521, ""full_batch_harm_ucb"": -0.020744969472289085, ""full_batch_safe"": true}}, ""guarded_best_reuse"": ""adapter_1"", ""num_adapters"": 3, ""pending_after"": false, ""pending_before"": false, ""policy_version"": ""cau_v1"", ""reason"": ""safe_existing_reuse"", ""utility"": {""batch_n"": 16, ""best_reuse"": ""adapter_1"", ""best_reuse_query_after"": 2.946894884109497, ""best_reuse_utility"": 0.0542144775390625, ""defer_utility"": 0.0, ""fold_a_fresh_utility"": -1.2791213989257812, ""fold_a_query_n"": 8, ""fold_a_support_n"": 8, ""fold_b_fresh_utility"": -1.2867703437805176, ""fold_b_query_n"": 8, ""fold_b_support_n"": 8, ""fresh_advantage"": -1.337160348892212, ""fresh_local_trainability"": 0.053795814514160156, ""fresh_positive"": false, ""fresh_query_after"": 4.284055233001709, ""fresh_query_before"": 4.337851047515869, ""fresh_utility"": -1.2829458713531494, ""reuse_profiles"": {""adapter_1"": {""feasible_both"": true, ""fold_a_harm"": -0.05019168183207512, ""fold_a_lcb"": -0.05467025843448937, ""fold_a_query_after"": 2.9591684341430664, ""fold_a_utility"": 0.05241966247558594, ""fold_b_harm"": -0.05001641437411308, ""fold_b_lcb"": -0.053922242214903236, ""fold_b_query_after"": 2.9346213340759277, ""fold_b_utility"": 0.05600929260253906, ""harm_lcb_max"": -0.053922242214903236, ""harm_mean"": -0.0501040481030941, ""harm_se_mean"": 0.002138878684490919, ""harm_ucb_max"": -0.04571310522966087, ""local_trainability"": 0.0542144775390625, ""query_after"": 2.946894884109497, ""query_before"": 3.0011093616485596, ""system_utility"": 0.0542144775390625}, ""adapter_2"": {""feasible_both"": true, ""fold_a_harm"": -0.05144743621349335, ""fold_a_lcb"": -0.054008106496185065, ""fold_a_query_after"": 4.56605339050293, ""fold_a_utility"": -1.5544652938842773, ""fold_b_harm"": -0.050549570471048355, ""fold_b_lcb"": -0.05299084572587162, ""fold_b_query_after"": 4.544140338897705, ""fold_b_utility"": -1.5535097122192383, ""harm_lcb_max"": -0.05299084572587162, ""harm_mean"": -0.05099850334227085, ""harm_se_mean"": 0.00127600651467219, ""harm_ucb_max"": -0.04810829521622509, ""local_trainability"": -0.002834320068359375, ""query_after"": 4.555096864700317, ""query_before"": 4.552262544631958, ""system_utility"": -1.5539875030517578}, ""default"": {""feasible_both"": true, ""fold_a_harm"": -0.02521354705095291, ""fold_a_lcb"": -0.02937102255411446, ""fold_a_query_after"": 5.461839199066162, ""fold_a_utility"": -2.4502511024475098, ""fold_b_harm"": -0.024980023503303528, ""fold_b_lcb"": -0.029222295321524143, ""fold_b_query_after"": 5.416458606719971, ""fold_b_utility"": -2.425827980041504, ""harm_lcb_max"": -0.029222295321524143, ""harm_mean"": -0.02509678527712822, ""harm_se_mean"": 0.0021427926840260625, ""harm_ucb_max"": -0.020737751685082913, ""local_trainability"": -0.04077601432800293, ""query_after"": 5.439148902893066, ""query_before"": 5.3983728885650635, ""system_utility"": -2.438039541244507}}, ""status"": ""ok"", ""statusquo_loss"": 3.0011093616485596}, ""utility_status"": ""ok""}"
73,B2,B,2,adapter_1,reuse,safe_existing_reuse,2.9892756938934326,3,True,442368,1949415,0,69404468,649805,15595368,1146,40.99902853183448,506399232,0.0,32.75143558345735,5.944448145106435,2.9654598236083984,-1.287811279296875,0.04738497734069824,-1.3351962566375732,False,,"{""best_reuse"": ""adapter_1"", ""best_reuse_utility"": 0.04738497734069824, ""decision"": ""reuse"", ""fresh_advantage"": -1.3351962566375732, ""fresh_positive"": false, ""fresh_utility"": -1.287811279296875, ""full_batch_guards"": {""adapter_1"": {""crossfit_feasible"": true, ""crossfit_utility"": 0.04738497734069824, ""crossfit_utility_positive"": true, ""full_batch_cur_after"": 2.913128614425659, ""full_batch_cur_before"": 2.9654598236083984, ""full_batch_gain"": 0.05233120918273926, ""full_batch_harm"": -0.04923085868358612, ""full_batch_harm_lcb"": -0.053117463318631056, ""full_batch_harm_se"": 0.0019829615484923124, ""full_batch_harm_ucb"": -0.045344254048541185, ""full_batch_safe"": true}, ""adapter_2"": {""crossfit_feasible"": true, ""crossfit_utility"": -1.558103322982788, ""crossfit_utility_positive"": false, ""full_batch_cur_after"": 4.511192321777344, ""full_batch_cur_before"": 4.516695022583008, ""full_batch_gain"": 0.0055027008056640625, ""full_batch_harm"": -0.05047543719410896, ""full_batch_harm_lcb"": -0.05294629338663071, ""full_batch_harm_se"": 0.0012606409145519137, ""full_batch_harm_ucb"": -0.048004581001587214, ""full_batch_safe"": true}, ""default"": {""crossfit_feasible"": true, ""crossfit_utility"": -2.445967197418213, ""crossfit_utility_positive"": false, ""full_batch_cur_after"": 5.398735523223877, ""full_batch_cur_before"": 5.366174221038818, ""full_batch_gain"": -0.032561302185058594, ""full_batch_harm"": -0.024584613740444183, ""full_batch_harm_lcb"": -0.028727891799062488, ""full_batch_harm_se"": 0.002113917376846075, ""full_batch_harm_ucb"": -0.02044133568182588, ""full_batch_safe"": true}}, ""guarded_best_reuse"": ""adapter_1"", ""num_adapters"": 3, ""pending_after"": false, ""pending_before"": false, ""policy_version"": ""cau_v1"", ""reason"": ""safe_existing_reuse"", ""utility"": {""batch_n"": 16, ""best_reuse"": ""adapter_1"", ""best_reuse_query_after"": 2.9180748462677, ""best_reuse_utility"": 0.04738497734069824, ""defer_utility"": 0.0, ""fold_a_fresh_utility"": -1.2276482582092285, ""fold_a_query_n"": 8, ""fold_a_support_n"": 8, ""fold_b_fresh_utility"": -1.3479743003845215, ""fold_b_query_n"": 8, ""fold_b_support_n"": 8, ""fresh_advantage"": -1.3351962566375732, ""fresh_local_trainability"": 0.045987606048583984, ""fresh_positive"": false, ""fresh_query_after"": 4.253271102905273, ""fresh_query_before"": 4.299258708953857, ""fresh_utility"": -1.287811279296875, ""reuse_profiles"": {""adapter_1"": {""feasible_both"": true, ""fold_a_harm"": -0.04868611693382263, ""fold_a_lcb"": -0.05297373925335705, ""fold_a_query_after"": 2.9688072204589844, ""fold_a_utility"": 0.04436922073364258, ""fold_b_harm"": -0.048402175307273865, ""fold_b_lcb"": -0.05215412212535739, ""fold_b_query_after"": 2.867342472076416, ""fold_b_utility"": 0.050400733947753906, ""harm_lcb_max"": -0.05215412212535739, ""harm_mean"": -0.04854414612054825, ""harm_se_mean"": 0.0020509104942902923, ""harm_ucb_max"": -0.044398494614288214, ""local_trainability"": 0.04738497734069824, ""query_after"": 2.9180748462677, ""query_before"": 2.9654598236083984, ""system_utility"": 0.04738497734069824}, ""adapter_2"": {""feasible_both"": true, ""fold_a_harm"": -0.05093125253915787, ""fold_a_lcb"": -0.05348409371450544, ""fold_a_query_after"": 4.5155839920043945, ""fold_a_utility"": -1.5024075508117676, ""fold_b_harm"": -0.05140165239572525, ""fold_b_lcb"": -0.05386595086660236, ""fold_b_query_after"": 4.5315423011779785, ""fold_b_utility"": -1.6137990951538086, ""harm_lcb_max"": -0.05348409371450544, ""harm_mean"": -0.05116645246744156, ""harm_se_mean"": 0.0012798825628124177, ""harm_ucb_max"": -0.0483784113638103, ""local_trainability"": -0.006867647171020508, ""query_after"": 4.5235631465911865, ""query_before"": 4.516695499420166, ""system_utility"": -1.558103322982788}, ""default"": {""feasible_both"": true, ""fold_a_harm"": -0.024707641452550888, ""fold_a_lcb"": -0.02898636315949261, ""fold_a_query_after"": 5.419058799743652, ""fold_a_utility"": -2.4058823585510254, ""fold_b_harm"": -0.025142673403024673, ""fold_b_lcb"": -0.02930760837160051, ""fold_b_query_after"": 5.40379524230957, ""fold_b_utility"": -2.4860520362854004, ""harm_lcb_max"": -0.02898636315949261, ""harm_mean"": -0.02492515742778778, ""harm_se_mean"": 0.0021539940498769283, ""harm_ucb_max"": -0.020428919745609165, ""local_trainability"": -0.04525279998779297, ""query_after"": 5.411427021026611, ""query_before"": 5.366174221038818, ""system_utility"": -2.445967197418213}}, ""status"": ""ok"", ""statusquo_loss"": 2.9654598236083984}, ""utility_status"": ""ok""}"
74,B2,B,2,adapter_1,reuse,safe_existing_reuse,2.8923916816711426,3,True,442368,1949415,0,69404468,649805,15595368,1162,41.70183423534036,506399232,0.0,33.44661432132125,5.944448145106435,2.845921516418457,-1.4623076915740967,0.04669344425201416,-1.5090011358261108,False,,"{""best_reuse"": ""adapter_1"", ""best_reuse_utility"": 0.04669344425201416, ""decision"": ""reuse"", ""fresh_advantage"": -1.5090011358261108, ""fresh_positive"": false, ""fresh_utility"": -1.4623076915740967, ""full_batch_guards"": {""adapter_1"": {""crossfit_feasible"": true, ""crossfit_utility"": 0.04669344425201416, ""crossfit_utility_positive"": true, ""full_batch_cur_after"": 2.7918944358825684, ""full_batch_cur_before"": 2.845921516418457, ""full_batch_gain"": 0.05402708053588867, ""full_batch_harm"": -0.04769456386566162, ""full_batch_harm_lcb"": -0.05190799174830318, ""full_batch_harm_se"": 0.002149708103388548, ""full_batch_harm_ucb"": -0.043481135983020065, ""full_batch_safe"": true}, ""adapter_2"": {""crossfit_feasible"": true, ""crossfit_utility"": -1.7865548133850098, ""crossfit_utility_positive"": false, ""full_batch_cur_after"": 4.6147990226745605, ""full_batch_cur_before"": 4.621755599975586, ""full_batch_gain"": 0.006956577301025391, ""full_batch_harm"": -0.05048384144902229, ""full_batch_harm_lcb"": -0.052856150190345945, ""full_batch_harm_se"": 0.001210361602716148, ""full_batch_harm_ucb"": -0.04811153270769864, ""full_batch_safe"": true}, ""default"": {""crossfit_feasible"": true, ""crossfit_utility"": -2.7294044494628906, ""crossfit_utility_positive"": false, ""full_batch_cur_after"": 5.555604934692383, ""full_batch_cur_before"": 5.525862693786621, ""full_batch_gain"": -0.02974224090576172, ""full_batch_harm"": -0.0241016186773777, ""full_batch_harm_lcb"": -0.028735051518306135, ""full_batch_harm_se"": 0.002363996347412467, ""full_batch_harm_ucb"": -0.019468185836449266, ""full_batch_safe"": true}}, ""guarded_best_reuse"": ""adapter_1"", ""num_adapters"": 3, ""pending_after"": false, ""pending_before"": false, ""policy_version"": ""cau_v1"", ""reason"": ""safe_existing_reuse"", ""utility"": {""batch_n"": 16, ""best_reuse"": ""adapter_1"", ""best_reuse_query_after"": 2.799228072166443, ""best_reuse_utility"": 0.04669344425201416, ""defer_utility"": 0.0, ""fold_a_fresh_utility"": -1.486907958984375, ""fold_a_query_n"": 8, ""fold_a_support_n"": 8, ""fold_b_fresh_utility"": -1.4377074241638184, ""fold_b_query_n"": 8, ""fold_b_support_n"": 8, ""fresh_advantage"": -1.5090011358261108, ""fresh_local_trainability"": 0.04778885841369629, ""fresh_positive"": false, ""fresh_query_after"": 4.308229207992554, ""fresh_query_before"": 4.35601806640625, ""fresh_utility"": -1.4623076915740967, ""reuse_profiles"": {""adapter_1"": {""feasible_both"": true, ""fold_a_harm"": -0.046280767768621445, ""fold_a_lcb"": -0.05026312700472772, ""fold_a_query_after"": 2.7956647872924805, ""fold_a_utility"": 0.04888486862182617, ""fold_b_harm"": -0.04686645418405533, ""fold_b_lcb"": -0.051226780051365495, ""fold_b_query_after"": 2.8027913570404053, ""fold_b_utility"": 0.04450201988220215, ""harm_lcb_max"": -0.05026312700472772, ""harm_mean"": -0.04657361097633839, ""harm_se_mean"": 0.0021282359957695007, ""harm_ucb_max"": -0.042298408532515167, ""local_trainability"": 0.04669344425201416, ""query_after"": 2.799228072166443, ""query_before"": 2.845921516418457, ""system_utility"": 0.04669344425201416}, ""adapter_2"": {""feasible_both"": true, ""fold_a_harm"": -0.05134561285376549, ""fold_a_lcb"": -0.053864271049387756, ""fold_a_query_after"": 4.657636642456055, ""fold_a_utility"": -1.813086986541748, ""fold_b_harm"": -0.05158326402306557, ""fold_b_lcb"": -0.054048528582789, ""fold_b_query_after"": 4.607316017150879, ""fold_b_utility"": -1.7600226402282715, ""harm_lcb_max"": -0.053864271049387756, ""harm_mean"": -0.05146443843841553, ""harm_se_mean"": 0.001271408866159618, ""harm_ucb_max"": -0.04882695465814322, ""local_trainability"": -0.010720968246459961, ""query_after"": 4.632476329803467, ""query_before"": 4.621755361557007, ""system_utility"": -1.7865548133850098}, ""default"": {""feasible_both"": true, ""fold_a_harm"": -0.024560976773500443, ""fold_a_lcb"": -0.02921996556222439, ""fold_a_query_after"": 5.77546501159668, ""fold_a_utility"": -2.930915355682373, ""fold_b_harm"": -0.024636078625917435, ""fold_b_lcb"": -0.029263238962739704, ""fold_b_query_after"": 5.375186920166016, ""fold_b_utility"": -2.527893543243408, ""harm_lcb_max"": -0.02921996556222439, ""harm_mean"": -0.02459852769970894, ""harm_se_mean"": 0.002368915593251586, ""harm_ucb_max"": -0.019901987984776496, ""local_trainability"": -0.04946327209472656, ""query_after"": 5.575325965881348, ""query_before"": 5.525862693786621, ""system_utility"": -2.7294044494628906}}, ""status"": ""ok"", ""statusquo_loss"": 2.845921516418457}, ""utility_status"": ""ok""}"
75,B2,B,2,adapter_1,reuse,safe_existing_reuse,2.8394484519958496,3,True,442368,1949415,0,69404468,649805,15595368,1178,42.39733455516398,506399232,0.0,34.134423322975636,5.944448145106435,2.8018232583999634,-1.504142165184021,0.04058551788330078,-1.5447276830673218,False,,"{""best_reuse"": ""adapter_1"", ""best_reuse_utility"": 0.04058551788330078, ""decision"": ""reuse"", ""fresh_advantage"": -1.5447276830673218, ""fresh_positive"": false, ""fresh_utility"": -1.504142165184021, ""full_batch_guards"": {""adapter_1"": {""crossfit_feasible"": true, ""crossfit_utility"": 0.04058551788330078, ""crossfit_utility_positive"": true, ""full_batch_cur_after"": 2.7508339881896973, ""full_batch_cur_before"": 2.801823139190674, ""full_batch_gain"": 0.05098915100097656, ""full_batch_harm"": -0.045062705874443054, ""full_batch_harm_lcb"": -0.04944335383363068, ""full_batch_harm_se"": 0.002235024468973279, ""full_batch_harm_ucb"": -0.04068205791525543, ""full_batch_safe"": true}, ""adapter_2"": {""crossfit_feasible"": true, ""crossfit_utility"": -1.801648497581482, ""crossfit_utility_positive"": false, ""full_batch_cur_after"": 4.578896522521973, ""full_batch_cur_before"": 4.583498954772949, ""full_batch_gain"": 0.0046024322509765625, ""full_batch_harm"": -0.050222884863615036, ""full_batch_harm_lcb"": -0.05277901311405003, ""full_batch_harm_se"": 0.0013041470665484667, ""full_batch_harm_ucb"": -0.04766675661318004, ""full_batch_safe"": true}, ""default"": {""crossfit_feasible"": true, ""crossfit_utility"": -2.6432427167892456, ""crossfit_utility_positive"": false, ""full_batch_cur_after"": 5.418203353881836, ""full_batch_cur_before"": 5.385239124298096, ""full_batch_gain"": -0.032964229583740234, ""full_batch_harm"": -0.024080827832221985, ""full_batch_harm_lcb"": -0.02870422238484025, ""full_batch_harm_se"": 0.002358874771744013, ""full_batch_harm_ucb"": -0.01945743327960372, ""full_batch_safe"": true}}, ""guarded_best_reuse"": ""adapter_1"", ""num_adapters"": 3, ""pending_after"": false, ""pending_before"": false, ""policy_version"": ""cau_v1"", ""reason"": ""safe_existing_reuse"", ""utility"": {""batch_n"": 16, ""best_reuse"": ""adapter_1"", ""best_reuse_query_after"": 2.7612377405166626, ""best_reuse_utility"": 0.04058551788330078, ""defer_utility"": 0.0, ""fold_a_fresh_utility"": -1.4790699481964111, ""fold_a_query_n"": 8, ""fold_a_support_n"": 8, ""fold_b_fresh_utility"": -1.5292143821716309, ""fold_b_query_n"": 8, ""fold_b_support_n"": 8, ""fresh_advantage"": -1.5447276830673218, ""fresh_local_trainability"": 0.018010377883911133, ""fresh_positive"": false, ""fresh_query_after"": 4.305965423583984, ""fresh_query_before"": 4.3239758014678955, ""fresh_utility"": -1.504142165184021, ""reuse_profiles"": {""adapter_1"": {""feasible_both"": true, ""fold_a_harm"": -0.042801469564437866, ""fold_a_lcb"": -0.04687598099000752, ""fold_a_query_after"": 2.794978618621826, ""fold_a_utility"": 0.04445481300354004, ""fold_b_harm"": -0.044594842940568924, ""fold_b_lcb"": -0.049340109806507826, ""fold_b_query_after"": 2.727496862411499, ""fold_b_utility"": 0.03671622276306152, ""harm_lcb_max"": -0.04687598099000752, ""harm_mean"": -0.043698156252503395, ""harm_se_mean"": 0.002249943441711366, ""harm_ucb_max"": -0.038726958138868214, ""local_trainability"": 0.04058551788330078, ""query_after"": 2.7612377405166626, ""query_before"": 2.8018232583999634, ""system_utility"": 0.04058551788330078}, ""adapter_2"": {""feasible_both"": true, ""fold_a_harm"": -0.0514916256070137, ""fold_a_lcb"": -0.053962789149954914, ""fold_a_query_after"": 4.613691329956055, ""fold_a_utility"": -1.7742578983306885, ""fold_b_harm"": -0.05121960490942001, ""fold_b_lcb"": -0.05376819406170398, ""fold_b_query_after"": 4.593252182006836, ""fold_b_utility"": -1.8290390968322754, ""harm_lcb_max"": -0.05376819406170398, ""harm_mean"": -0.05135561525821686, ""harm_se_mean"": 0.0012805491569451988, ""harm_ucb_max"": -0.048671015757136046, ""local_trainability"": -0.019973039627075195, ""query_after"": 4.603471755981445, ""query_before"": 4.58349871635437, ""system_utility"": -1.801648497581482}, ""default"": {""feasible_both"": true, ""fold_a_harm"": -0.024680141359567642, ""fold_a_lcb"": -0.029304177081212402, ""fold_a_query_after"": 5.631972312927246, ""fold_a_utility"": -2.79253888130188, ""fold_b_harm"": -0.024586927145719528, ""fold_b_lcb"": -0.02921988538466394, ""fold_b_query_after"": 5.258159637451172, ""fold_b_utility"": -2.4939465522766113, ""harm_lcb_max"": -0.02921988538466394, ""harm_mean"": -0.024633534252643585, ""harm_se_mean"": 0.0023614780511707067, ""harm_ucb_max"": -0.019953968906775116, ""local_trainability"": -0.05982661247253418, ""query_after"": 5.445065975189209, ""query_before"": 5.385239362716675, ""system_utility"": -2.6432427167892456}}, ""status"": ""ok"", ""statusquo_loss"": 2.8018232583999634}, ""utility_status"": ""ok""}"
76,B2,B,2,adapter_1,reuse,safe_existing_reuse,2.8877997398376465,3,True,442368,1949415,0,69404468,649805,15595368,1194,43.084168307483196,506399232,0.0,34.8132398147136,5.944448145106435,2.8609246015548706,-1.4339455366134644,0.04336237907409668,-1.477307915687561,False,,"{""best_reuse"": ""adapter_1"", ""best_reuse_utility"": 0.04336237907409668, ""decision"": ""reuse"", ""fresh_advantage"": -1.477307915687561, ""fresh_positive"": false, ""fresh_utility"": -1.4339455366134644, ""full_batch_guards"": {""adapter_1"": {""crossfit_feasible"": true, ""crossfit_utility"": 0.04336237907409668, ""crossfit_utility_positive"": true, ""full_batch_cur_after"": 2.8120615482330322, ""full_batch_cur_before"": 2.860924482345581, ""full_batch_gain"": 0.04886293411254883, ""full_batch_harm"": -0.0428290031850338, ""full_batch_harm_lcb"": -0.04740633944049478, ""full_batch_harm_se"": 0.002335375640541315, ""full_batch_harm_ucb"": -0.03825166692957282, ""full_batch_safe"": true}, ""adapter_2"": {""crossfit_feasible"": true, ""crossfit_utility"": -1.6961745023727417, ""crossfit_utility_positive"": false, ""full_batch_cur_after"": 4.544371604919434, ""full_batch_cur_before"": 4.553329944610596, ""full_batch_gain"": 0.00895833969116211, ""full_batch_harm"": -0.051006849855184555, ""full_batch_harm_lcb"": -0.05344755399040878, ""full_batch_harm_se"": 0.0012452572118490934, ""full_batch_harm_ucb"": -0.04856614571996033, ""full_batch_safe"": true}, ""default"": {""crossfit_feasible"": true, ""crossfit_utility"": -2.7394832372665405, ""crossfit_utility_positive"": false, ""full_batch_cur_after"": 5.587327003479004, ""full_batch_cur_before"": 5.5576252937316895, ""full_batch_gain"": -0.029701709747314453, ""full_batch_harm"": -0.024582237005233765, ""full_batch_harm_lcb"": -0.02896768528968096, ""full_batch_harm_se"": 0.002237473614513874, ""full_batch_harm_ucb"": -0.02019678872078657, ""full_batch_safe"": true}}, ""guarded_best_reuse"": ""adapter_1"", ""num_adapters"": 3, ""pending_after"": false, ""pending_before"": false, ""policy_version"": ""cau_v1"", ""reason"": ""safe_existing_reuse"", ""utility"": {""batch_n"": 16, ""best_reuse"": ""adapter_1"", ""best_reuse_query_after"": 2.817562222480774, ""best_reuse_utility"": 0.04336237907409668, ""defer_utility"": 0.0, ""fold_a_fresh_utility"": -1.4277310371398926, ""fold_a_query_n"": 8, ""fold_a_support_n"": 8, ""fold_b_fresh_utility"": -1.4401600360870361, ""fold_b_query_n"": 8, ""fold_b_support_n"": 8, ""fresh_advantage"": -1.477307915687561, ""fresh_local_trainability"": 0.052751779556274414, ""fresh_positive"": false, ""fresh_query_after"": 4.294870138168335, ""fresh_query_before"": 4.347621917724609, ""fresh_utility"": -1.4339455366134644, ""reuse_profiles"": {""adapter_1"": {""feasible_both"": true, ""fold_a_harm"": -0.04161188378930092, ""fold_a_lcb"": -0.045972131164744495, ""fold_a_query_after"": 2.8223204612731934, ""fold_a_utility"": 0.044797420501708984, ""fold_b_harm"": -0.042462922632694244, ""fold_b_lcb"": -0.04716214397922158, ""fold_b_query_after"": 2.8128039836883545, ""fold_b_utility"": 0.041927337646484375, ""harm_lcb_max"": -0.045972131164744495, ""harm_mean"": -0.04203740321099758, ""harm_se_mean"": 0.002311088959686458, ""harm_ucb_max"": -0.03725163641385734, ""local_trainability"": 0.04336237907409668, ""query_after"": 2.817562222480774, ""query_before"": 2.8609246015548706, ""system_utility"": 0.04336237907409668}, ""adapter_2"": {""feasible_both"": true, ""fold_a_harm"": -0.051395464688539505, ""fold_a_lcb"": -0.05381869959179312, ""fold_a_query_after"": 4.5775604248046875, ""fold_a_utility"": -1.7104425430297852, ""fold_b_harm"": -0.051814958453178406, ""fold_b_lcb"": -0.05417623018845916, ""fold_b_query_after"": 4.536637783050537, ""fold_b_utility"": -1.6819064617156982, ""harm_lcb_max"": -0.05381869959179312, ""harm_mean"": -0.051605211570858955, ""harm_se_mean"": 0.0012205374077893794, ""harm_ucb_max"": -0.04897222978528589, ""local_trainability"": -0.0037691593170166016, ""query_after"": 4.557099103927612, ""query_before"": 4.553329944610596, ""system_utility"": -1.6961745023727417}, ""default"": {""feasible_both"": true, ""fold_a_harm"": -0.024961132556200027, ""fold_a_lcb"": -0.029246636508032678, ""fold_a_query_after"": 5.7056403160095215, ""fold_a_utility"": -2.838522434234619, ""fold_b_harm"": -0.024764791131019592, ""fold_b_lcb"": -0.029396098759025335, ""fold_b_query_after"": 5.495175361633301, ""fold_b_utility"": -2.640444040298462, ""harm_lcb_max"": -0.029246636508032678, ""harm_mean"": -0.02486296184360981, ""harm_se_mean"": 0.0022746968315914273, ""harm_ucb_max"": -0.02013348350301385, ""local_trainability"": -0.04278206825256348, ""query_after"": 5.600407838821411, ""query_before"": 5.557625770568848, ""system_utility"": -2.7394832372665405}}, ""status"": ""ok"", ""statusquo_loss"": 2.8609246015548706}, ""utility_status"": ""ok""}"
77,B2,B,2,adapter_1,reuse,safe_existing_reuse,2.7097723484039307,3,True,442368,1949415,0,69404468,649805,15595368,1210,43.77964715473354,506399232,0.0,35.50085999071598,5.944448145106435,2.70613431930542,-1.5161826610565186,0.04551339149475098,-1.5616960525512695,False,,"{""best_reuse"": ""adapter_1"", ""best_reuse_utility"": 0.04551339149475098, ""decision"": ""reuse"", ""fresh_advantage"": -1.5616960525512695, ""fresh_positive"": false, ""fresh_utility"": -1.5161826610565186, ""full_batch_guards"": {""adapter_1"": {""crossfit_feasible"": true, ""crossfit_utility"": 0.04551339149475098, ""crossfit_utility_positive"": true, ""full_batch_cur_after"": 2.656446933746338, ""full_batch_cur_before"": 2.70613431930542, ""full_batch_gain"": 0.04968738555908203, ""full_batch_harm"": -0.040038347244262695, ""full_batch_harm_lcb"": -0.045261515034362675, ""full_batch_harm_se"": 0.0026648815255612135, ""full_batch_harm_ucb"": -0.034815179454162716, ""full_batch_safe"": true}, ""adapter_2"": {""crossfit_feasible"": true, ""crossfit_utility"": -1.8484575748443604, ""crossfit_utility_positive"": false, ""full_batch_cur_after"": 4.544775009155273, ""full_batch_cur_before"": 4.550626277923584, ""full_batch_gain"": 0.005851268768310547, ""full_batch_harm"": -0.05080629885196686, ""full_batch_harm_lcb"": -0.05335247574839741, ""full_batch_harm_se"": 0.0012990698451176286, ""full_batch_harm_ucb"": -0.048260121955536306, ""full_batch_safe"": true}, ""default"": {""crossfit_feasible"": true, ""crossfit_utility"": -2.6904187202453613, ""crossfit_utility_positive"": false, ""full_batch_cur_after"": 5.386941909790039, ""full_batch_cur_before"": 5.356940269470215, ""full_batch_gain"": -0.03000164031982422, ""full_batch_harm"": -0.023994266986846924, ""full_batch_harm_lcb"": -0.02859384199604392, ""full_batch_harm_se"": 0.0023467219434678555, ""full_batch_harm_ucb"": -0.01939469197764993, ""full_batch_safe"": true}}, ""guarded_best_reuse"": ""adapter_1"", ""num_adapters"": 3, ""pending_after"": false, ""pending_before"": false, ""policy_version"": ""cau_v1"", ""reason"": ""safe_existing_reuse"", ""utility"": {""batch_n"": 16, ""best_reuse"": ""adapter_1"", ""best_reuse_query_after"": 2.660620927810669, ""best_reuse_utility"": 0.04551339149475098, ""defer_utility"": 0.0, ""fold_a_fresh_utility"": -1.5432100296020508, ""fold_a_query_n"": 8, ""fold_a_support_n"": 8, ""fold_b_fresh_utility"": -1.4891552925109863, ""fold_b_query_n"": 8, ""fold_b_support_n"": 8, ""fresh_advantage"": -1.5616960525512695, ""fresh_local_trainability"": 0.06606936454772949, ""fresh_positive"": false, ""fresh_query_after"": 4.2223169803619385, ""fresh_query_before"": 4.288386344909668, ""fresh_utility"": -1.5161826610565186, ""reuse_profiles"": {""adapter_1"": {""feasible_both"": true, ""fold_a_harm"": -0.0392698235809803, ""fold_a_lcb"": -0.04420346590690315, ""fold_a_query_after"": 2.6192221641540527, ""fold_a_utility"": 0.04802656173706055, ""fold_b_harm"": -0.039574798196554184, ""fold_b_lcb"": -0.044831635802984236, ""fold_b_query_after"": 2.702019691467285, ""fold_b_utility"": 0.043000221252441406, ""harm_lcb_max"": -0.04420346590690315, ""harm_mean"": -0.03942231088876724, ""harm_se_mean"": 0.002599612227641046, ""harm_ucb_max"": -0.03431796059012413, ""local_trainability"": 0.04551339149475098, ""query_after"": 2.660620927810669, ""query_before"": 2.70613431930542, ""system_utility"": 0.04551339149475098}, ""adapter_2"": {""feasible_both"": true, ""fold_a_harm"": -0.050939157605171204, ""fold_a_lcb"": -0.05343120386358351, ""fold_a_query_after"": 4.558101177215576, ""fold_a_utility"": -1.890852451324463, ""fold_b_harm"": -0.05169086158275604, ""fold_b_lcb"": -0.05420921904500574, ""fold_b_query_after"": 4.551082611083984, ""fold_b_utility"": -1.8060626983642578, ""harm_lcb_max"": -0.05343120386358351, ""harm_mean"": -0.05131500959396362, ""harm_se_mean"": 0.0012781642144545913, ""harm_ucb_max"": -0.0484471113467589, ""local_trainability"": -0.0039653778076171875, ""query_after"": 4.55459189414978, ""query_before"": 4.550626516342163, ""system_utility"": -1.8484575748443604}, ""default"": {""feasible_both"": true, ""fold_a_harm"": -0.024349402636289597, ""fold_a_lcb"": -0.028908921238034964, ""fold_a_query_after"": 5.385272026062012, ""fold_a_utility"": -2.7180233001708984, ""fold_b_harm"": -0.024594631046056747, ""fold_b_lcb"": -0.02925471461378038, ""fold_b_query_after"": 5.407834053039551, ""fold_b_utility"": -2.662814140319824, ""harm_lcb_max"": -0.028908921238034964, ""harm_mean"": -0.024472016841173172, ""harm_se_mean"": 0.002351939328946173, ""harm_ucb_max"": -0.01978988403454423, ""local_trainability"": -0.039612531661987305, ""query_after"": 5.396553039550781, ""query_before"": 5.356940507888794, ""system_utility"": -2.6904187202453613}}, ""status"": ""ok"", ""statusquo_loss"": 2.70613431930542}, ""utility_status"": ""ok""}"
78,B2,B,2,adapter_1,reuse,safe_existing_reuse,2.79026460647583,3,True,442368,1949415,0,69404468,649805,15595368,1226,44.473578659817576,506399232,0.0,36.18671726807952,5.944448145106435,2.720004677772522,-1.5337544679641724,0.0346376895904541,-1.5683921575546265,False,,"{""best_reuse"": ""adapter_1"", ""best_reuse_utility"": 0.0346376895904541, ""decision"": ""reuse"", ""fresh_advantage"": -1.5683921575546265, ""fresh_positive"": false, ""fresh_utility"": -1.5337544679641724, ""full_batch_guards"": {""adapter_1"": {""crossfit_feasible"": true, ""crossfit_utility"": 0.0346376895904541, ""crossfit_utility_positive"": true, ""full_batch_cur_after"": 2.680558204650879, ""full_batch_cur_before"": 2.7200045585632324, ""full_batch_gain"": 0.039446353912353516, ""full_batch_harm"": -0.03685254603624344, ""full_batch_harm_lcb"": -0.04170676006935537, ""full_batch_harm_se"": 0.002476639812812209, ""full_batch_harm_ucb"": -0.031998332003131506, ""full_batch_safe"": true}, ""adapter_2"": {""crossfit_feasible"": true, ""crossfit_utility"": -1.7819613218307495, ""crossfit_utility_positive"": false, ""full_batch_cur_after"": 4.490604877471924, ""full_batch_cur_before"": 4.498964309692383, ""full_batch_gain"": 0.008359432220458984, ""full_batch_harm"": -0.050801653414964676, ""full_batch_harm_lcb"": -0.05340575571171939, ""full_batch_harm_se"": 0.0013286236207932234, ""full_batch_harm_ucb"": -0.04819755111820996, ""full_batch_safe"": true}, ""default"": {""crossfit_feasible"": true, ""crossfit_utility"": -2.5898555517196655, ""crossfit_utility_positive"": false, ""full_batch_cur_after"": 5.299054145812988, ""full_batch_cur_before"": 5.271505355834961, ""full_batch_gain"": -0.027548789978027344, ""full_batch_harm"": -0.02480432763695717, ""full_batch_harm_lcb"": -0.02903653104789555, ""full_batch_harm_se"": 0.002159287454560399, ""full_batch_harm_ucb"": -0.020572124226018788, ""full_batch_safe"": true}}, ""guarded_best_reuse"": ""adapter_1"", ""num_adapters"": 3, ""pending_after"": false, ""pending_before"": false, ""policy_version"": ""cau_v1"", ""reason"": ""safe_existing_reuse"", ""utility"": {""batch_n"": 16, ""best_reuse"": ""adapter_1"", ""best_reuse_query_after"": 2.685366988182068, ""best_reuse_utility"": 0.0346376895904541, ""defer_utility"": 0.0, ""fold_a_fresh_utility"": -1.4998598098754883, ""fold_a_query_n"": 8, ""fold_a_support_n"": 8, ""fold_b_fresh_utility"": -1.5676491260528564, ""fold_b_query_n"": 8, ""fold_b_support_n"": 8, ""fresh_advantage"": -1.5683921575546265, ""fresh_local_trainability"": 0.04904317855834961, ""fresh_positive"": false, ""fresh_query_after"": 4.253759145736694, ""fresh_query_before"": 4.302802324295044, ""fresh_utility"": -1.5337544679641724, ""reuse_profiles"": {""adapter_1"": {""feasible_both"": true, ""fold_a_harm"": -0.03652070090174675, ""fold_a_lcb"": -0.04149804950691759, ""fold_a_query_after"": 2.7039337158203125, ""fold_a_utility"": 0.03464794158935547, ""fold_b_harm"": -0.03646169230341911, ""fold_b_lcb"": -0.04123857131227851, ""fold_b_query_after"": 2.6668002605438232, ""fold_b_utility"": 0.034627437591552734, ""harm_lcb_max"": -0.04123857131227851, ""harm_mean"": -0.03649119660258293, ""harm_se_mean"": 0.002488323370926082, ""harm_ucb_max"": -0.031543352296575906, ""local_trainability"": 0.0346376895904541, ""query_after"": 2.685366988182068, ""query_before"": 2.720004677772522, ""system_utility"": 0.0346376895904541}, ""adapter_2"": {""feasible_both"": true, ""fold_a_harm"": -0.051340699195861816, ""fold_a_lcb"": -0.053894908502697944, ""fold_a_query_after"": 4.470646858215332, ""fold_a_utility"": -1.732065200805664, ""fold_b_harm"": -0.051750510931015015, ""fold_b_lcb"": -0.054359625983051954, ""fold_b_query_after"": 4.533285140991211, ""fold_b_utility"": -1.831857442855835, ""harm_lcb_max"": -0.053894908502697944, ""harm_mean"": -0.051545605063438416, ""harm_se_mean"": 0.0013171745813451707, ""harm_ucb_max"": -0.04878648988902569, ""local_trainability"": -0.003002166748046875, ""query_after"": 4.5019659996032715, ""query_before"": 4.498963832855225, ""system_utility"": -1.7819613218307495}, ""default"": {""feasible_both"": true, ""fold_a_harm"": -0.025222070515155792, ""fold_a_lcb"": -0.02942759171128273, ""fold_a_query_after"": 5.252140998840332, ""fold_a_utility"": -2.513559341430664, ""fold_b_harm"": -0.025032103061676025, ""fold_b_lcb"": -0.029374180482700466, ""fold_b_query_after"": 5.367579460144043, ""fold_b_utility"": -2.666151762008667, ""harm_lcb_max"": -0.029374180482700466, ""harm_mean"": -0.02512708678841591, ""harm_se_mean"": 0.0021805098513141274, ""harm_ucb_max"": -0.020690025640651585, ""local_trainability"": -0.038355112075805664, ""query_after"": 5.3098602294921875, ""query_before"": 5.271505117416382, ""system_utility"": -2.5898555517196655}}, ""status"": ""ok"", ""statusquo_loss"": 2.720004677772522}, ""utility_status"": ""ok""}"
79,B2,B,2,adapter_1,reuse,safe_existing_reuse,2.7662529945373535,3,True,442368,1949415,0,69404468,649805,15595368,1242,45.173777813091874,506399232,0.0,36.87882285006344,5.944448145106435,2.7608596086502075,-1.522743582725525,0.03084862232208252,-1.5535922050476074,False,,"{""best_reuse"": ""adapter_1"", ""best_reuse_utility"": 0.03084862232208252, ""decision"": ""reuse"", ""fresh_advantage"": -1.5535922050476074, ""fresh_positive"": false, ""fresh_utility"": -1.522743582725525, ""full_batch_guards"": {""adapter_1"": {""crossfit_feasible"": true, ""crossfit_utility"": 0.03084862232208252, ""crossfit_utility_positive"": true, ""full_batch_cur_after"": 2.722998857498169, ""full_batch_cur_before"": 2.760859489440918, ""full_batch_gain"": 0.03786063194274902, ""full_batch_harm"": -0.03268164396286011, ""full_batch_harm_lcb"": -0.03700082959607243, ""full_batch_harm_se"": 0.002203666139394045, ""full_batch_harm_ucb"": -0.02836245832964778, ""full_batch_safe"": true}, ""adapter_2"": {""crossfit_feasible"": true, ""crossfit_utility"": -1.7428168058395386, ""crossfit_utility_positive"": false, ""full_batch_cur_after"": 4.4887285232543945, ""full_batch_cur_before"": 4.500741004943848, ""full_batch_gain"": 0.012012481689453125, ""full_batch_harm"": -0.05152809992432594, ""full_batch_harm_lcb"": -0.05399072975851595, ""full_batch_harm_se"": 0.0012564437929540873, ""full_batch_harm_ucb"": -0.04906547009013593, ""full_batch_safe"": true}, ""default"": {""crossfit_feasible"": true, ""crossfit_utility"": -2.673988461494446, ""crossfit_utility_positive"": false, ""full_batch_cur_after"": 5.418004989624023, ""full_batch_cur_before"": 5.391310691833496, ""full_batch_gain"": -0.026694297790527344, ""full_batch_harm"": -0.025173965841531754, ""full_batch_harm_lcb"": -0.0293869414832443, ""full_batch_harm_se"": 0.002149477368220687, ""full_batch_harm_ucb"": -0.02096099019981921, ""full_batch_safe"": true}}, ""guarded_best_reuse"": ""adapter_1"", ""num_adapters"": 3, ""pending_after"": false, ""pending_before"": false, ""policy_version"": ""cau_v1"", ""reason"": ""safe_existing_reuse"", ""utility"": {""batch_n"": 16, ""best_reuse"": ""adapter_1"", ""best_reuse_query_after"": 2.730010986328125, ""best_reuse_utility"": 0.03084862232208252, ""defer_utility"": 0.0, ""fold_a_fresh_utility"": -1.5329747200012207, ""fold_a_query_n"": 8, ""fold_a_support_n"": 8, ""fold_b_fresh_utility"": -1.512512445449829, ""fold_b_query_n"": 8, ""fold_b_support_n"": 8, ""fresh_advantage"": -1.5535922050476074, ""fresh_local_trainability"": 0.04969024658203125, ""fresh_positive"": false, ""fresh_query_after"": 4.283603191375732, ""fresh_query_before"": 4.333293437957764, ""fresh_utility"": -1.522743582725525, ""reuse_profiles"": {""adapter_1"": {""feasible_both"": true, ""fold_a_harm"": -0.03198957070708275, ""fold_a_lcb"": -0.036276420885697006, ""fold_a_query_after"": 2.701143264770508, ""fold_a_utility"": 0.031331539154052734, ""fold_b_harm"": -0.03295416384935379, ""fold_b_lcb"": -0.03746122478507459, ""fold_b_query_after"": 2.758878707885742, ""fold_b_utility"": 0.030365705490112305, ""harm_lcb_max"": -0.036276420885697006, ""harm_mean"": -0.03247186727821827, ""harm_se_mean"": 0.00224334467202425, ""harm_ucb_max"": -0.02770272052846849, ""local_trainability"": 0.03084862232208252, ""query_after"": 2.730010986328125, ""query_before"": 2.7608596086502075, ""system_utility"": 0.03084862232208252}, ""adapter_2"": {""feasible_both"": true, ""fold_a_harm"": -0.052052129060029984, ""fold_a_lcb"": -0.05447043745778501, ""fold_a_query_after"": 4.458189964294434, ""fold_a_utility"": -1.725715160369873, ""fold_b_harm"": -0.052215490490198135, ""fold_b_lcb"": -0.05475883186794817, ""fold_b_query_after"": 4.549162864685059, ""fold_b_utility"": -1.759918451309204, ""harm_lcb_max"": -0.05447043745778501, ""harm_mean"": -0.05213380977511406, ""harm_se_mean"": 0.0012657269835472107, ""harm_ucb_max"": -0.04963382066227496, ""local_trainability"": -0.0029354095458984375, ""query_after"": 4.503676414489746, ""query_before"": 4.500741004943848, ""system_utility"": -1.7428168058395386}, ""default"": {""feasible_both"": true, ""fold_a_harm"": -0.025034099817276, ""fold_a_lcb"": -0.029707909421995284, ""fold_a_query_after"": 5.48649787902832, ""fold_a_utility"": -2.7540230751037598, ""fold_b_harm"": -0.025751665234565735, ""fold_b_lcb"": -0.029860207904130222, ""fold_b_query_after"": 5.383198261260986, ""fold_b_utility"": -2.593953847885132, ""harm_lcb_max"": -0.029707909421995284, ""harm_mean"": -0.025392882525920868, ""harm_se_mean"": 0.0022403959883376956, ""harm_ucb_max"": -0.02036029021255672, ""local_trainability"": -0.043537139892578125, ""query_after"": 5.434848070144653, ""query_before"": 5.391310930252075, ""system_utility"": -2.673988461494446}}, ""status"": ""ok"", ""statusquo_loss"": 2.7608596086502075}, ""utility_status"": ""ok""}"
80,B2,B,2,adapter_1,reuse,safe_existing_reuse,2.6831846237182617,3,True,442368,1949415,0,69404468,649805,15595368,1255,45.88000932522118,506399232,0.0,37.57671978324652,5.944448145106435,2.6813591443575344,-1.6533213762136607,0.030052056679358848,-1.6833734328930197,False,,"{""best_reuse"": ""adapter_1"", ""best_reuse_utility"": 0.030052056679358848, ""decision"": ""reuse"", ""fresh_advantage"": -1.6833734328930197, ""fresh_positive"": false, ""fresh_utility"": -1.6533213762136607, ""full_batch_guards"": {""adapter_1"": {""crossfit_feasible"": true, ""crossfit_utility"": 0.030052056679358848, ""crossfit_utility_positive"": true, ""full_batch_cur_after"": 2.6416914463043213, ""full_batch_cur_before"": 2.68135929107666, ""full_batch_gain"": 0.03966784477233887, ""full_batch_harm"": -0.028976451605558395, ""full_batch_harm_lcb"": -0.03337660023011267, ""full_batch_harm_se"": 0.002244973788037896, ""full_batch_harm_ucb"": -0.02457630298100412, ""full_batch_safe"": true}, ""adapter_2"": {""crossfit_feasible"": true, ""crossfit_utility"": -1.8924150466918945, ""crossfit_utility_positive"": false, ""full_batch_cur_after"": 4.551969051361084, ""full_batch_cur_before"": 4.560401439666748, ""full_batch_gain"": 0.008432388305664062, ""full_batch_harm"": -0.051054228097200394, ""full_batch_harm_lcb"": -0.05353455853182822, ""full_batch_harm_se"": 0.0012654747115448117, ""full_batch_harm_ucb"": -0.048573897662572564, ""full_batch_safe"": true}, ""default"": {""crossfit_feasible"": true, ""crossfit_utility"": -2.6560179637028623, ""crossfit_utility_positive"": false, ""full_batch_cur_after"": 5.314764499664307, ""full_batch_cur_before"": 5.2886552810668945, ""full_batch_gain"": -0.02610921859741211, ""full_batch_harm"": -0.024780672043561935, ""full_batch_harm_lcb"": -0.029110382432118057, ""full_batch_harm_se"": 0.002209035912528634, ""full_batch_harm_ucb"": -0.020450961655005814, ""full_batch_safe"": true}}, ""guarded_best_reuse"": ""adapter_1"", ""num_adapters"": 3, ""pending_after"": false, ""pending_before"": false, ""policy_version"": ""cau_v1"", ""reason"": ""safe_existing_reuse"", ""utility"": {""batch_n"": 13, ""best_reuse"": ""adapter_1"", ""best_reuse_query_after"": 2.651307087678176, ""best_reuse_utility"": 0.030052056679358848, ""defer_utility"": 0.0, ""fold_a_fresh_utility"": -1.7701566219329834, ""fold_a_query_n"": 6, ""fold_a_support_n"": 7, ""fold_b_fresh_utility"": -1.5531768798828125, ""fold_b_query_n"": 7, ""fold_b_support_n"": 6, ""fresh_advantage"": -1.6833734328930197, ""fresh_local_trainability"": 0.02718188212468074, ""fresh_positive"": false, ""fresh_query_after"": 4.334680520571196, ""fresh_query_before"": 4.361862402695876, ""fresh_utility"": -1.6533213762136607, ""reuse_profiles"": {""adapter_1"": {""feasible_both"": true, ""fold_a_harm"": -0.02822810783982277, ""fold_a_lcb"": -0.03277470312081277, ""fold_a_query_after"": 2.556577205657959, ""fold_a_utility"": 0.027296781539916992, ""fold_b_harm"": -0.028984341770410538, ""fold_b_lcb"": -0.03335769272409379, ""fold_b_query_after"": 2.73250412940979, ""fold_b_utility"": 0.03241372108459473, ""harm_lcb_max"": -0.03277470312081277, ""harm_mean"": -0.028606224805116653, ""harm_se_mean"": 0.0022754964884370565, ""harm_ucb_max"": -0.023681512558832767, ""local_trainability"": 0.030052056679358848, ""query_after"": 2.651307087678176, ""query_before"": 2.6813591443575344, ""system_utility"": 0.030052056679358848}, ""adapter_2"": {""feasible_both"": true, ""fold_a_harm"": -0.05192670598626137, ""fold_a_lcb"": -0.054426239319145676, ""fold_a_query_after"": 4.605232238769531, ""fold_a_utility"": -2.0213582515716553, ""fold_b_harm"": -0.052241601049900055, ""fold_b_lcb"": -0.05471838269382715, ""fold_b_query_after"": 4.546810150146484, ""fold_b_utility"": -1.7818922996520996, ""harm_lcb_max"": -0.054426239319145676, ""harm_mean"": -0.05208415351808071, ""harm_se_mean"": 0.001269468106329441, ""harm_ucb_max"": -0.04942717265337706, ""local_trainability"": -0.01337282474224384, ""query_after"": 4.573774191049429, ""query_before"": 4.560401366307185, ""system_utility"": -1.8924150466918945}, ""default"": {""feasible_both"": true, ""fold_a_harm"": -0.025606919080018997, ""fold_a_lcb"": -0.029727673167362807, ""fold_a_query_after"": 5.481084823608398, ""fold_a_utility"": -2.8972108364105225, ""fold_b_harm"": -0.0247938334941864, ""fold_b_lcb"": -0.02946000063791871, ""fold_b_query_after"": 5.214199066162109, ""fold_b_utility"": -2.4492812156677246, ""harm_lcb_max"": -0.02946000063791871, ""harm_mean"": -0.0252003762871027, ""harm_se_mean"": 0.002241561538539827, ""harm_ucb_max"": -0.020127666350454092, ""local_trainability"": -0.0487219737126277, ""query_after"": 5.337377108060396, ""query_before"": 5.288655134347769, ""system_utility"": -2.6560179637028623}}, ""status"": ""ok"", ""statusquo_loss"": 2.6813591443575344}, ""utility_status"": ""ok""}"
