nohup: ignoring input
RUN git add -A
RUN git commit -m Preserve Jupyter preview state before requested pod shutdown
[day17-static-tuning-20261006 20c5030] Preserve Jupyter preview state before requested pod shutdown
 1 file changed, 0 insertions(+), 0 deletions(-)
 create mode 100644 notes/operational_recovery_20261007/jupyter_preview_frozen_preclassifier_lora_comparison-checkpoint.png
RUN git push origin day17-static-tuning-20261006
To https://github.com/anitusiruk/mitosis-interference.git
   aecf6aa..20c5030  day17-static-tuning-20261006 -> day17-static-tuning-20261006
RUN git merge --no-ff --no-edit day17-static-tuning-20261006
Merge made by the 'ort' strategy.
 environment/plotting_constraints_20261007.txt                                              |    8 +
 experiments/day17_evidence_figures.py                                                      |  177 ++++++
 experiments/day17_integrate_saved_branches.py                                              |  131 +++++
 experiments/day17_manuscript_refresh.py                                                    |  191 +++++++
 experiments/day17_parallel_static_worker.py                                                |  217 ++++++++
 experiments/day17_static_replay_gate.py                                                    |   46 ++
 experiments/day17_static_report_integrity.py                                               |   84 +++
 experiments/day17_static_tuning.py                                                         |   80 +++
 experiments/day17_static_tuning_report.py                                                  |  140 +++++
 experiments/day17_static_tuning_worker.py                                                  |  182 ++++++
 experiments/day19_linear_classifier_control.py                                             |   71 +++
 experiments/day19_linear_classifier_integrity.py                                           |   54 ++
 experiments/day19_linear_classifier_report.py                                              |   93 ++++
 experiments/day19_linear_classifier_worker.py                                              |  187 +++++++
 figures/extended_audit/frozen_preclassifier_lora_comparison.pdf                            |  Bin 0 -> 14885 bytes
 figures/extended_audit/frozen_preclassifier_lora_comparison.png                            |  Bin 0 -> 71073 bytes
 figures/extended_audit/frozen_preclassifier_lora_comparison.svg                            | 1281 +++++++++++++++++++++++++++++++++++++++++++
 logs/day17_confirm_rank8_lr200_seed2027_b_first.txt                                        |   43 ++
 logs/day17_confirm_rank8_lr200_seed2027_b_first_report.txt                                 |    1 +
 logs/day17_confirm_rank8_lr200_seed2027_canonical.txt                                      |   43 ++
 logs/day17_confirm_rank8_lr200_seed2027_canonical_report.txt                               |    1 +
 logs/day17_confirm_rank8_lr200_seed2028_b_first.txt                                        |   42 ++
 logs/day17_confirm_rank8_lr200_seed2028_b_first_report.txt                                 |    1 +
 logs/day17_confirm_rank8_lr200_seed2028_canonical.txt                                      |   43 ++
 logs/day17_confirm_rank8_lr200_seed2028_canonical_report.txt                               |    1 +
 logs/day17_confirm_rank8_lr200_seed2029_b_first.txt                                        |   43 ++
 logs/day17_confirm_rank8_lr200_seed2029_b_first_report.txt                                 |    1 +
 logs/day17_confirm_rank8_lr200_seed2029_canonical.txt                                      |   43 ++
 logs/day17_confirm_rank8_lr200_seed2029_canonical_report.txt                               |    1 +
 logs/day17_confirm_rank8_lr200_seed2030_b_first.txt                                        |   43 ++
 logs/day17_confirm_rank8_lr200_seed2030_b_first_report.txt                                 |    1 +
 logs/day17_confirm_rank8_lr200_seed2030_canonical.txt                                      |   43 ++
 logs/day17_confirm_rank8_lr200_seed2030_canonical_report.txt                               |    1 +
 logs/day17_confirm_rank8_lr200_seed2031_b_first.txt                                        |   43 ++
 logs/day17_confirm_rank8_lr200_seed2031_b_first_report.txt                                 |    1 +
 logs/day17_confirm_rank8_lr200_seed2031_canonical.txt                                      |   43 ++
 logs/day17_confirm_rank8_lr200_seed2031_canonical_report.txt                               |    1 +
 logs/day17_confirm_rank96_lr100_seed2027_b_first.txt                                       |   43 ++
 logs/day17_confirm_rank96_lr100_seed2027_b_first_report.txt                                |    1 +
 logs/day17_confirm_rank96_lr100_seed2027_canonical.txt                                     |   43 ++
 logs/day17_confirm_rank96_lr100_seed2027_canonical_report.txt                              |    1 +
 logs/day17_confirm_rank96_lr100_seed2028_b_first.txt                                       |   43 ++
 logs/day17_confirm_rank96_lr100_seed2028_b_first_report.txt                                |    1 +
 logs/day17_confirm_rank96_lr100_seed2028_canonical.txt                                     |   43 ++
 logs/day17_confirm_rank96_lr100_seed2028_canonical_report.txt                              |    1 +
 logs/day17_confirm_rank96_lr100_seed2029_b_first.txt                                       |   43 ++
 logs/day17_confirm_rank96_lr100_seed2029_b_first_report.txt                                |    1 +
 logs/day17_confirm_rank96_lr100_seed2029_canonical.txt                                     |   43 ++
 logs/day17_confirm_rank96_lr100_seed2029_canonical_report.txt                              |    1 +
 logs/day17_confirm_rank96_lr100_seed2030_b_first.txt                                       |   42 ++
 logs/day17_confirm_rank96_lr100_seed2030_b_first_report.txt                                |    1 +
 logs/day17_confirm_rank96_lr100_seed2030_canonical.txt                                     |   43 ++
 logs/day17_confirm_rank96_lr100_seed2030_canonical_report.txt                              |    1 +
 logs/day17_confirm_rank96_lr100_seed2031_b_first.txt                                       |   43 ++
 logs/day17_confirm_rank96_lr100_seed2031_b_first_report.txt                                |    1 +
 logs/day17_confirm_rank96_lr100_seed2031_canonical.txt                                     |   43 ++
 logs/day17_confirm_rank96_lr100_seed2031_canonical_report.txt                              |    1 +
 logs/day17_pilot_rank8_lr100_seed2026_b_first.txt                                          |   43 ++
 logs/day17_pilot_rank8_lr100_seed2026_b_first_report.txt                                   |    1 +
 logs/day17_pilot_rank8_lr100_seed2026_canonical.txt                                        |   43 ++
 logs/day17_pilot_rank8_lr100_seed2026_canonical_report.txt                                 |    1 +
 logs/day17_pilot_rank8_lr200_seed2026_b_first.txt                                          |   43 ++
 logs/day17_pilot_rank8_lr200_seed2026_b_first_report.txt                                   |    1 +
 logs/day17_pilot_rank8_lr200_seed2026_canonical.txt                                        |   43 ++
 logs/day17_pilot_rank8_lr200_seed2026_canonical_report.txt                                 |    1 +
 logs/day17_pilot_rank8_lr20_seed2026_b_first.txt                                           |   43 ++
 logs/day17_pilot_rank8_lr20_seed2026_b_first_report.txt                                    |    1 +
 logs/day17_pilot_rank8_lr20_seed2026_canonical.txt                                         |   43 ++
 logs/day17_pilot_rank8_lr20_seed2026_canonical_report.txt                                  |    1 +
 logs/day17_pilot_rank8_lr400_seed2026_b_first.txt                                          |   43 ++
 logs/day17_pilot_rank8_lr400_seed2026_b_first_report.txt                                   |    1 +
 logs/day17_pilot_rank8_lr400_seed2026_canonical.txt                                        |   43 ++
 logs/day17_pilot_rank8_lr400_seed2026_canonical_report.txt                                 |    1 +
 logs/day17_pilot_rank8_lr50_seed2026_b_first.txt                                           |   43 ++
 logs/day17_pilot_rank8_lr50_seed2026_b_first_report.txt                                    |    1 +
 logs/day17_pilot_rank8_lr50_seed2026_canonical.txt                                         |   43 ++
 logs/day17_pilot_rank8_lr50_seed2026_canonical_report.txt                                  |    1 +
 logs/day17_pilot_rank8_lr800_seed2026_b_first.txt                                          |   43 ++
 logs/day17_pilot_rank8_lr800_seed2026_b_first_report.txt                                   |    1 +
 logs/day17_pilot_rank8_lr800_seed2026_canonical.txt                                        |   43 ++
 logs/day17_pilot_rank8_lr800_seed2026_canonical_report.txt                                 |    1 +
 logs/day17_pilot_rank96_lr100_seed2026_b_first.txt                                         |   42 ++
 logs/day17_pilot_rank96_lr100_seed2026_b_first_report.txt                                  |    1 +
 logs/day17_pilot_rank96_lr100_seed2026_canonical.txt                                       |   43 ++
 logs/day17_pilot_rank96_lr100_seed2026_canonical_report.txt                                |    1 +
 logs/day17_pilot_rank96_lr200_seed2026_b_first.txt                                         |   43 ++
 logs/day17_pilot_rank96_lr200_seed2026_b_first_report.txt                                  |    1 +
 logs/day17_pilot_rank96_lr200_seed2026_canonical.txt                                       |   43 ++
 logs/day17_pilot_rank96_lr200_seed2026_canonical_report.txt                                |    1 +
 logs/day17_pilot_rank96_lr20_seed2026_b_first.txt                                          |   43 ++
 logs/day17_pilot_rank96_lr20_seed2026_b_first_report.txt                                   |    1 +
 logs/day17_pilot_rank96_lr20_seed2026_canonical.txt                                        |   42 ++
 logs/day17_pilot_rank96_lr20_seed2026_canonical_report.txt                                 |    1 +
 logs/day17_pilot_rank96_lr400_seed2026_b_first.txt                                         |   43 ++
 logs/day17_pilot_rank96_lr400_seed2026_b_first_report.txt                                  |    1 +
 logs/day17_pilot_rank96_lr400_seed2026_canonical.txt                                       |   43 ++
 logs/day17_pilot_rank96_lr400_seed2026_canonical_report.txt                                |    1 +
 logs/day17_pilot_rank96_lr50_seed2026_b_first.txt                                          |   43 ++
 logs/day17_pilot_rank96_lr50_seed2026_b_first_report.txt                                   |    1 +
 logs/day17_pilot_rank96_lr50_seed2026_canonical.txt                                        |   43 ++
 logs/day17_pilot_rank96_lr50_seed2026_canonical_report.txt                                 |    1 +
 logs/day17_pilot_rank96_lr800_seed2026_b_first.txt                                         |   43 ++
 logs/day17_pilot_rank96_lr800_seed2026_b_first_report.txt                                  |    1 +
 logs/day17_pilot_rank96_lr800_seed2026_canonical.txt                                       |   43 ++
 logs/day17_pilot_rank96_lr800_seed2026_canonical_report.txt                                |    1 +
 logs/day17_rank96_reference_replay.txt                                                     |   43 ++
 logs/day17_rank96_reference_replay_verify.txt                                              |    1 +
 logs/day17_static_report_analytic_gate.txt                                                 |    2 +
 logs/day19_banking_head_only_seed2027_b_first_frozen_preclassifier.txt                     |   44 ++
 logs/day19_banking_head_only_seed2027_b_first_frozen_preclassifier_report.txt              |    1 +
 logs/day19_banking_head_only_seed2027_canonical_frozen_preclassifier.txt                   |   44 ++
 logs/day19_banking_head_only_seed2027_canonical_frozen_preclassifier_report.txt            |    1 +
 logs/day19_banking_head_only_seed2028_b_first_frozen_preclassifier.txt                     |   44 ++
 logs/day19_banking_head_only_seed2028_b_first_frozen_preclassifier_report.txt              |    1 +
 logs/day19_banking_head_only_seed2028_canonical_frozen_preclassifier.txt                   |   44 ++
 logs/day19_banking_head_only_seed2028_canonical_frozen_preclassifier_report.txt            |    1 +
 logs/day19_banking_head_only_seed2029_b_first_frozen_preclassifier.txt                     |   44 ++
 logs/day19_banking_head_only_seed2029_b_first_frozen_preclassifier_report.txt              |    1 +
 logs/day19_banking_head_only_seed2029_canonical_frozen_preclassifier.txt                   |   44 ++
 logs/day19_banking_head_only_seed2029_canonical_frozen_preclassifier_report.txt            |    1 +
 logs/day19_banking_head_only_seed2030_b_first_frozen_preclassifier.txt                     |   44 ++
 logs/day19_banking_head_only_seed2030_b_first_frozen_preclassifier_report.txt              |    1 +
 logs/day19_banking_head_only_seed2030_canonical_frozen_preclassifier.txt                   |   44 ++
 logs/day19_banking_head_only_seed2030_canonical_frozen_preclassifier_report.txt            |    1 +
 logs/day19_banking_head_only_seed2031_b_first_frozen_preclassifier.txt                     |   44 ++
 logs/day19_banking_head_only_seed2031_b_first_frozen_preclassifier_report.txt              |    1 +
 logs/day19_banking_head_only_seed2031_canonical_frozen_preclassifier.txt                   |   44 ++
 logs/day19_banking_head_only_seed2031_canonical_frozen_preclassifier_report.txt            |    1 +
 logs/day19_banking_private_seed2027_b_first_frozen_preclassifier.txt                       |   44 ++
 logs/day19_banking_private_seed2027_b_first_frozen_preclassifier_report.txt                |    1 +
 logs/day19_banking_private_seed2027_canonical_frozen_preclassifier.txt                     |   44 ++
 logs/day19_banking_private_seed2027_canonical_frozen_preclassifier_report.txt              |    1 +
 logs/day19_banking_private_seed2028_b_first_frozen_preclassifier.txt                       |   44 ++
 logs/day19_banking_private_seed2028_b_first_frozen_preclassifier_report.txt                |    1 +
 logs/day19_banking_private_seed2028_canonical_frozen_preclassifier.txt                     |   44 ++
 logs/day19_banking_private_seed2028_canonical_frozen_preclassifier_report.txt              |    1 +
 logs/day19_banking_private_seed2029_b_first_frozen_preclassifier.txt                       |   44 ++
 logs/day19_banking_private_seed2029_b_first_frozen_preclassifier_report.txt                |    1 +
 logs/day19_banking_private_seed2029_canonical_frozen_preclassifier.txt                     |   44 ++
 logs/day19_banking_private_seed2029_canonical_frozen_preclassifier_report.txt              |    1 +
 logs/day19_banking_private_seed2030_b_first_frozen_preclassifier.txt                       |   44 ++
 logs/day19_banking_private_seed2030_b_first_frozen_preclassifier_report.txt                |    1 +
 logs/day19_banking_private_seed2030_canonical_frozen_preclassifier.txt                     |   44 ++
 logs/day19_banking_private_seed2030_canonical_frozen_preclassifier_report.txt              |    1 +
 logs/day19_banking_private_seed2031_b_first_frozen_preclassifier.txt                       |   44 ++
 logs/day19_banking_private_seed2031_b_first_frozen_preclassifier_report.txt                |    1 +
 logs/day19_banking_private_seed2031_canonical_frozen_preclassifier.txt                     |   44 ++
 logs/day19_banking_private_seed2031_canonical_frozen_preclassifier_report.txt              |    1 +
 logs/day19_linear_classifier_gate_cpu.txt                                                  |   15 +
 logs/day19_linear_classifier_gate_cuda.txt                                                 |   15 +
 logs/day19_reference_replay_head_only_seed2031_b_first.txt                                 |   45 ++
 logs/plotting_install_20261007.txt                                                         |   27 +
 notes/classifier_prior_audit_20261006.md                                                   |   67 +++
 notes/day17_execution_isolation_20261006.md                                                |   45 ++
 notes/day17_github_save_verification.json                                                  |   13 +
 notes/day17_prelaunch_gate.json                                                            |    7 +
 notes/day17_static_rate_selection.json                                                     |   75 +++
 notes/day17_static_tuning_execution.json                                                   | 1181 +++++++++++++++++++++++++++++++++++++++
 notes/day17_static_tuning_results.md                                                       |  177 ++++++
 notes/day17_static_tuning_spec.md                                                          |   62 +++
 notes/day19_classifier_figure_caption.md                                                   |    1 +
 notes/day19_classifier_figure_visual_review.json                                           |   11 +
 notes/day19_github_save_verification.json                                                  |   13 +
 notes/day19_linear_classifier_execution.json                                               |  556 +++++++++++++++++++
 notes/day19_linear_classifier_results.md                                                   |  120 ++++
 notes/day19_linear_classifier_spec.md                                                      |   47 ++
 notes/day19_prelaunch_gate.json                                                            |    6 +
 notes/figure_source_amendment_20261007.json                                                |   10 +
 .../jupyter_preview_frozen_preclassifier_lora_comparison-checkpoint.png                    |  Bin 0 -> 71073 bytes
 notes/plotting_dependency_restore_20261007.json                                            |   27 +
 notes/plotting_install_report_20261007.json                                                |  390 +++++++++++++
 requirements-plotting.txt                                                                  |    1 +
 results/day17_checkpoint_preservation_manifest.json                                        |  722 ++++++++++++++++++++++++
 results/day17_confirm_rank8_lr200_seed2027_b_first/checkpoint/adapters/README.md           |  206 +++++++
 results/day17_confirm_rank8_lr200_seed2027_b_first/checkpoint/adapters/adapter_config.json |   49 ++
 .../checkpoint/adapters/adapter_model.safetensors                                          |    3 +
 results/day17_confirm_rank8_lr200_seed2027_b_first/checkpoint/learner_state.pt             |    3 +
 results/day17_confirm_rank8_lr200_seed2027_b_first/eval_matrix.csv                         |   16 +
 results/day17_confirm_rank8_lr200_seed2027_b_first/events.jsonl                            |   80 +++
 results/day17_confirm_rank8_lr200_seed2027_b_first/label_free_eval.csv                     |   46 ++
 results/day17_confirm_rank8_lr200_seed2027_b_first/provenance.json                         |   96 ++++
 results/day17_confirm_rank8_lr200_seed2027_b_first/routing.csv                             |   81 +++
 results/day17_confirm_rank8_lr200_seed2027_b_first/summary.json                            |   35 ++
 results/day17_confirm_rank8_lr200_seed2027_canonical/checkpoint/adapters/README.md         |  206 +++++++
 .../day17_confirm_rank8_lr200_seed2027_canonical/checkpoint/adapters/adapter_config.json   |   49 ++
 .../checkpoint/adapters/adapter_model.safetensors                                          |    3 +
 results/day17_confirm_rank8_lr200_seed2027_canonical/checkpoint/learner_state.pt           |    3 +
 results/day17_confirm_rank8_lr200_seed2027_canonical/eval_matrix.csv                       |   16 +
 results/day17_confirm_rank8_lr200_seed2027_canonical/events.jsonl                          |   80 +++
 results/day17_confirm_rank8_lr200_seed2027_canonical/label_free_eval.csv                   |   46 ++
 results/day17_confirm_rank8_lr200_seed2027_canonical/provenance.json                       |   96 ++++
 results/day17_confirm_rank8_lr200_seed2027_canonical/routing.csv                           |   81 +++
 results/day17_confirm_rank8_lr200_seed2027_canonical/summary.json                          |   35 ++
 results/day17_confirm_rank8_lr200_seed2028_b_first/checkpoint/adapters/README.md           |  206 +++++++
 results/day17_confirm_rank8_lr200_seed2028_b_first/checkpoint/adapters/adapter_config.json |   49 ++
 .../checkpoint/adapters/adapter_model.safetensors                                          |    3 +
 results/day17_confirm_rank8_lr200_seed2028_b_first/checkpoint/learner_state.pt             |    3 +
 results/day17_confirm_rank8_lr200_seed2028_b_first/eval_matrix.csv                         |   16 +
 results/day17_confirm_rank8_lr200_seed2028_b_first/events.jsonl                            |   80 +++
 results/day17_confirm_rank8_lr200_seed2028_b_first/label_free_eval.csv                     |   46 ++
 results/day17_confirm_rank8_lr200_seed2028_b_first/provenance.json                         |   96 ++++
 results/day17_confirm_rank8_lr200_seed2028_b_first/routing.csv                             |   81 +++
 results/day17_confirm_rank8_lr200_seed2028_b_first/summary.json                            |   35 ++
 results/day17_confirm_rank8_lr200_seed2028_canonical/checkpoint/adapters/README.md         |  206 +++++++
 .../day17_confirm_rank8_lr200_seed2028_canonical/checkpoint/adapters/adapter_config.json   |   49 ++
 .../checkpoint/adapters/adapter_model.safetensors                                          |    3 +
 results/day17_confirm_rank8_lr200_seed2028_canonical/checkpoint/learner_state.pt           |    3 +
 results/day17_confirm_rank8_lr200_seed2028_canonical/eval_matrix.csv                       |   16 +
 results/day17_confirm_rank8_lr200_seed2028_canonical/events.jsonl                          |   80 +++
 results/day17_confirm_rank8_lr200_seed2028_canonical/label_free_eval.csv                   |   46 ++
 results/day17_confirm_rank8_lr200_seed2028_canonical/provenance.json                       |   96 ++++
 results/day17_confirm_rank8_lr200_seed2028_canonical/routing.csv                           |   81 +++
 results/day17_confirm_rank8_lr200_seed2028_canonical/summary.json                          |   35 ++
 results/day17_confirm_rank8_lr200_seed2029_b_first/checkpoint/adapters/README.md           |  206 +++++++
 results/day17_confirm_rank8_lr200_seed2029_b_first/checkpoint/adapters/adapter_config.json |   49 ++
 .../checkpoint/adapters/adapter_model.safetensors                                          |    3 +
 results/day17_confirm_rank8_lr200_seed2029_b_first/checkpoint/learner_state.pt             |    3 +
 results/day17_confirm_rank8_lr200_seed2029_b_first/eval_matrix.csv                         |   16 +
 results/day17_confirm_rank8_lr200_seed2029_b_first/events.jsonl                            |   80 +++
 results/day17_confirm_rank8_lr200_seed2029_b_first/label_free_eval.csv                     |   46 ++
 results/day17_confirm_rank8_lr200_seed2029_b_first/provenance.json                         |   96 ++++
 results/day17_confirm_rank8_lr200_seed2029_b_first/routing.csv                             |   81 +++
 results/day17_confirm_rank8_lr200_seed2029_b_first/summary.json                            |   35 ++
 results/day17_confirm_rank8_lr200_seed2029_canonical/checkpoint/adapters/README.md         |  206 +++++++
 .../day17_confirm_rank8_lr200_seed2029_canonical/checkpoint/adapters/adapter_config.json   |   49 ++
 .../checkpoint/adapters/adapter_model.safetensors                                          |    3 +
 results/day17_confirm_rank8_lr200_seed2029_canonical/checkpoint/learner_state.pt           |    3 +
 results/day17_confirm_rank8_lr200_seed2029_canonical/eval_matrix.csv                       |   16 +
 results/day17_confirm_rank8_lr200_seed2029_canonical/events.jsonl                          |   80 +++
 results/day17_confirm_rank8_lr200_seed2029_canonical/label_free_eval.csv                   |   46 ++
 results/day17_confirm_rank8_lr200_seed2029_canonical/provenance.json                       |   96 ++++
 results/day17_confirm_rank8_lr200_seed2029_canonical/routing.csv                           |   81 +++
 results/day17_confirm_rank8_lr200_seed2029_canonical/summary.json                          |   35 ++
 results/day17_confirm_rank8_lr200_seed2030_b_first/checkpoint/adapters/README.md           |  206 +++++++
 results/day17_confirm_rank8_lr200_seed2030_b_first/checkpoint/adapters/adapter_config.json |   49 ++
 .../checkpoint/adapters/adapter_model.safetensors                                          |    3 +
 results/day17_confirm_rank8_lr200_seed2030_b_first/checkpoint/learner_state.pt             |    3 +
 results/day17_confirm_rank8_lr200_seed2030_b_first/eval_matrix.csv                         |   16 +
 results/day17_confirm_rank8_lr200_seed2030_b_first/events.jsonl                            |   80 +++
 results/day17_confirm_rank8_lr200_seed2030_b_first/label_free_eval.csv                     |   46 ++
 results/day17_confirm_rank8_lr200_seed2030_b_first/provenance.json                         |   96 ++++
 results/day17_confirm_rank8_lr200_seed2030_b_first/routing.csv                             |   81 +++
 results/day17_confirm_rank8_lr200_seed2030_b_first/summary.json                            |   35 ++
 results/day17_confirm_rank8_lr200_seed2030_canonical/checkpoint/adapters/README.md         |  206 +++++++
 .../day17_confirm_rank8_lr200_seed2030_canonical/checkpoint/adapters/adapter_config.json   |   49 ++
 .../checkpoint/adapters/adapter_model.safetensors                                          |    3 +
 results/day17_confirm_rank8_lr200_seed2030_canonical/checkpoint/learner_state.pt           |    3 +
 results/day17_confirm_rank8_lr200_seed2030_canonical/eval_matrix.csv                       |   16 +
 results/day17_confirm_rank8_lr200_seed2030_canonical/events.jsonl                          |   80 +++
 results/day17_confirm_rank8_lr200_seed2030_canonical/label_free_eval.csv                   |   46 ++
 results/day17_confirm_rank8_lr200_seed2030_canonical/provenance.json                       |   96 ++++
 results/day17_confirm_rank8_lr200_seed2030_canonical/routing.csv                           |   81 +++
 results/day17_confirm_rank8_lr200_seed2030_canonical/summary.json                          |   35 ++
 results/day17_confirm_rank8_lr200_seed2031_b_first/checkpoint/adapters/README.md           |  206 +++++++
 results/day17_confirm_rank8_lr200_seed2031_b_first/checkpoint/adapters/adapter_config.json |   49 ++
 .../checkpoint/adapters/adapter_model.safetensors                                          |    3 +
 results/day17_confirm_rank8_lr200_seed2031_b_first/checkpoint/learner_state.pt             |    3 +
 results/day17_confirm_rank8_lr200_seed2031_b_first/eval_matrix.csv                         |   16 +
 results/day17_confirm_rank8_lr200_seed2031_b_first/events.jsonl                            |   80 +++
 results/day17_confirm_rank8_lr200_seed2031_b_first/label_free_eval.csv                     |   46 ++
 results/day17_confirm_rank8_lr200_seed2031_b_first/provenance.json                         |   96 ++++
 results/day17_confirm_rank8_lr200_seed2031_b_first/routing.csv                             |   81 +++
 results/day17_confirm_rank8_lr200_seed2031_b_first/summary.json                            |   35 ++
 results/day17_confirm_rank8_lr200_seed2031_canonical/checkpoint/adapters/README.md         |  206 +++++++
 .../day17_confirm_rank8_lr200_seed2031_canonical/checkpoint/adapters/adapter_config.json   |   49 ++
 .../checkpoint/adapters/adapter_model.safetensors                                          |    3 +
 results/day17_confirm_rank8_lr200_seed2031_canonical/checkpoint/learner_state.pt           |    3 +
 results/day17_confirm_rank8_lr200_seed2031_canonical/eval_matrix.csv                       |   16 +
 results/day17_confirm_rank8_lr200_seed2031_canonical/events.jsonl                          |   80 +++
 results/day17_confirm_rank8_lr200_seed2031_canonical/label_free_eval.csv                   |   46 ++
 results/day17_confirm_rank8_lr200_seed2031_canonical/provenance.json                       |   96 ++++
 results/day17_confirm_rank8_lr200_seed2031_canonical/routing.csv                           |   81 +++
 results/day17_confirm_rank8_lr200_seed2031_canonical/summary.json                          |   35 ++
 results/day17_confirm_rank96_lr100_seed2027_b_first/checkpoint/adapters/README.md          |  206 +++++++
 .../day17_confirm_rank96_lr100_seed2027_b_first/checkpoint/adapters/adapter_config.json    |   49 ++
 .../checkpoint/adapters/adapter_model.safetensors                                          |    3 +
 results/day17_confirm_rank96_lr100_seed2027_b_first/checkpoint/learner_state.pt            |    3 +
 results/day17_confirm_rank96_lr100_seed2027_b_first/eval_matrix.csv                        |   16 +
 results/day17_confirm_rank96_lr100_seed2027_b_first/events.jsonl                           |   80 +++
 results/day17_confirm_rank96_lr100_seed2027_b_first/label_free_eval.csv                    |   46 ++
 results/day17_confirm_rank96_lr100_seed2027_b_first/provenance.json                        |   96 ++++
 results/day17_confirm_rank96_lr100_seed2027_b_first/routing.csv                            |   81 +++
 results/day17_confirm_rank96_lr100_seed2027_b_first/summary.json                           |   35 ++
 results/day17_confirm_rank96_lr100_seed2027_canonical/checkpoint/adapters/README.md        |  206 +++++++
 .../day17_confirm_rank96_lr100_seed2027_canonical/checkpoint/adapters/adapter_config.json  |   49 ++
 .../checkpoint/adapters/adapter_model.safetensors                                          |    3 +
 results/day17_confirm_rank96_lr100_seed2027_canonical/checkpoint/learner_state.pt          |    3 +
 results/day17_confirm_rank96_lr100_seed2027_canonical/eval_matrix.csv                      |   16 +
 results/day17_confirm_rank96_lr100_seed2027_canonical/events.jsonl                         |   80 +++
 results/day17_confirm_rank96_lr100_seed2027_canonical/label_free_eval.csv                  |   46 ++
 results/day17_confirm_rank96_lr100_seed2027_canonical/provenance.json                      |   96 ++++
 results/day17_confirm_rank96_lr100_seed2027_canonical/routing.csv                          |   81 +++
 results/day17_confirm_rank96_lr100_seed2027_canonical/summary.json                         |   35 ++
 results/day17_confirm_rank96_lr100_seed2028_b_first/checkpoint/adapters/README.md          |  206 +++++++
 .../day17_confirm_rank96_lr100_seed2028_b_first/checkpoint/adapters/adapter_config.json    |   49 ++
 .../checkpoint/adapters/adapter_model.safetensors                                          |    3 +
 results/day17_confirm_rank96_lr100_seed2028_b_first/checkpoint/learner_state.pt            |    3 +
 results/day17_confirm_rank96_lr100_seed2028_b_first/eval_matrix.csv                        |   16 +
 results/day17_confirm_rank96_lr100_seed2028_b_first/events.jsonl                           |   80 +++
 results/day17_confirm_rank96_lr100_seed2028_b_first/label_free_eval.csv                    |   46 ++
 results/day17_confirm_rank96_lr100_seed2028_b_first/provenance.json                        |   96 ++++
 results/day17_confirm_rank96_lr100_seed2028_b_first/routing.csv                            |   81 +++
 results/day17_confirm_rank96_lr100_seed2028_b_first/summary.json                           |   35 ++
 results/day17_confirm_rank96_lr100_seed2028_canonical/checkpoint/adapters/README.md        |  206 +++++++
 .../day17_confirm_rank96_lr100_seed2028_canonical/checkpoint/adapters/adapter_config.json  |   49 ++
 .../checkpoint/adapters/adapter_model.safetensors                                          |    3 +
 results/day17_confirm_rank96_lr100_seed2028_canonical/checkpoint/learner_state.pt          |    3 +
 results/day17_confirm_rank96_lr100_seed2028_canonical/eval_matrix.csv                      |   16 +
 results/day17_confirm_rank96_lr100_seed2028_canonical/events.jsonl                         |   80 +++
 results/day17_confirm_rank96_lr100_seed2028_canonical/label_free_eval.csv                  |   46 ++
 results/day17_confirm_rank96_lr100_seed2028_canonical/provenance.json                      |   96 ++++
 results/day17_confirm_rank96_lr100_seed2028_canonical/routing.csv                          |   81 +++
 results/day17_confirm_rank96_lr100_seed2028_canonical/summary.json                         |   35 ++
 results/day17_confirm_rank96_lr100_seed2029_b_first/checkpoint/adapters/README.md          |  206 +++++++
 .../day17_confirm_rank96_lr100_seed2029_b_first/checkpoint/adapters/adapter_config.json    |   49 ++
 .../checkpoint/adapters/adapter_model.safetensors                                          |    3 +
 results/day17_confirm_rank96_lr100_seed2029_b_first/checkpoint/learner_state.pt            |    3 +
 results/day17_confirm_rank96_lr100_seed2029_b_first/eval_matrix.csv                        |   16 +
 results/day17_confirm_rank96_lr100_seed2029_b_first/events.jsonl                           |   80 +++
 results/day17_confirm_rank96_lr100_seed2029_b_first/label_free_eval.csv                    |   46 ++
 results/day17_confirm_rank96_lr100_seed2029_b_first/provenance.json                        |   96 ++++
 results/day17_confirm_rank96_lr100_seed2029_b_first/routing.csv                            |   81 +++
 results/day17_confirm_rank96_lr100_seed2029_b_first/summary.json                           |   35 ++
 results/day17_confirm_rank96_lr100_seed2029_canonical/checkpoint/adapters/README.md        |  206 +++++++
 .../day17_confirm_rank96_lr100_seed2029_canonical/checkpoint/adapters/adapter_config.json  |   49 ++
 .../checkpoint/adapters/adapter_model.safetensors                                          |    3 +
 results/day17_confirm_rank96_lr100_seed2029_canonical/checkpoint/learner_state.pt          |    3 +
 results/day17_confirm_rank96_lr100_seed2029_canonical/eval_matrix.csv                      |   16 +
 results/day17_confirm_rank96_lr100_seed2029_canonical/events.jsonl                         |   80 +++
 results/day17_confirm_rank96_lr100_seed2029_canonical/label_free_eval.csv                  |   46 ++
 results/day17_confirm_rank96_lr100_seed2029_canonical/provenance.json                      |   96 ++++
 results/day17_confirm_rank96_lr100_seed2029_canonical/routing.csv                          |   81 +++
 results/day17_confirm_rank96_lr100_seed2029_canonical/summary.json                         |   35 ++
 results/day17_confirm_rank96_lr100_seed2030_b_first/checkpoint/adapters/README.md          |  206 +++++++
 .../day17_confirm_rank96_lr100_seed2030_b_first/checkpoint/adapters/adapter_config.json    |   49 ++
 .../checkpoint/adapters/adapter_model.safetensors                                          |    3 +
 results/day17_confirm_rank96_lr100_seed2030_b_first/checkpoint/learner_state.pt            |    3 +
 results/day17_confirm_rank96_lr100_seed2030_b_first/eval_matrix.csv                        |   16 +
 results/day17_confirm_rank96_lr100_seed2030_b_first/events.jsonl                           |   80 +++
 results/day17_confirm_rank96_lr100_seed2030_b_first/label_free_eval.csv                    |   46 ++
 results/day17_confirm_rank96_lr100_seed2030_b_first/provenance.json                        |   96 ++++
 results/day17_confirm_rank96_lr100_seed2030_b_first/routing.csv                            |   81 +++
 results/day17_confirm_rank96_lr100_seed2030_b_first/summary.json                           |   35 ++
 results/day17_confirm_rank96_lr100_seed2030_canonical/checkpoint/adapters/README.md        |  206 +++++++
 .../day17_confirm_rank96_lr100_seed2030_canonical/checkpoint/adapters/adapter_config.json  |   49 ++
 .../checkpoint/adapters/adapter_model.safetensors                                          |    3 +
 results/day17_confirm_rank96_lr100_seed2030_canonical/checkpoint/learner_state.pt          |    3 +
 results/day17_confirm_rank96_lr100_seed2030_canonical/eval_matrix.csv                      |   16 +
 results/day17_confirm_rank96_lr100_seed2030_canonical/events.jsonl                         |   80 +++
 results/day17_confirm_rank96_lr100_seed2030_canonical/label_free_eval.csv                  |   46 ++
 results/day17_confirm_rank96_lr100_seed2030_canonical/provenance.json                      |   96 ++++
 results/day17_confirm_rank96_lr100_seed2030_canonical/routing.csv                          |   81 +++
 results/day17_confirm_rank96_lr100_seed2030_canonical/summary.json                         |   35 ++
 results/day17_confirm_rank96_lr100_seed2031_b_first/checkpoint/adapters/README.md          |  206 +++++++
 .../day17_confirm_rank96_lr100_seed2031_b_first/checkpoint/adapters/adapter_config.json    |   49 ++
 .../checkpoint/adapters/adapter_model.safetensors                                          |    3 +
 results/day17_confirm_rank96_lr100_seed2031_b_first/checkpoint/learner_state.pt            |    3 +
 results/day17_confirm_rank96_lr100_seed2031_b_first/eval_matrix.csv                        |   16 +
 results/day17_confirm_rank96_lr100_seed2031_b_first/events.jsonl                           |   80 +++
 results/day17_confirm_rank96_lr100_seed2031_b_first/label_free_eval.csv                    |   46 ++
 results/day17_confirm_rank96_lr100_seed2031_b_first/provenance.json                        |   96 ++++
 results/day17_confirm_rank96_lr100_seed2031_b_first/routing.csv                            |   81 +++
 results/day17_confirm_rank96_lr100_seed2031_b_first/summary.json                           |   35 ++
 results/day17_confirm_rank96_lr100_seed2031_canonical/checkpoint/adapters/README.md        |  206 +++++++
 .../day17_confirm_rank96_lr100_seed2031_canonical/checkpoint/adapters/adapter_config.json  |   49 ++
 .../checkpoint/adapters/adapter_model.safetensors                                          |    3 +
 results/day17_confirm_rank96_lr100_seed2031_canonical/checkpoint/learner_state.pt          |    3 +
 results/day17_confirm_rank96_lr100_seed2031_canonical/eval_matrix.csv                      |   16 +
 results/day17_confirm_rank96_lr100_seed2031_canonical/events.jsonl                         |   80 +++
 results/day17_confirm_rank96_lr100_seed2031_canonical/label_free_eval.csv                  |   46 ++
 results/day17_confirm_rank96_lr100_seed2031_canonical/provenance.json                      |   96 ++++
 results/day17_confirm_rank96_lr100_seed2031_canonical/routing.csv                          |   81 +++
 results/day17_confirm_rank96_lr100_seed2031_canonical/summary.json                         |   35 ++
 results/day17_pilot_rank8_lr100_seed2026_b_first/checkpoint/adapters/README.md             |  206 +++++++
 results/day17_pilot_rank8_lr100_seed2026_b_first/checkpoint/adapters/adapter_config.json   |   49 ++
 .../day17_pilot_rank8_lr100_seed2026_b_first/checkpoint/adapters/adapter_model.safetensors |    3 +
 results/day17_pilot_rank8_lr100_seed2026_b_first/checkpoint/learner_state.pt               |    3 +
 results/day17_pilot_rank8_lr100_seed2026_b_first/eval_matrix.csv                           |   16 +
 results/day17_pilot_rank8_lr100_seed2026_b_first/events.jsonl                              |   80 +++
 results/day17_pilot_rank8_lr100_seed2026_b_first/label_free_eval.csv                       |   46 ++
 results/day17_pilot_rank8_lr100_seed2026_b_first/provenance.json                           |   96 ++++
 results/day17_pilot_rank8_lr100_seed2026_b_first/routing.csv                               |   81 +++
 results/day17_pilot_rank8_lr100_seed2026_b_first/summary.json                              |   35 ++
 results/day17_pilot_rank8_lr100_seed2026_canonical/checkpoint/adapters/README.md           |  206 +++++++
 results/day17_pilot_rank8_lr100_seed2026_canonical/checkpoint/adapters/adapter_config.json |   49 ++
 .../checkpoint/adapters/adapter_model.safetensors                                          |    3 +
 results/day17_pilot_rank8_lr100_seed2026_canonical/checkpoint/learner_state.pt             |    3 +
 results/day17_pilot_rank8_lr100_seed2026_canonical/eval_matrix.csv                         |   16 +
 results/day17_pilot_rank8_lr100_seed2026_canonical/events.jsonl                            |   80 +++
 results/day17_pilot_rank8_lr100_seed2026_canonical/label_free_eval.csv                     |   46 ++
 results/day17_pilot_rank8_lr100_seed2026_canonical/provenance.json                         |   96 ++++
 results/day17_pilot_rank8_lr100_seed2026_canonical/routing.csv                             |   81 +++
 results/day17_pilot_rank8_lr100_seed2026_canonical/summary.json                            |   35 ++
 results/day17_pilot_rank8_lr200_seed2026_b_first/checkpoint/adapters/README.md             |  206 +++++++
 results/day17_pilot_rank8_lr200_seed2026_b_first/checkpoint/adapters/adapter_config.json   |   49 ++
 .../day17_pilot_rank8_lr200_seed2026_b_first/checkpoint/adapters/adapter_model.safetensors |    3 +
 results/day17_pilot_rank8_lr200_seed2026_b_first/checkpoint/learner_state.pt               |    3 +
 results/day17_pilot_rank8_lr200_seed2026_b_first/eval_matrix.csv                           |   16 +
 results/day17_pilot_rank8_lr200_seed2026_b_first/events.jsonl                              |   80 +++
 results/day17_pilot_rank8_lr200_seed2026_b_first/label_free_eval.csv                       |   46 ++
 results/day17_pilot_rank8_lr200_seed2026_b_first/provenance.json                           |   96 ++++
 results/day17_pilot_rank8_lr200_seed2026_b_first/routing.csv                               |   81 +++
 results/day17_pilot_rank8_lr200_seed2026_b_first/summary.json                              |   35 ++
 results/day17_pilot_rank8_lr200_seed2026_canonical/checkpoint/adapters/README.md           |  206 +++++++
 results/day17_pilot_rank8_lr200_seed2026_canonical/checkpoint/adapters/adapter_config.json |   49 ++
 .../checkpoint/adapters/adapter_model.safetensors                                          |    3 +
 results/day17_pilot_rank8_lr200_seed2026_canonical/checkpoint/learner_state.pt             |    3 +
 results/day17_pilot_rank8_lr200_seed2026_canonical/eval_matrix.csv                         |   16 +
 results/day17_pilot_rank8_lr200_seed2026_canonical/events.jsonl                            |   80 +++
 results/day17_pilot_rank8_lr200_seed2026_canonical/label_free_eval.csv                     |   46 ++
 results/day17_pilot_rank8_lr200_seed2026_canonical/provenance.json                         |   96 ++++
 results/day17_pilot_rank8_lr200_seed2026_canonical/routing.csv                             |   81 +++
 results/day17_pilot_rank8_lr200_seed2026_canonical/summary.json                            |   35 ++
 results/day17_pilot_rank8_lr20_seed2026_b_first/checkpoint/adapters/README.md              |  206 +++++++
 results/day17_pilot_rank8_lr20_seed2026_b_first/checkpoint/adapters/adapter_config.json    |   49 ++
 .../day17_pilot_rank8_lr20_seed2026_b_first/checkpoint/adapters/adapter_model.safetensors  |    3 +
 results/day17_pilot_rank8_lr20_seed2026_b_first/checkpoint/learner_state.pt                |    3 +
 results/day17_pilot_rank8_lr20_seed2026_b_first/eval_matrix.csv                            |   16 +
 results/day17_pilot_rank8_lr20_seed2026_b_first/events.jsonl                               |   80 +++
 results/day17_pilot_rank8_lr20_seed2026_b_first/label_free_eval.csv                        |   46 ++
 results/day17_pilot_rank8_lr20_seed2026_b_first/provenance.json                            |   96 ++++
 results/day17_pilot_rank8_lr20_seed2026_b_first/routing.csv                                |   81 +++
 results/day17_pilot_rank8_lr20_seed2026_b_first/summary.json                               |   35 ++
 results/day17_pilot_rank8_lr20_seed2026_canonical/checkpoint/adapters/README.md            |  206 +++++++
 results/day17_pilot_rank8_lr20_seed2026_canonical/checkpoint/adapters/adapter_config.json  |   49 ++
 .../checkpoint/adapters/adapter_model.safetensors                                          |    3 +
 results/day17_pilot_rank8_lr20_seed2026_canonical/checkpoint/learner_state.pt              |    3 +
 results/day17_pilot_rank8_lr20_seed2026_canonical/eval_matrix.csv                          |   16 +
 results/day17_pilot_rank8_lr20_seed2026_canonical/events.jsonl                             |   80 +++
 results/day17_pilot_rank8_lr20_seed2026_canonical/label_free_eval.csv                      |   46 ++
 results/day17_pilot_rank8_lr20_seed2026_canonical/provenance.json                          |   96 ++++
 results/day17_pilot_rank8_lr20_seed2026_canonical/routing.csv                              |   81 +++
 results/day17_pilot_rank8_lr20_seed2026_canonical/summary.json                             |   35 ++
 results/day17_pilot_rank8_lr400_seed2026_b_first/checkpoint/adapters/README.md             |  206 +++++++
 results/day17_pilot_rank8_lr400_seed2026_b_first/checkpoint/adapters/adapter_config.json   |   49 ++
 .../day17_pilot_rank8_lr400_seed2026_b_first/checkpoint/adapters/adapter_model.safetensors |    3 +
 results/day17_pilot_rank8_lr400_seed2026_b_first/checkpoint/learner_state.pt               |    3 +
 results/day17_pilot_rank8_lr400_seed2026_b_first/eval_matrix.csv                           |   16 +
 results/day17_pilot_rank8_lr400_seed2026_b_first/events.jsonl                              |   80 +++
 results/day17_pilot_rank8_lr400_seed2026_b_first/label_free_eval.csv                       |   46 ++
 results/day17_pilot_rank8_lr400_seed2026_b_first/provenance.json                           |   96 ++++
 results/day17_pilot_rank8_lr400_seed2026_b_first/routing.csv                               |   81 +++
 results/day17_pilot_rank8_lr400_seed2026_b_first/summary.json                              |   35 ++
 results/day17_pilot_rank8_lr400_seed2026_canonical/checkpoint/adapters/README.md           |  206 +++++++
 results/day17_pilot_rank8_lr400_seed2026_canonical/checkpoint/adapters/adapter_config.json |   49 ++
 .../checkpoint/adapters/adapter_model.safetensors                                          |    3 +
 results/day17_pilot_rank8_lr400_seed2026_canonical/checkpoint/learner_state.pt             |    3 +
 results/day17_pilot_rank8_lr400_seed2026_canonical/eval_matrix.csv                         |   16 +
 results/day17_pilot_rank8_lr400_seed2026_canonical/events.jsonl                            |   80 +++
 results/day17_pilot_rank8_lr400_seed2026_canonical/label_free_eval.csv                     |   46 ++
 results/day17_pilot_rank8_lr400_seed2026_canonical/provenance.json                         |   96 ++++
 results/day17_pilot_rank8_lr400_seed2026_canonical/routing.csv                             |   81 +++
 results/day17_pilot_rank8_lr400_seed2026_canonical/summary.json                            |   35 ++
 results/day17_pilot_rank8_lr50_seed2026_b_first/checkpoint/adapters/README.md              |  206 +++++++
 results/day17_pilot_rank8_lr50_seed2026_b_first/checkpoint/adapters/adapter_config.json    |   49 ++
 .../day17_pilot_rank8_lr50_seed2026_b_first/checkpoint/adapters/adapter_model.safetensors  |    3 +
 results/day17_pilot_rank8_lr50_seed2026_b_first/checkpoint/learner_state.pt                |    3 +
 results/day17_pilot_rank8_lr50_seed2026_b_first/eval_matrix.csv                            |   16 +
 results/day17_pilot_rank8_lr50_seed2026_b_first/events.jsonl                               |   80 +++
 results/day17_pilot_rank8_lr50_seed2026_b_first/label_free_eval.csv                        |   46 ++
 results/day17_pilot_rank8_lr50_seed2026_b_first/provenance.json                            |   96 ++++
 results/day17_pilot_rank8_lr50_seed2026_b_first/routing.csv                                |   81 +++
 results/day17_pilot_rank8_lr50_seed2026_b_first/summary.json                               |   35 ++
 results/day17_pilot_rank8_lr50_seed2026_canonical/checkpoint/adapters/README.md            |  206 +++++++
 results/day17_pilot_rank8_lr50_seed2026_canonical/checkpoint/adapters/adapter_config.json  |   49 ++
 .../checkpoint/adapters/adapter_model.safetensors                                          |    3 +
 results/day17_pilot_rank8_lr50_seed2026_canonical/checkpoint/learner_state.pt              |    3 +
 results/day17_pilot_rank8_lr50_seed2026_canonical/eval_matrix.csv                          |   16 +
 results/day17_pilot_rank8_lr50_seed2026_canonical/events.jsonl                             |   80 +++
 results/day17_pilot_rank8_lr50_seed2026_canonical/label_free_eval.csv                      |   46 ++
 results/day17_pilot_rank8_lr50_seed2026_canonical/provenance.json                          |   96 ++++
 results/day17_pilot_rank8_lr50_seed2026_canonical/routing.csv                              |   81 +++
 results/day17_pilot_rank8_lr50_seed2026_canonical/summary.json                             |   35 ++
 results/day17_pilot_rank8_lr800_seed2026_b_first/checkpoint/adapters/README.md             |  206 +++++++
 results/day17_pilot_rank8_lr800_seed2026_b_first/checkpoint/adapters/adapter_config.json   |   49 ++
 .../day17_pilot_rank8_lr800_seed2026_b_first/checkpoint/adapters/adapter_model.safetensors |    3 +
 results/day17_pilot_rank8_lr800_seed2026_b_first/checkpoint/learner_state.pt               |    3 +
 results/day17_pilot_rank8_lr800_seed2026_b_first/eval_matrix.csv                           |   16 +
 results/day17_pilot_rank8_lr800_seed2026_b_first/events.jsonl                              |   80 +++
 results/day17_pilot_rank8_lr800_seed2026_b_first/label_free_eval.csv                       |   46 ++
 results/day17_pilot_rank8_lr800_seed2026_b_first/provenance.json                           |   96 ++++
 results/day17_pilot_rank8_lr800_seed2026_b_first/routing.csv                               |   81 +++
 results/day17_pilot_rank8_lr800_seed2026_b_first/summary.json                              |   35 ++
 results/day17_pilot_rank8_lr800_seed2026_canonical/checkpoint/adapters/README.md           |  206 +++++++
 results/day17_pilot_rank8_lr800_seed2026_canonical/checkpoint/adapters/adapter_config.json |   49 ++
 .../checkpoint/adapters/adapter_model.safetensors                                          |    3 +
 results/day17_pilot_rank8_lr800_seed2026_canonical/checkpoint/learner_state.pt             |    3 +
 results/day17_pilot_rank8_lr800_seed2026_canonical/eval_matrix.csv                         |   16 +
 results/day17_pilot_rank8_lr800_seed2026_canonical/events.jsonl                            |   80 +++
 results/day17_pilot_rank8_lr800_seed2026_canonical/label_free_eval.csv                     |   46 ++
 results/day17_pilot_rank8_lr800_seed2026_canonical/provenance.json                         |   96 ++++
 results/day17_pilot_rank8_lr800_seed2026_canonical/routing.csv                             |   81 +++
 results/day17_pilot_rank8_lr800_seed2026_canonical/summary.json                            |   35 ++
 results/day17_pilot_rank96_lr100_seed2026_b_first/checkpoint/adapters/README.md            |  206 +++++++
 results/day17_pilot_rank96_lr100_seed2026_b_first/checkpoint/adapters/adapter_config.json  |   49 ++
 .../checkpoint/adapters/adapter_model.safetensors                                          |    3 +
 results/day17_pilot_rank96_lr100_seed2026_b_first/checkpoint/learner_state.pt              |    3 +
 results/day17_pilot_rank96_lr100_seed2026_b_first/eval_matrix.csv                          |   16 +
 results/day17_pilot_rank96_lr100_seed2026_b_first/events.jsonl                             |   80 +++
 results/day17_pilot_rank96_lr100_seed2026_b_first/label_free_eval.csv                      |   46 ++
 results/day17_pilot_rank96_lr100_seed2026_b_first/provenance.json                          |   96 ++++
 results/day17_pilot_rank96_lr100_seed2026_b_first/routing.csv                              |   81 +++
 results/day17_pilot_rank96_lr100_seed2026_b_first/summary.json                             |   35 ++
 results/day17_pilot_rank96_lr100_seed2026_canonical/checkpoint/adapters/README.md          |  206 +++++++
 .../day17_pilot_rank96_lr100_seed2026_canonical/checkpoint/adapters/adapter_config.json    |   49 ++
 .../checkpoint/adapters/adapter_model.safetensors                                          |    3 +
 results/day17_pilot_rank96_lr100_seed2026_canonical/checkpoint/learner_state.pt            |    3 +
 results/day17_pilot_rank96_lr100_seed2026_canonical/eval_matrix.csv                        |   16 +
 results/day17_pilot_rank96_lr100_seed2026_canonical/events.jsonl                           |   80 +++
 results/day17_pilot_rank96_lr100_seed2026_canonical/label_free_eval.csv                    |   46 ++
 results/day17_pilot_rank96_lr100_seed2026_canonical/provenance.json                        |   96 ++++
 results/day17_pilot_rank96_lr100_seed2026_canonical/routing.csv                            |   81 +++
 results/day17_pilot_rank96_lr100_seed2026_canonical/summary.json                           |   35 ++
 results/day17_pilot_rank96_lr200_seed2026_b_first/checkpoint/adapters/README.md            |  206 +++++++
 results/day17_pilot_rank96_lr200_seed2026_b_first/checkpoint/adapters/adapter_config.json  |   49 ++
 .../checkpoint/adapters/adapter_model.safetensors                                          |    3 +
 results/day17_pilot_rank96_lr200_seed2026_b_first/checkpoint/learner_state.pt              |    3 +
 results/day17_pilot_rank96_lr200_seed2026_b_first/eval_matrix.csv                          |   16 +
 results/day17_pilot_rank96_lr200_seed2026_b_first/events.jsonl                             |   80 +++
 results/day17_pilot_rank96_lr200_seed2026_b_first/label_free_eval.csv                      |   46 ++
 results/day17_pilot_rank96_lr200_seed2026_b_first/provenance.json                          |   96 ++++
 results/day17_pilot_rank96_lr200_seed2026_b_first/routing.csv                              |   81 +++
 results/day17_pilot_rank96_lr200_seed2026_b_first/summary.json                             |   35 ++
 results/day17_pilot_rank96_lr200_seed2026_canonical/checkpoint/adapters/README.md          |  206 +++++++
 .../day17_pilot_rank96_lr200_seed2026_canonical/checkpoint/adapters/adapter_config.json    |   49 ++
 .../checkpoint/adapters/adapter_model.safetensors                                          |    3 +
 results/day17_pilot_rank96_lr200_seed2026_canonical/checkpoint/learner_state.pt            |    3 +
 results/day17_pilot_rank96_lr200_seed2026_canonical/eval_matrix.csv                        |   16 +
 results/day17_pilot_rank96_lr200_seed2026_canonical/events.jsonl                           |   80 +++
 results/day17_pilot_rank96_lr200_seed2026_canonical/label_free_eval.csv                    |   46 ++
 results/day17_pilot_rank96_lr200_seed2026_canonical/provenance.json                        |   96 ++++
 results/day17_pilot_rank96_lr200_seed2026_canonical/routing.csv                            |   81 +++
 results/day17_pilot_rank96_lr200_seed2026_canonical/summary.json                           |   35 ++
 results/day17_pilot_rank96_lr20_seed2026_b_first/checkpoint/adapters/README.md             |  206 +++++++
 results/day17_pilot_rank96_lr20_seed2026_b_first/checkpoint/adapters/adapter_config.json   |   49 ++
 .../day17_pilot_rank96_lr20_seed2026_b_first/checkpoint/adapters/adapter_model.safetensors |    3 +
 results/day17_pilot_rank96_lr20_seed2026_b_first/checkpoint/learner_state.pt               |    3 +
 results/day17_pilot_rank96_lr20_seed2026_b_first/eval_matrix.csv                           |   16 +
 results/day17_pilot_rank96_lr20_seed2026_b_first/events.jsonl                              |   80 +++
 results/day17_pilot_rank96_lr20_seed2026_b_first/label_free_eval.csv                       |   46 ++
 results/day17_pilot_rank96_lr20_seed2026_b_first/provenance.json                           |   96 ++++
 results/day17_pilot_rank96_lr20_seed2026_b_first/routing.csv                               |   81 +++
 results/day17_pilot_rank96_lr20_seed2026_b_first/summary.json                              |   35 ++
 results/day17_pilot_rank96_lr20_seed2026_canonical/checkpoint/adapters/README.md           |  206 +++++++
 results/day17_pilot_rank96_lr20_seed2026_canonical/checkpoint/adapters/adapter_config.json |   49 ++
 .../checkpoint/adapters/adapter_model.safetensors                                          |    3 +
 results/day17_pilot_rank96_lr20_seed2026_canonical/checkpoint/learner_state.pt             |    3 +
 results/day17_pilot_rank96_lr20_seed2026_canonical/eval_matrix.csv                         |   16 +
 results/day17_pilot_rank96_lr20_seed2026_canonical/events.jsonl                            |   80 +++
 results/day17_pilot_rank96_lr20_seed2026_canonical/label_free_eval.csv                     |   46 ++
 results/day17_pilot_rank96_lr20_seed2026_canonical/provenance.json                         |   96 ++++
 results/day17_pilot_rank96_lr20_seed2026_canonical/routing.csv                             |   81 +++
 results/day17_pilot_rank96_lr20_seed2026_canonical/summary.json                            |   35 ++
 results/day17_pilot_rank96_lr400_seed2026_b_first/checkpoint/adapters/README.md            |  206 +++++++
 results/day17_pilot_rank96_lr400_seed2026_b_first/checkpoint/adapters/adapter_config.json  |   49 ++
 .../checkpoint/adapters/adapter_model.safetensors                                          |    3 +
 results/day17_pilot_rank96_lr400_seed2026_b_first/checkpoint/learner_state.pt              |    3 +
 results/day17_pilot_rank96_lr400_seed2026_b_first/eval_matrix.csv                          |   16 +
 results/day17_pilot_rank96_lr400_seed2026_b_first/events.jsonl                             |   80 +++
 results/day17_pilot_rank96_lr400_seed2026_b_first/label_free_eval.csv                      |   46 ++
 results/day17_pilot_rank96_lr400_seed2026_b_first/provenance.json                          |   96 ++++
 results/day17_pilot_rank96_lr400_seed2026_b_first/routing.csv                              |   81 +++
 results/day17_pilot_rank96_lr400_seed2026_b_first/summary.json                             |   35 ++
 results/day17_pilot_rank96_lr400_seed2026_canonical/checkpoint/adapters/README.md          |  206 +++++++
 .../day17_pilot_rank96_lr400_seed2026_canonical/checkpoint/adapters/adapter_config.json    |   49 ++
 .../checkpoint/adapters/adapter_model.safetensors                                          |    3 +
 results/day17_pilot_rank96_lr400_seed2026_canonical/checkpoint/learner_state.pt            |    3 +
 results/day17_pilot_rank96_lr400_seed2026_canonical/eval_matrix.csv                        |   16 +
 results/day17_pilot_rank96_lr400_seed2026_canonical/events.jsonl                           |   80 +++
 results/day17_pilot_rank96_lr400_seed2026_canonical/label_free_eval.csv                    |   46 ++
 results/day17_pilot_rank96_lr400_seed2026_canonical/provenance.json                        |   96 ++++
 results/day17_pilot_rank96_lr400_seed2026_canonical/routing.csv                            |   81 +++
 results/day17_pilot_rank96_lr400_seed2026_canonical/summary.json                           |   35 ++
 results/day17_pilot_rank96_lr50_seed2026_b_first/checkpoint/adapters/README.md             |  206 +++++++
 results/day17_pilot_rank96_lr50_seed2026_b_first/checkpoint/adapters/adapter_config.json   |   49 ++
 .../day17_pilot_rank96_lr50_seed2026_b_first/checkpoint/adapters/adapter_model.safetensors |    3 +
 results/day17_pilot_rank96_lr50_seed2026_b_first/checkpoint/learner_state.pt               |    3 +
 results/day17_pilot_rank96_lr50_seed2026_b_first/eval_matrix.csv                           |   16 +
 results/day17_pilot_rank96_lr50_seed2026_b_first/events.jsonl                              |   80 +++
 results/day17_pilot_rank96_lr50_seed2026_b_first/label_free_eval.csv                       |   46 ++
 results/day17_pilot_rank96_lr50_seed2026_b_first/provenance.json                           |   96 ++++
 results/day17_pilot_rank96_lr50_seed2026_b_first/routing.csv                               |   81 +++
 results/day17_pilot_rank96_lr50_seed2026_b_first/summary.json                              |   35 ++
 results/day17_pilot_rank96_lr50_seed2026_canonical/checkpoint/adapters/README.md           |  206 +++++++
 results/day17_pilot_rank96_lr50_seed2026_canonical/checkpoint/adapters/adapter_config.json |   49 ++
 .../checkpoint/adapters/adapter_model.safetensors                                          |    3 +
 results/day17_pilot_rank96_lr50_seed2026_canonical/checkpoint/learner_state.pt             |    3 +
 results/day17_pilot_rank96_lr50_seed2026_canonical/eval_matrix.csv                         |   16 +
 results/day17_pilot_rank96_lr50_seed2026_canonical/events.jsonl                            |   80 +++
 results/day17_pilot_rank96_lr50_seed2026_canonical/label_free_eval.csv                     |   46 ++
 results/day17_pilot_rank96_lr50_seed2026_canonical/provenance.json                         |   96 ++++
 results/day17_pilot_rank96_lr50_seed2026_canonical/routing.csv                             |   81 +++
 results/day17_pilot_rank96_lr50_seed2026_canonical/summary.json                            |   35 ++
 results/day17_pilot_rank96_lr800_seed2026_b_first/checkpoint/adapters/README.md            |  206 +++++++
 results/day17_pilot_rank96_lr800_seed2026_b_first/checkpoint/adapters/adapter_config.json  |   49 ++
 .../checkpoint/adapters/adapter_model.safetensors                                          |    3 +
 results/day17_pilot_rank96_lr800_seed2026_b_first/checkpoint/learner_state.pt              |    3 +
 results/day17_pilot_rank96_lr800_seed2026_b_first/eval_matrix.csv                          |   16 +
 results/day17_pilot_rank96_lr800_seed2026_b_first/events.jsonl                             |   80 +++
 results/day17_pilot_rank96_lr800_seed2026_b_first/label_free_eval.csv                      |   46 ++
 results/day17_pilot_rank96_lr800_seed2026_b_first/provenance.json                          |   96 ++++
 results/day17_pilot_rank96_lr800_seed2026_b_first/routing.csv                              |   81 +++
 results/day17_pilot_rank96_lr800_seed2026_b_first/summary.json                             |   35 ++
 results/day17_pilot_rank96_lr800_seed2026_canonical/checkpoint/adapters/README.md          |  206 +++++++
 .../day17_pilot_rank96_lr800_seed2026_canonical/checkpoint/adapters/adapter_config.json    |   49 ++
 .../checkpoint/adapters/adapter_model.safetensors                                          |    3 +
 results/day17_pilot_rank96_lr800_seed2026_canonical/checkpoint/learner_state.pt            |    3 +
 results/day17_pilot_rank96_lr800_seed2026_canonical/eval_matrix.csv                        |   16 +
 results/day17_pilot_rank96_lr800_seed2026_canonical/events.jsonl                           |   80 +++
 results/day17_pilot_rank96_lr800_seed2026_canonical/label_free_eval.csv                    |   46 ++
 results/day17_pilot_rank96_lr800_seed2026_canonical/provenance.json                        |   96 ++++
 results/day17_pilot_rank96_lr800_seed2026_canonical/routing.csv                            |   81 +++
 results/day17_pilot_rank96_lr800_seed2026_canonical/summary.json                           |   35 ++
 results/day17_rank96_reference_replay/checkpoint/adapters/README.md                        |  206 +++++++
 results/day17_rank96_reference_replay/checkpoint/adapters/adapter_config.json              |   49 ++
 results/day17_rank96_reference_replay/checkpoint/adapters/adapter_model.safetensors        |    3 +
 results/day17_rank96_reference_replay/checkpoint/learner_state.pt                          |    3 +
 results/day17_rank96_reference_replay/eval_matrix.csv                                      |   16 +
 results/day17_rank96_reference_replay/events.jsonl                                         |   80 +++
 results/day17_rank96_reference_replay/label_free_eval.csv                                  |   46 ++
 results/day17_rank96_reference_replay/provenance.json                                      |   96 ++++
 results/day17_rank96_reference_replay/routing.csv                                          |   81 +++
 results/day17_rank96_reference_replay/static_replay_verification.json                      |   10 +
 results/day17_rank96_reference_replay/summary.json                                         |   35 ++
 results/day17_static_pilot_grid.csv                                                        |   25 +
 results/day17_tuned_static_comparisons.csv                                                 |  101 ++++
 results/day17_tuned_static_paired_differences.csv                                          |   11 +
 results/day17_tuned_static_seed_values.csv                                                 |   51 ++
 .../checkpoint/adapters/README.md                                                          |  206 +++++++
 .../checkpoint/adapters/adapter_1/adapter_config.json                                      |  333 +++++++++++
 .../checkpoint/adapters/adapter_1/adapter_model.safetensors                                |    3 +
 .../checkpoint/adapters/adapter_2/adapter_config.json                                      |  333 +++++++++++
 .../checkpoint/adapters/adapter_2/adapter_model.safetensors                                |    3 +
 .../checkpoint/adapters/adapter_config.json                                                |  333 +++++++++++
 .../checkpoint/adapters/adapter_model.safetensors                                          |    3 +
 .../checkpoint/learner_state.pt                                                            |    3 +
 results/day19_banking_head_only_seed2027_b_first_frozen_preclassifier/eval_matrix.csv      |   34 ++
 results/day19_banking_head_only_seed2027_b_first_frozen_preclassifier/events.jsonl         |   80 +++
 results/day19_banking_head_only_seed2027_b_first_frozen_preclassifier/label_free_eval.csv  |   46 ++
 results/day19_banking_head_only_seed2027_b_first_frozen_preclassifier/provenance.json      |   84 +++
 results/day19_banking_head_only_seed2027_b_first_frozen_preclassifier/routing.csv          |   81 +++
 results/day19_banking_head_only_seed2027_b_first_frozen_preclassifier/summary.json         |   49 ++
 .../checkpoint/adapters/README.md                                                          |  206 +++++++
 .../checkpoint/adapters/adapter_1/adapter_config.json                                      |  333 +++++++++++
 .../checkpoint/adapters/adapter_1/adapter_model.safetensors                                |    3 +
 .../checkpoint/adapters/adapter_2/adapter_config.json                                      |  333 +++++++++++
 .../checkpoint/adapters/adapter_2/adapter_model.safetensors                                |    3 +
 .../checkpoint/adapters/adapter_config.json                                                |  333 +++++++++++
 .../checkpoint/adapters/adapter_model.safetensors                                          |    3 +
 .../checkpoint/learner_state.pt                                                            |    3 +
 results/day19_banking_head_only_seed2027_canonical_frozen_preclassifier/eval_matrix.csv    |   34 ++
 results/day19_banking_head_only_seed2027_canonical_frozen_preclassifier/events.jsonl       |   80 +++
 .../day19_banking_head_only_seed2027_canonical_frozen_preclassifier/label_free_eval.csv    |   46 ++
 results/day19_banking_head_only_seed2027_canonical_frozen_preclassifier/provenance.json    |   84 +++
 results/day19_banking_head_only_seed2027_canonical_frozen_preclassifier/routing.csv        |   81 +++
 results/day19_banking_head_only_seed2027_canonical_frozen_preclassifier/summary.json       |   49 ++
 .../checkpoint/adapters/README.md                                                          |  206 +++++++
 .../checkpoint/adapters/adapter_1/adapter_config.json                                      |  333 +++++++++++
 .../checkpoint/adapters/adapter_1/adapter_model.safetensors                                |    3 +
 .../checkpoint/adapters/adapter_2/adapter_config.json                                      |  333 +++++++++++
 .../checkpoint/adapters/adapter_2/adapter_model.safetensors                                |    3 +
 .../checkpoint/adapters/adapter_config.json                                                |  333 +++++++++++
 .../checkpoint/adapters/adapter_model.safetensors                                          |    3 +
 .../checkpoint/learner_state.pt                                                            |    3 +
 results/day19_banking_head_only_seed2028_b_first_frozen_preclassifier/eval_matrix.csv      |   34 ++
 results/day19_banking_head_only_seed2028_b_first_frozen_preclassifier/events.jsonl         |   80 +++
 results/day19_banking_head_only_seed2028_b_first_frozen_preclassifier/label_free_eval.csv  |   46 ++
 results/day19_banking_head_only_seed2028_b_first_frozen_preclassifier/provenance.json      |   84 +++
 results/day19_banking_head_only_seed2028_b_first_frozen_preclassifier/routing.csv          |   81 +++
 results/day19_banking_head_only_seed2028_b_first_frozen_preclassifier/summary.json         |   49 ++
 .../checkpoint/adapters/README.md                                                          |  206 +++++++
 .../checkpoint/adapters/adapter_1/adapter_config.json                                      |  333 +++++++++++
 .../checkpoint/adapters/adapter_1/adapter_model.safetensors                                |    3 +
 .../checkpoint/adapters/adapter_2/adapter_config.json                                      |  333 +++++++++++
 .../checkpoint/adapters/adapter_2/adapter_model.safetensors                                |    3 +
 .../checkpoint/adapters/adapter_config.json                                                |  333 +++++++++++
 .../checkpoint/adapters/adapter_model.safetensors                                          |    3 +
 .../checkpoint/learner_state.pt                                                            |    3 +
 results/day19_banking_head_only_seed2028_canonical_frozen_preclassifier/eval_matrix.csv    |   34 ++
 results/day19_banking_head_only_seed2028_canonical_frozen_preclassifier/events.jsonl       |   80 +++
 .../day19_banking_head_only_seed2028_canonical_frozen_preclassifier/label_free_eval.csv    |   46 ++
 results/day19_banking_head_only_seed2028_canonical_frozen_preclassifier/provenance.json    |   84 +++
 results/day19_banking_head_only_seed2028_canonical_frozen_preclassifier/routing.csv        |   81 +++
 results/day19_banking_head_only_seed2028_canonical_frozen_preclassifier/summary.json       |   49 ++
 .../checkpoint/adapters/README.md                                                          |  206 +++++++
 .../checkpoint/adapters/adapter_1/adapter_config.json                                      |  333 +++++++++++
 .../checkpoint/adapters/adapter_1/adapter_model.safetensors                                |    3 +
 .../checkpoint/adapters/adapter_2/adapter_config.json                                      |  333 +++++++++++
 .../checkpoint/adapters/adapter_2/adapter_model.safetensors                                |    3 +
 .../checkpoint/adapters/adapter_config.json                                                |  333 +++++++++++
 .../checkpoint/adapters/adapter_model.safetensors                                          |    3 +
 .../checkpoint/learner_state.pt                                                            |    3 +
 results/day19_banking_head_only_seed2029_b_first_frozen_preclassifier/eval_matrix.csv      |   34 ++
 results/day19_banking_head_only_seed2029_b_first_frozen_preclassifier/events.jsonl         |   80 +++
 results/day19_banking_head_only_seed2029_b_first_frozen_preclassifier/label_free_eval.csv  |   46 ++
 results/day19_banking_head_only_seed2029_b_first_frozen_preclassifier/provenance.json      |   84 +++
 results/day19_banking_head_only_seed2029_b_first_frozen_preclassifier/routing.csv          |   81 +++
 results/day19_banking_head_only_seed2029_b_first_frozen_preclassifier/summary.json         |   49 ++
 .../checkpoint/adapters/README.md                                                          |  206 +++++++
 .../checkpoint/adapters/adapter_1/adapter_config.json                                      |  333 +++++++++++
 .../checkpoint/adapters/adapter_1/adapter_model.safetensors                                |    3 +
 .../checkpoint/adapters/adapter_2/adapter_config.json                                      |  333 +++++++++++
 .../checkpoint/adapters/adapter_2/adapter_model.safetensors                                |    3 +
 .../checkpoint/adapters/adapter_config.json                                                |  333 +++++++++++
 .../checkpoint/adapters/adapter_model.safetensors                                          |    3 +
 .../checkpoint/learner_state.pt                                                            |    3 +
 results/day19_banking_head_only_seed2029_canonical_frozen_preclassifier/eval_matrix.csv    |   34 ++
 results/day19_banking_head_only_seed2029_canonical_frozen_preclassifier/events.jsonl       |   80 +++
 .../day19_banking_head_only_seed2029_canonical_frozen_preclassifier/label_free_eval.csv    |   46 ++
 results/day19_banking_head_only_seed2029_canonical_frozen_preclassifier/provenance.json    |   84 +++
 results/day19_banking_head_only_seed2029_canonical_frozen_preclassifier/routing.csv        |   81 +++
 results/day19_banking_head_only_seed2029_canonical_frozen_preclassifier/summary.json       |   49 ++
 .../checkpoint/adapters/README.md                                                          |  206 +++++++
 .../checkpoint/adapters/adapter_1/adapter_config.json                                      |  333 +++++++++++
 .../checkpoint/adapters/adapter_1/adapter_model.safetensors                                |    3 +
 .../checkpoint/adapters/adapter_2/adapter_config.json                                      |  333 +++++++++++
 .../checkpoint/adapters/adapter_2/adapter_model.safetensors                                |    3 +
 .../checkpoint/adapters/adapter_config.json                                                |  333 +++++++++++
 .../checkpoint/adapters/adapter_model.safetensors                                          |    3 +
 .../checkpoint/learner_state.pt                                                            |    3 +
 results/day19_banking_head_only_seed2030_b_first_frozen_preclassifier/eval_matrix.csv      |   34 ++
 results/day19_banking_head_only_seed2030_b_first_frozen_preclassifier/events.jsonl         |   80 +++
 results/day19_banking_head_only_seed2030_b_first_frozen_preclassifier/label_free_eval.csv  |   46 ++
 results/day19_banking_head_only_seed2030_b_first_frozen_preclassifier/provenance.json      |   84 +++
 results/day19_banking_head_only_seed2030_b_first_frozen_preclassifier/routing.csv          |   81 +++
 results/day19_banking_head_only_seed2030_b_first_frozen_preclassifier/summary.json         |   49 ++
 .../checkpoint/adapters/README.md                                                          |  206 +++++++
 .../checkpoint/adapters/adapter_1/adapter_config.json                                      |  333 +++++++++++
 .../checkpoint/adapters/adapter_1/adapter_model.safetensors                                |    3 +
 .../checkpoint/adapters/adapter_2/adapter_config.json                                      |  333 +++++++++++
 .../checkpoint/adapters/adapter_2/adapter_model.safetensors                                |    3 +
 .../checkpoint/adapters/adapter_config.json                                                |  333 +++++++++++
 .../checkpoint/adapters/adapter_model.safetensors                                          |    3 +
 .../checkpoint/learner_state.pt                                                            |    3 +
 results/day19_banking_head_only_seed2030_canonical_frozen_preclassifier/eval_matrix.csv    |   34 ++
 results/day19_banking_head_only_seed2030_canonical_frozen_preclassifier/events.jsonl       |   80 +++
 .../day19_banking_head_only_seed2030_canonical_frozen_preclassifier/label_free_eval.csv    |   46 ++
 results/day19_banking_head_only_seed2030_canonical_frozen_preclassifier/provenance.json    |   84 +++
 results/day19_banking_head_only_seed2030_canonical_frozen_preclassifier/routing.csv        |   81 +++
 results/day19_banking_head_only_seed2030_canonical_frozen_preclassifier/summary.json       |   49 ++
 .../checkpoint/adapters/README.md                                                          |  206 +++++++
 .../checkpoint/adapters/adapter_1/adapter_config.json                                      |  333 +++++++++++
 .../checkpoint/adapters/adapter_1/adapter_model.safetensors                                |    3 +
 .../checkpoint/adapters/adapter_2/adapter_config.json                                      |  333 +++++++++++
 .../checkpoint/adapters/adapter_2/adapter_model.safetensors                                |    3 +
 .../checkpoint/adapters/adapter_config.json                                                |  333 +++++++++++
 .../checkpoint/adapters/adapter_model.safetensors                                          |    3 +
 .../checkpoint/learner_state.pt                                                            |    3 +
 results/day19_banking_head_only_seed2031_b_first_frozen_preclassifier/eval_matrix.csv      |   34 ++
 results/day19_banking_head_only_seed2031_b_first_frozen_preclassifier/events.jsonl         |   80 +++
 results/day19_banking_head_only_seed2031_b_first_frozen_preclassifier/label_free_eval.csv  |   46 ++
 results/day19_banking_head_only_seed2031_b_first_frozen_preclassifier/provenance.json      |   84 +++
 results/day19_banking_head_only_seed2031_b_first_frozen_preclassifier/routing.csv          |   81 +++
 results/day19_banking_head_only_seed2031_b_first_frozen_preclassifier/summary.json         |   49 ++
 .../checkpoint/adapters/README.md                                                          |  206 +++++++
 .../checkpoint/adapters/adapter_1/adapter_config.json                                      |  333 +++++++++++
 .../checkpoint/adapters/adapter_1/adapter_model.safetensors                                |    3 +
 .../checkpoint/adapters/adapter_2/adapter_config.json                                      |  333 +++++++++++
 .../checkpoint/adapters/adapter_2/adapter_model.safetensors                                |    3 +
 .../checkpoint/adapters/adapter_config.json                                                |  333 +++++++++++
 .../checkpoint/adapters/adapter_model.safetensors                                          |    3 +
 .../checkpoint/learner_state.pt                                                            |    3 +
 results/day19_banking_head_only_seed2031_canonical_frozen_preclassifier/eval_matrix.csv    |   34 ++
 results/day19_banking_head_only_seed2031_canonical_frozen_preclassifier/events.jsonl       |   80 +++
 .../day19_banking_head_only_seed2031_canonical_frozen_preclassifier/label_free_eval.csv    |   46 ++
 results/day19_banking_head_only_seed2031_canonical_frozen_preclassifier/provenance.json    |   84 +++
 results/day19_banking_head_only_seed2031_canonical_frozen_preclassifier/routing.csv        |   81 +++
 results/day19_banking_head_only_seed2031_canonical_frozen_preclassifier/summary.json       |   49 ++
 .../checkpoint/adapters/README.md                                                          |  206 +++++++
 .../checkpoint/adapters/adapter_1/adapter_config.json                                      |  333 +++++++++++
 .../checkpoint/adapters/adapter_1/adapter_model.safetensors                                |    3 +
 .../checkpoint/adapters/adapter_2/adapter_config.json                                      |  333 +++++++++++
 .../checkpoint/adapters/adapter_2/adapter_model.safetensors                                |    3 +
 .../checkpoint/adapters/adapter_config.json                                                |  333 +++++++++++
 .../checkpoint/adapters/adapter_model.safetensors                                          |    3 +
 .../checkpoint/learner_state.pt                                                            |    3 +
 results/day19_banking_private_seed2027_b_first_frozen_preclassifier/eval_matrix.csv        |   34 ++
 results/day19_banking_private_seed2027_b_first_frozen_preclassifier/events.jsonl           |   80 +++
 results/day19_banking_private_seed2027_b_first_frozen_preclassifier/label_free_eval.csv    |   46 ++
 results/day19_banking_private_seed2027_b_first_frozen_preclassifier/provenance.json        |   84 +++
 results/day19_banking_private_seed2027_b_first_frozen_preclassifier/routing.csv            |   81 +++
 results/day19_banking_private_seed2027_b_first_frozen_preclassifier/summary.json           |   49 ++
 .../checkpoint/adapters/README.md                                                          |  206 +++++++
 .../checkpoint/adapters/adapter_1/adapter_config.json                                      |  333 +++++++++++
 .../checkpoint/adapters/adapter_1/adapter_model.safetensors                                |    3 +
 .../checkpoint/adapters/adapter_2/adapter_config.json                                      |  333 +++++++++++
 .../checkpoint/adapters/adapter_2/adapter_model.safetensors                                |    3 +
 .../checkpoint/adapters/adapter_config.json                                                |  333 +++++++++++
 .../checkpoint/adapters/adapter_model.safetensors                                          |    3 +
 .../checkpoint/learner_state.pt                                                            |    3 +
 results/day19_banking_private_seed2027_canonical_frozen_preclassifier/eval_matrix.csv      |   34 ++
 results/day19_banking_private_seed2027_canonical_frozen_preclassifier/events.jsonl         |   80 +++
 results/day19_banking_private_seed2027_canonical_frozen_preclassifier/label_free_eval.csv  |   46 ++
 results/day19_banking_private_seed2027_canonical_frozen_preclassifier/provenance.json      |   84 +++
 results/day19_banking_private_seed2027_canonical_frozen_preclassifier/routing.csv          |   81 +++
 results/day19_banking_private_seed2027_canonical_frozen_preclassifier/summary.json         |   49 ++
 .../checkpoint/adapters/README.md                                                          |  206 +++++++
 .../checkpoint/adapters/adapter_1/adapter_config.json                                      |  333 +++++++++++
 .../checkpoint/adapters/adapter_1/adapter_model.safetensors                                |    3 +
 .../checkpoint/adapters/adapter_2/adapter_config.json                                      |  333 +++++++++++
 .../checkpoint/adapters/adapter_2/adapter_model.safetensors                                |    3 +
 .../checkpoint/adapters/adapter_config.json                                                |  333 +++++++++++
 .../checkpoint/adapters/adapter_model.safetensors                                          |    3 +
 .../checkpoint/learner_state.pt                                                            |    3 +
 results/day19_banking_private_seed2028_b_first_frozen_preclassifier/eval_matrix.csv        |   34 ++
 results/day19_banking_private_seed2028_b_first_frozen_preclassifier/events.jsonl           |   80 +++
 results/day19_banking_private_seed2028_b_first_frozen_preclassifier/label_free_eval.csv    |   46 ++
 results/day19_banking_private_seed2028_b_first_frozen_preclassifier/provenance.json        |   84 +++
 results/day19_banking_private_seed2028_b_first_frozen_preclassifier/routing.csv            |   81 +++
 results/day19_banking_private_seed2028_b_first_frozen_preclassifier/summary.json           |   49 ++
 .../checkpoint/adapters/README.md                                                          |  206 +++++++
 .../checkpoint/adapters/adapter_1/adapter_config.json                                      |  333 +++++++++++
 .../checkpoint/adapters/adapter_1/adapter_model.safetensors                                |    3 +
 .../checkpoint/adapters/adapter_2/adapter_config.json                                      |  333 +++++++++++
 .../checkpoint/adapters/adapter_2/adapter_model.safetensors                                |    3 +
 .../checkpoint/adapters/adapter_config.json                                                |  333 +++++++++++
 .../checkpoint/adapters/adapter_model.safetensors                                          |    3 +
 .../checkpoint/learner_state.pt                                                            |    3 +
 results/day19_banking_private_seed2028_canonical_frozen_preclassifier/eval_matrix.csv      |   34 ++
 results/day19_banking_private_seed2028_canonical_frozen_preclassifier/events.jsonl         |   80 +++
 results/day19_banking_private_seed2028_canonical_frozen_preclassifier/label_free_eval.csv  |   46 ++
 results/day19_banking_private_seed2028_canonical_frozen_preclassifier/provenance.json      |   84 +++
 results/day19_banking_private_seed2028_canonical_frozen_preclassifier/routing.csv          |   81 +++
 results/day19_banking_private_seed2028_canonical_frozen_preclassifier/summary.json         |   49 ++
 .../checkpoint/adapters/README.md                                                          |  206 +++++++
 .../checkpoint/adapters/adapter_1/adapter_config.json                                      |  333 +++++++++++
 .../checkpoint/adapters/adapter_1/adapter_model.safetensors                                |    3 +
 .../checkpoint/adapters/adapter_2/adapter_config.json                                      |  333 +++++++++++
 .../checkpoint/adapters/adapter_2/adapter_model.safetensors                                |    3 +
 .../checkpoint/adapters/adapter_config.json                                                |  333 +++++++++++
 .../checkpoint/adapters/adapter_model.safetensors                                          |    3 +
 .../checkpoint/learner_state.pt                                                            |    3 +
 results/day19_banking_private_seed2029_b_first_frozen_preclassifier/eval_matrix.csv        |   34 ++
 results/day19_banking_private_seed2029_b_first_frozen_preclassifier/events.jsonl           |   80 +++
 results/day19_banking_private_seed2029_b_first_frozen_preclassifier/label_free_eval.csv    |   46 ++
 results/day19_banking_private_seed2029_b_first_frozen_preclassifier/provenance.json        |   84 +++
 results/day19_banking_private_seed2029_b_first_frozen_preclassifier/routing.csv            |   81 +++
 results/day19_banking_private_seed2029_b_first_frozen_preclassifier/summary.json           |   49 ++
 .../checkpoint/adapters/README.md                                                          |  206 +++++++
 .../checkpoint/adapters/adapter_1/adapter_config.json                                      |  333 +++++++++++
 .../checkpoint/adapters/adapter_1/adapter_model.safetensors                                |    3 +
 .../checkpoint/adapters/adapter_2/adapter_config.json                                      |  333 +++++++++++
 .../checkpoint/adapters/adapter_2/adapter_model.safetensors                                |    3 +
 .../checkpoint/adapters/adapter_config.json                                                |  333 +++++++++++
 .../checkpoint/adapters/adapter_model.safetensors                                          |    3 +
 .../checkpoint/learner_state.pt                                                            |    3 +
 results/day19_banking_private_seed2029_canonical_frozen_preclassifier/eval_matrix.csv      |   34 ++
 results/day19_banking_private_seed2029_canonical_frozen_preclassifier/events.jsonl         |   80 +++
 results/day19_banking_private_seed2029_canonical_frozen_preclassifier/label_free_eval.csv  |   46 ++
 results/day19_banking_private_seed2029_canonical_frozen_preclassifier/provenance.json      |   84 +++
 results/day19_banking_private_seed2029_canonical_frozen_preclassifier/routing.csv          |   81 +++
 results/day19_banking_private_seed2029_canonical_frozen_preclassifier/summary.json         |   49 ++
 .../checkpoint/adapters/README.md                                                          |  206 +++++++
 .../checkpoint/adapters/adapter_1/adapter_config.json                                      |  333 +++++++++++
 .../checkpoint/adapters/adapter_1/adapter_model.safetensors                                |    3 +
 .../checkpoint/adapters/adapter_2/adapter_config.json                                      |  333 +++++++++++
 .../checkpoint/adapters/adapter_2/adapter_model.safetensors                                |    3 +
 .../checkpoint/adapters/adapter_config.json                                                |  333 +++++++++++
 .../checkpoint/adapters/adapter_model.safetensors                                          |    3 +
 .../checkpoint/learner_state.pt                                                            |    3 +
 results/day19_banking_private_seed2030_b_first_frozen_preclassifier/eval_matrix.csv        |   34 ++
 results/day19_banking_private_seed2030_b_first_frozen_preclassifier/events.jsonl           |   80 +++
 results/day19_banking_private_seed2030_b_first_frozen_preclassifier/label_free_eval.csv    |   46 ++
 results/day19_banking_private_seed2030_b_first_frozen_preclassifier/provenance.json        |   84 +++
 results/day19_banking_private_seed2030_b_first_frozen_preclassifier/routing.csv            |   81 +++
 results/day19_banking_private_seed2030_b_first_frozen_preclassifier/summary.json           |   49 ++
 .../checkpoint/adapters/README.md                                                          |  206 +++++++
 .../checkpoint/adapters/adapter_1/adapter_config.json                                      |  333 +++++++++++
 .../checkpoint/adapters/adapter_1/adapter_model.safetensors                                |    3 +
 .../checkpoint/adapters/adapter_2/adapter_config.json                                      |  333 +++++++++++
 .../checkpoint/adapters/adapter_2/adapter_model.safetensors                                |    3 +
 .../checkpoint/adapters/adapter_config.json                                                |  333 +++++++++++
 .../checkpoint/adapters/adapter_model.safetensors                                          |    3 +
 .../checkpoint/learner_state.pt                                                            |    3 +
 results/day19_banking_private_seed2030_canonical_frozen_preclassifier/eval_matrix.csv      |   34 ++
 results/day19_banking_private_seed2030_canonical_frozen_preclassifier/events.jsonl         |   80 +++
 results/day19_banking_private_seed2030_canonical_frozen_preclassifier/label_free_eval.csv  |   46 ++
 results/day19_banking_private_seed2030_canonical_frozen_preclassifier/provenance.json      |   84 +++
 results/day19_banking_private_seed2030_canonical_frozen_preclassifier/routing.csv          |   81 +++
 results/day19_banking_private_seed2030_canonical_frozen_preclassifier/summary.json         |   49 ++
 .../checkpoint/adapters/README.md                                                          |  206 +++++++
 .../checkpoint/adapters/adapter_1/adapter_config.json                                      |  333 +++++++++++
 .../checkpoint/adapters/adapter_1/adapter_model.safetensors                                |    3 +
 .../checkpoint/adapters/adapter_2/adapter_config.json                                      |  333 +++++++++++
 .../checkpoint/adapters/adapter_2/adapter_model.safetensors                                |    3 +
 .../checkpoint/adapters/adapter_config.json                                                |  333 +++++++++++
 .../checkpoint/adapters/adapter_model.safetensors                                          |    3 +
 .../checkpoint/learner_state.pt                                                            |    3 +
 results/day19_banking_private_seed2031_b_first_frozen_preclassifier/eval_matrix.csv        |   34 ++
 results/day19_banking_private_seed2031_b_first_frozen_preclassifier/events.jsonl           |   80 +++
 results/day19_banking_private_seed2031_b_first_frozen_preclassifier/label_free_eval.csv    |   46 ++
 results/day19_banking_private_seed2031_b_first_frozen_preclassifier/provenance.json        |   84 +++
 results/day19_banking_private_seed2031_b_first_frozen_preclassifier/routing.csv            |   81 +++
 results/day19_banking_private_seed2031_b_first_frozen_preclassifier/summary.json           |   49 ++
 .../checkpoint/adapters/README.md                                                          |  206 +++++++
 .../checkpoint/adapters/adapter_1/adapter_config.json                                      |  333 +++++++++++
 .../checkpoint/adapters/adapter_1/adapter_model.safetensors                                |    3 +
 .../checkpoint/adapters/adapter_2/adapter_config.json                                      |  333 +++++++++++
 .../checkpoint/adapters/adapter_2/adapter_model.safetensors                                |    3 +
 .../checkpoint/adapters/adapter_config.json                                                |  333 +++++++++++
 .../checkpoint/adapters/adapter_model.safetensors                                          |    3 +
 .../checkpoint/learner_state.pt                                                            |    3 +
 results/day19_banking_private_seed2031_canonical_frozen_preclassifier/eval_matrix.csv      |   34 ++
 results/day19_banking_private_seed2031_canonical_frozen_preclassifier/events.jsonl         |   80 +++
 results/day19_banking_private_seed2031_canonical_frozen_preclassifier/label_free_eval.csv  |   46 ++
 results/day19_banking_private_seed2031_canonical_frozen_preclassifier/provenance.json      |   84 +++
 results/day19_banking_private_seed2031_canonical_frozen_preclassifier/routing.csv          |   81 +++
 results/day19_banking_private_seed2031_canonical_frozen_preclassifier/summary.json         |   49 ++
 results/day19_checkpoint_preservation_manifest.json                                        |  674 +++++++++++++++++++++++
 results/day19_linear_classifier_allocation_pairs.csv                                       |   11 +
 results/day19_linear_classifier_deployment.csv                                             |   61 +++
 results/day19_linear_classifier_prediction_differences.csv                                 |    4 +
 results/day19_linear_classifier_trajectories.csv                                           |   21 +
 results/day19_reference_replay_head_only_seed2031_b_first/checkpoint/adapters/README.md    |  206 +++++++
 .../checkpoint/adapters/adapter_1/adapter_config.json                                      |  333 +++++++++++
 .../checkpoint/adapters/adapter_1/adapter_model.safetensors                                |    3 +
 .../checkpoint/adapters/adapter_2/adapter_config.json                                      |  333 +++++++++++
 .../checkpoint/adapters/adapter_2/adapter_model.safetensors                                |    3 +
 .../checkpoint/adapters/adapter_config.json                                                |  333 +++++++++++
 .../checkpoint/adapters/adapter_model.safetensors                                          |    3 +
 results/day19_reference_replay_head_only_seed2031_b_first/checkpoint/learner_state.pt      |    3 +
 results/day19_reference_replay_head_only_seed2031_b_first/eval_matrix.csv                  |   34 ++
 results/day19_reference_replay_head_only_seed2031_b_first/events.jsonl                     |   80 +++
 results/day19_reference_replay_head_only_seed2031_b_first/label_free_eval.csv              |   46 ++
 results/day19_reference_replay_head_only_seed2031_b_first/provenance.json                  |   84 +++
 .../day19_reference_replay_head_only_seed2031_b_first/reference_replay_verification.json   |   12 +
 results/day19_reference_replay_head_only_seed2031_b_first/routing.csv                      |   81 +++
 results/day19_reference_replay_head_only_seed2031_b_first/summary.json                     |   47 ++
 src/adapter_pool_frozen_preclassifier.py                                                   |   43 ++
 929 files changed, 71561 insertions(+)
 create mode 100644 environment/plotting_constraints_20261007.txt
 create mode 100644 experiments/day17_evidence_figures.py
 create mode 100644 experiments/day17_integrate_saved_branches.py
 create mode 100644 experiments/day17_manuscript_refresh.py
 create mode 100644 experiments/day17_parallel_static_worker.py
 create mode 100644 experiments/day17_static_replay_gate.py
 create mode 100644 experiments/day17_static_report_integrity.py
 create mode 100644 experiments/day17_static_tuning.py
 create mode 100644 experiments/day17_static_tuning_report.py
 create mode 100644 experiments/day17_static_tuning_worker.py
 create mode 100644 experiments/day19_linear_classifier_control.py
 create mode 100644 experiments/day19_linear_classifier_integrity.py
 create mode 100644 experiments/day19_linear_classifier_report.py
 create mode 100644 experiments/day19_linear_classifier_worker.py
 create mode 100644 figures/extended_audit/frozen_preclassifier_lora_comparison.pdf
 create mode 100644 figures/extended_audit/frozen_preclassifier_lora_comparison.png
 create mode 100644 figures/extended_audit/frozen_preclassifier_lora_comparison.svg
 create mode 100644 logs/day17_confirm_rank8_lr200_seed2027_b_first.txt
 create mode 100644 logs/day17_confirm_rank8_lr200_seed2027_b_first_report.txt
 create mode 100644 logs/day17_confirm_rank8_lr200_seed2027_canonical.txt
 create mode 100644 logs/day17_confirm_rank8_lr200_seed2027_canonical_report.txt
 create mode 100644 logs/day17_confirm_rank8_lr200_seed2028_b_first.txt
 create mode 100644 logs/day17_confirm_rank8_lr200_seed2028_b_first_report.txt
 create mode 100644 logs/day17_confirm_rank8_lr200_seed2028_canonical.txt
 create mode 100644 logs/day17_confirm_rank8_lr200_seed2028_canonical_report.txt
 create mode 100644 logs/day17_confirm_rank8_lr200_seed2029_b_first.txt
 create mode 100644 logs/day17_confirm_rank8_lr200_seed2029_b_first_report.txt
 create mode 100644 logs/day17_confirm_rank8_lr200_seed2029_canonical.txt
 create mode 100644 logs/day17_confirm_rank8_lr200_seed2029_canonical_report.txt
 create mode 100644 logs/day17_confirm_rank8_lr200_seed2030_b_first.txt
 create mode 100644 logs/day17_confirm_rank8_lr200_seed2030_b_first_report.txt
 create mode 100644 logs/day17_confirm_rank8_lr200_seed2030_canonical.txt
 create mode 100644 logs/day17_confirm_rank8_lr200_seed2030_canonical_report.txt
 create mode 100644 logs/day17_confirm_rank8_lr200_seed2031_b_first.txt
 create mode 100644 logs/day17_confirm_rank8_lr200_seed2031_b_first_report.txt
 create mode 100644 logs/day17_confirm_rank8_lr200_seed2031_canonical.txt
 create mode 100644 logs/day17_confirm_rank8_lr200_seed2031_canonical_report.txt
 create mode 100644 logs/day17_confirm_rank96_lr100_seed2027_b_first.txt
 create mode 100644 logs/day17_confirm_rank96_lr100_seed2027_b_first_report.txt
 create mode 100644 logs/day17_confirm_rank96_lr100_seed2027_canonical.txt
 create mode 100644 logs/day17_confirm_rank96_lr100_seed2027_canonical_report.txt
 create mode 100644 logs/day17_confirm_rank96_lr100_seed2028_b_first.txt
 create mode 100644 logs/day17_confirm_rank96_lr100_seed2028_b_first_report.txt
 create mode 100644 logs/day17_confirm_rank96_lr100_seed2028_canonical.txt
 create mode 100644 logs/day17_confirm_rank96_lr100_seed2028_canonical_report.txt
 create mode 100644 logs/day17_confirm_rank96_lr100_seed2029_b_first.txt
 create mode 100644 logs/day17_confirm_rank96_lr100_seed2029_b_first_report.txt
 create mode 100644 logs/day17_confirm_rank96_lr100_seed2029_canonical.txt
 create mode 100644 logs/day17_confirm_rank96_lr100_seed2029_canonical_report.txt
 create mode 100644 logs/day17_confirm_rank96_lr100_seed2030_b_first.txt
 create mode 100644 logs/day17_confirm_rank96_lr100_seed2030_b_first_report.txt
 create mode 100644 logs/day17_confirm_rank96_lr100_seed2030_canonical.txt
 create mode 100644 logs/day17_confirm_rank96_lr100_seed2030_canonical_report.txt
 create mode 100644 logs/day17_confirm_rank96_lr100_seed2031_b_first.txt
 create mode 100644 logs/day17_confirm_rank96_lr100_seed2031_b_first_report.txt
 create mode 100644 logs/day17_confirm_rank96_lr100_seed2031_canonical.txt
 create mode 100644 logs/day17_confirm_rank96_lr100_seed2031_canonical_report.txt
 create mode 100644 logs/day17_pilot_rank8_lr100_seed2026_b_first.txt
 create mode 100644 logs/day17_pilot_rank8_lr100_seed2026_b_first_report.txt
 create mode 100644 logs/day17_pilot_rank8_lr100_seed2026_canonical.txt
 create mode 100644 logs/day17_pilot_rank8_lr100_seed2026_canonical_report.txt
 create mode 100644 logs/day17_pilot_rank8_lr200_seed2026_b_first.txt
 create mode 100644 logs/day17_pilot_rank8_lr200_seed2026_b_first_report.txt
 create mode 100644 logs/day17_pilot_rank8_lr200_seed2026_canonical.txt
 create mode 100644 logs/day17_pilot_rank8_lr200_seed2026_canonical_report.txt
 create mode 100644 logs/day17_pilot_rank8_lr20_seed2026_b_first.txt
 create mode 100644 logs/day17_pilot_rank8_lr20_seed2026_b_first_report.txt
 create mode 100644 logs/day17_pilot_rank8_lr20_seed2026_canonical.txt
 create mode 100644 logs/day17_pilot_rank8_lr20_seed2026_canonical_report.txt
 create mode 100644 logs/day17_pilot_rank8_lr400_seed2026_b_first.txt
 create mode 100644 logs/day17_pilot_rank8_lr400_seed2026_b_first_report.txt
 create mode 100644 logs/day17_pilot_rank8_lr400_seed2026_canonical.txt
 create mode 100644 logs/day17_pilot_rank8_lr400_seed2026_canonical_report.txt
 create mode 100644 logs/day17_pilot_rank8_lr50_seed2026_b_first.txt
 create mode 100644 logs/day17_pilot_rank8_lr50_seed2026_b_first_report.txt
 create mode 100644 logs/day17_pilot_rank8_lr50_seed2026_canonical.txt
 create mode 100644 logs/day17_pilot_rank8_lr50_seed2026_canonical_report.txt
 create mode 100644 logs/day17_pilot_rank8_lr800_seed2026_b_first.txt
 create mode 100644 logs/day17_pilot_rank8_lr800_seed2026_b_first_report.txt
 create mode 100644 logs/day17_pilot_rank8_lr800_seed2026_canonical.txt
 create mode 100644 logs/day17_pilot_rank8_lr800_seed2026_canonical_report.txt
 create mode 100644 logs/day17_pilot_rank96_lr100_seed2026_b_first.txt
 create mode 100644 logs/day17_pilot_rank96_lr100_seed2026_b_first_report.txt
 create mode 100644 logs/day17_pilot_rank96_lr100_seed2026_canonical.txt
 create mode 100644 logs/day17_pilot_rank96_lr100_seed2026_canonical_report.txt
 create mode 100644 logs/day17_pilot_rank96_lr200_seed2026_b_first.txt
 create mode 100644 logs/day17_pilot_rank96_lr200_seed2026_b_first_report.txt
 create mode 100644 logs/day17_pilot_rank96_lr200_seed2026_canonical.txt
 create mode 100644 logs/day17_pilot_rank96_lr200_seed2026_canonical_report.txt
 create mode 100644 logs/day17_pilot_rank96_lr20_seed2026_b_first.txt
 create mode 100644 logs/day17_pilot_rank96_lr20_seed2026_b_first_report.txt
 create mode 100644 logs/day17_pilot_rank96_lr20_seed2026_canonical.txt
 create mode 100644 logs/day17_pilot_rank96_lr20_seed2026_canonical_report.txt
 create mode 100644 logs/day17_pilot_rank96_lr400_seed2026_b_first.txt
 create mode 100644 logs/day17_pilot_rank96_lr400_seed2026_b_first_report.txt
 create mode 100644 logs/day17_pilot_rank96_lr400_seed2026_canonical.txt
 create mode 100644 logs/day17_pilot_rank96_lr400_seed2026_canonical_report.txt
 create mode 100644 logs/day17_pilot_rank96_lr50_seed2026_b_first.txt
 create mode 100644 logs/day17_pilot_rank96_lr50_seed2026_b_first_report.txt
 create mode 100644 logs/day17_pilot_rank96_lr50_seed2026_canonical.txt
 create mode 100644 logs/day17_pilot_rank96_lr50_seed2026_canonical_report.txt
 create mode 100644 logs/day17_pilot_rank96_lr800_seed2026_b_first.txt
 create mode 100644 logs/day17_pilot_rank96_lr800_seed2026_b_first_report.txt
 create mode 100644 logs/day17_pilot_rank96_lr800_seed2026_canonical.txt
 create mode 100644 logs/day17_pilot_rank96_lr800_seed2026_canonical_report.txt
 create mode 100644 logs/day17_rank96_reference_replay.txt
 create mode 100644 logs/day17_rank96_reference_replay_verify.txt
 create mode 100644 logs/day17_static_report_analytic_gate.txt
 create mode 100644 logs/day19_banking_head_only_seed2027_b_first_frozen_preclassifier.txt
 create mode 100644 logs/day19_banking_head_only_seed2027_b_first_frozen_preclassifier_report.txt
 create mode 100644 logs/day19_banking_head_only_seed2027_canonical_frozen_preclassifier.txt
 create mode 100644 logs/day19_banking_head_only_seed2027_canonical_frozen_preclassifier_report.txt
 create mode 100644 logs/day19_banking_head_only_seed2028_b_first_frozen_preclassifier.txt
 create mode 100644 logs/day19_banking_head_only_seed2028_b_first_frozen_preclassifier_report.txt
 create mode 100644 logs/day19_banking_head_only_seed2028_canonical_frozen_preclassifier.txt
 create mode 100644 logs/day19_banking_head_only_seed2028_canonical_frozen_preclassifier_report.txt
 create mode 100644 logs/day19_banking_head_only_seed2029_b_first_frozen_preclassifier.txt
 create mode 100644 logs/day19_banking_head_only_seed2029_b_first_frozen_preclassifier_report.txt
 create mode 100644 logs/day19_banking_head_only_seed2029_canonical_frozen_preclassifier.txt
 create mode 100644 logs/day19_banking_head_only_seed2029_canonical_frozen_preclassifier_report.txt
 create mode 100644 logs/day19_banking_head_only_seed2030_b_first_frozen_preclassifier.txt
 create mode 100644 logs/day19_banking_head_only_seed2030_b_first_frozen_preclassifier_report.txt
 create mode 100644 logs/day19_banking_head_only_seed2030_canonical_frozen_preclassifier.txt
 create mode 100644 logs/day19_banking_head_only_seed2030_canonical_frozen_preclassifier_report.txt
 create mode 100644 logs/day19_banking_head_only_seed2031_b_first_frozen_preclassifier.txt
 create mode 100644 logs/day19_banking_head_only_seed2031_b_first_frozen_preclassifier_report.txt
 create mode 100644 logs/day19_banking_head_only_seed2031_canonical_frozen_preclassifier.txt
 create mode 100644 logs/day19_banking_head_only_seed2031_canonical_frozen_preclassifier_report.txt
 create mode 100644 logs/day19_banking_private_seed2027_b_first_frozen_preclassifier.txt
 create mode 100644 logs/day19_banking_private_seed2027_b_first_frozen_preclassifier_report.txt
 create mode 100644 logs/day19_banking_private_seed2027_canonical_frozen_preclassifier.txt
 create mode 100644 logs/day19_banking_private_seed2027_canonical_frozen_preclassifier_report.txt
 create mode 100644 logs/day19_banking_private_seed2028_b_first_frozen_preclassifier.txt
 create mode 100644 logs/day19_banking_private_seed2028_b_first_frozen_preclassifier_report.txt
 create mode 100644 logs/day19_banking_private_seed2028_canonical_frozen_preclassifier.txt
 create mode 100644 logs/day19_banking_private_seed2028_canonical_frozen_preclassifier_report.txt
 create mode 100644 logs/day19_banking_private_seed2029_b_first_frozen_preclassifier.txt
 create mode 100644 logs/day19_banking_private_seed2029_b_first_frozen_preclassifier_report.txt
 create mode 100644 logs/day19_banking_private_seed2029_canonical_frozen_preclassifier.txt
 create mode 100644 logs/day19_banking_private_seed2029_canonical_frozen_preclassifier_report.txt
 create mode 100644 logs/day19_banking_private_seed2030_b_first_frozen_preclassifier.txt
 create mode 100644 logs/day19_banking_private_seed2030_b_first_frozen_preclassifier_report.txt
 create mode 100644 logs/day19_banking_private_seed2030_canonical_frozen_preclassifier.txt
 create mode 100644 logs/day19_banking_private_seed2030_canonical_frozen_preclassifier_report.txt
 create mode 100644 logs/day19_banking_private_seed2031_b_first_frozen_preclassifier.txt
 create mode 100644 logs/day19_banking_private_seed2031_b_first_frozen_preclassifier_report.txt
 create mode 100644 logs/day19_banking_private_seed2031_canonical_frozen_preclassifier.txt
 create mode 100644 logs/day19_banking_private_seed2031_canonical_frozen_preclassifier_report.txt
 create mode 100644 logs/day19_linear_classifier_gate_cpu.txt
 create mode 100644 logs/day19_linear_classifier_gate_cuda.txt
 create mode 100644 logs/day19_reference_replay_head_only_seed2031_b_first.txt
 create mode 100644 logs/plotting_install_20261007.txt
 create mode 100644 notes/classifier_prior_audit_20261006.md
 create mode 100644 notes/day17_execution_isolation_20261006.md
 create mode 100644 notes/day17_github_save_verification.json
 create mode 100644 notes/day17_prelaunch_gate.json
 create mode 100644 notes/day17_static_rate_selection.json
 create mode 100644 notes/day17_static_tuning_execution.json
 create mode 100644 notes/day17_static_tuning_results.md
 create mode 100644 notes/day17_static_tuning_spec.md
 create mode 100644 notes/day19_classifier_figure_caption.md
 create mode 100644 notes/day19_classifier_figure_visual_review.json
 create mode 100644 notes/day19_github_save_verification.json
 create mode 100644 notes/day19_linear_classifier_execution.json
 create mode 100644 notes/day19_linear_classifier_results.md
 create mode 100644 notes/day19_linear_classifier_spec.md
 create mode 100644 notes/day19_prelaunch_gate.json
 create mode 100644 notes/figure_source_amendment_20261007.json
 create mode 100644 notes/operational_recovery_20261007/jupyter_preview_frozen_preclassifier_lora_comparison-checkpoint.png
 create mode 100644 notes/plotting_dependency_restore_20261007.json
 create mode 100644 notes/plotting_install_report_20261007.json
 create mode 100644 requirements-plotting.txt
 create mode 100644 results/day17_checkpoint_preservation_manifest.json
 create mode 100644 results/day17_confirm_rank8_lr200_seed2027_b_first/checkpoint/adapters/README.md
 create mode 100644 results/day17_confirm_rank8_lr200_seed2027_b_first/checkpoint/adapters/adapter_config.json
 create mode 100644 results/day17_confirm_rank8_lr200_seed2027_b_first/checkpoint/adapters/adapter_model.safetensors
 create mode 100644 results/day17_confirm_rank8_lr200_seed2027_b_first/checkpoint/learner_state.pt
 create mode 100644 results/day17_confirm_rank8_lr200_seed2027_b_first/eval_matrix.csv
 create mode 100644 results/day17_confirm_rank8_lr200_seed2027_b_first/events.jsonl
 create mode 100644 results/day17_confirm_rank8_lr200_seed2027_b_first/label_free_eval.csv
 create mode 100644 results/day17_confirm_rank8_lr200_seed2027_b_first/provenance.json
 create mode 100644 results/day17_confirm_rank8_lr200_seed2027_b_first/routing.csv
 create mode 100644 results/day17_confirm_rank8_lr200_seed2027_b_first/summary.json
 create mode 100644 results/day17_confirm_rank8_lr200_seed2027_canonical/checkpoint/adapters/README.md
 create mode 100644 results/day17_confirm_rank8_lr200_seed2027_canonical/checkpoint/adapters/adapter_config.json
 create mode 100644 results/day17_confirm_rank8_lr200_seed2027_canonical/checkpoint/adapters/adapter_model.safetensors
 create mode 100644 results/day17_confirm_rank8_lr200_seed2027_canonical/checkpoint/learner_state.pt
 create mode 100644 results/day17_confirm_rank8_lr200_seed2027_canonical/eval_matrix.csv
 create mode 100644 results/day17_confirm_rank8_lr200_seed2027_canonical/events.jsonl
 create mode 100644 results/day17_confirm_rank8_lr200_seed2027_canonical/label_free_eval.csv
 create mode 100644 results/day17_confirm_rank8_lr200_seed2027_canonical/provenance.json
 create mode 100644 results/day17_confirm_rank8_lr200_seed2027_canonical/routing.csv
 create mode 100644 results/day17_confirm_rank8_lr200_seed2027_canonical/summary.json
 create mode 100644 results/day17_confirm_rank8_lr200_seed2028_b_first/checkpoint/adapters/README.md
 create mode 100644 results/day17_confirm_rank8_lr200_seed2028_b_first/checkpoint/adapters/adapter_config.json
 create mode 100644 results/day17_confirm_rank8_lr200_seed2028_b_first/checkpoint/adapters/adapter_model.safetensors
 create mode 100644 results/day17_confirm_rank8_lr200_seed2028_b_first/checkpoint/learner_state.pt
 create mode 100644 results/day17_confirm_rank8_lr200_seed2028_b_first/eval_matrix.csv
 create mode 100644 results/day17_confirm_rank8_lr200_seed2028_b_first/events.jsonl
 create mode 100644 results/day17_confirm_rank8_lr200_seed2028_b_first/label_free_eval.csv
 create mode 100644 results/day17_confirm_rank8_lr200_seed2028_b_first/provenance.json
 create mode 100644 results/day17_confirm_rank8_lr200_seed2028_b_first/routing.csv
 create mode 100644 results/day17_confirm_rank8_lr200_seed2028_b_first/summary.json
 create mode 100644 results/day17_confirm_rank8_lr200_seed2028_canonical/checkpoint/adapters/README.md
 create mode 100644 results/day17_confirm_rank8_lr200_seed2028_canonical/checkpoint/adapters/adapter_config.json
 create mode 100644 results/day17_confirm_rank8_lr200_seed2028_canonical/checkpoint/adapters/adapter_model.safetensors
 create mode 100644 results/day17_confirm_rank8_lr200_seed2028_canonical/checkpoint/learner_state.pt
 create mode 100644 results/day17_confirm_rank8_lr200_seed2028_canonical/eval_matrix.csv
 create mode 100644 results/day17_confirm_rank8_lr200_seed2028_canonical/events.jsonl
 create mode 100644 results/day17_confirm_rank8_lr200_seed2028_canonical/label_free_eval.csv
 create mode 100644 results/day17_confirm_rank8_lr200_seed2028_canonical/provenance.json
 create mode 100644 results/day17_confirm_rank8_lr200_seed2028_canonical/routing.csv
 create mode 100644 results/day17_confirm_rank8_lr200_seed2028_canonical/summary.json
 create mode 100644 results/day17_confirm_rank8_lr200_seed2029_b_first/checkpoint/adapters/README.md
 create mode 100644 results/day17_confirm_rank8_lr200_seed2029_b_first/checkpoint/adapters/adapter_config.json
 create mode 100644 results/day17_confirm_rank8_lr200_seed2029_b_first/checkpoint/adapters/adapter_model.safetensors
 create mode 100644 results/day17_confirm_rank8_lr200_seed2029_b_first/checkpoint/learner_state.pt
 create mode 100644 results/day17_confirm_rank8_lr200_seed2029_b_first/eval_matrix.csv
 create mode 100644 results/day17_confirm_rank8_lr200_seed2029_b_first/events.jsonl
 create mode 100644 results/day17_confirm_rank8_lr200_seed2029_b_first/label_free_eval.csv
 create mode 100644 results/day17_confirm_rank8_lr200_seed2029_b_first/provenance.json
 create mode 100644 results/day17_confirm_rank8_lr200_seed2029_b_first/routing.csv
 create mode 100644 results/day17_confirm_rank8_lr200_seed2029_b_first/summary.json
 create mode 100644 results/day17_confirm_rank8_lr200_seed2029_canonical/checkpoint/adapters/README.md
 create mode 100644 results/day17_confirm_rank8_lr200_seed2029_canonical/checkpoint/adapters/adapter_config.json
 create mode 100644 results/day17_confirm_rank8_lr200_seed2029_canonical/checkpoint/adapters/adapter_model.safetensors
 create mode 100644 results/day17_confirm_rank8_lr200_seed2029_canonical/checkpoint/learner_state.pt
 create mode 100644 results/day17_confirm_rank8_lr200_seed2029_canonical/eval_matrix.csv
 create mode 100644 results/day17_confirm_rank8_lr200_seed2029_canonical/events.jsonl
 create mode 100644 results/day17_confirm_rank8_lr200_seed2029_canonical/label_free_eval.csv
 create mode 100644 results/day17_confirm_rank8_lr200_seed2029_canonical/provenance.json
 create mode 100644 results/day17_confirm_rank8_lr200_seed2029_canonical/routing.csv
 create mode 100644 results/day17_confirm_rank8_lr200_seed2029_canonical/summary.json
 create mode 100644 results/day17_confirm_rank8_lr200_seed2030_b_first/checkpoint/adapters/README.md
 create mode 100644 results/day17_confirm_rank8_lr200_seed2030_b_first/checkpoint/adapters/adapter_config.json
 create mode 100644 results/day17_confirm_rank8_lr200_seed2030_b_first/checkpoint/adapters/adapter_model.safetensors
 create mode 100644 results/day17_confirm_rank8_lr200_seed2030_b_first/checkpoint/learner_state.pt
 create mode 100644 results/day17_confirm_rank8_lr200_seed2030_b_first/eval_matrix.csv
 create mode 100644 results/day17_confirm_rank8_lr200_seed2030_b_first/events.jsonl
 create mode 100644 results/day17_confirm_rank8_lr200_seed2030_b_first/label_free_eval.csv
 create mode 100644 results/day17_confirm_rank8_lr200_seed2030_b_first/provenance.json
 create mode 100644 results/day17_confirm_rank8_lr200_seed2030_b_first/routing.csv
 create mode 100644 results/day17_confirm_rank8_lr200_seed2030_b_first/summary.json
 create mode 100644 results/day17_confirm_rank8_lr200_seed2030_canonical/checkpoint/adapters/README.md
 create mode 100644 results/day17_confirm_rank8_lr200_seed2030_canonical/checkpoint/adapters/adapter_config.json
 create mode 100644 results/day17_confirm_rank8_lr200_seed2030_canonical/checkpoint/adapters/adapter_model.safetensors
 create mode 100644 results/day17_confirm_rank8_lr200_seed2030_canonical/checkpoint/learner_state.pt
 create mode 100644 results/day17_confirm_rank8_lr200_seed2030_canonical/eval_matrix.csv
 create mode 100644 results/day17_confirm_rank8_lr200_seed2030_canonical/events.jsonl
 create mode 100644 results/day17_confirm_rank8_lr200_seed2030_canonical/label_free_eval.csv
 create mode 100644 results/day17_confirm_rank8_lr200_seed2030_canonical/provenance.json
 create mode 100644 results/day17_confirm_rank8_lr200_seed2030_canonical/routing.csv
 create mode 100644 results/day17_confirm_rank8_lr200_seed2030_canonical/summary.json
 create mode 100644 results/day17_confirm_rank8_lr200_seed2031_b_first/checkpoint/adapters/README.md
 create mode 100644 results/day17_confirm_rank8_lr200_seed2031_b_first/checkpoint/adapters/adapter_config.json
 create mode 100644 results/day17_confirm_rank8_lr200_seed2031_b_first/checkpoint/adapters/adapter_model.safetensors
 create mode 100644 results/day17_confirm_rank8_lr200_seed2031_b_first/checkpoint/learner_state.pt
 create mode 100644 results/day17_confirm_rank8_lr200_seed2031_b_first/eval_matrix.csv
 create mode 100644 results/day17_confirm_rank8_lr200_seed2031_b_first/events.jsonl
 create mode 100644 results/day17_confirm_rank8_lr200_seed2031_b_first/label_free_eval.csv
 create mode 100644 results/day17_confirm_rank8_lr200_seed2031_b_first/provenance.json
 create mode 100644 results/day17_confirm_rank8_lr200_seed2031_b_first/routing.csv
 create mode 100644 results/day17_confirm_rank8_lr200_seed2031_b_first/summary.json
 create mode 100644 results/day17_confirm_rank8_lr200_seed2031_canonical/checkpoint/adapters/README.md
 create mode 100644 results/day17_confirm_rank8_lr200_seed2031_canonical/checkpoint/adapters/adapter_config.json
 create mode 100644 results/day17_confirm_rank8_lr200_seed2031_canonical/checkpoint/adapters/adapter_model.safetensors
 create mode 100644 results/day17_confirm_rank8_lr200_seed2031_canonical/checkpoint/learner_state.pt
 create mode 100644 results/day17_confirm_rank8_lr200_seed2031_canonical/eval_matrix.csv
 create mode 100644 results/day17_confirm_rank8_lr200_seed2031_canonical/events.jsonl
 create mode 100644 results/day17_confirm_rank8_lr200_seed2031_canonical/label_free_eval.csv
 create mode 100644 results/day17_confirm_rank8_lr200_seed2031_canonical/provenance.json
 create mode 100644 results/day17_confirm_rank8_lr200_seed2031_canonical/routing.csv
 create mode 100644 results/day17_confirm_rank8_lr200_seed2031_canonical/summary.json
 create mode 100644 results/day17_confirm_rank96_lr100_seed2027_b_first/checkpoint/adapters/README.md
 create mode 100644 results/day17_confirm_rank96_lr100_seed2027_b_first/checkpoint/adapters/adapter_config.json
 create mode 100644 results/day17_confirm_rank96_lr100_seed2027_b_first/checkpoint/adapters/adapter_model.safetensors
 create mode 100644 results/day17_confirm_rank96_lr100_seed2027_b_first/checkpoint/learner_state.pt
 create mode 100644 results/day17_confirm_rank96_lr100_seed2027_b_first/eval_matrix.csv
 create mode 100644 results/day17_confirm_rank96_lr100_seed2027_b_first/events.jsonl
 create mode 100644 results/day17_confirm_rank96_lr100_seed2027_b_first/label_free_eval.csv
 create mode 100644 results/day17_confirm_rank96_lr100_seed2027_b_first/provenance.json
 create mode 100644 results/day17_confirm_rank96_lr100_seed2027_b_first/routing.csv
 create mode 100644 results/day17_confirm_rank96_lr100_seed2027_b_first/summary.json
 create mode 100644 results/day17_confirm_rank96_lr100_seed2027_canonical/checkpoint/adapters/README.md
 create mode 100644 results/day17_confirm_rank96_lr100_seed2027_canonical/checkpoint/adapters/adapter_config.json
 create mode 100644 results/day17_confirm_rank96_lr100_seed2027_canonical/checkpoint/adapters/adapter_model.safetensors
 create mode 100644 results/day17_confirm_rank96_lr100_seed2027_canonical/checkpoint/learner_state.pt
 create mode 100644 results/day17_confirm_rank96_lr100_seed2027_canonical/eval_matrix.csv
 create mode 100644 results/day17_confirm_rank96_lr100_seed2027_canonical/events.jsonl
 create mode 100644 results/day17_confirm_rank96_lr100_seed2027_canonical/label_free_eval.csv
 create mode 100644 results/day17_confirm_rank96_lr100_seed2027_canonical/provenance.json
 create mode 100644 results/day17_confirm_rank96_lr100_seed2027_canonical/routing.csv
 create mode 100644 results/day17_confirm_rank96_lr100_seed2027_canonical/summary.json
 create mode 100644 results/day17_confirm_rank96_lr100_seed2028_b_first/checkpoint/adapters/README.md
 create mode 100644 results/day17_confirm_rank96_lr100_seed2028_b_first/checkpoint/adapters/adapter_config.json
 create mode 100644 results/day17_confirm_rank96_lr100_seed2028_b_first/checkpoint/adapters/adapter_model.safetensors
 create mode 100644 results/day17_confirm_rank96_lr100_seed2028_b_first/checkpoint/learner_state.pt
 create mode 100644 results/day17_confirm_rank96_lr100_seed2028_b_first/eval_matrix.csv
 create mode 100644 results/day17_confirm_rank96_lr100_seed2028_b_first/events.jsonl
 create mode 100644 results/day17_confirm_rank96_lr100_seed2028_b_first/label_free_eval.csv
 create mode 100644 results/day17_confirm_rank96_lr100_seed2028_b_first/provenance.json
 create mode 100644 results/day17_confirm_rank96_lr100_seed2028_b_first/routing.csv
 create mode 100644 results/day17_confirm_rank96_lr100_seed2028_b_first/summary.json
 create mode 100644 results/day17_confirm_rank96_lr100_seed2028_canonical/checkpoint/adapters/README.md
 create mode 100644 results/day17_confirm_rank96_lr100_seed2028_canonical/checkpoint/adapters/adapter_config.json
 create mode 100644 results/day17_confirm_rank96_lr100_seed2028_canonical/checkpoint/adapters/adapter_model.safetensors
 create mode 100644 results/day17_confirm_rank96_lr100_seed2028_canonical/checkpoint/learner_state.pt
 create mode 100644 results/day17_confirm_rank96_lr100_seed2028_canonical/eval_matrix.csv
 create mode 100644 results/day17_confirm_rank96_lr100_seed2028_canonical/events.jsonl
 create mode 100644 results/day17_confirm_rank96_lr100_seed2028_canonical/label_free_eval.csv
 create mode 100644 results/day17_confirm_rank96_lr100_seed2028_canonical/provenance.json
 create mode 100644 results/day17_confirm_rank96_lr100_seed2028_canonical/routing.csv
 create mode 100644 results/day17_confirm_rank96_lr100_seed2028_canonical/summary.json
 create mode 100644 results/day17_confirm_rank96_lr100_seed2029_b_first/checkpoint/adapters/README.md
 create mode 100644 results/day17_confirm_rank96_lr100_seed2029_b_first/checkpoint/adapters/adapter_config.json
 create mode 100644 results/day17_confirm_rank96_lr100_seed2029_b_first/checkpoint/adapters/adapter_model.safetensors
 create mode 100644 results/day17_confirm_rank96_lr100_seed2029_b_first/checkpoint/learner_state.pt
 create mode 100644 results/day17_confirm_rank96_lr100_seed2029_b_first/eval_matrix.csv
 create mode 100644 results/day17_confirm_rank96_lr100_seed2029_b_first/events.jsonl
 create mode 100644 results/day17_confirm_rank96_lr100_seed2029_b_first/label_free_eval.csv
 create mode 100644 results/day17_confirm_rank96_lr100_seed2029_b_first/provenance.json
 create mode 100644 results/day17_confirm_rank96_lr100_seed2029_b_first/routing.csv
 create mode 100644 results/day17_confirm_rank96_lr100_seed2029_b_first/summary.json
 create mode 100644 results/day17_confirm_rank96_lr100_seed2029_canonical/checkpoint/adapters/README.md
 create mode 100644 results/day17_confirm_rank96_lr100_seed2029_canonical/checkpoint/adapters/adapter_config.json
 create mode 100644 results/day17_confirm_rank96_lr100_seed2029_canonical/checkpoint/adapters/adapter_model.safetensors
 create mode 100644 results/day17_confirm_rank96_lr100_seed2029_canonical/checkpoint/learner_state.pt
 create mode 100644 results/day17_confirm_rank96_lr100_seed2029_canonical/eval_matrix.csv
 create mode 100644 results/day17_confirm_rank96_lr100_seed2029_canonical/events.jsonl
 create mode 100644 results/day17_confirm_rank96_lr100_seed2029_canonical/label_free_eval.csv
 create mode 100644 results/day17_confirm_rank96_lr100_seed2029_canonical/provenance.json
 create mode 100644 results/day17_confirm_rank96_lr100_seed2029_canonical/routing.csv
 create mode 100644 results/day17_confirm_rank96_lr100_seed2029_canonical/summary.json
 create mode 100644 results/day17_confirm_rank96_lr100_seed2030_b_first/checkpoint/adapters/README.md
 create mode 100644 results/day17_confirm_rank96_lr100_seed2030_b_first/checkpoint/adapters/adapter_config.json
 create mode 100644 results/day17_confirm_rank96_lr100_seed2030_b_first/checkpoint/adapters/adapter_model.safetensors
 create mode 100644 results/day17_confirm_rank96_lr100_seed2030_b_first/checkpoint/learner_state.pt
 create mode 100644 results/day17_confirm_rank96_lr100_seed2030_b_first/eval_matrix.csv
 create mode 100644 results/day17_confirm_rank96_lr100_seed2030_b_first/events.jsonl
 create mode 100644 results/day17_confirm_rank96_lr100_seed2030_b_first/label_free_eval.csv
 create mode 100644 results/day17_confirm_rank96_lr100_seed2030_b_first/provenance.json
 create mode 100644 results/day17_confirm_rank96_lr100_seed2030_b_first/routing.csv
 create mode 100644 results/day17_confirm_rank96_lr100_seed2030_b_first/summary.json
 create mode 100644 results/day17_confirm_rank96_lr100_seed2030_canonical/checkpoint/adapters/README.md
 create mode 100644 results/day17_confirm_rank96_lr100_seed2030_canonical/checkpoint/adapters/adapter_config.json
 create mode 100644 results/day17_confirm_rank96_lr100_seed2030_canonical/checkpoint/adapters/adapter_model.safetensors
 create mode 100644 results/day17_confirm_rank96_lr100_seed2030_canonical/checkpoint/learner_state.pt
 create mode 100644 results/day17_confirm_rank96_lr100_seed2030_canonical/eval_matrix.csv
 create mode 100644 results/day17_confirm_rank96_lr100_seed2030_canonical/events.jsonl
 create mode 100644 results/day17_confirm_rank96_lr100_seed2030_canonical/label_free_eval.csv
 create mode 100644 results/day17_confirm_rank96_lr100_seed2030_canonical/provenance.json
 create mode 100644 results/day17_confirm_rank96_lr100_seed2030_canonical/routing.csv
 create mode 100644 results/day17_confirm_rank96_lr100_seed2030_canonical/summary.json
 create mode 100644 results/day17_confirm_rank96_lr100_seed2031_b_first/checkpoint/adapters/README.md
 create mode 100644 results/day17_confirm_rank96_lr100_seed2031_b_first/checkpoint/adapters/adapter_config.json
 create mode 100644 results/day17_confirm_rank96_lr100_seed2031_b_first/checkpoint/adapters/adapter_model.safetensors
 create mode 100644 results/day17_confirm_rank96_lr100_seed2031_b_first/checkpoint/learner_state.pt
 create mode 100644 results/day17_confirm_rank96_lr100_seed2031_b_first/eval_matrix.csv
 create mode 100644 results/day17_confirm_rank96_lr100_seed2031_b_first/events.jsonl
 create mode 100644 results/day17_confirm_rank96_lr100_seed2031_b_first/label_free_eval.csv
 create mode 100644 results/day17_confirm_rank96_lr100_seed2031_b_first/provenance.json
 create mode 100644 results/day17_confirm_rank96_lr100_seed2031_b_first/routing.csv
 create mode 100644 results/day17_confirm_rank96_lr100_seed2031_b_first/summary.json
 create mode 100644 results/day17_confirm_rank96_lr100_seed2031_canonical/checkpoint/adapters/README.md
 create mode 100644 results/day17_confirm_rank96_lr100_seed2031_canonical/checkpoint/adapters/adapter_config.json
 create mode 100644 results/day17_confirm_rank96_lr100_seed2031_canonical/checkpoint/adapters/adapter_model.safetensors
 create mode 100644 results/day17_confirm_rank96_lr100_seed2031_canonical/checkpoint/learner_state.pt
 create mode 100644 results/day17_confirm_rank96_lr100_seed2031_canonical/eval_matrix.csv
 create mode 100644 results/day17_confirm_rank96_lr100_seed2031_canonical/events.jsonl
 create mode 100644 results/day17_confirm_rank96_lr100_seed2031_canonical/label_free_eval.csv
 create mode 100644 results/day17_confirm_rank96_lr100_seed2031_canonical/provenance.json
 create mode 100644 results/day17_confirm_rank96_lr100_seed2031_canonical/routing.csv
 create mode 100644 results/day17_confirm_rank96_lr100_seed2031_canonical/summary.json
 create mode 100644 results/day17_pilot_rank8_lr100_seed2026_b_first/checkpoint/adapters/README.md
 create mode 100644 results/day17_pilot_rank8_lr100_seed2026_b_first/checkpoint/adapters/adapter_config.json
 create mode 100644 results/day17_pilot_rank8_lr100_seed2026_b_first/checkpoint/adapters/adapter_model.safetensors
 create mode 100644 results/day17_pilot_rank8_lr100_seed2026_b_first/checkpoint/learner_state.pt
 create mode 100644 results/day17_pilot_rank8_lr100_seed2026_b_first/eval_matrix.csv
 create mode 100644 results/day17_pilot_rank8_lr100_seed2026_b_first/events.jsonl
 create mode 100644 results/day17_pilot_rank8_lr100_seed2026_b_first/label_free_eval.csv
 create mode 100644 results/day17_pilot_rank8_lr100_seed2026_b_first/provenance.json
 create mode 100644 results/day17_pilot_rank8_lr100_seed2026_b_first/routing.csv
 create mode 100644 results/day17_pilot_rank8_lr100_seed2026_b_first/summary.json
 create mode 100644 results/day17_pilot_rank8_lr100_seed2026_canonical/checkpoint/adapters/README.md
 create mode 100644 results/day17_pilot_rank8_lr100_seed2026_canonical/checkpoint/adapters/adapter_config.json
 create mode 100644 results/day17_pilot_rank8_lr100_seed2026_canonical/checkpoint/adapters/adapter_model.safetensors
 create mode 100644 results/day17_pilot_rank8_lr100_seed2026_canonical/checkpoint/learner_state.pt
 create mode 100644 results/day17_pilot_rank8_lr100_seed2026_canonical/eval_matrix.csv
 create mode 100644 results/day17_pilot_rank8_lr100_seed2026_canonical/events.jsonl
 create mode 100644 results/day17_pilot_rank8_lr100_seed2026_canonical/label_free_eval.csv
 create mode 100644 results/day17_pilot_rank8_lr100_seed2026_canonical/provenance.json
 create mode 100644 results/day17_pilot_rank8_lr100_seed2026_canonical/routing.csv
 create mode 100644 results/day17_pilot_rank8_lr100_seed2026_canonical/summary.json
 create mode 100644 results/day17_pilot_rank8_lr200_seed2026_b_first/checkpoint/adapters/README.md
 create mode 100644 results/day17_pilot_rank8_lr200_seed2026_b_first/checkpoint/adapters/adapter_config.json
 create mode 100644 results/day17_pilot_rank8_lr200_seed2026_b_first/checkpoint/adapters/adapter_model.safetensors
 create mode 100644 results/day17_pilot_rank8_lr200_seed2026_b_first/checkpoint/learner_state.pt
 create mode 100644 results/day17_pilot_rank8_lr200_seed2026_b_first/eval_matrix.csv
 create mode 100644 results/day17_pilot_rank8_lr200_seed2026_b_first/events.jsonl
 create mode 100644 results/day17_pilot_rank8_lr200_seed2026_b_first/label_free_eval.csv
 create mode 100644 results/day17_pilot_rank8_lr200_seed2026_b_first/provenance.json
 create mode 100644 results/day17_pilot_rank8_lr200_seed2026_b_first/routing.csv
 create mode 100644 results/day17_pilot_rank8_lr200_seed2026_b_first/summary.json
 create mode 100644 results/day17_pilot_rank8_lr200_seed2026_canonical/checkpoint/adapters/README.md
 create mode 100644 results/day17_pilot_rank8_lr200_seed2026_canonical/checkpoint/adapters/adapter_config.json
 create mode 100644 results/day17_pilot_rank8_lr200_seed2026_canonical/checkpoint/adapters/adapter_model.safetensors
 create mode 100644 results/day17_pilot_rank8_lr200_seed2026_canonical/checkpoint/learner_state.pt
 create mode 100644 results/day17_pilot_rank8_lr200_seed2026_canonical/eval_matrix.csv
 create mode 100644 results/day17_pilot_rank8_lr200_seed2026_canonical/events.jsonl
 create mode 100644 results/day17_pilot_rank8_lr200_seed2026_canonical/label_free_eval.csv
 create mode 100644 results/day17_pilot_rank8_lr200_seed2026_canonical/provenance.json
 create mode 100644 results/day17_pilot_rank8_lr200_seed2026_canonical/routing.csv
 create mode 100644 results/day17_pilot_rank8_lr200_seed2026_canonical/summary.json
 create mode 100644 results/day17_pilot_rank8_lr20_seed2026_b_first/checkpoint/adapters/README.md
 create mode 100644 results/day17_pilot_rank8_lr20_seed2026_b_first/checkpoint/adapters/adapter_config.json
 create mode 100644 results/day17_pilot_rank8_lr20_seed2026_b_first/checkpoint/adapters/adapter_model.safetensors
 create mode 100644 results/day17_pilot_rank8_lr20_seed2026_b_first/checkpoint/learner_state.pt
 create mode 100644 results/day17_pilot_rank8_lr20_seed2026_b_first/eval_matrix.csv
 create mode 100644 results/day17_pilot_rank8_lr20_seed2026_b_first/events.jsonl
 create mode 100644 results/day17_pilot_rank8_lr20_seed2026_b_first/label_free_eval.csv
 create mode 100644 results/day17_pilot_rank8_lr20_seed2026_b_first/provenance.json
 create mode 100644 results/day17_pilot_rank8_lr20_seed2026_b_first/routing.csv
 create mode 100644 results/day17_pilot_rank8_lr20_seed2026_b_first/summary.json
 create mode 100644 results/day17_pilot_rank8_lr20_seed2026_canonical/checkpoint/adapters/README.md
 create mode 100644 results/day17_pilot_rank8_lr20_seed2026_canonical/checkpoint/adapters/adapter_config.json
 create mode 100644 results/day17_pilot_rank8_lr20_seed2026_canonical/checkpoint/adapters/adapter_model.safetensors
 create mode 100644 results/day17_pilot_rank8_lr20_seed2026_canonical/checkpoint/learner_state.pt
 create mode 100644 results/day17_pilot_rank8_lr20_seed2026_canonical/eval_matrix.csv
 create mode 100644 results/day17_pilot_rank8_lr20_seed2026_canonical/events.jsonl
 create mode 100644 results/day17_pilot_rank8_lr20_seed2026_canonical/label_free_eval.csv
 create mode 100644 results/day17_pilot_rank8_lr20_seed2026_canonical/provenance.json
 create mode 100644 results/day17_pilot_rank8_lr20_seed2026_canonical/routing.csv
 create mode 100644 results/day17_pilot_rank8_lr20_seed2026_canonical/summary.json
 create mode 100644 results/day17_pilot_rank8_lr400_seed2026_b_first/checkpoint/adapters/README.md
 create mode 100644 results/day17_pilot_rank8_lr400_seed2026_b_first/checkpoint/adapters/adapter_config.json
 create mode 100644 results/day17_pilot_rank8_lr400_seed2026_b_first/checkpoint/adapters/adapter_model.safetensors
 create mode 100644 results/day17_pilot_rank8_lr400_seed2026_b_first/checkpoint/learner_state.pt
 create mode 100644 results/day17_pilot_rank8_lr400_seed2026_b_first/eval_matrix.csv
 create mode 100644 results/day17_pilot_rank8_lr400_seed2026_b_first/events.jsonl
 create mode 100644 results/day17_pilot_rank8_lr400_seed2026_b_first/label_free_eval.csv
 create mode 100644 results/day17_pilot_rank8_lr400_seed2026_b_first/provenance.json
 create mode 100644 results/day17_pilot_rank8_lr400_seed2026_b_first/routing.csv
 create mode 100644 results/day17_pilot_rank8_lr400_seed2026_b_first/summary.json
 create mode 100644 results/day17_pilot_rank8_lr400_seed2026_canonical/checkpoint/adapters/README.md
 create mode 100644 results/day17_pilot_rank8_lr400_seed2026_canonical/checkpoint/adapters/adapter_config.json
 create mode 100644 results/day17_pilot_rank8_lr400_seed2026_canonical/checkpoint/adapters/adapter_model.safetensors
 create mode 100644 results/day17_pilot_rank8_lr400_seed2026_canonical/checkpoint/learner_state.pt
 create mode 100644 results/day17_pilot_rank8_lr400_seed2026_canonical/eval_matrix.csv
 create mode 100644 results/day17_pilot_rank8_lr400_seed2026_canonical/events.jsonl
 create mode 100644 results/day17_pilot_rank8_lr400_seed2026_canonical/label_free_eval.csv
 create mode 100644 results/day17_pilot_rank8_lr400_seed2026_canonical/provenance.json
 create mode 100644 results/day17_pilot_rank8_lr400_seed2026_canonical/routing.csv
 create mode 100644 results/day17_pilot_rank8_lr400_seed2026_canonical/summary.json
 create mode 100644 results/day17_pilot_rank8_lr50_seed2026_b_first/checkpoint/adapters/README.md
 create mode 100644 results/day17_pilot_rank8_lr50_seed2026_b_first/checkpoint/adapters/adapter_config.json
 create mode 100644 results/day17_pilot_rank8_lr50_seed2026_b_first/checkpoint/adapters/adapter_model.safetensors
 create mode 100644 results/day17_pilot_rank8_lr50_seed2026_b_first/checkpoint/learner_state.pt
 create mode 100644 results/day17_pilot_rank8_lr50_seed2026_b_first/eval_matrix.csv
 create mode 100644 results/day17_pilot_rank8_lr50_seed2026_b_first/events.jsonl
 create mode 100644 results/day17_pilot_rank8_lr50_seed2026_b_first/label_free_eval.csv
 create mode 100644 results/day17_pilot_rank8_lr50_seed2026_b_first/provenance.json
 create mode 100644 results/day17_pilot_rank8_lr50_seed2026_b_first/routing.csv
 create mode 100644 results/day17_pilot_rank8_lr50_seed2026_b_first/summary.json
 create mode 100644 results/day17_pilot_rank8_lr50_seed2026_canonical/checkpoint/adapters/README.md
 create mode 100644 results/day17_pilot_rank8_lr50_seed2026_canonical/checkpoint/adapters/adapter_config.json
 create mode 100644 results/day17_pilot_rank8_lr50_seed2026_canonical/checkpoint/adapters/adapter_model.safetensors
 create mode 100644 results/day17_pilot_rank8_lr50_seed2026_canonical/checkpoint/learner_state.pt
 create mode 100644 results/day17_pilot_rank8_lr50_seed2026_canonical/eval_matrix.csv
 create mode 100644 results/day17_pilot_rank8_lr50_seed2026_canonical/events.jsonl
 create mode 100644 results/day17_pilot_rank8_lr50_seed2026_canonical/label_free_eval.csv
 create mode 100644 results/day17_pilot_rank8_lr50_seed2026_canonical/provenance.json
 create mode 100644 results/day17_pilot_rank8_lr50_seed2026_canonical/routing.csv
 create mode 100644 results/day17_pilot_rank8_lr50_seed2026_canonical/summary.json
 create mode 100644 results/day17_pilot_rank8_lr800_seed2026_b_first/checkpoint/adapters/README.md
 create mode 100644 results/day17_pilot_rank8_lr800_seed2026_b_first/checkpoint/adapters/adapter_config.json
 create mode 100644 results/day17_pilot_rank8_lr800_seed2026_b_first/checkpoint/adapters/adapter_model.safetensors
 create mode 100644 results/day17_pilot_rank8_lr800_seed2026_b_first/checkpoint/learner_state.pt
 create mode 100644 results/day17_pilot_rank8_lr800_seed2026_b_first/eval_matrix.csv
 create mode 100644 results/day17_pilot_rank8_lr800_seed2026_b_first/events.jsonl
 create mode 100644 results/day17_pilot_rank8_lr800_seed2026_b_first/label_free_eval.csv
 create mode 100644 results/day17_pilot_rank8_lr800_seed2026_b_first/provenance.json
 create mode 100644 results/day17_pilot_rank8_lr800_seed2026_b_first/routing.csv
 create mode 100644 results/day17_pilot_rank8_lr800_seed2026_b_first/summary.json
 create mode 100644 results/day17_pilot_rank8_lr800_seed2026_canonical/checkpoint/adapters/README.md
 create mode 100644 results/day17_pilot_rank8_lr800_seed2026_canonical/checkpoint/adapters/adapter_config.json
 create mode 100644 results/day17_pilot_rank8_lr800_seed2026_canonical/checkpoint/adapters/adapter_model.safetensors
 create mode 100644 results/day17_pilot_rank8_lr800_seed2026_canonical/checkpoint/learner_state.pt
 create mode 100644 results/day17_pilot_rank8_lr800_seed2026_canonical/eval_matrix.csv
 create mode 100644 results/day17_pilot_rank8_lr800_seed2026_canonical/events.jsonl
 create mode 100644 results/day17_pilot_rank8_lr800_seed2026_canonical/label_free_eval.csv
 create mode 100644 results/day17_pilot_rank8_lr800_seed2026_canonical/provenance.json
 create mode 100644 results/day17_pilot_rank8_lr800_seed2026_canonical/routing.csv
 create mode 100644 results/day17_pilot_rank8_lr800_seed2026_canonical/summary.json
 create mode 100644 results/day17_pilot_rank96_lr100_seed2026_b_first/checkpoint/adapters/README.md
 create mode 100644 results/day17_pilot_rank96_lr100_seed2026_b_first/checkpoint/adapters/adapter_config.json
 create mode 100644 results/day17_pilot_rank96_lr100_seed2026_b_first/checkpoint/adapters/adapter_model.safetensors
 create mode 100644 results/day17_pilot_rank96_lr100_seed2026_b_first/checkpoint/learner_state.pt
 create mode 100644 results/day17_pilot_rank96_lr100_seed2026_b_first/eval_matrix.csv
 create mode 100644 results/day17_pilot_rank96_lr100_seed2026_b_first/events.jsonl
 create mode 100644 results/day17_pilot_rank96_lr100_seed2026_b_first/label_free_eval.csv
 create mode 100644 results/day17_pilot_rank96_lr100_seed2026_b_first/provenance.json
 create mode 100644 results/day17_pilot_rank96_lr100_seed2026_b_first/routing.csv
 create mode 100644 results/day17_pilot_rank96_lr100_seed2026_b_first/summary.json
 create mode 100644 results/day17_pilot_rank96_lr100_seed2026_canonical/checkpoint/adapters/README.md
 create mode 100644 results/day17_pilot_rank96_lr100_seed2026_canonical/checkpoint/adapters/adapter_config.json
 create mode 100644 results/day17_pilot_rank96_lr100_seed2026_canonical/checkpoint/adapters/adapter_model.safetensors
 create mode 100644 results/day17_pilot_rank96_lr100_seed2026_canonical/checkpoint/learner_state.pt
 create mode 100644 results/day17_pilot_rank96_lr100_seed2026_canonical/eval_matrix.csv
 create mode 100644 results/day17_pilot_rank96_lr100_seed2026_canonical/events.jsonl
 create mode 100644 results/day17_pilot_rank96_lr100_seed2026_canonical/label_free_eval.csv
 create mode 100644 results/day17_pilot_rank96_lr100_seed2026_canonical/provenance.json
 create mode 100644 results/day17_pilot_rank96_lr100_seed2026_canonical/routing.csv
 create mode 100644 results/day17_pilot_rank96_lr100_seed2026_canonical/summary.json
 create mode 100644 results/day17_pilot_rank96_lr200_seed2026_b_first/checkpoint/adapters/README.md
 create mode 100644 results/day17_pilot_rank96_lr200_seed2026_b_first/checkpoint/adapters/adapter_config.json
 create mode 100644 results/day17_pilot_rank96_lr200_seed2026_b_first/checkpoint/adapters/adapter_model.safetensors
 create mode 100644 results/day17_pilot_rank96_lr200_seed2026_b_first/checkpoint/learner_state.pt
 create mode 100644 results/day17_pilot_rank96_lr200_seed2026_b_first/eval_matrix.csv
 create mode 100644 results/day17_pilot_rank96_lr200_seed2026_b_first/events.jsonl
 create mode 100644 results/day17_pilot_rank96_lr200_seed2026_b_first/label_free_eval.csv
 create mode 100644 results/day17_pilot_rank96_lr200_seed2026_b_first/provenance.json
 create mode 100644 results/day17_pilot_rank96_lr200_seed2026_b_first/routing.csv
 create mode 100644 results/day17_pilot_rank96_lr200_seed2026_b_first/summary.json
 create mode 100644 results/day17_pilot_rank96_lr200_seed2026_canonical/checkpoint/adapters/README.md
 create mode 100644 results/day17_pilot_rank96_lr200_seed2026_canonical/checkpoint/adapters/adapter_config.json
 create mode 100644 results/day17_pilot_rank96_lr200_seed2026_canonical/checkpoint/adapters/adapter_model.safetensors
 create mode 100644 results/day17_pilot_rank96_lr200_seed2026_canonical/checkpoint/learner_state.pt
 create mode 100644 results/day17_pilot_rank96_lr200_seed2026_canonical/eval_matrix.csv
 create mode 100644 results/day17_pilot_rank96_lr200_seed2026_canonical/events.jsonl
 create mode 100644 results/day17_pilot_rank96_lr200_seed2026_canonical/label_free_eval.csv
 create mode 100644 results/day17_pilot_rank96_lr200_seed2026_canonical/provenance.json
 create mode 100644 results/day17_pilot_rank96_lr200_seed2026_canonical/routing.csv
 create mode 100644 results/day17_pilot_rank96_lr200_seed2026_canonical/summary.json
 create mode 100644 results/day17_pilot_rank96_lr20_seed2026_b_first/checkpoint/adapters/README.md
 create mode 100644 results/day17_pilot_rank96_lr20_seed2026_b_first/checkpoint/adapters/adapter_config.json
 create mode 100644 results/day17_pilot_rank96_lr20_seed2026_b_first/checkpoint/adapters/adapter_model.safetensors
 create mode 100644 results/day17_pilot_rank96_lr20_seed2026_b_first/checkpoint/learner_state.pt
 create mode 100644 results/day17_pilot_rank96_lr20_seed2026_b_first/eval_matrix.csv
 create mode 100644 results/day17_pilot_rank96_lr20_seed2026_b_first/events.jsonl
 create mode 100644 results/day17_pilot_rank96_lr20_seed2026_b_first/label_free_eval.csv
 create mode 100644 results/day17_pilot_rank96_lr20_seed2026_b_first/provenance.json
 create mode 100644 results/day17_pilot_rank96_lr20_seed2026_b_first/routing.csv
 create mode 100644 results/day17_pilot_rank96_lr20_seed2026_b_first/summary.json
 create mode 100644 results/day17_pilot_rank96_lr20_seed2026_canonical/checkpoint/adapters/README.md
 create mode 100644 results/day17_pilot_rank96_lr20_seed2026_canonical/checkpoint/adapters/adapter_config.json
 create mode 100644 results/day17_pilot_rank96_lr20_seed2026_canonical/checkpoint/adapters/adapter_model.safetensors
 create mode 100644 results/day17_pilot_rank96_lr20_seed2026_canonical/checkpoint/learner_state.pt
 create mode 100644 results/day17_pilot_rank96_lr20_seed2026_canonical/eval_matrix.csv
 create mode 100644 results/day17_pilot_rank96_lr20_seed2026_canonical/events.jsonl
 create mode 100644 results/day17_pilot_rank96_lr20_seed2026_canonical/label_free_eval.csv
 create mode 100644 results/day17_pilot_rank96_lr20_seed2026_canonical/provenance.json
 create mode 100644 results/day17_pilot_rank96_lr20_seed2026_canonical/routing.csv
 create mode 100644 results/day17_pilot_rank96_lr20_seed2026_canonical/summary.json
 create mode 100644 results/day17_pilot_rank96_lr400_seed2026_b_first/checkpoint/adapters/README.md
 create mode 100644 results/day17_pilot_rank96_lr400_seed2026_b_first/checkpoint/adapters/adapter_config.json
 create mode 100644 results/day17_pilot_rank96_lr400_seed2026_b_first/checkpoint/adapters/adapter_model.safetensors
 create mode 100644 results/day17_pilot_rank96_lr400_seed2026_b_first/checkpoint/learner_state.pt
 create mode 100644 results/day17_pilot_rank96_lr400_seed2026_b_first/eval_matrix.csv
 create mode 100644 results/day17_pilot_rank96_lr400_seed2026_b_first/events.jsonl
 create mode 100644 results/day17_pilot_rank96_lr400_seed2026_b_first/label_free_eval.csv
 create mode 100644 results/day17_pilot_rank96_lr400_seed2026_b_first/provenance.json
 create mode 100644 results/day17_pilot_rank96_lr400_seed2026_b_first/routing.csv
 create mode 100644 results/day17_pilot_rank96_lr400_seed2026_b_first/summary.json
 create mode 100644 results/day17_pilot_rank96_lr400_seed2026_canonical/checkpoint/adapters/README.md
 create mode 100644 results/day17_pilot_rank96_lr400_seed2026_canonical/checkpoint/adapters/adapter_config.json
 create mode 100644 results/day17_pilot_rank96_lr400_seed2026_canonical/checkpoint/adapters/adapter_model.safetensors
 create mode 100644 results/day17_pilot_rank96_lr400_seed2026_canonical/checkpoint/learner_state.pt
 create mode 100644 results/day17_pilot_rank96_lr400_seed2026_canonical/eval_matrix.csv
 create mode 100644 results/day17_pilot_rank96_lr400_seed2026_canonical/events.jsonl
 create mode 100644 results/day17_pilot_rank96_lr400_seed2026_canonical/label_free_eval.csv
 create mode 100644 results/day17_pilot_rank96_lr400_seed2026_canonical/provenance.json
 create mode 100644 results/day17_pilot_rank96_lr400_seed2026_canonical/routing.csv
 create mode 100644 results/day17_pilot_rank96_lr400_seed2026_canonical/summary.json
 create mode 100644 results/day17_pilot_rank96_lr50_seed2026_b_first/checkpoint/adapters/README.md
 create mode 100644 results/day17_pilot_rank96_lr50_seed2026_b_first/checkpoint/adapters/adapter_config.json
 create mode 100644 results/day17_pilot_rank96_lr50_seed2026_b_first/checkpoint/adapters/adapter_model.safetensors
 create mode 100644 results/day17_pilot_rank96_lr50_seed2026_b_first/checkpoint/learner_state.pt
 create mode 100644 results/day17_pilot_rank96_lr50_seed2026_b_first/eval_matrix.csv
 create mode 100644 results/day17_pilot_rank96_lr50_seed2026_b_first/events.jsonl
 create mode 100644 results/day17_pilot_rank96_lr50_seed2026_b_first/label_free_eval.csv
 create mode 100644 results/day17_pilot_rank96_lr50_seed2026_b_first/provenance.json
 create mode 100644 results/day17_pilot_rank96_lr50_seed2026_b_first/routing.csv
 create mode 100644 results/day17_pilot_rank96_lr50_seed2026_b_first/summary.json
 create mode 100644 results/day17_pilot_rank96_lr50_seed2026_canonical/checkpoint/adapters/README.md
 create mode 100644 results/day17_pilot_rank96_lr50_seed2026_canonical/checkpoint/adapters/adapter_config.json
 create mode 100644 results/day17_pilot_rank96_lr50_seed2026_canonical/checkpoint/adapters/adapter_model.safetensors
 create mode 100644 results/day17_pilot_rank96_lr50_seed2026_canonical/checkpoint/learner_state.pt
 create mode 100644 results/day17_pilot_rank96_lr50_seed2026_canonical/eval_matrix.csv
 create mode 100644 results/day17_pilot_rank96_lr50_seed2026_canonical/events.jsonl
 create mode 100644 results/day17_pilot_rank96_lr50_seed2026_canonical/label_free_eval.csv
 create mode 100644 results/day17_pilot_rank96_lr50_seed2026_canonical/provenance.json
 create mode 100644 results/day17_pilot_rank96_lr50_seed2026_canonical/routing.csv
 create mode 100644 results/day17_pilot_rank96_lr50_seed2026_canonical/summary.json
 create mode 100644 results/day17_pilot_rank96_lr800_seed2026_b_first/checkpoint/adapters/README.md
 create mode 100644 results/day17_pilot_rank96_lr800_seed2026_b_first/checkpoint/adapters/adapter_config.json
 create mode 100644 results/day17_pilot_rank96_lr800_seed2026_b_first/checkpoint/adapters/adapter_model.safetensors
 create mode 100644 results/day17_pilot_rank96_lr800_seed2026_b_first/checkpoint/learner_state.pt
 create mode 100644 results/day17_pilot_rank96_lr800_seed2026_b_first/eval_matrix.csv
 create mode 100644 results/day17_pilot_rank96_lr800_seed2026_b_first/events.jsonl
 create mode 100644 results/day17_pilot_rank96_lr800_seed2026_b_first/label_free_eval.csv
 create mode 100644 results/day17_pilot_rank96_lr800_seed2026_b_first/provenance.json
 create mode 100644 results/day17_pilot_rank96_lr800_seed2026_b_first/routing.csv
 create mode 100644 results/day17_pilot_rank96_lr800_seed2026_b_first/summary.json
 create mode 100644 results/day17_pilot_rank96_lr800_seed2026_canonical/checkpoint/adapters/README.md
 create mode 100644 results/day17_pilot_rank96_lr800_seed2026_canonical/checkpoint/adapters/adapter_config.json
 create mode 100644 results/day17_pilot_rank96_lr800_seed2026_canonical/checkpoint/adapters/adapter_model.safetensors
 create mode 100644 results/day17_pilot_rank96_lr800_seed2026_canonical/checkpoint/learner_state.pt
 create mode 100644 results/day17_pilot_rank96_lr800_seed2026_canonical/eval_matrix.csv
 create mode 100644 results/day17_pilot_rank96_lr800_seed2026_canonical/events.jsonl
 create mode 100644 results/day17_pilot_rank96_lr800_seed2026_canonical/label_free_eval.csv
 create mode 100644 results/day17_pilot_rank96_lr800_seed2026_canonical/provenance.json
 create mode 100644 results/day17_pilot_rank96_lr800_seed2026_canonical/routing.csv
 create mode 100644 results/day17_pilot_rank96_lr800_seed2026_canonical/summary.json
 create mode 100644 results/day17_rank96_reference_replay/checkpoint/adapters/README.md
 create mode 100644 results/day17_rank96_reference_replay/checkpoint/adapters/adapter_config.json
 create mode 100644 results/day17_rank96_reference_replay/checkpoint/adapters/adapter_model.safetensors
 create mode 100644 results/day17_rank96_reference_replay/checkpoint/learner_state.pt
 create mode 100644 results/day17_rank96_reference_replay/eval_matrix.csv
 create mode 100644 results/day17_rank96_reference_replay/events.jsonl
 create mode 100644 results/day17_rank96_reference_replay/label_free_eval.csv
 create mode 100644 results/day17_rank96_reference_replay/provenance.json
 create mode 100644 results/day17_rank96_reference_replay/routing.csv
 create mode 100644 results/day17_rank96_reference_replay/static_replay_verification.json
 create mode 100644 results/day17_rank96_reference_replay/summary.json
 create mode 100644 results/day17_static_pilot_grid.csv
 create mode 100644 results/day17_tuned_static_comparisons.csv
 create mode 100644 results/day17_tuned_static_paired_differences.csv
 create mode 100644 results/day17_tuned_static_seed_values.csv
 create mode 100644 results/day19_banking_head_only_seed2027_b_first_frozen_preclassifier/checkpoint/adapters/README.md
 create mode 100644 results/day19_banking_head_only_seed2027_b_first_frozen_preclassifier/checkpoint/adapters/adapter_1/adapter_config.json
 create mode 100644 results/day19_banking_head_only_seed2027_b_first_frozen_preclassifier/checkpoint/adapters/adapter_1/adapter_model.safetensors
 create mode 100644 results/day19_banking_head_only_seed2027_b_first_frozen_preclassifier/checkpoint/adapters/adapter_2/adapter_config.json
 create mode 100644 results/day19_banking_head_only_seed2027_b_first_frozen_preclassifier/checkpoint/adapters/adapter_2/adapter_model.safetensors
 create mode 100644 results/day19_banking_head_only_seed2027_b_first_frozen_preclassifier/checkpoint/adapters/adapter_config.json
 create mode 100644 results/day19_banking_head_only_seed2027_b_first_frozen_preclassifier/checkpoint/adapters/adapter_model.safetensors
 create mode 100644 results/day19_banking_head_only_seed2027_b_first_frozen_preclassifier/checkpoint/learner_state.pt
 create mode 100644 results/day19_banking_head_only_seed2027_b_first_frozen_preclassifier/eval_matrix.csv
 create mode 100644 results/day19_banking_head_only_seed2027_b_first_frozen_preclassifier/events.jsonl
 create mode 100644 results/day19_banking_head_only_seed2027_b_first_frozen_preclassifier/label_free_eval.csv
 create mode 100644 results/day19_banking_head_only_seed2027_b_first_frozen_preclassifier/provenance.json
 create mode 100644 results/day19_banking_head_only_seed2027_b_first_frozen_preclassifier/routing.csv
 create mode 100644 results/day19_banking_head_only_seed2027_b_first_frozen_preclassifier/summary.json
 create mode 100644 results/day19_banking_head_only_seed2027_canonical_frozen_preclassifier/checkpoint/adapters/README.md
 create mode 100644 results/day19_banking_head_only_seed2027_canonical_frozen_preclassifier/checkpoint/adapters/adapter_1/adapter_config.json
 create mode 100644 results/day19_banking_head_only_seed2027_canonical_frozen_preclassifier/checkpoint/adapters/adapter_1/adapter_model.safetensors
 create mode 100644 results/day19_banking_head_only_seed2027_canonical_frozen_preclassifier/checkpoint/adapters/adapter_2/adapter_config.json
 create mode 100644 results/day19_banking_head_only_seed2027_canonical_frozen_preclassifier/checkpoint/adapters/adapter_2/adapter_model.safetensors
 create mode 100644 results/day19_banking_head_only_seed2027_canonical_frozen_preclassifier/checkpoint/adapters/adapter_config.json
 create mode 100644 results/day19_banking_head_only_seed2027_canonical_frozen_preclassifier/checkpoint/adapters/adapter_model.safetensors
 create mode 100644 results/day19_banking_head_only_seed2027_canonical_frozen_preclassifier/checkpoint/learner_state.pt
 create mode 100644 results/day19_banking_head_only_seed2027_canonical_frozen_preclassifier/eval_matrix.csv
 create mode 100644 results/day19_banking_head_only_seed2027_canonical_frozen_preclassifier/events.jsonl
 create mode 100644 results/day19_banking_head_only_seed2027_canonical_frozen_preclassifier/label_free_eval.csv
 create mode 100644 results/day19_banking_head_only_seed2027_canonical_frozen_preclassifier/provenance.json
 create mode 100644 results/day19_banking_head_only_seed2027_canonical_frozen_preclassifier/routing.csv
 create mode 100644 results/day19_banking_head_only_seed2027_canonical_frozen_preclassifier/summary.json
 create mode 100644 results/day19_banking_head_only_seed2028_b_first_frozen_preclassifier/checkpoint/adapters/README.md
 create mode 100644 results/day19_banking_head_only_seed2028_b_first_frozen_preclassifier/checkpoint/adapters/adapter_1/adapter_config.json
 create mode 100644 results/day19_banking_head_only_seed2028_b_first_frozen_preclassifier/checkpoint/adapters/adapter_1/adapter_model.safetensors
 create mode 100644 results/day19_banking_head_only_seed2028_b_first_frozen_preclassifier/checkpoint/adapters/adapter_2/adapter_config.json
 create mode 100644 results/day19_banking_head_only_seed2028_b_first_frozen_preclassifier/checkpoint/adapters/adapter_2/adapter_model.safetensors
 create mode 100644 results/day19_banking_head_only_seed2028_b_first_frozen_preclassifier/checkpoint/adapters/adapter_config.json
 create mode 100644 results/day19_banking_head_only_seed2028_b_first_frozen_preclassifier/checkpoint/adapters/adapter_model.safetensors
 create mode 100644 results/day19_banking_head_only_seed2028_b_first_frozen_preclassifier/checkpoint/learner_state.pt
 create mode 100644 results/day19_banking_head_only_seed2028_b_first_frozen_preclassifier/eval_matrix.csv
 create mode 100644 results/day19_banking_head_only_seed2028_b_first_frozen_preclassifier/events.jsonl
 create mode 100644 results/day19_banking_head_only_seed2028_b_first_frozen_preclassifier/label_free_eval.csv
 create mode 100644 results/day19_banking_head_only_seed2028_b_first_frozen_preclassifier/provenance.json
 create mode 100644 results/day19_banking_head_only_seed2028_b_first_frozen_preclassifier/routing.csv
 create mode 100644 results/day19_banking_head_only_seed2028_b_first_frozen_preclassifier/summary.json
 create mode 100644 results/day19_banking_head_only_seed2028_canonical_frozen_preclassifier/checkpoint/adapters/README.md
 create mode 100644 results/day19_banking_head_only_seed2028_canonical_frozen_preclassifier/checkpoint/adapters/adapter_1/adapter_config.json
 create mode 100644 results/day19_banking_head_only_seed2028_canonical_frozen_preclassifier/checkpoint/adapters/adapter_1/adapter_model.safetensors
 create mode 100644 results/day19_banking_head_only_seed2028_canonical_frozen_preclassifier/checkpoint/adapters/adapter_2/adapter_config.json
 create mode 100644 results/day19_banking_head_only_seed2028_canonical_frozen_preclassifier/checkpoint/adapters/adapter_2/adapter_model.safetensors
 create mode 100644 results/day19_banking_head_only_seed2028_canonical_frozen_preclassifier/checkpoint/adapters/adapter_config.json
 create mode 100644 results/day19_banking_head_only_seed2028_canonical_frozen_preclassifier/checkpoint/adapters/adapter_model.safetensors
 create mode 100644 results/day19_banking_head_only_seed2028_canonical_frozen_preclassifier/checkpoint/learner_state.pt
 create mode 100644 results/day19_banking_head_only_seed2028_canonical_frozen_preclassifier/eval_matrix.csv
 create mode 100644 results/day19_banking_head_only_seed2028_canonical_frozen_preclassifier/events.jsonl
 create mode 100644 results/day19_banking_head_only_seed2028_canonical_frozen_preclassifier/label_free_eval.csv
 create mode 100644 results/day19_banking_head_only_seed2028_canonical_frozen_preclassifier/provenance.json
 create mode 100644 results/day19_banking_head_only_seed2028_canonical_frozen_preclassifier/routing.csv
 create mode 100644 results/day19_banking_head_only_seed2028_canonical_frozen_preclassifier/summary.json
 create mode 100644 results/day19_banking_head_only_seed2029_b_first_frozen_preclassifier/checkpoint/adapters/README.md
 create mode 100644 results/day19_banking_head_only_seed2029_b_first_frozen_preclassifier/checkpoint/adapters/adapter_1/adapter_config.json
 create mode 100644 results/day19_banking_head_only_seed2029_b_first_frozen_preclassifier/checkpoint/adapters/adapter_1/adapter_model.safetensors
 create mode 100644 results/day19_banking_head_only_seed2029_b_first_frozen_preclassifier/checkpoint/adapters/adapter_2/adapter_config.json
 create mode 100644 results/day19_banking_head_only_seed2029_b_first_frozen_preclassifier/checkpoint/adapters/adapter_2/adapter_model.safetensors
 create mode 100644 results/day19_banking_head_only_seed2029_b_first_frozen_preclassifier/checkpoint/adapters/adapter_config.json
 create mode 100644 results/day19_banking_head_only_seed2029_b_first_frozen_preclassifier/checkpoint/adapters/adapter_model.safetensors
 create mode 100644 results/day19_banking_head_only_seed2029_b_first_frozen_preclassifier/checkpoint/learner_state.pt
 create mode 100644 results/day19_banking_head_only_seed2029_b_first_frozen_preclassifier/eval_matrix.csv
 create mode 100644 results/day19_banking_head_only_seed2029_b_first_frozen_preclassifier/events.jsonl
 create mode 100644 results/day19_banking_head_only_seed2029_b_first_frozen_preclassifier/label_free_eval.csv
 create mode 100644 results/day19_banking_head_only_seed2029_b_first_frozen_preclassifier/provenance.json
 create mode 100644 results/day19_banking_head_only_seed2029_b_first_frozen_preclassifier/routing.csv
 create mode 100644 results/day19_banking_head_only_seed2029_b_first_frozen_preclassifier/summary.json
 create mode 100644 results/day19_banking_head_only_seed2029_canonical_frozen_preclassifier/checkpoint/adapters/README.md
 create mode 100644 results/day19_banking_head_only_seed2029_canonical_frozen_preclassifier/checkpoint/adapters/adapter_1/adapter_config.json
 create mode 100644 results/day19_banking_head_only_seed2029_canonical_frozen_preclassifier/checkpoint/adapters/adapter_1/adapter_model.safetensors
 create mode 100644 results/day19_banking_head_only_seed2029_canonical_frozen_preclassifier/checkpoint/adapters/adapter_2/adapter_config.json
 create mode 100644 results/day19_banking_head_only_seed2029_canonical_frozen_preclassifier/checkpoint/adapters/adapter_2/adapter_model.safetensors
 create mode 100644 results/day19_banking_head_only_seed2029_canonical_frozen_preclassifier/checkpoint/adapters/adapter_config.json
 create mode 100644 results/day19_banking_head_only_seed2029_canonical_frozen_preclassifier/checkpoint/adapters/adapter_model.safetensors
 create mode 100644 results/day19_banking_head_only_seed2029_canonical_frozen_preclassifier/checkpoint/learner_state.pt
 create mode 100644 results/day19_banking_head_only_seed2029_canonical_frozen_preclassifier/eval_matrix.csv
 create mode 100644 results/day19_banking_head_only_seed2029_canonical_frozen_preclassifier/events.jsonl
 create mode 100644 results/day19_banking_head_only_seed2029_canonical_frozen_preclassifier/label_free_eval.csv
 create mode 100644 results/day19_banking_head_only_seed2029_canonical_frozen_preclassifier/provenance.json
 create mode 100644 results/day19_banking_head_only_seed2029_canonical_frozen_preclassifier/routing.csv
 create mode 100644 results/day19_banking_head_only_seed2029_canonical_frozen_preclassifier/summary.json
 create mode 100644 results/day19_banking_head_only_seed2030_b_first_frozen_preclassifier/checkpoint/adapters/README.md
 create mode 100644 results/day19_banking_head_only_seed2030_b_first_frozen_preclassifier/checkpoint/adapters/adapter_1/adapter_config.json
 create mode 100644 results/day19_banking_head_only_seed2030_b_first_frozen_preclassifier/checkpoint/adapters/adapter_1/adapter_model.safetensors
 create mode 100644 results/day19_banking_head_only_seed2030_b_first_frozen_preclassifier/checkpoint/adapters/adapter_2/adapter_config.json
 create mode 100644 results/day19_banking_head_only_seed2030_b_first_frozen_preclassifier/checkpoint/adapters/adapter_2/adapter_model.safetensors
 create mode 100644 results/day19_banking_head_only_seed2030_b_first_frozen_preclassifier/checkpoint/adapters/adapter_config.json
 create mode 100644 results/day19_banking_head_only_seed2030_b_first_frozen_preclassifier/checkpoint/adapters/adapter_model.safetensors
 create mode 100644 results/day19_banking_head_only_seed2030_b_first_frozen_preclassifier/checkpoint/learner_state.pt
 create mode 100644 results/day19_banking_head_only_seed2030_b_first_frozen_preclassifier/eval_matrix.csv
 create mode 100644 results/day19_banking_head_only_seed2030_b_first_frozen_preclassifier/events.jsonl
 create mode 100644 results/day19_banking_head_only_seed2030_b_first_frozen_preclassifier/label_free_eval.csv
 create mode 100644 results/day19_banking_head_only_seed2030_b_first_frozen_preclassifier/provenance.json
 create mode 100644 results/day19_banking_head_only_seed2030_b_first_frozen_preclassifier/routing.csv
 create mode 100644 results/day19_banking_head_only_seed2030_b_first_frozen_preclassifier/summary.json
 create mode 100644 results/day19_banking_head_only_seed2030_canonical_frozen_preclassifier/checkpoint/adapters/README.md
 create mode 100644 results/day19_banking_head_only_seed2030_canonical_frozen_preclassifier/checkpoint/adapters/adapter_1/adapter_config.json
 create mode 100644 results/day19_banking_head_only_seed2030_canonical_frozen_preclassifier/checkpoint/adapters/adapter_1/adapter_model.safetensors
 create mode 100644 results/day19_banking_head_only_seed2030_canonical_frozen_preclassifier/checkpoint/adapters/adapter_2/adapter_config.json
 create mode 100644 results/day19_banking_head_only_seed2030_canonical_frozen_preclassifier/checkpoint/adapters/adapter_2/adapter_model.safetensors
 create mode 100644 results/day19_banking_head_only_seed2030_canonical_frozen_preclassifier/checkpoint/adapters/adapter_config.json
 create mode 100644 results/day19_banking_head_only_seed2030_canonical_frozen_preclassifier/checkpoint/adapters/adapter_model.safetensors
 create mode 100644 results/day19_banking_head_only_seed2030_canonical_frozen_preclassifier/checkpoint/learner_state.pt
 create mode 100644 results/day19_banking_head_only_seed2030_canonical_frozen_preclassifier/eval_matrix.csv
 create mode 100644 results/day19_banking_head_only_seed2030_canonical_frozen_preclassifier/events.jsonl
 create mode 100644 results/day19_banking_head_only_seed2030_canonical_frozen_preclassifier/label_free_eval.csv
 create mode 100644 results/day19_banking_head_only_seed2030_canonical_frozen_preclassifier/provenance.json
 create mode 100644 results/day19_banking_head_only_seed2030_canonical_frozen_preclassifier/routing.csv
 create mode 100644 results/day19_banking_head_only_seed2030_canonical_frozen_preclassifier/summary.json
 create mode 100644 results/day19_banking_head_only_seed2031_b_first_frozen_preclassifier/checkpoint/adapters/README.md
 create mode 100644 results/day19_banking_head_only_seed2031_b_first_frozen_preclassifier/checkpoint/adapters/adapter_1/adapter_config.json
 create mode 100644 results/day19_banking_head_only_seed2031_b_first_frozen_preclassifier/checkpoint/adapters/adapter_1/adapter_model.safetensors
 create mode 100644 results/day19_banking_head_only_seed2031_b_first_frozen_preclassifier/checkpoint/adapters/adapter_2/adapter_config.json
 create mode 100644 results/day19_banking_head_only_seed2031_b_first_frozen_preclassifier/checkpoint/adapters/adapter_2/adapter_model.safetensors
 create mode 100644 results/day19_banking_head_only_seed2031_b_first_frozen_preclassifier/checkpoint/adapters/adapter_config.json
 create mode 100644 results/day19_banking_head_only_seed2031_b_first_frozen_preclassifier/checkpoint/adapters/adapter_model.safetensors
 create mode 100644 results/day19_banking_head_only_seed2031_b_first_frozen_preclassifier/checkpoint/learner_state.pt
 create mode 100644 results/day19_banking_head_only_seed2031_b_first_frozen_preclassifier/eval_matrix.csv
 create mode 100644 results/day19_banking_head_only_seed2031_b_first_frozen_preclassifier/events.jsonl
 create mode 100644 results/day19_banking_head_only_seed2031_b_first_frozen_preclassifier/label_free_eval.csv
 create mode 100644 results/day19_banking_head_only_seed2031_b_first_frozen_preclassifier/provenance.json
 create mode 100644 results/day19_banking_head_only_seed2031_b_first_frozen_preclassifier/routing.csv
 create mode 100644 results/day19_banking_head_only_seed2031_b_first_frozen_preclassifier/summary.json
 create mode 100644 results/day19_banking_head_only_seed2031_canonical_frozen_preclassifier/checkpoint/adapters/README.md
 create mode 100644 results/day19_banking_head_only_seed2031_canonical_frozen_preclassifier/checkpoint/adapters/adapter_1/adapter_config.json
 create mode 100644 results/day19_banking_head_only_seed2031_canonical_frozen_preclassifier/checkpoint/adapters/adapter_1/adapter_model.safetensors
 create mode 100644 results/day19_banking_head_only_seed2031_canonical_frozen_preclassifier/checkpoint/adapters/adapter_2/adapter_config.json
 create mode 100644 results/day19_banking_head_only_seed2031_canonical_frozen_preclassifier/checkpoint/adapters/adapter_2/adapter_model.safetensors
 create mode 100644 results/day19_banking_head_only_seed2031_canonical_frozen_preclassifier/checkpoint/adapters/adapter_config.json
 create mode 100644 results/day19_banking_head_only_seed2031_canonical_frozen_preclassifier/checkpoint/adapters/adapter_model.safetensors
 create mode 100644 results/day19_banking_head_only_seed2031_canonical_frozen_preclassifier/checkpoint/learner_state.pt
 create mode 100644 results/day19_banking_head_only_seed2031_canonical_frozen_preclassifier/eval_matrix.csv
 create mode 100644 results/day19_banking_head_only_seed2031_canonical_frozen_preclassifier/events.jsonl
 create mode 100644 results/day19_banking_head_only_seed2031_canonical_frozen_preclassifier/label_free_eval.csv
 create mode 100644 results/day19_banking_head_only_seed2031_canonical_frozen_preclassifier/provenance.json
 create mode 100644 results/day19_banking_head_only_seed2031_canonical_frozen_preclassifier/routing.csv
 create mode 100644 results/day19_banking_head_only_seed2031_canonical_frozen_preclassifier/summary.json
 create mode 100644 results/day19_banking_private_seed2027_b_first_frozen_preclassifier/checkpoint/adapters/README.md
 create mode 100644 results/day19_banking_private_seed2027_b_first_frozen_preclassifier/checkpoint/adapters/adapter_1/adapter_config.json
 create mode 100644 results/day19_banking_private_seed2027_b_first_frozen_preclassifier/checkpoint/adapters/adapter_1/adapter_model.safetensors
 create mode 100644 results/day19_banking_private_seed2027_b_first_frozen_preclassifier/checkpoint/adapters/adapter_2/adapter_config.json
 create mode 100644 results/day19_banking_private_seed2027_b_first_frozen_preclassifier/checkpoint/adapters/adapter_2/adapter_model.safetensors
 create mode 100644 results/day19_banking_private_seed2027_b_first_frozen_preclassifier/checkpoint/adapters/adapter_config.json
 create mode 100644 results/day19_banking_private_seed2027_b_first_frozen_preclassifier/checkpoint/adapters/adapter_model.safetensors
 create mode 100644 results/day19_banking_private_seed2027_b_first_frozen_preclassifier/checkpoint/learner_state.pt
 create mode 100644 results/day19_banking_private_seed2027_b_first_frozen_preclassifier/eval_matrix.csv
 create mode 100644 results/day19_banking_private_seed2027_b_first_frozen_preclassifier/events.jsonl
 create mode 100644 results/day19_banking_private_seed2027_b_first_frozen_preclassifier/label_free_eval.csv
 create mode 100644 results/day19_banking_private_seed2027_b_first_frozen_preclassifier/provenance.json
 create mode 100644 results/day19_banking_private_seed2027_b_first_frozen_preclassifier/routing.csv
 create mode 100644 results/day19_banking_private_seed2027_b_first_frozen_preclassifier/summary.json
 create mode 100644 results/day19_banking_private_seed2027_canonical_frozen_preclassifier/checkpoint/adapters/README.md
 create mode 100644 results/day19_banking_private_seed2027_canonical_frozen_preclassifier/checkpoint/adapters/adapter_1/adapter_config.json
 create mode 100644 results/day19_banking_private_seed2027_canonical_frozen_preclassifier/checkpoint/adapters/adapter_1/adapter_model.safetensors
 create mode 100644 results/day19_banking_private_seed2027_canonical_frozen_preclassifier/checkpoint/adapters/adapter_2/adapter_config.json
 create mode 100644 results/day19_banking_private_seed2027_canonical_frozen_preclassifier/checkpoint/adapters/adapter_2/adapter_model.safetensors
 create mode 100644 results/day19_banking_private_seed2027_canonical_frozen_preclassifier/checkpoint/adapters/adapter_config.json
 create mode 100644 results/day19_banking_private_seed2027_canonical_frozen_preclassifier/checkpoint/adapters/adapter_model.safetensors
 create mode 100644 results/day19_banking_private_seed2027_canonical_frozen_preclassifier/checkpoint/learner_state.pt
 create mode 100644 results/day19_banking_private_seed2027_canonical_frozen_preclassifier/eval_matrix.csv
 create mode 100644 results/day19_banking_private_seed2027_canonical_frozen_preclassifier/events.jsonl
 create mode 100644 results/day19_banking_private_seed2027_canonical_frozen_preclassifier/label_free_eval.csv
 create mode 100644 results/day19_banking_private_seed2027_canonical_frozen_preclassifier/provenance.json
 create mode 100644 results/day19_banking_private_seed2027_canonical_frozen_preclassifier/routing.csv
 create mode 100644 results/day19_banking_private_seed2027_canonical_frozen_preclassifier/summary.json
 create mode 100644 results/day19_banking_private_seed2028_b_first_frozen_preclassifier/checkpoint/adapters/README.md
 create mode 100644 results/day19_banking_private_seed2028_b_first_frozen_preclassifier/checkpoint/adapters/adapter_1/adapter_config.json
 create mode 100644 results/day19_banking_private_seed2028_b_first_frozen_preclassifier/checkpoint/adapters/adapter_1/adapter_model.safetensors
 create mode 100644 results/day19_banking_private_seed2028_b_first_frozen_preclassifier/checkpoint/adapters/adapter_2/adapter_config.json
 create mode 100644 results/day19_banking_private_seed2028_b_first_frozen_preclassifier/checkpoint/adapters/adapter_2/adapter_model.safetensors
 create mode 100644 results/day19_banking_private_seed2028_b_first_frozen_preclassifier/checkpoint/adapters/adapter_config.json
 create mode 100644 results/day19_banking_private_seed2028_b_first_frozen_preclassifier/checkpoint/adapters/adapter_model.safetensors
 create mode 100644 results/day19_banking_private_seed2028_b_first_frozen_preclassifier/checkpoint/learner_state.pt
 create mode 100644 results/day19_banking_private_seed2028_b_first_frozen_preclassifier/eval_matrix.csv
 create mode 100644 results/day19_banking_private_seed2028_b_first_frozen_preclassifier/events.jsonl
 create mode 100644 results/day19_banking_private_seed2028_b_first_frozen_preclassifier/label_free_eval.csv
 create mode 100644 results/day19_banking_private_seed2028_b_first_frozen_preclassifier/provenance.json
 create mode 100644 results/day19_banking_private_seed2028_b_first_frozen_preclassifier/routing.csv
 create mode 100644 results/day19_banking_private_seed2028_b_first_frozen_preclassifier/summary.json
 create mode 100644 results/day19_banking_private_seed2028_canonical_frozen_preclassifier/checkpoint/adapters/README.md
 create mode 100644 results/day19_banking_private_seed2028_canonical_frozen_preclassifier/checkpoint/adapters/adapter_1/adapter_config.json
 create mode 100644 results/day19_banking_private_seed2028_canonical_frozen_preclassifier/checkpoint/adapters/adapter_1/adapter_model.safetensors
 create mode 100644 results/day19_banking_private_seed2028_canonical_frozen_preclassifier/checkpoint/adapters/adapter_2/adapter_config.json
 create mode 100644 results/day19_banking_private_seed2028_canonical_frozen_preclassifier/checkpoint/adapters/adapter_2/adapter_model.safetensors
 create mode 100644 results/day19_banking_private_seed2028_canonical_frozen_preclassifier/checkpoint/adapters/adapter_config.json
 create mode 100644 results/day19_banking_private_seed2028_canonical_frozen_preclassifier/checkpoint/adapters/adapter_model.safetensors
 create mode 100644 results/day19_banking_private_seed2028_canonical_frozen_preclassifier/checkpoint/learner_state.pt
 create mode 100644 results/day19_banking_private_seed2028_canonical_frozen_preclassifier/eval_matrix.csv
 create mode 100644 results/day19_banking_private_seed2028_canonical_frozen_preclassifier/events.jsonl
 create mode 100644 results/day19_banking_private_seed2028_canonical_frozen_preclassifier/label_free_eval.csv
 create mode 100644 results/day19_banking_private_seed2028_canonical_frozen_preclassifier/provenance.json
 create mode 100644 results/day19_banking_private_seed2028_canonical_frozen_preclassifier/routing.csv
 create mode 100644 results/day19_banking_private_seed2028_canonical_frozen_preclassifier/summary.json
 create mode 100644 results/day19_banking_private_seed2029_b_first_frozen_preclassifier/checkpoint/adapters/README.md
 create mode 100644 results/day19_banking_private_seed2029_b_first_frozen_preclassifier/checkpoint/adapters/adapter_1/adapter_config.json
 create mode 100644 results/day19_banking_private_seed2029_b_first_frozen_preclassifier/checkpoint/adapters/adapter_1/adapter_model.safetensors
 create mode 100644 results/day19_banking_private_seed2029_b_first_frozen_preclassifier/checkpoint/adapters/adapter_2/adapter_config.json
 create mode 100644 results/day19_banking_private_seed2029_b_first_frozen_preclassifier/checkpoint/adapters/adapter_2/adapter_model.safetensors
 create mode 100644 results/day19_banking_private_seed2029_b_first_frozen_preclassifier/checkpoint/adapters/adapter_config.json
 create mode 100644 results/day19_banking_private_seed2029_b_first_frozen_preclassifier/checkpoint/adapters/adapter_model.safetensors
 create mode 100644 results/day19_banking_private_seed2029_b_first_frozen_preclassifier/checkpoint/learner_state.pt
 create mode 100644 results/day19_banking_private_seed2029_b_first_frozen_preclassifier/eval_matrix.csv
 create mode 100644 results/day19_banking_private_seed2029_b_first_frozen_preclassifier/events.jsonl
 create mode 100644 results/day19_banking_private_seed2029_b_first_frozen_preclassifier/label_free_eval.csv
 create mode 100644 results/day19_banking_private_seed2029_b_first_frozen_preclassifier/provenance.json
 create mode 100644 results/day19_banking_private_seed2029_b_first_frozen_preclassifier/routing.csv
 create mode 100644 results/day19_banking_private_seed2029_b_first_frozen_preclassifier/summary.json
 create mode 100644 results/day19_banking_private_seed2029_canonical_frozen_preclassifier/checkpoint/adapters/README.md
 create mode 100644 results/day19_banking_private_seed2029_canonical_frozen_preclassifier/checkpoint/adapters/adapter_1/adapter_config.json
 create mode 100644 results/day19_banking_private_seed2029_canonical_frozen_preclassifier/checkpoint/adapters/adapter_1/adapter_model.safetensors
 create mode 100644 results/day19_banking_private_seed2029_canonical_frozen_preclassifier/checkpoint/adapters/adapter_2/adapter_config.json
 create mode 100644 results/day19_banking_private_seed2029_canonical_frozen_preclassifier/checkpoint/adapters/adapter_2/adapter_model.safetensors
 create mode 100644 results/day19_banking_private_seed2029_canonical_frozen_preclassifier/checkpoint/adapters/adapter_config.json
 create mode 100644 results/day19_banking_private_seed2029_canonical_frozen_preclassifier/checkpoint/adapters/adapter_model.safetensors
 create mode 100644 results/day19_banking_private_seed2029_canonical_frozen_preclassifier/checkpoint/learner_state.pt
 create mode 100644 results/day19_banking_private_seed2029_canonical_frozen_preclassifier/eval_matrix.csv
 create mode 100644 results/day19_banking_private_seed2029_canonical_frozen_preclassifier/events.jsonl
 create mode 100644 results/day19_banking_private_seed2029_canonical_frozen_preclassifier/label_free_eval.csv
 create mode 100644 results/day19_banking_private_seed2029_canonical_frozen_preclassifier/provenance.json
 create mode 100644 results/day19_banking_private_seed2029_canonical_frozen_preclassifier/routing.csv
 create mode 100644 results/day19_banking_private_seed2029_canonical_frozen_preclassifier/summary.json
 create mode 100644 results/day19_banking_private_seed2030_b_first_frozen_preclassifier/checkpoint/adapters/README.md
 create mode 100644 results/day19_banking_private_seed2030_b_first_frozen_preclassifier/checkpoint/adapters/adapter_1/adapter_config.json
 create mode 100644 results/day19_banking_private_seed2030_b_first_frozen_preclassifier/checkpoint/adapters/adapter_1/adapter_model.safetensors
 create mode 100644 results/day19_banking_private_seed2030_b_first_frozen_preclassifier/checkpoint/adapters/adapter_2/adapter_config.json
 create mode 100644 results/day19_banking_private_seed2030_b_first_frozen_preclassifier/checkpoint/adapters/adapter_2/adapter_model.safetensors
 create mode 100644 results/day19_banking_private_seed2030_b_first_frozen_preclassifier/checkpoint/adapters/adapter_config.json
 create mode 100644 results/day19_banking_private_seed2030_b_first_frozen_preclassifier/checkpoint/adapters/adapter_model.safetensors
 create mode 100644 results/day19_banking_private_seed2030_b_first_frozen_preclassifier/checkpoint/learner_state.pt
 create mode 100644 results/day19_banking_private_seed2030_b_first_frozen_preclassifier/eval_matrix.csv
 create mode 100644 results/day19_banking_private_seed2030_b_first_frozen_preclassifier/events.jsonl
 create mode 100644 results/day19_banking_private_seed2030_b_first_frozen_preclassifier/label_free_eval.csv
 create mode 100644 results/day19_banking_private_seed2030_b_first_frozen_preclassifier/provenance.json
 create mode 100644 results/day19_banking_private_seed2030_b_first_frozen_preclassifier/routing.csv
 create mode 100644 results/day19_banking_private_seed2030_b_first_frozen_preclassifier/summary.json
 create mode 100644 results/day19_banking_private_seed2030_canonical_frozen_preclassifier/checkpoint/adapters/README.md
 create mode 100644 results/day19_banking_private_seed2030_canonical_frozen_preclassifier/checkpoint/adapters/adapter_1/adapter_config.json
 create mode 100644 results/day19_banking_private_seed2030_canonical_frozen_preclassifier/checkpoint/adapters/adapter_1/adapter_model.safetensors
 create mode 100644 results/day19_banking_private_seed2030_canonical_frozen_preclassifier/checkpoint/adapters/adapter_2/adapter_config.json
 create mode 100644 results/day19_banking_private_seed2030_canonical_frozen_preclassifier/checkpoint/adapters/adapter_2/adapter_model.safetensors
 create mode 100644 results/day19_banking_private_seed2030_canonical_frozen_preclassifier/checkpoint/adapters/adapter_config.json
 create mode 100644 results/day19_banking_private_seed2030_canonical_frozen_preclassifier/checkpoint/adapters/adapter_model.safetensors
 create mode 100644 results/day19_banking_private_seed2030_canonical_frozen_preclassifier/checkpoint/learner_state.pt
 create mode 100644 results/day19_banking_private_seed2030_canonical_frozen_preclassifier/eval_matrix.csv
 create mode 100644 results/day19_banking_private_seed2030_canonical_frozen_preclassifier/events.jsonl
 create mode 100644 results/day19_banking_private_seed2030_canonical_frozen_preclassifier/label_free_eval.csv
 create mode 100644 results/day19_banking_private_seed2030_canonical_frozen_preclassifier/provenance.json
 create mode 100644 results/day19_banking_private_seed2030_canonical_frozen_preclassifier/routing.csv
 create mode 100644 results/day19_banking_private_seed2030_canonical_frozen_preclassifier/summary.json
 create mode 100644 results/day19_banking_private_seed2031_b_first_frozen_preclassifier/checkpoint/adapters/README.md
 create mode 100644 results/day19_banking_private_seed2031_b_first_frozen_preclassifier/checkpoint/adapters/adapter_1/adapter_config.json
 create mode 100644 results/day19_banking_private_seed2031_b_first_frozen_preclassifier/checkpoint/adapters/adapter_1/adapter_model.safetensors
 create mode 100644 results/day19_banking_private_seed2031_b_first_frozen_preclassifier/checkpoint/adapters/adapter_2/adapter_config.json
 create mode 100644 results/day19_banking_private_seed2031_b_first_frozen_preclassifier/checkpoint/adapters/adapter_2/adapter_model.safetensors
 create mode 100644 results/day19_banking_private_seed2031_b_first_frozen_preclassifier/checkpoint/adapters/adapter_config.json
 create mode 100644 results/day19_banking_private_seed2031_b_first_frozen_preclassifier/checkpoint/adapters/adapter_model.safetensors
 create mode 100644 results/day19_banking_private_seed2031_b_first_frozen_preclassifier/checkpoint/learner_state.pt
 create mode 100644 results/day19_banking_private_seed2031_b_first_frozen_preclassifier/eval_matrix.csv
 create mode 100644 results/day19_banking_private_seed2031_b_first_frozen_preclassifier/events.jsonl
 create mode 100644 results/day19_banking_private_seed2031_b_first_frozen_preclassifier/label_free_eval.csv
 create mode 100644 results/day19_banking_private_seed2031_b_first_frozen_preclassifier/provenance.json
 create mode 100644 results/day19_banking_private_seed2031_b_first_frozen_preclassifier/routing.csv
 create mode 100644 results/day19_banking_private_seed2031_b_first_frozen_preclassifier/summary.json
 create mode 100644 results/day19_banking_private_seed2031_canonical_frozen_preclassifier/checkpoint/adapters/README.md
 create mode 100644 results/day19_banking_private_seed2031_canonical_frozen_preclassifier/checkpoint/adapters/adapter_1/adapter_config.json
 create mode 100644 results/day19_banking_private_seed2031_canonical_frozen_preclassifier/checkpoint/adapters/adapter_1/adapter_model.safetensors
 create mode 100644 results/day19_banking_private_seed2031_canonical_frozen_preclassifier/checkpoint/adapters/adapter_2/adapter_config.json
 create mode 100644 results/day19_banking_private_seed2031_canonical_frozen_preclassifier/checkpoint/adapters/adapter_2/adapter_model.safetensors
 create mode 100644 results/day19_banking_private_seed2031_canonical_frozen_preclassifier/checkpoint/adapters/adapter_config.json
 create mode 100644 results/day19_banking_private_seed2031_canonical_frozen_preclassifier/checkpoint/adapters/adapter_model.safetensors
 create mode 100644 results/day19_banking_private_seed2031_canonical_frozen_preclassifier/checkpoint/learner_state.pt
 create mode 100644 results/day19_banking_private_seed2031_canonical_frozen_preclassifier/eval_matrix.csv
 create mode 100644 results/day19_banking_private_seed2031_canonical_frozen_preclassifier/events.jsonl
 create mode 100644 results/day19_banking_private_seed2031_canonical_frozen_preclassifier/label_free_eval.csv
 create mode 100644 results/day19_banking_private_seed2031_canonical_frozen_preclassifier/provenance.json
 create mode 100644 results/day19_banking_private_seed2031_canonical_frozen_preclassifier/routing.csv
 create mode 100644 results/day19_banking_private_seed2031_canonical_frozen_preclassifier/summary.json
 create mode 100644 results/day19_checkpoint_preservation_manifest.json
 create mode 100644 results/day19_linear_classifier_allocation_pairs.csv
 create mode 100644 results/day19_linear_classifier_deployment.csv
 create mode 100644 results/day19_linear_classifier_prediction_differences.csv
 create mode 100644 results/day19_linear_classifier_trajectories.csv
 create mode 100644 results/day19_reference_replay_head_only_seed2031_b_first/checkpoint/adapters/README.md
 create mode 100644 results/day19_reference_replay_head_only_seed2031_b_first/checkpoint/adapters/adapter_1/adapter_config.json
 create mode 100644 results/day19_reference_replay_head_only_seed2031_b_first/checkpoint/adapters/adapter_1/adapter_model.safetensors
 create mode 100644 results/day19_reference_replay_head_only_seed2031_b_first/checkpoint/adapters/adapter_2/adapter_config.json
 create mode 100644 results/day19_reference_replay_head_only_seed2031_b_first/checkpoint/adapters/adapter_2/adapter_model.safetensors
 create mode 100644 results/day19_reference_replay_head_only_seed2031_b_first/checkpoint/adapters/adapter_config.json
 create mode 100644 results/day19_reference_replay_head_only_seed2031_b_first/checkpoint/adapters/adapter_model.safetensors
 create mode 100644 results/day19_reference_replay_head_only_seed2031_b_first/checkpoint/learner_state.pt
 create mode 100644 results/day19_reference_replay_head_only_seed2031_b_first/eval_matrix.csv
 create mode 100644 results/day19_reference_replay_head_only_seed2031_b_first/events.jsonl
 create mode 100644 results/day19_reference_replay_head_only_seed2031_b_first/label_free_eval.csv
 create mode 100644 results/day19_reference_replay_head_only_seed2031_b_first/provenance.json
 create mode 100644 results/day19_reference_replay_head_only_seed2031_b_first/reference_replay_verification.json
 create mode 100644 results/day19_reference_replay_head_only_seed2031_b_first/routing.csv
 create mode 100644 results/day19_reference_replay_head_only_seed2031_b_first/summary.json
 create mode 100644 src/adapter_pool_frozen_preclassifier.py
RUN git lfs checkout
Checking out LFS objects: 100% (790/790), 6.3 GB | 0 B/s, done.
