step,segment,concept,occurrence,adapter,decision,reason,loss,num_adapters,train_executed,lora_parameters,private_head_parameters,unwrapped_shared_head_parameters,total_unique_parameters,currently_trainable_parameters,optimizer_state_bytes,replay_items,elapsed_seconds,gpu_peak_allocated_bytes,component_audit_seconds,live_training_seconds,evaluation_seconds,memory_budget,allocated_memory_slots,statusquo_loss,fresh_utility,best_reuse_utility,fresh_advantage,fresh_positive,fresh_feasible_both,info
1,B1,B,1,default,warmup,existing_warmup,0.6852201223373413,1,True,147456,592130,0,67694596,592130,4737056,16,12.157728957012296,315129344,0.0,0.3647322030737996,0.0,512,512,,,,,,,"{""best_reuse"": null, ""best_reuse_utility"": null, ""decision"": ""warmup"", ""fresh_positive"": null, ""fresh_utility"": null, ""full_batch_guards"": {}, ""guarded_best_reuse"": null, ""num_adapters"": 1, ""pending_after"": false, ""pending_before"": false, ""policy_version"": ""cau_v1"", ""reason"": ""existing_warmup"", ""utility_status"": ""warmup""}"
2,B1,B,1,default,warmup,existing_warmup,0.7000551223754883,1,True,147456,592130,0,67694596,592130,4737056,32,12.178445840952918,329173504,0.0,0.3807535769883543,0.0,512,512,,,,,,,"{""best_reuse"": null, ""best_reuse_utility"": null, ""decision"": ""warmup"", ""fresh_positive"": null, ""fresh_utility"": null, ""full_batch_guards"": {}, ""guarded_best_reuse"": null, ""num_adapters"": 1, ""pending_after"": false, ""pending_before"": false, ""policy_version"": ""cau_v1"", ""reason"": ""existing_warmup"", ""utility_status"": ""warmup""}"
3,B1,B,1,default,warmup,existing_warmup,0.7120616436004639,1,True,147456,592130,0,67694596,592130,4737056,48,12.195961395045742,329173504,0.0,0.39515602588653564,0.0,512,512,,,,,,,"{""best_reuse"": null, ""best_reuse_utility"": null, ""decision"": ""warmup"", ""fresh_positive"": null, ""fresh_utility"": null, ""full_batch_guards"": {}, ""guarded_best_reuse"": null, ""num_adapters"": 1, ""pending_after"": false, ""pending_before"": false, ""policy_version"": ""cau_v1"", ""reason"": ""existing_warmup"", ""utility_status"": ""warmup""}"
4,B1,B,1,default,warmup,existing_warmup,0.6914346218109131,1,True,147456,592130,0,67694596,592130,4737056,64,12.212887624045834,329173504,0.0,0.40927327587269247,0.0,512,512,,,,,,,"{""best_reuse"": null, ""best_reuse_utility"": null, ""decision"": ""warmup"", ""fresh_positive"": null, ""fresh_utility"": null, ""full_batch_guards"": {}, ""guarded_best_reuse"": null, ""num_adapters"": 1, ""pending_after"": false, ""pending_before"": false, ""policy_version"": ""cau_v1"", ""reason"": ""existing_warmup"", ""utility_status"": ""warmup""}"
5,B1,B,1,default,reuse,safe_existing_reuse,0.6941206455230713,1,True,147456,592130,0,67694596,592130,4737056,80,12.602632598020136,445911040,0.0,0.7961820620112121,0.0,512,512,0.6857450008392334,-0.02610895037651062,-0.005901426076889038,-0.020207524299621582,False,,"{""best_reuse"": ""default"", ""best_reuse_utility"": -0.005901426076889038, ""decision"": ""reuse"", ""fresh_advantage"": -0.020207524299621582, ""fresh_positive"": false, ""fresh_utility"": -0.02610895037651062, ""full_batch_guards"": {""default"": {""crossfit_feasible"": true, ""crossfit_utility"": -0.005901426076889038, ""crossfit_utility_positive"": false, ""full_batch_cur_after"": 0.6825128793716431, ""full_batch_cur_before"": 0.6857450008392334, ""full_batch_gain"": 0.003232121467590332, ""full_batch_harm"": -0.007949190214276314, ""full_batch_harm_lcb"": -0.02002666162326932, ""full_batch_harm_se"": 0.006161975208669901, ""full_batch_harm_ucb"": 0.004128281194716692, ""full_batch_safe"": true}}, ""guarded_best_reuse"": ""default"", ""num_adapters"": 1, ""pending_after"": false, ""pending_before"": false, ""policy_version"": ""cau_v1"", ""reason"": ""safe_existing_reuse"", ""utility"": {""batch_n"": 16, ""best_reuse"": ""default"", ""best_reuse_query_after"": 0.6916464269161224, ""best_reuse_utility"": -0.005901426076889038, ""budget_blocked_fresh"": false, ""defer_utility"": 0.0, ""fold_a_fresh_utility"": -0.052863121032714844, ""fold_a_query_n"": 8, ""fold_a_support_n"": 8, ""fold_b_fresh_utility"": 0.0006452202796936035, ""fold_b_query_n"": 8, ""fold_b_support_n"": 8, ""fresh_advantage"": -0.020207524299621582, ""fresh_local_trainability"": -0.01564544439315796, ""fresh_positive"": false, ""fresh_query_after"": 0.711853951215744, ""fresh_query_before"": 0.6962085068225861, ""fresh_utility"": -0.02610895037651062, ""max_adapters"": 8, ""reuse_profiles"": {""default"": {""feasible_both"": true, ""fold_a_harm"": -0.006856773979961872, ""fold_a_lcb"": -0.015209550764411687, ""fold_a_query_after"": 0.6739356517791748, ""fold_a_utility"": 0.008939146995544434, ""fold_b_harm"": -0.007862105965614319, ""fold_b_lcb"": -0.02468373257666826, ""fold_b_query_after"": 0.7093572020530701, ""fold_b_utility"": -0.02074199914932251, ""harm_lcb_max"": -0.015209550764411687, ""harm_mean"": -0.0073594399727880955, ""harm_se_mean"": 0.006422041682526469, ""harm_ucb_max"": 0.008959520645439624, ""local_trainability"": -0.005901426076889038, ""query_after"": 0.6916464269161224, ""query_before"": 0.6857450008392334, ""system_utility"": -0.005901426076889038}}, ""status"": ""ok"", ""statusquo_loss"": 0.6857450008392334, ""total_memory_budget"": 512}, ""utility_status"": ""ok""}"
6,B1,B,1,default,reuse,safe_existing_reuse,0.663928210735321,1,True,147456,592130,0,67694596,592130,4737056,96,13.006858044071123,445911040,0.0,1.197026093956083,0.0,512,512,0.668599545955658,-0.05391770601272583,0.0011744797229766846,-0.055092185735702515,False,,"{""best_reuse"": ""default"", ""best_reuse_utility"": 0.0011744797229766846, ""decision"": ""reuse"", ""fresh_advantage"": -0.055092185735702515, ""fresh_positive"": false, ""fresh_utility"": -0.05391770601272583, ""full_batch_guards"": {""default"": {""crossfit_feasible"": true, ""crossfit_utility"": 0.0011744797229766846, ""crossfit_utility_positive"": true, ""full_batch_cur_after"": 0.6587170362472534, ""full_batch_cur_before"": 0.6685994863510132, ""full_batch_gain"": 0.009882450103759766, ""full_batch_harm"": -0.010076791979372501, ""full_batch_harm_lcb"": -0.022120489981025455, ""full_batch_harm_se"": 0.006144743878394365, ""full_batch_harm_ucb"": 0.0019669060222804544, ""full_batch_safe"": true}}, ""guarded_best_reuse"": ""default"", ""num_adapters"": 1, ""pending_after"": false, ""pending_before"": false, ""policy_version"": ""cau_v1"", ""reason"": ""safe_existing_reuse"", ""utility"": {""batch_n"": 16, ""best_reuse"": ""default"", ""best_reuse_query_after"": 0.6674250662326813, ""best_reuse_utility"": 0.0011744797229766846, ""budget_blocked_fresh"": false, ""defer_utility"": 0.0, ""fold_a_fresh_utility"": -0.08992975950241089, ""fold_a_query_n"": 8, ""fold_a_support_n"": 8, ""fold_b_fresh_utility"": -0.01790565252304077, ""fold_b_query_n"": 8, ""fold_b_support_n"": 8, ""fresh_advantage"": -0.055092185735702515, ""fresh_local_trainability"": -0.002965390682220459, ""fresh_positive"": false, ""fresh_query_after"": 0.7225172519683838, ""fresh_query_before"": 0.7195518612861633, ""fresh_utility"": -0.05391770601272583, ""max_adapters"": 8, ""reuse_profiles"": {""default"": {""feasible_both"": true, ""fold_a_harm"": -0.007630998268723488, ""fold_a_lcb"": -0.013910439321771264, ""fold_a_query_after"": 0.6270504593849182, ""fold_a_utility"": 0.013488292694091797, ""fold_b_harm"": -0.010273899883031845, ""fold_b_lcb"": -0.024725579582154752, ""fold_b_query_after"": 0.7077996730804443, ""fold_b_utility"": -0.011139333248138428, ""harm_lcb_max"": -0.013910439321771264, ""harm_mean"": -0.008952449075877666, ""harm_se_mean"": 0.005288551212288439, ""harm_ucb_max"": 0.004177779816091061, ""local_trainability"": 0.0011744797229766846, ""query_after"": 0.6674250662326813, ""query_before"": 0.668599545955658, ""system_utility"": 0.0011744797229766846}}, ""status"": ""ok"", ""statusquo_loss"": 0.668599545955658, ""total_memory_budget"": 512}, ""utility_status"": ""ok""}"
7,B1,B,1,default,reuse,pending_fresh_safe_existing_reuse,0.7166619300842285,1,True,147456,592130,0,67694596,592130,4737056,112,13.40108180209063,445911040,0.0,1.587854428915307,0.0,512,512,0.7310238182544708,0.045505911111831665,-0.009247452020645142,0.05475336313247681,True,,"{""best_reuse"": ""default"", ""best_reuse_utility"": -0.009247452020645142, ""decision"": ""reuse"", ""fresh_advantage"": 0.05475336313247681, ""fresh_positive"": true, ""fresh_utility"": 0.045505911111831665, ""full_batch_guards"": {""default"": {""crossfit_feasible"": true, ""crossfit_utility"": -0.009247452020645142, ""crossfit_utility_positive"": false, ""full_batch_cur_after"": 0.7355329394340515, ""full_batch_cur_before"": 0.7310238480567932, ""full_batch_gain"": -0.004509091377258301, ""full_batch_harm"": -0.00508858310058713, ""full_batch_harm_lcb"": -0.009543766388669609, ""full_batch_harm_se"": 0.0022730526980012655, ""full_batch_harm_ucb"": -0.0006333998125046493, ""full_batch_safe"": true}}, ""guarded_best_reuse"": ""default"", ""num_adapters"": 1, ""pending_after"": true, ""pending_before"": false, ""policy_version"": ""cau_v1"", ""reason"": ""pending_fresh_safe_existing_reuse"", ""utility"": {""batch_n"": 16, ""best_reuse"": ""default"", ""best_reuse_query_after"": 0.740271270275116, ""best_reuse_utility"": -0.009247452020645142, ""budget_blocked_fresh"": false, ""defer_utility"": 0.0, ""fold_a_fresh_utility"": -0.006438732147216797, ""fold_a_query_n"": 8, ""fold_a_support_n"": 8, ""fold_b_fresh_utility"": 0.09745055437088013, ""fold_b_query_n"": 8, ""fold_b_support_n"": 8, ""fresh_advantage"": 0.05475336313247681, ""fresh_local_trainability"": -0.006078451871871948, ""fresh_positive"": true, ""fresh_query_after"": 0.6855179071426392, ""fresh_query_before"": 0.6794394552707672, ""fresh_utility"": 0.045505911111831665, ""max_adapters"": 8, ""reuse_profiles"": {""default"": {""feasible_both"": true, ""fold_a_harm"": -0.004979908466339111, ""fold_a_lcb"": -0.00937149508856237, ""fold_a_query_after"": 0.7020162343978882, ""fold_a_utility"": -0.0018749237060546875, ""fold_b_harm"": -0.005386378150433302, ""fold_b_lcb"": -0.011654760064557195, ""fold_b_query_after"": 0.7785263061523438, ""fold_b_utility"": -0.016619980335235596, ""harm_lcb_max"": -0.00937149508856237, ""harm_mean"": -0.005183143308386207, ""harm_se_mean"": 0.0027193797286599874, ""harm_ucb_max"": 0.0008820037636905909, ""local_trainability"": -0.009247452020645142, ""query_after"": 0.740271270275116, ""query_before"": 0.7310238182544708, ""system_utility"": -0.009247452020645142}}, ""status"": ""ok"", ""statusquo_loss"": 0.7310238182544708, ""total_memory_budget"": 512}, ""utility_status"": ""ok""}"
8,B1,B,1,default,reuse,safe_existing_reuse,0.681961178779602,1,True,147456,592130,0,67694596,592130,4737056,128,13.79715512203984,445911040,0.0,1.9802449669223279,0.0,512,512,0.6678014993667603,-0.04459738731384277,0.0024451613426208496,-0.04704254865646362,False,,"{""best_reuse"": ""default"", ""best_reuse_utility"": 0.0024451613426208496, ""decision"": ""reuse"", ""fresh_advantage"": -0.04704254865646362, ""fresh_positive"": false, ""fresh_utility"": -0.04459738731384277, ""full_batch_guards"": {""default"": {""crossfit_feasible"": true, ""crossfit_utility"": 0.0024451613426208496, ""crossfit_utility_positive"": true, ""full_batch_cur_after"": 0.6611950993537903, ""full_batch_cur_before"": 0.6678014993667603, ""full_batch_gain"": 0.006606400012969971, ""full_batch_harm"": -0.002847603987902403, ""full_batch_harm_lcb"": -0.00553842952940613, ""full_batch_harm_se"": 0.0013728701742365956, ""full_batch_harm_ucb"": -0.00015677844639867562, ""full_batch_safe"": true}}, ""guarded_best_reuse"": ""default"", ""num_adapters"": 1, ""pending_after"": false, ""pending_before"": true, ""policy_version"": ""cau_v1"", ""reason"": ""safe_existing_reuse"", ""utility"": {""batch_n"": 16, ""best_reuse"": ""default"", ""best_reuse_query_after"": 0.6653563380241394, ""best_reuse_utility"": 0.0024451613426208496, ""budget_blocked_fresh"": false, ""defer_utility"": 0.0, ""fold_a_fresh_utility"": 0.0005195140838623047, ""fold_a_query_n"": 8, ""fold_a_support_n"": 8, ""fold_b_fresh_utility"": -0.08971428871154785, ""fold_b_query_n"": 8, ""fold_b_support_n"": 8, ""fresh_advantage"": -0.04704254865646362, ""fresh_local_trainability"": 0.00367853045463562, ""fresh_positive"": false, ""fresh_query_after"": 0.712398886680603, ""fresh_query_before"": 0.7160774171352386, ""fresh_utility"": -0.04459738731384277, ""max_adapters"": 8, ""reuse_profiles"": {""default"": {""feasible_both"": true, ""fold_a_harm"": -0.0013645794242620468, ""fold_a_lcb"": -0.007463612398132682, ""fold_a_query_after"": 0.707451581954956, ""fold_a_utility"": -0.0009008646011352539, ""fold_b_harm"": -0.0032448647543787956, ""fold_b_lcb"": -0.004711816704366356, ""fold_b_query_after"": 0.6232610940933228, ""fold_b_utility"": 0.005791187286376953, ""harm_lcb_max"": -0.004711816704366356, ""harm_mean"": -0.0023047220893204212, ""harm_se_mean"": 0.0019300981948617846, ""harm_ucb_max"": 0.004734453549608588, ""local_trainability"": 0.0024451613426208496, ""query_after"": 0.6653563380241394, ""query_before"": 0.6678014993667603, ""system_utility"": 0.0024451613426208496}}, ""status"": ""ok"", ""statusquo_loss"": 0.6678014993667603, ""total_memory_budget"": 512}, ""utility_status"": ""ok""}"
9,B1,B,1,default,reuse,pending_fresh_safe_existing_reuse,0.7272069454193115,1,True,147456,592130,0,67694596,592130,4737056,144,14.184020727174357,445911040,0.0,2.3623947508167475,0.0,512,512,0.7300956845283508,0.0486639142036438,0.004554152488708496,0.0441097617149353,True,,"{""best_reuse"": ""default"", ""best_reuse_utility"": 0.004554152488708496, ""decision"": ""reuse"", ""fresh_advantage"": 0.0441097617149353, ""fresh_positive"": true, ""fresh_utility"": 0.0486639142036438, ""full_batch_guards"": {""default"": {""crossfit_feasible"": true, ""crossfit_utility"": 0.004554152488708496, ""crossfit_utility_positive"": true, ""full_batch_cur_after"": 0.7200143337249756, ""full_batch_cur_before"": 0.730095624923706, ""full_batch_gain"": 0.010081291198730469, ""full_batch_harm"": -0.005463894922286272, ""full_batch_harm_lcb"": -0.008307246589101851, ""full_batch_harm_se"": 0.0014506896259263158, ""full_batch_harm_ucb"": -0.002620543255470693, ""full_batch_safe"": true}}, ""guarded_best_reuse"": ""default"", ""num_adapters"": 1, ""pending_after"": true, ""pending_before"": false, ""policy_version"": ""cau_v1"", ""reason"": ""pending_fresh_safe_existing_reuse"", ""utility"": {""batch_n"": 16, ""best_reuse"": ""default"", ""best_reuse_query_after"": 0.7255415320396423, ""best_reuse_utility"": 0.004554152488708496, ""budget_blocked_fresh"": false, ""defer_utility"": 0.0, ""fold_a_fresh_utility"": 0.13149118423461914, ""fold_a_query_n"": 8, ""fold_a_support_n"": 8, ""fold_b_fresh_utility"": -0.03416335582733154, ""fold_b_query_n"": 8, ""fold_b_support_n"": 8, ""fresh_advantage"": 0.0441097617149353, ""fresh_local_trainability"": -0.010579824447631836, ""fresh_positive"": true, ""fresh_query_after"": 0.681431770324707, ""fresh_query_before"": 0.6708519458770752, ""fresh_utility"": 0.0486639142036438, ""max_adapters"": 8, ""reuse_profiles"": {""default"": {""feasible_both"": true, ""fold_a_harm"": -0.0036556762643158436, ""fold_a_lcb"": -0.0048194062616676095, ""fold_a_query_after"": 0.7674769163131714, ""fold_a_utility"": 0.005367755889892578, ""fold_b_harm"": -0.005445270799100399, ""fold_b_lcb"": -0.008359733130782842, ""fold_b_query_after"": 0.6836061477661133, ""fold_b_utility"": 0.003740549087524414, ""harm_lcb_max"": -0.0048194062616676095, ""harm_mean"": -0.004550473531708121, ""harm_se_mean"": 0.0010403551859781146, ""harm_ucb_max"": -0.0024919462669640777, ""local_trainability"": 0.004554152488708496, ""query_after"": 0.7255415320396423, ""query_before"": 0.7300956845283508, ""system_utility"": 0.004554152488708496}}, ""status"": ""ok"", ""statusquo_loss"": 0.7300956845283508, ""total_memory_budget"": 512}, ""utility_status"": ""ok""}"
10,B1,B,1,default,reuse,safe_existing_reuse,0.7102755308151245,1,True,147456,592130,0,67694596,592130,4737056,160,14.577880254946649,445911040,0.0,2.7526433097664267,0.0,512,512,0.6688303351402283,-0.09715995192527771,-0.0030323565006256104,-0.0941275954246521,False,,"{""best_reuse"": ""default"", ""best_reuse_utility"": -0.0030323565006256104, ""decision"": ""reuse"", ""fresh_advantage"": -0.0941275954246521, ""fresh_positive"": false, ""fresh_utility"": -0.09715995192527771, ""full_batch_guards"": {""default"": {""crossfit_feasible"": true, ""crossfit_utility"": -0.0030323565006256104, ""crossfit_utility_positive"": false, ""full_batch_cur_after"": 0.6539580225944519, ""full_batch_cur_before"": 0.6688302755355835, ""full_batch_gain"": 0.014872252941131592, ""full_batch_harm"": -0.0031459685415029526, ""full_batch_harm_lcb"": -0.009480480765923859, ""full_batch_harm_se"": 0.003231893992051482, ""full_batch_harm_ucb"": 0.0031885436829179525, ""full_batch_safe"": true}}, ""guarded_best_reuse"": ""default"", ""num_adapters"": 1, ""pending_after"": false, ""pending_before"": true, ""policy_version"": ""cau_v1"", ""reason"": ""safe_existing_reuse"", ""utility"": {""batch_n"": 16, ""best_reuse"": ""default"", ""best_reuse_query_after"": 0.6718626916408539, ""best_reuse_utility"": -0.0030323565006256104, ""budget_blocked_fresh"": false, ""defer_utility"": 0.0, ""fold_a_fresh_utility"": -0.24822473526000977, ""fold_a_query_n"": 8, ""fold_a_support_n"": 8, ""fold_b_fresh_utility"": 0.053904831409454346, ""fold_b_query_n"": 8, ""fold_b_support_n"": 8, ""fresh_advantage"": -0.0941275954246521, ""fresh_local_trainability"": -0.08457013964653015, ""fresh_positive"": false, ""fresh_query_after"": 0.765990287065506, ""fresh_query_before"": 0.6814201474189758, ""fresh_utility"": -0.09715995192527771, ""max_adapters"": 8, ""reuse_profiles"": {""default"": {""feasible_both"": true, ""fold_a_harm"": -0.002884361892938614, ""fold_a_lcb"": -0.009715747255831957, ""fold_a_query_after"": 0.565377950668335, ""fold_a_utility"": -0.004062354564666748, ""fold_b_harm"": -0.004101837519556284, ""fold_b_lcb"": -0.00624500134959817, ""fold_b_query_after"": 0.7783474326133728, ""fold_b_utility"": -0.0020023584365844727, ""harm_lcb_max"": -0.00624500134959817, ""harm_mean"": -0.003493099706247449, ""harm_se_mean"": 0.002289425814524293, ""harm_ucb_max"": 0.003947023469954729, ""local_trainability"": -0.0030323565006256104, ""query_after"": 0.6718626916408539, ""query_before"": 0.6688303351402283, ""system_utility"": -0.0030323565006256104}}, ""status"": ""ok"", ""statusquo_loss"": 0.6688303351402283, ""total_memory_budget"": 512}, ""utility_status"": ""ok""}"
11,B1,B,1,default,reuse,pending_fresh_safe_existing_reuse,0.7416905164718628,1,True,147456,592130,0,67694596,592130,4737056,176,14.977293448057026,445911040,0.0,3.1479573387186974,0.0,512,512,0.7379042506217957,0.08708015084266663,0.020847588777542114,0.06623256206512451,True,,"{""best_reuse"": ""default"", ""best_reuse_utility"": 0.020847588777542114, ""decision"": ""reuse"", ""fresh_advantage"": 0.06623256206512451, ""fresh_positive"": true, ""fresh_utility"": 0.08708015084266663, ""full_batch_guards"": {""default"": {""crossfit_feasible"": true, ""crossfit_utility"": 0.020847588777542114, ""crossfit_utility_positive"": true, ""full_batch_cur_after"": 0.7147674560546875, ""full_batch_cur_before"": 0.7379043102264404, ""full_batch_gain"": 0.02313685417175293, ""full_batch_harm"": -0.008529888466000557, ""full_batch_harm_lcb"": -0.018403321951627732, ""full_batch_harm_se"": 0.005037466064095497, ""full_batch_harm_ucb"": 0.0013435450196266178, ""full_batch_safe"": true}}, ""guarded_best_reuse"": ""default"", ""num_adapters"": 1, ""pending_after"": true, ""pending_before"": false, ""policy_version"": ""cau_v1"", ""reason"": ""pending_fresh_safe_existing_reuse"", ""utility"": {""batch_n"": 16, ""best_reuse"": ""default"", ""best_reuse_query_after"": 0.7170566618442535, ""best_reuse_utility"": 0.020847588777542114, ""budget_blocked_fresh"": false, ""defer_utility"": 0.0, ""fold_a_fresh_utility"": 0.1100924015045166, ""fold_a_query_n"": 8, ""fold_a_support_n"": 8, ""fold_b_fresh_utility"": 0.06406790018081665, ""fold_b_query_n"": 8, ""fold_b_support_n"": 8, ""fresh_advantage"": 0.06623256206512451, ""fresh_local_trainability"": 0.018192380666732788, ""fresh_positive"": true, ""fresh_query_after"": 0.650824099779129, ""fresh_query_before"": 0.6690164804458618, ""fresh_utility"": 0.08708015084266663, ""max_adapters"": 8, ""reuse_profiles"": {""default"": {""feasible_both"": true, ""fold_a_harm"": -0.008056895807385445, ""fold_a_lcb"": -0.017173571866005658, ""fold_a_query_after"": 0.7172449827194214, ""fold_a_utility"": 0.02744424343109131, ""fold_b_harm"": -0.008530586957931519, ""fold_b_lcb"": -0.018329219520092012, ""fold_b_query_after"": 0.7168683409690857, ""fold_b_utility"": 0.01425093412399292, ""harm_lcb_max"": -0.017173571866005658, ""harm_mean"": -0.008293741382658482, ""harm_se_mean"": 0.004825333831831813, ""harm_ucb_max"": 0.001268045604228973, ""local_trainability"": 0.020847588777542114, ""query_after"": 0.7170566618442535, ""query_before"": 0.7379042506217957, ""system_utility"": 0.020847588777542114}}, ""status"": ""ok"", ""statusquo_loss"": 0.7379042506217957, ""total_memory_budget"": 512}, ""utility_status"": ""ok""}"
12,B1,B,1,default,reuse,safe_existing_reuse,0.6527001261711121,1,True,147456,592130,0,67694596,592130,4737056,192,15.42700491216965,445911040,0.0,3.5932420797180384,0.0,512,512,0.6666002869606018,-0.03269082307815552,-0.0012785792350769043,-0.03141224384307861,False,,"{""best_reuse"": ""default"", ""best_reuse_utility"": -0.0012785792350769043, ""decision"": ""reuse"", ""fresh_advantage"": -0.03141224384307861, ""fresh_positive"": false, ""fresh_utility"": -0.03269082307815552, ""full_batch_guards"": {""default"": {""crossfit_feasible"": true, ""crossfit_utility"": -0.0012785792350769043, ""crossfit_utility_positive"": false, ""full_batch_cur_after"": 0.6655482053756714, ""full_batch_cur_before"": 0.6666003465652466, ""full_batch_gain"": 0.0010521411895751953, ""full_batch_harm"": -0.0023579872213304043, ""full_batch_harm_lcb"": -0.00894350228831172, ""full_batch_harm_se"": 0.003359956666827202, ""full_batch_harm_ucb"": 0.004227527845650911, ""full_batch_safe"": true}}, ""guarded_best_reuse"": ""default"", ""num_adapters"": 1, ""pending_after"": false, ""pending_before"": true, ""policy_version"": ""cau_v1"", ""reason"": ""safe_existing_reuse"", ""utility"": {""batch_n"": 16, ""best_reuse"": ""default"", ""best_reuse_query_after"": 0.6678788661956787, ""best_reuse_utility"": -0.0012785792350769043, ""budget_blocked_fresh"": false, ""defer_utility"": 0.0, ""fold_a_fresh_utility"": -0.04211467504501343, ""fold_a_query_n"": 8, ""fold_a_support_n"": 8, ""fold_b_fresh_utility"": -0.023266971111297607, ""fold_b_query_n"": 8, ""fold_b_support_n"": 8, ""fresh_advantage"": -0.03141224384307861, ""fresh_local_trainability"": 0.02136993408203125, ""fresh_positive"": false, ""fresh_query_after"": 0.6992911100387573, ""fresh_query_before"": 0.7206610441207886, ""fresh_utility"": -0.03269082307815552, ""max_adapters"": 8, ""reuse_profiles"": {""default"": {""feasible_both"": true, ""fold_a_harm"": -0.002047826535999775, ""fold_a_lcb"": -0.00941568098962307, ""fold_a_query_after"": 0.6599811315536499, ""fold_a_utility"": -0.0030046701431274414, ""fold_b_harm"": -0.0025439485907554626, ""fold_b_lcb"": -0.008168596802279354, ""fold_b_query_after"": 0.6757766008377075, ""fold_b_utility"": 0.0004475116729736328, ""harm_lcb_max"": -0.008168596802279354, ""harm_mean"": -0.002295887563377619, ""harm_se_mean"": 0.0033144139451906085, ""harm_ucb_max"": 0.0053200279176235194, ""local_trainability"": -0.0012785792350769043, ""query_after"": 0.6678788661956787, ""query_before"": 0.6666002869606018, ""system_utility"": -0.0012785792350769043}}, ""status"": ""ok"", ""statusquo_loss"": 0.6666002869606018, ""total_memory_budget"": 512}, ""utility_status"": ""ok""}"
13,B1,B,1,default,reuse,safe_existing_reuse,0.6762841939926147,1,True,147456,592130,0,67694596,592130,4737056,208,15.832743079168722,445911040,0.0,3.994763790629804,0.0,512,512,0.6718541979789734,-0.057236701250076294,0.0019742250442504883,-0.05921092629432678,False,,"{""best_reuse"": ""default"", ""best_reuse_utility"": 0.0019742250442504883, ""decision"": ""reuse"", ""fresh_advantage"": -0.05921092629432678, ""fresh_positive"": false, ""fresh_utility"": -0.057236701250076294, ""full_batch_guards"": {""default"": {""crossfit_feasible"": true, ""crossfit_utility"": 0.0019742250442504883, ""crossfit_utility_positive"": true, ""full_batch_cur_after"": 0.6608444452285767, ""full_batch_cur_before"": 0.6718541383743286, ""full_batch_gain"": 0.011009693145751953, ""full_batch_harm"": -0.006201935466378927, ""full_batch_harm_lcb"": -0.015143298115581273, ""full_batch_harm_se"": 0.004561919718980789, ""full_batch_harm_ucb"": 0.0027394271828234187, ""full_batch_safe"": true}}, ""guarded_best_reuse"": ""default"", ""num_adapters"": 1, ""pending_after"": false, ""pending_before"": false, ""policy_version"": ""cau_v1"", ""reason"": ""safe_existing_reuse"", ""utility"": {""batch_n"": 16, ""best_reuse"": ""default"", ""best_reuse_query_after"": 0.6698799729347229, ""best_reuse_utility"": 0.0019742250442504883, ""budget_blocked_fresh"": false, ""defer_utility"": 0.0, ""fold_a_fresh_utility"": -0.12365156412124634, ""fold_a_query_n"": 8, ""fold_a_support_n"": 8, ""fold_b_fresh_utility"": 0.00917816162109375, ""fold_b_query_n"": 8, ""fold_b_support_n"": 8, ""fresh_advantage"": -0.05921092629432678, ""fresh_local_trainability"": -0.039694637060165405, ""fresh_positive"": false, ""fresh_query_after"": 0.7290908992290497, ""fresh_query_before"": 0.6893962621688843, ""fresh_utility"": -0.057236701250076294, ""max_adapters"": 8, ""reuse_profiles"": {""default"": {""feasible_both"": true, ""fold_a_harm"": -0.006145901512354612, ""fold_a_lcb"": -0.015937663298100233, ""fold_a_query_after"": 0.6433941125869751, ""fold_a_utility"": -0.006625533103942871, ""fold_b_harm"": -0.004574943799525499, ""fold_b_lcb"": -0.008091861326247453, ""fold_b_query_after"": 0.6963658332824707, ""fold_b_utility"": 0.010573983192443848, ""harm_lcb_max"": -0.008091861326247453, ""harm_mean"": -0.005360422655940056, ""harm_se_mean"": 0.003395071253180504, ""harm_ucb_max"": 0.0036458602733910085, ""local_trainability"": 0.0019742250442504883, ""query_after"": 0.6698799729347229, ""query_before"": 0.6718541979789734, ""system_utility"": 0.0019742250442504883}}, ""status"": ""ok"", ""statusquo_loss"": 0.6718541979789734, ""total_memory_budget"": 512}, ""utility_status"": ""ok""}"
14,B1,B,1,default,reuse,safe_existing_reuse,0.6598467826843262,1,True,147456,592130,0,67694596,592130,4737056,224,16.233685763087124,445911040,0.0,4.3920391637366265,0.0,512,512,0.655714601278305,-0.046737611293792725,0.0011373460292816162,-0.04787495732307434,False,,"{""best_reuse"": ""default"", ""best_reuse_utility"": 0.0011373460292816162, ""decision"": ""reuse"", ""fresh_advantage"": -0.04787495732307434, ""fresh_positive"": false, ""fresh_utility"": -0.046737611293792725, ""full_batch_guards"": {""default"": {""crossfit_feasible"": true, ""crossfit_utility"": 0.0011373460292816162, ""crossfit_utility_positive"": true, ""full_batch_cur_after"": 0.652090847492218, ""full_batch_cur_before"": 0.6557146310806274, ""full_batch_gain"": 0.003623783588409424, ""full_batch_harm"": -0.00032369885593652725, ""full_batch_harm_lcb"": -0.00721717813052237, ""full_batch_harm_se"": 0.0035170812625437975, ""full_batch_harm_ucb"": 0.006569780418649316, ""full_batch_safe"": true}}, ""guarded_best_reuse"": ""default"", ""num_adapters"": 1, ""pending_after"": false, ""pending_before"": false, ""policy_version"": ""cau_v1"", ""reason"": ""safe_existing_reuse"", ""utility"": {""batch_n"": 16, ""best_reuse"": ""default"", ""best_reuse_query_after"": 0.6545772552490234, ""best_reuse_utility"": 0.0011373460292816162, ""budget_blocked_fresh"": false, ""defer_utility"": 0.0, ""fold_a_fresh_utility"": -0.029679596424102783, ""fold_a_query_n"": 8, ""fold_a_support_n"": 8, ""fold_b_fresh_utility"": -0.06379562616348267, ""fold_b_query_n"": 8, ""fold_b_support_n"": 8, ""fresh_advantage"": -0.04787495732307434, ""fresh_local_trainability"": 0.007628709077835083, ""fresh_positive"": false, ""fresh_query_after"": 0.7024522125720978, ""fresh_query_before"": 0.7100809216499329, ""fresh_utility"": -0.046737611293792725, ""max_adapters"": 8, ""reuse_profiles"": {""default"": {""feasible_both"": true, ""fold_a_harm"": -0.0009998539462685585, ""fold_a_lcb"": -0.006755605936050415, ""fold_a_query_after"": 0.6649132966995239, ""fold_a_utility"": 0.003869175910949707, ""fold_b_harm"": 0.0006133662536740303, ""fold_b_lcb"": -0.007364539764821529, ""fold_b_query_after"": 0.644241213798523, ""fold_b_utility"": -0.0015944838523864746, ""harm_lcb_max"": -0.006755605936050415, ""harm_mean"": -0.0001932438462972641, ""harm_se_mean"": 0.003503484185785055, ""harm_ucb_max"": 0.00859127227216959, ""local_trainability"": 0.0011373460292816162, ""query_after"": 0.6545772552490234, ""query_before"": 0.655714601278305, ""system_utility"": 0.0011373460292816162}}, ""status"": ""ok"", ""statusquo_loss"": 0.655714601278305, ""total_memory_budget"": 512}, ""utility_status"": ""ok""}"
15,B1,B,1,default,reuse,safe_existing_reuse,0.6621480584144592,1,True,147456,592130,0,67694596,592130,4737056,240,16.639374789083377,445911040,0.0,4.79399958672002,0.0,512,512,0.6428572833538055,-0.050159603357315063,0.010117530822753906,-0.06027713418006897,False,,"{""best_reuse"": ""default"", ""best_reuse_utility"": 0.010117530822753906, ""decision"": ""reuse"", ""fresh_advantage"": -0.06027713418006897, ""fresh_positive"": false, ""fresh_utility"": -0.050159603357315063, ""full_batch_guards"": {""default"": {""crossfit_feasible"": true, ""crossfit_utility"": 0.010117530822753906, ""crossfit_utility_positive"": true, ""full_batch_cur_after"": 0.6289076805114746, ""full_batch_cur_before"": 0.6428573131561279, ""full_batch_gain"": 0.01394963264465332, ""full_batch_harm"": 1.8184073269367218e-05, ""full_batch_harm_lcb"": -0.008933791406452656, ""full_batch_harm_se"": 0.004567334428429604, ""full_batch_harm_ucb"": 0.00897015955299139, ""full_batch_safe"": true}}, ""guarded_best_reuse"": ""default"", ""num_adapters"": 1, ""pending_after"": false, ""pending_before"": false, ""policy_version"": ""cau_v1"", ""reason"": ""safe_existing_reuse"", ""utility"": {""batch_n"": 16, ""best_reuse"": ""default"", ""best_reuse_query_after"": 0.6327397525310516, ""best_reuse_utility"": 0.010117530822753906, ""budget_blocked_fresh"": false, ""defer_utility"": 0.0, ""fold_a_fresh_utility"": -0.057667434215545654, ""fold_a_query_n"": 8, ""fold_a_support_n"": 8, ""fold_b_fresh_utility"": -0.04265177249908447, ""fold_b_query_n"": 8, ""fold_b_support_n"": 8, ""fresh_advantage"": -0.06027713418006897, ""fresh_local_trainability"": -0.011573255062103271, ""fresh_positive"": false, ""fresh_query_after"": 0.6930168867111206, ""fresh_query_before"": 0.6814436316490173, ""fresh_utility"": -0.050159603357315063, ""max_adapters"": 8, ""reuse_profiles"": {""default"": {""feasible_both"": true, ""fold_a_harm"": 0.00030629243701696396, ""fold_a_lcb"": -0.009126591756939887, ""fold_a_query_after"": 0.6539991497993469, ""fold_a_utility"": 0.001571953296661377, ""fold_b_harm"": -0.0013882406055927277, ""fold_b_lcb"": -0.0075280523858964445, ""fold_b_query_after"": 0.6114803552627563, ""fold_b_utility"": 0.018663108348846436, ""harm_lcb_max"": -0.0075280523858964445, ""harm_mean"": -0.0005409740842878819, ""harm_se_mean"": 0.003972626524046063, ""harm_ucb_max"": 0.009739176630973815, ""local_trainability"": 0.010117530822753906, ""query_after"": 0.6327397525310516, ""query_before"": 0.6428572833538055, ""system_utility"": 0.010117530822753906}}, ""status"": ""ok"", ""statusquo_loss"": 0.6428572833538055, ""total_memory_budget"": 512}, ""utility_status"": ""ok""}"
16,B1,B,1,default,reuse,safe_existing_reuse,0.6733239889144897,1,True,147456,592130,0,67694596,592130,4737056,256,17.03586582117714,445911040,0.0,5.184512972598895,0.0,512,512,0.6698015630245209,-0.0966566801071167,-0.011146724224090576,-0.08550995588302612,False,,"{""best_reuse"": ""default"", ""best_reuse_utility"": -0.011146724224090576, ""decision"": ""reuse"", ""fresh_advantage"": -0.08550995588302612, ""fresh_positive"": false, ""fresh_utility"": -0.0966566801071167, ""full_batch_guards"": {""default"": {""crossfit_feasible"": true, ""crossfit_utility"": -0.011146724224090576, ""crossfit_utility_positive"": false, ""full_batch_cur_after"": 0.6709100008010864, ""full_batch_cur_before"": 0.6698015928268433, ""full_batch_gain"": -0.001108407974243164, ""full_batch_harm"": -0.0007027885876595974, ""full_batch_harm_lcb"": -0.0060105774551630015, ""full_batch_harm_se"": 0.002708055544644594, ""full_batch_harm_ucb"": 0.004605000279843807, ""full_batch_safe"": true}}, ""guarded_best_reuse"": ""default"", ""num_adapters"": 1, ""pending_after"": false, ""pending_before"": false, ""policy_version"": ""cau_v1"", ""reason"": ""safe_existing_reuse"", ""utility"": {""batch_n"": 16, ""best_reuse"": ""default"", ""best_reuse_query_after"": 0.6809482872486115, ""best_reuse_utility"": -0.011146724224090576, ""budget_blocked_fresh"": false, ""defer_utility"": 0.0, ""fold_a_fresh_utility"": -0.1444239616394043, ""fold_a_query_n"": 8, ""fold_a_support_n"": 8, ""fold_b_fresh_utility"": -0.0488893985748291, ""fold_b_query_n"": 8, ""fold_b_support_n"": 8, ""fresh_advantage"": -0.08550995588302612, ""fresh_local_trainability"": -0.044984638690948486, ""fresh_positive"": false, ""fresh_query_after"": 0.7664582431316376, ""fresh_query_before"": 0.7214736044406891, ""fresh_utility"": -0.0966566801071167, ""max_adapters"": 8, ""reuse_profiles"": {""default"": {""feasible_both"": true, ""fold_a_harm"": 0.0025575412437319756, ""fold_a_lcb"": -0.0075755205191671855, ""fold_a_query_after"": 0.7023167610168457, ""fold_a_utility"": -0.02834099531173706, ""fold_b_harm"": -0.0010681566782295704, ""fold_b_lcb"": -0.005616453681141138, ""fold_b_query_after"": 0.6595798134803772, ""fold_b_utility"": 0.006047546863555908, ""harm_lcb_max"": -0.005616453681141138, ""harm_mean"": 0.0007446922827512026, ""harm_se_mean"": 0.0037452445831149817, ""harm_ucb_max"": 0.012690603006631137, ""local_trainability"": -0.011146724224090576, ""query_after"": 0.6809482872486115, ""query_before"": 0.6698015630245209, ""system_utility"": -0.011146724224090576}}, ""status"": ""ok"", ""statusquo_loss"": 0.6698015630245209, ""total_memory_budget"": 512}, ""utility_status"": ""ok""}"
17,A1,A,1,default,reuse,safe_existing_reuse,0.6293189525604248,1,True,147456,592130,0,67694596,592130,4737056,272,18.02301702601835,486254080,0.0,5.58680047467351,0.5810106969438493,512,512,0.6323145627975464,-0.06223243474960327,0.001082003116607666,-0.06331443786621094,False,,"{""best_reuse"": ""default"", ""best_reuse_utility"": 0.001082003116607666, ""decision"": ""reuse"", ""fresh_advantage"": -0.06331443786621094, ""fresh_positive"": false, ""fresh_utility"": -0.06223243474960327, ""full_batch_guards"": {""default"": {""crossfit_feasible"": true, ""crossfit_utility"": 0.001082003116607666, ""crossfit_utility_positive"": true, ""full_batch_cur_after"": 0.6289624571800232, ""full_batch_cur_before"": 0.6323145031929016, ""full_batch_gain"": 0.003352046012878418, ""full_batch_harm"": -0.0012914841063320637, ""full_batch_harm_lcb"": -0.00469590955413878, ""full_batch_harm_se"": 0.0017369517590850592, ""full_batch_harm_ucb"": 0.002112941341474652, ""full_batch_safe"": true}}, ""guarded_best_reuse"": ""default"", ""num_adapters"": 1, ""pending_after"": false, ""pending_before"": false, ""policy_version"": ""cau_v1"", ""reason"": ""safe_existing_reuse"", ""utility"": {""batch_n"": 16, ""best_reuse"": ""default"", ""best_reuse_query_after"": 0.6312325596809387, ""best_reuse_utility"": 0.001082003116607666, ""budget_blocked_fresh"": false, ""defer_utility"": 0.0, ""fold_a_fresh_utility"": -0.08567595481872559, ""fold_a_query_n"": 8, ""fold_a_support_n"": 8, ""fold_b_fresh_utility"": -0.03878891468048096, ""fold_b_query_n"": 8, ""fold_b_support_n"": 8, ""fresh_advantage"": -0.06331443786621094, ""fresh_local_trainability"": 0.005297601222991943, ""fresh_positive"": false, ""fresh_query_after"": 0.6945469975471497, ""fresh_query_before"": 0.6998445987701416, ""fresh_utility"": -0.06223243474960327, ""max_adapters"": 8, ""reuse_profiles"": {""default"": {""feasible_both"": true, ""fold_a_harm"": -0.00013266364112496376, ""fold_a_lcb"": -0.004578974153846502, ""fold_a_query_after"": 0.6116929054260254, ""fold_a_utility"": 0.00018548965454101562, ""fold_b_harm"": -0.0018154247663915157, ""fold_b_lcb"": -0.00437175152823329, ""fold_b_query_after"": 0.650772213935852, ""fold_b_utility"": 0.0019785165786743164, ""harm_lcb_max"": -0.00437175152823329, ""harm_mean"": -0.0009740442037582397, ""harm_se_mean"": 0.0017863870598375797, ""harm_ucb_max"": 0.004313646871596574, ""local_trainability"": 0.001082003116607666, ""query_after"": 0.6312325596809387, ""query_before"": 0.6323145627975464, ""system_utility"": 0.001082003116607666}}, ""status"": ""ok"", ""statusquo_loss"": 0.6323145627975464, ""total_memory_budget"": 512}, ""utility_status"": ""ok""}"
18,A1,A,1,default,reuse,safe_existing_reuse,0.6917403936386108,1,True,147456,592130,0,67694596,592130,4737056,288,18.426370586967096,486254080,0.0,5.9860515128821135,0.5810106969438493,512,512,0.6682794988155365,-0.05344343185424805,-0.001999586820602417,-0.05144384503364563,False,,"{""best_reuse"": ""default"", ""best_reuse_utility"": -0.001999586820602417, ""decision"": ""reuse"", ""fresh_advantage"": -0.05144384503364563, ""fresh_positive"": false, ""fresh_utility"": -0.05344343185424805, ""full_batch_guards"": {""default"": {""crossfit_feasible"": true, ""crossfit_utility"": -0.001999586820602417, ""crossfit_utility_positive"": false, ""full_batch_cur_after"": 0.6642600297927856, ""full_batch_cur_before"": 0.6682794690132141, ""full_batch_gain"": 0.004019439220428467, ""full_batch_harm"": -0.0011839363723993301, ""full_batch_harm_lcb"": -0.0057075549848377705, ""full_batch_harm_se"": 0.0023079686798155308, ""full_batch_harm_ucb"": 0.00333968224003911, ""full_batch_safe"": true}}, ""guarded_best_reuse"": ""default"", ""num_adapters"": 1, ""pending_after"": false, ""pending_before"": false, ""policy_version"": ""cau_v1"", ""reason"": ""safe_existing_reuse"", ""utility"": {""batch_n"": 16, ""best_reuse"": ""default"", ""best_reuse_query_after"": 0.6702790856361389, ""best_reuse_utility"": -0.001999586820602417, ""budget_blocked_fresh"": false, ""defer_utility"": 0.0, ""fold_a_fresh_utility"": -0.055541276931762695, ""fold_a_query_n"": 8, ""fold_a_support_n"": 8, ""fold_b_fresh_utility"": -0.0513455867767334, ""fold_b_query_n"": 8, ""fold_b_support_n"": 8, ""fresh_advantage"": -0.05144384503364563, ""fresh_local_trainability"": -0.0356619656085968, ""fresh_positive"": false, ""fresh_query_after"": 0.7217229306697845, ""fresh_query_before"": 0.6860609650611877, ""fresh_utility"": -0.05344343185424805, ""max_adapters"": 8, ""reuse_profiles"": {""default"": {""feasible_both"": true, ""fold_a_harm"": -0.00046739261597394943, ""fold_a_lcb"": -0.006365610994398594, ""fold_a_query_after"": 0.7092025279998779, ""fold_a_utility"": -0.004603862762451172, ""fold_b_harm"": -0.002816437743604183, ""fold_b_lcb"": -0.004248451229650527, ""fold_b_query_after"": 0.6313556432723999, ""fold_b_utility"": 0.0006046891212463379, ""harm_lcb_max"": -0.004248451229650527, ""harm_mean"": -0.0016419151797890663, ""harm_se_mean"": 0.0018699571082834154, ""harm_ucb_max"": 0.005430825762450695, ""local_trainability"": -0.001999586820602417, ""query_after"": 0.6702790856361389, ""query_before"": 0.6682794988155365, ""system_utility"": -0.001999586820602417}}, ""status"": ""ok"", ""statusquo_loss"": 0.6682794988155365, ""total_memory_budget"": 512}, ""utility_status"": ""ok""}"
19,A1,A,1,default,reuse,safe_existing_reuse,0.6167484521865845,1,True,147456,592130,0,67694596,592130,4737056,304,18.8321715160273,486254080,0.0,6.387915872735903,0.5810106969438493,512,512,0.6240160465240479,-0.06876876950263977,0.0006186962127685547,-0.06938746571540833,False,,"{""best_reuse"": ""default"", ""best_reuse_utility"": 0.0006186962127685547, ""decision"": ""reuse"", ""fresh_advantage"": -0.06938746571540833, ""fresh_positive"": false, ""fresh_utility"": -0.06876876950263977, ""full_batch_guards"": {""default"": {""crossfit_feasible"": true, ""crossfit_utility"": 0.0006186962127685547, ""crossfit_utility_positive"": true, ""full_batch_cur_after"": 0.6204814910888672, ""full_batch_cur_before"": 0.6240160465240479, ""full_batch_gain"": 0.003534555435180664, ""full_batch_harm"": -0.002145713660866022, ""full_batch_harm_lcb"": -0.00450381925329566, ""full_batch_harm_se"": 0.0012031150981783867, ""full_batch_harm_ucb"": 0.00021239193156361589, ""full_batch_safe"": true}}, ""guarded_best_reuse"": ""default"", ""num_adapters"": 1, ""pending_after"": false, ""pending_before"": false, ""policy_version"": ""cau_v1"", ""reason"": ""safe_existing_reuse"", ""utility"": {""batch_n"": 16, ""best_reuse"": ""default"", ""best_reuse_query_after"": 0.6233973503112793, ""best_reuse_utility"": 0.0006186962127685547, ""budget_blocked_fresh"": false, ""defer_utility"": 0.0, ""fold_a_fresh_utility"": -0.0777592658996582, ""fold_a_query_n"": 8, ""fold_a_support_n"": 8, ""fold_b_fresh_utility"": -0.05977827310562134, ""fold_b_query_n"": 8, ""fold_b_support_n"": 8, ""fresh_advantage"": -0.06938746571540833, ""fresh_local_trainability"": 0.007486432790756226, ""fresh_positive"": false, ""fresh_query_after"": 0.6927848160266876, ""fresh_query_before"": 0.7002712488174438, ""fresh_utility"": -0.06876876950263977, ""max_adapters"": 8, ""reuse_profiles"": {""default"": {""feasible_both"": true, ""fold_a_harm"": -0.0022942908108234406, ""fold_a_lcb"": -0.00409732474014163, ""fold_a_query_after"": 0.5990066528320312, ""fold_a_utility"": 0.001889944076538086, ""fold_b_harm"": -0.0014832760207355022, ""fold_b_lcb"": -0.005221416940912604, ""fold_b_query_after"": 0.6477880477905273, ""fold_b_utility"": -0.0006525516510009766, ""harm_lcb_max"": -0.00409732474014163, ""harm_mean"": -0.0018887834157794714, ""harm_se_mean"": 0.00141356501262635, ""harm_ucb_max"": 0.0022548648994416, ""local_trainability"": 0.0006186962127685547, ""query_after"": 0.6233973503112793, ""query_before"": 0.6240160465240479, ""system_utility"": 0.0006186962127685547}}, ""status"": ""ok"", ""statusquo_loss"": 0.6240160465240479, ""total_memory_budget"": 512}, ""utility_status"": ""ok""}"
20,A1,A,1,default,reuse,safe_existing_reuse,0.6380407810211182,1,True,147456,592130,0,67694596,592130,4737056,320,19.23806112795137,486254080,0.0,6.789832023670897,0.5810106969438493,512,512,0.6169446706771851,-0.10558193922042847,-2.2649765014648438e-05,-0.10555928945541382,False,,"{""best_reuse"": ""default"", ""best_reuse_utility"": -2.2649765014648438e-05, ""decision"": ""reuse"", ""fresh_advantage"": -0.10555928945541382, ""fresh_positive"": false, ""fresh_utility"": -0.10558193922042847, ""full_batch_guards"": {""default"": {""crossfit_feasible"": true, ""crossfit_utility"": -2.2649765014648438e-05, ""crossfit_utility_positive"": false, ""full_batch_cur_after"": 0.6106926202774048, ""full_batch_cur_before"": 0.6169446706771851, ""full_batch_gain"": 0.0062520503997802734, ""full_batch_harm"": -0.001995554193854332, ""full_batch_harm_lcb"": -0.004875789964571595, ""full_batch_harm_se"": 0.001469508046284318, ""full_batch_harm_ucb"": 0.0008846815768629311, ""full_batch_safe"": true}}, ""guarded_best_reuse"": ""default"", ""num_adapters"": 1, ""pending_after"": false, ""pending_before"": false, ""policy_version"": ""cau_v1"", ""reason"": ""safe_existing_reuse"", ""utility"": {""batch_n"": 16, ""best_reuse"": ""default"", ""best_reuse_query_after"": 0.6169673204421997, ""best_reuse_utility"": -2.2649765014648438e-05, ""budget_blocked_fresh"": false, ""defer_utility"": 0.0, ""fold_a_fresh_utility"": -0.1149451732635498, ""fold_a_query_n"": 8, ""fold_a_support_n"": 8, ""fold_b_fresh_utility"": -0.09621870517730713, ""fold_b_query_n"": 8, ""fold_b_support_n"": 8, ""fresh_advantage"": -0.10555928945541382, ""fresh_local_trainability"": -0.038303494453430176, ""fresh_positive"": false, ""fresh_query_after"": 0.7225266098976135, ""fresh_query_before"": 0.6842231154441833, ""fresh_utility"": -0.10558193922042847, ""max_adapters"": 8, ""reuse_profiles"": {""default"": {""feasible_both"": true, ""fold_a_harm"": -0.0011177160777151585, ""fold_a_lcb"": -0.0059023603051900865, ""fold_a_query_after"": 0.6395406723022461, ""fold_a_utility"": -0.0014259815216064453, ""fold_b_harm"": -0.002761414274573326, ""fold_b_lcb"": -0.004514304792974144, ""fold_b_query_after"": 0.5943939685821533, ""fold_b_utility"": 0.0013806819915771484, ""harm_lcb_max"": -0.004514304792974144, ""harm_mean"": -0.0019395651761442423, ""harm_se_mean"": 0.0016677384555805475, ""harm_ucb_max"": 0.0036669281497597695, ""local_trainability"": -2.2649765014648438e-05, ""query_after"": 0.6169673204421997, ""query_before"": 0.6169446706771851, ""system_utility"": -2.2649765014648438e-05}}, ""status"": ""ok"", ""statusquo_loss"": 0.6169446706771851, ""total_memory_budget"": 512}, ""utility_status"": ""ok""}"
21,A1,A,1,default,reuse,safe_existing_reuse,0.6508095264434814,1,True,147456,592130,0,67694596,592130,4737056,336,19.667639354011044,486254080,0.0,7.214347529690713,0.5810106969438493,512,512,0.6565550565719604,-0.015827953815460205,0.005377829074859619,-0.021205782890319824,False,,"{""best_reuse"": ""default"", ""best_reuse_utility"": 0.005377829074859619, ""decision"": ""reuse"", ""fresh_advantage"": -0.021205782890319824, ""fresh_positive"": false, ""fresh_utility"": -0.015827953815460205, ""full_batch_guards"": {""default"": {""crossfit_feasible"": true, ""crossfit_utility"": 0.005377829074859619, ""crossfit_utility_positive"": true, ""full_batch_cur_after"": 0.6492371559143066, ""full_batch_cur_before"": 0.6565551161766052, ""full_batch_gain"": 0.007317960262298584, ""full_batch_harm"": -0.002055840566754341, ""full_batch_harm_lcb"": -0.007326235361397267, ""full_batch_harm_se"": 0.002688976936042309, ""full_batch_harm_ucb"": 0.0032145542278885844, ""full_batch_safe"": true}}, ""guarded_best_reuse"": ""default"", ""num_adapters"": 1, ""pending_after"": false, ""pending_before"": false, ""policy_version"": ""cau_v1"", ""reason"": ""safe_existing_reuse"", ""utility"": {""batch_n"": 16, ""best_reuse"": ""default"", ""best_reuse_query_after"": 0.6511772274971008, ""best_reuse_utility"": 0.005377829074859619, ""budget_blocked_fresh"": false, ""defer_utility"": 0.0, ""fold_a_fresh_utility"": -0.02818620204925537, ""fold_a_query_n"": 8, ""fold_a_support_n"": 8, ""fold_b_fresh_utility"": -0.003469705581665039, ""fold_b_query_n"": 8, ""fold_b_support_n"": 8, ""fresh_advantage"": -0.021205782890319824, ""fresh_local_trainability"": 0.010821044445037842, ""fresh_positive"": false, ""fresh_query_after"": 0.6723830103874207, ""fresh_query_before"": 0.6832040548324585, ""fresh_utility"": -0.015827953815460205, ""max_adapters"": 8, ""reuse_profiles"": {""default"": {""feasible_both"": true, ""fold_a_harm"": -0.002109160181134939, ""fold_a_lcb"": -0.007055344777181744, ""fold_a_query_after"": 0.6318551301956177, ""fold_a_utility"": 0.0064966678619384766, ""fold_b_harm"": -0.002213800325989723, ""fold_b_lcb"": -0.006758367596194148, ""fold_b_query_after"": 0.670499324798584, ""fold_b_utility"": 0.004258990287780762, ""harm_lcb_max"": -0.006758367596194148, ""harm_mean"": -0.002161480253562331, ""harm_se_mean"": 0.0024211101699620485, ""harm_ucb_max"": 0.0028370244149118658, ""local_trainability"": 0.005377829074859619, ""query_after"": 0.6511772274971008, ""query_before"": 0.6565550565719604, ""system_utility"": 0.005377829074859619}}, ""status"": ""ok"", ""statusquo_loss"": 0.6565550565719604, ""total_memory_budget"": 512}, ""utility_status"": ""ok""}"
22,A1,A,1,default,reuse,safe_existing_reuse,0.6507046222686768,1,True,147456,592130,0,67694596,592130,4737056,352,20.074839601991698,486254080,0.0,7.617321009514853,0.5810106969438493,512,512,0.6269776821136475,-0.10071486234664917,-0.0022856295108795166,-0.09842923283576965,False,,"{""best_reuse"": ""default"", ""best_reuse_utility"": -0.0022856295108795166, ""decision"": ""reuse"", ""fresh_advantage"": -0.09842923283576965, ""fresh_positive"": false, ""fresh_utility"": -0.10071486234664917, ""full_batch_guards"": {""default"": {""crossfit_feasible"": true, ""crossfit_utility"": -0.0022856295108795166, ""crossfit_utility_positive"": false, ""full_batch_cur_after"": 0.6226707100868225, ""full_batch_cur_before"": 0.6269776225090027, ""full_batch_gain"": 0.004306912422180176, ""full_batch_harm"": -0.0012331819161772728, ""full_batch_harm_lcb"": -0.006019413322210312, ""full_batch_harm_se"": 0.0024419547989964485, ""full_batch_harm_ucb"": 0.003553049489855766, ""full_batch_safe"": true}}, ""guarded_best_reuse"": ""default"", ""num_adapters"": 1, ""pending_after"": false, ""pending_before"": false, ""policy_version"": ""cau_v1"", ""reason"": ""safe_existing_reuse"", ""utility"": {""batch_n"": 16, ""best_reuse"": ""default"", ""best_reuse_query_after"": 0.629263311624527, ""best_reuse_utility"": -0.0022856295108795166, ""budget_blocked_fresh"": false, ""defer_utility"": 0.0, ""fold_a_fresh_utility"": -0.08366227149963379, ""fold_a_query_n"": 8, ""fold_a_support_n"": 8, ""fold_b_fresh_utility"": -0.11776745319366455, ""fold_b_query_n"": 8, ""fold_b_support_n"": 8, ""fresh_advantage"": -0.09842923283576965, ""fresh_local_trainability"": -0.03909957408905029, ""fresh_positive"": false, ""fresh_query_after"": 0.7276925444602966, ""fresh_query_before"": 0.6885929703712463, ""fresh_utility"": -0.10071486234664917, ""max_adapters"": 8, ""reuse_profiles"": {""default"": {""feasible_both"": true, ""fold_a_harm"": -0.0021999520249664783, ""fold_a_lcb"": -0.004481876469217241, ""fold_a_query_after"": 0.604422390460968, ""fold_a_utility"": 0.0045819878578186035, ""fold_b_harm"": 2.5249551981687546e-05, ""fold_b_lcb"": -0.00742683625780046, ""fold_b_query_after"": 0.6541042327880859, ""fold_b_utility"": -0.009153246879577637, ""harm_lcb_max"": -0.004481876469217241, ""harm_mean"": -0.0010873512364923954, ""harm_se_mean"": 0.0024831658811308444, ""harm_ucb_max"": 0.007477335361763835, ""local_trainability"": -0.0022856295108795166, ""query_after"": 0.629263311624527, ""query_before"": 0.6269776821136475, ""system_utility"": -0.0022856295108795166}}, ""status"": ""ok"", ""statusquo_loss"": 0.6269776821136475, ""total_memory_budget"": 512}, ""utility_status"": ""ok""}"
23,A1,A,1,default,reuse,safe_existing_reuse,0.6437515020370483,1,True,147456,592130,0,67694596,592130,4737056,368,20.499017460038885,486254080,0.0,8.03720524837263,0.5810106969438493,512,512,0.6438143849372864,-0.0439143180847168,0.0018203556537628174,-0.045734673738479614,False,,"{""best_reuse"": ""default"", ""best_reuse_utility"": 0.0018203556537628174, ""decision"": ""reuse"", ""fresh_advantage"": -0.045734673738479614, ""fresh_positive"": false, ""fresh_utility"": -0.0439143180847168, ""full_batch_guards"": {""default"": {""crossfit_feasible"": true, ""crossfit_utility"": 0.0018203556537628174, ""crossfit_utility_positive"": true, ""full_batch_cur_after"": 0.64052414894104, ""full_batch_cur_before"": 0.6438143849372864, ""full_batch_gain"": 0.003290235996246338, ""full_batch_harm"": -0.0024871956557035446, ""full_batch_harm_lcb"": -0.00400838035158813, ""full_batch_harm_se"": 0.0007761146407574415, ""full_batch_harm_ucb"": -0.0009660109598189593, ""full_batch_safe"": true}}, ""guarded_best_reuse"": ""default"", ""num_adapters"": 1, ""pending_after"": false, ""pending_before"": false, ""policy_version"": ""cau_v1"", ""reason"": ""safe_existing_reuse"", ""utility"": {""batch_n"": 16, ""best_reuse"": ""default"", ""best_reuse_query_after"": 0.6419940292835236, ""best_reuse_utility"": 0.0018203556537628174, ""budget_blocked_fresh"": false, ""defer_utility"": 0.0, ""fold_a_fresh_utility"": -0.035997986793518066, ""fold_a_query_n"": 8, ""fold_a_support_n"": 8, ""fold_b_fresh_utility"": -0.05183064937591553, ""fold_b_query_n"": 8, ""fold_b_support_n"": 8, ""fresh_advantage"": -0.045734673738479614, ""fresh_local_trainability"": 0.027076035737991333, ""fresh_positive"": false, ""fresh_query_after"": 0.6877287030220032, ""fresh_query_before"": 0.7148047387599945, ""fresh_utility"": -0.0439143180847168, ""max_adapters"": 8, ""reuse_profiles"": {""default"": {""feasible_both"": true, ""fold_a_harm"": -0.0023158779367804527, ""fold_a_lcb"": -0.0038412992539815605, ""fold_a_query_after"": 0.6481004953384399, ""fold_a_utility"": 0.0017046928405761719, ""fold_b_harm"": -0.0024417368695139885, ""fold_b_lcb"": -0.004126250362023711, ""fold_b_query_after"": 0.6358875632286072, ""fold_b_utility"": 0.0019360184669494629, ""harm_lcb_max"": -0.0038412992539815605, ""harm_mean"": -0.0023788074031472206, ""harm_se_mean"": 0.0008188609208445996, ""harm_ucb_max"": -0.0007572233770042659, ""local_trainability"": 0.0018203556537628174, ""query_after"": 0.6419940292835236, ""query_before"": 0.6438143849372864, ""system_utility"": 0.0018203556537628174}}, ""status"": ""ok"", ""statusquo_loss"": 0.6438143849372864, ""total_memory_budget"": 512}, ""utility_status"": ""ok""}"
24,A1,A,1,default,reuse,safe_existing_reuse,0.551664412021637,1,True,147456,592130,0,67694596,592130,4737056,384,20.933097111061215,486254080,0.0,8.466585960472003,0.5810106969438493,512,512,0.5673753321170807,-0.061002373695373535,0.008246570825576782,-0.06924894452095032,False,,"{""best_reuse"": ""default"", ""best_reuse_utility"": 0.008246570825576782, ""decision"": ""reuse"", ""fresh_advantage"": -0.06924894452095032, ""fresh_positive"": false, ""fresh_utility"": -0.061002373695373535, ""full_batch_guards"": {""default"": {""crossfit_feasible"": true, ""crossfit_utility"": 0.008246570825576782, ""crossfit_utility_positive"": true, ""full_batch_cur_after"": 0.5566636323928833, ""full_batch_cur_before"": 0.5673753023147583, ""full_batch_gain"": 0.010711669921875, ""full_batch_harm"": -0.0006679892539978027, ""full_batch_harm_lcb"": -0.004972950518131256, ""full_batch_harm_se"": 0.0021964088082313538, ""full_batch_harm_ucb"": 0.0036369720101356506, ""full_batch_safe"": true}}, ""guarded_best_reuse"": ""default"", ""num_adapters"": 1, ""pending_after"": false, ""pending_before"": false, ""policy_version"": ""cau_v1"", ""reason"": ""safe_existing_reuse"", ""utility"": {""batch_n"": 16, ""best_reuse"": ""default"", ""best_reuse_query_after"": 0.5591287612915039, ""best_reuse_utility"": 0.008246570825576782, ""budget_blocked_fresh"": false, ""defer_utility"": 0.0, ""fold_a_fresh_utility"": -0.07644796371459961, ""fold_a_query_n"": 8, ""fold_a_support_n"": 8, ""fold_b_fresh_utility"": -0.04555678367614746, ""fold_b_query_n"": 8, ""fold_b_support_n"": 8, ""fresh_advantage"": -0.06924894452095032, ""fresh_local_trainability"": 0.031566083431243896, ""fresh_positive"": false, ""fresh_query_after"": 0.6283777058124542, ""fresh_query_before"": 0.6599437892436981, ""fresh_utility"": -0.061002373695373535, ""max_adapters"": 8, ""reuse_profiles"": {""default"": {""feasible_both"": true, ""fold_a_harm"": -0.0004643765278160572, ""fold_a_lcb"": -0.0048757595289498565, ""fold_a_query_after"": 0.5865512490272522, ""fold_a_utility"": 0.005770504474639893, ""fold_b_harm"": -0.0014970377087593079, ""fold_b_lcb"": -0.00460415193811059, ""fold_b_query_after"": 0.5317062735557556, ""fold_b_utility"": 0.010722637176513672, ""harm_lcb_max"": -0.00460415193811059, ""harm_mean"": -0.0009807071182876825, ""harm_se_mean"": 0.0019179839873686433, ""harm_ucb_max"": 0.003947006473317742, ""local_trainability"": 0.008246570825576782, ""query_after"": 0.5591287612915039, ""query_before"": 0.5673753321170807, ""system_utility"": 0.008246570825576782}}, ""status"": ""ok"", ""statusquo_loss"": 0.5673753321170807, ""total_memory_budget"": 512}, ""utility_status"": ""ok""}"
25,A1,A,1,default,reuse,safe_existing_reuse,0.6256238222122192,1,True,147456,592130,0,67694596,592130,4737056,400,21.33781979000196,486254080,0.0,8.866936839418486,0.5810106969438493,512,512,0.6165207922458649,-0.13291150331497192,-0.0032615959644317627,-0.12964990735054016,False,,"{""best_reuse"": ""default"", ""best_reuse_utility"": -0.0032615959644317627, ""decision"": ""reuse"", ""fresh_advantage"": -0.12964990735054016, ""fresh_positive"": false, ""fresh_utility"": -0.13291150331497192, ""full_batch_guards"": {""default"": {""crossfit_feasible"": true, ""crossfit_utility"": -0.0032615959644317627, ""crossfit_utility_positive"": false, ""full_batch_cur_after"": 0.6123838424682617, ""full_batch_cur_before"": 0.6165207624435425, ""full_batch_gain"": 0.004136919975280762, ""full_batch_harm"": -0.0014545917510986328, ""full_batch_harm_lcb"": -0.004225405980832875, ""full_batch_harm_se"": 0.001413680729456246, ""full_batch_harm_ucb"": 0.0013162224786356091, ""full_batch_safe"": true}}, ""guarded_best_reuse"": ""default"", ""num_adapters"": 1, ""pending_after"": false, ""pending_before"": false, ""policy_version"": ""cau_v1"", ""reason"": ""safe_existing_reuse"", ""utility"": {""batch_n"": 16, ""best_reuse"": ""default"", ""best_reuse_query_after"": 0.6197823882102966, ""best_reuse_utility"": -0.0032615959644317627, ""budget_blocked_fresh"": false, ""defer_utility"": 0.0, ""fold_a_fresh_utility"": -0.09191650152206421, ""fold_a_query_n"": 8, ""fold_a_support_n"": 8, ""fold_b_fresh_utility"": -0.17390650510787964, ""fold_b_query_n"": 8, ""fold_b_support_n"": 8, ""fresh_advantage"": -0.12964990735054016, ""fresh_local_trainability"": -0.05344560742378235, ""fresh_positive"": false, ""fresh_query_after"": 0.7494322955608368, ""fresh_query_before"": 0.6959866881370544, ""fresh_utility"": -0.13291150331497192, ""max_adapters"": 8, ""reuse_profiles"": {""default"": {""feasible_both"": true, ""fold_a_harm"": 0.0012231147848069668, ""fold_a_lcb"": -0.005415668422356247, ""fold_a_query_after"": 0.7190674543380737, ""fold_a_utility"": -0.011122286319732666, ""fold_b_harm"": -0.0022133844904601574, ""fold_b_lcb"": -0.0035862037003971635, ""fold_b_query_after"": 0.5204973220825195, ""fold_b_utility"": 0.004599094390869141, ""harm_lcb_max"": -0.0035862037003971635, ""harm_mean"": -0.0004951348528265953, ""harm_se_mean"": 0.002043776126811281, ""harm_ucb_max"": 0.007861897991970181, ""local_trainability"": -0.0032615959644317627, ""query_after"": 0.6197823882102966, ""query_before"": 0.6165207922458649, ""system_utility"": -0.0032615959644317627}}, ""status"": ""ok"", ""statusquo_loss"": 0.6165207922458649, ""total_memory_budget"": 512}, ""utility_status"": ""ok""}"
26,A1,A,1,default,reuse,safe_existing_reuse,0.5941123366355896,1,True,147456,592130,0,67694596,592130,4737056,416,21.76475827395916,486254080,0.0,9.28881777334027,0.5810106969438493,512,512,0.5872677266597748,-0.13812923431396484,0.0003609955310821533,-0.138490229845047,False,,"{""best_reuse"": ""default"", ""best_reuse_utility"": 0.0003609955310821533, ""decision"": ""reuse"", ""fresh_advantage"": -0.138490229845047, ""fresh_positive"": false, ""fresh_utility"": -0.13812923431396484, ""full_batch_guards"": {""default"": {""crossfit_feasible"": true, ""crossfit_utility"": 0.0003609955310821533, ""crossfit_utility_positive"": true, ""full_batch_cur_after"": 0.5795477628707886, ""full_batch_cur_before"": 0.5872676968574524, ""full_batch_gain"": 0.007719933986663818, ""full_batch_harm"": -0.0032964786514639854, ""full_batch_harm_lcb"": -0.004807748158928007, ""full_batch_harm_se"": 0.000771055871155113, ""full_batch_harm_ucb"": -0.001785209143999964, ""full_batch_safe"": true}}, ""guarded_best_reuse"": ""default"", ""num_adapters"": 1, ""pending_after"": false, ""pending_before"": false, ""policy_version"": ""cau_v1"", ""reason"": ""safe_existing_reuse"", ""utility"": {""batch_n"": 16, ""best_reuse"": ""default"", ""best_reuse_query_after"": 0.5869067311286926, ""best_reuse_utility"": 0.0003609955310821533, ""budget_blocked_fresh"": false, ""defer_utility"": 0.0, ""fold_a_fresh_utility"": -0.16150999069213867, ""fold_a_query_n"": 8, ""fold_a_support_n"": 8, ""fold_b_fresh_utility"": -0.11474847793579102, ""fold_b_query_n"": 8, ""fold_b_support_n"": 8, ""fresh_advantage"": -0.138490229845047, ""fresh_local_trainability"": -0.02356886863708496, ""fresh_positive"": false, ""fresh_query_after"": 0.7253969609737396, ""fresh_query_before"": 0.7018280923366547, ""fresh_utility"": -0.13812923431396484, ""max_adapters"": 8, ""reuse_profiles"": {""default"": {""feasible_both"": true, ""fold_a_harm"": -0.0005027493461966515, ""fold_a_lcb"": -0.004372449479997158, ""fold_a_query_after"": 0.5982879400253296, ""fold_a_utility"": -0.0007387995719909668, ""fold_b_harm"": -0.003163612447679043, ""fold_b_lcb"": -0.004654210414737463, ""fold_b_query_after"": 0.5755255222320557, ""fold_b_utility"": 0.0014607906341552734, ""harm_lcb_max"": -0.004372449479997158, ""harm_mean"": -0.0018331808969378471, ""harm_se_mean"": 0.0013674229849129915, ""harm_ucb_max"": 0.003366950787603855, ""local_trainability"": 0.0003609955310821533, ""query_after"": 0.5869067311286926, ""query_before"": 0.5872677266597748, ""system_utility"": 0.0003609955310821533}}, ""status"": ""ok"", ""statusquo_loss"": 0.5872677266597748, ""total_memory_budget"": 512}, ""utility_status"": ""ok""}"
27,A1,A,1,default,reuse,safe_existing_reuse,0.6721348762512207,1,True,147456,592130,0,67694596,592130,4737056,432,22.1911154021509,486254080,0.0,9.710406899219379,0.5810106969438493,512,512,0.6878647208213806,-0.015769869089126587,0.0040010809898376465,-0.019770950078964233,False,,"{""best_reuse"": ""default"", ""best_reuse_utility"": 0.0040010809898376465, ""decision"": ""reuse"", ""fresh_advantage"": -0.019770950078964233, ""fresh_positive"": false, ""fresh_utility"": -0.015769869089126587, ""full_batch_guards"": {""default"": {""crossfit_feasible"": true, ""crossfit_utility"": 0.0040010809898376465, ""crossfit_utility_positive"": true, ""full_batch_cur_after"": 0.6807862520217896, ""full_batch_cur_before"": 0.6878647804260254, ""full_batch_gain"": 0.00707852840423584, ""full_batch_harm"": -0.004237288609147072, ""full_batch_harm_lcb"": -0.007120416257530451, ""full_batch_harm_se"": 0.0014709834940731525, ""full_batch_harm_ucb"": -0.001354160960763693, ""full_batch_safe"": true}}, ""guarded_best_reuse"": ""default"", ""num_adapters"": 1, ""pending_after"": false, ""pending_before"": false, ""policy_version"": ""cau_v1"", ""reason"": ""safe_existing_reuse"", ""utility"": {""batch_n"": 16, ""best_reuse"": ""default"", ""best_reuse_query_after"": 0.683863639831543, ""best_reuse_utility"": 0.0040010809898376465, ""budget_blocked_fresh"": false, ""defer_utility"": 0.0, ""fold_a_fresh_utility"": -0.04236537218093872, ""fold_a_query_n"": 8, ""fold_a_support_n"": 8, ""fold_b_fresh_utility"": 0.010825634002685547, ""fold_b_query_n"": 8, ""fold_b_support_n"": 8, ""fresh_advantage"": -0.019770950078964233, ""fresh_local_trainability"": 0.006926059722900391, ""fresh_positive"": false, ""fresh_query_after"": 0.7036345899105072, ""fresh_query_before"": 0.7105606496334076, ""fresh_utility"": -0.015769869089126587, ""max_adapters"": 8, ""reuse_profiles"": {""default"": {""feasible_both"": true, ""fold_a_harm"": -0.004258148372173309, ""fold_a_lcb"": -0.007374951783567667, ""fold_a_query_after"": 0.6597883701324463, ""fold_a_utility"": 0.0036587119102478027, ""fold_b_harm"": -0.0037786937318742275, ""fold_b_lcb"": -0.0058721418632194395, ""fold_b_query_after"": 0.7079389095306396, ""fold_b_utility"": 0.00434345006942749, ""harm_lcb_max"": -0.0058721418632194395, ""harm_mean"": -0.004018421052023768, ""harm_se_mean"": 0.001329145801719278, ""harm_ucb_max"": -0.0011413449607789515, ""local_trainability"": 0.0040010809898376465, ""query_after"": 0.683863639831543, ""query_before"": 0.6878647208213806, ""system_utility"": 0.0040010809898376465}}, ""status"": ""ok"", ""statusquo_loss"": 0.6878647208213806, ""total_memory_budget"": 512}, ""utility_status"": ""ok""}"
28,A1,A,1,default,reuse,safe_existing_reuse,0.634534478187561,1,True,147456,592130,0,67694596,592130,4737056,448,22.59923014510423,486254080,0.0,10.113862603204325,0.5810106969438493,512,512,0.6365315318107605,-0.08798736333847046,0.0026385486125946045,-0.09062591195106506,False,,"{""best_reuse"": ""default"", ""best_reuse_utility"": 0.0026385486125946045, ""decision"": ""reuse"", ""fresh_advantage"": -0.09062591195106506, ""fresh_positive"": false, ""fresh_utility"": -0.08798736333847046, ""full_batch_guards"": {""default"": {""crossfit_feasible"": true, ""crossfit_utility"": 0.0026385486125946045, ""crossfit_utility_positive"": true, ""full_batch_cur_after"": 0.6270743608474731, ""full_batch_cur_before"": 0.6365315914154053, ""full_batch_gain"": 0.009457230567932129, ""full_batch_harm"": -0.005008559208363295, ""full_batch_harm_lcb"": -0.010187527863308787, ""full_batch_harm_se"": 0.0026423309464007616, ""full_batch_harm_ucb"": 0.00017040944658219814, ""full_batch_safe"": true}}, ""guarded_best_reuse"": ""default"", ""num_adapters"": 1, ""pending_after"": false, ""pending_before"": false, ""policy_version"": ""cau_v1"", ""reason"": ""safe_existing_reuse"", ""utility"": {""batch_n"": 16, ""best_reuse"": ""default"", ""best_reuse_query_after"": 0.6338929831981659, ""best_reuse_utility"": 0.0026385486125946045, ""budget_blocked_fresh"": false, ""defer_utility"": 0.0, ""fold_a_fresh_utility"": -0.11390233039855957, ""fold_a_query_n"": 8, ""fold_a_support_n"": 8, ""fold_b_fresh_utility"": -0.06207239627838135, ""fold_b_query_n"": 8, ""fold_b_support_n"": 8, ""fresh_advantage"": -0.09062591195106506, ""fresh_local_trainability"": -0.02500435709953308, ""fresh_positive"": false, ""fresh_query_after"": 0.724518895149231, ""fresh_query_before"": 0.6995145380496979, ""fresh_utility"": -0.08798736333847046, ""max_adapters"": 8, ""reuse_profiles"": {""default"": {""feasible_both"": true, ""fold_a_harm"": -0.002957005053758621, ""fold_a_lcb"": -0.004359986474737525, ""fold_a_query_after"": 0.6304885149002075, ""fold_a_utility"": 0.0066977739334106445, ""fold_b_harm"": -0.00506451865658164, ""fold_b_lcb"": -0.010830116355791689, ""fold_b_query_after"": 0.6372974514961243, ""fold_b_utility"": -0.0014206767082214355, ""harm_lcb_max"": -0.004359986474737525, ""harm_mean"": -0.004010761855170131, ""harm_se_mean"": 0.001828719163313508, ""harm_ucb_max"": 0.0007010790426284072, ""local_trainability"": 0.0026385486125946045, ""query_after"": 0.6338929831981659, ""query_before"": 0.6365315318107605, ""system_utility"": 0.0026385486125946045}}, ""status"": ""ok"", ""statusquo_loss"": 0.6365315318107605, ""total_memory_budget"": 512}, ""utility_status"": ""ok""}"
29,A1,A,1,default,reuse,safe_existing_reuse,0.6583710312843323,1,True,147456,592130,0,67694596,592130,4737056,464,23.026620720978826,486254080,0.0,10.536565019981936,0.5810106969438493,512,512,0.6441631019115448,-0.05611318349838257,0.01081007719039917,-0.06692326068878174,False,,"{""best_reuse"": ""default"", ""best_reuse_utility"": 0.01081007719039917, ""decision"": ""reuse"", ""fresh_advantage"": -0.06692326068878174, ""fresh_positive"": false, ""fresh_utility"": -0.05611318349838257, ""full_batch_guards"": {""default"": {""crossfit_feasible"": true, ""crossfit_utility"": 0.01081007719039917, ""crossfit_utility_positive"": true, ""full_batch_cur_after"": 0.6317944526672363, ""full_batch_cur_before"": 0.6441631317138672, ""full_batch_gain"": 0.01236867904663086, ""full_batch_harm"": -0.005182100925594568, ""full_batch_harm_lcb"": -0.012634066259488463, ""full_batch_harm_se"": 0.0038020231295377016, ""full_batch_harm_ucb"": 0.0022698644082993265, ""full_batch_safe"": true}}, ""guarded_best_reuse"": ""default"", ""num_adapters"": 1, ""pending_after"": false, ""pending_before"": false, ""policy_version"": ""cau_v1"", ""reason"": ""safe_existing_reuse"", ""utility"": {""batch_n"": 16, ""best_reuse"": ""default"", ""best_reuse_query_after"": 0.6333530247211456, ""best_reuse_utility"": 0.01081007719039917, ""budget_blocked_fresh"": false, ""defer_utility"": 0.0, ""fold_a_fresh_utility"": -0.06660467386245728, ""fold_a_query_n"": 8, ""fold_a_support_n"": 8, ""fold_b_fresh_utility"": -0.04562169313430786, ""fold_b_query_n"": 8, ""fold_b_support_n"": 8, ""fresh_advantage"": -0.06692326068878174, ""fresh_local_trainability"": 0.021575957536697388, ""fresh_positive"": false, ""fresh_query_after"": 0.7002762854099274, ""fresh_query_before"": 0.7218522429466248, ""fresh_utility"": -0.05611318349838257, ""max_adapters"": 8, ""reuse_profiles"": {""default"": {""feasible_both"": true, ""fold_a_harm"": -0.00504731060937047, ""fold_a_lcb"": -0.011931013995781541, ""fold_a_query_after"": 0.6250601410865784, ""fold_a_utility"": 0.012597084045410156, ""fold_b_harm"": -0.005096918437629938, ""fold_b_lcb"": -0.01229651507921517, ""fold_b_query_after"": 0.6416459083557129, ""fold_b_utility"": 0.009023070335388184, ""harm_lcb_max"": -0.011931013995781541, ""harm_mean"": -0.005072114523500204, ""harm_se_mean"": 0.003592678578570485, ""harm_ucb_max"": 0.002102678203955293, ""local_trainability"": 0.01081007719039917, ""query_after"": 0.6333530247211456, ""query_before"": 0.6441631019115448, ""system_utility"": 0.01081007719039917}}, ""status"": ""ok"", ""statusquo_loss"": 0.6441631019115448, ""total_memory_budget"": 512}, ""utility_status"": ""ok""}"
30,A1,A,1,default,reuse,safe_existing_reuse,0.6187952756881714,1,True,147456,592130,0,67694596,592130,4737056,480,23.469226818997413,486254080,0.0,10.974026415031403,0.5810106969438493,512,512,0.6170171201229095,-0.0721350610256195,0.012184202671051025,-0.08431926369667053,False,,"{""best_reuse"": ""default"", ""best_reuse_utility"": 0.012184202671051025, ""decision"": ""reuse"", ""fresh_advantage"": -0.08431926369667053, ""fresh_positive"": false, ""fresh_utility"": -0.0721350610256195, ""full_batch_guards"": {""default"": {""crossfit_feasible"": true, ""crossfit_utility"": 0.012184202671051025, ""crossfit_utility_positive"": true, ""full_batch_cur_after"": 0.6031314134597778, ""full_batch_cur_before"": 0.6170170903205872, ""full_batch_gain"": 0.013885676860809326, ""full_batch_harm"": -0.006582434289157391, ""full_batch_harm_lcb"": -0.015779963359236718, ""full_batch_harm_se"": 0.004692616872489452, ""full_batch_harm_ucb"": 0.0026150947809219366, ""full_batch_safe"": true}}, ""guarded_best_reuse"": ""default"", ""num_adapters"": 1, ""pending_after"": false, ""pending_before"": false, ""policy_version"": ""cau_v1"", ""reason"": ""safe_existing_reuse"", ""utility"": {""batch_n"": 16, ""best_reuse"": ""default"", ""best_reuse_query_after"": 0.6048329174518585, ""best_reuse_utility"": 0.012184202671051025, ""budget_blocked_fresh"": false, ""defer_utility"": 0.0, ""fold_a_fresh_utility"": -0.0718720555305481, ""fold_a_query_n"": 8, ""fold_a_support_n"": 8, ""fold_b_fresh_utility"": -0.07239806652069092, ""fold_b_query_n"": 8, ""fold_b_support_n"": 8, ""fresh_advantage"": -0.08431926369667053, ""fresh_local_trainability"": 0.023942112922668457, ""fresh_positive"": false, ""fresh_query_after"": 0.689152181148529, ""fresh_query_before"": 0.7130942940711975, ""fresh_utility"": -0.0721350610256195, ""max_adapters"": 8, ""reuse_profiles"": {""default"": {""feasible_both"": true, ""fold_a_harm"": -0.00639441329985857, ""fold_a_lcb"": -0.015017913095653057, ""fold_a_query_after"": 0.5996189117431641, ""fold_a_utility"": 0.01420062780380249, ""fold_b_harm"": -0.006662462372332811, ""fold_b_lcb"": -0.01590364295989275, ""fold_b_query_after"": 0.610046923160553, ""fold_b_utility"": 0.01016777753829956, ""harm_lcb_max"": -0.015017913095653057, ""harm_mean"": -0.006528437836095691, ""harm_se_mean"": 0.0045573164243251085, ""harm_ucb_max"": 0.0025787182152271267, ""local_trainability"": 0.012184202671051025, ""query_after"": 0.6048329174518585, ""query_before"": 0.6170171201229095, ""system_utility"": 0.012184202671051025}}, ""status"": ""ok"", ""statusquo_loss"": 0.6170171201229095, ""total_memory_budget"": 512}, ""utility_status"": ""ok""}"
31,A1,A,1,default,reuse,safe_existing_reuse,0.5932861566543579,1,True,147456,592130,0,67694596,592130,4737056,496,23.89499825006351,486254080,0.0,11.393399338936433,0.5810106969438493,512,512,0.5711797773838043,-0.11652612686157227,-0.00022029876708984375,-0.11630582809448242,False,,"{""best_reuse"": ""default"", ""best_reuse_utility"": -0.00022029876708984375, ""decision"": ""reuse"", ""fresh_advantage"": -0.11630582809448242, ""fresh_positive"": false, ""fresh_utility"": -0.11652612686157227, ""full_batch_guards"": {""default"": {""crossfit_feasible"": true, ""crossfit_utility"": -0.00022029876708984375, ""crossfit_utility_positive"": false, ""full_batch_cur_after"": 0.5689228773117065, ""full_batch_cur_before"": 0.5711798071861267, ""full_batch_gain"": 0.002256929874420166, ""full_batch_harm"": -0.004738969728350639, ""full_batch_harm_lcb"": -0.01136436459608376, ""full_batch_harm_se"": 0.00338030350394547, ""full_batch_harm_ucb"": 0.0018864251393824819, ""full_batch_safe"": true}}, ""guarded_best_reuse"": ""default"", ""num_adapters"": 1, ""pending_after"": false, ""pending_before"": false, ""policy_version"": ""cau_v1"", ""reason"": ""safe_existing_reuse"", ""utility"": {""batch_n"": 16, ""best_reuse"": ""default"", ""best_reuse_query_after"": 0.5714000761508942, ""best_reuse_utility"": -0.00022029876708984375, ""budget_blocked_fresh"": false, ""defer_utility"": 0.0, ""fold_a_fresh_utility"": -0.10513049364089966, ""fold_a_query_n"": 8, ""fold_a_support_n"": 8, ""fold_b_fresh_utility"": -0.12792176008224487, ""fold_b_query_n"": 8, ""fold_b_support_n"": 8, ""fresh_advantage"": -0.11630582809448242, ""fresh_local_trainability"": -0.0004114806652069092, ""fresh_positive"": false, ""fresh_query_after"": 0.6877059042453766, ""fresh_query_before"": 0.6872944235801697, ""fresh_utility"": -0.11652612686157227, ""max_adapters"": 8, ""reuse_profiles"": {""default"": {""feasible_both"": true, ""fold_a_harm"": -0.004894921090453863, ""fold_a_lcb"": -0.013656161334365606, ""fold_a_query_after"": 0.5801129341125488, ""fold_a_utility"": -0.0052263736724853516, ""fold_b_harm"": -0.004520381800830364, ""fold_b_lcb"": -0.01064818523824215, ""fold_b_query_after"": 0.5626872181892395, ""fold_b_utility"": 0.004785776138305664, ""harm_lcb_max"": -0.01064818523824215, ""harm_mean"": -0.004707651445642114, ""harm_se_mean"": 0.0037982254289090633, ""harm_ucb_max"": 0.00386631915345788, ""local_trainability"": -0.00022029876708984375, ""query_after"": 0.5714000761508942, ""query_before"": 0.5711797773838043, ""system_utility"": -0.00022029876708984375}}, ""status"": ""ok"", ""statusquo_loss"": 0.5711797773838043, ""total_memory_budget"": 512}, ""utility_status"": ""ok""}"
32,A1,A,1,default,reuse,safe_existing_reuse,0.640775740146637,1,True,147456,592130,0,67694596,592130,4737056,512,24.30594486114569,486254080,0.0,11.799106764839962,0.5810106969438493,512,512,0.6201630234718323,-0.14457595348358154,-0.00921127200126648,-0.13536468148231506,False,,"{""best_reuse"": ""default"", ""best_reuse_utility"": -0.00921127200126648, ""decision"": ""reuse"", ""fresh_advantage"": -0.13536468148231506, ""fresh_positive"": false, ""fresh_utility"": -0.14457595348358154, ""full_batch_guards"": {""default"": {""crossfit_feasible"": true, ""crossfit_utility"": -0.00921127200126648, ""crossfit_utility_positive"": false, ""full_batch_cur_after"": 0.6184758543968201, ""full_batch_cur_before"": 0.6201630234718323, ""full_batch_gain"": 0.001687169075012207, ""full_batch_harm"": -0.0038599097169935703, ""full_batch_harm_lcb"": -0.008082715095952153, ""full_batch_harm_se"": 0.0021544925402849913, ""full_batch_harm_ucb"": 0.00036289566196501255, ""full_batch_safe"": true}}, ""guarded_best_reuse"": ""default"", ""num_adapters"": 1, ""pending_after"": false, ""pending_before"": false, ""policy_version"": ""cau_v1"", ""reason"": ""safe_existing_reuse"", ""utility"": {""batch_n"": 16, ""best_reuse"": ""default"", ""best_reuse_query_after"": 0.6293742954730988, ""best_reuse_utility"": -0.00921127200126648, ""budget_blocked_fresh"": false, ""defer_utility"": 0.0, ""fold_a_fresh_utility"": -0.2130497694015503, ""fold_a_query_n"": 8, ""fold_a_support_n"": 8, ""fold_b_fresh_utility"": -0.07610213756561279, ""fold_b_query_n"": 8, ""fold_b_support_n"": 8, ""fresh_advantage"": -0.13536468148231506, ""fresh_local_trainability"": -0.07717344164848328, ""fresh_positive"": false, ""fresh_query_after"": 0.7647389769554138, ""fresh_query_before"": 0.6875655353069305, ""fresh_utility"": -0.14457595348358154, ""max_adapters"": 8, ""reuse_profiles"": {""default"": {""feasible_both"": true, ""fold_a_harm"": -0.003498892765492201, ""fold_a_lcb"": -0.006365358233451843, ""fold_a_query_after"": 0.5848636031150818, ""fold_a_utility"": 0.008558690547943115, ""fold_b_harm"": -0.003853105939924717, ""fold_b_lcb"": -0.012673095520585775, ""fold_b_query_after"": 0.6738849878311157, ""fold_b_utility"": -0.026981234550476074, ""harm_lcb_max"": -0.006365358233451843, ""harm_mean"": -0.003675999352708459, ""harm_se_mean"": 0.0029812385328114033, ""harm_ucb_max"": 0.004966883640736341, ""local_trainability"": -0.00921127200126648, ""query_after"": 0.6293742954730988, ""query_before"": 0.6201630234718323, ""system_utility"": -0.00921127200126648}}, ""status"": ""ok"", ""statusquo_loss"": 0.6201630234718323, ""total_memory_budget"": 512}, ""utility_status"": ""ok""}"
33,B2,B,2,default,reuse,safe_existing_reuse,0.6326234340667725,1,True,147456,592130,0,67694596,592130,4737056,512,25.374893970089033,487040512,0.0,12.204777829814702,1.2393685050774366,512,512,0.5984755754470825,-0.047174274921417236,0.0016511976718902588,-0.048825472593307495,False,,"{""best_reuse"": ""default"", ""best_reuse_utility"": 0.0016511976718902588, ""decision"": ""reuse"", ""fresh_advantage"": -0.048825472593307495, ""fresh_positive"": false, ""fresh_utility"": -0.047174274921417236, ""full_batch_guards"": {""default"": {""crossfit_feasible"": true, ""crossfit_utility"": 0.0016511976718902588, ""crossfit_utility_positive"": true, ""full_batch_cur_after"": 0.5945655107498169, ""full_batch_cur_before"": 0.5984755754470825, ""full_batch_gain"": 0.003910064697265625, ""full_batch_harm"": -0.0029928619042038918, ""full_batch_harm_lcb"": -0.00416162941372022, ""full_batch_harm_se"": 0.0005963099538348615, ""full_batch_harm_ucb"": -0.0018240943946875633, ""full_batch_safe"": true}}, ""guarded_best_reuse"": ""default"", ""num_adapters"": 1, ""pending_after"": false, ""pending_before"": false, ""policy_version"": ""cau_v1"", ""reason"": ""safe_existing_reuse"", ""utility"": {""batch_n"": 16, ""best_reuse"": ""default"", ""best_reuse_query_after"": 0.5968243777751923, ""best_reuse_utility"": 0.0016511976718902588, ""budget_blocked_fresh"": false, ""defer_utility"": 0.0, ""fold_a_fresh_utility"": -0.07151234149932861, ""fold_a_query_n"": 8, ""fold_a_support_n"": 8, ""fold_b_fresh_utility"": -0.02283620834350586, ""fold_b_query_n"": 8, ""fold_b_support_n"": 8, ""fresh_advantage"": -0.048825472593307495, ""fresh_local_trainability"": 0.02432003617286682, ""fresh_positive"": false, ""fresh_query_after"": 0.6456498503684998, ""fresh_query_before"": 0.6699698865413666, ""fresh_utility"": -0.047174274921417236, ""max_adapters"": 8, ""reuse_profiles"": {""default"": {""feasible_both"": true, ""fold_a_harm"": -0.0030512837693095207, ""fold_a_lcb"": -0.004199603805318475, ""fold_a_query_after"": 0.589886486530304, ""fold_a_utility"": 0.0036376118659973145, ""fold_b_harm"": -0.0030728280544281006, ""fold_b_lcb"": -0.005142129668965935, ""fold_b_query_after"": 0.6037622690200806, ""fold_b_utility"": -0.0003352165222167969, ""harm_lcb_max"": -0.004199603805318475, ""harm_mean"": -0.0030620559118688107, ""harm_se_mean"": 0.000820821849629283, ""harm_ucb_max"": -0.0010035264398902655, ""local_trainability"": 0.0016511976718902588, ""query_after"": 0.5968243777751923, ""query_before"": 0.5984755754470825, ""system_utility"": 0.0016511976718902588}}, ""status"": ""ok"", ""statusquo_loss"": 0.5984755754470825, ""total_memory_budget"": 512}, ""utility_status"": ""ok""}"
34,B2,B,2,default,reuse,safe_existing_reuse,0.5670159459114075,1,True,147456,592130,0,67694596,592130,4737056,512,25.77952477708459,487040512,0.0,12.604392017936334,1.2393685050774366,512,512,0.5588631629943848,-0.17766162753105164,0.0005285441875457764,-0.1781901717185974,False,,"{""best_reuse"": ""default"", ""best_reuse_utility"": 0.0005285441875457764, ""decision"": ""reuse"", ""fresh_advantage"": -0.1781901717185974, ""fresh_positive"": false, ""fresh_utility"": -0.17766162753105164, ""full_batch_guards"": {""default"": {""crossfit_feasible"": true, ""crossfit_utility"": 0.0005285441875457764, ""crossfit_utility_positive"": true, ""full_batch_cur_after"": 0.552725076675415, ""full_batch_cur_before"": 0.5588631629943848, ""full_batch_gain"": 0.0061380863189697266, ""full_batch_harm"": -0.004759767092764378, ""full_batch_harm_lcb"": -0.007466075839474798, ""full_batch_harm_se"": 0.001380769768729806, ""full_batch_harm_ucb"": -0.002053458346053958, ""full_batch_safe"": true}}, ""guarded_best_reuse"": ""default"", ""num_adapters"": 1, ""pending_after"": false, ""pending_before"": false, ""policy_version"": ""cau_v1"", ""reason"": ""safe_existing_reuse"", ""utility"": {""batch_n"": 16, ""best_reuse"": ""default"", ""best_reuse_query_after"": 0.558334618806839, ""best_reuse_utility"": 0.0005285441875457764, ""budget_blocked_fresh"": false, ""defer_utility"": 0.0, ""fold_a_fresh_utility"": -0.1657472848892212, ""fold_a_query_n"": 8, ""fold_a_support_n"": 8, ""fold_b_fresh_utility"": -0.18957597017288208, ""fold_b_query_n"": 8, ""fold_b_support_n"": 8, ""fresh_advantage"": -0.1781901717185974, ""fresh_local_trainability"": -0.024569541215896606, ""fresh_positive"": false, ""fresh_query_after"": 0.7365247905254364, ""fresh_query_before"": 0.7119552493095398, ""fresh_utility"": -0.17766162753105164, ""max_adapters"": 8, ""reuse_profiles"": {""default"": {""feasible_both"": true, ""fold_a_harm"": -0.004841760732233524, ""fold_a_lcb"": -0.008212150600738823, ""fold_a_query_after"": 0.5408727526664734, ""fold_a_utility"": 0.0015224814414978027, ""fold_b_harm"": -0.0028807935304939747, ""fold_b_lcb"": -0.004623755626380443, ""fold_b_query_after"": 0.5757964849472046, ""fold_b_utility"": -0.00046539306640625, ""harm_lcb_max"": -0.004623755626380443, ""harm_mean"": -0.0038612771313637495, ""harm_se_mean"": 0.0013044265215285122, ""harm_ucb_max"": -0.0011378314346075058, ""local_trainability"": 0.0005285441875457764, ""query_after"": 0.558334618806839, ""query_before"": 0.5588631629943848, ""system_utility"": 0.0005285441875457764}}, ""status"": ""ok"", ""statusquo_loss"": 0.5588631629943848, ""total_memory_budget"": 512}, ""utility_status"": ""ok""}"
35,B2,B,2,default,reuse,safe_existing_reuse,0.5768563747406006,1,True,147456,592130,0,67694596,592130,4737056,512,26.187920527998358,487040512,0.0,13.007666056975722,1.2393685050774366,512,512,0.5472581386566162,-0.14731109142303467,0.0028994381427764893,-0.15021052956581116,False,,"{""best_reuse"": ""default"", ""best_reuse_utility"": 0.0028994381427764893, ""decision"": ""reuse"", ""fresh_advantage"": -0.15021052956581116, ""fresh_positive"": false, ""fresh_utility"": -0.14731109142303467, ""full_batch_guards"": {""default"": {""crossfit_feasible"": true, ""crossfit_utility"": 0.0028994381427764893, ""crossfit_utility_positive"": true, ""full_batch_cur_after"": 0.5409432649612427, ""full_batch_cur_before"": 0.5472581386566162, ""full_batch_gain"": 0.006314873695373535, ""full_batch_harm"": -0.003613912034779787, ""full_batch_harm_lcb"": -0.004689656414557248, ""full_batch_harm_se"": 0.0005488491733558476, ""full_batch_harm_ucb"": -0.002538167655002326, ""full_batch_safe"": true}}, ""guarded_best_reuse"": ""default"", ""num_adapters"": 1, ""pending_after"": false, ""pending_before"": false, ""policy_version"": ""cau_v1"", ""reason"": ""safe_existing_reuse"", ""utility"": {""batch_n"": 16, ""best_reuse"": ""default"", ""best_reuse_query_after"": 0.5443587005138397, ""best_reuse_utility"": 0.0028994381427764893, ""budget_blocked_fresh"": false, ""defer_utility"": 0.0, ""fold_a_fresh_utility"": -0.17302459478378296, ""fold_a_query_n"": 8, ""fold_a_support_n"": 8, ""fold_b_fresh_utility"": -0.12159758806228638, ""fold_b_query_n"": 8, ""fold_b_support_n"": 8, ""fresh_advantage"": -0.15021052956581116, ""fresh_local_trainability"": -0.002613961696624756, ""fresh_positive"": false, ""fresh_query_after"": 0.6945692300796509, ""fresh_query_before"": 0.6919552683830261, ""fresh_utility"": -0.14731109142303467, ""max_adapters"": 8, ""reuse_profiles"": {""default"": {""feasible_both"": true, ""fold_a_harm"": -0.004839205648750067, ""fold_a_lcb"": -0.007993090306408704, ""fold_a_query_after"": 0.5071803331375122, ""fold_a_utility"": 0.0016474723815917969, ""fold_b_harm"": -0.0035140584222972393, ""fold_b_lcb"": -0.0047045407979749146, ""fold_b_query_after"": 0.5815370678901672, ""fold_b_utility"": 0.004151403903961182, ""harm_lcb_max"": -0.0047045407979749146, ""harm_mean"": -0.004176632035523653, ""harm_se_mean"": 0.0011082568962592632, ""harm_ucb_max"": -0.0016853209910914304, ""local_trainability"": 0.0028994381427764893, ""query_after"": 0.5443587005138397, ""query_before"": 0.5472581386566162, ""system_utility"": 0.0028994381427764893}}, ""status"": ""ok"", ""statusquo_loss"": 0.5472581386566162, ""total_memory_budget"": 512}, ""utility_status"": ""ok""}"
36,B2,B,2,default,reuse,safe_existing_reuse,0.4985033869743347,1,True,147456,592130,0,67694596,592130,4737056,512,26.6082338381093,487040512,0.0,13.422368701780215,1.2393685050774366,512,512,0.48630475997924805,-0.23356953263282776,0.0034332573413848877,-0.23700278997421265,False,,"{""best_reuse"": ""default"", ""best_reuse_utility"": 0.0034332573413848877, ""decision"": ""reuse"", ""fresh_advantage"": -0.23700278997421265, ""fresh_positive"": false, ""fresh_utility"": -0.23356953263282776, ""full_batch_guards"": {""default"": {""crossfit_feasible"": true, ""crossfit_utility"": 0.0034332573413848877, ""crossfit_utility_positive"": true, ""full_batch_cur_after"": 0.47782424092292786, ""full_batch_cur_before"": 0.48630475997924805, ""full_batch_gain"": 0.00848051905632019, ""full_batch_harm"": -0.0031766286119818687, ""full_batch_harm_lcb"": -0.004562002413440496, ""full_batch_harm_se"": 0.0007068233680911362, ""full_batch_harm_ucb"": -0.0017912548105232418, ""full_batch_safe"": true}}, ""guarded_best_reuse"": ""default"", ""num_adapters"": 1, ""pending_after"": false, ""pending_before"": false, ""policy_version"": ""cau_v1"", ""reason"": ""safe_existing_reuse"", ""utility"": {""batch_n"": 16, ""best_reuse"": ""default"", ""best_reuse_query_after"": 0.48287150263786316, ""best_reuse_utility"": 0.0034332573413848877, ""budget_blocked_fresh"": false, ""defer_utility"": 0.0, ""fold_a_fresh_utility"": -0.21864557266235352, ""fold_a_query_n"": 8, ""fold_a_support_n"": 8, ""fold_b_fresh_utility"": -0.248493492603302, ""fold_b_query_n"": 8, ""fold_b_support_n"": 8, ""fresh_advantage"": -0.23700278997421265, ""fresh_local_trainability"": -0.03155404329299927, ""fresh_positive"": false, ""fresh_query_after"": 0.7198742926120758, ""fresh_query_before"": 0.6883202493190765, ""fresh_utility"": -0.23356953263282776, ""max_adapters"": 8, ""reuse_profiles"": {""default"": {""feasible_both"": true, ""fold_a_harm"": -0.00301312655210495, ""fold_a_lcb"": -0.00600910063367337, ""fold_a_query_after"": 0.4638863801956177, ""fold_a_utility"": 0.0029249191284179688, ""fold_b_harm"": -0.0028343345038592815, ""fold_b_lcb"": -0.0055509592266753316, ""fold_b_query_after"": 0.5018566250801086, ""fold_b_utility"": 0.003941595554351807, ""harm_lcb_max"": -0.0055509592266753316, ""harm_mean"": -0.0029237305279821157, ""harm_se_mean"": 0.0014572956133633852, ""harm_ucb_max"": -1.715247053653019e-05, ""local_trainability"": 0.0034332573413848877, ""query_after"": 0.48287150263786316, ""query_before"": 0.48630475997924805, ""system_utility"": 0.0034332573413848877}}, ""status"": ""ok"", ""statusquo_loss"": 0.48630475997924805, ""total_memory_budget"": 512}, ""utility_status"": ""ok""}"
37,B2,B,2,default,reuse,safe_existing_reuse,0.61160808801651,1,True,147456,592130,0,67694596,592130,4737056,512,27.025919766165316,487040512,0.0,13.835048901848495,1.2393685050774366,512,512,0.6111180782318115,-0.10690683126449585,0.00033932924270629883,-0.10724616050720215,False,,"{""best_reuse"": ""default"", ""best_reuse_utility"": 0.00033932924270629883, ""decision"": ""reuse"", ""fresh_advantage"": -0.10724616050720215, ""fresh_positive"": false, ""fresh_utility"": -0.10690683126449585, ""full_batch_guards"": {""default"": {""crossfit_feasible"": true, ""crossfit_utility"": 0.00033932924270629883, ""crossfit_utility_positive"": true, ""full_batch_cur_after"": 0.6066262125968933, ""full_batch_cur_before"": 0.6111180782318115, ""full_batch_gain"": 0.004491865634918213, ""full_batch_harm"": -0.0035505215637385845, ""full_batch_harm_lcb"": -0.004920221178326756, ""full_batch_harm_se"": 0.0006988263339735568, ""full_batch_harm_ucb"": -0.002180821949150413, ""full_batch_safe"": true}}, ""guarded_best_reuse"": ""default"", ""num_adapters"": 1, ""pending_after"": false, ""pending_before"": false, ""policy_version"": ""cau_v1"", ""reason"": ""safe_existing_reuse"", ""utility"": {""batch_n"": 16, ""best_reuse"": ""default"", ""best_reuse_query_after"": 0.6107787489891052, ""best_reuse_utility"": 0.00033932924270629883, ""budget_blocked_fresh"": false, ""defer_utility"": 0.0, ""fold_a_fresh_utility"": -0.07527565956115723, ""fold_a_query_n"": 8, ""fold_a_support_n"": 8, ""fold_b_fresh_utility"": -0.13853800296783447, ""fold_b_query_n"": 8, ""fold_b_support_n"": 8, ""fresh_advantage"": -0.10724616050720215, ""fresh_local_trainability"": -0.019066154956817627, ""fresh_positive"": false, ""fresh_query_after"": 0.7180249094963074, ""fresh_query_before"": 0.6989587545394897, ""fresh_utility"": -0.10690683126449585, ""max_adapters"": 8, ""reuse_profiles"": {""default"": {""feasible_both"": true, ""fold_a_harm"": -0.0048000505194067955, ""fold_a_lcb"": -0.007382752145640552, ""fold_a_query_after"": 0.6653180122375488, ""fold_a_utility"": -0.002457737922668457, ""fold_b_harm"": -0.0021760696545243263, ""fold_b_lcb"": -0.004788650213740767, ""fold_b_query_after"": 0.5562394857406616, ""fold_b_utility"": 0.0031363964080810547, ""harm_lcb_max"": -0.004788650213740767, ""harm_mean"": -0.003488060086965561, ""harm_se_mean"": 0.00132532708812505, ""harm_ucb_max"": 0.0004365109046921135, ""local_trainability"": 0.00033932924270629883, ""query_after"": 0.6107787489891052, ""query_before"": 0.6111180782318115, ""system_utility"": 0.00033932924270629883}}, ""status"": ""ok"", ""statusquo_loss"": 0.6111180782318115, ""total_memory_budget"": 512}, ""utility_status"": ""ok""}"
38,B2,B,2,default,reuse,safe_existing_reuse,0.6137926578521729,1,True,147456,592130,0,67694596,592130,4737056,512,27.436992921167985,487040512,0.0,14.241086417809129,1.2393685050774366,512,512,0.6015793681144714,-0.10456180572509766,0.002465873956680298,-0.10702767968177795,False,,"{""best_reuse"": ""default"", ""best_reuse_utility"": 0.002465873956680298, ""decision"": ""reuse"", ""fresh_advantage"": -0.10702767968177795, ""fresh_positive"": false, ""fresh_utility"": -0.10456180572509766, ""full_batch_guards"": {""default"": {""crossfit_feasible"": true, ""crossfit_utility"": 0.002465873956680298, ""crossfit_utility_positive"": true, ""full_batch_cur_after"": 0.5957697629928589, ""full_batch_cur_before"": 0.6015793085098267, ""full_batch_gain"": 0.0058095455169677734, ""full_batch_harm"": -0.0016666017472743988, ""full_batch_harm_lcb"": -0.004973395634442568, ""full_batch_harm_se"": 0.0016871397383511066, ""full_batch_harm_ucb"": 0.0016401921398937701, ""full_batch_safe"": true}}, ""guarded_best_reuse"": ""default"", ""num_adapters"": 1, ""pending_after"": false, ""pending_before"": false, ""policy_version"": ""cau_v1"", ""reason"": ""safe_existing_reuse"", ""utility"": {""batch_n"": 16, ""best_reuse"": ""default"", ""best_reuse_query_after"": 0.5991134941577911, ""best_reuse_utility"": 0.002465873956680298, ""budget_blocked_fresh"": false, ""defer_utility"": 0.0, ""fold_a_fresh_utility"": -0.13245177268981934, ""fold_a_query_n"": 8, ""fold_a_support_n"": 8, ""fold_b_fresh_utility"": -0.07667183876037598, ""fold_b_query_n"": 8, ""fold_b_support_n"": 8, ""fresh_advantage"": -0.10702767968177795, ""fresh_local_trainability"": 0.004142820835113525, ""fresh_positive"": false, ""fresh_query_after"": 0.7061411738395691, ""fresh_query_before"": 0.7102839946746826, ""fresh_utility"": -0.10456180572509766, ""max_adapters"": 8, ""reuse_profiles"": {""default"": {""feasible_both"": true, ""fold_a_harm"": -0.0017019901424646378, ""fold_a_lcb"": -0.0049022812908515335, ""fold_a_query_after"": 0.5558099746704102, ""fold_a_utility"": 0.003283977508544922, ""fold_b_harm"": -0.0029458818025887012, ""fold_b_lcb"": -0.004426890299655497, ""fold_b_query_after"": 0.6424170136451721, ""fold_b_utility"": 0.0016477704048156738, ""harm_lcb_max"": -0.004426890299655497, ""harm_mean"": -0.0023239359725266695, ""harm_se_mean"": 0.0011942090932279825, ""harm_ucb_max"": 0.001498301005922258, ""local_trainability"": 0.002465873956680298, ""query_after"": 0.5991134941577911, ""query_before"": 0.6015793681144714, ""system_utility"": 0.002465873956680298}}, ""status"": ""ok"", ""statusquo_loss"": 0.6015793681144714, ""total_memory_budget"": 512}, ""utility_status"": ""ok""}"
39,B2,B,2,default,reuse,safe_existing_reuse,0.5753682851791382,1,True,147456,592130,0,67694596,592130,4737056,512,27.8767090679612,487040512,0.0,14.67469839588739,1.2393685050774366,512,512,0.5890236496925354,-0.12620797753334045,-0.0005106627941131592,-0.1256973147392273,False,,"{""best_reuse"": ""default"", ""best_reuse_utility"": -0.0005106627941131592, ""decision"": ""reuse"", ""fresh_advantage"": -0.1256973147392273, ""fresh_positive"": false, ""fresh_utility"": -0.12620797753334045, ""full_batch_guards"": {""default"": {""crossfit_feasible"": true, ""crossfit_utility"": -0.0005106627941131592, ""crossfit_utility_positive"": false, ""full_batch_cur_after"": 0.5838143825531006, ""full_batch_cur_before"": 0.5890236496925354, ""full_batch_gain"": 0.0052092671394348145, ""full_batch_harm"": -4.0801241993904114e-05, ""full_batch_harm_lcb"": -0.003591500846669078, ""full_batch_harm_se"": 0.0018115814309567213, ""full_batch_harm_ucb"": 0.0035098983626812696, ""full_batch_safe"": true}}, ""guarded_best_reuse"": ""default"", ""num_adapters"": 1, ""pending_after"": false, ""pending_before"": false, ""policy_version"": ""cau_v1"", ""reason"": ""safe_existing_reuse"", ""utility"": {""batch_n"": 16, ""best_reuse"": ""default"", ""best_reuse_query_after"": 0.5895343124866486, ""best_reuse_utility"": -0.0005106627941131592, ""budget_blocked_fresh"": false, ""defer_utility"": 0.0, ""fold_a_fresh_utility"": -0.07201212644577026, ""fold_a_query_n"": 8, ""fold_a_support_n"": 8, ""fold_b_fresh_utility"": -0.18040382862091064, ""fold_b_query_n"": 8, ""fold_b_support_n"": 8, ""fresh_advantage"": -0.1256973147392273, ""fresh_local_trainability"": -0.021251648664474487, ""fresh_positive"": false, ""fresh_query_after"": 0.7152316272258759, ""fresh_query_before"": 0.6939799785614014, ""fresh_utility"": -0.12620797753334045, ""max_adapters"": 8, ""reuse_profiles"": {""default"": {""feasible_both"": true, ""fold_a_harm"": 0.0030174213461577892, ""fold_a_lcb"": -0.0027712045889347788, ""fold_a_query_after"": 0.6267456412315369, ""fold_a_utility"": -0.003656327724456787, ""fold_b_harm"": -0.0037681395187973976, ""fold_b_lcb"": -0.004859439777210355, ""fold_b_query_after"": 0.5523229837417603, ""fold_b_utility"": 0.0026350021362304688, ""harm_lcb_max"": -0.0027712045889347788, ""harm_mean"": -0.0003753590863198042, ""harm_se_mean"": 0.0017550832126289606, ""harm_ucb_max"": 0.008806047281250357, ""local_trainability"": -0.0005106627941131592, ""query_after"": 0.5895343124866486, ""query_before"": 0.5890236496925354, ""system_utility"": -0.0005106627941131592}}, ""status"": ""ok"", ""statusquo_loss"": 0.5890236496925354, ""total_memory_budget"": 512}, ""utility_status"": ""ok""}"
40,B2,B,2,default,reuse,safe_existing_reuse,0.6571301221847534,1,True,147456,592130,0,67694596,592130,4737056,512,28.294836207991466,487040512,0.0,15.08752189995721,1.2393685050774366,512,512,0.6591620445251465,-0.030364781618118286,0.004008769989013672,-0.03437355160713196,False,,"{""best_reuse"": ""default"", ""best_reuse_utility"": 0.004008769989013672, ""decision"": ""reuse"", ""fresh_advantage"": -0.03437355160713196, ""fresh_positive"": false, ""fresh_utility"": -0.030364781618118286, ""full_batch_guards"": {""default"": {""crossfit_feasible"": true, ""crossfit_utility"": 0.004008769989013672, ""crossfit_utility_positive"": true, ""full_batch_cur_after"": 0.6531550884246826, ""full_batch_cur_before"": 0.6591620445251465, ""full_batch_gain"": 0.006006956100463867, ""full_batch_harm"": 0.002002269495278597, ""full_batch_harm_lcb"": -0.004031003722921014, ""full_batch_harm_se"": 0.0030782006215304136, ""full_batch_harm_ucb"": 0.008035542713478207, ""full_batch_safe"": true}}, ""guarded_best_reuse"": ""default"", ""num_adapters"": 1, ""pending_after"": false, ""pending_before"": false, ""policy_version"": ""cau_v1"", ""reason"": ""safe_existing_reuse"", ""utility"": {""batch_n"": 16, ""best_reuse"": ""default"", ""best_reuse_query_after"": 0.6551532745361328, ""best_reuse_utility"": 0.004008769989013672, ""budget_blocked_fresh"": false, ""defer_utility"": 0.0, ""fold_a_fresh_utility"": -0.037581026554107666, ""fold_a_query_n"": 8, ""fold_a_support_n"": 8, ""fold_b_fresh_utility"": -0.023148536682128906, ""fold_b_query_n"": 8, ""fold_b_support_n"": 8, ""fresh_advantage"": -0.03437355160713196, ""fresh_local_trainability"": 0.022148728370666504, ""fresh_positive"": false, ""fresh_query_after"": 0.6895268261432648, ""fresh_query_before"": 0.7116755545139313, ""fresh_utility"": -0.030364781618118286, ""max_adapters"": 8, ""reuse_profiles"": {""default"": {""feasible_both"": true, ""fold_a_harm"": 0.0017080367542803288, ""fold_a_lcb"": -0.0040064846444875, ""fold_a_query_after"": 0.6515111923217773, ""fold_a_utility"": 0.004300475120544434, ""fold_b_harm"": 0.001180787105113268, ""fold_b_lcb"": -0.0041642333753407, ""fold_b_query_after"": 0.6587953567504883, ""fold_b_utility"": 0.00371706485748291, ""harm_lcb_max"": -0.0040064846444875, ""harm_mean"": 0.0014444119296967983, ""harm_se_mean"": 0.0028213117038831115, ""harm_ucb_max"": 0.007422558153048158, ""local_trainability"": 0.004008769989013672, ""query_after"": 0.6551532745361328, ""query_before"": 0.6591620445251465, ""system_utility"": 0.004008769989013672}}, ""status"": ""ok"", ""statusquo_loss"": 0.6591620445251465, ""total_memory_budget"": 512}, ""utility_status"": ""ok""}"
41,B2,B,2,default,reuse,safe_existing_reuse,0.5490301847457886,1,True,147456,592130,0,67694596,592130,4737056,512,28.70999734615907,487040512,0.0,15.497394781792536,1.2393685050774366,512,512,0.5354618430137634,-0.15074345469474792,0.01073068380355835,-0.16147413849830627,False,,"{""best_reuse"": ""default"", ""best_reuse_utility"": 0.01073068380355835, ""decision"": ""reuse"", ""fresh_advantage"": -0.16147413849830627, ""fresh_positive"": false, ""fresh_utility"": -0.15074345469474792, ""full_batch_guards"": {""default"": {""crossfit_feasible"": true, ""crossfit_utility"": 0.01073068380355835, ""crossfit_utility_positive"": true, ""full_batch_cur_after"": 0.5228537321090698, ""full_batch_cur_before"": 0.5354618430137634, ""full_batch_gain"": 0.012608110904693604, ""full_batch_harm"": 0.0053429496474564075, ""full_batch_harm_lcb"": -0.0033607140742242334, ""full_batch_harm_se"": 0.004440644755959511, ""full_batch_harm_ucb"": 0.014046613369137049, ""full_batch_safe"": true}}, ""guarded_best_reuse"": ""default"", ""num_adapters"": 1, ""pending_after"": false, ""pending_before"": false, ""policy_version"": ""cau_v1"", ""reason"": ""safe_existing_reuse"", ""utility"": {""batch_n"": 16, ""best_reuse"": ""default"", ""best_reuse_query_after"": 0.5247311592102051, ""best_reuse_utility"": 0.01073068380355835, ""budget_blocked_fresh"": false, ""defer_utility"": 0.0, ""fold_a_fresh_utility"": -0.1686367392539978, ""fold_a_query_n"": 8, ""fold_a_support_n"": 8, ""fold_b_fresh_utility"": -0.13285017013549805, ""fold_b_query_n"": 8, ""fold_b_support_n"": 8, ""fresh_advantage"": -0.16147413849830627, ""fresh_local_trainability"": 0.033697932958602905, ""fresh_positive"": false, ""fresh_query_after"": 0.6862052977085114, ""fresh_query_before"": 0.7199032306671143, ""fresh_utility"": -0.15074345469474792, ""max_adapters"": 8, ""reuse_profiles"": {""default"": {""feasible_both"": true, ""fold_a_harm"": 0.0054916865192353725, ""fold_a_lcb"": -0.0033154285699129107, ""fold_a_query_after"": 0.5085095763206482, ""fold_a_utility"": 0.006749331951141357, ""fold_b_harm"": 0.004133698996156454, ""fold_b_lcb"": -0.003428254434838891, ""fold_b_query_after"": 0.540952742099762, ""fold_b_utility"": 0.014712035655975342, ""harm_lcb_max"": -0.0033154285699129107, ""harm_mean"": 0.004812692757695913, ""harm_se_mean"": 0.0041757827857509255, ""harm_ucb_max"": 0.014298801608383656, ""local_trainability"": 0.01073068380355835, ""query_after"": 0.5247311592102051, ""query_before"": 0.5354618430137634, ""system_utility"": 0.01073068380355835}}, ""status"": ""ok"", ""statusquo_loss"": 0.5354618430137634, ""total_memory_budget"": 512}, ""utility_status"": ""ok""}"
42,B2,B,2,default,reuse,safe_existing_reuse,0.5478354692459106,1,True,147456,592130,0,67694596,592130,4737056,512,29.152708017034456,487040512,0.0,15.934669801732525,1.2393685050774366,512,512,0.551868349313736,-0.138857901096344,-0.001489400863647461,-0.13736850023269653,False,,"{""best_reuse"": ""default"", ""best_reuse_utility"": -0.001489400863647461, ""decision"": ""reuse"", ""fresh_advantage"": -0.13736850023269653, ""fresh_positive"": false, ""fresh_utility"": -0.138857901096344, ""full_batch_guards"": {""default"": {""crossfit_feasible"": true, ""crossfit_utility"": -0.001489400863647461, ""crossfit_utility_positive"": false, ""full_batch_cur_after"": 0.5517411231994629, ""full_batch_cur_before"": 0.5518683195114136, ""full_batch_gain"": 0.0001271963119506836, ""full_batch_harm"": 0.0007508902344852686, ""full_batch_harm_lcb"": -0.005689297141507268, ""full_batch_harm_se"": 0.003285809885710478, ""full_batch_harm_ucb"": 0.007191077610477805, ""full_batch_safe"": true}}, ""guarded_best_reuse"": ""default"", ""num_adapters"": 1, ""pending_after"": false, ""pending_before"": false, ""policy_version"": ""cau_v1"", ""reason"": ""safe_existing_reuse"", ""utility"": {""batch_n"": 16, ""best_reuse"": ""default"", ""best_reuse_query_after"": 0.5533577501773834, ""best_reuse_utility"": -0.001489400863647461, ""budget_blocked_fresh"": false, ""defer_utility"": 0.0, ""fold_a_fresh_utility"": -0.14873802661895752, ""fold_a_query_n"": 8, ""fold_a_support_n"": 8, ""fold_b_fresh_utility"": -0.12897777557373047, ""fold_b_query_n"": 8, ""fold_b_support_n"": 8, ""fresh_advantage"": -0.13736850023269653, ""fresh_local_trainability"": -7.030367851257324e-05, ""fresh_positive"": false, ""fresh_query_after"": 0.69072625041008, ""fresh_query_before"": 0.6906559467315674, ""fresh_utility"": -0.138857901096344, ""max_adapters"": 8, ""reuse_profiles"": {""default"": {""feasible_both"": true, ""fold_a_harm"": 0.0004355164710432291, ""fold_a_lcb"": -0.005509910201653838, ""fold_a_query_after"": 0.541526198387146, ""fold_a_utility"": -0.0024806857109069824, ""fold_b_harm"": 0.00022706645540893078, ""fold_b_lcb"": -0.005425471467897296, ""fold_b_query_after"": 0.5651893019676208, ""fold_b_utility"": -0.0004981160163879395, ""harm_lcb_max"": -0.005425471467897296, ""harm_mean"": 0.00033129146322607994, ""harm_se_mean"": 0.0029586644377559423, ""harm_ucb_max"": 0.006380943143740297, ""local_trainability"": -0.001489400863647461, ""query_after"": 0.5533577501773834, ""query_before"": 0.551868349313736, ""system_utility"": -0.001489400863647461}}, ""status"": ""ok"", ""statusquo_loss"": 0.551868349313736, ""total_memory_budget"": 512}, ""utility_status"": ""ok""}"
43,B2,B,2,default,reuse,safe_existing_reuse,0.5530558824539185,1,True,147456,592130,0,67694596,592130,4737056,512,29.589811222162098,487040512,0.0,16.36572706978768,1.2393685050774366,512,512,0.5674142837524414,-0.12776777148246765,0.0007494986057281494,-0.1285172700881958,False,,"{""best_reuse"": ""default"", ""best_reuse_utility"": 0.0007494986057281494, ""decision"": ""reuse"", ""fresh_advantage"": -0.1285172700881958, ""fresh_positive"": false, ""fresh_utility"": -0.12776777148246765, ""full_batch_guards"": {""default"": {""crossfit_feasible"": true, ""crossfit_utility"": 0.0007494986057281494, ""crossfit_utility_positive"": true, ""full_batch_cur_after"": 0.5638384819030762, ""full_batch_cur_before"": 0.5674142837524414, ""full_batch_gain"": 0.0035758018493652344, ""full_batch_harm"": -0.0008495498914271593, ""full_batch_harm_lcb"": -0.0036669764248654247, ""full_batch_harm_se"": 0.0014374625170603395, ""full_batch_harm_ucb"": 0.001967876642011106, ""full_batch_safe"": true}}, ""guarded_best_reuse"": ""default"", ""num_adapters"": 1, ""pending_after"": false, ""pending_before"": false, ""policy_version"": ""cau_v1"", ""reason"": ""safe_existing_reuse"", ""utility"": {""batch_n"": 16, ""best_reuse"": ""default"", ""best_reuse_query_after"": 0.5666647851467133, ""best_reuse_utility"": 0.0007494986057281494, ""budget_blocked_fresh"": false, ""defer_utility"": 0.0, ""fold_a_fresh_utility"": -0.1421690583229065, ""fold_a_query_n"": 8, ""fold_a_support_n"": 8, ""fold_b_fresh_utility"": -0.11336648464202881, ""fold_b_query_n"": 8, ""fold_b_support_n"": 8, ""fresh_advantage"": -0.1285172700881958, ""fresh_local_trainability"": -0.00027942657470703125, ""fresh_positive"": false, ""fresh_query_after"": 0.6951820552349091, ""fresh_query_before"": 0.694902628660202, ""fresh_utility"": -0.12776777148246765, ""max_adapters"": 8, ""reuse_profiles"": {""default"": {""feasible_both"": true, ""fold_a_harm"": -0.0006473117973655462, ""fold_a_lcb"": -0.0036844498431310058, ""fold_a_query_after"": 0.5617789626121521, ""fold_a_utility"": 0.0014197230339050293, ""fold_b_harm"": 0.0005407931748777628, ""fold_b_lcb"": -0.0037746358010917903, ""fold_b_query_after"": 0.5715506076812744, ""fold_b_utility"": 7.927417755126953e-05, ""harm_lcb_max"": -0.0036844498431310058, ""harm_mean"": -5.3259311243891716e-05, ""harm_se_mean"": 0.0018756548524834216, ""harm_ucb_max"": 0.004856222150847316, ""local_trainability"": 0.0007494986057281494, ""query_after"": 0.5666647851467133, ""query_before"": 0.5674142837524414, ""system_utility"": 0.0007494986057281494}}, ""status"": ""ok"", ""statusquo_loss"": 0.5674142837524414, ""total_memory_budget"": 512}, ""utility_status"": ""ok""}"
44,B2,B,2,default,reuse,safe_existing_reuse,0.5811716914176941,1,True,147456,592130,0,67694596,592130,4737056,512,30.023928923998028,487040512,0.0,16.794296838808805,1.2393685050774366,512,512,0.5540570616722107,-0.0651458203792572,0.00863686203956604,-0.07378268241882324,False,,"{""best_reuse"": ""default"", ""best_reuse_utility"": 0.00863686203956604, ""decision"": ""reuse"", ""fresh_advantage"": -0.07378268241882324, ""fresh_positive"": false, ""fresh_utility"": -0.0651458203792572, ""full_batch_guards"": {""default"": {""crossfit_feasible"": true, ""crossfit_utility"": 0.00863686203956604, ""crossfit_utility_positive"": true, ""full_batch_cur_after"": 0.5439080595970154, ""full_batch_cur_before"": 0.5540570020675659, ""full_batch_gain"": 0.010148942470550537, ""full_batch_harm"": -0.003194041782990098, ""full_batch_harm_lcb"": -0.005638458537869155, ""full_batch_harm_se"": 0.0012471514055505395, ""full_batch_harm_ucb"": -0.0007496250281110407, ""full_batch_safe"": true}}, ""guarded_best_reuse"": ""default"", ""num_adapters"": 1, ""pending_after"": false, ""pending_before"": false, ""policy_version"": ""cau_v1"", ""reason"": ""safe_existing_reuse"", ""utility"": {""batch_n"": 16, ""best_reuse"": ""default"", ""best_reuse_query_after"": 0.5454201996326447, ""best_reuse_utility"": 0.00863686203956604, ""budget_blocked_fresh"": false, ""defer_utility"": 0.0, ""fold_a_fresh_utility"": -0.06415104866027832, ""fold_a_query_n"": 8, ""fold_a_support_n"": 8, ""fold_b_fresh_utility"": -0.06614059209823608, ""fold_b_query_n"": 8, ""fold_b_support_n"": 8, ""fresh_advantage"": -0.07378268241882324, ""fresh_local_trainability"": 0.03500792384147644, ""fresh_positive"": false, ""fresh_query_after"": 0.6192028820514679, ""fresh_query_before"": 0.6542108058929443, ""fresh_utility"": -0.0651458203792572, ""max_adapters"": 8, ""reuse_profiles"": {""default"": {""feasible_both"": true, ""fold_a_harm"": -0.0030419756658375263, ""fold_a_lcb"": -0.005169169367291033, ""fold_a_query_after"": 0.5122045874595642, ""fold_a_utility"": 0.010149657726287842, ""fold_b_harm"": -0.003190964227542281, ""fold_b_lcb"": -0.005430694501847029, ""fold_b_query_after"": 0.5786358118057251, ""fold_b_utility"": 0.007124066352844238, ""harm_lcb_max"": -0.005169169367291033, ""harm_mean"": -0.0031164699466899037, ""harm_se_mean"": 0.0011140112183056772, ""harm_ucb_max"": -0.0009147819643840196, ""local_trainability"": 0.00863686203956604, ""query_after"": 0.5454201996326447, ""query_before"": 0.5540570616722107, ""system_utility"": 0.00863686203956604}}, ""status"": ""ok"", ""statusquo_loss"": 0.5540570616722107, ""total_memory_budget"": 512}, ""utility_status"": ""ok""}"
45,B2,B,2,default,reuse,safe_existing_reuse,0.5536871552467346,1,True,147456,592130,0,67694596,592130,4737056,512,30.467904909979552,487040512,0.0,17.23289201594889,1.2393685050774366,512,512,0.5257413685321808,-0.20890086889266968,-0.003453463315963745,-0.20544740557670593,False,,"{""best_reuse"": ""default"", ""best_reuse_utility"": -0.003453463315963745, ""decision"": ""reuse"", ""fresh_advantage"": -0.20544740557670593, ""fresh_positive"": false, ""fresh_utility"": -0.20890086889266968, ""full_batch_guards"": {""default"": {""crossfit_feasible"": true, ""crossfit_utility"": -0.003453463315963745, ""crossfit_utility_positive"": false, ""full_batch_cur_after"": 0.5216026306152344, ""full_batch_cur_before"": 0.5257413387298584, ""full_batch_gain"": 0.0041387081146240234, ""full_batch_harm"": -0.003045059274882078, ""full_batch_harm_lcb"": -0.004965819367207587, ""full_batch_harm_se"": 0.000979979638941586, ""full_batch_harm_ucb"": -0.0011242991825565695, ""full_batch_safe"": true}}, ""guarded_best_reuse"": ""default"", ""num_adapters"": 1, ""pending_after"": false, ""pending_before"": false, ""policy_version"": ""cau_v1"", ""reason"": ""safe_existing_reuse"", ""utility"": {""batch_n"": 16, ""best_reuse"": ""default"", ""best_reuse_query_after"": 0.5291948318481445, ""best_reuse_utility"": -0.003453463315963745, ""budget_blocked_fresh"": false, ""defer_utility"": 0.0, ""fold_a_fresh_utility"": -0.24683630466461182, ""fold_a_query_n"": 8, ""fold_a_support_n"": 8, ""fold_b_fresh_utility"": -0.17096543312072754, ""fold_b_query_n"": 8, ""fold_b_support_n"": 8, ""fresh_advantage"": -0.20544740557670593, ""fresh_local_trainability"": -0.035542458295822144, ""fresh_positive"": false, ""fresh_query_after"": 0.7346422374248505, ""fresh_query_before"": 0.6990997791290283, ""fresh_utility"": -0.20890086889266968, ""max_adapters"": 8, ""reuse_profiles"": {""default"": {""feasible_both"": true, ""fold_a_harm"": -0.004367003217339516, ""fold_a_lcb"": -0.00971045066602528, ""fold_a_query_after"": 0.5340416431427002, ""fold_a_utility"": -0.008879005908966064, ""fold_b_harm"": -0.0017025351990014315, ""fold_b_lcb"": -0.0037146062031388283, ""fold_b_query_after"": 0.5243480205535889, ""fold_b_utility"": 0.0019720792770385742, ""harm_lcb_max"": -0.0037146062031388283, ""harm_mean"": -0.0030347692081704736, ""harm_se_mean"": 0.0018764077685773373, ""harm_ucb_max"": 0.0009764442313462494, ""local_trainability"": -0.003453463315963745, ""query_after"": 0.5291948318481445, ""query_before"": 0.5257413685321808, ""system_utility"": -0.003453463315963745}}, ""status"": ""ok"", ""statusquo_loss"": 0.5257413685321808, ""total_memory_budget"": 512}, ""utility_status"": ""ok""}"
46,B2,B,2,default,reuse,safe_existing_reuse,0.6434850692749023,1,True,147456,592130,0,67694596,592130,4737056,512,30.901983140967786,487040512,0.0,17.661205888027325,1.2393685050774366,512,512,0.6134301722049713,-0.0798690915107727,0.006327182054519653,-0.08619627356529236,False,,"{""best_reuse"": ""default"", ""best_reuse_utility"": 0.006327182054519653, ""decision"": ""reuse"", ""fresh_advantage"": -0.08619627356529236, ""fresh_positive"": false, ""fresh_utility"": -0.0798690915107727, ""full_batch_guards"": {""default"": {""crossfit_feasible"": true, ""crossfit_utility"": 0.006327182054519653, ""crossfit_utility_positive"": true, ""full_batch_cur_after"": 0.6046099662780762, ""full_batch_cur_before"": 0.6134301424026489, ""full_batch_gain"": 0.008820176124572754, ""full_batch_harm"": -0.00384543277323246, ""full_batch_harm_lcb"": -0.008951375698670744, ""full_batch_harm_se"": 0.002605072921141982, ""full_batch_harm_ucb"": 0.0012605101522058246, ""full_batch_safe"": true}}, ""guarded_best_reuse"": ""default"", ""num_adapters"": 1, ""pending_after"": false, ""pending_before"": false, ""policy_version"": ""cau_v1"", ""reason"": ""safe_existing_reuse"", ""utility"": {""batch_n"": 16, ""best_reuse"": ""default"", ""best_reuse_query_after"": 0.6071029901504517, ""best_reuse_utility"": 0.006327182054519653, ""budget_blocked_fresh"": false, ""defer_utility"": 0.0, ""fold_a_fresh_utility"": -0.10475718975067139, ""fold_a_query_n"": 8, ""fold_a_support_n"": 8, ""fold_b_fresh_utility"": -0.05498099327087402, ""fold_b_query_n"": 8, ""fold_b_support_n"": 8, ""fresh_advantage"": -0.08619627356529236, ""fresh_local_trainability"": -0.004059910774230957, ""fresh_positive"": false, ""fresh_query_after"": 0.693299263715744, ""fresh_query_before"": 0.6892393529415131, ""fresh_utility"": -0.0798690915107727, ""max_adapters"": 8, ""reuse_profiles"": {""default"": {""feasible_both"": true, ""fold_a_harm"": -0.003591825719922781, ""fold_a_lcb"": -0.007804516600444913, ""fold_a_query_after"": 0.5723592042922974, ""fold_a_utility"": 0.0077686309814453125, ""fold_b_harm"": -0.003865304868668318, ""fold_b_lcb"": -0.008553142612800001, ""fold_b_query_after"": 0.641846776008606, ""fold_b_utility"": 0.004885733127593994, ""harm_lcb_max"": -0.007804516600444913, ""harm_mean"": -0.0037285652942955494, ""harm_se_mean"": 0.0022705430164933205, ""harm_ucb_max"": 0.0008225328754633667, ""local_trainability"": 0.006327182054519653, ""query_after"": 0.6071029901504517, ""query_before"": 0.6134301722049713, ""system_utility"": 0.006327182054519653}}, ""status"": ""ok"", ""statusquo_loss"": 0.6134301722049713, ""total_memory_budget"": 512}, ""utility_status"": ""ok""}"
47,B2,B,2,default,reuse,safe_existing_reuse,0.5112127661705017,1,True,147456,592130,0,67694596,592130,4737056,512,31.32396936812438,487040512,0.0,18.07764557097107,1.2393685050774366,512,512,0.5091279745101929,-0.18905022740364075,0.007629886269569397,-0.19668011367321014,False,,"{""best_reuse"": ""default"", ""best_reuse_utility"": 0.007629886269569397, ""decision"": ""reuse"", ""fresh_advantage"": -0.19668011367321014, ""fresh_positive"": false, ""fresh_utility"": -0.18905022740364075, ""full_batch_guards"": {""default"": {""crossfit_feasible"": true, ""crossfit_utility"": 0.007629886269569397, ""crossfit_utility_positive"": true, ""full_batch_cur_after"": 0.49973222613334656, ""full_batch_cur_before"": 0.5091278553009033, ""full_batch_gain"": 0.009395629167556763, ""full_batch_harm"": -0.005705101415514946, ""full_batch_harm_lcb"": -0.013602956682443618, ""full_batch_harm_se"": 0.0040295179933309555, ""full_batch_harm_ucb"": 0.0021927538514137264, ""full_batch_safe"": true}}, ""guarded_best_reuse"": ""default"", ""num_adapters"": 1, ""pending_after"": false, ""pending_before"": false, ""policy_version"": ""cau_v1"", ""reason"": ""safe_existing_reuse"", ""utility"": {""batch_n"": 16, ""best_reuse"": ""default"", ""best_reuse_query_after"": 0.5014980882406235, ""best_reuse_utility"": 0.007629886269569397, ""budget_blocked_fresh"": false, ""defer_utility"": 0.0, ""fold_a_fresh_utility"": -0.2960802912712097, ""fold_a_query_n"": 8, ""fold_a_support_n"": 8, ""fold_b_fresh_utility"": -0.08202016353607178, ""fold_b_query_n"": 8, ""fold_b_support_n"": 8, ""fresh_advantage"": -0.19668011367321014, ""fresh_local_trainability"": 0.004972368478775024, ""fresh_positive"": false, ""fresh_query_after"": 0.6981782019138336, ""fresh_query_before"": 0.7031505703926086, ""fresh_utility"": -0.18905022740364075, ""max_adapters"": 8, ""reuse_profiles"": {""default"": {""feasible_both"": true, ""fold_a_harm"": -0.005509695503860712, ""fold_a_lcb"": -0.012782984143123031, ""fold_a_query_after"": 0.39088770747184753, ""fold_a_utility"": 0.008444935083389282, ""fold_b_harm"": -0.005096752662211657, ""fold_b_lcb"": -0.011420905329287051, ""fold_b_query_after"": 0.6121084690093994, ""fold_b_utility"": 0.006814837455749512, ""harm_lcb_max"": -0.011420905329287051, ""harm_mean"": -0.005303224083036184, ""harm_se_mean"": 0.003468735027126968, ""harm_ucb_max"": 0.0017635931354016065, ""local_trainability"": 0.007629886269569397, ""query_after"": 0.5014980882406235, ""query_before"": 0.5091279745101929, ""system_utility"": 0.007629886269569397}}, ""status"": ""ok"", ""statusquo_loss"": 0.5091279745101929, ""total_memory_budget"": 512}, ""utility_status"": ""ok""}"
48,B2,B,2,default,reuse,safe_existing_reuse,0.52220219373703,1,True,147456,592130,0,67694596,592130,4737056,512,31.764212670037523,487040512,0.0,18.512434641830623,1.2393685050774366,512,512,0.49927088618278503,-0.20109611749649048,-0.006722152233123779,-0.1943739652633667,False,,"{""best_reuse"": ""default"", ""best_reuse_utility"": -0.006722152233123779, ""decision"": ""reuse"", ""fresh_advantage"": -0.1943739652633667, ""fresh_positive"": false, ""fresh_utility"": -0.20109611749649048, ""full_batch_guards"": {""default"": {""crossfit_feasible"": true, ""crossfit_utility"": -0.006722152233123779, ""crossfit_utility_positive"": false, ""full_batch_cur_after"": 0.5015141367912292, ""full_batch_cur_before"": 0.4992707371711731, ""full_batch_gain"": -0.0022433996200561523, ""full_batch_harm"": -0.003936261869966984, ""full_batch_harm_lcb"": -0.007681965618394316, ""full_batch_harm_se"": 0.0019110733410343528, ""full_batch_harm_ucb"": -0.00019055812153965243, ""full_batch_safe"": true}}, ""guarded_best_reuse"": ""default"", ""num_adapters"": 1, ""pending_after"": false, ""pending_before"": false, ""policy_version"": ""cau_v1"", ""reason"": ""safe_existing_reuse"", ""utility"": {""batch_n"": 16, ""best_reuse"": ""default"", ""best_reuse_query_after"": 0.5059930384159088, ""best_reuse_utility"": -0.006722152233123779, ""budget_blocked_fresh"": false, ""defer_utility"": 0.0, ""fold_a_fresh_utility"": -0.23418527841567993, ""fold_a_query_n"": 8, ""fold_a_support_n"": 8, ""fold_b_fresh_utility"": -0.16800695657730103, ""fold_b_query_n"": 8, ""fold_b_support_n"": 8, ""fresh_advantage"": -0.1943739652633667, ""fresh_local_trainability"": 0.043196648359298706, ""fresh_positive"": false, ""fresh_query_after"": 0.7003670036792755, ""fresh_query_before"": 0.7435636520385742, ""fresh_utility"": -0.20109611749649048, ""max_adapters"": 8, ""reuse_profiles"": {""default"": {""feasible_both"": true, ""fold_a_harm"": -0.0036397860385477543, ""fold_a_lcb"": -0.006863332684151829, ""fold_a_query_after"": 0.4596060514450073, ""fold_a_utility"": 0.00350189208984375, ""fold_b_harm"": -0.004892783239483833, ""fold_b_lcb"": -0.010784468995407224, ""fold_b_query_after"": 0.5523800253868103, ""fold_b_utility"": -0.01694619655609131, ""harm_lcb_max"": -0.006863332684151829, ""harm_mean"": -0.004266284639015794, ""harm_se_mean"": 0.0023253143881447613, ""harm_ucb_max"": 0.0009989025164395572, ""local_trainability"": -0.006722152233123779, ""query_after"": 0.5059930384159088, ""query_before"": 0.49927088618278503, ""system_utility"": -0.006722152233123779}}, ""status"": ""ok"", ""statusquo_loss"": 0.49927088618278503, ""total_memory_budget"": 512}, ""utility_status"": ""ok""}"
49,C1,C,1,default,reuse,safe_existing_reuse,0.5810478925704956,1,True,147456,592130,0,67694596,592130,4737056,512,32.82685925415717,487040512,0.0,18.93314869282767,1.8749633820261806,512,512,0.5757071375846863,-0.12808769941329956,0.0025533735752105713,-0.13064107298851013,False,,"{""best_reuse"": ""default"", ""best_reuse_utility"": 0.0025533735752105713, ""decision"": ""reuse"", ""fresh_advantage"": -0.13064107298851013, ""fresh_positive"": false, ""fresh_utility"": -0.12808769941329956, ""full_batch_guards"": {""default"": {""crossfit_feasible"": true, ""crossfit_utility"": 0.0025533735752105713, ""crossfit_utility_positive"": true, ""full_batch_cur_after"": 0.5696977376937866, ""full_batch_cur_before"": 0.5757071375846863, ""full_batch_gain"": 0.006009399890899658, ""full_batch_harm"": -0.004516564309597015, ""full_batch_harm_lcb"": -0.0101579559314996, ""full_batch_harm_se"": 0.0028782610315829515, ""full_batch_harm_ucb"": 0.0011248273123055695, ""full_batch_safe"": true}}, ""guarded_best_reuse"": ""default"", ""num_adapters"": 1, ""pending_after"": false, ""pending_before"": false, ""policy_version"": ""cau_v1"", ""reason"": ""safe_existing_reuse"", ""utility"": {""batch_n"": 16, ""best_reuse"": ""default"", ""best_reuse_query_after"": 0.5731537640094757, ""best_reuse_utility"": 0.0025533735752105713, ""budget_blocked_fresh"": false, ""defer_utility"": 0.0, ""fold_a_fresh_utility"": -0.09064120054244995, ""fold_a_query_n"": 8, ""fold_a_support_n"": 8, ""fold_b_fresh_utility"": -0.16553419828414917, ""fold_b_query_n"": 8, ""fold_b_support_n"": 8, ""fresh_advantage"": -0.13064107298851013, ""fresh_local_trainability"": 0.007215738296508789, ""fresh_positive"": false, ""fresh_query_after"": 0.7037948369979858, ""fresh_query_before"": 0.7110105752944946, ""fresh_utility"": -0.12808769941329956, ""max_adapters"": 8, ""reuse_profiles"": {""default"": {""feasible_both"": true, ""fold_a_harm"": -0.003978363238275051, ""fold_a_lcb"": -0.007478793822228908, ""fold_a_query_after"": 0.6065946221351624, ""fold_a_utility"": 0.0037006139755249023, ""fold_b_harm"": -0.004412689246237278, ""fold_b_lcb"": -0.01035897111520171, ""fold_b_query_after"": 0.5397129058837891, ""fold_b_utility"": 0.0014061331748962402, ""harm_lcb_max"": -0.007478793822228908, ""harm_mean"": -0.0041955262422561646, ""harm_se_mean"": 0.002409875625744462, ""harm_ucb_max"": 0.0015335926227271557, ""local_trainability"": 0.0025533735752105713, ""query_after"": 0.5731537640094757, ""query_before"": 0.5757071375846863, ""system_utility"": 0.0025533735752105713}}, ""status"": ""ok"", ""statusquo_loss"": 0.5757071375846863, ""total_memory_budget"": 512}, ""utility_status"": ""ok""}"
50,C1,C,1,default,reuse,safe_existing_reuse,0.5465061664581299,1,True,147456,592130,0,67694596,592130,4737056,512,33.261604444123805,487040512,0.0,19.362246646778658,1.8749633820261806,512,512,0.5599791705608368,-0.13041484355926514,0.016342997550964355,-0.1467578411102295,False,,"{""best_reuse"": ""default"", ""best_reuse_utility"": 0.016342997550964355, ""decision"": ""reuse"", ""fresh_advantage"": -0.1467578411102295, ""fresh_positive"": false, ""fresh_utility"": -0.13041484355926514, ""full_batch_guards"": {""default"": {""crossfit_feasible"": true, ""crossfit_utility"": 0.016342997550964355, ""crossfit_utility_positive"": true, ""full_batch_cur_after"": 0.5419600009918213, ""full_batch_cur_before"": 0.5599791407585144, ""full_batch_gain"": 0.018019139766693115, ""full_batch_harm"": -0.006587481126189232, ""full_batch_harm_lcb"": -0.014751245845109224, ""full_batch_harm_se"": 0.004165186081081629, ""full_batch_harm_ucb"": 0.0015762835927307598, ""full_batch_safe"": true}}, ""guarded_best_reuse"": ""default"", ""num_adapters"": 1, ""pending_after"": false, ""pending_before"": false, ""policy_version"": ""cau_v1"", ""reason"": ""safe_existing_reuse"", ""utility"": {""batch_n"": 16, ""best_reuse"": ""default"", ""best_reuse_query_after"": 0.5436361730098724, ""best_reuse_utility"": 0.016342997550964355, ""budget_blocked_fresh"": false, ""defer_utility"": 0.0, ""fold_a_fresh_utility"": -0.10675734281539917, ""fold_a_query_n"": 8, ""fold_a_support_n"": 8, ""fold_b_fresh_utility"": -0.1540723443031311, ""fold_b_query_n"": 8, ""fold_b_support_n"": 8, ""fresh_advantage"": -0.1467578411102295, ""fresh_local_trainability"": -0.00905001163482666, ""fresh_positive"": false, ""fresh_query_after"": 0.6903940141201019, ""fresh_query_before"": 0.6813440024852753, ""fresh_utility"": -0.13041484355926514, ""max_adapters"": 8, ""reuse_profiles"": {""default"": {""feasible_both"": true, ""fold_a_harm"": -0.006469065323472023, ""fold_a_lcb"": -0.013966709272935987, ""fold_a_query_after"": 0.5497144460678101, ""fold_a_utility"": 0.022175490856170654, ""fold_b_harm"": -0.006429858505725861, ""fold_b_lcb"": -0.014549020677804947, ""fold_b_query_after"": 0.5375578999519348, ""fold_b_utility"": 0.010510504245758057, ""harm_lcb_max"": -0.013966709272935987, ""harm_mean"": -0.006449461914598942, ""harm_se_mean"": 0.003983879112638533, ""harm_ucb_max"": 0.0016893036663532257, ""local_trainability"": 0.016342997550964355, ""query_after"": 0.5436361730098724, ""query_before"": 0.5599791705608368, ""system_utility"": 0.016342997550964355}}, ""status"": ""ok"", ""statusquo_loss"": 0.5599791705608368, ""total_memory_budget"": 512}, ""utility_status"": ""ok""}"
51,C1,C,1,default,reuse,safe_existing_reuse,0.47515881061553955,1,True,147456,592130,0,67694596,592130,4737056,512,33.68384477798827,487040512,0.0,19.778550666756928,1.8749633820261806,512,512,0.4507538825273514,-0.21436946094036102,0.020983025431632996,-0.23535248637199402,False,,"{""best_reuse"": ""default"", ""best_reuse_utility"": 0.020983025431632996, ""decision"": ""reuse"", ""fresh_advantage"": -0.23535248637199402, ""fresh_positive"": false, ""fresh_utility"": -0.21436946094036102, ""full_batch_guards"": {""default"": {""crossfit_feasible"": true, ""crossfit_utility"": 0.020983025431632996, ""crossfit_utility_positive"": true, ""full_batch_cur_after"": 0.4284689426422119, ""full_batch_cur_before"": 0.4507538676261902, ""full_batch_gain"": 0.02228492498397827, ""full_batch_harm"": -0.005606950260698795, ""full_batch_harm_lcb"": -0.01630847293883562, ""full_batch_harm_se"": 0.005459960550069809, ""full_batch_harm_ucb"": 0.005094572417438031, ""full_batch_safe"": true}}, ""guarded_best_reuse"": ""default"", ""num_adapters"": 1, ""pending_after"": false, ""pending_before"": false, ""policy_version"": ""cau_v1"", ""reason"": ""safe_existing_reuse"", ""utility"": {""batch_n"": 16, ""best_reuse"": ""default"", ""best_reuse_query_after"": 0.4297708570957184, ""best_reuse_utility"": 0.020983025431632996, ""budget_blocked_fresh"": false, ""defer_utility"": 0.0, ""fold_a_fresh_utility"": -0.21659371256828308, ""fold_a_query_n"": 8, ""fold_a_support_n"": 8, ""fold_b_fresh_utility"": -0.21214520931243896, ""fold_b_query_n"": 8, ""fold_b_support_n"": 8, ""fresh_advantage"": -0.23535248637199402, ""fresh_local_trainability"": 0.019466161727905273, ""fresh_positive"": false, ""fresh_query_after"": 0.6651233434677124, ""fresh_query_before"": 0.6845895051956177, ""fresh_utility"": -0.21436946094036102, ""max_adapters"": 8, ""reuse_profiles"": {""default"": {""feasible_both"": true, ""fold_a_harm"": -0.005539149045944214, ""fold_a_lcb"": -0.015586218405514956, ""fold_a_query_after"": 0.42505770921707153, ""fold_a_utility"": 0.02445635199546814, ""fold_b_harm"": -0.005629251711070538, ""fold_b_lcb"": -0.01624903606250882, ""fold_b_query_after"": 0.43448400497436523, ""fold_b_utility"": 0.01750969886779785, ""harm_lcb_max"": -0.015586218405514956, ""harm_mean"": -0.005584200378507376, ""harm_se_mean"": 0.005272156558930874, ""harm_ucb_max"": 0.004990532640367746, ""local_trainability"": 0.020983025431632996, ""query_after"": 0.4297708570957184, ""query_before"": 0.4507538825273514, ""system_utility"": 0.020983025431632996}}, ""status"": ""ok"", ""statusquo_loss"": 0.4507538825273514, ""total_memory_budget"": 512}, ""utility_status"": ""ok""}"
52,C1,C,1,default,reuse,safe_existing_reuse,0.5394372940063477,1,True,147456,592130,0,67694596,592130,4737056,512,34.13205760112032,487040512,0.0,20.221091132611036,1.8749633820261806,512,512,0.515635147690773,-0.13640861213207245,0.01844877004623413,-0.15485738217830658,False,,"{""best_reuse"": ""default"", ""best_reuse_utility"": 0.01844877004623413, ""decision"": ""reuse"", ""fresh_advantage"": -0.15485738217830658, ""fresh_positive"": false, ""fresh_utility"": -0.13640861213207245, ""full_batch_guards"": {""default"": {""crossfit_feasible"": true, ""crossfit_utility"": 0.01844877004623413, ""crossfit_utility_positive"": true, ""full_batch_cur_after"": 0.4954238831996918, ""full_batch_cur_before"": 0.5156351327896118, ""full_batch_gain"": 0.020211249589920044, ""full_batch_harm"": 2.4866312742233276e-05, ""full_batch_harm_lcb"": -0.013189881052821874, ""full_batch_harm_se"": 0.006742218043655157, ""full_batch_harm_ucb"": 0.01323961367830634, ""full_batch_safe"": true}}, ""guarded_best_reuse"": ""default"", ""num_adapters"": 1, ""pending_after"": false, ""pending_before"": false, ""policy_version"": ""cau_v1"", ""reason"": ""safe_existing_reuse"", ""utility"": {""batch_n"": 16, ""best_reuse"": ""default"", ""best_reuse_query_after"": 0.4971863776445389, ""best_reuse_utility"": 0.01844877004623413, ""budget_blocked_fresh"": false, ""defer_utility"": 0.0, ""fold_a_fresh_utility"": -0.1864454448223114, ""fold_a_query_n"": 8, ""fold_a_support_n"": 8, ""fold_b_fresh_utility"": -0.0863717794418335, ""fold_b_query_n"": 8, ""fold_b_support_n"": 8, ""fresh_advantage"": -0.15485738217830658, ""fresh_local_trainability"": 0.021177351474761963, ""fresh_positive"": false, ""fresh_query_after"": 0.6520437598228455, ""fresh_query_before"": 0.6732211112976074, ""fresh_utility"": -0.13640861213207245, ""max_adapters"": 8, ""reuse_profiles"": {""default"": {""feasible_both"": true, ""fold_a_harm"": -0.0002004220150411129, ""fold_a_lcb"": -0.012780293393880128, ""fold_a_query_after"": 0.43150249123573303, ""fold_a_utility"": 0.021262288093566895, ""fold_b_harm"": -7.425015792250633e-05, ""fold_b_lcb"": -0.012889196462929249, ""fold_b_query_after"": 0.5628702640533447, ""fold_b_utility"": 0.015635251998901367, ""harm_lcb_max"": -0.012780293393880128, ""harm_mean"": -0.00013733608648180962, ""harm_se_mean"": 0.0064782698173075914, ""harm_ucb_max"": 0.012740696147084236, ""local_trainability"": 0.01844877004623413, ""query_after"": 0.4971863776445389, ""query_before"": 0.515635147690773, ""system_utility"": 0.01844877004623413}}, ""status"": ""ok"", ""statusquo_loss"": 0.515635147690773, ""total_memory_budget"": 512}, ""utility_status"": ""ok""}"
53,C1,C,1,default,reuse,safe_existing_reuse,0.5250320434570312,1,True,147456,592130,0,67694596,592130,4737056,512,34.576153218979016,487040512,0.0,20.659258626634255,1.8749633820261806,512,512,0.5143558979034424,-0.2176819145679474,-0.010651752352714539,-0.20703016221523285,False,,"{""best_reuse"": ""default"", ""best_reuse_utility"": -0.010651752352714539, ""decision"": ""reuse"", ""fresh_advantage"": -0.20703016221523285, ""fresh_positive"": false, ""fresh_utility"": -0.2176819145679474, ""full_batch_guards"": {""default"": {""crossfit_feasible"": true, ""crossfit_utility"": -0.010651752352714539, ""crossfit_utility_positive"": false, ""full_batch_cur_after"": 0.5162198543548584, ""full_batch_cur_before"": 0.5143558979034424, ""full_batch_gain"": -0.0018639564514160156, ""full_batch_harm"": 0.0022097479086369276, ""full_batch_harm_lcb"": -0.007564209001138807, ""full_batch_harm_se"": 0.004986712709069252, ""full_batch_harm_ucb"": 0.011983704818412662, ""full_batch_safe"": true}}, ""guarded_best_reuse"": ""default"", ""num_adapters"": 1, ""pending_after"": false, ""pending_before"": false, ""policy_version"": ""cau_v1"", ""reason"": ""safe_existing_reuse"", ""utility"": {""batch_n"": 16, ""best_reuse"": ""default"", ""best_reuse_query_after"": 0.5250076502561569, ""best_reuse_utility"": -0.010651752352714539, ""budget_blocked_fresh"": false, ""defer_utility"": 0.0, ""fold_a_fresh_utility"": -0.34695929288864136, ""fold_a_query_n"": 8, ""fold_a_support_n"": 8, ""fold_b_fresh_utility"": -0.08840453624725342, ""fold_b_query_n"": 8, ""fold_b_support_n"": 8, ""fresh_advantage"": -0.20703016221523285, ""fresh_local_trainability"": -0.027797996997833252, ""fresh_positive"": false, ""fresh_query_after"": 0.7320378124713898, ""fresh_query_before"": 0.7042398154735565, ""fresh_utility"": -0.2176819145679474, ""max_adapters"": 8, ""reuse_profiles"": {""default"": {""feasible_both"": true, ""fold_a_harm"": 0.005963156931102276, ""fold_a_lcb"": -0.009315897319465876, ""fold_a_query_after"": 0.4501447379589081, ""fold_a_utility"": -0.03114345669746399, ""fold_b_harm"": 0.001776386285200715, ""fold_b_lcb"": -0.007078603366389871, ""fold_b_query_after"": 0.5998705625534058, ""fold_b_utility"": 0.009839951992034912, ""harm_lcb_max"": -0.007078603366389871, ""harm_mean"": 0.0038697716081514955, ""harm_se_mean"": 0.006156643852591515, ""harm_ucb_max"": 0.021242211181670426, ""local_trainability"": -0.010651752352714539, ""query_after"": 0.5250076502561569, ""query_before"": 0.5143558979034424, ""system_utility"": -0.010651752352714539}}, ""status"": ""ok"", ""statusquo_loss"": 0.5143558979034424, ""total_memory_budget"": 512}, ""utility_status"": ""ok""}"
54,C1,C,1,default,reuse,safe_existing_reuse,0.5952430963516235,1,True,147456,592130,0,67694596,592130,4737056,512,35.011337211122736,487040512,0.0,21.087682210607454,1.8749633820261806,512,512,0.5738714933395386,-0.1331396996974945,-0.0026069581508636475,-0.13053274154663086,False,,"{""best_reuse"": ""default"", ""best_reuse_utility"": -0.0026069581508636475, ""decision"": ""reuse"", ""fresh_advantage"": -0.13053274154663086, ""fresh_positive"": false, ""fresh_utility"": -0.1331396996974945, ""full_batch_guards"": {""default"": {""crossfit_feasible"": true, ""crossfit_utility"": -0.0026069581508636475, ""crossfit_utility_positive"": false, ""full_batch_cur_after"": 0.5740396976470947, ""full_batch_cur_before"": 0.5738715529441833, ""full_batch_gain"": -0.00016814470291137695, ""full_batch_harm"": 0.003444398520514369, ""full_batch_harm_lcb"": -0.0029601261671632524, ""full_batch_harm_se"": 0.0032676146365702152, ""full_batch_harm_ucb"": 0.00984892320819199, ""full_batch_safe"": true}}, ""guarded_best_reuse"": ""default"", ""num_adapters"": 1, ""pending_after"": false, ""pending_before"": false, ""policy_version"": ""cau_v1"", ""reason"": ""safe_existing_reuse"", ""utility"": {""batch_n"": 16, ""best_reuse"": ""default"", ""best_reuse_query_after"": 0.5764784514904022, ""best_reuse_utility"": -0.0026069581508636475, ""budget_blocked_fresh"": false, ""defer_utility"": 0.0, ""fold_a_fresh_utility"": -0.0687861442565918, ""fold_a_query_n"": 8, ""fold_a_support_n"": 8, ""fold_b_fresh_utility"": -0.19749325513839722, ""fold_b_query_n"": 8, ""fold_b_support_n"": 8, ""fresh_advantage"": -0.13053274154663086, ""fresh_local_trainability"": 0.0016539990901947021, ""fresh_positive"": false, ""fresh_query_after"": 0.7070111930370331, ""fresh_query_before"": 0.7086651921272278, ""fresh_utility"": -0.1331396996974945, ""max_adapters"": 8, ""reuse_profiles"": {""default"": {""feasible_both"": true, ""fold_a_harm"": 0.0038521187379956245, ""fold_a_lcb"": -0.0031701127532869572, ""fold_a_query_after"": 0.6366186141967773, ""fold_a_utility"": -0.003010272979736328, ""fold_b_harm"": 0.004109067842364311, ""fold_b_lcb"": -0.0029369311686605216, ""fold_b_query_after"": 0.5163382887840271, ""fold_b_utility"": -0.002203643321990967, ""harm_lcb_max"": -0.0029369311686605216, ""harm_mean"": 0.003980593290179968, ""harm_se_mean"": 0.003588834311813116, ""harm_ucb_max"": 0.011155066853389144, ""local_trainability"": -0.0026069581508636475, ""query_after"": 0.5764784514904022, ""query_before"": 0.5738714933395386, ""system_utility"": -0.0026069581508636475}}, ""status"": ""ok"", ""statusquo_loss"": 0.5738714933395386, ""total_memory_budget"": 512}, ""utility_status"": ""ok""}"
55,C1,C,1,default,reuse,safe_existing_reuse,0.5549344420433044,1,True,147456,592130,0,67694596,592130,4737056,512,35.45082463207655,487040512,0.0,21.520220139529556,1.8749633820261806,512,512,0.5571054816246033,-0.15504592657089233,-0.000967562198638916,-0.15407836437225342,False,,"{""best_reuse"": ""default"", ""best_reuse_utility"": -0.000967562198638916, ""decision"": ""reuse"", ""fresh_advantage"": -0.15407836437225342, ""fresh_positive"": false, ""fresh_utility"": -0.15504592657089233, ""full_batch_guards"": {""default"": {""crossfit_feasible"": true, ""crossfit_utility"": -0.000967562198638916, ""crossfit_utility_positive"": false, ""full_batch_cur_after"": 0.5548532605171204, ""full_batch_cur_before"": 0.5571054220199585, ""full_batch_gain"": 0.0022521615028381348, ""full_batch_harm"": 0.0011013291077688336, ""full_batch_harm_lcb"": -0.001928927209228277, ""full_batch_harm_se"": 0.0015460491413250566, ""full_batch_harm_ucb"": 0.004131585424765945, ""full_batch_safe"": true}}, ""guarded_best_reuse"": ""default"", ""num_adapters"": 1, ""pending_after"": false, ""pending_before"": false, ""policy_version"": ""cau_v1"", ""reason"": ""safe_existing_reuse"", ""utility"": {""batch_n"": 16, ""best_reuse"": ""default"", ""best_reuse_query_after"": 0.5580730438232422, ""best_reuse_utility"": -0.000967562198638916, ""budget_blocked_fresh"": false, ""defer_utility"": 0.0, ""fold_a_fresh_utility"": -0.1409119963645935, ""fold_a_query_n"": 8, ""fold_a_support_n"": 8, ""fold_b_fresh_utility"": -0.16917985677719116, ""fold_b_query_n"": 8, ""fold_b_support_n"": 8, ""fresh_advantage"": -0.15407836437225342, ""fresh_local_trainability"": 0.009280800819396973, ""fresh_positive"": false, ""fresh_query_after"": 0.7121514081954956, ""fresh_query_before"": 0.7214322090148926, ""fresh_utility"": -0.15504592657089233, ""max_adapters"": 8, ""reuse_profiles"": {""default"": {""feasible_both"": true, ""fold_a_harm"": 0.0007139878580346704, ""fold_a_lcb"": -0.0018200978683307768, ""fold_a_query_after"": 0.5636255145072937, ""fold_a_utility"": 0.0020554661750793457, ""fold_b_harm"": 0.002958841621875763, ""fold_b_lcb"": -0.0019633399788290262, ""fold_b_query_after"": 0.5525205731391907, ""fold_b_utility"": -0.003990590572357178, ""harm_lcb_max"": -0.0018200978683307768, ""harm_mean"": 0.0018364147399552166, ""harm_se_mean"": 0.0019021090120077133, ""harm_ucb_max"": 0.007881023222580552, ""local_trainability"": -0.000967562198638916, ""query_after"": 0.5580730438232422, ""query_before"": 0.5571054816246033, ""system_utility"": -0.000967562198638916}}, ""status"": ""ok"", ""statusquo_loss"": 0.5571054816246033, ""total_memory_budget"": 512}, ""utility_status"": ""ok""}"
56,C1,C,1,default,reuse,safe_existing_reuse,0.5320741534233093,1,True,147456,592130,0,67694596,592130,4737056,512,35.89546744595282,487040512,0.0,21.95676778932102,1.8749633820261806,512,512,0.5330583453178406,-0.18427273631095886,0.00043702125549316406,-0.18470975756645203,False,,"{""best_reuse"": ""default"", ""best_reuse_utility"": 0.00043702125549316406, ""decision"": ""reuse"", ""fresh_advantage"": -0.18470975756645203, ""fresh_positive"": false, ""fresh_utility"": -0.18427273631095886, ""full_batch_guards"": {""default"": {""crossfit_feasible"": true, ""crossfit_utility"": 0.00043702125549316406, ""crossfit_utility_positive"": true, ""full_batch_cur_after"": 0.5281509160995483, ""full_batch_cur_before"": 0.5330584049224854, ""full_batch_gain"": 0.004907488822937012, ""full_batch_harm"": -0.0006357185775414109, ""full_batch_harm_lcb"": -0.0020995138539001345, ""full_batch_harm_se"": 0.0007468343246728182, ""full_batch_harm_ucb"": 0.0008280766988173127, ""full_batch_safe"": true}}, ""guarded_best_reuse"": ""default"", ""num_adapters"": 1, ""pending_after"": false, ""pending_before"": false, ""policy_version"": ""cau_v1"", ""reason"": ""safe_existing_reuse"", ""utility"": {""batch_n"": 16, ""best_reuse"": ""default"", ""best_reuse_query_after"": 0.5326213240623474, ""best_reuse_utility"": 0.00043702125549316406, ""budget_blocked_fresh"": false, ""defer_utility"": 0.0, ""fold_a_fresh_utility"": -0.046801865100860596, ""fold_a_query_n"": 8, ""fold_a_support_n"": 8, ""fold_b_fresh_utility"": -0.32174360752105713, ""fold_b_query_n"": 8, ""fold_b_support_n"": 8, ""fresh_advantage"": -0.18470975756645203, ""fresh_local_trainability"": -0.002155005931854248, ""fresh_positive"": false, ""fresh_query_after"": 0.7173310816287994, ""fresh_query_before"": 0.7151760756969452, ""fresh_utility"": -0.18427273631095886, ""max_adapters"": 8, ""reuse_profiles"": {""default"": {""feasible_both"": true, ""fold_a_harm"": -0.0010533424792811275, ""fold_a_lcb"": -0.0028511084406636655, ""fold_a_query_after"": 0.6614043116569519, ""fold_a_utility"": 0.001453697681427002, ""fold_b_harm"": 0.001310646184720099, ""fold_b_lcb"": -0.0018668398819863797, ""fold_b_query_after"": 0.4038383364677429, ""fold_b_utility"": -0.0005796551704406738, ""harm_lcb_max"": -0.0018668398819863797, ""harm_mean"": 0.00012865185271948576, ""harm_se_mean"": 0.0012691969459410757, ""harm_ucb_max"": 0.004488132251426578, ""local_trainability"": 0.00043702125549316406, ""query_after"": 0.5326213240623474, ""query_before"": 0.5330583453178406, ""system_utility"": 0.00043702125549316406}}, ""status"": ""ok"", ""statusquo_loss"": 0.5330583453178406, ""total_memory_budget"": 512}, ""utility_status"": ""ok""}"
57,C1,C,1,default,reuse,safe_existing_reuse,0.5586780309677124,1,True,147456,592130,0,67694596,592130,4737056,512,36.334782141959295,487040512,0.0,22.389370680321008,1.8749633820261806,512,512,0.5140962302684784,-0.19401460886001587,0.0034933537244796753,-0.19750796258449554,False,,"{""best_reuse"": ""default"", ""best_reuse_utility"": 0.0034933537244796753, ""decision"": ""reuse"", ""fresh_advantage"": -0.19750796258449554, ""fresh_positive"": false, ""fresh_utility"": -0.19401460886001587, ""full_batch_guards"": {""default"": {""crossfit_feasible"": true, ""crossfit_utility"": 0.0034933537244796753, ""crossfit_utility_positive"": true, ""full_batch_cur_after"": 0.5073654651641846, ""full_batch_cur_before"": 0.5140962600708008, ""full_batch_gain"": 0.006730794906616211, ""full_batch_harm"": -0.0037598442286252975, ""full_batch_harm_lcb"": -0.006699033780023456, ""full_batch_harm_se"": 0.0014995865058153868, ""full_batch_harm_ucb"": -0.0008206546772271395, ""full_batch_safe"": true}}, ""guarded_best_reuse"": ""default"", ""num_adapters"": 1, ""pending_after"": false, ""pending_before"": false, ""policy_version"": ""cau_v1"", ""reason"": ""safe_existing_reuse"", ""utility"": {""batch_n"": 16, ""best_reuse"": ""default"", ""best_reuse_query_after"": 0.5106028765439987, ""best_reuse_utility"": 0.0034933537244796753, ""budget_blocked_fresh"": false, ""defer_utility"": 0.0, ""fold_a_fresh_utility"": -0.13815826177597046, ""fold_a_query_n"": 8, ""fold_a_support_n"": 8, ""fold_b_fresh_utility"": -0.24987095594406128, ""fold_b_query_n"": 8, ""fold_b_support_n"": 8, ""fresh_advantage"": -0.19750796258449554, ""fresh_local_trainability"": 0.005281329154968262, ""fresh_positive"": false, ""fresh_query_after"": 0.7081108391284943, ""fresh_query_before"": 0.7133921682834625, ""fresh_utility"": -0.19401460886001587, ""max_adapters"": 8, ""reuse_profiles"": {""default"": {""feasible_both"": true, ""fold_a_harm"": -0.0011164805619046092, ""fold_a_lcb"": -0.0027964219031855466, ""fold_a_query_after"": 0.5648635625839233, ""fold_a_utility"": 0.0033447742462158203, ""fold_b_harm"": -0.005279842764139175, ""fold_b_lcb"": -0.009299928294494747, ""fold_b_query_after"": 0.4563421905040741, ""fold_b_utility"": 0.0036419332027435303, ""harm_lcb_max"": -0.0027964219031855466, ""harm_mean"": -0.0031981616630218923, ""harm_se_mean"": 0.001454088487662375, ""harm_ucb_max"": 0.000563460779376328, ""local_trainability"": 0.0034933537244796753, ""query_after"": 0.5106028765439987, ""query_before"": 0.5140962302684784, ""system_utility"": 0.0034933537244796753}}, ""status"": ""ok"", ""statusquo_loss"": 0.5140962302684784, ""total_memory_budget"": 512}, ""utility_status"": ""ok""}"
58,C1,C,1,default,reuse,safe_existing_reuse,0.6356569528579712,1,True,147456,592130,0,67694596,592130,4737056,512,36.777261815965176,487040512,0.0,22.82578883622773,1.8749633820261806,512,512,0.590989887714386,-0.07116815447807312,0.0024831295013427734,-0.0736512839794159,False,,"{""best_reuse"": ""default"", ""best_reuse_utility"": 0.0024831295013427734, ""decision"": ""reuse"", ""fresh_advantage"": -0.0736512839794159, ""fresh_positive"": false, ""fresh_utility"": -0.07116815447807312, ""full_batch_guards"": {""default"": {""crossfit_feasible"": true, ""crossfit_utility"": 0.0024831295013427734, ""crossfit_utility_positive"": true, ""full_batch_cur_after"": 0.5860384702682495, ""full_batch_cur_before"": 0.5909897089004517, ""full_batch_gain"": 0.0049512386322021484, ""full_batch_harm"": 0.0004171042237430811, ""full_batch_harm_lcb"": -0.00183276176918298, ""full_batch_harm_se"": 0.0011478908127173781, ""full_batch_harm_ucb"": 0.002666970216669142, ""full_batch_safe"": true}}, ""guarded_best_reuse"": ""default"", ""num_adapters"": 1, ""pending_after"": false, ""pending_before"": false, ""policy_version"": ""cau_v1"", ""reason"": ""safe_existing_reuse"", ""utility"": {""batch_n"": 16, ""best_reuse"": ""default"", ""best_reuse_query_after"": 0.5885067582130432, ""best_reuse_utility"": 0.0024831295013427734, ""budget_blocked_fresh"": false, ""defer_utility"": 0.0, ""fold_a_fresh_utility"": -0.08826076984405518, ""fold_a_query_n"": 8, ""fold_a_support_n"": 8, ""fold_b_fresh_utility"": -0.054075539112091064, ""fold_b_query_n"": 8, ""fold_b_support_n"": 8, ""fresh_advantage"": -0.0736512839794159, ""fresh_local_trainability"": 0.01705014705657959, ""fresh_positive"": false, ""fresh_query_after"": 0.6621580421924591, ""fresh_query_before"": 0.6792081892490387, ""fresh_utility"": -0.07116815447807312, ""max_adapters"": 8, ""reuse_profiles"": {""default"": {""feasible_both"": true, ""fold_a_harm"": 0.00022355408873409033, ""fold_a_lcb"": -0.0017939248681068422, ""fold_a_query_after"": 0.5847986936569214, ""fold_a_utility"": 0.003146052360534668, ""fold_b_harm"": -0.0005064384313300252, ""fold_b_lcb"": -0.002047049750108272, ""fold_b_query_after"": 0.592214822769165, ""fold_b_utility"": 0.001820206642150879, ""harm_lcb_max"": -0.0017939248681068422, ""harm_mean"": -0.00014144217129796743, ""harm_se_mean"": 0.0009076760907191783, ""harm_ucb_max"": 0.002241033045575023, ""local_trainability"": 0.0024831295013427734, ""query_after"": 0.5885067582130432, ""query_before"": 0.590989887714386, ""system_utility"": 0.0024831295013427734}}, ""status"": ""ok"", ""statusquo_loss"": 0.590989887714386, ""total_memory_budget"": 512}, ""utility_status"": ""ok""}"
59,C1,C,1,default,reuse,safe_existing_reuse,0.6169597506523132,1,True,147456,592130,0,67694596,592130,4737056,512,37.23816801002249,487040512,0.0,23.280163049232215,1.8749633820261806,512,512,0.5927199125289917,-0.09280303120613098,0.006232470273971558,-0.09903550148010254,False,,"{""best_reuse"": ""default"", ""best_reuse_utility"": 0.006232470273971558, ""decision"": ""reuse"", ""fresh_advantage"": -0.09903550148010254, ""fresh_positive"": false, ""fresh_utility"": -0.09280303120613098, ""full_batch_guards"": {""default"": {""crossfit_feasible"": true, ""crossfit_utility"": 0.006232470273971558, ""crossfit_utility_positive"": true, ""full_batch_cur_after"": 0.5852146148681641, ""full_batch_cur_before"": 0.5927198529243469, ""full_batch_gain"": 0.007505238056182861, ""full_batch_harm"": -0.0032403538934886456, ""full_batch_harm_lcb"": -0.005763475857675076, ""full_batch_harm_se"": 0.0012873071245849133, ""full_batch_harm_ucb"": -0.0007172319293022155, ""full_batch_safe"": true}}, ""guarded_best_reuse"": ""default"", ""num_adapters"": 1, ""pending_after"": false, ""pending_before"": false, ""policy_version"": ""cau_v1"", ""reason"": ""safe_existing_reuse"", ""utility"": {""batch_n"": 16, ""best_reuse"": ""default"", ""best_reuse_query_after"": 0.5864874422550201, ""best_reuse_utility"": 0.006232470273971558, ""budget_blocked_fresh"": false, ""defer_utility"": 0.0, ""fold_a_fresh_utility"": -0.07576751708984375, ""fold_a_query_n"": 8, ""fold_a_support_n"": 8, ""fold_b_fresh_utility"": -0.10983854532241821, ""fold_b_query_n"": 8, ""fold_b_support_n"": 8, ""fresh_advantage"": -0.09903550148010254, ""fresh_local_trainability"": 0.022596627473831177, ""fresh_positive"": false, ""fresh_query_after"": 0.6855229437351227, ""fresh_query_before"": 0.7081195712089539, ""fresh_utility"": -0.09280303120613098, ""max_adapters"": 8, ""reuse_profiles"": {""default"": {""feasible_both"": true, ""fold_a_harm"": -0.003270742017775774, ""fold_a_lcb"": -0.005767645416781306, ""fold_a_query_after"": 0.6039185523986816, ""fold_a_utility"": 0.005834698677062988, ""fold_b_harm"": -0.0029185740277171135, ""fold_b_lcb"": -0.0051362220756709575, ""fold_b_query_after"": 0.5690563321113586, ""fold_b_utility"": 0.006630241870880127, ""harm_lcb_max"": -0.0051362220756709575, ""harm_mean"": -0.0030946580227464437, ""harm_se_mean"": 0.0012026916956529021, ""harm_ucb_max"": -0.0007009259797632695, ""local_trainability"": 0.006232470273971558, ""query_after"": 0.5864874422550201, ""query_before"": 0.5927199125289917, ""system_utility"": 0.006232470273971558}}, ""status"": ""ok"", ""statusquo_loss"": 0.5927199125289917, ""total_memory_budget"": 512}, ""utility_status"": ""ok""}"
60,C1,C,1,default,reuse,safe_existing_reuse,0.4275609850883484,1,True,147456,592130,0,67694596,592130,4737056,512,37.68854853208177,487040512,0.0,23.72140337829478,1.8749633820261806,512,512,0.40362241864204407,-0.30103927850723267,0.010119900107383728,-0.3111591786146164,False,,"{""best_reuse"": ""default"", ""best_reuse_utility"": 0.010119900107383728, ""decision"": ""reuse"", ""fresh_advantage"": -0.3111591786146164, ""fresh_positive"": false, ""fresh_utility"": -0.30103927850723267, ""full_batch_guards"": {""default"": {""crossfit_feasible"": true, ""crossfit_utility"": 0.010119900107383728, ""crossfit_utility_positive"": true, ""full_batch_cur_after"": 0.3915885090827942, ""full_batch_cur_before"": 0.4036223888397217, ""full_batch_gain"": 0.01203387975692749, ""full_batch_harm"": -0.004900291562080383, ""full_batch_harm_lcb"": -0.010588116599246859, ""full_batch_harm_se"": 0.0029019515495747328, ""full_batch_harm_ucb"": 0.0007875334750860928, ""full_batch_safe"": true}}, ""guarded_best_reuse"": ""default"", ""num_adapters"": 1, ""pending_after"": false, ""pending_before"": false, ""policy_version"": ""cau_v1"", ""reason"": ""safe_existing_reuse"", ""utility"": {""batch_n"": 16, ""best_reuse"": ""default"", ""best_reuse_query_after"": 0.39350251853466034, ""best_reuse_utility"": 0.010119900107383728, ""budget_blocked_fresh"": false, ""defer_utility"": 0.0, ""fold_a_fresh_utility"": -0.2832667827606201, ""fold_a_query_n"": 8, ""fold_a_support_n"": 8, ""fold_b_fresh_utility"": -0.3188117742538452, ""fold_b_query_n"": 8, ""fold_b_support_n"": 8, ""fresh_advantage"": -0.3111591786146164, ""fresh_local_trainability"": 0.01305168867111206, ""fresh_positive"": false, ""fresh_query_after"": 0.7046616971492767, ""fresh_query_before"": 0.7177133858203888, ""fresh_utility"": -0.30103927850723267, ""max_adapters"": 8, ""reuse_profiles"": {""default"": {""feasible_both"": true, ""fold_a_harm"": -0.004956548102200031, ""fold_a_lcb"": -0.0108101671282202, ""fold_a_query_after"": 0.39830848574638367, ""fold_a_utility"": 0.008240193128585815, ""fold_b_harm"": -0.003960642963647842, ""fold_b_lcb"": -0.008247452070936561, ""fold_b_query_after"": 0.388696551322937, ""fold_b_utility"": 0.01199960708618164, ""harm_lcb_max"": -0.008247452070936561, ""harm_mean"": -0.004458595532923937, ""harm_se_mean"": 0.0025868439115583897, ""harm_ucb_max"": 0.0008970709238201383, ""local_trainability"": 0.010119900107383728, ""query_after"": 0.39350251853466034, ""query_before"": 0.40362241864204407, ""system_utility"": 0.010119900107383728}}, ""status"": ""ok"", ""statusquo_loss"": 0.40362241864204407, ""total_memory_budget"": 512}, ""utility_status"": ""ok""}"
61,C1,C,1,default,reuse,safe_existing_reuse,0.6512489318847656,1,True,147456,592130,0,67694596,592130,4737056,512,38.13012346113101,487040512,0.0,24.15669181314297,1.8749633820261806,512,512,0.6285963654518127,-0.01863396167755127,-0.0012885034084320068,-0.017345458269119263,False,,"{""best_reuse"": ""default"", ""best_reuse_utility"": -0.0012885034084320068, ""decision"": ""reuse"", ""fresh_advantage"": -0.017345458269119263, ""fresh_positive"": false, ""fresh_utility"": -0.01863396167755127, ""full_batch_guards"": {""default"": {""crossfit_feasible"": true, ""crossfit_utility"": -0.0012885034084320068, ""crossfit_utility_positive"": false, ""full_batch_cur_after"": 0.627474844455719, ""full_batch_cur_before"": 0.6285964250564575, ""full_batch_gain"": 0.0011215806007385254, ""full_batch_harm"": -0.0022492744028568268, ""full_batch_harm_lcb"": -0.004258013381622731, ""full_batch_harm_se"": 0.0010248668259009719, ""full_batch_harm_ucb"": -0.00024053542409092172, ""full_batch_safe"": true}}, ""guarded_best_reuse"": ""default"", ""num_adapters"": 1, ""pending_after"": false, ""pending_before"": false, ""policy_version"": ""cau_v1"", ""reason"": ""safe_existing_reuse"", ""utility"": {""batch_n"": 16, ""best_reuse"": ""default"", ""best_reuse_query_after"": 0.6298848688602448, ""best_reuse_utility"": -0.0012885034084320068, ""budget_blocked_fresh"": false, ""defer_utility"": 0.0, ""fold_a_fresh_utility"": 0.057430922985076904, ""fold_a_query_n"": 8, ""fold_a_support_n"": 8, ""fold_b_fresh_utility"": -0.09469884634017944, ""fold_b_query_n"": 8, ""fold_b_support_n"": 8, ""fresh_advantage"": -0.017345458269119263, ""fresh_local_trainability"": 0.02016538381576538, ""fresh_positive"": false, ""fresh_query_after"": 0.647230327129364, ""fresh_query_before"": 0.6673957109451294, ""fresh_utility"": -0.01863396167755127, ""max_adapters"": 8, ""reuse_profiles"": {""default"": {""feasible_both"": true, ""fold_a_harm"": -0.0018979995511472225, ""fold_a_lcb"": -0.0035503349150530993, ""fold_a_query_after"": 0.7139491438865662, ""fold_a_utility"": -0.00046259164810180664, ""fold_b_harm"": -0.002964289393275976, ""fold_b_lcb"": -0.006430450747720897, ""fold_b_query_after"": 0.5458205938339233, ""fold_b_utility"": -0.002114415168762207, ""harm_lcb_max"": -0.0035503349150530993, ""harm_mean"": -0.0024311444722115993, ""harm_se_mean"": 0.0013057389587629586, ""harm_ucb_max"": 0.0005018719611689449, ""local_trainability"": -0.0012885034084320068, ""query_after"": 0.6298848688602448, ""query_before"": 0.6285963654518127, ""system_utility"": -0.0012885034084320068}}, ""status"": ""ok"", ""statusquo_loss"": 0.6285963654518127, ""total_memory_budget"": 512}, ""utility_status"": ""ok""}"
62,C1,C,1,default,reuse,safe_existing_reuse,0.482115238904953,1,True,147456,592130,0,67694596,592130,4737056,512,38.5884881450329,487040512,0.0,24.608663420192897,1.8749633820261806,512,512,0.45334047079086304,-0.2275782823562622,0.003835737705230713,-0.23141402006149292,False,,"{""best_reuse"": ""default"", ""best_reuse_utility"": 0.003835737705230713, ""decision"": ""reuse"", ""fresh_advantage"": -0.23141402006149292, ""fresh_positive"": false, ""fresh_utility"": -0.2275782823562622, ""full_batch_guards"": {""default"": {""crossfit_feasible"": true, ""crossfit_utility"": 0.003835737705230713, ""crossfit_utility_positive"": true, ""full_batch_cur_after"": 0.4461429715156555, ""full_batch_cur_before"": 0.45334041118621826, ""full_batch_gain"": 0.007197439670562744, ""full_batch_harm"": -0.0013170342426747084, ""full_batch_harm_lcb"": -0.002875035160686821, ""full_batch_harm_se"": 0.0007948984275572002, ""full_batch_harm_ucb"": 0.00024096667533740406, ""full_batch_safe"": true}}, ""guarded_best_reuse"": ""default"", ""num_adapters"": 1, ""pending_after"": false, ""pending_before"": false, ""policy_version"": ""cau_v1"", ""reason"": ""safe_existing_reuse"", ""utility"": {""batch_n"": 16, ""best_reuse"": ""default"", ""best_reuse_query_after"": 0.4495047330856323, ""best_reuse_utility"": 0.003835737705230713, ""budget_blocked_fresh"": false, ""defer_utility"": 0.0, ""fold_a_fresh_utility"": -0.17939865589141846, ""fold_a_query_n"": 8, ""fold_a_support_n"": 8, ""fold_b_fresh_utility"": -0.27575790882110596, ""fold_b_query_n"": 8, ""fold_b_support_n"": 8, ""fresh_advantage"": -0.23141402006149292, ""fresh_local_trainability"": 0.006613194942474365, ""fresh_positive"": false, ""fresh_query_after"": 0.6809187531471252, ""fresh_query_before"": 0.6875319480895996, ""fresh_utility"": -0.2275782823562622, ""max_adapters"": 8, ""reuse_profiles"": {""default"": {""feasible_both"": true, ""fold_a_harm"": -0.0012658401392400265, ""fold_a_lcb"": -0.003386318678967655, ""fold_a_query_after"": 0.5070910453796387, ""fold_a_utility"": 0.005070805549621582, ""fold_b_harm"": -0.0018471474759280682, ""fold_b_lcb"": -0.004726233477704227, ""fold_b_query_after"": 0.391918420791626, ""fold_b_utility"": 0.0026006698608398438, ""harm_lcb_max"": -0.003386318678967655, ""harm_mean"": -0.0015564938075840473, ""harm_se_mean"": 0.001275399117730558, ""harm_ucb_max"": 0.0010319385258480908, ""local_trainability"": 0.003835737705230713, ""query_after"": 0.4495047330856323, ""query_before"": 0.45334047079086304, ""system_utility"": 0.003835737705230713}}, ""status"": ""ok"", ""statusquo_loss"": 0.45334047079086304, ""total_memory_budget"": 512}, ""utility_status"": ""ok""}"
63,C1,C,1,default,reuse,safe_existing_reuse,0.5614941120147705,1,True,147456,592130,0,67694596,592130,4737056,512,39.052626548102126,487040512,0.0,25.06518859229982,1.8749633820261806,512,512,0.5642679035663605,-0.11883324384689331,0.0031644999980926514,-0.12199774384498596,False,,"{""best_reuse"": ""default"", ""best_reuse_utility"": 0.0031644999980926514, ""decision"": ""reuse"", ""fresh_advantage"": -0.12199774384498596, ""fresh_positive"": false, ""fresh_utility"": -0.11883324384689331, ""full_batch_guards"": {""default"": {""crossfit_feasible"": true, ""crossfit_utility"": 0.0031644999980926514, ""crossfit_utility_positive"": true, ""full_batch_cur_after"": 0.5587068796157837, ""full_batch_cur_before"": 0.5642679929733276, ""full_batch_gain"": 0.005561113357543945, ""full_batch_harm"": -0.0032463641837239265, ""full_batch_harm_lcb"": -0.006274138195440173, ""full_batch_harm_se"": 0.0015447826590389013, ""full_batch_harm_ucb"": -0.00021859017200768008, ""full_batch_safe"": true}}, ""guarded_best_reuse"": ""default"", ""num_adapters"": 1, ""pending_after"": false, ""pending_before"": false, ""policy_version"": ""cau_v1"", ""reason"": ""safe_existing_reuse"", ""utility"": {""batch_n"": 16, ""best_reuse"": ""default"", ""best_reuse_query_after"": 0.5611034035682678, ""best_reuse_utility"": 0.0031644999980926514, ""budget_blocked_fresh"": false, ""defer_utility"": 0.0, ""fold_a_fresh_utility"": -0.18271535634994507, ""fold_a_query_n"": 8, ""fold_a_support_n"": 8, ""fold_b_fresh_utility"": -0.05495113134384155, ""fold_b_query_n"": 8, ""fold_b_support_n"": 8, ""fresh_advantage"": -0.12199774384498596, ""fresh_local_trainability"": 0.037100255489349365, ""fresh_positive"": false, ""fresh_query_after"": 0.6831011474132538, ""fresh_query_before"": 0.7202014029026031, ""fresh_utility"": -0.11883324384689331, ""max_adapters"": 8, ""reuse_profiles"": {""default"": {""feasible_both"": true, ""fold_a_harm"": -0.002354768570512533, ""fold_a_lcb"": -0.0038916408014483747, ""fold_a_query_after"": 0.5035890340805054, ""fold_a_utility"": 0.004040360450744629, ""fold_b_harm"": -0.0031799664720892906, ""fold_b_lcb"": -0.006198186837136745, ""fold_b_query_after"": 0.6186177730560303, ""fold_b_utility"": 0.002288639545440674, ""harm_lcb_max"": -0.0038916408014483747, ""harm_mean"": -0.002767367521300912, ""harm_se_mean"": 0.0011620134173426777, ""harm_ucb_max"": -0.00016174610704183584, ""local_trainability"": 0.0031644999980926514, ""query_after"": 0.5611034035682678, ""query_before"": 0.5642679035663605, ""system_utility"": 0.0031644999980926514}}, ""status"": ""ok"", ""statusquo_loss"": 0.5642679035663605, ""total_memory_budget"": 512}, ""utility_status"": ""ok""}"
64,C1,C,1,default,reuse,safe_existing_reuse,0.48333337903022766,1,True,147456,592130,0,67694596,592130,4737056,512,39.51432286412455,487040512,0.0,25.51912147225812,1.8749633820261806,512,512,0.4732361435890198,-0.2726251482963562,-0.002606213092803955,-0.27001893520355225,False,,"{""best_reuse"": ""default"", ""best_reuse_utility"": -0.002606213092803955, ""decision"": ""reuse"", ""fresh_advantage"": -0.27001893520355225, ""fresh_positive"": false, ""fresh_utility"": -0.2726251482963562, ""full_batch_guards"": {""default"": {""crossfit_feasible"": true, ""crossfit_utility"": -0.002606213092803955, ""crossfit_utility_positive"": false, ""full_batch_cur_after"": 0.4678818881511688, ""full_batch_cur_before"": 0.4732361435890198, ""full_batch_gain"": 0.005354255437850952, ""full_batch_harm"": -0.004880606196820736, ""full_batch_harm_lcb"": -0.007885685106739402, ""full_batch_harm_se"": 0.001533203525468707, ""full_batch_harm_ucb"": -0.00187552728690207, ""full_batch_safe"": true}}, ""guarded_best_reuse"": ""default"", ""num_adapters"": 1, ""pending_after"": false, ""pending_before"": false, ""policy_version"": ""cau_v1"", ""reason"": ""safe_existing_reuse"", ""utility"": {""batch_n"": 16, ""best_reuse"": ""default"", ""best_reuse_query_after"": 0.47584235668182373, ""best_reuse_utility"": -0.002606213092803955, ""budget_blocked_fresh"": false, ""defer_utility"": 0.0, ""fold_a_fresh_utility"": -0.270721971988678, ""fold_a_query_n"": 8, ""fold_a_support_n"": 8, ""fold_b_fresh_utility"": -0.2745283246040344, ""fold_b_query_n"": 8, ""fold_b_support_n"": 8, ""fresh_advantage"": -0.27001893520355225, ""fresh_local_trainability"": -0.05301004648208618, ""fresh_positive"": false, ""fresh_query_after"": 0.745861291885376, ""fresh_query_before"": 0.6928512454032898, ""fresh_utility"": -0.2726251482963562, ""max_adapters"": 8, ""reuse_profiles"": {""default"": {""feasible_both"": true, ""fold_a_harm"": -0.0021006851457059383, ""fold_a_lcb"": -0.003249537055380642, ""fold_a_query_after"": 0.5146496295928955, ""fold_a_utility"": 0.0034720301628112793, ""fold_b_harm"": -0.006498376838862896, ""fold_b_lcb"": -0.012130131758749486, ""fold_b_query_after"": 0.43703508377075195, ""fold_b_utility"": -0.00868445634841919, ""harm_lcb_max"": -0.003249537055380642, ""harm_mean"": -0.004299530992284417, ""harm_se_mean"": 0.0017297466401942074, ""harm_ucb_max"": -0.0008666219189763071, ""local_trainability"": -0.002606213092803955, ""query_after"": 0.47584235668182373, ""query_before"": 0.4732361435890198, ""system_utility"": -0.002606213092803955}}, ""status"": ""ok"", ""statusquo_loss"": 0.4732361435890198, ""total_memory_budget"": 512}, ""utility_status"": ""ok""}"
65,A2,A,2,default,reuse,safe_existing_reuse,0.6131073236465454,1,True,147456,592130,0,67694596,592130,4737056,512,40.60119730909355,487040512,0.0,25.96163224708289,2.512810271931812,512,512,0.5556465685367584,-0.12976792454719543,-0.0015673935413360596,-0.12820053100585938,False,,"{""best_reuse"": ""default"", ""best_reuse_utility"": -0.0015673935413360596, ""decision"": ""reuse"", ""fresh_advantage"": -0.12820053100585938, ""fresh_positive"": false, ""fresh_utility"": -0.12976792454719543, ""full_batch_guards"": {""default"": {""crossfit_feasible"": true, ""crossfit_utility"": -0.0015673935413360596, ""crossfit_utility_positive"": false, ""full_batch_cur_after"": 0.5538974404335022, ""full_batch_cur_before"": 0.5556466579437256, ""full_batch_gain"": 0.0017492175102233887, ""full_batch_harm"": -0.0027522342279553413, ""full_batch_harm_lcb"": -0.0036059333314187826, ""full_batch_harm_se"": 0.00043556076707318425, ""full_batch_harm_ucb"": -0.0018985351244919, ""full_batch_safe"": true}}, ""guarded_best_reuse"": ""default"", ""num_adapters"": 1, ""pending_after"": false, ""pending_before"": false, ""policy_version"": ""cau_v1"", ""reason"": ""safe_existing_reuse"", ""utility"": {""batch_n"": 16, ""best_reuse"": ""default"", ""best_reuse_query_after"": 0.5572139620780945, ""best_reuse_utility"": -0.0015673935413360596, ""budget_blocked_fresh"": false, ""defer_utility"": 0.0, ""fold_a_fresh_utility"": -0.3137474060058594, ""fold_a_query_n"": 8, ""fold_a_support_n"": 8, ""fold_b_fresh_utility"": 0.054211556911468506, ""fold_b_query_n"": 8, ""fold_b_support_n"": 8, ""fresh_advantage"": -0.12820053100585938, ""fresh_local_trainability"": -0.0016066431999206543, ""fresh_positive"": false, ""fresh_query_after"": 0.6854144930839539, ""fresh_query_before"": 0.6838078498840332, ""fresh_utility"": -0.12976792454719543, ""max_adapters"": 8, ""reuse_profiles"": {""default"": {""feasible_both"": true, ""fold_a_harm"": -0.0027335407212376595, ""fold_a_lcb"": -0.003640964027727023, ""fold_a_query_after"": 0.3721686005592346, ""fold_a_utility"": 0.002464115619659424, ""fold_b_harm"": -0.004143731202930212, ""fold_b_lcb"": -0.006466261954046785, ""fold_b_query_after"": 0.7422593235969543, ""fold_b_utility"": -0.005598902702331543, ""harm_lcb_max"": -0.003640964027727023, ""harm_mean"": -0.0034386359620839357, ""harm_se_mean"": 0.0008239678718382493, ""harm_ucb_max"": -0.0018212004518136384, ""local_trainability"": -0.0015673935413360596, ""query_after"": 0.5572139620780945, ""query_before"": 0.5556465685367584, ""system_utility"": -0.0015673935413360596}}, ""status"": ""ok"", ""statusquo_loss"": 0.5556465685367584, ""total_memory_budget"": 512}, ""utility_status"": ""ok""}"
66,A2,A,2,default,reuse,safe_existing_reuse,0.5299248695373535,1,True,147456,592130,0,67694596,592130,4737056,512,41.05523239215836,487040512,0.0,26.408519473159686,2.512810271931812,512,512,0.5520529747009277,-0.13867872953414917,0.0036749839782714844,-0.14235371351242065,False,,"{""best_reuse"": ""default"", ""best_reuse_utility"": 0.0036749839782714844, ""decision"": ""reuse"", ""fresh_advantage"": -0.14235371351242065, ""fresh_positive"": false, ""fresh_utility"": -0.13867872953414917, ""full_batch_guards"": {""default"": {""crossfit_feasible"": true, ""crossfit_utility"": 0.0036749839782714844, ""crossfit_utility_positive"": true, ""full_batch_cur_after"": 0.5425480008125305, ""full_batch_cur_before"": 0.5520530939102173, ""full_batch_gain"": 0.009505093097686768, ""full_batch_harm"": -0.0023776558227837086, ""full_batch_harm_lcb"": -0.006119436575099826, ""full_batch_harm_se"": 0.0019090718124061823, ""full_batch_harm_ucb"": 0.0013641249295324085, ""full_batch_safe"": true}}, ""guarded_best_reuse"": ""default"", ""num_adapters"": 1, ""pending_after"": false, ""pending_before"": false, ""policy_version"": ""cau_v1"", ""reason"": ""safe_existing_reuse"", ""utility"": {""batch_n"": 16, ""best_reuse"": ""default"", ""best_reuse_query_after"": 0.5483779907226562, ""best_reuse_utility"": 0.0036749839782714844, ""budget_blocked_fresh"": false, ""defer_utility"": 0.0, ""fold_a_fresh_utility"": -0.15356147289276123, ""fold_a_query_n"": 8, ""fold_a_support_n"": 8, ""fold_b_fresh_utility"": -0.12379598617553711, ""fold_b_query_n"": 8, ""fold_b_support_n"": 8, ""fresh_advantage"": -0.14235371351242065, ""fresh_local_trainability"": 0.01896876096725464, ""fresh_positive"": false, ""fresh_query_after"": 0.6907317042350769, ""fresh_query_before"": 0.7097004652023315, ""fresh_utility"": -0.13867872953414917, ""max_adapters"": 8, ""reuse_profiles"": {""default"": {""feasible_both"": true, ""fold_a_harm"": -0.00223873695358634, ""fold_a_lcb"": -0.005934864645823837, ""fold_a_query_after"": 0.5208664536476135, ""fold_a_utility"": 0.0032200217247009277, ""fold_b_harm"": -0.0028300266712903976, ""fold_b_lcb"": -0.004358182197902351, ""fold_b_query_after"": 0.575889527797699, ""fold_b_utility"": 0.004129946231842041, ""harm_lcb_max"": -0.004358182197902351, ""harm_mean"": -0.002534381812438369, ""harm_se_mean"": 0.0013327253109309822, ""harm_ucb_max"": 0.0014573907386511565, ""local_trainability"": 0.0036749839782714844, ""query_after"": 0.5483779907226562, ""query_before"": 0.5520529747009277, ""system_utility"": 0.0036749839782714844}}, ""status"": ""ok"", ""statusquo_loss"": 0.5520529747009277, ""total_memory_budget"": 512}, ""utility_status"": ""ok""}"
67,A2,A,2,default,reuse,safe_existing_reuse,0.4420628547668457,1,True,147456,592130,0,67694596,592130,4737056,512,41.52444876614027,487040512,0.0,26.869647063082084,2.512810271931812,512,512,0.4128291606903076,-0.2713935971260071,0.001312360167503357,-0.27270595729351044,False,,"{""best_reuse"": ""default"", ""best_reuse_utility"": 0.001312360167503357, ""decision"": ""reuse"", ""fresh_advantage"": -0.27270595729351044, ""fresh_positive"": false, ""fresh_utility"": -0.2713935971260071, ""full_batch_guards"": {""default"": {""crossfit_feasible"": true, ""crossfit_utility"": 0.001312360167503357, ""crossfit_utility_positive"": true, ""full_batch_cur_after"": 0.4083954095840454, ""full_batch_cur_before"": 0.41282913088798523, ""full_batch_gain"": 0.004433721303939819, ""full_batch_harm"": -0.001940838759765029, ""full_batch_harm_lcb"": -0.0031891807075589895, ""full_batch_harm_se"": 0.000636909157037735, ""full_batch_harm_ucb"": -0.0006924968119710684, ""full_batch_safe"": true}}, ""guarded_best_reuse"": ""default"", ""num_adapters"": 1, ""pending_after"": false, ""pending_before"": false, ""policy_version"": ""cau_v1"", ""reason"": ""safe_existing_reuse"", ""utility"": {""batch_n"": 16, ""best_reuse"": ""default"", ""best_reuse_query_after"": 0.41151680052280426, ""best_reuse_utility"": 0.001312360167503357, ""budget_blocked_fresh"": false, ""defer_utility"": 0.0, ""fold_a_fresh_utility"": -0.26381993293762207, ""fold_a_query_n"": 8, ""fold_a_support_n"": 8, ""fold_b_fresh_utility"": -0.2789672613143921, ""fold_b_query_n"": 8, ""fold_b_support_n"": 8, ""fresh_advantage"": -0.27270595729351044, ""fresh_local_trainability"": -0.004624068737030029, ""fresh_positive"": false, ""fresh_query_after"": 0.6842227578163147, ""fresh_query_before"": 0.6795986890792847, ""fresh_utility"": -0.2713935971260071, ""max_adapters"": 8, ""reuse_profiles"": {""default"": {""feasible_both"": true, ""fold_a_harm"": -0.0019159064395353198, ""fold_a_lcb"": -0.0030740775470621887, ""fold_a_query_after"": 0.4399000108242035, ""fold_a_utility"": 0.002762824296951294, ""fold_b_harm"": -0.0025127162225544453, ""fold_b_lcb"": -0.004292089759837836, ""fold_b_query_after"": 0.38313359022140503, ""fold_b_utility"": -0.00013810396194458008, ""harm_lcb_max"": -0.0030740775470621887, ""harm_mean"": -0.0022143113310448825, ""harm_se_mean"": 0.0007493736338801682, ""harm_ucb_max"": -0.0007333426852710546, ""local_trainability"": 0.001312360167503357, ""query_after"": 0.41151680052280426, ""query_before"": 0.4128291606903076, ""system_utility"": 0.001312360167503357}}, ""status"": ""ok"", ""statusquo_loss"": 0.4128291606903076, ""total_memory_budget"": 512}, ""utility_status"": ""ok""}"
68,A2,A,2,default,reuse,safe_existing_reuse,0.4973212480545044,1,True,147456,592130,0,67694596,592130,4737056,512,41.986799478996545,487040512,0.0,27.324760006042197,2.512810271931812,512,512,0.5343818515539169,-0.15950004756450653,0.007376968860626221,-0.16687701642513275,False,,"{""best_reuse"": ""default"", ""best_reuse_utility"": 0.007376968860626221, ""decision"": ""reuse"", ""fresh_advantage"": -0.16687701642513275, ""fresh_positive"": false, ""fresh_utility"": -0.15950004756450653, ""full_batch_guards"": {""default"": {""crossfit_feasible"": true, ""crossfit_utility"": 0.007376968860626221, ""crossfit_utility_positive"": true, ""full_batch_cur_after"": 0.5248010158538818, ""full_batch_cur_before"": 0.5343818664550781, ""full_batch_gain"": 0.009580850601196289, ""full_batch_harm"": -0.005441668443381786, ""full_batch_harm_lcb"": -0.009000667878426611, ""full_batch_harm_se"": 0.001815816038288176, ""full_batch_harm_ucb"": -0.0018826690083369613, ""full_batch_safe"": true}}, ""guarded_best_reuse"": ""default"", ""num_adapters"": 1, ""pending_after"": false, ""pending_before"": false, ""policy_version"": ""cau_v1"", ""reason"": ""safe_existing_reuse"", ""utility"": {""batch_n"": 16, ""best_reuse"": ""default"", ""best_reuse_query_after"": 0.5270048826932907, ""best_reuse_utility"": 0.007376968860626221, ""budget_blocked_fresh"": false, ""defer_utility"": 0.0, ""fold_a_fresh_utility"": -0.12118339538574219, ""fold_a_query_n"": 8, ""fold_a_support_n"": 8, ""fold_b_fresh_utility"": -0.19781669974327087, ""fold_b_query_n"": 8, ""fold_b_support_n"": 8, ""fresh_advantage"": -0.16687701642513275, ""fresh_local_trainability"": 0.04158833622932434, ""fresh_positive"": false, ""fresh_query_after"": 0.6938818991184235, ""fresh_query_before"": 0.7354702353477478, ""fresh_utility"": -0.15950004756450653, ""max_adapters"": 8, ""reuse_profiles"": {""default"": {""feasible_both"": true, ""fold_a_harm"": -0.005234834738075733, ""fold_a_lcb"": -0.00865018424578011, ""fold_a_query_after"": 0.566606879234314, ""fold_a_utility"": 0.005038321018218994, ""fold_b_harm"": -0.0043847570195794106, ""fold_b_lcb"": -0.007075532134622335, ""fold_b_query_after"": 0.48740288615226746, ""fold_b_utility"": 0.009715616703033447, ""harm_lcb_max"": -0.007075532134622335, ""harm_mean"": -0.004809795878827572, ""harm_se_mean"": 0.0015576848527416587, ""harm_ucb_max"": -0.0016939819045364859, ""local_trainability"": 0.007376968860626221, ""query_after"": 0.5270048826932907, ""query_before"": 0.5343818515539169, ""system_utility"": 0.007376968860626221}}, ""status"": ""ok"", ""statusquo_loss"": 0.5343818515539169, ""total_memory_budget"": 512}, ""utility_status"": ""ok""}"
69,A2,A,2,default,reuse,safe_existing_reuse,0.3695966601371765,1,True,147456,592130,0,67694596,592130,4737056,512,42.43813746795058,487040512,0.0,27.769120182143524,2.512810271931812,512,512,0.37752942740917206,-0.33281902968883514,0.0006390959024429321,-0.3334581255912781,False,,"{""best_reuse"": ""default"", ""best_reuse_utility"": 0.0006390959024429321, ""decision"": ""reuse"", ""fresh_advantage"": -0.3334581255912781, ""fresh_positive"": false, ""fresh_utility"": -0.33281902968883514, ""full_batch_guards"": {""default"": {""crossfit_feasible"": true, ""crossfit_utility"": 0.0006390959024429321, ""crossfit_utility_positive"": true, ""full_batch_cur_after"": 0.37230509519577026, ""full_batch_cur_before"": 0.377529501914978, ""full_batch_gain"": 0.005224406719207764, ""full_batch_harm"": -0.004576528444886208, ""full_batch_harm_lcb"": -0.007555944165214896, ""full_batch_harm_se"": 0.001520110061392188, ""full_batch_harm_ucb"": -0.001597112724557519, ""full_batch_safe"": true}}, ""guarded_best_reuse"": ""default"", ""num_adapters"": 1, ""pending_after"": false, ""pending_before"": false, ""policy_version"": ""cau_v1"", ""reason"": ""safe_existing_reuse"", ""utility"": {""batch_n"": 16, ""best_reuse"": ""default"", ""best_reuse_query_after"": 0.3768903315067291, ""best_reuse_utility"": 0.0006390959024429321, ""budget_blocked_fresh"": false, ""defer_utility"": 0.0, ""fold_a_fresh_utility"": -0.28563082218170166, ""fold_a_query_n"": 8, ""fold_a_support_n"": 8, ""fold_b_fresh_utility"": -0.38000723719596863, ""fold_b_query_n"": 8, ""fold_b_support_n"": 8, ""fresh_advantage"": -0.3334581255912781, ""fresh_local_trainability"": -0.01053193211555481, ""fresh_positive"": false, ""fresh_query_after"": 0.7103484570980072, ""fresh_query_before"": 0.6998165249824524, ""fresh_utility"": -0.33281902968883514, ""max_adapters"": 8, ""reuse_profiles"": {""default"": {""feasible_both"": true, ""fold_a_harm"": -0.0072375573217868805, ""fold_a_lcb"": -0.013653764519840478, ""fold_a_query_after"": 0.4094220697879791, ""fold_a_utility"": -0.0033108890056610107, ""fold_b_harm"": -0.0022569226566702127, ""fold_b_lcb"": -0.003361012868117541, ""fold_b_query_after"": 0.3443585932254791, ""fold_b_utility"": 0.004589080810546875, ""harm_lcb_max"": -0.003361012868117541, ""harm_mean"": -0.004747239989228547, ""harm_se_mean"": 0.00191844321670942, ""harm_ucb_max"": -0.0008213501237332825, ""local_trainability"": 0.0006390959024429321, ""query_after"": 0.3768903315067291, ""query_before"": 0.37752942740917206, ""system_utility"": 0.0006390959024429321}}, ""status"": ""ok"", ""statusquo_loss"": 0.37752942740917206, ""total_memory_budget"": 512}, ""utility_status"": ""ok""}"
70,A2,A,2,default,reuse,safe_existing_reuse,0.4187011420726776,1,True,147456,592130,0,67694596,592130,4737056,512,42.90317558706738,487040512,0.0,28.223901027115062,2.512810271931812,512,512,0.4047928601503372,-0.2924870401620865,0.0015405863523483276,-0.2940276265144348,False,,"{""best_reuse"": ""default"", ""best_reuse_utility"": 0.0015405863523483276, ""decision"": ""reuse"", ""fresh_advantage"": -0.2940276265144348, ""fresh_positive"": false, ""fresh_utility"": -0.2924870401620865, ""full_batch_guards"": {""default"": {""crossfit_feasible"": true, ""crossfit_utility"": 0.0015405863523483276, ""crossfit_utility_positive"": true, ""full_batch_cur_after"": 0.39968347549438477, ""full_batch_cur_before"": 0.404792845249176, ""full_batch_gain"": 0.00510936975479126, ""full_batch_harm"": -0.002412825357168913, ""full_batch_harm_lcb"": -0.004103313130326569, ""full_batch_harm_se"": 0.0008624937618151307, ""full_batch_harm_ucb"": -0.0007223375840112567, ""full_batch_safe"": true}}, ""guarded_best_reuse"": ""default"", ""num_adapters"": 1, ""pending_after"": false, ""pending_before"": false, ""policy_version"": ""cau_v1"", ""reason"": ""safe_existing_reuse"", ""utility"": {""batch_n"": 16, ""best_reuse"": ""default"", ""best_reuse_query_after"": 0.4032522737979889, ""best_reuse_utility"": 0.0015405863523483276, ""budget_blocked_fresh"": false, ""defer_utility"": 0.0, ""fold_a_fresh_utility"": -0.342234343290329, ""fold_a_query_n"": 8, ""fold_a_support_n"": 8, ""fold_b_fresh_utility"": -0.242739737033844, ""fold_b_query_n"": 8, ""fold_b_support_n"": 8, ""fresh_advantage"": -0.2940276265144348, ""fresh_local_trainability"": -0.004653424024581909, ""fresh_positive"": false, ""fresh_query_after"": 0.6972799003124237, ""fresh_query_before"": 0.6926264762878418, ""fresh_utility"": -0.2924870401620865, ""max_adapters"": 8, ""reuse_profiles"": {""default"": {""feasible_both"": true, ""fold_a_harm"": -0.0037206518463790417, ""fold_a_lcb"": -0.007775377845391631, ""fold_a_query_after"": 0.336819052696228, ""fold_a_utility"": 0.00018396973609924316, ""fold_b_harm"": -0.0020925751887261868, ""fold_b_lcb"": -0.0034378421562723813, ""fold_b_query_after"": 0.46968549489974976, ""fold_b_utility"": 0.002897202968597412, ""harm_lcb_max"": -0.0034378421562723813, ""harm_mean"": -0.002906613517552614, ""harm_se_mean"": 0.0013775492261629552, ""harm_ucb_max"": 0.00033407415263354747, ""local_trainability"": 0.0015405863523483276, ""query_after"": 0.4032522737979889, ""query_before"": 0.4047928601503372, ""system_utility"": 0.0015405863523483276}}, ""status"": ""ok"", ""statusquo_loss"": 0.4047928601503372, ""total_memory_budget"": 512}, ""utility_status"": ""ok""}"
71,A2,A,2,default,reuse,safe_existing_reuse,0.5771281123161316,1,True,147456,592130,0,67694596,592130,4737056,512,43.37675506109372,487040512,0.0,28.690695323981345,2.512810271931812,512,512,0.5495808720588684,-0.17016595602035522,-0.0018512904644012451,-0.16831466555595398,False,,"{""best_reuse"": ""default"", ""best_reuse_utility"": -0.0018512904644012451, ""decision"": ""reuse"", ""fresh_advantage"": -0.16831466555595398, ""fresh_positive"": false, ""fresh_utility"": -0.17016595602035522, ""full_batch_guards"": {""default"": {""crossfit_feasible"": true, ""crossfit_utility"": -0.0018512904644012451, ""crossfit_utility_positive"": false, ""full_batch_cur_after"": 0.5452158451080322, ""full_batch_cur_before"": 0.5495809316635132, ""full_batch_gain"": 0.004365086555480957, ""full_batch_harm"": -0.0013206700095906854, ""full_batch_harm_lcb"": -0.003308398723602295, ""full_batch_harm_se"": 0.0010141473030671477, ""full_batch_harm_ucb"": 0.0006670587044209243, ""full_batch_safe"": true}}, ""guarded_best_reuse"": ""default"", ""num_adapters"": 1, ""pending_after"": false, ""pending_before"": false, ""policy_version"": ""cau_v1"", ""reason"": ""safe_existing_reuse"", ""utility"": {""batch_n"": 16, ""best_reuse"": ""default"", ""best_reuse_query_after"": 0.5514321625232697, ""best_reuse_utility"": -0.0018512904644012451, ""budget_blocked_fresh"": false, ""defer_utility"": 0.0, ""fold_a_fresh_utility"": -0.2592812180519104, ""fold_a_query_n"": 8, ""fold_a_support_n"": 8, ""fold_b_fresh_utility"": -0.08105069398880005, ""fold_b_query_n"": 8, ""fold_b_support_n"": 8, ""fresh_advantage"": -0.16831466555595398, ""fresh_local_trainability"": -0.02133151888847351, ""fresh_positive"": false, ""fresh_query_after"": 0.7197468280792236, ""fresh_query_before"": 0.6984153091907501, ""fresh_utility"": -0.17016595602035522, ""max_adapters"": 8, ""reuse_profiles"": {""default"": {""feasible_both"": true, ""fold_a_harm"": -0.0026397937908768654, ""fold_a_lcb"": -0.0059420712012797595, ""fold_a_query_after"": 0.44558924436569214, ""fold_a_utility"": -0.0004253387451171875, ""fold_b_harm"": -0.0006960936589166522, ""fold_b_lcb"": -0.004185193348675967, ""fold_b_query_after"": 0.6572750806808472, ""fold_b_utility"": -0.0032772421836853027, ""harm_lcb_max"": -0.004185193348675967, ""harm_mean"": -0.0016679437248967588, ""harm_se_mean"": 0.001732494158204645, ""harm_ucb_max"": 0.002793006030842662, ""local_trainability"": -0.0018512904644012451, ""query_after"": 0.5514321625232697, ""query_before"": 0.5495808720588684, ""system_utility"": -0.0018512904644012451}}, ""status"": ""ok"", ""statusquo_loss"": 0.5495808720588684, ""total_memory_budget"": 512}, ""utility_status"": ""ok""}"
72,A2,A,2,default,reuse,safe_existing_reuse,0.5238279104232788,1,True,147456,592130,0,67694596,592130,4737056,512,43.832098740153015,487040512,0.0,29.138591327005997,2.512810271931812,512,512,0.5163235068321228,-0.216523677110672,-0.0015009641647338867,-0.2150227129459381,False,,"{""best_reuse"": ""default"", ""best_reuse_utility"": -0.0015009641647338867, ""decision"": ""reuse"", ""fresh_advantage"": -0.2150227129459381, ""fresh_positive"": false, ""fresh_utility"": -0.216523677110672, ""full_batch_guards"": {""default"": {""crossfit_feasible"": true, ""crossfit_utility"": -0.0015009641647338867, ""crossfit_utility_positive"": false, ""full_batch_cur_after"": 0.509560763835907, ""full_batch_cur_before"": 0.5163235664367676, ""full_batch_gain"": 0.006762802600860596, ""full_batch_harm"": 0.0002956300741061568, ""full_batch_harm_lcb"": -0.004337130109779537, ""full_batch_harm_se"": 0.002363653155043721, ""full_batch_harm_ucb"": 0.0049283902579918505, ""full_batch_safe"": true}}, ""guarded_best_reuse"": ""default"", ""num_adapters"": 1, ""pending_after"": false, ""pending_before"": false, ""policy_version"": ""cau_v1"", ""reason"": ""safe_existing_reuse"", ""utility"": {""batch_n"": 16, ""best_reuse"": ""default"", ""best_reuse_query_after"": 0.5178244709968567, ""best_reuse_utility"": -0.0015009641647338867, ""budget_blocked_fresh"": false, ""defer_utility"": 0.0, ""fold_a_fresh_utility"": -0.235481858253479, ""fold_a_query_n"": 8, ""fold_a_support_n"": 8, ""fold_b_fresh_utility"": -0.197565495967865, ""fold_b_query_n"": 8, ""fold_b_support_n"": 8, ""fresh_advantage"": -0.2150227129459381, ""fresh_local_trainability"": -0.045463502407073975, ""fresh_positive"": false, ""fresh_query_after"": 0.7328471839427948, ""fresh_query_before"": 0.6873836815357208, ""fresh_utility"": -0.216523677110672, ""max_adapters"": 8, ""reuse_profiles"": {""default"": {""feasible_both"": true, ""fold_a_harm"": -0.0027206395752727985, ""fold_a_lcb"": -0.004814736861735582, ""fold_a_query_after"": 0.4711766839027405, ""fold_a_utility"": -0.0002548098564147949, ""fold_b_harm"": 0.0004889611154794693, ""fold_b_lcb"": -0.004450154649093747, ""fold_b_query_after"": 0.5644722580909729, ""fold_b_utility"": -0.0027471184730529785, ""harm_lcb_max"": -0.004450154649093747, ""harm_mean"": -0.0011158392298966646, ""harm_se_mean"": 0.0017941870028153062, ""harm_ucb_max"": 0.005428076880052686, ""local_trainability"": -0.0015009641647338867, ""query_after"": 0.5178244709968567, ""query_before"": 0.5163235068321228, ""system_utility"": -0.0015009641647338867}}, ""status"": ""ok"", ""statusquo_loss"": 0.5163235068321228, ""total_memory_budget"": 512}, ""utility_status"": ""ok""}"
73,A2,A,2,default,reuse,safe_existing_reuse,0.5554067492485046,1,True,147456,592130,0,67694596,592130,4737056,512,44.29529290809296,487040512,0.0,29.594960174988955,2.512810271931812,512,512,0.5212306380271912,-0.20465165376663208,-0.00867830216884613,-0.19597335159778595,False,,"{""best_reuse"": ""default"", ""best_reuse_utility"": -0.00867830216884613, ""decision"": ""reuse"", ""fresh_advantage"": -0.19597335159778595, ""fresh_positive"": false, ""fresh_utility"": -0.20465165376663208, ""full_batch_guards"": {""default"": {""crossfit_feasible"": true, ""crossfit_utility"": -0.00867830216884613, ""crossfit_utility_positive"": false, ""full_batch_cur_after"": 0.5181124806404114, ""full_batch_cur_before"": 0.5212305784225464, ""full_batch_gain"": 0.0031180977821350098, ""full_batch_harm"": -0.0009859711863100529, ""full_batch_harm_lcb"": -0.003324909247457981, ""full_batch_harm_se"": 0.0011933357454836369, ""full_batch_harm_ucb"": 0.0013529668748378755, ""full_batch_safe"": true}}, ""guarded_best_reuse"": ""default"", ""num_adapters"": 1, ""pending_after"": false, ""pending_before"": false, ""policy_version"": ""cau_v1"", ""reason"": ""safe_existing_reuse"", ""utility"": {""batch_n"": 16, ""best_reuse"": ""default"", ""best_reuse_query_after"": 0.5299089401960373, ""best_reuse_utility"": -0.00867830216884613, ""budget_blocked_fresh"": false, ""defer_utility"": 0.0, ""fold_a_fresh_utility"": -0.2855759263038635, ""fold_a_query_n"": 8, ""fold_a_support_n"": 8, ""fold_b_fresh_utility"": -0.12372738122940063, ""fold_b_query_n"": 8, ""fold_b_support_n"": 8, ""fresh_advantage"": -0.19597335159778595, ""fresh_local_trainability"": 0.0038352608680725098, ""fresh_positive"": false, ""fresh_query_after"": 0.7258822917938232, ""fresh_query_before"": 0.7297175526618958, ""fresh_utility"": -0.20465165376663208, ""max_adapters"": 8, ""reuse_profiles"": {""default"": {""feasible_both"": true, ""fold_a_harm"": 0.0008997730910778046, ""fold_a_lcb"": -0.006727095395326614, ""fold_a_query_after"": 0.47922512888908386, ""fold_a_utility"": -0.01895502209663391, ""fold_b_harm"": -0.0016764372121542692, ""fold_b_lcb"": -0.0028699092380702496, ""fold_b_query_after"": 0.5805927515029907, ""fold_b_utility"": 0.0015984177589416504, ""harm_lcb_max"": -0.0028699092380702496, ""harm_mean"": -0.0003883320605382323, ""harm_se_mean"": 0.002250086865387857, ""harm_ucb_max"": 0.008526641577482223, ""local_trainability"": -0.00867830216884613, ""query_after"": 0.5299089401960373, ""query_before"": 0.5212306380271912, ""system_utility"": -0.00867830216884613}}, ""status"": ""ok"", ""statusquo_loss"": 0.5212306380271912, ""total_memory_budget"": 512}, ""utility_status"": ""ok""}"
74,A2,A,2,default,reuse,safe_existing_reuse,0.49028998613357544,1,True,147456,592130,0,67694596,592130,4737056,512,44.760699096135795,487040512,0.0,30.05325279617682,2.512810271931812,512,512,0.5100075602531433,-0.18986910581588745,0.0019792914390563965,-0.19184839725494385,False,,"{""best_reuse"": ""default"", ""best_reuse_utility"": 0.0019792914390563965, ""decision"": ""reuse"", ""fresh_advantage"": -0.19184839725494385, ""fresh_positive"": false, ""fresh_utility"": -0.18986910581588745, ""full_batch_guards"": {""default"": {""crossfit_feasible"": true, ""crossfit_utility"": 0.0019792914390563965, ""crossfit_utility_positive"": true, ""full_batch_cur_after"": 0.5048943758010864, ""full_batch_cur_before"": 0.5100075006484985, ""full_batch_gain"": 0.005113124847412109, ""full_batch_harm"": -0.0026889254804700613, ""full_batch_harm_lcb"": -0.0049612730043008925, ""full_batch_harm_se"": 0.0011593609815463424, ""full_batch_harm_ucb"": -0.0004165779566392301, ""full_batch_safe"": true}}, ""guarded_best_reuse"": ""default"", ""num_adapters"": 1, ""pending_after"": false, ""pending_before"": false, ""policy_version"": ""cau_v1"", ""reason"": ""safe_existing_reuse"", ""utility"": {""batch_n"": 16, ""best_reuse"": ""default"", ""best_reuse_query_after"": 0.5080282688140869, ""best_reuse_utility"": 0.0019792914390563965, ""budget_blocked_fresh"": false, ""defer_utility"": 0.0, ""fold_a_fresh_utility"": -0.2085825800895691, ""fold_a_query_n"": 8, ""fold_a_support_n"": 8, ""fold_b_fresh_utility"": -0.1711556315422058, ""fold_b_query_n"": 8, ""fold_b_support_n"": 8, ""fresh_advantage"": -0.19184839725494385, ""fresh_local_trainability"": 0.012022674083709717, ""fresh_positive"": false, ""fresh_query_after"": 0.6998766660690308, ""fresh_query_before"": 0.7118993401527405, ""fresh_utility"": -0.18986910581588745, ""max_adapters"": 8, ""reuse_profiles"": {""default"": {""feasible_both"": true, ""fold_a_harm"": -0.002086709253489971, ""fold_a_lcb"": -0.0035024802852422, ""fold_a_query_after"": 0.47985637187957764, ""fold_a_utility"": 0.0022408366203308105, ""fold_b_harm"": -0.002223156625404954, ""fold_b_lcb"": -0.0033506218972615895, ""fold_b_query_after"": 0.5362001657485962, ""fold_b_utility"": 0.0017177462577819824, ""harm_lcb_max"": -0.0033506218972615895, ""harm_mean"": -0.0021549329394474626, ""harm_se_mean"": 0.000648784771328792, ""harm_ucb_max"": -0.0006709382217377424, ""local_trainability"": 0.0019792914390563965, ""query_after"": 0.5080282688140869, ""query_before"": 0.5100075602531433, ""system_utility"": 0.0019792914390563965}}, ""status"": ""ok"", ""statusquo_loss"": 0.5100075602531433, ""total_memory_budget"": 512}, ""utility_status"": ""ok""}"
75,A2,A,2,default,reuse,safe_existing_reuse,0.5135121941566467,1,True,147456,592130,0,67694596,592130,4737056,512,45.21322233811952,487040512,0.0,30.498419364215806,2.512810271931812,512,512,0.5115846395492554,-0.18226861953735352,0.003290235996246338,-0.18555885553359985,False,,"{""best_reuse"": ""default"", ""best_reuse_utility"": 0.003290235996246338, ""decision"": ""reuse"", ""fresh_advantage"": -0.18555885553359985, ""fresh_positive"": false, ""fresh_utility"": -0.18226861953735352, ""full_batch_guards"": {""default"": {""crossfit_feasible"": true, ""crossfit_utility"": 0.003290235996246338, ""crossfit_utility_positive"": true, ""full_batch_cur_after"": 0.5061728954315186, ""full_batch_cur_before"": 0.5115845203399658, ""full_batch_gain"": 0.005411624908447266, ""full_batch_harm"": -0.004228542093187571, ""full_batch_harm_lcb"": -0.0067049748590216045, ""full_batch_harm_se"": 0.001263486105017364, ""full_batch_harm_ucb"": -0.001752109327353537, ""full_batch_safe"": true}}, ""guarded_best_reuse"": ""default"", ""num_adapters"": 1, ""pending_after"": false, ""pending_before"": false, ""policy_version"": ""cau_v1"", ""reason"": ""safe_existing_reuse"", ""utility"": {""batch_n"": 16, ""best_reuse"": ""default"", ""best_reuse_query_after"": 0.508294403553009, ""best_reuse_utility"": 0.003290235996246338, ""budget_blocked_fresh"": false, ""defer_utility"": 0.0, ""fold_a_fresh_utility"": -0.06156337261199951, ""fold_a_query_n"": 8, ""fold_a_support_n"": 8, ""fold_b_fresh_utility"": -0.3029738664627075, ""fold_b_query_n"": 8, ""fold_b_support_n"": 8, ""fresh_advantage"": -0.18555885553359985, ""fresh_local_trainability"": 0.0028762221336364746, ""fresh_positive"": false, ""fresh_query_after"": 0.6938532590866089, ""fresh_query_before"": 0.6967294812202454, ""fresh_utility"": -0.18226861953735352, ""max_adapters"": 8, ""reuse_profiles"": {""default"": {""feasible_both"": true, ""fold_a_harm"": -0.004878675565123558, ""fold_a_lcb"": -0.007723814062774181, ""fold_a_query_after"": 0.6319411993026733, ""fold_a_utility"": 0.0032728910446166992, ""fold_b_harm"": -0.004810339771211147, ""fold_b_lcb"": -0.008519992250949144, ""fold_b_query_after"": 0.3846476078033447, ""fold_b_utility"": 0.0033075809478759766, ""harm_lcb_max"": -0.007723814062774181, ""harm_mean"": -0.004844507668167353, ""harm_se_mean"": 0.0016721405554562807, ""harm_ucb_max"": -0.0011006872914731502, ""local_trainability"": 0.003290235996246338, ""query_after"": 0.508294403553009, ""query_before"": 0.5115846395492554, ""system_utility"": 0.003290235996246338}}, ""status"": ""ok"", ""statusquo_loss"": 0.5115846395492554, ""total_memory_budget"": 512}, ""utility_status"": ""ok""}"
76,A2,A,2,default,reuse,safe_existing_reuse,0.546568751335144,1,True,147456,592130,0,67694596,592130,4737056,512,45.664939917158335,487040512,0.0,30.94318130123429,2.512810271931812,512,512,0.522153690457344,-0.17089633643627167,-0.0021100789308547974,-0.16878625750541687,False,,"{""best_reuse"": ""default"", ""best_reuse_utility"": -0.0021100789308547974, ""decision"": ""reuse"", ""fresh_advantage"": -0.16878625750541687, ""fresh_positive"": false, ""fresh_utility"": -0.17089633643627167, ""full_batch_guards"": {""default"": {""crossfit_feasible"": true, ""crossfit_utility"": -0.0021100789308547974, ""crossfit_utility_positive"": false, ""full_batch_cur_after"": 0.5170438289642334, ""full_batch_cur_before"": 0.5221536159515381, ""full_batch_gain"": 0.0051097869873046875, ""full_batch_harm"": 0.00010648870375007391, ""full_batch_harm_lcb"": -0.002159597952850163, ""full_batch_harm_se"": 0.0011561666615307331, ""full_batch_harm_ucb"": 0.002372575360350311, ""full_batch_safe"": true}}, ""guarded_best_reuse"": ""default"", ""num_adapters"": 1, ""pending_after"": false, ""pending_before"": false, ""policy_version"": ""cau_v1"", ""reason"": ""safe_existing_reuse"", ""utility"": {""batch_n"": 16, ""best_reuse"": ""default"", ""best_reuse_query_after"": 0.5242637693881989, ""best_reuse_utility"": -0.0021100789308547974, ""budget_blocked_fresh"": false, ""defer_utility"": 0.0, ""fold_a_fresh_utility"": -0.04090243577957153, ""fold_a_query_n"": 8, ""fold_a_support_n"": 8, ""fold_b_fresh_utility"": -0.3008902370929718, ""fold_b_query_n"": 8, ""fold_b_support_n"": 8, ""fresh_advantage"": -0.16878625750541687, ""fresh_local_trainability"": -0.01749277114868164, ""fresh_positive"": false, ""fresh_query_after"": 0.6930500268936157, ""fresh_query_before"": 0.6755572557449341, ""fresh_utility"": -0.17089633643627167, ""max_adapters"": 8, ""reuse_profiles"": {""default"": {""feasible_both"": true, ""fold_a_harm"": -0.00548310624435544, ""fold_a_lcb"": -0.007990110451355576, ""fold_a_query_after"": 0.6392652988433838, ""fold_a_utility"": -0.006465554237365723, ""fold_b_harm"": 0.0012509302468970418, ""fold_b_lcb"": -0.0015980317629873753, ""fold_b_query_after"": 0.4092622399330139, ""fold_b_utility"": 0.002245396375656128, ""harm_lcb_max"": -0.0015980317629873753, ""harm_mean"": -0.002116087998729199, ""harm_se_mean"": 0.0013663179124705493, ""harm_ucb_max"": 0.004099892256781459, ""local_trainability"": -0.0021100789308547974, ""query_after"": 0.5242637693881989, ""query_before"": 0.522153690457344, ""system_utility"": -0.0021100789308547974}}, ""status"": ""ok"", ""statusquo_loss"": 0.522153690457344, ""total_memory_budget"": 512}, ""utility_status"": ""ok""}"
77,A2,A,2,default,reuse,safe_existing_reuse,0.6113734841346741,1,True,147456,592130,0,67694596,592130,4737056,512,46.12647638912313,487040512,0.0,31.397366968216375,2.512810271931812,512,512,0.550640732049942,-0.06191757321357727,0.015682518482208252,-0.07760009169578552,False,,"{""best_reuse"": ""default"", ""best_reuse_utility"": 0.015682518482208252, ""decision"": ""reuse"", ""fresh_advantage"": -0.07760009169578552, ""fresh_positive"": false, ""fresh_utility"": -0.06191757321357727, ""full_batch_guards"": {""default"": {""crossfit_feasible"": true, ""crossfit_utility"": 0.015682518482208252, ""crossfit_utility_positive"": true, ""full_batch_cur_after"": 0.533380389213562, ""full_batch_cur_before"": 0.5506408214569092, ""full_batch_gain"": 0.017260432243347168, ""full_batch_harm"": 0.005226175766438246, ""full_batch_harm_lcb"": -0.0002386689372360709, ""full_batch_harm_se"": 0.0027881860733032227, ""full_batch_harm_ucb"": 0.010691020470112562, ""full_batch_safe"": true}}, ""guarded_best_reuse"": ""default"", ""num_adapters"": 1, ""pending_after"": false, ""pending_before"": false, ""policy_version"": ""cau_v1"", ""reason"": ""safe_existing_reuse"", ""utility"": {""batch_n"": 16, ""best_reuse"": ""default"", ""best_reuse_query_after"": 0.5349582135677338, ""best_reuse_utility"": 0.015682518482208252, ""budget_blocked_fresh"": false, ""defer_utility"": 0.0, ""fold_a_fresh_utility"": -0.10181266069412231, ""fold_a_query_n"": 8, ""fold_a_support_n"": 8, ""fold_b_fresh_utility"": -0.022022485733032227, ""fold_b_query_n"": 8, ""fold_b_support_n"": 8, ""fresh_advantage"": -0.07760009169578552, ""fresh_local_trainability"": 0.04461070895195007, ""fresh_positive"": false, ""fresh_query_after"": 0.6125583052635193, ""fresh_query_before"": 0.6571690142154694, ""fresh_utility"": -0.06191757321357727, ""max_adapters"": 8, ""reuse_profiles"": {""default"": {""feasible_both"": true, ""fold_a_harm"": 0.004354345612227917, ""fold_a_lcb"": -0.0005883173458278174, ""fold_a_query_after"": 0.5005500316619873, ""fold_a_utility"": 0.015801727771759033, ""fold_b_harm"": 0.005252868868410587, ""fold_b_lcb"": -0.00028750052675604806, ""fold_b_query_after"": 0.5693663954734802, ""fold_b_utility"": 0.01556330919265747, ""harm_lcb_max"": -0.00028750052675604806, ""harm_mean"": 0.004803607240319252, ""harm_se_mean"": 0.0026742429472506046, ""harm_ucb_max"": 0.010793238263577223, ""local_trainability"": 0.015682518482208252, ""query_after"": 0.5349582135677338, ""query_before"": 0.550640732049942, ""system_utility"": 0.015682518482208252}}, ""status"": ""ok"", ""statusquo_loss"": 0.550640732049942, ""total_memory_budget"": 512}, ""utility_status"": ""ok""}"
78,A2,A,2,default,defer,no_retention_feasible_reuse,,1,False,147456,592130,0,67694596,592130,4737056,512,46.501701741013676,487040512,0.0,31.76566893933341,2.512810271931812,512,512,0.44476568698883057,-0.2268887758255005,,,False,,"{""best_reuse"": null, ""best_reuse_utility"": null, ""decision"": ""defer"", ""fresh_advantage"": null, ""fresh_positive"": false, ""fresh_utility"": -0.2268887758255005, ""full_batch_guards"": {}, ""guarded_best_reuse"": null, ""num_adapters"": 1, ""pending_after"": false, ""pending_before"": false, ""policy_version"": ""cau_v1"", ""reason"": ""no_retention_feasible_reuse"", ""utility"": {""batch_n"": 16, ""best_reuse"": null, ""best_reuse_query_after"": null, ""best_reuse_utility"": null, ""budget_blocked_fresh"": false, ""defer_utility"": 0.0, ""fold_a_fresh_utility"": -0.19004344940185547, ""fold_a_query_n"": 8, ""fold_a_support_n"": 8, ""fold_b_fresh_utility"": -0.2637341022491455, ""fold_b_query_n"": 8, ""fold_b_support_n"": 8, ""fresh_advantage"": null, ""fresh_local_trainability"": -0.011908620595932007, ""fresh_positive"": false, ""fresh_query_after"": 0.671654462814331, ""fresh_query_before"": 0.659745842218399, ""fresh_utility"": -0.2268887758255005, ""max_adapters"": 8, ""reuse_profiles"": {""default"": {""feasible_both"": false, ""fold_a_harm"": 0.004352828487753868, ""fold_a_lcb"": -0.0003551702573895456, ""fold_a_query_after"": 0.43893226981163025, ""fold_a_utility"": 0.010584503412246704, ""fold_b_harm"": 0.010765903629362583, ""fold_b_lcb"": 0.0023110928945243355, ""fold_b_query_after"": 0.4418538808822632, ""fold_b_utility"": -0.001839280128479004, ""harm_lcb_max"": 0.0023110928945243355, ""harm_mean"": 0.007559366058558226, ""harm_se_mean"": 0.0033578595612198114, ""harm_ucb_max"": 0.01922071436420083, ""local_trainability"": 0.00437261164188385, ""query_after"": 0.4403930753469467, ""query_before"": 0.44476568698883057, ""system_utility"": 0.00437261164188385}}, ""status"": ""ok"", ""statusquo_loss"": 0.44476568698883057, ""total_memory_budget"": 512}, ""utility_status"": ""ok""}"
79,A2,A,2,default,reuse,safe_existing_reuse,0.49060600996017456,1,True,147456,592130,0,67694596,592130,4737056,512,46.95920098107308,487040512,0.0,32.215918188216165,2.512810271931812,512,512,0.4811641275882721,-0.19052332639694214,0.00023245811462402344,-0.19075578451156616,False,,"{""best_reuse"": ""default"", ""best_reuse_utility"": 0.00023245811462402344, ""decision"": ""reuse"", ""fresh_advantage"": -0.19075578451156616, ""fresh_positive"": false, ""fresh_utility"": -0.19052332639694214, ""full_batch_guards"": {""default"": {""crossfit_feasible"": true, ""crossfit_utility"": 0.00023245811462402344, ""crossfit_utility_positive"": true, ""full_batch_cur_after"": 0.47982853651046753, ""full_batch_cur_before"": 0.4811641573905945, ""full_batch_gain"": 0.0013356208801269531, ""full_batch_harm"": -0.0009903112659230828, ""full_batch_harm_lcb"": -0.0023742109490558503, ""full_batch_harm_se"": 0.0007060712669044733, ""full_batch_harm_ucb"": 0.0003935884172096848, ""full_batch_safe"": true}}, ""guarded_best_reuse"": ""default"", ""num_adapters"": 1, ""pending_after"": false, ""pending_before"": false, ""policy_version"": ""cau_v1"", ""reason"": ""safe_existing_reuse"", ""utility"": {""batch_n"": 16, ""best_reuse"": ""default"", ""best_reuse_query_after"": 0.48093166947364807, ""best_reuse_utility"": 0.00023245811462402344, ""budget_blocked_fresh"": false, ""defer_utility"": 0.0, ""fold_a_fresh_utility"": -0.2949404716491699, ""fold_a_query_n"": 8, ""fold_a_support_n"": 8, ""fold_b_fresh_utility"": -0.08610618114471436, ""fold_b_query_n"": 8, ""fold_b_support_n"": 8, ""fresh_advantage"": -0.19075578451156616, ""fresh_local_trainability"": 0.08207628130912781, ""fresh_positive"": false, ""fresh_query_after"": 0.6716874539852142, ""fresh_query_before"": 0.753763735294342, ""fresh_utility"": -0.19052332639694214, ""max_adapters"": 8, ""reuse_profiles"": {""default"": {""feasible_both"": true, ""fold_a_harm"": -0.0006177243776619434, ""fold_a_lcb"": -0.0021869238489307464, ""fold_a_query_after"": 0.35810577869415283, ""fold_a_utility"": 0.0013010501861572266, ""fold_b_harm"": -0.0008596612606197596, ""fold_b_lcb"": -0.0023721454525366427, ""fold_b_query_after"": 0.6037575602531433, ""fold_b_utility"": -0.0008361339569091797, ""harm_lcb_max"": -0.0021869238489307464, ""harm_mean"": -0.0007386928191408515, ""harm_se_mean"": 0.0007861437916290015, ""harm_ucb_max"": 0.0009514750936068595, ""local_trainability"": 0.00023245811462402344, ""query_after"": 0.48093166947364807, ""query_before"": 0.4811641275882721, ""system_utility"": 0.00023245811462402344}}, ""status"": ""ok"", ""statusquo_loss"": 0.4811641275882721, ""total_memory_budget"": 512}, ""utility_status"": ""ok""}"
80,A2,A,2,default,reuse,safe_existing_reuse,0.5566881895065308,1,True,147456,592130,0,67694596,592130,4737056,512,47.41189475799911,487040512,0.0,32.661184849217534,2.512810271931812,512,512,0.5567361563444138,-0.1358003169298172,0.0006646960973739624,-0.13646501302719116,False,,"{""best_reuse"": ""default"", ""best_reuse_utility"": 0.0006646960973739624, ""decision"": ""reuse"", ""fresh_advantage"": -0.13646501302719116, ""fresh_positive"": false, ""fresh_utility"": -0.1358003169298172, ""full_batch_guards"": {""default"": {""crossfit_feasible"": true, ""crossfit_utility"": 0.0006646960973739624, ""crossfit_utility_positive"": true, ""full_batch_cur_after"": 0.5533776879310608, ""full_batch_cur_before"": 0.556736171245575, ""full_batch_gain"": 0.00335848331451416, ""full_batch_harm"": -0.0028623798862099648, ""full_batch_harm_lcb"": -0.003928325788583606, ""full_batch_harm_se"": 0.0005438499501906335, ""full_batch_harm_ucb"": -0.001796433983836323, ""full_batch_safe"": true}}, ""guarded_best_reuse"": ""default"", ""num_adapters"": 1, ""pending_after"": false, ""pending_before"": false, ""policy_version"": ""cau_v1"", ""reason"": ""safe_existing_reuse"", ""utility"": {""batch_n"": 16, ""best_reuse"": ""default"", ""best_reuse_query_after"": 0.5560714602470398, ""best_reuse_utility"": 0.0006646960973739624, ""budget_blocked_fresh"": false, ""defer_utility"": 0.0, ""fold_a_fresh_utility"": 0.03643012046813965, ""fold_a_query_n"": 8, ""fold_a_support_n"": 8, ""fold_b_fresh_utility"": -0.30803075432777405, ""fold_b_query_n"": 8, ""fold_b_support_n"": 8, ""fresh_advantage"": -0.13646501302719116, ""fresh_local_trainability"": 0.001219630241394043, ""fresh_positive"": false, ""fresh_query_after"": 0.692536473274231, ""fresh_query_before"": 0.693756103515625, ""fresh_utility"": -0.1358003169298172, ""max_adapters"": 8, ""reuse_profiles"": {""default"": {""feasible_both"": true, ""fold_a_harm"": -0.00447841826826334, ""fold_a_lcb"": -0.005988574628718197, ""fold_a_query_after"": 0.7321599721908569, ""fold_a_utility"": 0.00016164779663085938, ""fold_b_harm"": -0.0013239538529887795, ""fold_b_lcb"": -0.002341181861702353, ""fold_b_query_after"": 0.37998294830322266, ""fold_b_utility"": 0.0011677443981170654, ""harm_lcb_max"": -0.002341181861702353, ""harm_mean"": -0.0029011860606260598, ""harm_se_mean"": 0.0006447409105021507, ""harm_ucb_max"": -0.00030672584427520627, ""local_trainability"": 0.0006646960973739624, ""query_after"": 0.5560714602470398, ""query_before"": 0.5567361563444138, ""system_utility"": 0.0006646960973739624}}, ""status"": ""ok"", ""statusquo_loss"": 0.5567361563444138, ""total_memory_budget"": 512}, ""utility_status"": ""ok""}"
