step,segment,concept,occurrence,adapter,decision,reason,loss,num_adapters,train_executed,lora_parameters,private_head_parameters,unwrapped_shared_head_parameters,total_unique_parameters,currently_trainable_parameters,optimizer_state_bytes,replay_items,elapsed_seconds,gpu_peak_allocated_bytes,component_audit_seconds,live_training_seconds,evaluation_seconds,memory_budget,allocated_memory_slots,statusquo_loss,fresh_utility,best_reuse_utility,fresh_advantage,fresh_positive,fresh_feasible_both,info
1,B1,B,1,default,warmup,existing_warmup,4.377133369445801,1,True,147456,649805,0,67809946,797261,6378200,16,2.0779936390463263,410059776,0.0,0.40489360108040273,0.0,512,512,,,,,,,"{""best_reuse"": null, ""best_reuse_utility"": null, ""decision"": ""warmup"", ""fresh_positive"": null, ""fresh_utility"": null, ""full_batch_guards"": {}, ""guarded_best_reuse"": null, ""num_adapters"": 1, ""pending_after"": false, ""pending_before"": false, ""policy_version"": ""cau_v1"", ""reason"": ""existing_warmup"", ""utility_status"": ""warmup""}"
2,B1,B,1,default,warmup,existing_warmup,4.307411193847656,1,True,147456,649805,0,67809946,797261,6378200,32,2.108531210105866,433308160,0.0,0.43090394511818886,0.0,512,512,,,,,,,"{""best_reuse"": null, ""best_reuse_utility"": null, ""decision"": ""warmup"", ""fresh_positive"": null, ""fresh_utility"": null, ""full_batch_guards"": {}, ""guarded_best_reuse"": null, ""num_adapters"": 1, ""pending_after"": false, ""pending_before"": false, ""policy_version"": ""cau_v1"", ""reason"": ""existing_warmup"", ""utility_status"": ""warmup""}"
3,B1,B,1,default,warmup,existing_warmup,4.310563087463379,1,True,147456,649805,0,67809946,797261,6378200,48,2.131138450000435,433308160,0.0,0.44993418524973094,0.0,512,512,,,,,,,"{""best_reuse"": null, ""best_reuse_utility"": null, ""decision"": ""warmup"", ""fresh_positive"": null, ""fresh_utility"": null, ""full_batch_guards"": {}, ""guarded_best_reuse"": null, ""num_adapters"": 1, ""pending_after"": false, ""pending_before"": false, ""policy_version"": ""cau_v1"", ""reason"": ""existing_warmup"", ""utility_status"": ""warmup""}"
4,B1,B,1,default,warmup,existing_warmup,4.259078502655029,1,True,147456,649805,0,67809946,797261,6378200,64,2.153728010132909,443668480,0.0,0.46955614211037755,0.0,512,512,,,,,,,"{""best_reuse"": null, ""best_reuse_utility"": null, ""decision"": ""warmup"", ""fresh_positive"": null, ""fresh_utility"": null, ""full_batch_guards"": {}, ""guarded_best_reuse"": null, ""num_adapters"": 1, ""pending_after"": false, ""pending_before"": false, ""policy_version"": ""cau_v1"", ""reason"": ""existing_warmup"", ""utility_status"": ""warmup""}"
5,B1,B,1,default,reuse,safe_existing_reuse,4.148005962371826,1,True,147456,649805,0,67809946,797261,6378200,80,2.5560897102113813,459206144,0.0,0.8689795508980751,0.0,512,512,4.145724296569824,-0.13371658325195312,0.05987238883972168,-0.1935889720916748,False,,"{""best_reuse"": ""default"", ""best_reuse_utility"": 0.05987238883972168, ""decision"": ""reuse"", ""fresh_advantage"": -0.1935889720916748, ""fresh_positive"": false, ""fresh_utility"": -0.13371658325195312, ""full_batch_guards"": {""default"": {""crossfit_feasible"": true, ""crossfit_utility"": 0.05987238883972168, ""crossfit_utility_positive"": true, ""full_batch_cur_after"": 4.0800676345825195, ""full_batch_cur_before"": 4.145724296569824, ""full_batch_gain"": 0.06565666198730469, ""full_batch_harm"": -0.060136470943689346, ""full_batch_harm_lcb"": -0.06269710243679583, ""full_batch_harm_se"": 0.001306444639340043, ""full_batch_harm_ucb"": -0.05757583945058286, ""full_batch_safe"": true}}, ""guarded_best_reuse"": ""default"", ""num_adapters"": 1, ""pending_after"": false, ""pending_before"": false, ""policy_version"": ""cau_v1"", ""reason"": ""safe_existing_reuse"", ""utility"": {""batch_n"": 16, ""best_reuse"": ""default"", ""best_reuse_query_after"": 4.0858519077301025, ""best_reuse_utility"": 0.05987238883972168, ""budget_blocked_fresh"": false, ""defer_utility"": 0.0, ""fold_a_fresh_utility"": -0.14755821228027344, ""fold_a_query_n"": 8, ""fold_a_support_n"": 8, ""fold_b_fresh_utility"": -0.11987495422363281, ""fold_b_query_n"": 8, ""fold_b_support_n"": 8, ""fresh_advantage"": -0.1935889720916748, ""fresh_local_trainability"": 0.0683138370513916, ""fresh_positive"": false, ""fresh_query_after"": 4.279440879821777, ""fresh_query_before"": 4.347754716873169, ""fresh_utility"": -0.13371658325195312, ""max_adapters"": 8, ""reuse_profiles"": {""default"": {""feasible_both"": true, ""fold_a_harm"": -0.05855989456176758, ""fold_a_lcb"": -0.061088442504405975, ""fold_a_query_after"": 4.076764106750488, ""fold_a_utility"": 0.060400962829589844, ""fold_b_harm"": -0.059194259345531464, ""fold_b_lcb"": -0.06230674570426345, ""fold_b_query_after"": 4.094939708709717, ""fold_b_utility"": 0.059343814849853516, ""harm_lcb_max"": -0.061088442504405975, ""harm_mean"": -0.05887707695364952, ""harm_se_mean"": 0.0014390393625944853, ""harm_ucb_max"": -0.05603134661912918, ""local_trainability"": 0.05987238883972168, ""query_after"": 4.0858519077301025, ""query_before"": 4.145724296569824, ""system_utility"": 0.05987238883972168}}, ""status"": ""ok"", ""statusquo_loss"": 4.145724296569824, ""total_memory_budget"": 512}, ""utility_status"": ""ok""}"
6,B1,B,1,default,reuse,safe_existing_reuse,4.152927398681641,1,True,147456,649805,0,67809946,797261,6378200,96,2.9435525361914188,471472640,0.0,1.253036221023649,0.0,512,512,4.111050128936768,-0.22295045852661133,0.05978226661682129,-0.2827327251434326,False,,"{""best_reuse"": ""default"", ""best_reuse_utility"": 0.05978226661682129, ""decision"": ""reuse"", ""fresh_advantage"": -0.2827327251434326, ""fresh_positive"": false, ""fresh_utility"": -0.22295045852661133, ""full_batch_guards"": {""default"": {""crossfit_feasible"": true, ""crossfit_utility"": 0.05978226661682129, ""crossfit_utility_positive"": true, ""full_batch_cur_after"": 4.039608955383301, ""full_batch_cur_before"": 4.111050128936768, ""full_batch_gain"": 0.0714411735534668, ""full_batch_harm"": -0.05993399769067764, ""full_batch_harm_lcb"": -0.06359089679084719, ""full_batch_harm_se"": 0.0018657648470252752, ""full_batch_harm_ucb"": -0.056277098590508105, ""full_batch_safe"": true}}, ""guarded_best_reuse"": ""default"", ""num_adapters"": 1, ""pending_after"": false, ""pending_before"": false, ""policy_version"": ""cau_v1"", ""reason"": ""safe_existing_reuse"", ""utility"": {""batch_n"": 16, ""best_reuse"": ""default"", ""best_reuse_query_after"": 4.051267862319946, ""best_reuse_utility"": 0.05978226661682129, ""budget_blocked_fresh"": false, ""defer_utility"": 0.0, ""fold_a_fresh_utility"": -0.23930644989013672, ""fold_a_query_n"": 8, ""fold_a_support_n"": 8, ""fold_b_fresh_utility"": -0.20659446716308594, ""fold_b_query_n"": 8, ""fold_b_support_n"": 8, ""fresh_advantage"": -0.2827327251434326, ""fresh_local_trainability"": 0.047167301177978516, ""fresh_positive"": false, ""fresh_query_after"": 4.334000587463379, ""fresh_query_before"": 4.381167888641357, ""fresh_utility"": -0.22295045852661133, ""max_adapters"": 8, ""reuse_profiles"": {""default"": {""feasible_both"": true, ""fold_a_harm"": -0.05741705745458603, ""fold_a_lcb"": -0.06006876871921122, ""fold_a_query_after"": 4.026028156280518, ""fold_a_utility"": 0.06490087509155273, ""fold_b_harm"": -0.058995939791202545, ""fold_b_lcb"": -0.06364743899554014, ""fold_b_query_after"": 4.076507568359375, ""fold_b_utility"": 0.054663658142089844, ""harm_lcb_max"": -0.06006876871921122, ""harm_mean"": -0.05820649862289429, ""harm_se_mean"": 0.0018630638951435685, ""harm_ucb_max"": -0.054344440586864946, ""local_trainability"": 0.05978226661682129, ""query_after"": 4.051267862319946, ""query_before"": 4.111050128936768, ""system_utility"": 0.05978226661682129}}, ""status"": ""ok"", ""statusquo_loss"": 4.111050128936768, ""total_memory_budget"": 512}, ""utility_status"": ""ok""}"
7,B1,B,1,default,reuse,safe_existing_reuse,4.040339946746826,1,True,147456,649805,0,67809946,797261,6378200,112,3.32214245502837,471472640,0.0,1.6281750341877341,0.0,512,512,4.039731025695801,-0.2828383445739746,0.05327939987182617,-0.3361177444458008,False,,"{""best_reuse"": ""default"", ""best_reuse_utility"": 0.05327939987182617, ""decision"": ""reuse"", ""fresh_advantage"": -0.3361177444458008, ""fresh_positive"": false, ""fresh_utility"": -0.2828383445739746, ""full_batch_guards"": {""default"": {""crossfit_feasible"": true, ""crossfit_utility"": 0.05327939987182617, ""crossfit_utility_positive"": true, ""full_batch_cur_after"": 3.9770352840423584, ""full_batch_cur_before"": 4.039731025695801, ""full_batch_gain"": 0.06269574165344238, ""full_batch_harm"": -0.06222394481301308, ""full_batch_harm_lcb"": -0.06539654567372054, ""full_batch_harm_se"": 0.0016186739085242152, ""full_batch_harm_ucb"": -0.059051343952305616, ""full_batch_safe"": true}}, ""guarded_best_reuse"": ""default"", ""num_adapters"": 1, ""pending_after"": false, ""pending_before"": false, ""policy_version"": ""cau_v1"", ""reason"": ""safe_existing_reuse"", ""utility"": {""batch_n"": 16, ""best_reuse"": ""default"", ""best_reuse_query_after"": 3.9864516258239746, ""best_reuse_utility"": 0.05327939987182617, ""budget_blocked_fresh"": false, ""defer_utility"": 0.0, ""fold_a_fresh_utility"": -0.2837543487548828, ""fold_a_query_n"": 8, ""fold_a_support_n"": 8, ""fold_b_fresh_utility"": -0.2819223403930664, ""fold_b_query_n"": 8, ""fold_b_support_n"": 8, ""fresh_advantage"": -0.3361177444458008, ""fresh_local_trainability"": 0.03500723838806152, ""fresh_positive"": false, ""fresh_query_after"": 4.322569370269775, ""fresh_query_before"": 4.357576608657837, ""fresh_utility"": -0.2828383445739746, ""max_adapters"": 8, ""reuse_profiles"": {""default"": {""feasible_both"": true, ""fold_a_harm"": -0.05943950638175011, ""fold_a_lcb"": -0.06249958093743771, ""fold_a_query_after"": 4.0167107582092285, ""fold_a_utility"": 0.05556344985961914, ""fold_b_harm"": -0.06120825931429863, ""fold_b_lcb"": -0.0648310023592785, ""fold_b_query_after"": 3.9561924934387207, ""fold_b_utility"": 0.0509953498840332, ""harm_lcb_max"": -0.06249958093743771, ""harm_mean"": -0.06032388284802437, ""harm_se_mean"": 0.00170480040833354, ""harm_ucb_max"": -0.056379431826062504, ""local_trainability"": 0.05327939987182617, ""query_after"": 3.9864516258239746, ""query_before"": 4.039731025695801, ""system_utility"": 0.05327939987182617}}, ""status"": ""ok"", ""statusquo_loss"": 4.039731025695801, ""total_memory_budget"": 512}, ""utility_status"": ""ok""}"
8,B1,B,1,default,reuse,safe_existing_reuse,4.011964321136475,1,True,147456,649805,0,67809946,797261,6378200,128,3.7016854700632393,478107136,0.0,2.0035595633089542,0.0,512,512,3.9930304288864136,-0.3448992967605591,0.06422770023345947,-0.40912699699401855,False,,"{""best_reuse"": ""default"", ""best_reuse_utility"": 0.06422770023345947, ""decision"": ""reuse"", ""fresh_advantage"": -0.40912699699401855, ""fresh_positive"": false, ""fresh_utility"": -0.3448992967605591, ""full_batch_guards"": {""default"": {""crossfit_feasible"": true, ""crossfit_utility"": 0.06422770023345947, ""crossfit_utility_positive"": true, ""full_batch_cur_after"": 3.9235787391662598, ""full_batch_cur_before"": 3.993030548095703, ""full_batch_gain"": 0.06945180892944336, ""full_batch_harm"": -0.062118902802467346, ""full_batch_harm_lcb"": -0.06500033694319426, ""full_batch_harm_se"": 0.001470119459554553, ""full_batch_harm_ucb"": -0.05923746866174042, ""full_batch_safe"": true}}, ""guarded_best_reuse"": ""default"", ""num_adapters"": 1, ""pending_after"": false, ""pending_before"": false, ""policy_version"": ""cau_v1"", ""reason"": ""safe_existing_reuse"", ""utility"": {""batch_n"": 16, ""best_reuse"": ""default"", ""best_reuse_query_after"": 3.928802728652954, ""best_reuse_utility"": 0.06422770023345947, ""budget_blocked_fresh"": false, ""defer_utility"": 0.0, ""fold_a_fresh_utility"": -0.3724396228790283, ""fold_a_query_n"": 8, ""fold_a_support_n"": 8, ""fold_b_fresh_utility"": -0.31735897064208984, ""fold_b_query_n"": 8, ""fold_b_support_n"": 8, ""fresh_advantage"": -0.40912699699401855, ""fresh_local_trainability"": 0.08316183090209961, ""fresh_positive"": false, ""fresh_query_after"": 4.337929725646973, ""fresh_query_before"": 4.421091556549072, ""fresh_utility"": -0.3448992967605591, ""max_adapters"": 8, ""reuse_profiles"": {""default"": {""feasible_both"": true, ""fold_a_harm"": -0.061188410967588425, ""fold_a_lcb"": -0.06396569073665886, ""fold_a_query_after"": 3.9012451171875, ""fold_a_utility"": 0.06629157066345215, ""fold_b_harm"": -0.061438415199518204, ""fold_b_lcb"": -0.06443329929374159, ""fold_b_query_after"": 3.956360340118408, ""fold_b_utility"": 0.0621638298034668, ""harm_lcb_max"": -0.06396569073665886, ""harm_mean"": -0.061313413083553314, ""harm_se_mean"": 0.0014724907814525068, ""harm_ucb_max"": -0.05841113119851798, ""local_trainability"": 0.06422770023345947, ""query_after"": 3.928802728652954, ""query_before"": 3.9930304288864136, ""system_utility"": 0.06422770023345947}}, ""status"": ""ok"", ""statusquo_loss"": 3.9930304288864136, ""total_memory_budget"": 512}, ""utility_status"": ""ok""}"
9,B1,B,1,default,reuse,safe_existing_reuse,3.9260833263397217,1,True,147456,649805,0,67809946,797261,6378200,144,4.115861169993877,478107136,0.0,2.413678850280121,0.0,512,512,3.9142982959747314,-0.4544093608856201,0.06696677207946777,-0.5213761329650879,False,,"{""best_reuse"": ""default"", ""best_reuse_utility"": 0.06696677207946777, ""decision"": ""reuse"", ""fresh_advantage"": -0.5213761329650879, ""fresh_positive"": false, ""fresh_utility"": -0.4544093608856201, ""full_batch_guards"": {""default"": {""crossfit_feasible"": true, ""crossfit_utility"": 0.06696677207946777, ""crossfit_utility_positive"": true, ""full_batch_cur_after"": 3.8396155834198, ""full_batch_cur_before"": 3.9142982959747314, ""full_batch_gain"": 0.07468271255493164, ""full_batch_harm"": -0.06550591439008713, ""full_batch_harm_lcb"": -0.06868795732036233, ""full_batch_harm_se"": 0.0016234912909567356, ""full_batch_harm_ucb"": -0.06232387145981193, ""full_batch_safe"": true}}, ""guarded_best_reuse"": ""default"", ""num_adapters"": 1, ""pending_after"": false, ""pending_before"": false, ""policy_version"": ""cau_v1"", ""reason"": ""safe_existing_reuse"", ""utility"": {""batch_n"": 16, ""best_reuse"": ""default"", ""best_reuse_query_after"": 3.8473315238952637, ""best_reuse_utility"": 0.06696677207946777, ""budget_blocked_fresh"": false, ""defer_utility"": 0.0, ""fold_a_fresh_utility"": -0.47106313705444336, ""fold_a_query_n"": 8, ""fold_a_support_n"": 8, ""fold_b_fresh_utility"": -0.4377555847167969, ""fold_b_query_n"": 8, ""fold_b_support_n"": 8, ""fresh_advantage"": -0.5213761329650879, ""fresh_local_trainability"": 0.050046443939208984, ""fresh_positive"": false, ""fresh_query_after"": 4.368707656860352, ""fresh_query_before"": 4.4187541007995605, ""fresh_utility"": -0.4544093608856201, ""max_adapters"": 8, ""reuse_profiles"": {""default"": {""feasible_both"": true, ""fold_a_harm"": -0.06383468210697174, ""fold_a_lcb"": -0.06719913169275969, ""fold_a_query_after"": 3.7703452110290527, ""fold_a_utility"": 0.0657958984375, ""fold_b_harm"": -0.06442514061927795, ""fold_b_lcb"": -0.06758872153237462, ""fold_b_query_after"": 3.9243178367614746, ""fold_b_utility"": 0.06813764572143555, ""harm_lcb_max"": -0.06719913169275969, ""harm_mean"": -0.06412991136312485, ""harm_se_mean"": 0.0016653139027766883, ""harm_ucb_max"": -0.06047023252118379, ""local_trainability"": 0.06696677207946777, ""query_after"": 3.8473315238952637, ""query_before"": 3.9142982959747314, ""system_utility"": 0.06696677207946777}}, ""status"": ""ok"", ""statusquo_loss"": 3.9142982959747314, ""total_memory_budget"": 512}, ""utility_status"": ""ok""}"
10,B1,B,1,default,reuse,safe_existing_reuse,3.8487775325775146,1,True,147456,649805,0,67809946,797261,6378200,160,4.511453933082521,478107136,0.0,2.805423155426979,0.0,512,512,3.851475238800049,-0.4622538089752197,0.05907905101776123,-0.521332859992981,False,,"{""best_reuse"": ""default"", ""best_reuse_utility"": 0.05907905101776123, ""decision"": ""reuse"", ""fresh_advantage"": -0.521332859992981, ""fresh_positive"": false, ""fresh_utility"": -0.4622538089752197, ""full_batch_guards"": {""default"": {""crossfit_feasible"": true, ""crossfit_utility"": 0.05907905101776123, ""crossfit_utility_positive"": true, ""full_batch_cur_after"": 3.784207344055176, ""full_batch_cur_before"": 3.851475238800049, ""full_batch_gain"": 0.06726789474487305, ""full_batch_harm"": -0.06739602982997894, ""full_batch_harm_lcb"": -0.06980949523393065, ""full_batch_harm_se"": 0.0012313598999753594, ""full_batch_harm_ucb"": -0.06498256442602723, ""full_batch_safe"": true}}, ""guarded_best_reuse"": ""default"", ""num_adapters"": 1, ""pending_after"": false, ""pending_before"": false, ""policy_version"": ""cau_v1"", ""reason"": ""safe_existing_reuse"", ""utility"": {""batch_n"": 16, ""best_reuse"": ""default"", ""best_reuse_query_after"": 3.7923961877822876, ""best_reuse_utility"": 0.05907905101776123, ""budget_blocked_fresh"": false, ""defer_utility"": 0.0, ""fold_a_fresh_utility"": -0.4878973960876465, ""fold_a_query_n"": 8, ""fold_a_support_n"": 8, ""fold_b_fresh_utility"": -0.43661022186279297, ""fold_b_query_n"": 8, ""fold_b_support_n"": 8, ""fresh_advantage"": -0.521332859992981, ""fresh_local_trainability"": 0.040923357009887695, ""fresh_positive"": false, ""fresh_query_after"": 4.3137290477752686, ""fresh_query_before"": 4.354652404785156, ""fresh_utility"": -0.4622538089752197, ""max_adapters"": 8, ""reuse_profiles"": {""default"": {""feasible_both"": true, ""fold_a_harm"": -0.06384103000164032, ""fold_a_lcb"": -0.06626386377494782, ""fold_a_query_after"": 3.801771879196167, ""fold_a_utility"": 0.06125187873840332, ""fold_b_harm"": -0.06729455292224884, ""fold_b_lcb"": -0.07017579653766007, ""fold_b_query_after"": 3.783020496368408, ""fold_b_utility"": 0.05690622329711914, ""harm_lcb_max"": -0.06626386377494782, ""harm_mean"": -0.06556779146194458, ""harm_se_mean"": 0.0013530809665098786, ""harm_ucb_max"": -0.06141819622833282, ""local_trainability"": 0.05907905101776123, ""query_after"": 3.7923961877822876, ""query_before"": 3.851475238800049, ""system_utility"": 0.05907905101776123}}, ""status"": ""ok"", ""statusquo_loss"": 3.851475238800049, ""total_memory_budget"": 512}, ""utility_status"": ""ok""}"
11,B1,B,1,default,reuse,safe_existing_reuse,3.7827532291412354,1,True,147456,649805,0,67809946,797261,6378200,176,4.96284352010116,478107136,0.0,3.252948254579678,0.0,512,512,3.7857394218444824,-0.5630841255187988,0.0661160945892334,-0.6292002201080322,False,,"{""best_reuse"": ""default"", ""best_reuse_utility"": 0.0661160945892334, ""decision"": ""reuse"", ""fresh_advantage"": -0.6292002201080322, ""fresh_positive"": false, ""fresh_utility"": -0.5630841255187988, ""full_batch_guards"": {""default"": {""crossfit_feasible"": true, ""crossfit_utility"": 0.0661160945892334, ""crossfit_utility_positive"": true, ""full_batch_cur_after"": 3.7098164558410645, ""full_batch_cur_before"": 3.7857394218444824, ""full_batch_gain"": 0.07592296600341797, ""full_batch_harm"": -0.07139690965414047, ""full_batch_harm_lcb"": -0.07444860132411123, ""full_batch_harm_se"": 0.0015569855459034443, ""full_batch_harm_ucb"": -0.06834521798416972, ""full_batch_safe"": true}}, ""guarded_best_reuse"": ""default"", ""num_adapters"": 1, ""pending_after"": false, ""pending_before"": false, ""policy_version"": ""cau_v1"", ""reason"": ""safe_existing_reuse"", ""utility"": {""batch_n"": 16, ""best_reuse"": ""default"", ""best_reuse_query_after"": 3.719623327255249, ""best_reuse_utility"": 0.0661160945892334, ""budget_blocked_fresh"": false, ""defer_utility"": 0.0, ""fold_a_fresh_utility"": -0.5315918922424316, ""fold_a_query_n"": 8, ""fold_a_support_n"": 8, ""fold_b_fresh_utility"": -0.594576358795166, ""fold_b_query_n"": 8, ""fold_b_support_n"": 8, ""fresh_advantage"": -0.6292002201080322, ""fresh_local_trainability"": 0.02283167839050293, ""fresh_positive"": false, ""fresh_query_after"": 4.348823547363281, ""fresh_query_before"": 4.371655225753784, ""fresh_utility"": -0.5630841255187988, ""max_adapters"": 8, ""reuse_profiles"": {""default"": {""feasible_both"": true, ""fold_a_harm"": -0.06894638389348984, ""fold_a_lcb"": -0.07279694205150009, ""fold_a_query_after"": 3.7231714725494385, ""fold_a_utility"": 0.06015324592590332, ""fold_b_harm"": -0.06944960355758667, ""fold_b_lcb"": -0.07190288327634335, ""fold_b_query_after"": 3.7160751819610596, ""fold_b_utility"": 0.07207894325256348, ""harm_lcb_max"": -0.07190288327634335, ""harm_mean"": -0.06919799372553825, ""harm_se_mean"": 0.0016081219073385, ""harm_ucb_max"": -0.06509582573547959, ""local_trainability"": 0.0661160945892334, ""query_after"": 3.719623327255249, ""query_before"": 3.7857394218444824, ""system_utility"": 0.0661160945892334}}, ""status"": ""ok"", ""statusquo_loss"": 3.7857394218444824, ""total_memory_budget"": 512}, ""utility_status"": ""ok""}"
12,B1,B,1,default,reuse,safe_existing_reuse,3.760385513305664,1,True,147456,649805,0,67809946,797261,6378200,192,5.357527687214315,478107136,0.0,3.6438922565430403,0.0,512,512,3.7100871801376343,-0.6247943639755249,0.07227301597595215,-0.697067379951477,False,,"{""best_reuse"": ""default"", ""best_reuse_utility"": 0.07227301597595215, ""decision"": ""reuse"", ""fresh_advantage"": -0.697067379951477, ""fresh_positive"": false, ""fresh_utility"": -0.6247943639755249, ""full_batch_guards"": {""default"": {""crossfit_feasible"": true, ""crossfit_utility"": 0.07227301597595215, ""crossfit_utility_positive"": true, ""full_batch_cur_after"": 3.62998628616333, ""full_batch_cur_before"": 3.710087299346924, ""full_batch_gain"": 0.08010101318359375, ""full_batch_harm"": -0.07509168982505798, ""full_batch_harm_lcb"": -0.07805747534148395, ""full_batch_harm_se"": 0.0015131558757275343, ""full_batch_harm_ucb"": -0.07212590430863201, ""full_batch_safe"": true}}, ""guarded_best_reuse"": ""default"", ""num_adapters"": 1, ""pending_after"": false, ""pending_before"": false, ""policy_version"": ""cau_v1"", ""reason"": ""safe_existing_reuse"", ""utility"": {""batch_n"": 16, ""best_reuse"": ""default"", ""best_reuse_query_after"": 3.637814164161682, ""best_reuse_utility"": 0.07227301597595215, ""budget_blocked_fresh"": false, ""defer_utility"": 0.0, ""fold_a_fresh_utility"": -0.6426515579223633, ""fold_a_query_n"": 8, ""fold_a_support_n"": 8, ""fold_b_fresh_utility"": -0.6069371700286865, ""fold_b_query_n"": 8, ""fold_b_support_n"": 8, ""fresh_advantage"": -0.697067379951477, ""fresh_local_trainability"": 0.05111336708068848, ""fresh_positive"": false, ""fresh_query_after"": 4.334881544113159, ""fresh_query_before"": 4.385994911193848, ""fresh_utility"": -0.6247943639755249, ""max_adapters"": 8, ""reuse_profiles"": {""default"": {""feasible_both"": true, ""fold_a_harm"": -0.07323485612869263, ""fold_a_lcb"": -0.07648488533683122, ""fold_a_query_after"": 3.656423568725586, ""fold_a_utility"": 0.07098102569580078, ""fold_b_harm"": -0.07434199750423431, ""fold_b_lcb"": -0.07716263284906745, ""fold_b_query_after"": 3.6192047595977783, ""fold_b_utility"": 0.07356500625610352, ""harm_lcb_max"": -0.07648488533683122, ""harm_mean"": -0.07378842681646347, ""harm_se_mean"": 0.0015486389165744185, ""harm_ucb_max"": -0.06998482692055404, ""local_trainability"": 0.07227301597595215, ""query_after"": 3.637814164161682, ""query_before"": 3.7100871801376343, ""system_utility"": 0.07227301597595215}}, ""status"": ""ok"", ""statusquo_loss"": 3.7100871801376343, ""total_memory_budget"": 512}, ""utility_status"": ""ok""}"
13,B1,B,1,default,reuse,safe_existing_reuse,3.7049715518951416,1,True,147456,649805,0,67809946,797261,6378200,208,5.732765252003446,481077760,0.0,4.015324416570365,0.0,512,512,3.6932809352874756,-0.6487016677856445,0.07246863842010498,-0.7211703062057495,False,,"{""best_reuse"": ""default"", ""best_reuse_utility"": 0.07246863842010498, ""decision"": ""reuse"", ""fresh_advantage"": -0.7211703062057495, ""fresh_positive"": false, ""fresh_utility"": -0.6487016677856445, ""full_batch_guards"": {""default"": {""crossfit_feasible"": true, ""crossfit_utility"": 0.07246863842010498, ""crossfit_utility_positive"": true, ""full_batch_cur_after"": 3.613490343093872, ""full_batch_cur_before"": 3.6932811737060547, ""full_batch_gain"": 0.07979083061218262, ""full_batch_harm"": -0.07877811789512634, ""full_batch_harm_lcb"": -0.08124409093521535, ""full_batch_harm_se"": 0.0012581495102494955, ""full_batch_harm_ucb"": -0.07631214485503733, ""full_batch_safe"": true}}, ""guarded_best_reuse"": ""default"", ""num_adapters"": 1, ""pending_after"": false, ""pending_before"": false, ""policy_version"": ""cau_v1"", ""reason"": ""safe_existing_reuse"", ""utility"": {""batch_n"": 16, ""best_reuse"": ""default"", ""best_reuse_query_after"": 3.6208122968673706, ""best_reuse_utility"": 0.07246863842010498, ""budget_blocked_fresh"": false, ""defer_utility"": 0.0, ""fold_a_fresh_utility"": -0.6142702102661133, ""fold_a_query_n"": 8, ""fold_a_support_n"": 8, ""fold_b_fresh_utility"": -0.6831331253051758, ""fold_b_query_n"": 8, ""fold_b_support_n"": 8, ""fresh_advantage"": -0.7211703062057495, ""fresh_local_trainability"": 0.05204010009765625, ""fresh_positive"": false, ""fresh_query_after"": 4.34198260307312, ""fresh_query_before"": 4.394022703170776, ""fresh_utility"": -0.6487016677856445, ""max_adapters"": 8, ""reuse_profiles"": {""default"": {""feasible_both"": true, ""fold_a_harm"": -0.07867902517318726, ""fold_a_lcb"": -0.08145792201161385, ""fold_a_query_after"": 3.6722559928894043, ""fold_a_utility"": 0.0720820426940918, ""fold_b_harm"": -0.07626672089099884, ""fold_b_lcb"": -0.0788969806022942, ""fold_b_query_after"": 3.569368600845337, ""fold_b_utility"": 0.07285523414611816, ""harm_lcb_max"": -0.0788969806022942, ""harm_mean"": -0.07747287303209305, ""harm_se_mean"": 0.0013798868749290705, ""harm_ucb_max"": -0.07363646117970347, ""local_trainability"": 0.07246863842010498, ""query_after"": 3.6208122968673706, ""query_before"": 3.6932809352874756, ""system_utility"": 0.07246863842010498}}, ""status"": ""ok"", ""statusquo_loss"": 3.6932809352874756, ""total_memory_budget"": 512}, ""utility_status"": ""ok""}"
14,B1,B,1,default,reuse,safe_existing_reuse,3.6448311805725098,1,True,147456,649805,0,67809946,797261,6378200,224,6.1355238140095025,481096192,0.0,4.413816809654236,0.0,512,512,3.6335994005203247,-0.6899160146713257,0.07628309726715088,-0.7661991119384766,False,,"{""best_reuse"": ""default"", ""best_reuse_utility"": 0.07628309726715088, ""decision"": ""reuse"", ""fresh_advantage"": -0.7661991119384766, ""fresh_positive"": false, ""fresh_utility"": -0.6899160146713257, ""full_batch_guards"": {""default"": {""crossfit_feasible"": true, ""crossfit_utility"": 0.07628309726715088, ""crossfit_utility_positive"": true, ""full_batch_cur_after"": 3.5494725704193115, ""full_batch_cur_before"": 3.633599281311035, ""full_batch_gain"": 0.08412671089172363, ""full_batch_harm"": -0.08347369730472565, ""full_batch_harm_lcb"": -0.08563949942123145, ""full_batch_harm_se"": 0.0011050010798498988, ""full_batch_harm_ucb"": -0.08130789518821985, ""full_batch_safe"": true}}, ""guarded_best_reuse"": ""default"", ""num_adapters"": 1, ""pending_after"": false, ""pending_before"": false, ""policy_version"": ""cau_v1"", ""reason"": ""safe_existing_reuse"", ""utility"": {""batch_n"": 16, ""best_reuse"": ""default"", ""best_reuse_query_after"": 3.557316303253174, ""best_reuse_utility"": 0.07628309726715088, ""budget_blocked_fresh"": false, ""defer_utility"": 0.0, ""fold_a_fresh_utility"": -0.7566738128662109, ""fold_a_query_n"": 8, ""fold_a_support_n"": 8, ""fold_b_fresh_utility"": -0.6231582164764404, ""fold_b_query_n"": 8, ""fold_b_support_n"": 8, ""fresh_advantage"": -0.7661991119384766, ""fresh_local_trainability"": 0.0492243766784668, ""fresh_positive"": false, ""fresh_query_after"": 4.32351541519165, ""fresh_query_before"": 4.372739791870117, ""fresh_utility"": -0.6899160146713257, ""max_adapters"": 8, ""reuse_profiles"": {""default"": {""feasible_both"": true, ""fold_a_harm"": -0.08023902773857117, ""fold_a_lcb"": -0.08241681332699954, ""fold_a_query_after"": 3.5136260986328125, ""fold_a_utility"": 0.07977771759033203, ""fold_b_harm"": -0.08344991505146027, ""fold_b_lcb"": -0.0861983289802447, ""fold_b_query_after"": 3.601006507873535, ""fold_b_utility"": 0.07278847694396973, ""harm_lcb_max"": -0.08241681332699954, ""harm_mean"": -0.08184447139501572, ""harm_se_mean"": 0.0012566835503093898, ""harm_ucb_max"": -0.07806124215014279, ""local_trainability"": 0.07628309726715088, ""query_after"": 3.557316303253174, ""query_before"": 3.6335994005203247, ""system_utility"": 0.07628309726715088}}, ""status"": ""ok"", ""statusquo_loss"": 3.6335994005203247, ""total_memory_budget"": 512}, ""utility_status"": ""ok""}"
15,B1,B,1,default,reuse,safe_existing_reuse,3.4823856353759766,1,True,147456,649805,0,67809946,797261,6378200,240,6.53998230304569,481096192,0.0,4.814264787826687,0.0,512,512,3.4367668628692627,-0.8554937839508057,0.08627259731292725,-0.9417663812637329,False,,"{""best_reuse"": ""default"", ""best_reuse_utility"": 0.08627259731292725, ""decision"": ""reuse"", ""fresh_advantage"": -0.9417663812637329, ""fresh_positive"": false, ""fresh_utility"": -0.8554937839508057, ""full_batch_guards"": {""default"": {""crossfit_feasible"": true, ""crossfit_utility"": 0.08627259731292725, ""crossfit_utility_positive"": true, ""full_batch_cur_after"": 3.3419930934906006, ""full_batch_cur_before"": 3.4367668628692627, ""full_batch_gain"": 0.09477376937866211, ""full_batch_harm"": -0.08893824368715286, ""full_batch_harm_lcb"": -0.09145204360131175, ""full_batch_harm_se"": 0.0012825509766116738, ""full_batch_harm_ucb"": -0.08642444377299398, ""full_batch_safe"": true}}, ""guarded_best_reuse"": ""default"", ""num_adapters"": 1, ""pending_after"": false, ""pending_before"": false, ""policy_version"": ""cau_v1"", ""reason"": ""safe_existing_reuse"", ""utility"": {""batch_n"": 16, ""best_reuse"": ""default"", ""best_reuse_query_after"": 3.3504942655563354, ""best_reuse_utility"": 0.08627259731292725, ""budget_blocked_fresh"": false, ""defer_utility"": 0.0, ""fold_a_fresh_utility"": -0.8314557075500488, ""fold_a_query_n"": 8, ""fold_a_support_n"": 8, ""fold_b_fresh_utility"": -0.8795318603515625, ""fold_b_query_n"": 8, ""fold_b_support_n"": 8, ""fresh_advantage"": -0.9417663812637329, ""fresh_local_trainability"": 0.03813982009887695, ""fresh_positive"": false, ""fresh_query_after"": 4.292260646820068, ""fresh_query_before"": 4.330400466918945, ""fresh_utility"": -0.8554937839508057, ""max_adapters"": 8, ""reuse_profiles"": {""default"": {""feasible_both"": true, ""fold_a_harm"": -0.08725917339324951, ""fold_a_lcb"": -0.08965982773806899, ""fold_a_query_after"": 3.340494155883789, ""fold_a_utility"": 0.08838033676147461, ""fold_b_harm"": -0.0877050831913948, ""fold_b_lcb"": -0.09066057737451047, ""fold_b_query_after"": 3.360494375228882, ""fold_b_utility"": 0.08416485786437988, ""harm_lcb_max"": -0.08965982773806899, ""harm_mean"": -0.08748212829232216, ""harm_se_mean"": 0.0013663644203916192, ""harm_ucb_max"": -0.08474958900827914, ""local_trainability"": 0.08627259731292725, ""query_after"": 3.3504942655563354, ""query_before"": 3.4367668628692627, ""system_utility"": 0.08627259731292725}}, ""status"": ""ok"", ""statusquo_loss"": 3.4367668628692627, ""total_memory_budget"": 512}, ""utility_status"": ""ok""}"
16,B1,B,1,default,reuse,safe_existing_reuse,3.408841133117676,1,True,147456,649805,0,67809946,797261,6378200,253,6.929701482178643,481096192,0.0,5.1999279737938195,0.0,512,512,3.352382018015935,-1.0268971553215613,0.08133459091186523,-1.1082317462334266,False,,"{""best_reuse"": ""default"", ""best_reuse_utility"": 0.08133459091186523, ""decision"": ""reuse"", ""fresh_advantage"": -1.1082317462334266, ""fresh_positive"": false, ""fresh_utility"": -1.0268971553215613, ""full_batch_guards"": {""default"": {""crossfit_feasible"": true, ""crossfit_utility"": 0.08133459091186523, ""crossfit_utility_positive"": true, ""full_batch_cur_after"": 3.254868745803833, ""full_batch_cur_before"": 3.352381944656372, ""full_batch_gain"": 0.09751319885253906, ""full_batch_harm"": -0.0953688770532608, ""full_batch_harm_lcb"": -0.09849776729941367, ""full_batch_harm_se"": 0.0015963725745677948, ""full_batch_harm_ucb"": -0.09223998680710793, ""full_batch_safe"": true}}, ""guarded_best_reuse"": ""default"", ""num_adapters"": 1, ""pending_after"": false, ""pending_before"": false, ""policy_version"": ""cau_v1"", ""reason"": ""safe_existing_reuse"", ""utility"": {""batch_n"": 13, ""best_reuse"": ""default"", ""best_reuse_query_after"": 3.2710474271040697, ""best_reuse_utility"": 0.08133459091186523, ""budget_blocked_fresh"": false, ""defer_utility"": 0.0, ""fold_a_fresh_utility"": -1.0901567935943604, ""fold_a_query_n"": 6, ""fold_a_support_n"": 7, ""fold_b_fresh_utility"": -0.9726746082305908, ""fold_b_query_n"": 7, ""fold_b_support_n"": 6, ""fresh_advantage"": -1.1082317462334266, ""fresh_local_trainability"": -0.0036106476416954626, ""fresh_positive"": false, ""fresh_query_after"": 4.379279173337496, ""fresh_query_before"": 4.375668525695801, ""fresh_utility"": -1.0268971553215613, ""max_adapters"": 8, ""reuse_profiles"": {""default"": {""feasible_both"": true, ""fold_a_harm"": -0.09318356215953827, ""fold_a_lcb"": -0.09621917691547424, ""fold_a_query_after"": 3.1267223358154297, ""fold_a_utility"": 0.08420681953430176, ""fold_b_harm"": -0.0908384919166565, ""fold_b_lcb"": -0.09460026573389768, ""fold_b_query_after"": 3.394754648208618, ""fold_b_utility"": 0.0788726806640625, ""harm_lcb_max"": -0.09460026573389768, ""harm_mean"": -0.09201102703809738, ""harm_se_mean"": 0.0017340276972390711, ""harm_ucb_max"": -0.0870767180994153, ""local_trainability"": 0.08133459091186523, ""query_after"": 3.2710474271040697, ""query_before"": 3.352382018015935, ""system_utility"": 0.08133459091186523}}, ""status"": ""ok"", ""statusquo_loss"": 3.352382018015935, ""total_memory_budget"": 512}, ""utility_status"": ""ok""}"
17,A1,A,1,default,reuse,pending_fresh_safe_existing_reuse,4.702852725982666,1,True,147456,649805,0,67809946,797261,6378200,269,8.280394686153159,508328448,0.0,5.602675245841965,0.9439075498376042,512,512,4.731473207473755,0.38798046112060547,-0.03671383857727051,0.424694299697876,True,,"{""best_reuse"": ""default"", ""best_reuse_utility"": -0.03671383857727051, ""decision"": ""reuse"", ""fresh_advantage"": 0.424694299697876, ""fresh_positive"": true, ""fresh_utility"": 0.38798046112060547, ""full_batch_guards"": {""default"": {""crossfit_feasible"": true, ""crossfit_utility"": -0.03671383857727051, ""crossfit_utility_positive"": false, ""full_batch_cur_after"": 4.738419532775879, ""full_batch_cur_before"": 4.731473445892334, ""full_batch_gain"": -0.006946086883544922, ""full_batch_harm"": -0.0797639787197113, ""full_batch_harm_lcb"": -0.08274699274450541, ""full_batch_harm_se"": 0.0015219459310173988, ""full_batch_harm_ucb"": -0.0767809646949172, ""full_batch_safe"": true}}, ""guarded_best_reuse"": ""default"", ""num_adapters"": 1, ""pending_after"": true, ""pending_before"": false, ""policy_version"": ""cau_v1"", ""reason"": ""pending_fresh_safe_existing_reuse"", ""utility"": {""batch_n"": 16, ""best_reuse"": ""default"", ""best_reuse_query_after"": 4.768187046051025, ""best_reuse_utility"": -0.03671383857727051, ""budget_blocked_fresh"": false, ""defer_utility"": 0.0, ""fold_a_fresh_utility"": 0.4171781539916992, ""fold_a_query_n"": 8, ""fold_a_support_n"": 8, ""fold_b_fresh_utility"": 0.3587827682495117, ""fold_b_query_n"": 8, ""fold_b_support_n"": 8, ""fresh_advantage"": 0.424694299697876, ""fresh_local_trainability"": 0.023532867431640625, ""fresh_positive"": true, ""fresh_query_after"": 4.343492746353149, ""fresh_query_before"": 4.36702561378479, ""fresh_utility"": 0.38798046112060547, ""max_adapters"": 8, ""reuse_profiles"": {""default"": {""feasible_both"": true, ""fold_a_harm"": -0.08201180398464203, ""fold_a_lcb"": -0.08490382015239448, ""fold_a_query_after"": 4.783623695373535, ""fold_a_utility"": -0.03931140899658203, ""fold_b_harm"": -0.08091211318969727, ""fold_b_lcb"": -0.0840813069557771, ""fold_b_query_after"": 4.752750396728516, ""fold_b_utility"": -0.034116268157958984, ""harm_lcb_max"": -0.0840813069557771, ""harm_mean"": -0.08146195858716965, ""harm_se_mean"": 0.0015462270239368081, ""harm_ucb_max"": -0.07774291942361743, ""local_trainability"": -0.03671383857727051, ""query_after"": 4.768187046051025, ""query_before"": 4.731473207473755, ""system_utility"": -0.03671383857727051}}, ""status"": ""ok"", ""statusquo_loss"": 4.731473207473755, ""total_memory_budget"": 512}, ""utility_status"": ""ok""}"
18,A1,A,1,adapter_1,spawn,confirmed_fresh,4.351090431213379,2,True,294912,1299610,0,68607207,797261,12756400,272,8.628294200170785,508328448,0.0,5.946203886996955,0.9439075498376042,512,512,4.759528636932373,0.4994349479675293,-0.007718086242675781,0.5071530342102051,True,,"{""best_reuse"": ""default"", ""best_reuse_utility"": -0.007718086242675781, ""decision"": ""spawn"", ""fresh_advantage"": 0.5071530342102051, ""fresh_positive"": true, ""fresh_utility"": 0.4994349479675293, ""full_batch_guards"": {}, ""guarded_best_reuse"": null, ""num_adapters"": 2, ""pending_after"": false, ""pending_before"": true, ""policy_version"": ""cau_v1"", ""reason"": ""confirmed_fresh"", ""utility"": {""batch_n"": 16, ""best_reuse"": ""default"", ""best_reuse_query_after"": 4.767246723175049, ""best_reuse_utility"": -0.007718086242675781, ""budget_blocked_fresh"": false, ""defer_utility"": 0.0, ""fold_a_fresh_utility"": 0.5130338668823242, ""fold_a_query_n"": 8, ""fold_a_support_n"": 8, ""fold_b_fresh_utility"": 0.4858360290527344, ""fold_b_query_n"": 8, ""fold_b_support_n"": 8, ""fresh_advantage"": 0.5071530342102051, ""fresh_local_trainability"": 0.06838369369506836, ""fresh_positive"": true, ""fresh_query_after"": 4.260093688964844, ""fresh_query_before"": 4.328477382659912, ""fresh_utility"": 0.4994349479675293, ""max_adapters"": 8, ""reuse_profiles"": {""default"": {""feasible_both"": true, ""fold_a_harm"": -0.0617436021566391, ""fold_a_lcb"": -0.06651737845502793, ""fold_a_query_after"": 4.787003517150879, ""fold_a_utility"": -0.011519432067871094, ""fold_b_harm"": -0.05968616157770157, ""fold_b_lcb"": -0.06455752927809953, ""fold_b_query_after"": 4.747489929199219, ""fold_b_utility"": -0.003916740417480469, ""harm_lcb_max"": -0.06455752927809953, ""harm_mean"": -0.060714881867170334, ""harm_se_mean"": 0.002460495918057859, ""harm_ucb_max"": -0.0548147938773036, ""local_trainability"": -0.007718086242675781, ""query_after"": 4.767246723175049, ""query_before"": 4.759528636932373, ""system_utility"": -0.007718086242675781}}, ""status"": ""ok"", ""statusquo_loss"": 4.759528636932373, ""total_memory_budget"": 512}, ""utility_status"": ""ok""}"
19,A1,A,1,adapter_1,warmup,existing_warmup,4.318509101867676,2,True,294912,1299610,0,68607207,797261,12756400,288,8.651192557998002,508328448,0.0,5.964690692955628,0.9439075498376042,512,512,,,,,,,"{""best_reuse"": null, ""best_reuse_utility"": null, ""decision"": ""warmup"", ""fresh_positive"": null, ""fresh_utility"": null, ""full_batch_guards"": {}, ""guarded_best_reuse"": null, ""num_adapters"": 2, ""pending_after"": false, ""pending_before"": false, ""policy_version"": ""cau_v1"", ""reason"": ""existing_warmup"", ""utility_status"": ""warmup""}"
20,A1,A,1,adapter_1,warmup,existing_warmup,4.153514862060547,2,True,294912,1299610,0,68607207,797261,12756400,304,8.673270273022354,508328448,0.0,5.982855048961937,0.9439075498376042,512,512,,,,,,,"{""best_reuse"": null, ""best_reuse_utility"": null, ""decision"": ""warmup"", ""fresh_positive"": null, ""fresh_utility"": null, ""full_batch_guards"": {}, ""guarded_best_reuse"": null, ""num_adapters"": 2, ""pending_after"": false, ""pending_before"": false, ""policy_version"": ""cau_v1"", ""reason"": ""existing_warmup"", ""utility_status"": ""warmup""}"
21,A1,A,1,adapter_1,warmup,existing_warmup,4.143013954162598,2,True,294912,1299610,0,68607207,797261,12756400,320,8.700358238071203,508328448,0.0,6.0052078620065,0.9439075498376042,512,512,,,,,,,"{""best_reuse"": null, ""best_reuse_utility"": null, ""decision"": ""warmup"", ""fresh_positive"": null, ""fresh_utility"": null, ""full_batch_guards"": {}, ""guarded_best_reuse"": null, ""num_adapters"": 2, ""pending_after"": false, ""pending_before"": false, ""policy_version"": ""cau_v1"", ""reason"": ""existing_warmup"", ""utility_status"": ""warmup""}"
22,A1,A,1,adapter_1,reuse,safe_existing_reuse,4.146583557128906,2,True,294912,1299610,0,68607207,797261,12756400,336,9.3299096589908,508328448,0.0,6.630061933072284,0.9439075498376042,512,512,4.126014471054077,-0.18915748596191406,0.046257734298706055,-0.23541522026062012,False,,"{""best_reuse"": ""adapter_1"", ""best_reuse_utility"": 0.046257734298706055, ""decision"": ""reuse"", ""fresh_advantage"": -0.23541522026062012, ""fresh_positive"": false, ""fresh_utility"": -0.18915748596191406, ""full_batch_guards"": {""adapter_1"": {""crossfit_feasible"": true, ""crossfit_utility"": 0.046257734298706055, ""crossfit_utility_positive"": true, ""full_batch_cur_after"": 4.063897609710693, ""full_batch_cur_before"": 4.126014709472656, ""full_batch_gain"": 0.06211709976196289, ""full_batch_harm"": -0.06643863767385483, ""full_batch_harm_lcb"": -0.07081769845448434, ""full_batch_harm_se"": 0.002234214683994651, ""full_batch_harm_ucb"": -0.06205957689322531, ""full_batch_safe"": true}, ""default"": {""crossfit_feasible"": true, ""crossfit_utility"": -0.63118577003479, ""crossfit_utility_positive"": false, ""full_batch_cur_after"": 4.739782810211182, ""full_batch_cur_before"": 4.74615478515625, ""full_batch_gain"": 0.006371974945068359, ""full_batch_harm"": -0.056952495127916336, ""full_batch_harm_lcb"": -0.0612117472011596, ""full_batch_harm_se"": 0.002173087792471051, ""full_batch_harm_ucb"": -0.05269324305467307, ""full_batch_safe"": true}}, ""guarded_best_reuse"": ""adapter_1"", ""num_adapters"": 2, ""pending_after"": false, ""pending_before"": false, ""policy_version"": ""cau_v1"", ""reason"": ""safe_existing_reuse"", ""utility"": {""batch_n"": 16, ""best_reuse"": ""adapter_1"", ""best_reuse_query_after"": 4.079756736755371, ""best_reuse_utility"": 0.046257734298706055, ""budget_blocked_fresh"": false, ""defer_utility"": 0.0, ""fold_a_fresh_utility"": -0.21198320388793945, ""fold_a_query_n"": 8, ""fold_a_support_n"": 8, ""fold_b_fresh_utility"": -0.16633176803588867, ""fold_b_query_n"": 8, ""fold_b_support_n"": 8, ""fresh_advantage"": -0.23541522026062012, ""fresh_local_trainability"": 0.01979231834411621, ""fresh_positive"": false, ""fresh_query_after"": 4.315171957015991, ""fresh_query_before"": 4.334964275360107, ""fresh_utility"": -0.18915748596191406, ""max_adapters"": 8, ""reuse_profiles"": {""adapter_1"": {""feasible_both"": true, ""fold_a_harm"": -0.06265637278556824, ""fold_a_lcb"": -0.06716722232289613, ""fold_a_query_after"": 4.065568923950195, ""fold_a_utility"": 0.049910545349121094, ""fold_b_harm"": -0.06546562910079956, ""fold_b_lcb"": -0.07034049288369715, ""fold_b_query_after"": 4.093944549560547, ""fold_b_utility"": 0.042604923248291016, ""harm_lcb_max"": -0.06716722232289613, ""harm_mean"": -0.0640610009431839, ""harm_se_mean"": 0.0023943146225064993, ""harm_ucb_max"": -0.05814552324824035, ""local_trainability"": 0.046257734298706055, ""query_after"": 4.079756736755371, ""query_before"": 4.126014471054077, ""system_utility"": 0.046257734298706055}, ""default"": {""feasible_both"": true, ""fold_a_harm"": -0.05882314220070839, ""fold_a_lcb"": -0.06346314097754657, ""fold_a_query_after"": 4.7266340255737305, ""fold_a_utility"": -0.6111545562744141, ""fold_b_harm"": -0.0574188157916069, ""fold_b_lcb"": -0.06202948964200914, ""fold_b_query_after"": 4.787766456604004, ""fold_b_utility"": -0.651216983795166, ""harm_lcb_max"": -0.06202948964200914, ""harm_mean"": -0.058120978996157646, ""harm_se_mean"": 0.00235986546613276, ""harm_ucb_max"": -0.052808141941204666, ""local_trainability"": -0.011045455932617188, ""query_after"": 4.757200241088867, ""query_before"": 4.74615478515625, ""system_utility"": -0.63118577003479}}, ""status"": ""ok"", ""statusquo_loss"": 4.126014471054077, ""total_memory_budget"": 512}, ""utility_status"": ""ok""}"
23,A1,A,1,adapter_1,reuse,safe_existing_reuse,4.146518230438232,2,True,294912,1299610,0,68607207,797261,12756400,352,9.9562559700571,508328448,0.0,7.2519687509629875,0.9439075498376042,512,512,4.148341655731201,-0.1431446075439453,0.04823803901672363,-0.19138264656066895,False,,"{""best_reuse"": ""adapter_1"", ""best_reuse_utility"": 0.04823803901672363, ""decision"": ""reuse"", ""fresh_advantage"": -0.19138264656066895, ""fresh_positive"": false, ""fresh_utility"": -0.1431446075439453, ""full_batch_guards"": {""adapter_1"": {""crossfit_feasible"": true, ""crossfit_utility"": 0.04823803901672363, ""crossfit_utility_positive"": true, ""full_batch_cur_after"": 4.090351581573486, ""full_batch_cur_before"": 4.148341655731201, ""full_batch_gain"": 0.057990074157714844, ""full_batch_harm"": -0.0618140809237957, ""full_batch_harm_lcb"": -0.06453592238947749, ""full_batch_harm_se"": 0.0013886946253478527, ""full_batch_harm_ucb"": -0.059092239458113906, ""full_batch_safe"": true}, ""default"": {""crossfit_feasible"": true, ""crossfit_utility"": -0.5612473487854004, ""crossfit_utility_positive"": false, ""full_batch_cur_after"": 4.692383766174316, ""full_batch_cur_before"": 4.704625606536865, ""full_batch_gain"": 0.012241840362548828, ""full_batch_harm"": -0.058618463575839996, ""full_batch_harm_lcb"": -0.06355192655697466, ""full_batch_harm_se"": 0.0025170729495584965, ""full_batch_harm_ucb"": -0.053685000594705344, ""full_batch_safe"": true}}, ""guarded_best_reuse"": ""adapter_1"", ""num_adapters"": 2, ""pending_after"": false, ""pending_before"": false, ""policy_version"": ""cau_v1"", ""reason"": ""safe_existing_reuse"", ""utility"": {""batch_n"": 16, ""best_reuse"": ""adapter_1"", ""best_reuse_query_after"": 4.1001036167144775, ""best_reuse_utility"": 0.04823803901672363, ""budget_blocked_fresh"": false, ""defer_utility"": 0.0, ""fold_a_fresh_utility"": -0.1383218765258789, ""fold_a_query_n"": 8, ""fold_a_support_n"": 8, ""fold_b_fresh_utility"": -0.14796733856201172, ""fold_b_query_n"": 8, ""fold_b_support_n"": 8, ""fresh_advantage"": -0.19138264656066895, ""fresh_local_trainability"": 0.052979469299316406, ""fresh_positive"": false, ""fresh_query_after"": 4.2914862632751465, ""fresh_query_before"": 4.344465732574463, ""fresh_utility"": -0.1431446075439453, ""max_adapters"": 8, ""reuse_profiles"": {""adapter_1"": {""feasible_both"": true, ""fold_a_harm"": -0.061477188020944595, ""fold_a_lcb"": -0.06461646178271621, ""fold_a_query_after"": 4.111994743347168, ""fold_a_utility"": 0.047657012939453125, ""fold_b_harm"": -0.06023622676730156, ""fold_b_lcb"": -0.06329173556063324, ""fold_b_query_after"": 4.088212490081787, ""fold_b_utility"": 0.04881906509399414, ""harm_lcb_max"": -0.06329173556063324, ""harm_mean"": -0.06085670739412308, ""harm_se_mean"": 0.00158030167222023, ""harm_ucb_max"": -0.057180717973969876, ""local_trainability"": 0.04823803901672363, ""query_after"": 4.1001036167144775, ""query_before"": 4.148341655731201, ""system_utility"": 0.04823803901672363}, ""default"": {""feasible_both"": true, ""fold_a_harm"": -0.0593268983066082, ""fold_a_lcb"": -0.06482257616706193, ""fold_a_query_after"": 4.709771156311035, ""fold_a_utility"": -0.5501194000244141, ""fold_b_harm"": -0.0604972317814827, ""fold_b_lcb"": -0.06542663874104619, ""fold_b_query_after"": 4.709406852722168, ""fold_b_utility"": -0.5723752975463867, ""harm_lcb_max"": -0.06482257616706193, ""harm_mean"": -0.05991206504404545, ""harm_se_mean"": 0.0026594604132696986, ""harm_ucb_max"": -0.053831220446154474, ""local_trainability"": -0.004963874816894531, ""query_after"": 4.709589004516602, ""query_before"": 4.704625129699707, ""system_utility"": -0.5612473487854004}}, ""status"": ""ok"", ""statusquo_loss"": 4.148341655731201, ""total_memory_budget"": 512}, ""utility_status"": ""ok""}"
24,A1,A,1,adapter_1,reuse,safe_existing_reuse,4.040498733520508,2,True,294912,1299610,0,68607207,797261,12756400,368,10.601646063150838,508328448,0.0,7.892359124030918,0.9439075498376042,512,512,4.044249534606934,-0.25231146812438965,0.05580568313598633,-0.308117151260376,False,,"{""best_reuse"": ""adapter_1"", ""best_reuse_utility"": 0.05580568313598633, ""decision"": ""reuse"", ""fresh_advantage"": -0.308117151260376, ""fresh_positive"": false, ""fresh_utility"": -0.25231146812438965, ""full_batch_guards"": {""adapter_1"": {""crossfit_feasible"": true, ""crossfit_utility"": 0.05580568313598633, ""crossfit_utility_positive"": true, ""full_batch_cur_after"": 3.980135679244995, ""full_batch_cur_before"": 4.044249534606934, ""full_batch_gain"": 0.06411385536193848, ""full_batch_harm"": -0.06353390216827393, ""full_batch_harm_lcb"": -0.06596886476036161, ""full_batch_harm_se"": 0.0012423278531059623, ""full_batch_harm_ucb"": -0.06109893957618624, ""full_batch_safe"": true}, ""default"": {""crossfit_feasible"": true, ""crossfit_utility"": -0.6865038871765137, ""crossfit_utility_positive"": false, ""full_batch_cur_after"": 4.717281341552734, ""full_batch_cur_before"": 4.727367401123047, ""full_batch_gain"": 0.0100860595703125, ""full_batch_harm"": -0.0568111352622509, ""full_batch_harm_lcb"": -0.061069921404123303, ""full_batch_harm_se"": 0.0021728500723838806, ""full_batch_harm_ucb"": -0.0525523491203785, ""full_batch_safe"": true}}, ""guarded_best_reuse"": ""adapter_1"", ""num_adapters"": 2, ""pending_after"": false, ""pending_before"": false, ""policy_version"": ""cau_v1"", ""reason"": ""safe_existing_reuse"", ""utility"": {""batch_n"": 16, ""best_reuse"": ""adapter_1"", ""best_reuse_query_after"": 3.9884438514709473, ""best_reuse_utility"": 0.05580568313598633, ""budget_blocked_fresh"": false, ""defer_utility"": 0.0, ""fold_a_fresh_utility"": -0.23518705368041992, ""fold_a_query_n"": 8, ""fold_a_support_n"": 8, ""fold_b_fresh_utility"": -0.2694358825683594, ""fold_b_query_n"": 8, ""fold_b_support_n"": 8, ""fresh_advantage"": -0.308117151260376, ""fresh_local_trainability"": 0.04049992561340332, ""fresh_positive"": false, ""fresh_query_after"": 4.296561002731323, ""fresh_query_before"": 4.337060928344727, ""fresh_utility"": -0.25231146812438965, ""max_adapters"": 8, ""reuse_profiles"": {""adapter_1"": {""feasible_both"": true, ""fold_a_harm"": -0.062202390283346176, ""fold_a_lcb"": -0.06505813180003316, ""fold_a_query_after"": 4.005393028259277, ""fold_a_utility"": 0.05431938171386719, ""fold_b_harm"": -0.06039169803261757, ""fold_b_lcb"": -0.06290935979224742, ""fold_b_query_after"": 3.971494674682617, ""fold_b_utility"": 0.05729198455810547, ""harm_lcb_max"": -0.06290935979224742, ""harm_mean"": -0.06129704415798187, ""harm_se_mean"": 0.0013707661419175565, ""harm_ucb_max"": -0.057874036272987726, ""local_trainability"": 0.05580568313598633, ""query_after"": 3.9884438514709473, ""query_before"": 4.044249534606934, ""system_utility"": 0.05580568313598633}, ""default"": {""feasible_both"": true, ""fold_a_harm"": -0.0592329204082489, ""fold_a_lcb"": -0.06371203230693936, ""fold_a_query_after"": 4.731322288513184, ""fold_a_utility"": -0.6716098785400391, ""fold_b_harm"": -0.05780743062496185, ""fold_b_lcb"": -0.06259573978371918, ""fold_b_query_after"": 4.730184555053711, ""fold_b_utility"": -0.7013978958129883, ""harm_lcb_max"": -0.06259573978371918, ""harm_mean"": -0.05852017551660538, ""harm_se_mean"": 0.0023641380248591304, ""harm_ucb_max"": -0.05301912146620452, ""local_trainability"": -0.003386259078979492, ""query_after"": 4.730753421783447, ""query_before"": 4.727367162704468, ""system_utility"": -0.6865038871765137}}, ""status"": ""ok"", ""statusquo_loss"": 4.044249534606934, ""total_memory_budget"": 512}, ""utility_status"": ""ok""}"
25,A1,A,1,adapter_1,reuse,safe_existing_reuse,3.9426229000091553,2,True,294912,1299610,0,68607207,797261,12756400,384,11.24631964508444,508328448,0.0,8.531908453907818,0.9439075498376042,512,512,3.9468914270401,-0.3706470727920532,0.05318629741668701,-0.42383337020874023,False,,"{""best_reuse"": ""adapter_1"", ""best_reuse_utility"": 0.05318629741668701, ""decision"": ""reuse"", ""fresh_advantage"": -0.42383337020874023, ""fresh_positive"": false, ""fresh_utility"": -0.3706470727920532, ""full_batch_guards"": {""adapter_1"": {""crossfit_feasible"": true, ""crossfit_utility"": 0.05318629741668701, ""crossfit_utility_positive"": true, ""full_batch_cur_after"": 3.879290819168091, ""full_batch_cur_before"": 3.9468915462493896, ""full_batch_gain"": 0.06760072708129883, ""full_batch_harm"": -0.06343448162078857, ""full_batch_harm_lcb"": -0.06555746163241566, ""full_batch_harm_se"": 0.0010831530671566725, ""full_batch_harm_ucb"": -0.061311501609161496, ""full_batch_safe"": true}, ""default"": {""crossfit_feasible"": true, ""crossfit_utility"": -0.737385630607605, ""crossfit_utility_positive"": false, ""full_batch_cur_after"": 4.653968811035156, ""full_batch_cur_before"": 4.662196159362793, ""full_batch_gain"": 0.008227348327636719, ""full_batch_harm"": -0.057837799191474915, ""full_batch_harm_lcb"": -0.06296521101146936, ""full_batch_harm_se"": 0.0026160264387726784, ""full_batch_harm_ucb"": -0.05271038737148047, ""full_batch_safe"": true}}, ""guarded_best_reuse"": ""adapter_1"", ""num_adapters"": 2, ""pending_after"": false, ""pending_before"": false, ""policy_version"": ""cau_v1"", ""reason"": ""safe_existing_reuse"", ""utility"": {""batch_n"": 16, ""best_reuse"": ""adapter_1"", ""best_reuse_query_after"": 3.893705129623413, ""best_reuse_utility"": 0.05318629741668701, ""budget_blocked_fresh"": false, ""defer_utility"": 0.0, ""fold_a_fresh_utility"": -0.34433674812316895, ""fold_a_query_n"": 8, ""fold_a_support_n"": 8, ""fold_b_fresh_utility"": -0.3969573974609375, ""fold_b_query_n"": 8, ""fold_b_support_n"": 8, ""fresh_advantage"": -0.42383337020874023, ""fresh_local_trainability"": 0.0006568431854248047, ""fresh_positive"": false, ""fresh_query_after"": 4.317538499832153, ""fresh_query_before"": 4.318195343017578, ""fresh_utility"": -0.3706470727920532, ""max_adapters"": 8, ""reuse_profiles"": {""adapter_1"": {""feasible_both"": true, ""fold_a_harm"": -0.05924970656633377, ""fold_a_lcb"": -0.06223750289063901, ""fold_a_query_after"": 3.9150137901306152, ""fold_a_utility"": 0.051358938217163086, ""fold_b_harm"": -0.062139980494976044, ""fold_b_lcb"": -0.06415047048125416, ""fold_b_query_after"": 3.872396469116211, ""fold_b_utility"": 0.05501365661621094, ""harm_lcb_max"": -0.06223750289063901, ""harm_mean"": -0.06069484353065491, ""harm_se_mean"": 0.0012750730384141207, ""harm_ucb_max"": -0.056261910242028534, ""local_trainability"": 0.05318629741668701, ""query_after"": 3.893705129623413, ""query_before"": 3.9468914270401, ""system_utility"": 0.05318629741668701}, ""default"": {""feasible_both"": true, ""fold_a_harm"": -0.06001901254057884, ""fold_a_lcb"": -0.06527185162529349, ""fold_a_query_after"": 4.6642608642578125, ""fold_a_utility"": -0.6978881359100342, ""fold_b_harm"": -0.0589723102748394, ""fold_b_lcb"": -0.06453596300445497, ""fold_b_query_after"": 4.704293251037598, ""fold_b_utility"": -0.7768831253051758, ""harm_lcb_max"": -0.06453596300445497, ""harm_mean"": -0.05949566140770912, ""harm_se_mean"": 0.0027593091363087296, ""harm_ucb_max"": -0.05340865754522383, ""local_trainability"": -0.02208089828491211, ""query_after"": 4.684277057647705, ""query_before"": 4.662196159362793, ""system_utility"": -0.737385630607605}}, ""status"": ""ok"", ""statusquo_loss"": 3.9468914270401, ""total_memory_budget"": 512}, ""utility_status"": ""ok""}"
26,A1,A,1,adapter_1,reuse,safe_existing_reuse,3.8600096702575684,2,True,294912,1299610,0,68607207,797261,12756400,400,11.908378082094714,508328448,0.0,9.188498908886686,0.9439075498376042,512,512,3.8889365196228027,-0.4175605773925781,0.059986233711242676,-0.4775468111038208,False,,"{""best_reuse"": ""adapter_1"", ""best_reuse_utility"": 0.059986233711242676, ""decision"": ""reuse"", ""fresh_advantage"": -0.4775468111038208, ""fresh_positive"": false, ""fresh_utility"": -0.4175605773925781, ""full_batch_guards"": {""adapter_1"": {""crossfit_feasible"": true, ""crossfit_utility"": 0.059986233711242676, ""crossfit_utility_positive"": true, ""full_batch_cur_after"": 3.8190200328826904, ""full_batch_cur_before"": 3.8889365196228027, ""full_batch_gain"": 0.0699164867401123, ""full_batch_harm"": -0.06785151362419128, ""full_batch_harm_lcb"": -0.06997968322597443, ""full_batch_harm_se"": 0.0010858008172363043, ""full_batch_harm_ucb"": -0.06572334402240813, ""full_batch_safe"": true}, ""default"": {""crossfit_feasible"": true, ""crossfit_utility"": -0.8404531478881836, ""crossfit_utility_positive"": false, ""full_batch_cur_after"": 4.707557678222656, ""full_batch_cur_before"": 4.712661266326904, ""full_batch_gain"": 0.005103588104248047, ""full_batch_harm"": -0.05750304087996483, ""full_batch_harm_lcb"": -0.06215234003029764, ""full_batch_harm_se"": 0.0023720914032310247, ""full_batch_harm_ucb"": -0.05285374172963202, ""full_batch_safe"": true}}, ""guarded_best_reuse"": ""adapter_1"", ""num_adapters"": 2, ""pending_after"": false, ""pending_before"": false, ""policy_version"": ""cau_v1"", ""reason"": ""safe_existing_reuse"", ""utility"": {""batch_n"": 16, ""best_reuse"": ""adapter_1"", ""best_reuse_query_after"": 3.82895028591156, ""best_reuse_utility"": 0.059986233711242676, ""budget_blocked_fresh"": false, ""defer_utility"": 0.0, ""fold_a_fresh_utility"": -0.40486812591552734, ""fold_a_query_n"": 8, ""fold_a_support_n"": 8, ""fold_b_fresh_utility"": -0.4302530288696289, ""fold_b_query_n"": 8, ""fold_b_support_n"": 8, ""fresh_advantage"": -0.4775468111038208, ""fresh_local_trainability"": 0.019266128540039062, ""fresh_positive"": false, ""fresh_query_after"": 4.306497097015381, ""fresh_query_before"": 4.32576322555542, ""fresh_utility"": -0.4175605773925781, ""max_adapters"": 8, ""reuse_profiles"": {""adapter_1"": {""feasible_both"": true, ""fold_a_harm"": -0.06477458029985428, ""fold_a_lcb"": -0.06748783671762794, ""fold_a_query_after"": 3.8382275104522705, ""fold_a_utility"": 0.05971837043762207, ""fold_b_harm"": -0.0662258118391037, ""fold_b_lcb"": -0.06828643622342496, ""fold_b_query_after"": 3.8196730613708496, ""fold_b_utility"": 0.06025409698486328, ""harm_lcb_max"": -0.06748783671762794, ""harm_mean"": -0.06550019606947899, ""harm_se_mean"": 0.0012178267352283, ""harm_ucb_max"": -0.06206132388208061, ""local_trainability"": 0.059986233711242676, ""query_after"": 3.82895028591156, ""query_before"": 3.8889365196228027, ""system_utility"": 0.059986233711242676}, ""default"": {""feasible_both"": true, ""fold_a_harm"": -0.059365157037973404, ""fold_a_lcb"": -0.0644348659273237, ""fold_a_query_after"": 4.675396919250488, ""fold_a_utility"": -0.7774510383605957, ""fold_b_harm"": -0.05888703092932701, ""fold_b_lcb"": -0.06397512836381793, ""fold_b_query_after"": 4.783382415771484, ""fold_b_utility"": -0.9034552574157715, ""harm_lcb_max"": -0.06397512836381793, ""harm_mean"": -0.05912609398365021, ""harm_se_mean"": 0.002591277123428881, ""harm_ucb_max"": -0.053798933494836096, ""local_trainability"": -0.016728639602661133, ""query_after"": 4.729389667510986, ""query_before"": 4.712661027908325, ""system_utility"": -0.8404531478881836}}, ""status"": ""ok"", ""statusquo_loss"": 3.8889365196228027, ""total_memory_budget"": 512}, ""utility_status"": ""ok""}"
27,A1,A,1,adapter_1,reuse,safe_existing_reuse,3.9759232997894287,2,True,294912,1299610,0,68607207,797261,12756400,416,12.545070132007822,508328448,0.0,9.82000362384133,0.9439075498376042,512,512,3.934545874595642,-0.3989802598953247,0.06574058532714844,-0.46472084522247314,False,,"{""best_reuse"": ""adapter_1"", ""best_reuse_utility"": 0.06574058532714844, ""decision"": ""reuse"", ""fresh_advantage"": -0.46472084522247314, ""fresh_positive"": false, ""fresh_utility"": -0.3989802598953247, ""full_batch_guards"": {""adapter_1"": {""crossfit_feasible"": true, ""crossfit_utility"": 0.06574058532714844, ""crossfit_utility_positive"": true, ""full_batch_cur_after"": 3.8599743843078613, ""full_batch_cur_before"": 3.9345459938049316, ""full_batch_gain"": 0.07457160949707031, ""full_batch_harm"": -0.07019557803869247, ""full_batch_harm_lcb"": -0.0724946903763339, ""full_batch_harm_se"": 0.0011730164987966418, ""full_batch_harm_ucb"": -0.06789646570105105, ""full_batch_safe"": true}, ""default"": {""crossfit_feasible"": true, ""crossfit_utility"": -0.8117390871047974, ""crossfit_utility_positive"": false, ""full_batch_cur_after"": 4.7303147315979, ""full_batch_cur_before"": 4.747196197509766, ""full_batch_gain"": 0.016881465911865234, ""full_batch_harm"": -0.057862088084220886, ""full_batch_harm_lcb"": -0.06255236500874162, ""full_batch_harm_se"": 0.002392998430877924, ""full_batch_harm_ucb"": -0.053171811159700155, ""full_batch_safe"": true}}, ""guarded_best_reuse"": ""adapter_1"", ""num_adapters"": 2, ""pending_after"": false, ""pending_before"": false, ""policy_version"": ""cau_v1"", ""reason"": ""safe_existing_reuse"", ""utility"": {""batch_n"": 16, ""best_reuse"": ""adapter_1"", ""best_reuse_query_after"": 3.8688052892684937, ""best_reuse_utility"": 0.06574058532714844, ""budget_blocked_fresh"": false, ""defer_utility"": 0.0, ""fold_a_fresh_utility"": -0.4412100315093994, ""fold_a_query_n"": 8, ""fold_a_support_n"": 8, ""fold_b_fresh_utility"": -0.35675048828125, ""fold_b_query_n"": 8, ""fold_b_support_n"": 8, ""fresh_advantage"": -0.46472084522247314, ""fresh_local_trainability"": 0.0427556037902832, ""fresh_positive"": false, ""fresh_query_after"": 4.333526134490967, ""fresh_query_before"": 4.37628173828125, ""fresh_utility"": -0.3989802598953247, ""max_adapters"": 8, ""reuse_profiles"": {""adapter_1"": {""feasible_both"": true, ""fold_a_harm"": -0.06913982331752777, ""fold_a_lcb"": -0.07118716386612504, ""fold_a_query_after"": 3.838557243347168, ""fold_a_utility"": 0.07025408744812012, ""fold_b_harm"": -0.06841428577899933, ""fold_b_lcb"": -0.0715061367629096, ""fold_b_query_after"": 3.8990533351898193, ""fold_b_utility"": 0.06122708320617676, ""harm_lcb_max"": -0.07118716386612504, ""harm_mean"": -0.06877705454826355, ""harm_se_mean"": 0.0013110182480886579, ""harm_ucb_max"": -0.06532243479508906, ""local_trainability"": 0.06574058532714844, ""query_after"": 3.8688052892684937, ""query_before"": 3.934545874595642, ""system_utility"": 0.06574058532714844}, ""default"": {""feasible_both"": true, ""fold_a_harm"": -0.05899946764111519, ""fold_a_lcb"": -0.06420028624124825, ""fold_a_query_after"": 4.771694183349609, ""fold_a_utility"": -0.8628828525543213, ""fold_b_harm"": -0.0588139109313488, ""fold_b_lcb"": -0.06368608591146767, ""fold_b_query_after"": 4.7208757400512695, ""fold_b_utility"": -0.7605953216552734, ""harm_lcb_max"": -0.06368608591146767, ""harm_mean"": -0.058906689286231995, ""harm_se_mean"": 0.0025696412194520235, ""harm_ucb_max"": -0.053798649040982124, ""local_trainability"": 0.0009114742279052734, ""query_after"": 4.7462849617004395, ""query_before"": 4.747196435928345, ""system_utility"": -0.8117390871047974}}, ""status"": ""ok"", ""statusquo_loss"": 3.934545874595642, ""total_memory_budget"": 512}, ""utility_status"": ""ok""}"
28,A1,A,1,adapter_1,reuse,safe_existing_reuse,3.747803211212158,2,True,294912,1299610,0,68607207,797261,12756400,432,13.182628826005384,508328448,0.0,10.452299851924181,0.9439075498376042,512,512,3.715902805328369,-0.5699939727783203,0.07135772705078125,-0.6413516998291016,False,,"{""best_reuse"": ""adapter_1"", ""best_reuse_utility"": 0.07135772705078125, ""decision"": ""reuse"", ""fresh_advantage"": -0.6413516998291016, ""fresh_positive"": false, ""fresh_utility"": -0.5699939727783203, ""full_batch_guards"": {""adapter_1"": {""crossfit_feasible"": true, ""crossfit_utility"": 0.07135772705078125, ""crossfit_utility_positive"": true, ""full_batch_cur_after"": 3.635960578918457, ""full_batch_cur_before"": 3.715902805328369, ""full_batch_gain"": 0.07994222640991211, ""full_batch_harm"": -0.07414278388023376, ""full_batch_harm_lcb"": -0.07702641396783293, ""full_batch_harm_se"": 0.0014712398406118155, ""full_batch_harm_ucb"": -0.0712591537926346, ""full_batch_safe"": true}, ""default"": {""crossfit_feasible"": true, ""crossfit_utility"": -1.0348765850067139, ""crossfit_utility_positive"": false, ""full_batch_cur_after"": 4.7307891845703125, ""full_batch_cur_before"": 4.736489295959473, ""full_batch_gain"": 0.005700111389160156, ""full_batch_harm"": -0.05664898455142975, ""full_batch_harm_lcb"": -0.06102118094451726, ""full_batch_harm_se"": 0.0022307124454528093, ""full_batch_harm_ucb"": -0.05227678815834224, ""full_batch_safe"": true}}, ""guarded_best_reuse"": ""adapter_1"", ""num_adapters"": 2, ""pending_after"": false, ""pending_before"": false, ""policy_version"": ""cau_v1"", ""reason"": ""safe_existing_reuse"", ""utility"": {""batch_n"": 16, ""best_reuse"": ""adapter_1"", ""best_reuse_query_after"": 3.644545078277588, ""best_reuse_utility"": 0.07135772705078125, ""budget_blocked_fresh"": false, ""defer_utility"": 0.0, ""fold_a_fresh_utility"": -0.584822416305542, ""fold_a_query_n"": 8, ""fold_a_support_n"": 8, ""fold_b_fresh_utility"": -0.5551655292510986, ""fold_b_query_n"": 8, ""fold_b_support_n"": 8, ""fresh_advantage"": -0.6413516998291016, ""fresh_local_trainability"": 0.028638839721679688, ""fresh_positive"": false, ""fresh_query_after"": 4.2858967781066895, ""fresh_query_before"": 4.314535617828369, ""fresh_utility"": -0.5699939727783203, ""max_adapters"": 8, ""reuse_profiles"": {""adapter_1"": {""feasible_both"": true, ""fold_a_harm"": -0.0719115287065506, ""fold_a_lcb"": -0.07453663875814527, ""fold_a_query_after"": 3.635315418243408, ""fold_a_utility"": 0.07193541526794434, ""fold_b_harm"": -0.07195699214935303, ""fold_b_lcb"": -0.07552284821402282, ""fold_b_query_after"": 3.6537747383117676, ""fold_b_utility"": 0.07078003883361816, ""harm_lcb_max"": -0.07453663875814527, ""harm_mean"": -0.07193426042795181, ""harm_se_mean"": 0.0015793280908837914, ""harm_ucb_max"": -0.06839113608468324, ""local_trainability"": 0.07135772705078125, ""query_after"": 3.644545078277588, ""query_before"": 3.715902805328369, ""system_utility"": 0.07135772705078125}, ""default"": {""feasible_both"": true, ""fold_a_harm"": -0.05839986354112625, ""fold_a_lcb"": -0.06334864384494722, ""fold_a_query_after"": 4.820580959320068, ""fold_a_utility"": -1.1133301258087158, ""fold_b_harm"": -0.0595492348074913, ""fold_b_lcb"": -0.06417278314940632, ""fold_b_query_after"": 4.680977821350098, ""fold_b_utility"": -0.9564230442047119, ""harm_lcb_max"": -0.06334864384494722, ""harm_mean"": -0.05897454917430878, ""harm_se_mean"": 0.0024419205728918314, ""harm_ucb_max"": -0.05345108323730528, ""local_trainability"": -0.014290332794189453, ""query_after"": 4.750779390335083, ""query_before"": 4.7364890575408936, ""system_utility"": -1.0348765850067139}}, ""status"": ""ok"", ""statusquo_loss"": 3.715902805328369, ""total_memory_budget"": 512}, ""utility_status"": ""ok""}"
29,A1,A,1,adapter_1,reuse,safe_existing_reuse,3.714101552963257,2,True,294912,1299610,0,68607207,797261,12756400,448,13.828274346189573,508328448,0.0,11.09321894007735,0.9439075498376042,512,512,3.700137495994568,-0.6113501787185669,0.07515871524810791,-0.6865088939666748,False,,"{""best_reuse"": ""adapter_1"", ""best_reuse_utility"": 0.07515871524810791, ""decision"": ""reuse"", ""fresh_advantage"": -0.6865088939666748, ""fresh_positive"": false, ""fresh_utility"": -0.6113501787185669, ""full_batch_guards"": {""adapter_1"": {""crossfit_feasible"": true, ""crossfit_utility"": 0.07515871524810791, ""crossfit_utility_positive"": true, ""full_batch_cur_after"": 3.6185479164123535, ""full_batch_cur_before"": 3.7001376152038574, ""full_batch_gain"": 0.0815896987915039, ""full_batch_harm"": -0.07766887545585632, ""full_batch_harm_lcb"": -0.08052552122622729, ""full_batch_harm_se"": 0.0014574723318219185, ""full_batch_harm_ucb"": -0.07481222968548536, ""full_batch_safe"": true}, ""default"": {""crossfit_feasible"": true, ""crossfit_utility"": -1.0556560754776, ""crossfit_utility_positive"": false, ""full_batch_cur_after"": 4.74333381652832, ""full_batch_cur_before"": 4.7525858879089355, ""full_batch_gain"": 0.009252071380615234, ""full_batch_harm"": -0.05735492706298828, ""full_batch_harm_lcb"": -0.061814389526844024, ""full_batch_harm_se"": 0.002275235950946808, ""full_batch_harm_ucb"": -0.05289546459913254, ""full_batch_safe"": true}}, ""guarded_best_reuse"": ""adapter_1"", ""num_adapters"": 2, ""pending_after"": false, ""pending_before"": false, ""policy_version"": ""cau_v1"", ""reason"": ""safe_existing_reuse"", ""utility"": {""batch_n"": 16, ""best_reuse"": ""adapter_1"", ""best_reuse_query_after"": 3.62497878074646, ""best_reuse_utility"": 0.07515871524810791, ""budget_blocked_fresh"": false, ""defer_utility"": 0.0, ""fold_a_fresh_utility"": -0.6033120155334473, ""fold_a_query_n"": 8, ""fold_a_support_n"": 8, ""fold_b_fresh_utility"": -0.6193883419036865, ""fold_b_query_n"": 8, ""fold_b_support_n"": 8, ""fresh_advantage"": -0.6865088939666748, ""fresh_local_trainability"": 0.04155254364013672, ""fresh_positive"": false, ""fresh_query_after"": 4.311487674713135, ""fresh_query_before"": 4.3530402183532715, ""fresh_utility"": -0.6113501787185669, ""max_adapters"": 8, ""reuse_profiles"": {""adapter_1"": {""feasible_both"": true, ""fold_a_harm"": -0.07797828316688538, ""fold_a_lcb"": -0.08046178385149688, ""fold_a_query_after"": 3.6383800506591797, ""fold_a_utility"": 0.07645034790039062, ""fold_b_harm"": -0.07394643127918243, ""fold_b_lcb"": -0.07738435199018567, ""fold_b_query_after"": 3.6115775108337402, ""fold_b_utility"": 0.0738670825958252, ""harm_lcb_max"": -0.07738435199018567, ""harm_mean"": -0.0759623572230339, ""harm_se_mean"": 0.0015105666825547814, ""harm_ucb_max"": -0.0705085105681792, ""local_trainability"": 0.07515871524810791, ""query_after"": 3.62497878074646, ""query_before"": 3.700137495994568, ""system_utility"": 0.07515871524810791}, ""default"": {""feasible_both"": true, ""fold_a_harm"": -0.05782337486743927, ""fold_a_lcb"": -0.06254919035360217, ""fold_a_query_after"": 4.785179138183594, ""fold_a_utility"": -1.0703487396240234, ""fold_b_harm"": -0.058695238083601, ""fold_b_lcb"": -0.06349676353856921, ""fold_b_query_after"": 4.726408004760742, ""fold_b_utility"": -1.0409634113311768, ""harm_lcb_max"": -0.06254919035360217, ""harm_mean"": -0.058259306475520134, ""harm_se_mean"": 0.0024304441176354885, ""harm_ucb_max"": -0.05309755938127637, ""local_trainability"": -0.003207683563232422, ""query_after"": 4.755793571472168, ""query_before"": 4.7525858879089355, ""system_utility"": -1.0556560754776}}, ""status"": ""ok"", ""statusquo_loss"": 3.700137495994568, ""total_memory_budget"": 512}, ""utility_status"": ""ok""}"
30,A1,A,1,adapter_1,reuse,safe_existing_reuse,3.6310219764709473,2,True,294912,1299610,0,68607207,797261,12756400,464,14.46607494703494,508328448,0.0,11.72601605206728,0.9439075498376042,512,512,3.5854228734970093,-0.7124093770980835,0.07498669624328613,-0.7873960733413696,False,,"{""best_reuse"": ""adapter_1"", ""best_reuse_utility"": 0.07498669624328613, ""decision"": ""reuse"", ""fresh_advantage"": -0.7873960733413696, ""fresh_positive"": false, ""fresh_utility"": -0.7124093770980835, ""full_batch_guards"": {""adapter_1"": {""crossfit_feasible"": true, ""crossfit_utility"": 0.07498669624328613, ""crossfit_utility_positive"": true, ""full_batch_cur_after"": 3.4991798400878906, ""full_batch_cur_before"": 3.585422992706299, ""full_batch_gain"": 0.0862431526184082, ""full_batch_harm"": -0.0832047164440155, ""full_batch_harm_lcb"": -0.08598480047192425, ""full_batch_harm_se"": 0.001418410218320787, ""full_batch_harm_ucb"": -0.08042463241610676, ""full_batch_safe"": true}, ""default"": {""crossfit_feasible"": true, ""crossfit_utility"": -1.1475611925125122, ""crossfit_utility_positive"": false, ""full_batch_cur_after"": 4.710180759429932, ""full_batch_cur_before"": 4.71645975112915, ""full_batch_gain"": 0.00627899169921875, ""full_batch_harm"": -0.05717005208134651, ""full_batch_harm_lcb"": -0.061586686735972763, ""full_batch_harm_se"": 0.002253385027870536, ""full_batch_harm_ucb"": -0.05275341742672026, ""full_batch_safe"": true}}, ""guarded_best_reuse"": ""adapter_1"", ""num_adapters"": 2, ""pending_after"": false, ""pending_before"": false, ""policy_version"": ""cau_v1"", ""reason"": ""safe_existing_reuse"", ""utility"": {""batch_n"": 16, ""best_reuse"": ""adapter_1"", ""best_reuse_query_after"": 3.510436177253723, ""best_reuse_utility"": 0.07498669624328613, ""budget_blocked_fresh"": false, ""defer_utility"": 0.0, ""fold_a_fresh_utility"": -0.7343254089355469, ""fold_a_query_n"": 8, ""fold_a_support_n"": 8, ""fold_b_fresh_utility"": -0.6904933452606201, ""fold_b_query_n"": 8, ""fold_b_support_n"": 8, ""fresh_advantage"": -0.7873960733413696, ""fresh_local_trainability"": 0.018919706344604492, ""fresh_positive"": false, ""fresh_query_after"": 4.297832250595093, ""fresh_query_before"": 4.316751956939697, ""fresh_utility"": -0.7124093770980835, ""max_adapters"": 8, ""reuse_profiles"": {""adapter_1"": {""feasible_both"": true, ""fold_a_harm"": -0.0815739557147026, ""fold_a_lcb"": -0.08387724660336972, ""fold_a_query_after"": 3.481849431991577, ""fold_a_utility"": 0.07844138145446777, ""fold_b_harm"": -0.07969733327627182, ""fold_b_lcb"": -0.08331063516438007, ""fold_b_query_after"": 3.539022922515869, ""fold_b_utility"": 0.07153201103210449, ""harm_lcb_max"": -0.08331063516438007, ""harm_mean"": -0.08063564449548721, ""harm_se_mean"": 0.0015093348920345306, ""harm_ucb_max"": -0.07608403138816357, ""local_trainability"": 0.07498669624328613, ""query_after"": 3.510436177253723, ""query_before"": 3.5854228734970093, ""system_utility"": 0.07498669624328613}, ""default"": {""feasible_both"": true, ""fold_a_harm"": -0.05811583995819092, ""fold_a_lcb"": -0.06318366549909114, ""fold_a_query_after"": 4.7632856369018555, ""fold_a_utility"": -1.2029948234558105, ""fold_b_harm"": -0.059037063270807266, ""fold_b_lcb"": -0.06382460713386535, ""fold_b_query_after"": 4.7026824951171875, ""fold_b_utility"": -1.0921275615692139, ""harm_lcb_max"": -0.06318366549909114, ""harm_mean"": -0.05857645161449909, ""harm_se_mean"": 0.002514124847948551, ""harm_ucb_max"": -0.053048014417290686, ""local_trainability"": -0.016524314880371094, ""query_after"": 4.7329840660095215, ""query_before"": 4.71645975112915, ""system_utility"": -1.1475611925125122}}, ""status"": ""ok"", ""statusquo_loss"": 3.5854228734970093, ""total_memory_budget"": 512}, ""utility_status"": ""ok""}"
31,A1,A,1,adapter_1,reuse,safe_existing_reuse,3.670427083969116,2,True,294912,1299610,0,68607207,797261,12756400,480,15.105288687162101,508328448,0.0,12.360120140016079,0.9439075498376042,512,512,3.6736572980880737,-0.615141749382019,0.08698701858520508,-0.7021287679672241,False,,"{""best_reuse"": ""adapter_1"", ""best_reuse_utility"": 0.08698701858520508, ""decision"": ""reuse"", ""fresh_advantage"": -0.7021287679672241, ""fresh_positive"": false, ""fresh_utility"": -0.615141749382019, ""full_batch_guards"": {""adapter_1"": {""crossfit_feasible"": true, ""crossfit_utility"": 0.08698701858520508, ""crossfit_utility_positive"": true, ""full_batch_cur_after"": 3.5810461044311523, ""full_batch_cur_before"": 3.6736574172973633, ""full_batch_gain"": 0.09261131286621094, ""full_batch_harm"": -0.08745893090963364, ""full_batch_harm_lcb"": -0.09053702071774751, ""full_batch_harm_se"": 0.0015704539837315679, ""full_batch_harm_ucb"": -0.08438084110151976, ""full_batch_safe"": true}, ""default"": {""crossfit_feasible"": true, ""crossfit_utility"": -1.1004728078842163, ""crossfit_utility_positive"": false, ""full_batch_cur_after"": 4.764620780944824, ""full_batch_cur_before"": 4.777348518371582, ""full_batch_gain"": 0.012727737426757812, ""full_batch_harm"": -0.05811729282140732, ""full_batch_harm_lcb"": -0.0632829434145242, ""full_batch_harm_se"": 0.002635536016896367, ""full_batch_harm_ucb"": -0.052951642228290435, ""full_batch_safe"": true}}, ""guarded_best_reuse"": ""adapter_1"", ""num_adapters"": 2, ""pending_after"": false, ""pending_before"": false, ""policy_version"": ""cau_v1"", ""reason"": ""safe_existing_reuse"", ""utility"": {""batch_n"": 16, ""best_reuse"": ""adapter_1"", ""best_reuse_query_after"": 3.5866702795028687, ""best_reuse_utility"": 0.08698701858520508, ""budget_blocked_fresh"": false, ""defer_utility"": 0.0, ""fold_a_fresh_utility"": -0.6310544013977051, ""fold_a_query_n"": 8, ""fold_a_support_n"": 8, ""fold_b_fresh_utility"": -0.599229097366333, ""fold_b_query_n"": 8, ""fold_b_support_n"": 8, ""fresh_advantage"": -0.7021287679672241, ""fresh_local_trainability"": 0.07352375984191895, ""fresh_positive"": false, ""fresh_query_after"": 4.288799047470093, ""fresh_query_before"": 4.362322807312012, ""fresh_utility"": -0.615141749382019, ""max_adapters"": 8, ""reuse_profiles"": {""adapter_1"": {""feasible_both"": true, ""fold_a_harm"": -0.08587361872196198, ""fold_a_lcb"": -0.08812239632476121, ""fold_a_query_after"": 3.5808050632476807, ""fold_a_utility"": 0.09085345268249512, ""fold_b_harm"": -0.0863105058670044, ""fold_b_lcb"": -0.09006947496905923, ""fold_b_query_after"": 3.5925354957580566, ""fold_b_utility"": 0.08312058448791504, ""harm_lcb_max"": -0.08812239632476121, ""harm_mean"": -0.08609206229448318, ""harm_se_mean"": 0.0015325884451158345, ""harm_ucb_max"": -0.08255153676494956, ""local_trainability"": 0.08698701858520508, ""query_after"": 3.5866702795028687, ""query_before"": 3.6736572980880737, ""system_utility"": 0.08698701858520508}, ""default"": {""feasible_both"": true, ""fold_a_harm"": -0.05753814056515694, ""fold_a_lcb"": -0.06280651875771583, ""fold_a_query_after"": 4.785349369049072, ""fold_a_utility"": -1.1136908531188965, ""fold_b_harm"": -0.05949676036834717, ""fold_b_lcb"": -0.06476601703092456, ""fold_b_query_after"": 4.762910842895508, ""fold_b_utility"": -1.0872547626495361, ""harm_lcb_max"": -0.06280651875771583, ""harm_mean"": -0.05851745046675205, ""harm_se_mean"": 0.002688172156922519, ""harm_ucb_max"": -0.052269762372598054, ""local_trainability"": 0.003218412399291992, ""query_after"": 4.77413010597229, ""query_before"": 4.777348518371582, ""system_utility"": -1.1004728078842163}}, ""status"": ""ok"", ""statusquo_loss"": 3.6736572980880737, ""total_memory_budget"": 512}, ""utility_status"": ""ok""}"
32,A1,A,1,adapter_1,reuse,safe_existing_reuse,3.4306323528289795,2,True,294912,1299610,0,68607207,797261,12756400,493,15.760138433193788,508328448,0.0,13.009632156929001,0.9439075498376042,512,512,3.405979945109441,-0.9118541754209079,0.07786486699030949,-0.9897190424112173,False,,"{""best_reuse"": ""adapter_1"", ""best_reuse_utility"": 0.07786486699030949, ""decision"": ""reuse"", ""fresh_advantage"": -0.9897190424112173, ""fresh_positive"": false, ""fresh_utility"": -0.9118541754209079, ""full_batch_guards"": {""adapter_1"": {""crossfit_feasible"": true, ""crossfit_utility"": 0.07786486699030949, ""crossfit_utility_positive"": true, ""full_batch_cur_after"": 3.3119754791259766, ""full_batch_cur_before"": 3.405979871749878, ""full_batch_gain"": 0.09400439262390137, ""full_batch_harm"": -0.09288972616195679, ""full_batch_harm_lcb"": -0.095743912672624, ""full_batch_harm_se"": 0.0014562176074832678, ""full_batch_harm_ucb"": -0.09003553965128958, ""full_batch_safe"": true}, ""default"": {""crossfit_feasible"": true, ""crossfit_utility"": -1.294211405974168, ""crossfit_utility_positive"": false, ""full_batch_cur_after"": 4.668276309967041, ""full_batch_cur_before"": 4.674063205718994, ""full_batch_gain"": 0.005786895751953125, ""full_batch_harm"": -0.056859202682971954, ""full_batch_harm_lcb"": -0.06199316309764981, ""full_batch_harm_se"": 0.0026193675585091114, ""full_batch_harm_ucb"": -0.0517252422682941, ""full_batch_safe"": true}}, ""guarded_best_reuse"": ""adapter_1"", ""num_adapters"": 2, ""pending_after"": false, ""pending_before"": false, ""policy_version"": ""cau_v1"", ""reason"": ""safe_existing_reuse"", ""utility"": {""batch_n"": 13, ""best_reuse"": ""adapter_1"", ""best_reuse_query_after"": 3.328115078119131, ""best_reuse_utility"": 0.07786486699030949, ""budget_blocked_fresh"": false, ""defer_utility"": 0.0, ""fold_a_fresh_utility"": -0.8274693489074707, ""fold_a_query_n"": 6, ""fold_a_support_n"": 7, ""fold_b_fresh_utility"": -0.9841840267181396, ""fold_b_query_n"": 7, ""fold_b_support_n"": 6, ""fresh_advantage"": -0.9897190424112173, ""fresh_local_trainability"": -0.008179774651160607, ""fresh_positive"": false, ""fresh_query_after"": 4.317834120530349, ""fresh_query_before"": 4.309654345879188, ""fresh_utility"": -0.9118541754209079, ""max_adapters"": 8, ""reuse_profiles"": {""adapter_1"": {""feasible_both"": true, ""fold_a_harm"": -0.09054090827703476, ""fold_a_lcb"": -0.09324662308674306, ""fold_a_query_after"": 3.459301710128784, ""fold_a_utility"": 0.0809175968170166, ""fold_b_harm"": -0.08955001831054688, ""fold_b_lcb"": -0.09364416639320552, ""fold_b_query_after"": 3.2156693935394287, ""fold_b_utility"": 0.07524824142456055, ""harm_lcb_max"": -0.09324662308674306, ""harm_mean"": -0.09004546329379082, ""harm_se_mean"": 0.0017346589011140168, ""harm_ucb_max"": -0.08545587022788823, ""local_trainability"": 0.07786486699030949, ""query_after"": 3.328115078119131, ""query_before"": 3.405979945109441, ""system_utility"": 0.07786486699030949}, ""default"": {""feasible_both"": true, ""fold_a_harm"": -0.05886005610227585, ""fold_a_lcb"": -0.06417477598413825, ""fold_a_query_after"": 4.690049648284912, ""fold_a_utility"": -1.1498303413391113, ""fold_b_harm"": -0.058883823454380035, ""fold_b_lcb"": -0.06443284475244582, ""fold_b_query_after"": 4.708884239196777, ""fold_b_utility"": -1.417966604232788, ""harm_lcb_max"": -0.06417477598413825, ""harm_mean"": -0.05887193977832794, ""harm_se_mean"": 0.002771362545900047, ""harm_ucb_max"": -0.053334802156314254, ""local_trainability"": -0.026128768920898438, ""query_after"": 4.700191351083609, ""query_before"": 4.67406258216271, ""system_utility"": -1.294211405974168}}, ""status"": ""ok"", ""statusquo_loss"": 3.405979945109441, ""total_memory_budget"": 512}, ""utility_status"": ""ok""}"
33,B2,B,2,default,reuse,safe_existing_reuse,3.1988861560821533,2,True,294912,1299610,0,68607207,797261,12756400,493,17.86861122213304,508328448,0.0,13.658428905066103,2.398495198925957,512,512,4.676157712936401,0.3539884090423584,1.600011944770813,-1.2460235357284546,False,,"{""best_reuse"": ""default"", ""best_reuse_utility"": 1.600011944770813, ""decision"": ""reuse"", ""fresh_advantage"": -1.2460235357284546, ""fresh_positive"": false, ""fresh_utility"": 0.3539884090423584, ""full_batch_guards"": {""adapter_1"": {""crossfit_feasible"": true, ""crossfit_utility"": -0.03797340393066406, ""crossfit_utility_positive"": false, ""full_batch_cur_after"": 4.678533554077148, ""full_batch_cur_before"": 4.6761579513549805, ""full_batch_gain"": -0.0023756027221679688, ""full_batch_harm"": -0.07788656651973724, ""full_batch_harm_lcb"": -0.08048550569452345, ""full_batch_harm_se"": 0.0013259893748909235, ""full_batch_harm_ucb"": -0.07528762734495104, ""full_batch_safe"": true}, ""default"": {""crossfit_feasible"": true, ""crossfit_utility"": 1.600011944770813, ""crossfit_utility_positive"": true, ""full_batch_cur_after"": 3.05977725982666, ""full_batch_cur_before"": 3.149306297302246, ""full_batch_gain"": 0.08952903747558594, ""full_batch_harm"": -0.07343026995658875, ""full_batch_harm_lcb"": -0.0807771835103631, ""full_batch_harm_se"": 0.003748425282537937, ""full_batch_harm_ucb"": -0.06608335640281439, ""full_batch_safe"": true}}, ""guarded_best_reuse"": ""default"", ""num_adapters"": 2, ""pending_after"": false, ""pending_before"": false, ""policy_version"": ""cau_v1"", ""reason"": ""safe_existing_reuse"", ""utility"": {""batch_n"": 16, ""best_reuse"": ""default"", ""best_reuse_query_after"": 3.0761457681655884, ""best_reuse_utility"": 1.600011944770813, ""budget_blocked_fresh"": false, ""defer_utility"": 0.0, ""fold_a_fresh_utility"": 0.35935115814208984, ""fold_a_query_n"": 8, ""fold_a_support_n"": 8, ""fold_b_fresh_utility"": 0.34862565994262695, ""fold_b_query_n"": 8, ""fold_b_support_n"": 8, ""fresh_advantage"": -1.2460235357284546, ""fresh_local_trainability"": 0.029636383056640625, ""fresh_positive"": false, ""fresh_query_after"": 4.322169303894043, ""fresh_query_before"": 4.351805686950684, ""fresh_utility"": 0.3539884090423584, ""max_adapters"": 8, ""reuse_profiles"": {""adapter_1"": {""feasible_both"": true, ""fold_a_harm"": -0.07972584664821625, ""fold_a_lcb"": -0.08238289764150977, ""fold_a_query_after"": 4.736313819885254, ""fold_a_utility"": -0.0380401611328125, ""fold_b_harm"": -0.08022867143154144, ""fold_b_lcb"": -0.08289944526739418, ""fold_b_query_after"": 4.691948413848877, ""fold_b_utility"": -0.037906646728515625, ""harm_lcb_max"": -0.08238289764150977, ""harm_mean"": -0.07997725903987885, ""harm_se_mean"": 0.0013591389870271087, ""harm_ucb_max"": -0.07706879565492272, ""local_trainability"": -0.03797340393066406, ""query_after"": 4.714131116867065, ""query_before"": 4.676157712936401, ""system_utility"": -0.03797340393066406}, ""default"": {""feasible_both"": true, ""fold_a_harm"": -0.07081997394561768, ""fold_a_lcb"": -0.07798493103124202, ""fold_a_query_after"": 3.0374972820281982, ""fold_a_utility"": 1.6607763767242432, ""fold_b_harm"": -0.07244562357664108, ""fold_b_lcb"": -0.07980420960113406, ""fold_b_query_after"": 3.1147942543029785, ""fold_b_utility"": 1.5392475128173828, ""harm_lcb_max"": -0.07798493103124202, ""harm_mean"": -0.07163279876112938, ""harm_se_mean"": 0.0037049854872748256, ""harm_ucb_max"": -0.06365501685999334, ""local_trainability"": 0.07316076755523682, ""query_after"": 3.0761457681655884, ""query_before"": 3.149306535720825, ""system_utility"": 1.600011944770813}}, ""status"": ""ok"", ""statusquo_loss"": 4.676157712936401, ""total_memory_budget"": 512}, ""utility_status"": ""ok""}"
34,B2,B,2,default,reuse,safe_existing_reuse,3.2796034812927246,2,True,294912,1299610,0,68607207,797261,12756400,493,18.541970873018727,508328448,0.0,14.326632553013042,2.398495198925957,512,512,3.1870715618133545,-1.1733243465423584,0.07447779178619385,-1.2478021383285522,False,,"{""best_reuse"": ""default"", ""best_reuse_utility"": 0.07447779178619385, ""decision"": ""reuse"", ""fresh_advantage"": -1.2478021383285522, ""fresh_positive"": false, ""fresh_utility"": -1.1733243465423584, ""full_batch_guards"": {""adapter_1"": {""crossfit_feasible"": true, ""crossfit_utility"": -1.6322004795074463, ""crossfit_utility_positive"": false, ""full_batch_cur_after"": 4.798295497894287, ""full_batch_cur_before"": 4.788468360900879, ""full_batch_gain"": -0.009827136993408203, ""full_batch_harm"": -0.0750107616186142, ""full_batch_harm_lcb"": -0.07734089398756623, ""full_batch_harm_se"": 0.0011888430453836918, ""full_batch_harm_ucb"": -0.07268062924966216, ""full_batch_safe"": true}, ""default"": {""crossfit_feasible"": true, ""crossfit_utility"": 0.07447779178619385, ""crossfit_utility_positive"": true, ""full_batch_cur_after"": 3.1036322116851807, ""full_batch_cur_before"": 3.1870715618133545, ""full_batch_gain"": 0.08343935012817383, ""full_batch_harm"": -0.07669472694396973, ""full_batch_harm_lcb"": -0.08364708789624274, ""full_batch_harm_se"": 0.003547122934833169, ""full_batch_harm_ucb"": -0.06974236599169671, ""full_batch_safe"": true}}, ""guarded_best_reuse"": ""default"", ""num_adapters"": 2, ""pending_after"": false, ""pending_before"": false, ""policy_version"": ""cau_v1"", ""reason"": ""safe_existing_reuse"", ""utility"": {""batch_n"": 16, ""best_reuse"": ""default"", ""best_reuse_query_after"": 3.1125937700271606, ""best_reuse_utility"": 0.07447779178619385, ""budget_blocked_fresh"": false, ""defer_utility"": 0.0, ""fold_a_fresh_utility"": -1.212141990661621, ""fold_a_query_n"": 8, ""fold_a_support_n"": 8, ""fold_b_fresh_utility"": -1.1345067024230957, ""fold_b_query_n"": 8, ""fold_b_support_n"": 8, ""fresh_advantage"": -1.2478021383285522, ""fresh_local_trainability"": 0.045108795166015625, ""fresh_positive"": false, ""fresh_query_after"": 4.360395908355713, ""fresh_query_before"": 4.4055047035217285, ""fresh_utility"": -1.1733243465423584, ""max_adapters"": 8, ""reuse_profiles"": {""adapter_1"": {""feasible_both"": true, ""fold_a_harm"": -0.0772475153207779, ""fold_a_lcb"": -0.07969330477062612, ""fold_a_query_after"": 4.84670352935791, ""fold_a_utility"": -1.681258201599121, ""fold_b_harm"": -0.07735767215490341, ""fold_b_lcb"": -0.07988687655422837, ""fold_b_query_after"": 4.791840553283691, ""fold_b_utility"": -1.5831427574157715, ""harm_lcb_max"": -0.07969330477062612, ""harm_mean"": -0.07730259373784065, ""harm_se_mean"": 0.001269131083972752, ""harm_ucb_max"": -0.07480172587092966, ""local_trainability"": -0.030803918838500977, ""query_after"": 4.819272041320801, ""query_before"": 4.7884681224823, ""system_utility"": -1.6322004795074463}, ""default"": {""feasible_both"": true, ""fold_a_harm"": -0.07575325667858124, ""fold_a_lcb"": -0.08251473773270845, ""fold_a_query_after"": 3.089543581008911, ""fold_a_utility"": 0.07590174674987793, ""fold_b_harm"": -0.074699267745018, ""fold_b_lcb"": -0.0819000376574695, ""fold_b_query_after"": 3.13564395904541, ""fold_b_utility"": 0.07305383682250977, ""harm_lcb_max"": -0.0819000376574695, ""harm_mean"": -0.07522626221179962, ""harm_se_mean"": 0.0035617987159639597, ""harm_ucb_max"": -0.0674984978325665, ""local_trainability"": 0.07447779178619385, ""query_after"": 3.1125937700271606, ""query_before"": 3.1870715618133545, ""system_utility"": 0.07447779178619385}}, ""status"": ""ok"", ""statusquo_loss"": 3.1870715618133545, ""total_memory_budget"": 512}, ""utility_status"": ""ok""}"
35,B2,B,2,default,reuse,safe_existing_reuse,3.0654337406158447,2,True,294912,1299610,0,68607207,797261,12756400,493,19.20541461906396,508328448,0.0,14.984649987891316,2.398495198925957,512,512,3.03109610080719,-1.3134797811508179,0.07345199584960938,-1.3869317770004272,False,,"{""best_reuse"": ""default"", ""best_reuse_utility"": 0.07345199584960938, ""decision"": ""reuse"", ""fresh_advantage"": -1.3869317770004272, ""fresh_positive"": false, ""fresh_utility"": -1.3134797811508179, ""full_batch_guards"": {""adapter_1"": {""crossfit_feasible"": true, ""crossfit_utility"": -1.7654649019241333, ""crossfit_utility_positive"": false, ""full_batch_cur_after"": 4.7679443359375, ""full_batch_cur_before"": 4.757343292236328, ""full_batch_gain"": -0.010601043701171875, ""full_batch_harm"": -0.0753156840801239, ""full_batch_harm_lcb"": -0.07775783415418118, ""full_batch_harm_se"": 0.0012459949357435107, ""full_batch_harm_ucb"": -0.07287353400606662, ""full_batch_safe"": true}, ""default"": {""crossfit_feasible"": true, ""crossfit_utility"": 0.07345199584960938, ""crossfit_utility_positive"": true, ""full_batch_cur_after"": 2.9444079399108887, ""full_batch_cur_before"": 3.0310962200164795, ""full_batch_gain"": 0.08668828010559082, ""full_batch_harm"": -0.07949680089950562, ""full_batch_harm_lcb"": -0.08636147959157825, ""full_batch_harm_se"": 0.003502387087792158, ""full_batch_harm_ucb"": -0.07263212220743298, ""full_batch_safe"": true}}, ""guarded_best_reuse"": ""default"", ""num_adapters"": 2, ""pending_after"": false, ""pending_before"": false, ""policy_version"": ""cau_v1"", ""reason"": ""safe_existing_reuse"", ""utility"": {""batch_n"": 16, ""best_reuse"": ""default"", ""best_reuse_query_after"": 2.9576441049575806, ""best_reuse_utility"": 0.07345199584960938, ""budget_blocked_fresh"": false, ""defer_utility"": 0.0, ""fold_a_fresh_utility"": -1.3296020030975342, ""fold_a_query_n"": 8, ""fold_a_support_n"": 8, ""fold_b_fresh_utility"": -1.2973575592041016, ""fold_b_query_n"": 8, ""fold_b_support_n"": 8, ""fresh_advantage"": -1.3869317770004272, ""fresh_local_trainability"": 0.029773950576782227, ""fresh_positive"": false, ""fresh_query_after"": 4.344575881958008, ""fresh_query_before"": 4.37434983253479, ""fresh_utility"": -1.3134797811508179, ""max_adapters"": 8, ""reuse_profiles"": {""adapter_1"": {""feasible_both"": true, ""fold_a_harm"": -0.07747137546539307, ""fold_a_lcb"": -0.07984195578843355, ""fold_a_query_after"": 4.811522006988525, ""fold_a_utility"": -1.7920105457305908, ""fold_b_harm"": -0.0778961181640625, ""fold_b_lcb"": -0.0803288711188361, ""fold_b_query_after"": 4.781599998474121, ""fold_b_utility"": -1.7389192581176758, ""harm_lcb_max"": -0.07984195578843355, ""harm_mean"": -0.07768374681472778, ""harm_se_mean"": 0.0012253401218913496, ""harm_ucb_max"": -0.07510079514235259, ""local_trainability"": -0.03921794891357422, ""query_after"": 4.796561002731323, ""query_before"": 4.757343053817749, ""system_utility"": -1.7654649019241333}, ""default"": {""feasible_both"": true, ""fold_a_harm"": -0.07836712151765823, ""fold_a_lcb"": -0.08492340840399265, ""fold_a_query_after"": 2.948070764541626, ""fold_a_utility"": 0.0714406967163086, ""fold_b_harm"": -0.07653822004795074, ""fold_b_lcb"": -0.08327946982346475, ""fold_b_query_after"": 2.967217445373535, ""fold_b_utility"": 0.07546329498291016, ""harm_lcb_max"": -0.08327946982346475, ""harm_mean"": -0.07745267078280449, ""harm_se_mean"": 0.0033922287402674556, ""harm_ucb_max"": -0.06979697027243674, ""local_trainability"": 0.07345199584960938, ""query_after"": 2.9576441049575806, ""query_before"": 3.03109610080719, ""system_utility"": 0.07345199584960938}}, ""status"": ""ok"", ""statusquo_loss"": 3.03109610080719, ""total_memory_budget"": 512}, ""utility_status"": ""ok""}"
36,B2,B,2,default,reuse,safe_existing_reuse,3.0545804500579834,2,True,294912,1299610,0,68607207,797261,12756400,493,19.855173353105783,508328448,0.0,15.628896408947185,2.398495198925957,512,512,2.994966506958008,-1.331697940826416,0.08122384548187256,-1.4129217863082886,False,,"{""best_reuse"": ""default"", ""best_reuse_utility"": 0.08122384548187256, ""decision"": ""reuse"", ""fresh_advantage"": -1.4129217863082886, ""fresh_positive"": false, ""fresh_utility"": -1.331697940826416, ""full_batch_guards"": {""adapter_1"": {""crossfit_feasible"": true, ""crossfit_utility"": -1.7679789066314697, ""crossfit_utility_positive"": false, ""full_batch_cur_after"": 4.743724822998047, ""full_batch_cur_before"": 4.735666275024414, ""full_batch_gain"": -0.008058547973632812, ""full_batch_harm"": -0.07556307315826416, ""full_batch_harm_lcb"": -0.0780076024029404, ""full_batch_harm_se"": 0.0012472087983042002, ""full_batch_harm_ucb"": -0.07311854391358792, ""full_batch_safe"": true}, ""default"": {""crossfit_feasible"": true, ""crossfit_utility"": 0.08122384548187256, ""crossfit_utility_positive"": true, ""full_batch_cur_after"": 2.90434193611145, ""full_batch_cur_before"": 2.994966506958008, ""full_batch_gain"": 0.09062457084655762, ""full_batch_harm"": -0.08113010227680206, ""full_batch_harm_lcb"": -0.08600314112380147, ""full_batch_harm_se"": 0.002486244309693575, ""full_batch_harm_ucb"": -0.07625706342980265, ""full_batch_safe"": true}}, ""guarded_best_reuse"": ""default"", ""num_adapters"": 2, ""pending_after"": false, ""pending_before"": false, ""policy_version"": ""cau_v1"", ""reason"": ""safe_existing_reuse"", ""utility"": {""batch_n"": 16, ""best_reuse"": ""default"", ""best_reuse_query_after"": 2.9137426614761353, ""best_reuse_utility"": 0.08122384548187256, ""budget_blocked_fresh"": false, ""defer_utility"": 0.0, ""fold_a_fresh_utility"": -1.294175386428833, ""fold_a_query_n"": 8, ""fold_a_support_n"": 8, ""fold_b_fresh_utility"": -1.369220495223999, ""fold_b_query_n"": 8, ""fold_b_support_n"": 8, ""fresh_advantage"": -1.4129217863082886, ""fresh_local_trainability"": 0.04842400550842285, ""fresh_positive"": false, ""fresh_query_after"": 4.326664447784424, ""fresh_query_before"": 4.375088453292847, ""fresh_utility"": -1.331697940826416, ""max_adapters"": 8, ""reuse_profiles"": {""adapter_1"": {""feasible_both"": true, ""fold_a_harm"": -0.07735127210617065, ""fold_a_lcb"": -0.07984013488050551, ""fold_a_query_after"": 4.780880451202393, ""fold_a_utility"": -1.7444970607757568, ""fold_b_harm"": -0.07636813819408417, ""fold_b_lcb"": -0.07887990097049624, ""fold_b_query_after"": 4.7450103759765625, ""fold_b_utility"": -1.7914607524871826, ""harm_lcb_max"": -0.07887990097049624, ""harm_mean"": -0.07685970515012741, ""harm_se_mean"": 0.0012756697833538055, ""harm_ucb_max"": -0.0738563754176721, ""local_trainability"": -0.027278900146484375, ""query_after"": 4.7629454135894775, ""query_before"": 4.735666513442993, ""system_utility"": -1.7679789066314697}, ""default"": {""feasible_both"": true, ""fold_a_harm"": -0.08001726865768433, ""fold_a_lcb"": -0.08518673523329198, ""fold_a_query_after"": 2.9556264877319336, ""fold_a_utility"": 0.08075690269470215, ""fold_b_harm"": -0.07883462309837341, ""fold_b_lcb"": -0.08375666825100779, ""fold_b_query_after"": 2.871858835220337, ""fold_b_utility"": 0.08169078826904297, ""harm_lcb_max"": -0.08375666825100779, ""harm_mean"": -0.07942594587802887, ""harm_se_mean"": 0.0025743652367964387, ""harm_ucb_max"": -0.07391257794573904, ""local_trainability"": 0.08122384548187256, ""query_after"": 2.9137426614761353, ""query_before"": 2.994966506958008, ""system_utility"": 0.08122384548187256}}, ""status"": ""ok"", ""statusquo_loss"": 2.994966506958008, ""total_memory_budget"": 512}, ""utility_status"": ""ok""}"
37,B2,B,2,default,reuse,safe_existing_reuse,2.995363712310791,2,True,294912,1299610,0,68607207,797261,12756400,493,20.536178498063236,508328448,0.0,16.30455691483803,2.398495198925957,512,512,2.900092124938965,-1.4498143196105957,0.07683801651000977,-1.5266523361206055,False,,"{""best_reuse"": ""default"", ""best_reuse_utility"": 0.07683801651000977, ""decision"": ""reuse"", ""fresh_advantage"": -1.5266523361206055, ""fresh_positive"": false, ""fresh_utility"": -1.4498143196105957, ""full_batch_guards"": {""adapter_1"": {""crossfit_feasible"": true, ""crossfit_utility"": -1.9093549251556396, ""crossfit_utility_positive"": false, ""full_batch_cur_after"": 4.79328727722168, ""full_batch_cur_before"": 4.780648708343506, ""full_batch_gain"": -0.012638568878173828, ""full_batch_harm"": -0.07385717332363129, ""full_batch_harm_lcb"": -0.07614217834547161, ""full_batch_harm_se"": 0.001165818888694048, ""full_batch_harm_ucb"": -0.07157216830179096, ""full_batch_safe"": true}, ""default"": {""crossfit_feasible"": true, ""crossfit_utility"": 0.07683801651000977, ""crossfit_utility_positive"": true, ""full_batch_cur_after"": 2.815983295440674, ""full_batch_cur_before"": 2.900092124938965, ""full_batch_gain"": 0.08410882949829102, ""full_batch_harm"": -0.08423909544944763, ""full_batch_harm_lcb"": -0.08723551583942026, ""full_batch_harm_se"": 0.0015287859132513404, ""full_batch_harm_ucb"": -0.08124267505947501, ""full_batch_safe"": true}}, ""guarded_best_reuse"": ""default"", ""num_adapters"": 2, ""pending_after"": false, ""pending_before"": false, ""policy_version"": ""cau_v1"", ""reason"": ""safe_existing_reuse"", ""utility"": {""batch_n"": 16, ""best_reuse"": ""default"", ""best_reuse_query_after"": 2.823254108428955, ""best_reuse_utility"": 0.07683801651000977, ""budget_blocked_fresh"": false, ""defer_utility"": 0.0, ""fold_a_fresh_utility"": -1.4201600551605225, ""fold_a_query_n"": 8, ""fold_a_support_n"": 8, ""fold_b_fresh_utility"": -1.479468584060669, ""fold_b_query_n"": 8, ""fold_b_support_n"": 8, ""fresh_advantage"": -1.5266523361206055, ""fresh_local_trainability"": 0.04910087585449219, ""fresh_positive"": false, ""fresh_query_after"": 4.3499064445495605, ""fresh_query_before"": 4.399007320404053, ""fresh_utility"": -1.4498143196105957, ""max_adapters"": 8, ""reuse_profiles"": {""adapter_1"": {""feasible_both"": true, ""fold_a_harm"": -0.07608945667743683, ""fold_a_lcb"": -0.07849390053655952, ""fold_a_query_after"": 4.816242694854736, ""fold_a_utility"": -1.8872954845428467, ""fold_b_harm"": -0.07587812095880508, ""fold_b_lcb"": -0.0782654894143343, ""fold_b_query_after"": 4.802651405334473, ""fold_b_utility"": -1.9314143657684326, ""harm_lcb_max"": -0.0782654894143343, ""harm_mean"": -0.07598378881812096, ""harm_se_mean"": 0.0012224011006765068, ""harm_ucb_max"": -0.07349075250327587, ""local_trainability"": -0.028798580169677734, ""query_after"": 4.8094470500946045, ""query_before"": 4.780648469924927, ""system_utility"": -1.9093549251556396}, ""default"": {""feasible_both"": true, ""fold_a_harm"": -0.08375544100999832, ""fold_a_lcb"": -0.08699343654792756, ""fold_a_query_after"": 2.850539207458496, ""fold_a_utility"": 0.07840800285339355, ""fold_b_harm"": -0.08220186829566956, ""fold_b_lcb"": -0.08600260168779642, ""fold_b_query_after"": 2.795969009399414, ""fold_b_utility"": 0.07526803016662598, ""harm_lcb_max"": -0.08600260168779642, ""harm_mean"": -0.08297865465283394, ""harm_se_mean"": 0.0017955941148102283, ""harm_ucb_max"": -0.0784011349035427, ""local_trainability"": 0.07683801651000977, ""query_after"": 2.823254108428955, ""query_before"": 2.900092124938965, ""system_utility"": 0.07683801651000977}}, ""status"": ""ok"", ""statusquo_loss"": 2.900092124938965, ""total_memory_budget"": 512}, ""utility_status"": ""ok""}"
38,B2,B,2,default,reuse,safe_existing_reuse,2.801281213760376,2,True,294912,1299610,0,68607207,797261,12756400,493,21.211352460086346,508328448,0.0,16.97363337688148,2.398495198925957,512,512,2.8074183464050293,-1.5223331451416016,0.0745387077331543,-1.5968718528747559,False,,"{""best_reuse"": ""default"", ""best_reuse_utility"": 0.0745387077331543, ""decision"": ""reuse"", ""fresh_advantage"": -1.5968718528747559, ""fresh_positive"": false, ""fresh_utility"": -1.5223331451416016, ""full_batch_guards"": {""adapter_1"": {""crossfit_feasible"": true, ""crossfit_utility"": -1.9564540386199951, ""crossfit_utility_positive"": false, ""full_batch_cur_after"": 4.739806175231934, ""full_batch_cur_before"": 4.733364105224609, ""full_batch_gain"": -0.006442070007324219, ""full_batch_harm"": -0.0762585997581482, ""full_batch_harm_lcb"": -0.07871585084591061, ""full_batch_harm_se"": 0.001253699534572661, ""full_batch_harm_ucb"": -0.07380134867038578, ""full_batch_safe"": true}, ""default"": {""crossfit_feasible"": true, ""crossfit_utility"": 0.0745387077331543, ""crossfit_utility_positive"": true, ""full_batch_cur_after"": 2.71964955329895, ""full_batch_cur_before"": 2.8074183464050293, ""full_batch_gain"": 0.0877687931060791, ""full_batch_harm"": -0.08079086989164352, ""full_batch_harm_lcb"": -0.08513944251462817, ""full_batch_harm_se"": 0.0022186595015227795, ""full_batch_harm_ucb"": -0.07644229726865888, ""full_batch_safe"": true}}, ""guarded_best_reuse"": ""default"", ""num_adapters"": 2, ""pending_after"": false, ""pending_before"": false, ""policy_version"": ""cau_v1"", ""reason"": ""safe_existing_reuse"", ""utility"": {""batch_n"": 16, ""best_reuse"": ""default"", ""best_reuse_query_after"": 2.732879638671875, ""best_reuse_utility"": 0.0745387077331543, ""budget_blocked_fresh"": false, ""defer_utility"": 0.0, ""fold_a_fresh_utility"": -1.5117263793945312, ""fold_a_query_n"": 8, ""fold_a_support_n"": 8, ""fold_b_fresh_utility"": -1.5329399108886719, ""fold_b_query_n"": 8, ""fold_b_support_n"": 8, ""fresh_advantage"": -1.5968718528747559, ""fresh_local_trainability"": 0.044240713119506836, ""fresh_positive"": false, ""fresh_query_after"": 4.329751491546631, ""fresh_query_before"": 4.373992204666138, ""fresh_utility"": -1.5223331451416016, ""max_adapters"": 8, ""reuse_profiles"": {""adapter_1"": {""feasible_both"": true, ""fold_a_harm"": -0.07742846012115479, ""fold_a_lcb"": -0.07997649435419589, ""fold_a_query_after"": 4.830142498016357, ""fold_a_utility"": -1.973116397857666, ""fold_b_harm"": -0.07737274467945099, ""fold_b_lcb"": -0.07992714131716638, ""fold_b_query_after"": 4.697602272033691, ""fold_b_utility"": -1.9397916793823242, ""harm_lcb_max"": -0.07992714131716638, ""harm_mean"": -0.07740060240030289, ""harm_se_mean"": 0.001301640528254211, ""harm_ucb_max"": -0.0748183480417356, ""local_trainability"": -0.030508756637573242, ""query_after"": 4.763872385025024, ""query_before"": 4.733363628387451, ""system_utility"": -1.9564540386199951}, ""default"": {""feasible_both"": true, ""fold_a_harm"": -0.0780869871377945, ""fold_a_lcb"": -0.0828216188121587, ""fold_a_query_after"": 2.78303861618042, ""fold_a_utility"": 0.07398748397827148, ""fold_b_harm"": -0.07755126059055328, ""fold_b_lcb"": -0.08151997045613825, ""fold_b_query_after"": 2.68272066116333, ""fold_b_utility"": 0.07508993148803711, ""harm_lcb_max"": -0.08151997045613825, ""harm_mean"": -0.07781912386417389, ""harm_se_mean"": 0.0022202401887625456, ""harm_ucb_max"": -0.07335235546343029, ""local_trainability"": 0.0745387077331543, ""query_after"": 2.732879638671875, ""query_before"": 2.8074183464050293, ""system_utility"": 0.0745387077331543}}, ""status"": ""ok"", ""statusquo_loss"": 2.8074183464050293, ""total_memory_budget"": 512}, ""utility_status"": ""ok""}"
39,B2,B,2,default,reuse,safe_existing_reuse,2.8680920600891113,2,True,294912,1299610,0,68607207,797261,12756400,493,21.880601327167824,508328448,0.0,17.637132383883,2.398495198925957,512,512,2.8125754594802856,-1.5370899438858032,0.060883522033691406,-1.5979734659194946,False,,"{""best_reuse"": ""default"", ""best_reuse_utility"": 0.060883522033691406, ""decision"": ""reuse"", ""fresh_advantage"": -1.5979734659194946, ""fresh_positive"": false, ""fresh_utility"": -1.5370899438858032, ""full_batch_guards"": {""adapter_1"": {""crossfit_feasible"": true, ""crossfit_utility"": -1.9588452577590942, ""crossfit_utility_positive"": false, ""full_batch_cur_after"": 4.743422508239746, ""full_batch_cur_before"": 4.734709739685059, ""full_batch_gain"": -0.0087127685546875, ""full_batch_harm"": -0.07485991716384888, ""full_batch_harm_lcb"": -0.07713504065293819, ""full_batch_harm_se"": 0.0011607772903516889, ""full_batch_harm_ucb"": -0.07258479367475956, ""full_batch_safe"": true}, ""default"": {""crossfit_feasible"": true, ""crossfit_utility"": 0.060883522033691406, ""crossfit_utility_positive"": true, ""full_batch_cur_after"": 2.7368104457855225, ""full_batch_cur_before"": 2.812575340270996, ""full_batch_gain"": 0.07576489448547363, ""full_batch_harm"": -0.07359831780195236, ""full_batch_harm_lcb"": -0.07936095790937543, ""full_batch_harm_se"": 0.002940122503787279, ""full_batch_harm_ucb"": -0.06783567769452929, ""full_batch_safe"": true}}, ""guarded_best_reuse"": ""default"", ""num_adapters"": 2, ""pending_after"": false, ""pending_before"": false, ""policy_version"": ""cau_v1"", ""reason"": ""safe_existing_reuse"", ""utility"": {""batch_n"": 16, ""best_reuse"": ""default"", ""best_reuse_query_after"": 2.7516919374465942, ""best_reuse_utility"": 0.060883522033691406, ""budget_blocked_fresh"": false, ""defer_utility"": 0.0, ""fold_a_fresh_utility"": -1.5516598224639893, ""fold_a_query_n"": 8, ""fold_a_support_n"": 8, ""fold_b_fresh_utility"": -1.5225200653076172, ""fold_b_query_n"": 8, ""fold_b_support_n"": 8, ""fresh_advantage"": -1.5979734659194946, ""fresh_local_trainability"": 0.023967266082763672, ""fresh_positive"": false, ""fresh_query_after"": 4.349665403366089, ""fresh_query_before"": 4.3736326694488525, ""fresh_utility"": -1.5370899438858032, ""max_adapters"": 8, ""reuse_profiles"": {""adapter_1"": {""feasible_both"": true, ""fold_a_harm"": -0.0783633142709732, ""fold_a_lcb"": -0.08080630881711841, ""fold_a_query_after"": 4.7935566902160645, ""fold_a_utility"": -1.991837739944458, ""fold_b_harm"": -0.07622191309928894, ""fold_b_lcb"": -0.0786129031330347, ""fold_b_query_after"": 4.749284744262695, ""fold_b_utility"": -1.9258527755737305, ""harm_lcb_max"": -0.0786129031330347, ""harm_mean"": -0.07729261368513107, ""harm_se_mean"": 0.0012331593316048384, ""harm_ucb_max"": -0.07383092306554317, ""local_trainability"": -0.036710262298583984, ""query_after"": 4.77142071723938, ""query_before"": 4.734710454940796, ""system_utility"": -1.9588452577590942}, ""default"": {""feasible_both"": true, ""fold_a_harm"": -0.07045705616474152, ""fold_a_lcb"": -0.07628879649564624, ""fold_a_query_after"": 2.7396962642669678, ""fold_a_utility"": 0.06202268600463867, ""fold_b_harm"": -0.07253969460725784, ""fold_b_lcb"": -0.07889444404281676, ""fold_b_query_after"": 2.7636876106262207, ""fold_b_utility"": 0.05974435806274414, ""harm_lcb_max"": -0.07628879649564624, ""harm_mean"": -0.07149837538599968, ""harm_se_mean"": 0.0031087984098121524, ""harm_ucb_max"": -0.0646253158338368, ""local_trainability"": 0.060883522033691406, ""query_after"": 2.7516919374465942, ""query_before"": 2.8125754594802856, ""system_utility"": 0.060883522033691406}}, ""status"": ""ok"", ""statusquo_loss"": 2.8125754594802856, ""total_memory_budget"": 512}, ""utility_status"": ""ok""}"
40,B2,B,2,default,reuse,safe_existing_reuse,2.6660983562469482,2,True,294912,1299610,0,68607207,797261,12756400,493,22.557770365150645,508328448,0.0,18.308815018972382,2.398495198925957,512,512,2.6983591318130493,-1.6919013261795044,0.05954468250274658,-1.751446008682251,False,,"{""best_reuse"": ""default"", ""best_reuse_utility"": 0.05954468250274658, ""decision"": ""reuse"", ""fresh_advantage"": -1.751446008682251, ""fresh_positive"": false, ""fresh_utility"": -1.6919013261795044, ""full_batch_guards"": {""adapter_1"": {""crossfit_feasible"": true, ""crossfit_utility"": -2.1190510988235474, ""crossfit_utility_positive"": false, ""full_batch_cur_after"": 4.783305644989014, ""full_batch_cur_before"": 4.772089004516602, ""full_batch_gain"": -0.01121664047241211, ""full_batch_harm"": -0.07532040774822235, ""full_batch_harm_lcb"": -0.07773530791047961, ""full_batch_harm_se"": 0.0012320919195190072, ""full_batch_harm_ucb"": -0.07290550758596509, ""full_batch_safe"": true}, ""default"": {""crossfit_feasible"": true, ""crossfit_utility"": 0.05954468250274658, ""crossfit_utility_positive"": true, ""full_batch_cur_after"": 2.618685245513916, ""full_batch_cur_before"": 2.698359251022339, ""full_batch_gain"": 0.07967400550842285, ""full_batch_harm"": -0.06377983838319778, ""full_batch_harm_lcb"": -0.0718500417098403, ""full_batch_harm_se"": 0.004117450676858425, ""full_batch_harm_ucb"": -0.05570963505655527, ""full_batch_safe"": true}}, ""guarded_best_reuse"": ""default"", ""num_adapters"": 2, ""pending_after"": false, ""pending_before"": false, ""policy_version"": ""cau_v1"", ""reason"": ""safe_existing_reuse"", ""utility"": {""batch_n"": 16, ""best_reuse"": ""default"", ""best_reuse_query_after"": 2.6388144493103027, ""best_reuse_utility"": 0.05954468250274658, ""budget_blocked_fresh"": false, ""defer_utility"": 0.0, ""fold_a_fresh_utility"": -1.6930201053619385, ""fold_a_query_n"": 8, ""fold_a_support_n"": 8, ""fold_b_fresh_utility"": -1.6907825469970703, ""fold_b_query_n"": 8, ""fold_b_support_n"": 8, ""fresh_advantage"": -1.751446008682251, ""fresh_local_trainability"": 0.013100624084472656, ""fresh_positive"": false, ""fresh_query_after"": 4.390260457992554, ""fresh_query_before"": 4.403361082077026, ""fresh_utility"": -1.6919013261795044, ""max_adapters"": 8, ""reuse_profiles"": {""adapter_1"": {""feasible_both"": true, ""fold_a_harm"": -0.07929123938083649, ""fold_a_lcb"": -0.08195934654679149, ""fold_a_query_after"": 4.817636966705322, ""fold_a_utility"": -2.1155507564544678, ""fold_b_harm"": -0.07721148431301117, ""fold_b_lcb"": -0.07962096465751528, ""fold_b_query_after"": 4.817183494567871, ""fold_b_utility"": -2.122551441192627, ""harm_lcb_max"": -0.07962096465751528, ""harm_mean"": -0.07825136184692383, ""harm_se_mean"": 0.0012953029363416135, ""harm_ucb_max"": -0.07480200396850706, ""local_trainability"": -0.04532122611999512, ""query_after"": 4.817410230636597, ""query_before"": 4.772089004516602, ""system_utility"": -2.1190510988235474}, ""default"": {""feasible_both"": true, ""fold_a_harm"": -0.060674335807561874, ""fold_a_lcb"": -0.06819964540190995, ""fold_a_query_after"": 2.633894920349121, ""fold_a_utility"": 0.0681912899017334, ""fold_b_harm"": -0.06641596555709839, ""fold_b_lcb"": -0.07518553780391812, ""fold_b_query_after"": 2.6437339782714844, ""fold_b_utility"": 0.050898075103759766, ""harm_lcb_max"": -0.06819964540190995, ""harm_mean"": -0.06354515068233013, ""harm_se_mean"": 0.004156857612542808, ""harm_ucb_max"": -0.0531490262132138, ""local_trainability"": 0.05954468250274658, ""query_after"": 2.6388144493103027, ""query_before"": 2.6983591318130493, ""system_utility"": 0.05954468250274658}}, ""status"": ""ok"", ""statusquo_loss"": 2.6983591318130493, ""total_memory_budget"": 512}, ""utility_status"": ""ok""}"
41,B2,B,2,default,reuse,safe_existing_reuse,2.719632148742676,2,True,294912,1299610,0,68607207,797261,12756400,493,23.240024325205013,508328448,0.0,18.98540916084312,2.398495198925957,512,512,2.647826671600342,-1.7332282066345215,0.049118757247924805,-1.7823469638824463,False,,"{""best_reuse"": ""default"", ""best_reuse_utility"": 0.049118757247924805, ""decision"": ""reuse"", ""fresh_advantage"": -1.7823469638824463, ""fresh_positive"": false, ""fresh_utility"": -1.7332282066345215, ""full_batch_guards"": {""adapter_1"": {""crossfit_feasible"": true, ""crossfit_utility"": -2.1898818016052246, ""crossfit_utility_positive"": false, ""full_batch_cur_after"": 4.8130083084106445, ""full_batch_cur_before"": 4.799625396728516, ""full_batch_gain"": -0.013382911682128906, ""full_batch_harm"": -0.07495386898517609, ""full_batch_harm_lcb"": -0.07727223487570882, ""full_batch_harm_se"": 0.0011828397400677204, ""full_batch_harm_ucb"": -0.07263550309464335, ""full_batch_safe"": true}, ""default"": {""crossfit_feasible"": true, ""crossfit_utility"": 0.049118757247924805, ""crossfit_utility_positive"": true, ""full_batch_cur_after"": 2.584230422973633, ""full_batch_cur_before"": 2.647826671600342, ""full_batch_gain"": 0.06359624862670898, ""full_batch_harm"": -0.054317399859428406, ""full_batch_harm_lcb"": -0.06423045987263322, ""full_batch_harm_se"": 0.005057683680206537, ""full_batch_harm_ucb"": -0.04440433984622359, ""full_batch_safe"": true}}, ""guarded_best_reuse"": ""default"", ""num_adapters"": 2, ""pending_after"": false, ""pending_before"": false, ""policy_version"": ""cau_v1"", ""reason"": ""safe_existing_reuse"", ""utility"": {""batch_n"": 16, ""best_reuse"": ""default"", ""best_reuse_query_after"": 2.598707914352417, ""best_reuse_utility"": 0.049118757247924805, ""budget_blocked_fresh"": false, ""defer_utility"": 0.0, ""fold_a_fresh_utility"": -1.6752889156341553, ""fold_a_query_n"": 8, ""fold_a_support_n"": 8, ""fold_b_fresh_utility"": -1.7911674976348877, ""fold_b_query_n"": 8, ""fold_b_support_n"": 8, ""fresh_advantage"": -1.7823469638824463, ""fresh_local_trainability"": 0.03301596641540527, ""fresh_positive"": false, ""fresh_query_after"": 4.381054878234863, ""fresh_query_before"": 4.4140708446502686, ""fresh_utility"": -1.7332282066345215, ""max_adapters"": 8, ""reuse_profiles"": {""adapter_1"": {""feasible_both"": true, ""fold_a_harm"": -0.07668937742710114, ""fold_a_lcb"": -0.07905914681963623, ""fold_a_query_after"": 4.8049116134643555, ""fold_a_utility"": -2.14172625541687, ""fold_b_harm"": -0.07625630497932434, ""fold_b_lcb"": -0.07850335325114428, ""fold_b_query_after"": 4.870505332946777, ""fold_b_utility"": -2.238037347793579, ""harm_lcb_max"": -0.07850335325114428, ""harm_mean"": -0.07647284120321274, ""harm_se_mean"": 0.0011777596082538366, ""harm_ucb_max"": -0.0740092567075044, ""local_trainability"": -0.03808283805847168, ""query_after"": 4.837708473205566, ""query_before"": 4.799625635147095, ""system_utility"": -2.1898818016052246}, ""default"": {""feasible_both"": true, ""fold_a_harm"": -0.05203034356236458, ""fold_a_lcb"": -0.06217521196231246, ""fold_a_query_after"": 2.6211302280426025, ""fold_a_utility"": 0.04205513000488281, ""fold_b_harm"": -0.053203023970127106, ""fold_b_lcb"": -0.06271755522117019, ""fold_b_query_after"": 2.5762856006622314, ""fold_b_utility"": 0.0561823844909668, ""harm_lcb_max"": -0.06217521196231246, ""harm_mean"": -0.05261668376624584, ""harm_se_mean"": 0.005015152972191572, ""harm_ucb_max"": -0.0418854751624167, ""local_trainability"": 0.049118757247924805, ""query_after"": 2.598707914352417, ""query_before"": 2.647826671600342, ""system_utility"": 0.049118757247924805}}, ""status"": ""ok"", ""statusquo_loss"": 2.647826671600342, ""total_memory_budget"": 512}, ""utility_status"": ""ok""}"
42,B2,B,2,default,reuse,safe_existing_reuse,2.606572151184082,2,True,294912,1299610,0,68607207,797261,12756400,493,23.913078188197687,508328448,0.0,19.652691263938323,2.398495198925957,512,512,2.547808885574341,-1.805133581161499,0.040403008460998535,-1.8455365896224976,False,,"{""best_reuse"": ""default"", ""best_reuse_utility"": 0.040403008460998535, ""decision"": ""reuse"", ""fresh_advantage"": -1.8455365896224976, ""fresh_positive"": false, ""fresh_utility"": -1.805133581161499, ""full_batch_guards"": {""adapter_1"": {""crossfit_feasible"": true, ""crossfit_utility"": -2.2212817668914795, ""crossfit_utility_positive"": false, ""full_batch_cur_after"": 4.740630149841309, ""full_batch_cur_before"": 4.729326248168945, ""full_batch_gain"": -0.011303901672363281, ""full_batch_harm"": -0.07486656308174133, ""full_batch_harm_lcb"": -0.07726458292920142, ""full_batch_harm_se"": 0.0012234795140102506, ""full_batch_harm_ucb"": -0.07246854323428124, ""full_batch_safe"": true}, ""default"": {""crossfit_feasible"": true, ""crossfit_utility"": 0.040403008460998535, ""crossfit_utility_positive"": true, ""full_batch_cur_after"": 2.490025520324707, ""full_batch_cur_before"": 2.547808885574341, ""full_batch_gain"": 0.05778336524963379, ""full_batch_harm"": -0.04416709765791893, ""full_batch_harm_lcb"": -0.05469770247116685, ""full_batch_harm_se"": 0.0053727575577795506, ""full_batch_harm_ucb"": -0.03363649284467101, ""full_batch_safe"": true}}, ""guarded_best_reuse"": ""default"", ""num_adapters"": 2, ""pending_after"": false, ""pending_before"": false, ""policy_version"": ""cau_v1"", ""reason"": ""safe_existing_reuse"", ""utility"": {""batch_n"": 16, ""best_reuse"": ""default"", ""best_reuse_query_after"": 2.5074058771133423, ""best_reuse_utility"": 0.040403008460998535, ""budget_blocked_fresh"": false, ""defer_utility"": 0.0, ""fold_a_fresh_utility"": -1.8063783645629883, ""fold_a_query_n"": 8, ""fold_a_support_n"": 8, ""fold_b_fresh_utility"": -1.8038887977600098, ""fold_b_query_n"": 8, ""fold_b_support_n"": 8, ""fresh_advantage"": -1.8455365896224976, ""fresh_local_trainability"": 0.01865696907043457, ""fresh_positive"": false, ""fresh_query_after"": 4.35294246673584, ""fresh_query_before"": 4.371599435806274, ""fresh_utility"": -1.805133581161499, ""max_adapters"": 8, ""reuse_profiles"": {""adapter_1"": {""feasible_both"": true, ""fold_a_harm"": -0.07746767997741699, ""fold_a_lcb"": -0.07989448078442365, ""fold_a_query_after"": 4.771450996398926, ""fold_a_utility"": -2.2374768257141113, ""fold_b_harm"": -0.07754099369049072, ""fold_b_lcb"": -0.08009263010695576, ""fold_b_query_after"": 4.766730308532715, ""fold_b_utility"": -2.2050867080688477, ""harm_lcb_max"": -0.07989448078442365, ""harm_mean"": -0.07750433683395386, ""harm_se_mean"": 0.0012700094957835972, ""harm_ucb_max"": -0.07498935727402568, ""local_trainability"": -0.039764404296875, ""query_after"": 4.76909065246582, ""query_before"": 4.729326248168945, ""system_utility"": -2.2212817668914795}, ""default"": {""feasible_both"": true, ""fold_a_harm"": -0.04409129172563553, ""fold_a_lcb"": -0.05495503336191177, ""fold_a_query_after"": 2.4959073066711426, ""fold_a_utility"": 0.038066864013671875, ""fold_b_harm"": -0.042204320430755615, ""fold_b_lcb"": -0.052831839881837366, ""fold_b_query_after"": 2.518904447555542, ""fold_b_utility"": 0.042739152908325195, ""harm_lcb_max"": -0.052831839881837366, ""harm_mean"": -0.04314780607819557, ""harm_se_mean"": 0.00548246456310153, ""harm_ucb_max"": -0.031576800979673865, ""local_trainability"": 0.040403008460998535, ""query_after"": 2.5074058771133423, ""query_before"": 2.547808885574341, ""system_utility"": 0.040403008460998535}}, ""status"": ""ok"", ""statusquo_loss"": 2.547808885574341, ""total_memory_budget"": 512}, ""utility_status"": ""ok""}"
43,B2,B,2,default,reuse,safe_existing_reuse,2.5190887451171875,2,True,294912,1299610,0,68607207,797261,12756400,493,24.59366947109811,508328448,0.0,20.327136886073276,2.398495198925957,512,512,2.5311983823776245,-1.8361541032791138,0.030477404594421387,-1.8666315078735352,False,,"{""best_reuse"": ""default"", ""best_reuse_utility"": 0.030477404594421387, ""decision"": ""reuse"", ""fresh_advantage"": -1.8666315078735352, ""fresh_positive"": false, ""fresh_utility"": -1.8361541032791138, ""full_batch_guards"": {""adapter_1"": {""crossfit_feasible"": true, ""crossfit_utility"": -2.3062905073165894, ""crossfit_utility_positive"": false, ""full_batch_cur_after"": 4.801157474517822, ""full_batch_cur_before"": 4.788751602172852, ""full_batch_gain"": -0.012405872344970703, ""full_batch_harm"": -0.07360708713531494, ""full_batch_harm_lcb"": -0.07602022876031697, ""full_batch_harm_se"": 0.001231194706633687, ""full_batch_harm_ucb"": -0.07119394551031291, ""full_batch_safe"": true}, ""default"": {""crossfit_feasible"": true, ""crossfit_utility"": 0.030477404594421387, ""crossfit_utility_positive"": true, ""full_batch_cur_after"": 2.475741386413574, ""full_batch_cur_before"": 2.531198501586914, ""full_batch_gain"": 0.055457115173339844, ""full_batch_harm"": -0.036038558930158615, ""full_batch_harm_lcb"": -0.047353049237281085, ""full_batch_harm_se"": 0.005772699136286974, ""full_batch_harm_ucb"": -0.024724068623036145, ""full_batch_safe"": true}}, ""guarded_best_reuse"": ""default"", ""num_adapters"": 2, ""pending_after"": false, ""pending_before"": false, ""policy_version"": ""cau_v1"", ""reason"": ""safe_existing_reuse"", ""utility"": {""batch_n"": 16, ""best_reuse"": ""default"", ""best_reuse_query_after"": 2.500720977783203, ""best_reuse_utility"": 0.030477404594421387, ""budget_blocked_fresh"": false, ""defer_utility"": 0.0, ""fold_a_fresh_utility"": -1.8589544296264648, ""fold_a_query_n"": 8, ""fold_a_support_n"": 8, ""fold_b_fresh_utility"": -1.8133537769317627, ""fold_b_query_n"": 8, ""fold_b_support_n"": 8, ""fresh_advantage"": -1.8666315078735352, ""fresh_local_trainability"": 0.01186060905456543, ""fresh_positive"": false, ""fresh_query_after"": 4.367352485656738, ""fresh_query_before"": 4.379213094711304, ""fresh_utility"": -1.8361541032791138, ""max_adapters"": 8, ""reuse_profiles"": {""adapter_1"": {""feasible_both"": true, ""fold_a_harm"": -0.07602740824222565, ""fold_a_lcb"": -0.07840761157684029, ""fold_a_query_after"": 4.861683368682861, ""fold_a_utility"": -2.338409900665283, ""fold_b_harm"": -0.07790286839008331, ""fold_b_lcb"": -0.08042076699435712, ""fold_b_query_after"": 4.813294410705566, ""fold_b_utility"": -2.2741711139678955, ""harm_lcb_max"": -0.07840761157684029, ""harm_mean"": -0.07696513831615448, ""harm_se_mean"": 0.0012495158007368445, ""harm_ucb_max"": -0.07364720490761101, ""local_trainability"": -0.048737525939941406, ""query_after"": 4.837488889694214, ""query_before"": 4.7887513637542725, ""system_utility"": -2.3062905073165894}, ""default"": {""feasible_both"": true, ""fold_a_harm"": -0.03534214571118355, ""fold_a_lcb"": -0.04657938724383712, ""fold_a_query_after"": 2.494396686553955, ""fold_a_utility"": 0.028876781463623047, ""fold_b_harm"": -0.034494318068027496, ""fold_b_lcb"": -0.04532982636243105, ""fold_b_query_after"": 2.507045269012451, ""fold_b_utility"": 0.03207802772521973, ""harm_lcb_max"": -0.04532982636243105, ""harm_mean"": -0.03491823188960552, ""harm_se_mean"": 0.005630803527310491, ""harm_ucb_max"": -0.023658809773623946, ""local_trainability"": 0.030477404594421387, ""query_after"": 2.500720977783203, ""query_before"": 2.5311983823776245, ""system_utility"": 0.030477404594421387}}, ""status"": ""ok"", ""statusquo_loss"": 2.5311983823776245, ""total_memory_budget"": 512}, ""utility_status"": ""ok""}"
44,B2,B,2,default,reuse,safe_existing_reuse,2.396806240081787,2,True,294912,1299610,0,68607207,797261,12756400,493,25.303677204065025,508328448,0.0,21.027674064971507,2.398495198925957,512,512,2.42245090007782,-1.91132652759552,0.02059173583984375,-1.9319182634353638,False,,"{""best_reuse"": ""default"", ""best_reuse_utility"": 0.02059173583984375, ""decision"": ""reuse"", ""fresh_advantage"": -1.9319182634353638, ""fresh_positive"": false, ""fresh_utility"": -1.91132652759552, ""full_batch_guards"": {""adapter_1"": {""crossfit_feasible"": true, ""crossfit_utility"": -2.3360780477523804, ""crossfit_utility_positive"": false, ""full_batch_cur_after"": 4.733654022216797, ""full_batch_cur_before"": 4.725286483764648, ""full_batch_gain"": -0.008367538452148438, ""full_batch_harm"": -0.07508277148008347, ""full_batch_harm_lcb"": -0.07755535814445466, ""full_batch_harm_se"": 0.0012615238083526492, ""full_batch_harm_ucb"": -0.07261018481571227, ""full_batch_safe"": true}, ""default"": {""crossfit_feasible"": true, ""crossfit_utility"": 0.02059173583984375, ""crossfit_utility_positive"": true, ""full_batch_cur_after"": 2.3840620517730713, ""full_batch_cur_before"": 2.4224510192871094, ""full_batch_gain"": 0.038388967514038086, ""full_batch_harm"": -0.025865815579891205, ""full_batch_harm_lcb"": -0.03763007340952754, ""full_batch_harm_se"": 0.006002172362059355, ""full_batch_harm_ucb"": -0.01410155775025487, ""full_batch_safe"": true}}, ""guarded_best_reuse"": ""default"", ""num_adapters"": 2, ""pending_after"": false, ""pending_before"": false, ""policy_version"": ""cau_v1"", ""reason"": ""safe_existing_reuse"", ""utility"": {""batch_n"": 16, ""best_reuse"": ""default"", ""best_reuse_query_after"": 2.401859164237976, ""best_reuse_utility"": 0.02059173583984375, ""budget_blocked_fresh"": false, ""defer_utility"": 0.0, ""fold_a_fresh_utility"": -1.9005792140960693, ""fold_a_query_n"": 8, ""fold_a_support_n"": 8, ""fold_b_fresh_utility"": -1.9220738410949707, ""fold_b_query_n"": 8, ""fold_b_support_n"": 8, ""fresh_advantage"": -1.9319182634353638, ""fresh_local_trainability"": 0.03148698806762695, ""fresh_positive"": false, ""fresh_query_after"": 4.33377742767334, ""fresh_query_before"": 4.365264415740967, ""fresh_utility"": -1.91132652759552, ""max_adapters"": 8, ""reuse_profiles"": {""adapter_1"": {""feasible_both"": true, ""fold_a_harm"": -0.07653584331274033, ""fold_a_lcb"": -0.07908411872573197, ""fold_a_query_after"": 4.749020576477051, ""fold_a_utility"": -2.305452585220337, ""fold_b_harm"": -0.07691951841115952, ""fold_b_lcb"": -0.07937008148990571, ""fold_b_query_after"": 4.76803731918335, ""fold_b_utility"": -2.366703510284424, ""harm_lcb_max"": -0.07908411872573197, ""harm_mean"": -0.07672768086194992, ""harm_se_mean"": 0.0012752139009535313, ""harm_ucb_max"": -0.07398756789974868, ""local_trainability"": -0.033242225646972656, ""query_after"": 4.7585289478302, ""query_before"": 4.7252867221832275, ""system_utility"": -2.3360780477523804}, ""default"": {""feasible_both"": true, ""fold_a_harm"": -0.025971850380301476, ""fold_a_lcb"": -0.038232097402215004, ""fold_a_query_after"": 2.4267008304595947, ""fold_a_utility"": 0.01686716079711914, ""fold_b_harm"": -0.02256087400019169, ""fold_b_lcb"": -0.034142099749296904, ""fold_b_query_after"": 2.3770174980163574, ""fold_b_utility"": 0.02431631088256836, ""harm_lcb_max"": -0.034142099749296904, ""harm_mean"": -0.024266362190246582, ""harm_se_mean"": 0.006082008359953761, ""harm_ucb_max"": -0.010979648251086474, ""local_trainability"": 0.02059173583984375, ""query_after"": 2.401859164237976, ""query_before"": 2.42245090007782, ""system_utility"": 0.02059173583984375}}, ""status"": ""ok"", ""statusquo_loss"": 2.42245090007782, ""total_memory_budget"": 512}, ""utility_status"": ""ok""}"
45,B2,B,2,default,reuse,safe_existing_reuse,2.3108468055725098,2,True,294912,1299610,0,68607207,797261,12756400,493,25.971806009998545,508328448,0.0,21.689127824967727,2.398495198925957,512,512,2.317009449005127,-1.9512951374053955,0.0262906551361084,-1.977585792541504,False,,"{""best_reuse"": ""default"", ""best_reuse_utility"": 0.0262906551361084, ""decision"": ""reuse"", ""fresh_advantage"": -1.977585792541504, ""fresh_positive"": false, ""fresh_utility"": -1.9512951374053955, ""full_batch_guards"": {""adapter_1"": {""crossfit_feasible"": true, ""crossfit_utility"": -2.3738350868225098, ""crossfit_utility_positive"": false, ""full_batch_cur_after"": 4.673777103424072, ""full_batch_cur_before"": 4.6690521240234375, ""full_batch_gain"": -0.004724979400634766, ""full_batch_harm"": -0.07765686511993408, ""full_batch_harm_lcb"": -0.08029002309776842, ""full_batch_harm_se"": 0.0013434479478746653, ""full_batch_harm_ucb"": -0.07502370714209974, ""full_batch_safe"": true}, ""default"": {""crossfit_feasible"": true, ""crossfit_utility"": 0.0262906551361084, ""crossfit_utility_positive"": true, ""full_batch_cur_after"": 2.2769014835357666, ""full_batch_cur_before"": 2.317009210586548, ""full_batch_gain"": 0.04010772705078125, ""full_batch_harm"": -0.019394652917981148, ""full_batch_harm_lcb"": -0.029995317198336126, ""full_batch_harm_se"": 0.00540850218385458, ""full_batch_harm_ucb"": -0.008793988637626171, ""full_batch_safe"": true}}, ""guarded_best_reuse"": ""default"", ""num_adapters"": 2, ""pending_after"": false, ""pending_before"": false, ""policy_version"": ""cau_v1"", ""reason"": ""safe_existing_reuse"", ""utility"": {""batch_n"": 16, ""best_reuse"": ""default"", ""best_reuse_query_after"": 2.2907187938690186, ""best_reuse_utility"": 0.0262906551361084, ""budget_blocked_fresh"": false, ""defer_utility"": 0.0, ""fold_a_fresh_utility"": -1.931809425354004, ""fold_a_query_n"": 8, ""fold_a_support_n"": 8, ""fold_b_fresh_utility"": -1.970780849456787, ""fold_b_query_n"": 8, ""fold_b_support_n"": 8, ""fresh_advantage"": -1.977585792541504, ""fresh_local_trainability"": 0.06040549278259277, ""fresh_positive"": false, ""fresh_query_after"": 4.2683045864105225, ""fresh_query_before"": 4.328710079193115, ""fresh_utility"": -1.9512951374053955, ""max_adapters"": 8, ""reuse_profiles"": {""adapter_1"": {""feasible_both"": true, ""fold_a_harm"": -0.07817715406417847, ""fold_a_lcb"": -0.0806828328082338, ""fold_a_query_after"": 4.692669868469238, ""fold_a_utility"": -2.367372512817383, ""fold_b_harm"": -0.07832595705986023, ""fold_b_lcb"": -0.08092881626449526, ""fold_b_query_after"": 4.689019203186035, ""fold_b_utility"": -2.3802976608276367, ""harm_lcb_max"": -0.0806828328082338, ""harm_mean"": -0.07825155556201935, ""harm_se_mean"": 0.00130319845629856, ""harm_ucb_max"": -0.07567147532012314, ""local_trainability"": -0.021792173385620117, ""query_after"": 4.690844535827637, ""query_before"": 4.669052362442017, ""system_utility"": -2.3738350868225098}, ""default"": {""feasible_both"": true, ""fold_a_harm"": -0.019122937694191933, ""fold_a_lcb"": -0.02891744304448366, ""fold_a_query_after"": 2.2944493293762207, ""fold_a_utility"": 0.030848026275634766, ""fold_b_harm"": -0.018915604799985886, ""fold_b_lcb"": -0.029964034147560596, ""fold_b_query_after"": 2.2869882583618164, ""fold_b_utility"": 0.02173328399658203, ""harm_lcb_max"": -0.02891744304448366, ""harm_mean"": -0.01901927124708891, ""harm_se_mean"": 0.005317075178027153, ""harm_ucb_max"": -0.007867175452411175, ""local_trainability"": 0.0262906551361084, ""query_after"": 2.2907187938690186, ""query_before"": 2.317009449005127, ""system_utility"": 0.0262906551361084}}, ""status"": ""ok"", ""statusquo_loss"": 2.317009449005127, ""total_memory_budget"": 512}, ""utility_status"": ""ok""}"
46,B2,B,2,default,reuse,safe_existing_reuse,2.48903751373291,2,True,294912,1299610,0,68607207,797261,12756400,493,26.66235460108146,508328448,0.0,22.373006409965456,2.398495198925957,512,512,2.4472888708114624,-1.9074052572250366,0.024907708168029785,-1.9323129653930664,False,,"{""best_reuse"": ""default"", ""best_reuse_utility"": 0.024907708168029785, ""decision"": ""reuse"", ""fresh_advantage"": -1.9323129653930664, ""fresh_positive"": false, ""fresh_utility"": -1.9074052572250366, ""full_batch_guards"": {""adapter_1"": {""crossfit_feasible"": true, ""crossfit_utility"": -2.3674896955490112, ""crossfit_utility_positive"": false, ""full_batch_cur_after"": 4.789434909820557, ""full_batch_cur_before"": 4.777805805206299, ""full_batch_gain"": -0.011629104614257812, ""full_batch_harm"": -0.07586749643087387, ""full_batch_harm_lcb"": -0.07813178827054798, ""full_batch_harm_se"": 0.0011552509386092424, ""full_batch_harm_ucb"": -0.07360320459119976, ""full_batch_safe"": true}, ""default"": {""crossfit_feasible"": true, ""crossfit_utility"": 0.024907708168029785, ""crossfit_utility_positive"": true, ""full_batch_cur_after"": 2.401583671569824, ""full_batch_cur_before"": 2.447288990020752, ""full_batch_gain"": 0.045705318450927734, ""full_batch_harm"": -0.01442250981926918, ""full_batch_harm_lcb"": -0.025299522969871757, ""full_batch_harm_se"": 0.005549496505409479, ""full_batch_harm_ucb"": -0.0035454966686666017, ""full_batch_safe"": true}}, ""guarded_best_reuse"": ""default"", ""num_adapters"": 2, ""pending_after"": false, ""pending_before"": false, ""policy_version"": ""cau_v1"", ""reason"": ""safe_existing_reuse"", ""utility"": {""batch_n"": 16, ""best_reuse"": ""default"", ""best_reuse_query_after"": 2.4223811626434326, ""best_reuse_utility"": 0.024907708168029785, ""budget_blocked_fresh"": false, ""defer_utility"": 0.0, ""fold_a_fresh_utility"": -1.84627103805542, ""fold_a_query_n"": 8, ""fold_a_support_n"": 8, ""fold_b_fresh_utility"": -1.9685394763946533, ""fold_b_query_n"": 8, ""fold_b_support_n"": 8, ""fresh_advantage"": -1.9323129653930664, ""fresh_local_trainability"": 0.03253531455993652, ""fresh_positive"": false, ""fresh_query_after"": 4.354694128036499, ""fresh_query_before"": 4.3872294425964355, ""fresh_utility"": -1.9074052572250366, ""max_adapters"": 8, ""reuse_profiles"": {""adapter_1"": {""feasible_both"": true, ""fold_a_harm"": -0.07752275466918945, ""fold_a_lcb"": -0.08003334371838719, ""fold_a_query_after"": 4.827290058135986, ""fold_a_utility"": -2.3222603797912598, ""fold_b_harm"": -0.0776112973690033, ""fold_b_lcb"": -0.07989339727908373, ""fold_b_query_after"": 4.802267074584961, ""fold_b_utility"": -2.4127190113067627, ""harm_lcb_max"": -0.07989339727908373, ""harm_mean"": -0.07756702601909637, ""harm_se_mean"": 0.0012226247345097363, ""harm_ucb_max"": -0.07501216561999172, ""local_trainability"": -0.0369725227355957, ""query_after"": 4.814778566360474, ""query_before"": 4.777806043624878, ""system_utility"": -2.3674896955490112}, ""default"": {""feasible_both"": true, ""fold_a_harm"": -0.015299160033464432, ""fold_a_lcb"": -0.02638810396194458, ""fold_a_query_after"": 2.486131429672241, ""fold_a_utility"": 0.01889824867248535, ""fold_b_harm"": -0.014173731207847595, ""fold_b_lcb"": -0.023683416955173016, ""fold_b_query_after"": 2.358630895614624, ""fold_b_utility"": 0.03091716766357422, ""harm_lcb_max"": -0.023683416955173016, ""harm_mean"": -0.014736445620656013, ""harm_se_mean"": 0.005254752468317747, ""harm_ucb_max"": -0.004210216104984284, ""local_trainability"": 0.024907708168029785, ""query_after"": 2.4223811626434326, ""query_before"": 2.4472888708114624, ""system_utility"": 0.024907708168029785}}, ""status"": ""ok"", ""statusquo_loss"": 2.4472888708114624, ""total_memory_budget"": 512}, ""utility_status"": ""ok""}"
47,B2,B,2,default,reuse,safe_existing_reuse,2.445281982421875,2,True,294912,1299610,0,68607207,797261,12756400,493,27.3204239171464,508328448,0.0,23.024152293102816,2.398495198925957,512,512,2.387204885482788,-1.9454810619354248,0.02075982093811035,-1.9662408828735352,False,,"{""best_reuse"": ""default"", ""best_reuse_utility"": 0.02075982093811035, ""decision"": ""reuse"", ""fresh_advantage"": -1.9662408828735352, ""fresh_positive"": false, ""fresh_utility"": -1.9454810619354248, ""full_batch_guards"": {""adapter_1"": {""crossfit_feasible"": true, ""crossfit_utility"": -2.390991687774658, ""crossfit_utility_positive"": false, ""full_batch_cur_after"": 4.75260066986084, ""full_batch_cur_before"": 4.744401931762695, ""full_batch_gain"": -0.008198738098144531, ""full_batch_harm"": -0.07457339018583298, ""full_batch_harm_lcb"": -0.07689110235776753, ""full_batch_harm_se"": 0.0011825062101706862, ""full_batch_harm_ucb"": -0.07225567801389843, ""full_batch_safe"": true}, ""default"": {""crossfit_feasible"": true, ""crossfit_utility"": 0.02075982093811035, ""crossfit_utility_positive"": true, ""full_batch_cur_after"": 2.345475435256958, ""full_batch_cur_before"": 2.387204885482788, ""full_batch_gain"": 0.04172945022583008, ""full_batch_harm"": -0.006419353187084198, ""full_batch_harm_lcb"": -0.018069693762809036, ""full_batch_harm_se"": 0.005944051314145327, ""full_batch_harm_ucb"": 0.005230987388640642, ""full_batch_safe"": true}}, ""guarded_best_reuse"": ""default"", ""num_adapters"": 2, ""pending_after"": false, ""pending_before"": false, ""policy_version"": ""cau_v1"", ""reason"": ""safe_existing_reuse"", ""utility"": {""batch_n"": 16, ""best_reuse"": ""default"", ""best_reuse_query_after"": 2.3664450645446777, ""best_reuse_utility"": 0.02075982093811035, ""budget_blocked_fresh"": false, ""defer_utility"": 0.0, ""fold_a_fresh_utility"": -2.0050911903381348, ""fold_a_query_n"": 8, ""fold_a_support_n"": 8, ""fold_b_fresh_utility"": -1.8858709335327148, ""fold_b_query_n"": 8, ""fold_b_support_n"": 8, ""fresh_advantage"": -1.9662408828735352, ""fresh_local_trainability"": 0.03481912612915039, ""fresh_positive"": false, ""fresh_query_after"": 4.332685947418213, ""fresh_query_before"": 4.367505073547363, ""fresh_utility"": -1.9454810619354248, ""max_adapters"": 8, ""reuse_profiles"": {""adapter_1"": {""feasible_both"": true, ""fold_a_harm"": -0.07783833146095276, ""fold_a_lcb"": -0.08026648830622435, ""fold_a_query_after"": 4.782362937927246, ""fold_a_utility"": -2.436349391937256, ""fold_b_harm"": -0.07808415591716766, ""fold_b_lcb"": -0.08055358853191137, ""fold_b_query_after"": 4.7740302085876465, ""fold_b_utility"": -2.3456339836120605, ""harm_lcb_max"": -0.08026648830622435, ""harm_mean"": -0.07796124368906021, ""harm_se_mean"": 0.001249385066330433, ""harm_ucb_max"": -0.07541017461568117, ""local_trainability"": -0.03379487991333008, ""query_after"": 4.778196573257446, ""query_before"": 4.744401693344116, ""system_utility"": -2.390991687774658}, ""default"": {""feasible_both"": true, ""fold_a_harm"": -0.004700496792793274, ""fold_a_lcb"": -0.01564531596377492, ""fold_a_query_after"": 2.3299198150634766, ""fold_a_utility"": 0.016093730926513672, ""fold_b_harm"": -0.008156362920999527, ""fold_b_lcb"": -0.019394262507557866, ""fold_b_query_after"": 2.402970314025879, ""fold_b_utility"": 0.02542591094970703, ""harm_lcb_max"": -0.01564531596377492, ""harm_mean"": -0.0064284298568964005, ""harm_se_mean"": 0.005658856825903058, ""harm_ucb_max"": 0.006244322378188371, ""local_trainability"": 0.02075982093811035, ""query_after"": 2.3664450645446777, ""query_before"": 2.387204885482788, ""system_utility"": 0.02075982093811035}}, ""status"": ""ok"", ""statusquo_loss"": 2.387204885482788, ""total_memory_budget"": 512}, ""utility_status"": ""ok""}"
48,B2,B,2,default,reuse,safe_existing_reuse,2.4009110927581787,2,True,294912,1299610,0,68607207,797261,12756400,493,27.989543080097064,508328448,0.0,23.6868889790494,2.398495198925957,512,512,2.401555611537053,-1.9227446776169996,0.009198317160973182,-1.9319429947779727,False,,"{""best_reuse"": ""default"", ""best_reuse_utility"": 0.009198317160973182, ""decision"": ""reuse"", ""fresh_advantage"": -1.9319429947779727, ""fresh_positive"": false, ""fresh_utility"": -1.9227446776169996, ""full_batch_guards"": {""adapter_1"": {""crossfit_feasible"": true, ""crossfit_utility"": -2.374061547792875, ""crossfit_utility_positive"": false, ""full_batch_cur_after"": 4.755762577056885, ""full_batch_cur_before"": 4.7465901374816895, ""full_batch_gain"": -0.009172439575195312, ""full_batch_harm"": -0.07563857734203339, ""full_batch_harm_lcb"": -0.0780906046135351, ""full_batch_harm_se"": 0.001251034322194755, ""full_batch_harm_ucb"": -0.07318655007053167, ""full_batch_safe"": true}, ""default"": {""crossfit_feasible"": true, ""crossfit_utility"": 0.009198317160973182, ""crossfit_utility_positive"": true, ""full_batch_cur_after"": 2.3751251697540283, ""full_batch_cur_before"": 2.4015557765960693, ""full_batch_gain"": 0.026430606842041016, ""full_batch_harm"": -0.015210259705781937, ""full_batch_harm_lcb"": -0.0261657327786088, ""full_batch_harm_se"": 0.005589527077972889, ""full_batch_harm_ucb"": -0.004254786632955074, ""full_batch_safe"": true}}, ""guarded_best_reuse"": ""default"", ""num_adapters"": 2, ""pending_after"": false, ""pending_before"": false, ""policy_version"": ""cau_v1"", ""reason"": ""safe_existing_reuse"", ""utility"": {""batch_n"": 13, ""best_reuse"": ""default"", ""best_reuse_query_after"": 2.39235729437608, ""best_reuse_utility"": 0.009198317160973182, ""budget_blocked_fresh"": false, ""defer_utility"": 0.0, ""fold_a_fresh_utility"": -1.969949722290039, ""fold_a_query_n"": 6, ""fold_a_support_n"": 7, ""fold_b_fresh_utility"": -1.8822832107543945, ""fold_b_query_n"": 7, ""fold_b_support_n"": 6, ""fresh_advantage"": -1.9319429947779727, ""fresh_local_trainability"": 0.05132202001718374, ""fresh_positive"": false, ""fresh_query_after"": 4.324300289154053, ""fresh_query_before"": 4.375622309171236, ""fresh_utility"": -1.9227446776169996, ""max_adapters"": 8, ""reuse_profiles"": {""adapter_1"": {""feasible_both"": true, ""fold_a_harm"": -0.07660244405269623, ""fold_a_lcb"": -0.07883776075672358, ""fold_a_query_after"": 4.780590057373047, ""fold_a_utility"": -2.4117932319641113, ""fold_b_harm"": -0.07764029502868652, ""fold_b_lcb"": -0.08011888016015291, ""fold_b_query_after"": 4.771354675292969, ""fold_b_utility"": -2.3417201042175293, ""harm_lcb_max"": -0.07883776075672358, ""harm_mean"": -0.07712136954069138, ""harm_se_mean"": 0.0012025259784422815, ""harm_ucb_max"": -0.07436712734866888, ""local_trainability"": -0.029027388646052435, ""query_after"": 4.7756171593299275, ""query_before"": 4.746589770683875, ""system_utility"": -2.374061547792875}, ""default"": {""feasible_both"": true, ""fold_a_harm"": -0.012989342212677002, ""fold_a_lcb"": -0.02523219780996442, ""fold_a_query_after"": 2.373178720474243, ""fold_a_utility"": -0.004381895065307617, ""fold_b_harm"": -0.014889068901538849, ""fold_b_lcb"": -0.023859361279755832, ""fold_b_query_after"": 2.4087960720062256, ""fold_b_utility"": 0.020838499069213867, ""harm_lcb_max"": -0.023859361279755832, ""harm_mean"": -0.013939205557107925, ""harm_se_mean"": 0.0054115173406898975, ""harm_ucb_max"": -0.0007464866153895858, ""local_trainability"": 0.009198317160973182, ""query_after"": 2.39235729437608, ""query_before"": 2.401555611537053, ""system_utility"": 0.009198317160973182}}, ""status"": ""ok"", ""statusquo_loss"": 2.401555611537053, ""total_memory_budget"": 512}, ""utility_status"": ""ok""}"
49,C1,C,1,adapter_1,reuse,pending_fresh_safe_existing_reuse,4.676146030426025,2,True,294912,1299610,0,68607207,797261,12756400,509,29.99640492699109,523504640,0.0,24.360970291076228,3.7252515158616006,512,512,7.073659896850586,2.7031850814819336,2.3533833026885986,0.34980177879333496,True,,"{""best_reuse"": ""adapter_1"", ""best_reuse_utility"": 2.3533833026885986, ""decision"": ""reuse"", ""fresh_advantage"": 0.34980177879333496, ""fresh_positive"": true, ""fresh_utility"": 2.7031850814819336, ""full_batch_guards"": {""adapter_1"": {""crossfit_feasible"": true, ""crossfit_utility"": 2.3533833026885986, ""crossfit_utility_positive"": true, ""full_batch_cur_after"": 4.683660507202148, ""full_batch_cur_before"": 4.678200721740723, ""full_batch_gain"": -0.005459785461425781, ""full_batch_harm"": -0.07604679465293884, ""full_batch_harm_lcb"": -0.07855119493789971, ""full_batch_harm_se"": 0.0012777552474290133, ""full_batch_harm_ucb"": -0.07354239436797798, ""full_batch_safe"": true}, ""default"": {""crossfit_feasible"": true, ""crossfit_utility"": 0.005578041076660156, ""crossfit_utility_positive"": true, ""full_batch_cur_after"": 6.994243144989014, ""full_batch_cur_before"": 7.073659896850586, ""full_batch_gain"": 0.07941675186157227, ""full_batch_harm"": 0.005072750151157379, ""full_batch_harm_lcb"": -0.005546413566917182, ""full_batch_harm_se"": 0.0054179406724870205, ""full_batch_harm_ucb"": 0.015691913869231938, ""full_batch_safe"": true}}, ""guarded_best_reuse"": ""adapter_1"", ""num_adapters"": 2, ""pending_after"": true, ""pending_before"": false, ""policy_version"": ""cau_v1"", ""reason"": ""pending_fresh_safe_existing_reuse"", ""utility"": {""batch_n"": 16, ""best_reuse"": ""adapter_1"", ""best_reuse_query_after"": 4.720276594161987, ""best_reuse_utility"": 2.3533833026885986, ""budget_blocked_fresh"": false, ""defer_utility"": 0.0, ""fold_a_fresh_utility"": 2.698298454284668, ""fold_a_query_n"": 8, ""fold_a_support_n"": 8, ""fold_b_fresh_utility"": 2.708071708679199, ""fold_b_query_n"": 8, ""fold_b_support_n"": 8, ""fresh_advantage"": 0.34980177879333496, ""fresh_local_trainability"": 0.011190414428710938, ""fresh_positive"": true, ""fresh_query_after"": 4.370474815368652, ""fresh_query_before"": 4.381665229797363, ""fresh_utility"": 2.7031850814819336, ""max_adapters"": 8, ""reuse_profiles"": {""adapter_1"": {""feasible_both"": true, ""fold_a_harm"": -0.07921202480792999, ""fold_a_lcb"": -0.08207701376173646, ""fold_a_query_after"": 4.709012508392334, ""fold_a_utility"": 2.3408570289611816, ""fold_b_harm"": -0.07730472087860107, ""fold_b_lcb"": -0.07983779898844659, ""fold_b_query_after"": 4.731540679931641, ""fold_b_utility"": 2.3659095764160156, ""harm_lcb_max"": -0.07983779898844659, ""harm_mean"": -0.07825837284326553, ""harm_se_mean"": 0.001377057924401015, ""harm_ucb_max"": -0.07477164276875556, ""local_trainability"": -0.04207563400268555, ""query_after"": 4.720276594161987, ""query_before"": 4.678200960159302, ""system_utility"": 2.3533833026885986}, ""default"": {""feasible_both"": true, ""fold_a_harm"": 0.002883605659008026, ""fold_a_lcb"": -0.007340928334742784, ""fold_a_query_after"": 7.0485334396362305, ""fold_a_utility"": 0.0013360977172851562, ""fold_b_harm"": 0.004866672679781914, ""fold_b_lcb"": -0.005764354262501001, ""fold_b_query_after"": 7.087630271911621, ""fold_b_utility"": 0.009819984436035156, ""harm_lcb_max"": -0.005764354262501001, ""harm_mean"": 0.00387513916939497, ""harm_se_mean"": 0.005320296157151461, ""harm_ucb_max"": 0.015497699622064829, ""local_trainability"": 0.005578041076660156, ""query_after"": 7.068081855773926, ""query_before"": 7.073659896850586, ""system_utility"": 0.005578041076660156}}, ""status"": ""ok"", ""statusquo_loss"": 7.073659896850586, ""total_memory_budget"": 512}, ""utility_status"": ""ok""}"
50,C1,C,1,adapter_2,spawn,confirmed_fresh,4.374104022979736,3,True,442368,1949415,0,69404468,797261,19134600,356,30.566368898143992,523504640,0.0,24.924583894899115,3.7252515158616006,512,510,4.639808654785156,0.3469560146331787,0.008875370025634766,0.33808064460754395,True,,"{""best_reuse"": ""adapter_1"", ""best_reuse_utility"": 0.008875370025634766, ""decision"": ""spawn"", ""fresh_advantage"": 0.33808064460754395, ""fresh_positive"": true, ""fresh_utility"": 0.3469560146331787, ""full_batch_guards"": {}, ""guarded_best_reuse"": null, ""num_adapters"": 3, ""pending_after"": false, ""pending_before"": true, ""policy_version"": ""cau_v1"", ""reason"": ""confirmed_fresh"", ""utility"": {""batch_n"": 16, ""best_reuse"": ""adapter_1"", ""best_reuse_query_after"": 4.6309332847595215, ""best_reuse_utility"": 0.008875370025634766, ""budget_blocked_fresh"": false, ""defer_utility"": 0.0, ""fold_a_fresh_utility"": 0.3693428039550781, ""fold_a_query_n"": 8, ""fold_a_support_n"": 8, ""fold_b_fresh_utility"": 0.3245692253112793, ""fold_b_query_n"": 8, ""fold_b_support_n"": 8, ""fresh_advantage"": 0.33808064460754395, ""fresh_local_trainability"": 0.061896562576293945, ""fresh_positive"": true, ""fresh_query_after"": 4.2928526401519775, ""fresh_query_before"": 4.3547492027282715, ""fresh_utility"": 0.3469560146331787, ""max_adapters"": 8, ""reuse_profiles"": {""adapter_1"": {""feasible_both"": true, ""fold_a_harm"": -0.06154554337263107, ""fold_a_lcb"": -0.06489859361201525, ""fold_a_query_after"": 4.667197227478027, ""fold_a_utility"": 0.006968021392822266, ""fold_b_harm"": -0.059257492423057556, ""fold_b_lcb"": -0.06258444366045296, ""fold_b_query_after"": 4.594669342041016, ""fold_b_utility"": 0.010782718658447266, ""harm_lcb_max"": -0.06258444366045296, ""harm_mean"": -0.060401517897844315, ""harm_se_mean"": 0.001704082009382546, ""harm_ucb_max"": -0.05593054118566215, ""local_trainability"": 0.008875370025634766, ""query_after"": 4.6309332847595215, ""query_before"": 4.639808654785156, ""system_utility"": 0.008875370025634766}, ""default"": {""feasible_both"": true, ""fold_a_harm"": 0.003921905532479286, ""fold_a_lcb"": -0.006650031637400388, ""fold_a_query_after"": 7.099109172821045, ""fold_a_utility"": -2.4249439239501953, ""fold_b_harm"": 0.0033615827560424805, ""fold_b_lcb"": -0.0070126279257237915, ""fold_b_query_after"": 6.919337749481201, ""fold_b_utility"": -2.3138856887817383, ""harm_lcb_max"": -0.006650031637400388, ""harm_mean"": 0.0036417441442608833, ""harm_se_mean"": 0.0053434050641953945, ""harm_ucb_max"": 0.01449384270235896, ""local_trainability"": 0.03277254104614258, ""query_after"": 7.009223461151123, ""query_before"": 7.041996002197266, ""system_utility"": -2.369414806365967}}, ""status"": ""ok"", ""statusquo_loss"": 4.639808654785156, ""total_memory_budget"": 512}, ""utility_status"": ""ok""}"
51,C1,C,1,adapter_2,warmup,existing_warmup,4.34202766418457,3,True,442368,1949415,0,69404468,797261,19134600,372,30.600096548208967,523504640,0.0,24.951926636742428,3.7252515158616006,512,510,,,,,,,"{""best_reuse"": null, ""best_reuse_utility"": null, ""decision"": ""warmup"", ""fresh_positive"": null, ""fresh_utility"": null, ""full_batch_guards"": {}, ""guarded_best_reuse"": null, ""num_adapters"": 3, ""pending_after"": false, ""pending_before"": false, ""policy_version"": ""cau_v1"", ""reason"": ""existing_warmup"", ""utility_status"": ""warmup""}"
52,C1,C,1,adapter_2,warmup,existing_warmup,4.271542549133301,3,True,442368,1949415,0,69404468,797261,19134600,388,30.63186135306023,523504640,0.0,24.977883509593084,3.7252515158616006,512,510,,,,,,,"{""best_reuse"": null, ""best_reuse_utility"": null, ""decision"": ""warmup"", ""fresh_positive"": null, ""fresh_utility"": null, ""full_batch_guards"": {}, ""guarded_best_reuse"": null, ""num_adapters"": 3, ""pending_after"": false, ""pending_before"": false, ""policy_version"": ""cau_v1"", ""reason"": ""existing_warmup"", ""utility_status"": ""warmup""}"
53,C1,C,1,adapter_2,warmup,existing_warmup,4.205746650695801,3,True,442368,1949415,0,69404468,797261,19134600,404,30.66591929201968,523504640,0.0,25.0058398086112,3.7252515158616006,512,510,,,,,,,"{""best_reuse"": null, ""best_reuse_utility"": null, ""decision"": ""warmup"", ""fresh_positive"": null, ""fresh_utility"": null, ""full_batch_guards"": {}, ""guarded_best_reuse"": null, ""num_adapters"": 3, ""pending_after"": false, ""pending_before"": false, ""policy_version"": ""cau_v1"", ""reason"": ""existing_warmup"", ""utility_status"": ""warmup""}"
54,C1,C,1,adapter_2,reuse,safe_existing_reuse,4.139816761016846,3,True,442368,1949415,0,69404468,797261,19134600,420,31.598947179038078,523504640,0.0,25.923014713684097,3.7252515158616006,512,510,4.115693807601929,-0.20966720581054688,0.05927681922912598,-0.26894402503967285,False,,"{""best_reuse"": ""adapter_2"", ""best_reuse_utility"": 0.05927681922912598, ""decision"": ""reuse"", ""fresh_advantage"": -0.26894402503967285, ""fresh_positive"": false, ""fresh_utility"": -0.20966720581054688, ""full_batch_guards"": {""adapter_1"": {""crossfit_feasible"": true, ""crossfit_utility"": -0.5680382251739502, ""crossfit_utility_positive"": false, ""full_batch_cur_after"": 4.666770935058594, ""full_batch_cur_before"": 4.685952186584473, ""full_batch_gain"": 0.019181251525878906, ""full_batch_harm"": -0.05994671583175659, ""full_batch_harm_lcb"": -0.06279832580126822, ""full_batch_harm_se"": 0.001454903045669198, ""full_batch_harm_ucb"": -0.05709510586224496, ""full_batch_safe"": true}, ""adapter_2"": {""crossfit_feasible"": true, ""crossfit_utility"": 0.05927681922912598, ""crossfit_utility_positive"": true, ""full_batch_cur_after"": 4.041171073913574, ""full_batch_cur_before"": 4.115694046020508, ""full_batch_gain"": 0.0745229721069336, ""full_batch_harm"": -0.06441916525363922, ""full_batch_harm_lcb"": -0.06935764213092625, ""full_batch_harm_se"": 0.0025196310598403215, ""full_batch_harm_ucb"": -0.05948068837635219, ""full_batch_safe"": true}, ""default"": {""crossfit_feasible"": true, ""crossfit_utility"": -2.764732837677002, ""crossfit_utility_positive"": false, ""full_batch_cur_after"": 6.832272529602051, ""full_batch_cur_before"": 6.8872222900390625, ""full_batch_gain"": 0.05494976043701172, ""full_batch_harm"": 0.0010038185864686966, ""full_batch_harm_lcb"": -0.008462128937244415, ""full_batch_harm_se"": 0.004829565063118935, ""full_batch_harm_ucb"": 0.010469766110181808, ""full_batch_safe"": true}}, ""guarded_best_reuse"": ""adapter_2"", ""num_adapters"": 3, ""pending_after"": false, ""pending_before"": false, ""policy_version"": ""cau_v1"", ""reason"": ""safe_existing_reuse"", ""utility"": {""batch_n"": 16, ""best_reuse"": ""adapter_2"", ""best_reuse_query_after"": 4.056416988372803, ""best_reuse_utility"": 0.05927681922912598, ""budget_blocked_fresh"": false, ""defer_utility"": 0.0, ""fold_a_fresh_utility"": -0.18999576568603516, ""fold_a_query_n"": 8, ""fold_a_support_n"": 8, ""fold_b_fresh_utility"": -0.2293386459350586, ""fold_b_query_n"": 8, ""fold_b_support_n"": 8, ""fresh_advantage"": -0.26894402503967285, ""fresh_local_trainability"": 0.03907370567321777, ""fresh_positive"": false, ""fresh_query_after"": 4.325361013412476, ""fresh_query_before"": 4.364434719085693, ""fresh_utility"": -0.20966720581054688, ""max_adapters"": 8, ""reuse_profiles"": {""adapter_1"": {""feasible_both"": true, ""fold_a_harm"": -0.06003518030047417, ""fold_a_lcb"": -0.06293798773083836, ""fold_a_query_after"": 4.691929817199707, ""fold_a_utility"": -0.5805048942565918, ""fold_b_harm"": -0.06367277354001999, ""fold_b_lcb"": -0.0667307347478345, ""fold_b_query_after"": 4.675534248352051, ""fold_b_utility"": -0.5555715560913086, ""harm_lcb_max"": -0.06293798773083836, ""harm_mean"": -0.06185397692024708, ""harm_se_mean"": 0.0015206042444333434, ""harm_ucb_max"": -0.05713237287010998, ""local_trainability"": 0.0022203922271728516, ""query_after"": 4.683732032775879, ""query_before"": 4.685952425003052, ""system_utility"": -0.5680382251739502}, ""adapter_2"": {""feasible_both"": true, ""fold_a_harm"": -0.06427785754203796, ""fold_a_lcb"": -0.06959616979584098, ""fold_a_query_after"": 4.052258014678955, ""fold_a_utility"": 0.059166908264160156, ""fold_b_harm"": -0.060465145856142044, ""fold_b_lcb"": -0.06556526441127061, ""fold_b_query_after"": 4.06057596206665, ""fold_b_utility"": 0.0593867301940918, ""harm_lcb_max"": -0.06556526441127061, ""harm_mean"": -0.062371501699090004, ""harm_se_mean"": 0.00265776296146214, ""harm_ucb_max"": -0.05536502730101347, ""local_trainability"": 0.05927681922912598, ""query_after"": 4.056416988372803, ""query_before"": 4.115693807601929, ""system_utility"": 0.05927681922912598}, ""default"": {""feasible_both"": true, ""fold_a_harm"": 0.0010040570050477982, ""fold_a_lcb"": -0.008667069170624018, ""fold_a_query_after"": 6.725564479827881, ""fold_a_utility"": -2.6141395568847656, ""fold_b_harm"": -0.0005254745483398438, ""fold_b_lcb"": -0.0098305949755013, ""fold_b_query_after"": 7.0352888107299805, ""fold_b_utility"": -2.9153261184692383, ""harm_lcb_max"": -0.008667069170624018, ""harm_mean"": 0.0002392912283539772, ""harm_se_mean"": 0.004840879235416651, ""harm_ucb_max"": 0.010675183180719614, ""local_trainability"": 0.0067958831787109375, ""query_after"": 6.880426645278931, ""query_before"": 6.887222528457642, ""system_utility"": -2.764732837677002}}, ""status"": ""ok"", ""statusquo_loss"": 4.115693807601929, ""total_memory_budget"": 512}, ""utility_status"": ""ok""}"
55,C1,C,1,adapter_2,reuse,safe_existing_reuse,4.100682258605957,3,True,442368,1949415,0,69404468,797261,19134600,436,32.503200714010745,523504640,0.0,26.820261413697153,3.7252515158616006,512,510,4.064988136291504,-0.2496347427368164,0.05337810516357422,-0.3030128479003906,False,,"{""best_reuse"": ""adapter_2"", ""best_reuse_utility"": 0.05337810516357422, ""decision"": ""reuse"", ""fresh_advantage"": -0.3030128479003906, ""fresh_positive"": false, ""fresh_utility"": -0.2496347427368164, ""full_batch_guards"": {""adapter_1"": {""crossfit_feasible"": true, ""crossfit_utility"": -0.5691144466400146, ""crossfit_utility_positive"": false, ""full_batch_cur_after"": 4.617422103881836, ""full_batch_cur_before"": 4.631503582000732, ""full_batch_gain"": 0.014081478118896484, ""full_batch_harm"": -0.05975453928112984, ""full_batch_harm_lcb"": -0.06208021290134638, ""full_batch_harm_se"": 0.0011865681735798717, ""full_batch_harm_ucb"": -0.05742886566091329, ""full_batch_safe"": true}, ""adapter_2"": {""crossfit_feasible"": true, ""crossfit_utility"": 0.05337810516357422, ""crossfit_utility_positive"": true, ""full_batch_cur_after"": 4.000270843505859, ""full_batch_cur_before"": 4.064988136291504, ""full_batch_gain"": 0.06471729278564453, ""full_batch_harm"": -0.06592392176389694, ""full_batch_harm_lcb"": -0.0702248927205801, ""full_batch_harm_se"": 0.0021943729370832443, ""full_batch_harm_ucb"": -0.061622950807213785, ""full_batch_safe"": true}, ""default"": {""crossfit_feasible"": true, ""crossfit_utility"": -2.940070629119873, ""crossfit_utility_positive"": false, ""full_batch_cur_after"": 6.948093414306641, ""full_batch_cur_before"": 6.991046905517578, ""full_batch_gain"": 0.0429534912109375, ""full_batch_harm"": 0.0005253944545984268, ""full_batch_harm_lcb"": -0.00862349521368742, ""full_batch_harm_se"": 0.004667800851166248, ""full_batch_harm_ucb"": 0.009674284122884274, ""full_batch_safe"": true}}, ""guarded_best_reuse"": ""adapter_2"", ""num_adapters"": 3, ""pending_after"": false, ""pending_before"": false, ""policy_version"": ""cau_v1"", ""reason"": ""safe_existing_reuse"", ""utility"": {""batch_n"": 16, ""best_reuse"": ""adapter_2"", ""best_reuse_query_after"": 4.01161003112793, ""best_reuse_utility"": 0.05337810516357422, ""budget_blocked_fresh"": false, ""defer_utility"": 0.0, ""fold_a_fresh_utility"": -0.2417163848876953, ""fold_a_query_n"": 8, ""fold_a_support_n"": 8, ""fold_b_fresh_utility"": -0.2575531005859375, ""fold_b_query_n"": 8, ""fold_b_support_n"": 8, ""fresh_advantage"": -0.3030128479003906, ""fresh_local_trainability"": 0.02825021743774414, ""fresh_positive"": false, ""fresh_query_after"": 4.31462287902832, ""fresh_query_before"": 4.3428730964660645, ""fresh_utility"": -0.2496347427368164, ""max_adapters"": 8, ""reuse_profiles"": {""adapter_1"": {""feasible_both"": true, ""fold_a_harm"": -0.06184252351522446, ""fold_a_lcb"": -0.06461444461718202, ""fold_a_query_after"": 4.634671211242676, ""fold_a_utility"": -0.5359716415405273, ""fold_b_harm"": -0.06144055351614952, ""fold_b_lcb"": -0.06387088417541235, ""fold_b_query_after"": 4.633533954620361, ""fold_b_utility"": -0.602257251739502, ""harm_lcb_max"": -0.06387088417541235, ""harm_mean"": -0.06164153851568699, ""harm_se_mean"": 0.001327105041127652, ""harm_ucb_max"": -0.05901022285688669, ""local_trainability"": -0.002599000930786133, ""query_after"": 4.6341025829315186, ""query_before"": 4.631503582000732, ""system_utility"": -0.5691144466400146}, ""adapter_2"": {""feasible_both"": true, ""fold_a_harm"": -0.06463956087827682, ""fold_a_lcb"": -0.06946554020047188, ""fold_a_query_after"": 4.0464701652526855, ""fold_a_utility"": 0.05222940444946289, ""fold_b_harm"": -0.06286677718162537, ""fold_b_lcb"": -0.06709478310309351, ""fold_b_query_after"": 3.976749897003174, ""fold_b_utility"": 0.05452680587768555, ""harm_lcb_max"": -0.06709478310309351, ""harm_mean"": -0.0637531690299511, ""harm_se_mean"": 0.0023096901131793857, ""harm_ucb_max"": -0.05863877126015723, ""local_trainability"": 0.05337810516357422, ""query_after"": 4.01161003112793, ""query_before"": 4.064988136291504, ""system_utility"": 0.05337810516357422}, ""default"": {""feasible_both"": true, ""fold_a_harm"": -0.0020635444670915604, ""fold_a_lcb"": -0.01149075260385871, ""fold_a_query_after"": 7.0812530517578125, ""fold_a_utility"": -2.982553482055664, ""fold_b_harm"": 0.0010198112577199936, ""fold_b_lcb"": -0.008332085758447646, ""fold_b_query_after"": 6.928864479064941, ""fold_b_utility"": -2.897587776184082, ""harm_lcb_max"": -0.008332085758447646, ""harm_mean"": -0.0005218666046857834, ""harm_se_mean"": 0.004790588049218059, ""harm_ucb_max"": 0.010371708273887633, ""local_trainability"": -0.014012336730957031, ""query_after"": 7.005058765411377, ""query_before"": 6.99104642868042, ""system_utility"": -2.940070629119873}}, ""status"": ""ok"", ""statusquo_loss"": 4.064988136291504, ""total_memory_budget"": 512}, ""utility_status"": ""ok""}"
56,C1,C,1,adapter_2,reuse,safe_existing_reuse,4.05147123336792,3,True,442368,1949415,0,69404468,797261,19134600,452,33.39803145616315,523504640,0.0,27.708465901669115,3.7252515158616006,512,510,4.0512776374816895,-0.2702169418334961,0.06114482879638672,-0.3313617706298828,False,,"{""best_reuse"": ""adapter_2"", ""best_reuse_utility"": 0.06114482879638672, ""decision"": ""reuse"", ""fresh_advantage"": -0.3313617706298828, ""fresh_positive"": false, ""fresh_utility"": -0.2702169418334961, ""full_batch_guards"": {""adapter_1"": {""crossfit_feasible"": true, ""crossfit_utility"": -0.6445820331573486, ""crossfit_utility_positive"": false, ""full_batch_cur_after"": 4.684054851531982, ""full_batch_cur_before"": 4.698786735534668, ""full_batch_gain"": 0.014731884002685547, ""full_batch_harm"": -0.05935482308268547, ""full_batch_harm_lcb"": -0.06168914655223489, ""full_batch_harm_se"": 0.001190981362015009, ""full_batch_harm_ucb"": -0.05702049961313605, ""full_batch_safe"": true}, ""adapter_2"": {""crossfit_feasible"": true, ""crossfit_utility"": 0.06114482879638672, ""crossfit_utility_positive"": true, ""full_batch_cur_after"": 3.9824650287628174, ""full_batch_cur_before"": 4.0512776374816895, ""full_batch_gain"": 0.06881260871887207, ""full_batch_harm"": -0.06407733261585236, ""full_batch_harm_lcb"": -0.06837099926546215, ""full_batch_harm_se"": 0.0021906462498009205, ""full_batch_harm_ucb"": -0.05978366596624255, ""full_batch_safe"": true}, ""default"": {""crossfit_feasible"": true, ""crossfit_utility"": -2.8428516387939453, ""crossfit_utility_positive"": false, ""full_batch_cur_after"": 6.85642671585083, ""full_batch_cur_before"": 6.934374809265137, ""full_batch_gain"": 0.07794809341430664, ""full_batch_harm"": 0.0018313024193048477, ""full_batch_harm_lcb"": -0.007570819351822137, ""full_batch_harm_se"": 0.004797000903636217, ""full_batch_harm_ucb"": 0.011233424190431832, ""full_batch_safe"": true}}, ""guarded_best_reuse"": ""adapter_2"", ""num_adapters"": 3, ""pending_after"": false, ""pending_before"": false, ""policy_version"": ""cau_v1"", ""reason"": ""safe_existing_reuse"", ""utility"": {""batch_n"": 16, ""best_reuse"": ""adapter_2"", ""best_reuse_query_after"": 3.9901328086853027, ""best_reuse_utility"": 0.06114482879638672, ""budget_blocked_fresh"": false, ""defer_utility"": 0.0, ""fold_a_fresh_utility"": -0.2841663360595703, ""fold_a_query_n"": 8, ""fold_a_support_n"": 8, ""fold_b_fresh_utility"": -0.2562675476074219, ""fold_b_query_n"": 8, ""fold_b_support_n"": 8, ""fresh_advantage"": -0.3313617706298828, ""fresh_local_trainability"": 0.051140785217285156, ""fresh_positive"": false, ""fresh_query_after"": 4.3214945793151855, ""fresh_query_before"": 4.372635364532471, ""fresh_utility"": -0.2702169418334961, ""max_adapters"": 8, ""reuse_profiles"": {""adapter_1"": {""feasible_both"": true, ""fold_a_harm"": -0.060947563499212265, ""fold_a_lcb"": -0.06315686197485774, ""fold_a_query_after"": 4.688451766967773, ""fold_a_utility"": -0.6503372192382812, ""fold_b_harm"": -0.06042098253965378, ""fold_b_lcb"": -0.06329518698621542, ""fold_b_query_after"": 4.703267574310303, ""fold_b_utility"": -0.638826847076416, ""harm_lcb_max"": -0.06315686197485774, ""harm_mean"": -0.06068427301943302, ""harm_se_mean"": 0.0012968119699507952, ""harm_ucb_max"": -0.057546778093092145, ""local_trainability"": 0.0029273033142089844, ""query_after"": 4.695859670639038, ""query_before"": 4.698786973953247, ""system_utility"": -0.6445820331573486}, ""adapter_2"": {""feasible_both"": true, ""fold_a_harm"": -0.06169740855693817, ""fold_a_lcb"": -0.06573343523778022, ""fold_a_query_after"": 3.973346710205078, ""fold_a_utility"": 0.06476783752441406, ""fold_b_harm"": -0.06294725090265274, ""fold_b_lcb"": -0.06753629796206952, ""fold_b_query_after"": 4.006918907165527, ""fold_b_utility"": 0.057521820068359375, ""harm_lcb_max"": -0.06573343523778022, ""harm_mean"": -0.062322329729795456, ""harm_se_mean"": 0.00220027391333133, ""harm_ucb_max"": -0.05766138187609613, ""local_trainability"": 0.06114482879638672, ""query_after"": 3.9901328086853027, ""query_before"": 4.0512776374816895, ""system_utility"": 0.06114482879638672}, ""default"": {""feasible_both"": true, ""fold_a_harm"": 0.0010752473026514053, ""fold_a_lcb"": -0.008332706596702337, ""fold_a_query_after"": 6.815141677856445, ""fold_a_utility"": -2.777027130126953, ""fold_b_harm"": 0.0009488798677921295, ""fold_b_lcb"": -0.008485680948942899, ""fold_b_query_after"": 6.973116874694824, ""fold_b_utility"": -2.9086761474609375, ""harm_lcb_max"": -0.008332706596702337, ""harm_mean"": 0.0010120635852217674, ""harm_se_mean"": 0.004806763958185911, ""harm_ucb_max"": 0.010483201202005148, ""local_trainability"": 0.040245771408081055, ""query_after"": 6.894129276275635, ""query_before"": 6.934375047683716, ""system_utility"": -2.8428516387939453}}, ""status"": ""ok"", ""statusquo_loss"": 4.0512776374816895, ""total_memory_budget"": 512}, ""utility_status"": ""ok""}"
57,C1,C,1,adapter_2,reuse,safe_existing_reuse,3.96374773979187,3,True,442368,1949415,0,69404468,797261,19134600,468,34.2671669931151,523504640,0.0,28.571004714583978,3.7252515158616006,512,510,3.958413243293762,-0.3094414472579956,0.06474268436431885,-0.37418413162231445,False,,"{""best_reuse"": ""adapter_2"", ""best_reuse_utility"": 0.06474268436431885, ""decision"": ""reuse"", ""fresh_advantage"": -0.37418413162231445, ""fresh_positive"": false, ""fresh_utility"": -0.3094414472579956, ""full_batch_guards"": {""adapter_1"": {""crossfit_feasible"": true, ""crossfit_utility"": -0.6819182634353638, ""crossfit_utility_positive"": false, ""full_batch_cur_after"": 4.622030258178711, ""full_batch_cur_before"": 4.63446044921875, ""full_batch_gain"": 0.012430191040039062, ""full_batch_harm"": -0.06076866388320923, ""full_batch_harm_lcb"": -0.06351146746892482, ""full_batch_harm_se"": 0.0013993895845487714, ""full_batch_harm_ucb"": -0.05802586029749364, ""full_batch_safe"": true}, ""adapter_2"": {""crossfit_feasible"": true, ""crossfit_utility"": 0.06474268436431885, ""crossfit_utility_positive"": true, ""full_batch_cur_after"": 3.8838324546813965, ""full_batch_cur_before"": 3.9584131240844727, ""full_batch_gain"": 0.07458066940307617, ""full_batch_harm"": -0.0680403858423233, ""full_batch_harm_lcb"": -0.07217641435563564, ""full_batch_harm_se"": 0.0021102186292409897, ""full_batch_harm_ucb"": -0.06390435732901097, ""full_batch_safe"": true}, ""default"": {""crossfit_feasible"": true, ""crossfit_utility"": -2.7867249250411987, ""crossfit_utility_positive"": false, ""full_batch_cur_after"": 6.701743125915527, ""full_batch_cur_before"": 6.783890247344971, ""full_batch_gain"": 0.08214712142944336, ""full_batch_harm"": 0.0010718107223510742, ""full_batch_harm_lcb"": -0.008290191665291786, ""full_batch_harm_se"": 0.004776531830430031, ""full_batch_harm_ucb"": 0.010433813109993934, ""full_batch_safe"": true}}, ""guarded_best_reuse"": ""adapter_2"", ""num_adapters"": 3, ""pending_after"": false, ""pending_before"": false, ""policy_version"": ""cau_v1"", ""reason"": ""safe_existing_reuse"", ""utility"": {""batch_n"": 16, ""best_reuse"": ""adapter_2"", ""best_reuse_query_after"": 3.8936705589294434, ""best_reuse_utility"": 0.06474268436431885, ""budget_blocked_fresh"": false, ""defer_utility"": 0.0, ""fold_a_fresh_utility"": -0.3168172836303711, ""fold_a_query_n"": 8, ""fold_a_support_n"": 8, ""fold_b_fresh_utility"": -0.3020656108856201, ""fold_b_query_n"": 8, ""fold_b_support_n"": 8, ""fresh_advantage"": -0.37418413162231445, ""fresh_local_trainability"": 0.051651716232299805, ""fresh_positive"": false, ""fresh_query_after"": 4.267854690551758, ""fresh_query_before"": 4.319506406784058, ""fresh_utility"": -0.3094414472579956, ""max_adapters"": 8, ""reuse_profiles"": {""adapter_1"": {""feasible_both"": true, ""fold_a_harm"": -0.06107601895928383, ""fold_a_lcb"": -0.06383827917277812, ""fold_a_query_after"": 4.5558695793151855, ""fold_a_utility"": -0.6174454689025879, ""fold_b_harm"": -0.06215060502290726, ""fold_b_lcb"": -0.06498406078200787, ""fold_b_query_after"": 4.724793434143066, ""fold_b_utility"": -0.7463910579681396, ""harm_lcb_max"": -0.06383827917277812, ""harm_mean"": -0.06161331199109554, ""harm_se_mean"": 0.0014274785644374788, ""harm_ucb_max"": -0.05831375874578953, ""local_trainability"": -0.0058710575103759766, ""query_after"": 4.640331506729126, ""query_before"": 4.63446044921875, ""system_utility"": -0.6819182634353638}, ""adapter_2"": {""feasible_both"": true, ""fold_a_harm"": -0.06649734079837799, ""fold_a_lcb"": -0.07048461535945534, ""fold_a_query_after"": 3.869837522506714, ""fold_a_utility"": 0.06858658790588379, ""fold_b_harm"": -0.06650933623313904, ""fold_b_lcb"": -0.07086480701342225, ""fold_b_query_after"": 3.917503595352173, ""fold_b_utility"": 0.060898780822753906, ""harm_lcb_max"": -0.07048461535945534, ""harm_mean"": -0.06650333851575851, ""harm_se_mean"": 0.002128251362591982, ""harm_ucb_max"": -0.062153865452855825, ""local_trainability"": 0.06474268436431885, ""query_after"": 3.8936705589294434, ""query_before"": 3.958413243293762, ""system_utility"": 0.06474268436431885}, ""default"": {""feasible_both"": true, ""fold_a_harm"": 0.00029593147337436676, ""fold_a_lcb"": -0.008948604185134173, ""fold_a_query_after"": 6.669844150543213, ""fold_a_utility"": -2.7314200401306152, ""fold_b_harm"": 0.0006113871932029724, ""fold_b_lcb"": -0.008871821239590644, ""fold_b_query_after"": 6.820432186126709, ""fold_b_utility"": -2.8420298099517822, ""harm_lcb_max"": -0.008871821239590644, ""harm_mean"": 0.0004536593332886696, ""harm_se_mean"": 0.004777485737577081, ""harm_ucb_max"": 0.01009459562599659, ""local_trainability"": 0.038752079010009766, ""query_after"": 6.745138168334961, ""query_before"": 6.783890247344971, ""system_utility"": -2.7867249250411987}}, ""status"": ""ok"", ""statusquo_loss"": 3.958413243293762, ""total_memory_budget"": 512}, ""utility_status"": ""ok""}"
58,C1,C,1,adapter_2,reuse,safe_existing_reuse,3.9451329708099365,3,True,442368,1949415,0,69404468,797261,19134600,484,35.12090132012963,523504640,0.0,29.41791902272962,3.7252515158616006,512,510,3.9040368795394897,-0.4538832902908325,0.05725276470184326,-0.5111360549926758,False,,"{""best_reuse"": ""adapter_2"", ""best_reuse_utility"": 0.05725276470184326, ""decision"": ""reuse"", ""fresh_advantage"": -0.5111360549926758, ""fresh_positive"": false, ""fresh_utility"": -0.4538832902908325, ""full_batch_guards"": {""adapter_1"": {""crossfit_feasible"": true, ""crossfit_utility"": -0.7671347856521606, ""crossfit_utility_positive"": false, ""full_batch_cur_after"": 4.647367477416992, ""full_batch_cur_before"": 4.660760879516602, ""full_batch_gain"": 0.013393402099609375, ""full_batch_harm"": -0.059020087122917175, ""full_batch_harm_lcb"": -0.06122967720497399, ""full_batch_harm_se"": 0.0011273418786004186, ""full_batch_harm_ucb"": -0.05681049704086036, ""full_batch_safe"": true}, ""adapter_2"": {""crossfit_feasible"": true, ""crossfit_utility"": 0.05725276470184326, ""crossfit_utility_positive"": true, ""full_batch_cur_after"": 3.8347432613372803, ""full_batch_cur_before"": 3.9040367603302, ""full_batch_gain"": 0.06929349899291992, ""full_batch_harm"": -0.07102476060390472, ""full_batch_harm_lcb"": -0.07471713118255138, ""full_batch_harm_se"": 0.0018838625401258469, ""full_batch_harm_ucb"": -0.06733239002525807, ""full_batch_safe"": true}, ""default"": {""crossfit_feasible"": true, ""crossfit_utility"": -3.15237820148468, ""crossfit_utility_positive"": false, ""full_batch_cur_after"": 6.985396385192871, ""full_batch_cur_before"": 7.019798755645752, ""full_batch_gain"": 0.03440237045288086, ""full_batch_harm"": 0.0009294413030147552, ""full_batch_harm_lcb"": -0.00846172172576189, ""full_batch_harm_se"": 0.004791409708559513, ""full_batch_harm_ucb"": 0.0103206043317914, ""full_batch_safe"": true}}, ""guarded_best_reuse"": ""adapter_2"", ""num_adapters"": 3, ""pending_after"": false, ""pending_before"": false, ""policy_version"": ""cau_v1"", ""reason"": ""safe_existing_reuse"", ""utility"": {""batch_n"": 16, ""best_reuse"": ""adapter_2"", ""best_reuse_query_after"": 3.8467841148376465, ""best_reuse_utility"": 0.05725276470184326, ""budget_blocked_fresh"": false, ""defer_utility"": 0.0, ""fold_a_fresh_utility"": -0.444624662399292, ""fold_a_query_n"": 8, ""fold_a_support_n"": 8, ""fold_b_fresh_utility"": -0.46314191818237305, ""fold_b_query_n"": 8, ""fold_b_support_n"": 8, ""fresh_advantage"": -0.5111360549926758, ""fresh_local_trainability"": 0.005716085433959961, ""fresh_positive"": false, ""fresh_query_after"": 4.357920169830322, ""fresh_query_before"": 4.363636255264282, ""fresh_utility"": -0.4538832902908325, ""max_adapters"": 8, ""reuse_profiles"": {""adapter_1"": {""feasible_both"": true, ""fold_a_harm"": -0.062278568744659424, ""fold_a_lcb"": -0.06455464098136872, ""fold_a_query_after"": 4.684077262878418, ""fold_a_utility"": -0.7748734951019287, ""fold_b_harm"": -0.060985926538705826, ""fold_b_lcb"": -0.06343551280442625, ""fold_b_query_after"": 4.658266067504883, ""fold_b_utility"": -0.7593960762023926, ""harm_lcb_max"": -0.06343551280442625, ""harm_mean"": -0.061632247641682625, ""harm_se_mean"": 0.001205525128170848, ""harm_ucb_max"": -0.0585363402729854, ""local_trainability"": -0.010410785675048828, ""query_after"": 4.67117166519165, ""query_before"": 4.660760879516602, ""system_utility"": -0.7671347856521606}, ""adapter_2"": {""feasible_both"": true, ""fold_a_harm"": -0.06765958666801453, ""fold_a_lcb"": -0.07096727613825352, ""fold_a_query_after"": 3.8434762954711914, ""fold_a_utility"": 0.06572747230529785, ""fold_b_harm"": -0.07034094631671906, ""fold_b_lcb"": -0.07519852180965245, ""fold_b_query_after"": 3.8500919342041016, ""fold_b_utility"": 0.04877805709838867, ""harm_lcb_max"": -0.07096727613825352, ""harm_mean"": -0.06900026649236679, ""harm_se_mean"": 0.0020829757559113204, ""harm_ucb_max"": -0.06435189719777554, ""local_trainability"": 0.05725276470184326, ""query_after"": 3.8467841148376465, ""query_before"": 3.9040368795394897, ""system_utility"": 0.05725276470184326}, ""default"": {""feasible_both"": true, ""fold_a_harm"": -0.0015675686299800873, ""fold_a_lcb"": -0.010973968207836152, ""fold_a_query_after"": 6.935024261474609, ""fold_a_utility"": -3.02582049369812, ""fold_b_harm"": 0.0006878208369016647, ""fold_b_lcb"": -0.008599700070917607, ""fold_b_query_after"": 7.1778059005737305, ""fold_b_utility"": -3.2789359092712402, ""harm_lcb_max"": -0.008599700070917607, ""harm_mean"": -0.0004398738965392113, ""harm_se_mean"": 0.004768857266753912, ""harm_ucb_max"": 0.009975341744720936, ""local_trainability"": -0.03661656379699707, ""query_after"": 7.05641508102417, ""query_before"": 7.019798517227173, ""system_utility"": -3.15237820148468}}, ""status"": ""ok"", ""statusquo_loss"": 3.9040368795394897, ""total_memory_budget"": 512}, ""utility_status"": ""ok""}"
59,C1,C,1,adapter_2,reuse,safe_existing_reuse,3.8519675731658936,3,True,442368,1949415,0,69404468,797261,19134600,500,35.95643122121692,523504640,0.0,30.2465239407029,3.7252515158616006,512,510,3.8453047275543213,-0.4922647476196289,0.06711626052856445,-0.5593810081481934,False,,"{""best_reuse"": ""adapter_2"", ""best_reuse_utility"": 0.06711626052856445, ""decision"": ""reuse"", ""fresh_advantage"": -0.5593810081481934, ""fresh_positive"": false, ""fresh_utility"": -0.4922647476196289, ""full_batch_guards"": {""adapter_1"": {""crossfit_feasible"": true, ""crossfit_utility"": -0.844468355178833, ""crossfit_utility_positive"": false, ""full_batch_cur_after"": 4.670565605163574, ""full_batch_cur_before"": 4.684587478637695, ""full_batch_gain"": 0.014021873474121094, ""full_batch_harm"": -0.058581169694662094, ""full_batch_harm_lcb"": -0.06132825336884707, ""full_batch_harm_se"": 0.001401573303155601, ""full_batch_harm_ucb"": -0.05583408602047712, ""full_batch_safe"": true}, ""adapter_2"": {""crossfit_feasible"": true, ""crossfit_utility"": 0.06711626052856445, ""crossfit_utility_positive"": true, ""full_batch_cur_after"": 3.767749309539795, ""full_batch_cur_before"": 3.845304489135742, ""full_batch_gain"": 0.07755517959594727, ""full_batch_harm"": -0.07257534563541412, ""full_batch_harm_lcb"": -0.07658162526786327, ""full_batch_harm_se"": 0.0020440202206373215, ""full_batch_harm_ucb"": -0.06856906600296497, ""full_batch_safe"": true}, ""default"": {""crossfit_feasible"": true, ""crossfit_utility"": -3.111037492752075, ""crossfit_utility_positive"": false, ""full_batch_cur_after"": 6.89570426940918, ""full_batch_cur_before"": 6.983782768249512, ""full_batch_gain"": 0.08807849884033203, ""full_batch_harm"": 0.002005206421017647, ""full_batch_harm_lcb"": -0.007642212472856045, ""full_batch_harm_se"": 0.004922152496874332, ""full_batch_harm_ucb"": 0.011652625314891338, ""full_batch_safe"": true}}, ""guarded_best_reuse"": ""adapter_2"", ""num_adapters"": 3, ""pending_after"": false, ""pending_before"": false, ""policy_version"": ""cau_v1"", ""reason"": ""safe_existing_reuse"", ""utility"": {""batch_n"": 16, ""best_reuse"": ""adapter_2"", ""best_reuse_query_after"": 3.778188467025757, ""best_reuse_utility"": 0.06711626052856445, ""budget_blocked_fresh"": false, ""defer_utility"": 0.0, ""fold_a_fresh_utility"": -0.45943498611450195, ""fold_a_query_n"": 8, ""fold_a_support_n"": 8, ""fold_b_fresh_utility"": -0.5250945091247559, ""fold_b_query_n"": 8, ""fold_b_support_n"": 8, ""fresh_advantage"": -0.5593810081481934, ""fresh_local_trainability"": 0.02583169937133789, ""fresh_positive"": false, ""fresh_query_after"": 4.33756947517395, ""fresh_query_before"": 4.363401174545288, ""fresh_utility"": -0.4922647476196289, ""max_adapters"": 8, ""reuse_profiles"": {""adapter_1"": {""feasible_both"": true, ""fold_a_harm"": -0.0616249218583107, ""fold_a_lcb"": -0.06471976146567612, ""fold_a_query_after"": 4.714068412780762, ""fold_a_utility"": -0.8564276695251465, ""fold_b_harm"": -0.0598892867565155, ""fold_b_lcb"": -0.06266021028161049, ""fold_b_query_after"": 4.665477752685547, ""fold_b_utility"": -0.8325090408325195, ""harm_lcb_max"": -0.06266021028161049, ""harm_mean"": -0.0607571043074131, ""harm_se_mean"": 0.0014963681460358202, ""harm_ucb_max"": -0.05711836323142052, ""local_trainability"": -0.005185604095458984, ""query_after"": 4.689773082733154, ""query_before"": 4.684587478637695, ""system_utility"": -0.844468355178833}, ""adapter_2"": {""feasible_both"": true, ""fold_a_harm"": -0.07023075222969055, ""fold_a_lcb"": -0.07461213490925729, ""fold_a_query_after"": 3.794279098510742, ""fold_a_utility"": 0.06336164474487305, ""fold_b_harm"": -0.06998233497142792, ""fold_b_lcb"": -0.07366275881417096, ""fold_b_query_after"": 3.7620978355407715, ""fold_b_utility"": 0.07087087631225586, ""harm_lcb_max"": -0.07366275881417096, ""harm_mean"": -0.07010654360055923, ""harm_se_mean"": 0.002056583296507597, ""harm_ucb_max"": -0.06584936955012381, ""local_trainability"": 0.06711626052856445, ""query_after"": 3.778188467025757, ""query_before"": 3.8453047275543213, ""system_utility"": 0.06711626052856445}, ""default"": {""feasible_both"": true, ""fold_a_harm"": 0.00016390904784202576, ""fold_a_lcb"": -0.009306720606982708, ""fold_a_query_after"": 6.995793342590332, ""fold_a_utility"": -3.138152599334717, ""fold_b_harm"": 0.0014263857156038284, ""fold_b_lcb"": -0.008269466310739517, ""fold_b_query_after"": 6.916891098022461, ""fold_b_utility"": -3.0839223861694336, ""harm_lcb_max"": -0.008269466310739517, ""harm_mean"": 0.0007951473817229271, ""harm_se_mean"": 0.004889408592134714, ""harm_ucb_max"": 0.011122237741947174, ""local_trainability"": 0.027440547943115234, ""query_after"": 6.9563422203063965, ""query_before"": 6.983782768249512, ""system_utility"": -3.111037492752075}}, ""status"": ""ok"", ""statusquo_loss"": 3.8453047275543213, ""total_memory_budget"": 512}, ""utility_status"": ""ok""}"
60,C1,C,1,adapter_2,reuse,safe_existing_reuse,3.784666061401367,3,True,442368,1949415,0,69404468,797261,19134600,510,36.792234478052706,523504640,0.0,31.07533764373511,3.7252515158616006,512,510,3.761938691139221,-0.5551587343215942,0.06987392902374268,-0.6250326633453369,False,,"{""best_reuse"": ""adapter_2"", ""best_reuse_utility"": 0.06987392902374268, ""decision"": ""reuse"", ""fresh_advantage"": -0.6250326633453369, ""fresh_positive"": false, ""fresh_utility"": -0.5551587343215942, ""full_batch_guards"": {""adapter_1"": {""crossfit_feasible"": true, ""crossfit_utility"": -0.9091941118240356, ""crossfit_utility_positive"": false, ""full_batch_cur_after"": 4.6561384201049805, ""full_batch_cur_before"": 4.669207572937012, ""full_batch_gain"": 0.01306915283203125, ""full_batch_harm"": -0.060179032385349274, ""full_batch_harm_lcb"": -0.0630218076845631, ""full_batch_harm_se"": 0.001450395560823381, ""full_batch_harm_ucb"": -0.05733625708613545, ""full_batch_safe"": true}, ""adapter_2"": {""crossfit_feasible"": true, ""crossfit_utility"": 0.06987392902374268, ""crossfit_utility_positive"": true, ""full_batch_cur_after"": 3.68560791015625, ""full_batch_cur_before"": 3.7619385719299316, ""full_batch_gain"": 0.07633066177368164, ""full_batch_harm"": -0.07288839668035507, ""full_batch_harm_lcb"": -0.07675368210300804, ""full_batch_harm_se"": 0.0019720843993127346, ""full_batch_harm_ucb"": -0.06902311125770211, ""full_batch_safe"": true}, ""default"": {""crossfit_feasible"": true, ""crossfit_utility"": -3.3233102560043335, ""crossfit_utility_positive"": false, ""full_batch_cur_after"": 7.047120094299316, ""full_batch_cur_before"": 7.088812351226807, ""full_batch_gain"": 0.041692256927490234, ""full_batch_harm"": 0.0010324213653802872, ""full_batch_harm_lcb"": -0.008685422986745834, ""full_batch_harm_se"": 0.004958083853125572, ""full_batch_harm_ucb"": 0.010750265717506409, ""full_batch_safe"": true}}, ""guarded_best_reuse"": ""adapter_2"", ""num_adapters"": 3, ""pending_after"": false, ""pending_before"": false, ""policy_version"": ""cau_v1"", ""reason"": ""safe_existing_reuse"", ""utility"": {""batch_n"": 16, ""best_reuse"": ""adapter_2"", ""best_reuse_query_after"": 3.6920647621154785, ""best_reuse_utility"": 0.06987392902374268, ""budget_blocked_fresh"": false, ""defer_utility"": 0.0, ""fold_a_fresh_utility"": -0.5854401588439941, ""fold_a_query_n"": 8, ""fold_a_support_n"": 8, ""fold_b_fresh_utility"": -0.5248773097991943, ""fold_b_query_n"": 8, ""fold_b_support_n"": 8, ""fresh_advantage"": -0.6250326633453369, ""fresh_local_trainability"": 0.047463178634643555, ""fresh_positive"": false, ""fresh_query_after"": 4.317097425460815, ""fresh_query_before"": 4.364560604095459, ""fresh_utility"": -0.5551587343215942, ""max_adapters"": 8, ""reuse_profiles"": {""adapter_1"": {""feasible_both"": true, ""fold_a_harm"": -0.060605939477682114, ""fold_a_lcb"": -0.06343615927267819, ""fold_a_query_after"": 4.710317611694336, ""fold_a_utility"": -0.9627423286437988, ""fold_b_harm"": -0.06084897369146347, ""fold_b_lcb"": -0.06373976045753807, ""fold_b_query_after"": 4.631947994232178, ""fold_b_utility"": -0.8556458950042725, ""harm_lcb_max"": -0.06343615927267819, ""harm_mean"": -0.06072745658457279, ""harm_se_mean"": 0.0014594404492527246, ""harm_ucb_max"": -0.05777571968268603, ""local_trainability"": -0.0019249916076660156, ""query_after"": 4.671132802963257, ""query_before"": 4.669207811355591, ""system_utility"": -0.9091941118240356}, ""adapter_2"": {""feasible_both"": true, ""fold_a_harm"": -0.07205207645893097, ""fold_a_lcb"": -0.07590342090465128, ""fold_a_query_after"": 3.675021171569824, ""fold_a_utility"": 0.07255411148071289, ""fold_b_harm"": -0.07149997353553772, ""fold_b_lcb"": -0.07555901476182043, ""fold_b_query_after"": 3.709108352661133, ""fold_b_utility"": 0.06719374656677246, ""harm_lcb_max"": -0.07555901476182043, ""harm_mean"": -0.07177602499723434, ""harm_se_mean"": 0.0020179555285722017, ""harm_ucb_max"": -0.067440932309255, ""local_trainability"": 0.06987392902374268, ""query_after"": 3.6920647621154785, ""query_before"": 3.761938691139221, ""system_utility"": 0.06987392902374268}, ""default"": {""feasible_both"": true, ""fold_a_harm"": 0.00025337375700473785, ""fold_a_lcb"": -0.009051746670156718, ""fold_a_query_after"": 7.158181190490723, ""fold_a_utility"": -3.4106059074401855, ""fold_b_harm"": 0.0005489811301231384, ""fold_b_lcb"": -0.009129490423947572, ""fold_b_query_after"": 7.012316703796387, ""fold_b_utility"": -3.2360146045684814, ""harm_lcb_max"": -0.009051746670156718, ""harm_mean"": 0.00040117744356393814, ""harm_se_mean"": 0.004842753056436777, ""harm_ucb_max"": 0.010227452684193849, ""local_trainability"": 0.0035631656646728516, ""query_after"": 7.085248947143555, ""query_before"": 7.0888121128082275, ""system_utility"": -3.3233102560043335}}, ""status"": ""ok"", ""statusquo_loss"": 3.761938691139221, ""total_memory_budget"": 512}, ""utility_status"": ""ok""}"
61,C1,C,1,adapter_2,reuse,safe_existing_reuse,3.7469229698181152,3,True,442368,1949415,0,69404468,797261,19134600,510,37.66412510210648,523504640,0.0,31.94021109188907,3.7252515158616006,512,510,3.7385534048080444,-0.6099673509597778,0.0666588544845581,-0.6766262054443359,False,,"{""best_reuse"": ""adapter_2"", ""best_reuse_utility"": 0.0666588544845581, ""decision"": ""reuse"", ""fresh_advantage"": -0.6766262054443359, ""fresh_positive"": false, ""fresh_utility"": -0.6099673509597778, ""full_batch_guards"": {""adapter_1"": {""crossfit_feasible"": true, ""crossfit_utility"": -0.9444583654403687, ""crossfit_utility_positive"": false, ""full_batch_cur_after"": 4.654401779174805, ""full_batch_cur_before"": 4.669315814971924, ""full_batch_gain"": 0.01491403579711914, ""full_batch_harm"": -0.05986645445227623, ""full_batch_harm_lcb"": -0.06239998206496239, ""full_batch_harm_se"": 0.0012926161289215088, ""full_batch_harm_ucb"": -0.05733292683959007, ""full_batch_safe"": true}, ""adapter_2"": {""crossfit_feasible"": true, ""crossfit_utility"": 0.0666588544845581, ""crossfit_utility_positive"": true, ""full_batch_cur_after"": 3.658008098602295, ""full_batch_cur_before"": 3.738553285598755, ""full_batch_gain"": 0.08054518699645996, ""full_batch_harm"": -0.07838817685842514, ""full_batch_harm_lcb"": -0.08216942396014928, ""full_batch_harm_se"": 0.0019292077049613, ""full_batch_harm_ucb"": -0.074606929756701, ""full_batch_safe"": true}, ""default"": {""crossfit_feasible"": true, ""crossfit_utility"": -3.4244741201400757, ""crossfit_utility_positive"": false, ""full_batch_cur_after"": 7.0899810791015625, ""full_batch_cur_before"": 7.1434326171875, ""full_batch_gain"": 0.0534515380859375, ""full_batch_harm"": 0.00036940351128578186, ""full_batch_harm_lcb"": -0.009049963653087616, ""full_batch_harm_se"": 0.004805799573659897, ""full_batch_harm_ucb"": 0.00978877067565918, ""full_batch_safe"": true}}, ""guarded_best_reuse"": ""adapter_2"", ""num_adapters"": 3, ""pending_after"": false, ""pending_before"": false, ""policy_version"": ""cau_v1"", ""reason"": ""safe_existing_reuse"", ""utility"": {""batch_n"": 16, ""best_reuse"": ""adapter_2"", ""best_reuse_query_after"": 3.6718945503234863, ""best_reuse_utility"": 0.0666588544845581, ""budget_blocked_fresh"": false, ""defer_utility"": 0.0, ""fold_a_fresh_utility"": -0.5054762363433838, ""fold_a_query_n"": 8, ""fold_a_support_n"": 8, ""fold_b_fresh_utility"": -0.7144584655761719, ""fold_b_query_n"": 8, ""fold_b_support_n"": 8, ""fresh_advantage"": -0.6766262054443359, ""fresh_local_trainability"": 0.01522064208984375, ""fresh_positive"": false, ""fresh_query_after"": 4.348520755767822, ""fresh_query_before"": 4.363741397857666, ""fresh_utility"": -0.6099673509597778, ""max_adapters"": 8, ""reuse_profiles"": {""adapter_1"": {""feasible_both"": true, ""fold_a_harm"": -0.061964549124240875, ""fold_a_lcb"": -0.06468324612360447, ""fold_a_query_after"": 4.774647235870361, ""fold_a_utility"": -0.9196412563323975, ""fold_b_harm"": -0.061150114983320236, ""fold_b_lcb"": -0.06383945465553552, ""fold_b_query_after"": 4.591376304626465, ""fold_b_utility"": -0.9692754745483398, ""harm_lcb_max"": -0.06383945465553552, ""harm_mean"": -0.061557332053780556, ""harm_se_mean"": 0.0013796011917293072, ""harm_ucb_max"": -0.058460775311104954, ""local_trainability"": -0.013695716857910156, ""query_after"": 4.683011770248413, ""query_before"": 4.669316053390503, ""system_utility"": -0.9444583654403687}, ""adapter_2"": {""feasible_both"": true, ""fold_a_harm"": -0.07660975307226181, ""fold_a_lcb"": -0.08146757362410426, ""fold_a_query_after"": 3.7941455841064453, ""fold_a_utility"": 0.060860395431518555, ""fold_b_harm"": -0.07499062269926071, ""fold_b_lcb"": -0.07798899580258876, ""fold_b_query_after"": 3.5496435165405273, ""fold_b_utility"": 0.07245731353759766, ""harm_lcb_max"": -0.07798899580258876, ""harm_mean"": -0.07580018788576126, ""harm_se_mean"": 0.0020041310344822705, ""harm_ucb_max"": -0.07175193252041936, ""local_trainability"": 0.0666588544845581, ""query_after"": 3.6718945503234863, ""query_before"": 3.7385534048080444, ""system_utility"": 0.0666588544845581}, ""default"": {""feasible_both"": true, ""fold_a_harm"": -0.00015241093933582306, ""fold_a_lcb"": -0.009745361041277647, ""fold_a_query_after"": 7.187639236450195, ""fold_a_utility"": -3.3326332569122314, ""fold_b_harm"": -0.0008776672184467316, ""fold_b_lcb"": -0.010264060497283935, ""fold_b_query_after"": 7.138415813446045, ""fold_b_utility"": -3.51631498336792, ""harm_lcb_max"": -0.009745361041277647, ""harm_mean"": -0.0005150390788912773, ""harm_se_mean"": 0.004841669229790568, ""harm_ucb_max"": 0.009440539162606001, ""local_trainability"": -0.01959514617919922, ""query_after"": 7.16302752494812, ""query_before"": 7.143432378768921, ""system_utility"": -3.4244741201400757}}, ""status"": ""ok"", ""statusquo_loss"": 3.7385534048080444, ""total_memory_budget"": 512}, ""utility_status"": ""ok""}"
62,C1,C,1,adapter_2,reuse,safe_existing_reuse,3.6368470191955566,3,True,442368,1949415,0,69404468,797261,19134600,510,38.70004255603999,523504640,0.0,32.96906476793811,3.7252515158616006,512,510,3.6346209049224854,-0.688523530960083,0.08013916015625,-0.768662691116333,False,,"{""best_reuse"": ""adapter_2"", ""best_reuse_utility"": 0.08013916015625, ""decision"": ""reuse"", ""fresh_advantage"": -0.768662691116333, ""fresh_positive"": false, ""fresh_utility"": -0.688523530960083, ""full_batch_guards"": {""adapter_1"": {""crossfit_feasible"": true, ""crossfit_utility"": -1.1151654720306396, ""crossfit_utility_positive"": false, ""full_batch_cur_after"": 4.735625267028809, ""full_batch_cur_before"": 4.750356197357178, ""full_batch_gain"": 0.01473093032836914, ""full_batch_harm"": -0.05941195785999298, ""full_batch_harm_lcb"": -0.061900741686113175, ""full_batch_harm_se"": 0.001269787666387856, ""full_batch_harm_ucb"": -0.056923174033872787, ""full_batch_safe"": true}, ""adapter_2"": {""crossfit_feasible"": true, ""crossfit_utility"": 0.08013916015625, ""crossfit_utility_positive"": true, ""full_batch_cur_after"": 3.546144485473633, ""full_batch_cur_before"": 3.6346206665039062, ""full_batch_gain"": 0.08847618103027344, ""full_batch_harm"": -0.08486270904541016, ""full_batch_harm_lcb"": -0.08859705132432281, ""full_batch_harm_se"": 0.0019052766729146242, ""full_batch_harm_ucb"": -0.0811283667664975, ""full_batch_safe"": true}, ""default"": {""crossfit_feasible"": true, ""crossfit_utility"": -3.424598217010498, ""crossfit_utility_positive"": false, ""full_batch_cur_after"": 7.021122455596924, ""full_batch_cur_before"": 7.088437080383301, ""full_batch_gain"": 0.06731462478637695, ""full_batch_harm"": 0.0010105613619089127, ""full_batch_harm_lcb"": -0.008502831757068634, ""full_batch_harm_se"": 0.00485377199947834, ""full_batch_harm_ucb"": 0.01052395448088646, ""full_batch_safe"": true}}, ""guarded_best_reuse"": ""adapter_2"", ""num_adapters"": 3, ""pending_after"": false, ""pending_before"": false, ""policy_version"": ""cau_v1"", ""reason"": ""safe_existing_reuse"", ""utility"": {""batch_n"": 16, ""best_reuse"": ""adapter_2"", ""best_reuse_query_after"": 3.5544817447662354, ""best_reuse_utility"": 0.08013916015625, ""budget_blocked_fresh"": false, ""defer_utility"": 0.0, ""fold_a_fresh_utility"": -0.681879997253418, ""fold_a_query_n"": 8, ""fold_a_support_n"": 8, ""fold_b_fresh_utility"": -0.695167064666748, ""fold_b_query_n"": 8, ""fold_b_support_n"": 8, ""fresh_advantage"": -0.768662691116333, ""fresh_local_trainability"": 0.05125999450683594, ""fresh_positive"": false, ""fresh_query_after"": 4.323144435882568, ""fresh_query_before"": 4.374404430389404, ""fresh_utility"": -0.688523530960083, ""max_adapters"": 8, ""reuse_profiles"": {""adapter_1"": {""feasible_both"": true, ""fold_a_harm"": -0.06062934547662735, ""fold_a_lcb"": -0.0631092934915796, ""fold_a_query_after"": 4.725266456604004, ""fold_a_utility"": -1.098618507385254, ""fold_b_harm"": -0.060812607407569885, ""fold_b_lcb"": -0.0636332167405635, ""fold_b_query_after"": 4.774306297302246, ""fold_b_utility"": -1.1317124366760254, ""harm_lcb_max"": -0.0631092934915796, ""harm_mean"": -0.06072097644209862, ""harm_se_mean"": 0.0013521829969249666, ""harm_ucb_max"": -0.05799199807457626, ""local_trainability"": 0.0005698204040527344, ""query_after"": 4.749786376953125, ""query_before"": 4.750356197357178, ""system_utility"": -1.1151654720306396}, ""adapter_2"": {""feasible_both"": true, ""fold_a_harm"": -0.08324232697486877, ""fold_a_lcb"": -0.08638085985556244, ""fold_a_query_after"": 3.5417256355285645, ""fold_a_utility"": 0.08492231369018555, ""fold_b_harm"": -0.08342284709215164, ""fold_b_lcb"": -0.08792154134251177, ""fold_b_query_after"": 3.5672378540039062, ""fold_b_utility"": 0.07535600662231445, ""harm_lcb_max"": -0.08638085985556244, ""harm_mean"": -0.08333258703351021, ""harm_se_mean"": 0.0019482722273096442, ""harm_ucb_max"": -0.07892415284179151, ""local_trainability"": 0.08013916015625, ""query_after"": 3.5544817447662354, ""query_before"": 3.6346209049224854, ""system_utility"": 0.08013916015625}, ""default"": {""feasible_both"": true, ""fold_a_harm"": 0.0014395099133253098, ""fold_a_lcb"": -0.007879323773086071, ""fold_a_query_after"": 6.939711570739746, ""fold_a_utility"": -3.313063621520996, ""fold_b_harm"": 0.0005791056901216507, ""fold_b_lcb"": -0.008704208601266146, ""fold_b_query_after"": 7.178726673126221, ""fold_b_utility"": -3.5361328125, ""harm_lcb_max"": -0.007879323773086071, ""harm_mean"": 0.0010093078017234802, ""harm_se_mean"": 0.004745445912703872, ""harm_ucb_max"": 0.010758343599736691, ""local_trainability"": 0.029218196868896484, ""query_after"": 7.059219121932983, ""query_before"": 7.08843731880188, ""system_utility"": -3.424598217010498}}, ""status"": ""ok"", ""statusquo_loss"": 3.6346209049224854, ""total_memory_budget"": 512}, ""utility_status"": ""ok""}"
63,C1,C,1,adapter_2,reuse,safe_existing_reuse,3.5807764530181885,3,True,442368,1949415,0,69404468,797261,19134600,510,39.56937721814029,523504640,0.0,33.8313884139061,3.7252515158616006,512,510,3.563317656517029,-0.7573086023330688,0.08301115036010742,-0.8403197526931763,False,,"{""best_reuse"": ""adapter_2"", ""best_reuse_utility"": 0.08301115036010742, ""decision"": ""reuse"", ""fresh_advantage"": -0.8403197526931763, ""fresh_positive"": false, ""fresh_utility"": -0.7573086023330688, ""full_batch_guards"": {""adapter_1"": {""crossfit_feasible"": true, ""crossfit_utility"": -1.108538269996643, ""crossfit_utility_positive"": false, ""full_batch_cur_after"": 4.658689022064209, ""full_batch_cur_before"": 4.67341423034668, ""full_batch_gain"": 0.014725208282470703, ""full_batch_harm"": -0.05909891426563263, ""full_batch_harm_lcb"": -0.06132557632867247, ""full_batch_harm_se"": 0.0011360520729795098, ""full_batch_harm_ucb"": -0.05687225220259279, ""full_batch_safe"": true}, ""adapter_2"": {""crossfit_feasible"": true, ""crossfit_utility"": 0.08301115036010742, ""crossfit_utility_positive"": true, ""full_batch_cur_after"": 3.4739089012145996, ""full_batch_cur_before"": 3.5633177757263184, ""full_batch_gain"": 0.08940887451171875, ""full_batch_harm"": -0.08872116357088089, ""full_batch_harm_lcb"": -0.09220090629998595, ""full_batch_harm_se"": 0.0017753789434209466, ""full_batch_harm_ucb"": -0.08524142084177583, ""full_batch_safe"": true}, ""default"": {""crossfit_feasible"": true, ""crossfit_utility"": -3.6263993978500366, ""crossfit_utility_positive"": false, ""full_batch_cur_after"": 7.150260925292969, ""full_batch_cur_before"": 7.221816539764404, ""full_batch_gain"": 0.07155561447143555, ""full_batch_harm"": 0.0013784803450107574, ""full_batch_harm_lcb"": -0.008203908950090408, ""full_batch_harm_se"": 0.004888974130153656, ""full_batch_harm_ucb"": 0.010960869640111923, ""full_batch_safe"": true}}, ""guarded_best_reuse"": ""adapter_2"", ""num_adapters"": 3, ""pending_after"": false, ""pending_before"": false, ""policy_version"": ""cau_v1"", ""reason"": ""safe_existing_reuse"", ""utility"": {""batch_n"": 16, ""best_reuse"": ""adapter_2"", ""best_reuse_query_after"": 3.4803065061569214, ""best_reuse_utility"": 0.08301115036010742, ""budget_blocked_fresh"": false, ""defer_utility"": 0.0, ""fold_a_fresh_utility"": -0.7746372222900391, ""fold_a_query_n"": 8, ""fold_a_support_n"": 8, ""fold_b_fresh_utility"": -0.7399799823760986, ""fold_b_query_n"": 8, ""fold_b_support_n"": 8, ""fresh_advantage"": -0.8403197526931763, ""fresh_local_trainability"": 0.05326485633850098, ""fresh_positive"": false, ""fresh_query_after"": 4.320626258850098, ""fresh_query_before"": 4.373891115188599, ""fresh_utility"": -0.7573086023330688, ""max_adapters"": 8, ""reuse_profiles"": {""adapter_1"": {""feasible_both"": true, ""fold_a_harm"": -0.060459841042757034, ""fold_a_lcb"": -0.06288911137729883, ""fold_a_query_after"": 4.629662990570068, ""fold_a_utility"": -1.0910778045654297, ""fold_b_harm"": -0.06104419007897377, ""fold_b_lcb"": -0.0633072173781693, ""fold_b_query_after"": 4.714048862457275, ""fold_b_utility"": -1.1259987354278564, ""harm_lcb_max"": -0.06288911137729883, ""harm_mean"": -0.0607520155608654, ""harm_se_mean"": 0.0011970147024840117, ""harm_ucb_max"": -0.05803057070821524, ""local_trainability"": 0.0015583038330078125, ""query_after"": 4.671855926513672, ""query_before"": 4.67341423034668, ""system_utility"": -1.108538269996643}, ""adapter_2"": {""feasible_both"": true, ""fold_a_harm"": -0.0879485085606575, ""fold_a_lcb"": -0.09177112041972578, ""fold_a_query_after"": 3.459275007247925, ""fold_a_utility"": 0.07931017875671387, ""fold_b_harm"": -0.08697611093521118, ""fold_b_lcb"": -0.09031194909475744, ""fold_b_query_after"": 3.501338005065918, ""fold_b_utility"": 0.08671212196350098, ""harm_lcb_max"": -0.09031194909475744, ""harm_mean"": -0.08746230974793434, ""harm_se_mean"": 0.0018261352088302374, ""harm_ucb_max"": -0.08364027277566492, ""local_trainability"": 0.08301115036010742, ""query_after"": 3.4803065061569214, ""query_before"": 3.563317656517029, ""system_utility"": 0.08301115036010742}, ""default"": {""feasible_both"": true, ""fold_a_harm"": 0.0004370100796222687, ""fold_a_lcb"": -0.009005357027053833, ""fold_a_query_after"": 7.194908618927002, ""fold_a_utility"": -3.6563234329223633, ""fold_b_harm"": 0.0009016003459692001, ""fold_b_lcb"": -0.008684578463435172, ""fold_b_query_after"": 7.184525489807129, ""fold_b_utility"": -3.59647536277771, ""harm_lcb_max"": -0.008684578463435172, ""harm_mean"": 0.0006693052127957344, ""harm_se_mean"": 0.004854220896959305, ""harm_ucb_max"": 0.010487779155373573, ""local_trainability"": 0.032099246978759766, ""query_after"": 7.189717054367065, ""query_before"": 7.221816301345825, ""system_utility"": -3.6263993978500366}}, ""status"": ""ok"", ""statusquo_loss"": 3.563317656517029, ""total_memory_budget"": 512}, ""utility_status"": ""ok""}"
64,C1,C,1,adapter_2,reuse,safe_existing_reuse,3.5312490463256836,3,True,442368,1949415,0,69404468,797261,19134600,510,40.48435808205977,523504640,0.0,34.7391306059435,3.7252515158616006,512,510,3.5026310040400577,-0.8361042829660269,0.08654068066523625,-0.9226449636312631,False,,"{""best_reuse"": ""adapter_2"", ""best_reuse_utility"": 0.08654068066523625, ""decision"": ""reuse"", ""fresh_advantage"": -0.9226449636312631, ""fresh_positive"": false, ""fresh_utility"": -0.8361042829660269, ""full_batch_guards"": {""adapter_1"": {""crossfit_feasible"": true, ""crossfit_utility"": -1.1710800390977125, ""crossfit_utility_positive"": false, ""full_batch_cur_after"": 4.65277099609375, ""full_batch_cur_before"": 4.663726329803467, ""full_batch_gain"": 0.010955333709716797, ""full_batch_harm"": -0.06025990843772888, ""full_batch_harm_lcb"": -0.06300762666389347, ""full_batch_harm_se"": 0.0014018970541656017, ""full_batch_harm_ucb"": -0.057512190211564305, ""full_batch_safe"": true}, ""adapter_2"": {""crossfit_feasible"": true, ""crossfit_utility"": 0.08654068066523625, ""crossfit_utility_positive"": true, ""full_batch_cur_after"": 3.405400037765503, ""full_batch_cur_before"": 3.502631187438965, ""full_batch_gain"": 0.09723114967346191, ""full_batch_harm"": -0.08982864022254944, ""full_batch_harm_lcb"": -0.09379421086981893, ""full_batch_harm_se"": 0.0020232503302395344, ""full_batch_harm_ucb"": -0.08586306957527995, ""full_batch_safe"": true}, ""default"": {""crossfit_feasible"": true, ""crossfit_utility"": -3.4878166638887844, ""crossfit_utility_positive"": false, ""full_batch_cur_after"": 6.934109210968018, ""full_batch_cur_before"": 6.9854960441589355, ""full_batch_gain"": 0.05138683319091797, ""full_batch_harm"": 0.0003170352429151535, ""full_batch_harm_lcb"": -0.009375011753290892, ""full_batch_harm_se"": 0.004944921936839819, ""full_batch_harm_ucb"": 0.0100090822391212, ""full_batch_safe"": true}}, ""guarded_best_reuse"": ""adapter_2"", ""num_adapters"": 3, ""pending_after"": false, ""pending_before"": false, ""policy_version"": ""cau_v1"", ""reason"": ""safe_existing_reuse"", ""utility"": {""batch_n"": 13, ""best_reuse"": ""adapter_2"", ""best_reuse_query_after"": 3.4160903233748217, ""best_reuse_utility"": 0.08654068066523625, ""budget_blocked_fresh"": false, ""defer_utility"": 0.0, ""fold_a_fresh_utility"": -0.8166193962097168, ""fold_a_query_n"": 6, ""fold_a_support_n"": 7, ""fold_b_fresh_utility"": -0.8528056144714355, ""fold_b_query_n"": 7, ""fold_b_support_n"": 6, ""fresh_advantage"": -0.9226449636312631, ""fresh_local_trainability"": 0.025300209338848408, ""fresh_positive"": false, ""fresh_query_after"": 4.3387352870060845, ""fresh_query_before"": 4.3640354963449335, ""fresh_utility"": -0.8361042829660269, ""max_adapters"": 8, ""reuse_profiles"": {""adapter_1"": {""feasible_both"": true, ""fold_a_harm"": -0.06202026456594467, ""fold_a_lcb"": -0.06487796313129365, ""fold_a_query_after"": 4.686722278594971, ""fold_a_utility"": -1.1703534126281738, ""fold_b_harm"": -0.06075745448470116, ""fold_b_lcb"": -0.06361817087978125, ""fold_b_query_after"": 4.662558555603027, ""fold_b_utility"": -1.1717028617858887, ""harm_lcb_max"": -0.06361817087978125, ""harm_mean"": -0.061388859525322914, ""harm_se_mean"": 0.0014587793266400695, ""harm_ucb_max"": -0.057896738089621064, ""local_trainability"": -0.009984786693866435, ""query_after"": 4.673711043137771, ""query_before"": 4.663726256443904, ""system_utility"": -1.1710800390977125}, ""adapter_2"": {""feasible_both"": true, ""fold_a_harm"": -0.08726204931735992, ""fold_a_lcb"": -0.09159357734024524, ""fold_a_query_after"": 3.42975115776062, ""fold_a_utility"": 0.08661770820617676, ""fold_b_harm"": -0.08842568099498749, ""fold_b_lcb"": -0.09236918082460761, ""fold_b_query_after"": 3.404381036758423, ""fold_b_utility"": 0.08647465705871582, ""harm_lcb_max"": -0.09159357734024524, ""harm_mean"": -0.0878438651561737, ""harm_se_mean"": 0.002110976492986083, ""harm_ucb_max"": -0.0829305212944746, ""local_trainability"": 0.08654068066523625, ""query_after"": 3.4160903233748217, ""query_before"": 3.5026310040400577, ""system_utility"": 0.08654068066523625}, ""default"": {""feasible_both"": true, ""fold_a_harm"": -0.0004410017281770706, ""fold_a_lcb"": -0.00963629925623536, ""fold_a_query_after"": 7.140702724456787, ""fold_a_utility"": -3.6243338584899902, ""fold_b_harm"": 0.0007929075509309769, ""fold_b_lcb"": -0.008881088141351938, ""fold_b_query_after"": 6.861657619476318, ""fold_b_utility"": -3.3708019256591797, ""harm_lcb_max"": -0.008881088141351938, ""harm_mean"": 0.00017595291137695312, ""harm_se_mean"": 0.004813595209270716, ""harm_ucb_max"": 0.010466903243213891, ""local_trainability"": -0.004952063927283654, ""query_after"": 6.9904476679288425, ""query_before"": 6.985495604001558, ""system_utility"": -3.4878166638887844}}, ""status"": ""ok"", ""statusquo_loss"": 3.5026310040400577, ""total_memory_budget"": 512}, ""utility_status"": ""ok""}"
65,A2,A,2,adapter_1,reuse,safe_existing_reuse,3.3485755920410156,3,True,442368,1949415,0,69404468,797261,19134600,510,43.19826770899817,523504640,0.0,35.648356299847364,5.522149112774059,512,510,4.594934940338135,0.2815103530883789,1.3727970123291016,-1.0912866592407227,False,,"{""best_reuse"": ""adapter_1"", ""best_reuse_utility"": 1.3727970123291016, ""decision"": ""reuse"", ""fresh_advantage"": -1.0912866592407227, ""fresh_positive"": false, ""fresh_utility"": 0.2815103530883789, ""full_batch_guards"": {""adapter_1"": {""crossfit_feasible"": true, ""crossfit_utility"": 1.3727970123291016, ""crossfit_utility_positive"": true, ""full_batch_cur_after"": 3.2115941047668457, ""full_batch_cur_before"": 3.302013397216797, ""full_batch_gain"": 0.09041929244995117, ""full_batch_harm"": -0.07752490043640137, ""full_batch_harm_lcb"": -0.0818338118493557, ""full_batch_harm_se"": 0.0021984241902828217, ""full_batch_harm_ucb"": -0.07321598902344703, ""full_batch_safe"": true}, ""adapter_2"": {""crossfit_feasible"": true, ""crossfit_utility"": -0.019098281860351562, ""crossfit_utility_positive"": false, ""full_batch_cur_after"": 4.590205192565918, ""full_batch_cur_before"": 4.594934940338135, ""full_batch_gain"": 0.004729747772216797, ""full_batch_harm"": -0.07787857204675674, ""full_batch_harm_lcb"": -0.08117620565928518, ""full_batch_harm_se"": 0.0016824661288410425, ""full_batch_harm_ucb"": -0.0745809384342283, ""full_batch_safe"": true}, ""default"": {""crossfit_feasible"": true, ""crossfit_utility"": -1.6495964527130127, ""crossfit_utility_positive"": false, ""full_batch_cur_after"": 6.212136268615723, ""full_batch_cur_before"": 6.303993225097656, ""full_batch_gain"": 0.0918569564819336, ""full_batch_harm"": 0.0012253355234861374, ""full_batch_harm_lcb"": -0.008549768645316362, ""full_batch_harm_se"": 0.004987298045307398, ""full_batch_harm_ucb"": 0.011000439692288637, ""full_batch_safe"": true}}, ""guarded_best_reuse"": ""adapter_1"", ""num_adapters"": 3, ""pending_after"": false, ""pending_before"": false, ""policy_version"": ""cau_v1"", ""reason"": ""safe_existing_reuse"", ""utility"": {""batch_n"": 16, ""best_reuse"": ""adapter_1"", ""best_reuse_query_after"": 3.222137928009033, ""best_reuse_utility"": 1.3727970123291016, ""budget_blocked_fresh"": false, ""defer_utility"": 0.0, ""fold_a_fresh_utility"": 0.31058502197265625, ""fold_a_query_n"": 8, ""fold_a_support_n"": 8, ""fold_b_fresh_utility"": 0.25243568420410156, ""fold_b_query_n"": 8, ""fold_b_support_n"": 8, ""fresh_advantage"": -1.0912866592407227, ""fresh_local_trainability"": 0.05161023139953613, ""fresh_positive"": false, ""fresh_query_after"": 4.313424587249756, ""fresh_query_before"": 4.365034818649292, ""fresh_utility"": 0.2815103530883789, ""max_adapters"": 8, ""reuse_profiles"": {""adapter_1"": {""feasible_both"": true, ""fold_a_harm"": -0.07689930498600006, ""fold_a_lcb"": -0.08075134399347007, ""fold_a_query_after"": 3.2508392333984375, ""fold_a_utility"": 1.3635997772216797, ""fold_b_harm"": -0.07451742142438889, ""fold_b_lcb"": -0.07910836552269757, ""fold_b_query_after"": 3.193436622619629, ""fold_b_utility"": 1.3819942474365234, ""harm_lcb_max"": -0.07910836552269757, ""harm_mean"": -0.07570836320519447, ""harm_se_mean"": 0.0021538222208619118, ""harm_ucb_max"": -0.0699264773260802, ""local_trainability"": 0.07987523078918457, ""query_after"": 3.222137928009033, ""query_before"": 3.3020131587982178, ""system_utility"": 1.3727970123291016}, ""adapter_2"": {""feasible_both"": true, ""fold_a_harm"": -0.07938453555107117, ""fold_a_lcb"": -0.08274944239761681, ""fold_a_query_after"": 4.6347575187683105, ""fold_a_utility"": -0.02031850814819336, ""fold_b_harm"": -0.07928121089935303, ""fold_b_lcb"": -0.08272999086882919, ""fold_b_query_after"": 4.593308925628662, ""fold_b_utility"": -0.017878055572509766, ""harm_lcb_max"": -0.08272999086882919, ""harm_mean"": -0.0793328732252121, ""harm_se_mean"": 0.0017381854122504592, ""harm_ucb_max"": -0.07583243092987686, ""local_trainability"": -0.019098281860351562, ""query_after"": 4.614033222198486, ""query_before"": 4.594934940338135, ""system_utility"": -0.019098281860351562}, ""default"": {""feasible_both"": true, ""fold_a_harm"": 0.000820433720946312, ""fold_a_lcb"": -0.009265608675777913, ""fold_a_query_after"": 6.217297554016113, ""fold_a_utility"": -1.602858543395996, ""fold_b_harm"": 0.0010408442467451096, ""fold_b_lcb"": -0.008632979858666658, ""fold_b_query_after"": 6.271765232086182, ""fold_b_utility"": -1.6963343620300293, ""harm_lcb_max"": -0.008632979858666658, ""harm_mean"": 0.0009306389838457108, ""harm_se_mean"": 0.005040782270953059, ""harm_ucb_max"": 0.010906476117670537, ""local_trainability"": 0.05946207046508789, ""query_after"": 6.2445313930511475, ""query_before"": 6.303993463516235, ""system_utility"": -1.6495964527130127}}, ""status"": ""ok"", ""statusquo_loss"": 4.594934940338135, ""total_memory_budget"": 512}, ""utility_status"": ""ok""}"
66,A2,A,2,adapter_1,reuse,safe_existing_reuse,3.376403331756592,3,True,442368,1949415,0,69404468,797261,19134600,510,44.05265289521776,523504640,0.0,36.49527107668109,5.522149112774059,512,510,3.3023507595062256,-0.9602484703063965,0.07870841026306152,-1.038956880569458,False,,"{""best_reuse"": ""adapter_1"", ""best_reuse_utility"": 0.07870841026306152, ""decision"": ""reuse"", ""fresh_advantage"": -1.038956880569458, ""fresh_positive"": false, ""fresh_utility"": -0.9602484703063965, ""full_batch_guards"": {""adapter_1"": {""crossfit_feasible"": true, ""crossfit_utility"": 0.07870841026306152, ""crossfit_utility_positive"": true, ""full_batch_cur_after"": 3.2159478664398193, ""full_batch_cur_before"": 3.3023505210876465, ""full_batch_gain"": 0.08640265464782715, ""full_batch_harm"": -0.08040591329336166, ""full_batch_harm_lcb"": -0.08508350647985935, ""full_batch_harm_se"": 0.0023865271359682083, ""full_batch_harm_ucb"": -0.07572832010686398, ""full_batch_safe"": true}, ""adapter_2"": {""crossfit_feasible"": true, ""crossfit_utility"": -1.262524127960205, ""crossfit_utility_positive"": false, ""full_batch_cur_after"": 4.546875953674316, ""full_batch_cur_before"": 4.551122665405273, ""full_batch_gain"": 0.004246711730957031, ""full_batch_harm"": -0.07736103236675262, ""full_batch_harm_lcb"": -0.08040361145045609, ""full_batch_harm_se"": 0.001552336267195642, ""full_batch_harm_ucb"": -0.07431845328304916, ""full_batch_safe"": true}, ""default"": {""crossfit_feasible"": true, ""crossfit_utility"": -2.9831383228302, ""crossfit_utility_positive"": false, ""full_batch_cur_after"": 6.260136604309082, ""full_batch_cur_before"": 6.32235050201416, ""full_batch_gain"": 0.062213897705078125, ""full_batch_harm"": 6.936676800251007e-05, ""full_batch_harm_lcb"": -0.009388448633253573, ""full_batch_harm_se"": 0.004825416021049023, ""full_batch_harm_ucb"": 0.009527182169258594, ""full_batch_safe"": true}}, ""guarded_best_reuse"": ""adapter_1"", ""num_adapters"": 3, ""pending_after"": false, ""pending_before"": false, ""policy_version"": ""cau_v1"", ""reason"": ""safe_existing_reuse"", ""utility"": {""batch_n"": 16, ""best_reuse"": ""adapter_1"", ""best_reuse_query_after"": 3.223642349243164, ""best_reuse_utility"": 0.07870841026306152, ""budget_blocked_fresh"": false, ""defer_utility"": 0.0, ""fold_a_fresh_utility"": -0.9860892295837402, ""fold_a_query_n"": 8, ""fold_a_support_n"": 8, ""fold_b_fresh_utility"": -0.9344077110290527, ""fold_b_query_n"": 8, ""fold_b_support_n"": 8, ""fresh_advantage"": -1.038956880569458, ""fresh_local_trainability"": 0.05916953086853027, ""fresh_positive"": false, ""fresh_query_after"": 4.262599229812622, ""fresh_query_before"": 4.321768760681152, ""fresh_utility"": -0.9602484703063965, ""max_adapters"": 8, ""reuse_profiles"": {""adapter_1"": {""feasible_both"": true, ""fold_a_harm"": -0.07736913859844208, ""fold_a_lcb"": -0.08175379374995828, ""fold_a_query_after"": 3.184861898422241, ""fold_a_utility"": 0.08163142204284668, ""fold_b_harm"": -0.08082982897758484, ""fold_b_lcb"": -0.08606829081661999, ""fold_b_query_after"": 3.262422800064087, ""fold_b_utility"": 0.07578539848327637, ""harm_lcb_max"": -0.08175379374995828, ""harm_mean"": -0.07909948378801346, ""harm_se_mean"": 0.0024548767833039165, ""harm_ucb_max"": -0.07298448344692587, ""local_trainability"": 0.07870841026306152, ""query_after"": 3.223642349243164, ""query_before"": 3.3023507595062256, ""system_utility"": 0.07870841026306152}, ""adapter_2"": {""feasible_both"": true, ""fold_a_harm"": -0.07934290170669556, ""fold_a_lcb"": -0.08245328407268972, ""fold_a_query_after"": 4.562862396240234, ""fold_a_utility"": -1.2963690757751465, ""fold_b_harm"": -0.0788048729300499, ""fold_b_lcb"": -0.08200030693784356, ""fold_b_query_after"": 4.566887378692627, ""fold_b_utility"": -1.2286791801452637, ""harm_lcb_max"": -0.08200030693784356, ""harm_mean"": -0.07907388731837273, ""harm_se_mean"": 0.0016086266259662807, ""harm_ucb_max"": -0.07560943892225623, ""local_trainability"": -0.013752222061157227, ""query_after"": 4.564874887466431, ""query_before"": 4.551122665405273, ""system_utility"": -1.262524127960205}, ""default"": {""feasible_both"": true, ""fold_a_harm"": -8.504465222358704e-05, ""fold_a_lcb"": -0.009365212880074978, ""fold_a_query_after"": 6.298360824584961, ""fold_a_utility"": -3.031867504119873, ""fold_b_harm"": 0.0005334801971912384, ""fold_b_lcb"": -0.008963762763887644, ""fold_b_query_after"": 6.272617340087891, ""fold_b_utility"": -2.9344091415405273, ""harm_lcb_max"": -0.008963762763887644, ""harm_mean"": 0.00022421777248382568, ""harm_se_mean"": 0.004790155915543437, ""harm_ucb_max"": 0.010030723158270121, ""local_trainability"": 0.03686165809631348, ""query_after"": 6.285489082336426, ""query_before"": 6.322350740432739, ""system_utility"": -2.9831383228302}}, ""status"": ""ok"", ""statusquo_loss"": 3.3023507595062256, ""total_memory_budget"": 512}, ""utility_status"": ""ok""}"
67,A2,A,2,adapter_1,reuse,safe_existing_reuse,3.2066650390625,3,True,442368,1949415,0,69404468,797261,19134600,510,44.944763062056154,523504640,0.0,37.37959460681304,5.522149112774059,512,510,3.11846923828125,-1.1891913414001465,0.08409273624420166,-1.2732840776443481,False,,"{""best_reuse"": ""adapter_1"", ""best_reuse_utility"": 0.08409273624420166, ""decision"": ""reuse"", ""fresh_advantage"": -1.2732840776443481, ""fresh_positive"": false, ""fresh_utility"": -1.1891913414001465, ""full_batch_guards"": {""adapter_1"": {""crossfit_feasible"": true, ""crossfit_utility"": 0.08409273624420166, ""crossfit_utility_positive"": true, ""full_batch_cur_after"": 3.0223355293273926, ""full_batch_cur_before"": 3.11846923828125, ""full_batch_gain"": 0.09613370895385742, ""full_batch_harm"": -0.0831158310174942, ""full_batch_harm_lcb"": -0.08930012988857924, ""full_batch_harm_se"": 0.0031552545260638, ""full_batch_harm_ucb"": -0.07693153214640916, ""full_batch_safe"": true}, ""adapter_2"": {""crossfit_feasible"": true, ""crossfit_utility"": -1.5415780544281006, ""crossfit_utility_positive"": false, ""full_batch_cur_after"": 4.633000373840332, ""full_batch_cur_before"": 4.631936073303223, ""full_batch_gain"": -0.001064300537109375, ""full_batch_harm"": -0.07624109834432602, ""full_batch_harm_lcb"": -0.07967626431025565, ""full_batch_harm_se"": 0.0017526356969028711, ""full_batch_harm_ucb"": -0.07280593237839639, ""full_batch_safe"": true}, ""default"": {""crossfit_feasible"": true, ""crossfit_utility"": -3.048135280609131, ""crossfit_utility_positive"": false, ""full_batch_cur_after"": 6.126650810241699, ""full_batch_cur_before"": 6.244540691375732, ""full_batch_gain"": 0.1178898811340332, ""full_batch_harm"": 0.0022376589477062225, ""full_batch_harm_lcb"": -0.007382084261626004, ""full_batch_harm_se"": 0.0049080322496593, ""full_batch_harm_ucb"": 0.01185740215703845, ""full_batch_safe"": true}}, ""guarded_best_reuse"": ""adapter_1"", ""num_adapters"": 3, ""pending_after"": false, ""pending_before"": false, ""policy_version"": ""cau_v1"", ""reason"": ""safe_existing_reuse"", ""utility"": {""batch_n"": 16, ""best_reuse"": ""adapter_1"", ""best_reuse_query_after"": 3.0343765020370483, ""best_reuse_utility"": 0.08409273624420166, ""budget_blocked_fresh"": false, ""defer_utility"": 0.0, ""fold_a_fresh_utility"": -1.1601696014404297, ""fold_a_query_n"": 8, ""fold_a_support_n"": 8, ""fold_b_fresh_utility"": -1.2182130813598633, ""fold_b_query_n"": 8, ""fold_b_support_n"": 8, ""fresh_advantage"": -1.2732840776443481, ""fresh_local_trainability"": 0.03391456604003906, ""fresh_positive"": false, ""fresh_query_after"": 4.3076605796813965, ""fresh_query_before"": 4.3415751457214355, ""fresh_utility"": -1.1891913414001465, ""max_adapters"": 8, ""reuse_profiles"": {""adapter_1"": {""feasible_both"": true, ""fold_a_harm"": -0.08077942579984665, ""fold_a_lcb"": -0.08693636432290078, ""fold_a_query_after"": 3.09171199798584, ""fold_a_utility"": 0.08441448211669922, ""fold_b_harm"": -0.0816003754734993, ""fold_b_lcb"": -0.08744254153221846, ""fold_b_query_after"": 2.977041006088257, ""fold_b_utility"": 0.0837709903717041, ""harm_lcb_max"": -0.08693636432290078, ""harm_mean"": -0.08118990063667297, ""harm_se_mean"": 0.0030609960667788982, ""harm_ucb_max"": -0.07462248727679252, ""local_trainability"": 0.08409273624420166, ""query_after"": 3.0343765020370483, ""query_before"": 3.11846923828125, ""system_utility"": 0.08409273624420166}, ""adapter_2"": {""feasible_both"": true, ""fold_a_harm"": -0.07803286612033844, ""fold_a_lcb"": -0.08151324066333472, ""fold_a_query_after"": 4.704609394073486, ""fold_a_utility"": -1.5284829139709473, ""fold_b_harm"": -0.07885873317718506, ""fold_b_lcb"": -0.08215824534650892, ""fold_b_query_after"": 4.615485191345215, ""fold_b_utility"": -1.554673194885254, ""harm_lcb_max"": -0.08151324066333472, ""harm_mean"": -0.07844579964876175, ""harm_se_mean"": 0.0017295629368163645, ""harm_ucb_max"": -0.07455249157734216, ""local_trainability"": -0.02811121940612793, ""query_after"": 4.660047292709351, ""query_before"": 4.631936073303223, ""system_utility"": -1.5415780544281006}, ""default"": {""feasible_both"": true, ""fold_a_harm"": 0.0016015749424695969, ""fold_a_lcb"": -0.007884734831750393, ""fold_a_query_after"": 6.0304765701293945, ""fold_a_utility"": -2.8543500900268555, ""fold_b_harm"": 0.0013658460229635239, ""fold_b_lcb"": -0.008353387452661992, ""fold_b_query_after"": 6.302732467651367, ""fold_b_utility"": -3.2419204711914062, ""harm_lcb_max"": -0.007884734831750393, ""harm_mean"": 0.0014837104827165604, ""harm_se_mean"": 0.0048993732780218124, ""harm_ucb_max"": 0.011087884716689587, ""local_trainability"": 0.07793617248535156, ""query_after"": 6.166604518890381, ""query_before"": 6.244540691375732, ""system_utility"": -3.048135280609131}}, ""status"": ""ok"", ""statusquo_loss"": 3.11846923828125, ""total_memory_budget"": 512}, ""utility_status"": ""ok""}"
68,A2,A,2,adapter_1,reuse,safe_existing_reuse,3.2277638912200928,3,True,442368,1949415,0,69404468,797261,19134600,510,45.8820020260755,523504640,0.0,38.3086917437613,5.522149112774059,512,510,3.172971248626709,-1.1451656818389893,0.08257627487182617,-1.2277419567108154,False,,"{""best_reuse"": ""adapter_1"", ""best_reuse_utility"": 0.08257627487182617, ""decision"": ""reuse"", ""fresh_advantage"": -1.2277419567108154, ""fresh_positive"": false, ""fresh_utility"": -1.1451656818389893, ""full_batch_guards"": {""adapter_1"": {""crossfit_feasible"": true, ""crossfit_utility"": 0.08257627487182617, ""crossfit_utility_positive"": true, ""full_batch_cur_after"": 3.0778634548187256, ""full_batch_cur_before"": 3.172971248626709, ""full_batch_gain"": 0.0951077938079834, ""full_batch_harm"": -0.0852612853050232, ""full_batch_harm_lcb"": -0.09113276533782483, ""full_batch_harm_se"": 0.0029956530779600143, ""full_batch_harm_ucb"": -0.07938980527222156, ""full_batch_safe"": true}, ""adapter_2"": {""crossfit_feasible"": true, ""crossfit_utility"": -1.4735298156738281, ""crossfit_utility_positive"": false, ""full_batch_cur_after"": 4.620269298553467, ""full_batch_cur_before"": 4.623573303222656, ""full_batch_gain"": 0.003304004669189453, ""full_batch_harm"": -0.0773935541510582, ""full_batch_harm_lcb"": -0.08048097855877132, ""full_batch_harm_se"": 0.0015752165345475078, ""full_batch_harm_ucb"": -0.07430612974334508, ""full_batch_safe"": true}, ""default"": {""crossfit_feasible"": true, ""crossfit_utility"": -3.1850972175598145, ""crossfit_utility_positive"": false, ""full_batch_cur_after"": 6.317019462585449, ""full_batch_cur_before"": 6.398204803466797, ""full_batch_gain"": 0.08118534088134766, ""full_batch_harm"": 0.0004269033670425415, ""full_batch_harm_lcb"": -0.009115403965115548, ""full_batch_harm_se"": 0.004868524149060249, ""full_batch_harm_ucb"": 0.00996921069920063, ""full_batch_safe"": true}}, ""guarded_best_reuse"": ""adapter_1"", ""num_adapters"": 3, ""pending_after"": false, ""pending_before"": false, ""policy_version"": ""cau_v1"", ""reason"": ""safe_existing_reuse"", ""utility"": {""batch_n"": 16, ""best_reuse"": ""adapter_1"", ""best_reuse_query_after"": 3.090394973754883, ""best_reuse_utility"": 0.08257627487182617, ""budget_blocked_fresh"": false, ""defer_utility"": 0.0, ""fold_a_fresh_utility"": -1.1979756355285645, ""fold_a_query_n"": 8, ""fold_a_support_n"": 8, ""fold_b_fresh_utility"": -1.092355728149414, ""fold_b_query_n"": 8, ""fold_b_support_n"": 8, ""fresh_advantage"": -1.2277419567108154, ""fresh_local_trainability"": 0.04501056671142578, ""fresh_positive"": false, ""fresh_query_after"": 4.318136930465698, ""fresh_query_before"": 4.363147497177124, ""fresh_utility"": -1.1451656818389893, ""max_adapters"": 8, ""reuse_profiles"": {""adapter_1"": {""feasible_both"": true, ""fold_a_harm"": -0.08390316367149353, ""fold_a_lcb"": -0.09109377345070242, ""fold_a_query_after"": 3.0349056720733643, ""fold_a_utility"": 0.07413363456726074, ""fold_b_harm"": -0.08287403732538223, ""fold_b_lcb"": -0.08650323404464871, ""fold_b_query_after"": 3.1458842754364014, ""fold_b_utility"": 0.0910189151763916, ""harm_lcb_max"": -0.08650323404464871, ""harm_mean"": -0.08338860049843788, ""harm_se_mean"": 0.0027601547189988196, ""harm_ucb_max"": -0.07671255389228464, ""local_trainability"": 0.08257627487182617, ""query_after"": 3.090394973754883, ""query_before"": 3.172971248626709, ""system_utility"": 0.08257627487182617}, ""adapter_2"": {""feasible_both"": true, ""fold_a_harm"": -0.07884792983531952, ""fold_a_lcb"": -0.08219249268528074, ""fold_a_query_after"": 4.629924297332764, ""fold_a_utility"": -1.5208849906921387, ""fold_b_harm"": -0.07813066244125366, ""fold_b_lcb"": -0.0812082701176405, ""fold_b_query_after"": 4.6630778312683105, ""fold_b_utility"": -1.4261746406555176, ""harm_lcb_max"": -0.0812082701176405, ""harm_mean"": -0.07848929613828659, ""harm_se_mean"": 0.0016383088077418506, ""harm_ucb_max"": -0.07505305476486683, ""local_trainability"": -0.022927284240722656, ""query_after"": 4.646501064300537, ""query_before"": 4.6235737800598145, ""system_utility"": -1.4735298156738281}, ""default"": {""feasible_both"": true, ""fold_a_harm"": 0.0006605181843042374, ""fold_a_lcb"": -0.008847157806158065, ""fold_a_query_after"": 6.42368745803833, ""fold_a_utility"": -3.314648151397705, ""fold_b_harm"": 1.952238380908966e-05, ""fold_b_lcb"": -0.009501094724982976, ""fold_b_query_after"": 6.292449474334717, ""fold_b_utility"": -3.055546283721924, ""harm_lcb_max"": -0.008847157806158065, ""harm_mean"": 0.0003400202840566635, ""harm_se_mean"": 0.004854156402871013, ""harm_ucb_max"": 0.01016819417476654, ""local_trainability"": 0.04013681411743164, ""query_after"": 6.358068466186523, ""query_before"": 6.398205280303955, ""system_utility"": -3.1850972175598145}}, ""status"": ""ok"", ""statusquo_loss"": 3.172971248626709, ""total_memory_budget"": 512}, ""utility_status"": ""ok""}"
69,A2,A,2,adapter_1,reuse,safe_existing_reuse,2.9688057899475098,3,True,442368,1949415,0,69404468,797261,19134600,510,46.82576471217908,523504640,0.0,39.244565369561315,5.522149112774059,512,510,2.886783719062805,-1.3668814897537231,0.08655130863189697,-1.4534327983856201,False,,"{""best_reuse"": ""adapter_1"", ""best_reuse_utility"": 0.08655130863189697, ""decision"": ""reuse"", ""fresh_advantage"": -1.4534327983856201, ""fresh_positive"": false, ""fresh_utility"": -1.3668814897537231, ""full_batch_guards"": {""adapter_1"": {""crossfit_feasible"": true, ""crossfit_utility"": 0.08655130863189697, ""crossfit_utility_positive"": true, ""full_batch_cur_after"": 2.7905821800231934, ""full_batch_cur_before"": 2.8867835998535156, ""full_batch_gain"": 0.09620141983032227, ""full_batch_harm"": -0.0727664902806282, ""full_batch_harm_lcb"": -0.08088269805535674, ""full_batch_harm_se"": 0.004140922334045172, ""full_batch_harm_ucb"": -0.06465028250589967, ""full_batch_safe"": true}, ""adapter_2"": {""crossfit_feasible"": true, ""crossfit_utility"": -1.7566450834274292, ""crossfit_utility_positive"": false, ""full_batch_cur_after"": 4.6263747215271, ""full_batch_cur_before"": 4.628812789916992, ""full_batch_gain"": 0.002438068389892578, ""full_batch_harm"": -0.07847380638122559, ""full_batch_harm_lcb"": -0.08200415925122798, ""full_batch_harm_se"": 0.0018012004438787699, ""full_batch_harm_ucb"": -0.0749434535112232, ""full_batch_safe"": true}, ""default"": {""crossfit_feasible"": true, ""crossfit_utility"": -3.360807776451111, ""crossfit_utility_positive"": false, ""full_batch_cur_after"": 6.2187275886535645, ""full_batch_cur_before"": 6.304463863372803, ""full_batch_gain"": 0.08573627471923828, ""full_batch_harm"": 0.0006072297692298889, ""full_batch_harm_lcb"": -0.008885330148041248, ""full_batch_harm_se"": 0.004843142814934254, ""full_batch_harm_ucb"": 0.010099789686501026, ""full_batch_safe"": true}}, ""guarded_best_reuse"": ""adapter_1"", ""num_adapters"": 3, ""pending_after"": false, ""pending_before"": false, ""policy_version"": ""cau_v1"", ""reason"": ""safe_existing_reuse"", ""utility"": {""batch_n"": 16, ""best_reuse"": ""adapter_1"", ""best_reuse_query_after"": 2.800232410430908, ""best_reuse_utility"": 0.08655130863189697, ""budget_blocked_fresh"": false, ""defer_utility"": 0.0, ""fold_a_fresh_utility"": -1.3599767684936523, ""fold_a_query_n"": 8, ""fold_a_support_n"": 8, ""fold_b_fresh_utility"": -1.373786211013794, ""fold_b_query_n"": 8, ""fold_b_support_n"": 8, ""fresh_advantage"": -1.4534327983856201, ""fresh_local_trainability"": 0.06573271751403809, ""fresh_positive"": false, ""fresh_query_after"": 4.253665208816528, ""fresh_query_before"": 4.319397926330566, ""fresh_utility"": -1.3668814897537231, ""max_adapters"": 8, ""reuse_profiles"": {""adapter_1"": {""feasible_both"": true, ""fold_a_harm"": -0.07395000755786896, ""fold_a_lcb"": -0.08196841903030873, ""fold_a_query_after"": 2.7705211639404297, ""fold_a_utility"": 0.08787775039672852, ""fold_b_harm"": -0.07019419968128204, ""fold_b_lcb"": -0.0783147381991148, ""fold_b_query_after"": 2.8299436569213867, ""fold_b_utility"": 0.08522486686706543, ""harm_lcb_max"": -0.0783147381991148, ""harm_mean"": -0.0720721036195755, ""harm_se_mean"": 0.0041170790791511536, ""harm_ucb_max"": -0.062073661163449284, ""local_trainability"": 0.08655130863189697, ""query_after"": 2.800232410430908, ""query_before"": 2.886783719062805, ""system_utility"": 0.08655130863189697}, ""adapter_2"": {""feasible_both"": true, ""fold_a_harm"": -0.07849430292844772, ""fold_a_lcb"": -0.08203789103310555, ""fold_a_query_after"": 4.607783317565918, ""fold_a_utility"": -1.7493844032287598, ""fold_b_harm"": -0.08075305819511414, ""fold_b_lcb"": -0.08422078140079975, ""fold_b_query_after"": 4.679074287414551, ""fold_b_utility"": -1.7639057636260986, ""harm_lcb_max"": -0.08203789103310555, ""harm_mean"": -0.07962368056178093, ""harm_se_mean"": 0.0017885998240672052, ""harm_ucb_max"": -0.0749507148237899, ""local_trainability"": -0.014616012573242188, ""query_after"": 4.643428802490234, ""query_before"": 4.628812789916992, ""system_utility"": -1.7566450834274292}, ""default"": {""feasible_both"": true, ""fold_a_harm"": 0.000491611659526825, ""fold_a_lcb"": -0.009136215299367905, ""fold_a_query_after"": 6.2060699462890625, ""fold_a_utility"": -3.3476710319519043, ""fold_b_harm"": -0.00012719444930553436, ""fold_b_lcb"": -0.00967623656615615, ""fold_b_query_after"": 6.2891130447387695, ""fold_b_utility"": -3.3739445209503174, ""harm_lcb_max"": -0.009136215299367905, ""harm_mean"": 0.0001822086051106453, ""harm_se_mean"": 0.004892058437690139, ""harm_ucb_max"": 0.010119438618421555, ""local_trainability"": 0.056871891021728516, ""query_after"": 6.247591495513916, ""query_before"": 6.3044633865356445, ""system_utility"": -3.360807776451111}}, ""status"": ""ok"", ""statusquo_loss"": 2.886783719062805, ""total_memory_budget"": 512}, ""utility_status"": ""ok""}"
70,A2,A,2,adapter_1,reuse,safe_existing_reuse,2.877474784851074,3,True,442368,1949415,0,69404468,797261,19134600,510,47.80640142504126,523504640,0.0,40.216970023466274,5.522149112774059,512,510,2.8404074907302856,-1.4658650159835815,0.07068741321563721,-1.5365524291992188,False,,"{""best_reuse"": ""adapter_1"", ""best_reuse_utility"": 0.07068741321563721, ""decision"": ""reuse"", ""fresh_advantage"": -1.5365524291992188, ""fresh_positive"": false, ""fresh_utility"": -1.4658650159835815, ""full_batch_guards"": {""adapter_1"": {""crossfit_feasible"": true, ""crossfit_utility"": 0.07068741321563721, ""crossfit_utility_positive"": true, ""full_batch_cur_after"": 2.753438949584961, ""full_batch_cur_before"": 2.840407609939575, ""full_batch_gain"": 0.08696866035461426, ""full_batch_harm"": -0.07707180082798004, ""full_batch_harm_lcb"": -0.08473654255270958, ""full_batch_harm_se"": 0.003910582512617111, ""full_batch_harm_ucb"": -0.0694070591032505, ""full_batch_safe"": true}, ""adapter_2"": {""crossfit_feasible"": true, ""crossfit_utility"": -1.8211089372634888, ""crossfit_utility_positive"": false, ""full_batch_cur_after"": 4.629877090454102, ""full_batch_cur_before"": 4.626960754394531, ""full_batch_gain"": -0.0029163360595703125, ""full_batch_harm"": -0.0760750025510788, ""full_batch_harm_lcb"": -0.07937773904763162, ""full_batch_harm_se"": 0.00168506964109838, ""full_batch_harm_ucb"": -0.07277226605452597, ""full_batch_safe"": true}, ""default"": {""crossfit_feasible"": true, ""crossfit_utility"": -3.4210199117660522, ""crossfit_utility_positive"": false, ""full_batch_cur_after"": 6.215458869934082, ""full_batch_cur_before"": 6.297643661499023, ""full_batch_gain"": 0.0821847915649414, ""full_batch_harm"": 0.001754608005285263, ""full_batch_harm_lcb"": -0.007879663500934839, ""full_batch_harm_se"": 0.0049154446460306644, ""full_batch_harm_ucb"": 0.011388879511505365, ""full_batch_safe"": true}}, ""guarded_best_reuse"": ""adapter_1"", ""num_adapters"": 3, ""pending_after"": false, ""pending_before"": false, ""policy_version"": ""cau_v1"", ""reason"": ""safe_existing_reuse"", ""utility"": {""batch_n"": 16, ""best_reuse"": ""adapter_1"", ""best_reuse_query_after"": 2.7697200775146484, ""best_reuse_utility"": 0.07068741321563721, ""budget_blocked_fresh"": false, ""defer_utility"": 0.0, ""fold_a_fresh_utility"": -1.4549944400787354, ""fold_a_query_n"": 8, ""fold_a_support_n"": 8, ""fold_b_fresh_utility"": -1.4767355918884277, ""fold_b_query_n"": 8, ""fold_b_support_n"": 8, ""fresh_advantage"": -1.5365524291992188, ""fresh_local_trainability"": 0.018436908721923828, ""fresh_positive"": false, ""fresh_query_after"": 4.306272506713867, ""fresh_query_before"": 4.324709415435791, ""fresh_utility"": -1.4658650159835815, ""max_adapters"": 8, ""reuse_profiles"": {""adapter_1"": {""feasible_both"": true, ""fold_a_harm"": -0.07567497342824936, ""fold_a_lcb"": -0.08370058150961995, ""fold_a_query_after"": 2.8013579845428467, ""fold_a_utility"": 0.06243705749511719, ""fold_b_harm"": -0.07254301011562347, ""fold_b_lcb"": -0.07995897688902914, ""fold_b_query_after"": 2.73808217048645, ""fold_b_utility"": 0.07893776893615723, ""harm_lcb_max"": -0.07995897688902914, ""harm_mean"": -0.07410899177193642, ""harm_se_mean"": 0.003939177258871496, ""harm_ucb_max"": -0.0651270433422178, ""local_trainability"": 0.07068741321563721, ""query_after"": 2.7697200775146484, ""query_before"": 2.8404074907302856, ""system_utility"": 0.07068741321563721}, ""adapter_2"": {""feasible_both"": true, ""fold_a_harm"": -0.07888718694448471, ""fold_a_lcb"": -0.08246360176242888, ""fold_a_query_after"": 4.721926689147949, ""fold_a_utility"": -1.8581316471099854, ""fold_b_harm"": -0.0775810033082962, ""fold_b_lcb"": -0.08079600620549172, ""fold_b_query_after"": 4.6011061668396, ""fold_b_utility"": -1.7840862274169922, ""harm_lcb_max"": -0.08079600620549172, ""harm_mean"": -0.07823409512639046, ""harm_se_mean"": 0.0017325045191682875, ""harm_ucb_max"": -0.07436600041110068, ""local_trainability"": -0.034555912017822266, ""query_after"": 4.661516427993774, ""query_before"": 4.626960515975952, ""system_utility"": -1.8211089372634888}, ""default"": {""feasible_both"": true, ""fold_a_harm"": 0.0008214190602302551, ""fold_a_lcb"": -0.008927844855934381, ""fold_a_query_after"": 6.082318305969238, ""fold_a_utility"": -3.2185232639312744, ""fold_b_harm"": 0.0006315112113952637, ""fold_b_lcb"": -0.008770664408802985, ""fold_b_query_after"": 6.4405364990234375, ""fold_b_utility"": -3.62351655960083, ""harm_lcb_max"": -0.008770664408802985, ""harm_mean"": 0.0007264651358127594, ""harm_se_mean"": 0.004885571310296655, ""harm_ucb_max"": 0.010570682976394892, ""local_trainability"": 0.03621649742126465, ""query_after"": 6.261427402496338, ""query_before"": 6.2976438999176025, ""system_utility"": -3.4210199117660522}}, ""status"": ""ok"", ""statusquo_loss"": 2.8404074907302856, ""total_memory_budget"": 512}, ""utility_status"": ""ok""}"
71,A2,A,2,adapter_1,reuse,safe_existing_reuse,2.8612782955169678,3,True,442368,1949415,0,69404468,797261,19134600,510,48.749211074085906,523504640,0.0,41.15185552253388,5.522149112774059,512,510,2.8018213510513306,-1.5208386182785034,0.08083999156951904,-1.6016786098480225,False,,"{""best_reuse"": ""adapter_1"", ""best_reuse_utility"": 0.08083999156951904, ""decision"": ""reuse"", ""fresh_advantage"": -1.6016786098480225, ""fresh_positive"": false, ""fresh_utility"": -1.5208386182785034, ""full_batch_guards"": {""adapter_1"": {""crossfit_feasible"": true, ""crossfit_utility"": 0.08083999156951904, ""crossfit_utility_positive"": true, ""full_batch_cur_after"": 2.70483660697937, ""full_batch_cur_before"": 2.801821231842041, ""full_batch_gain"": 0.0969846248626709, ""full_batch_harm"": -0.06886753439903259, ""full_batch_harm_lcb"": -0.07962545074522495, ""full_batch_harm_se"": 0.0054887328296899796, ""full_batch_harm_ucb"": -0.058109618052840234, ""full_batch_safe"": true}, ""adapter_2"": {""crossfit_feasible"": true, ""crossfit_utility"": -1.8342095613479614, ""crossfit_utility_positive"": false, ""full_batch_cur_after"": 4.606346607208252, ""full_batch_cur_before"": 4.605505466461182, ""full_batch_gain"": -0.0008411407470703125, ""full_batch_harm"": -0.07678031921386719, ""full_batch_harm_lcb"": -0.08012507897801698, ""full_batch_harm_se"": 0.0017065100837498903, ""full_batch_harm_ucb"": -0.0734355594497174, ""full_batch_safe"": true}, ""default"": {""crossfit_feasible"": true, ""crossfit_utility"": -3.5324867963790894, ""crossfit_utility_positive"": false, ""full_batch_cur_after"": 6.275689601898193, ""full_batch_cur_before"": 6.3365044593811035, ""full_batch_gain"": 0.060814857482910156, ""full_batch_harm"": 0.0013622641563415527, ""full_batch_harm_lcb"": -0.008137044236063958, ""full_batch_harm_se"": 0.004846585914492607, ""full_batch_harm_ucb"": 0.010861572548747063, ""full_batch_safe"": true}}, ""guarded_best_reuse"": ""adapter_1"", ""num_adapters"": 3, ""pending_after"": false, ""pending_before"": false, ""policy_version"": ""cau_v1"", ""reason"": ""safe_existing_reuse"", ""utility"": {""batch_n"": 16, ""best_reuse"": ""adapter_1"", ""best_reuse_query_after"": 2.7209813594818115, ""best_reuse_utility"": 0.08083999156951904, ""budget_blocked_fresh"": false, ""defer_utility"": 0.0, ""fold_a_fresh_utility"": -1.5798134803771973, ""fold_a_query_n"": 8, ""fold_a_support_n"": 8, ""fold_b_fresh_utility"": -1.4618637561798096, ""fold_b_query_n"": 8, ""fold_b_support_n"": 8, ""fresh_advantage"": -1.6016786098480225, ""fresh_local_trainability"": 0.018347740173339844, ""fresh_positive"": false, ""fresh_query_after"": 4.322659969329834, ""fresh_query_before"": 4.341007709503174, ""fresh_utility"": -1.5208386182785034, ""max_adapters"": 8, ""reuse_profiles"": {""adapter_1"": {""feasible_both"": true, ""fold_a_harm"": -0.0681183785200119, ""fold_a_lcb"": -0.07764676449820399, ""fold_a_query_after"": 2.6745810508728027, ""fold_a_utility"": 0.09154987335205078, ""fold_b_harm"": -0.06637827306985855, ""fold_b_lcb"": -0.07785783633589745, ""fold_b_query_after"": 2.7673816680908203, ""fold_b_utility"": 0.0701301097869873, ""harm_lcb_max"": -0.07764676449820399, ""harm_mean"": -0.06724832579493523, ""harm_se_mean"": 0.005359170725569129, ""harm_ucb_max"": -0.054898709803819654, ""local_trainability"": 0.08083999156951904, ""query_after"": 2.7209813594818115, ""query_before"": 2.8018213510513306, ""system_utility"": 0.08083999156951904}, ""adapter_2"": {""feasible_both"": true, ""fold_a_harm"": -0.0795171856880188, ""fold_a_lcb"": -0.08288551195058971, ""fold_a_query_after"": 4.739795207977295, ""fold_a_utility"": -1.9736642837524414, ""fold_b_harm"": -0.07830972224473953, ""fold_b_lcb"": -0.0817450960772112, ""fold_b_query_after"": 4.532266616821289, ""fold_b_utility"": -1.6947548389434814, ""harm_lcb_max"": -0.0817450960772112, ""harm_mean"": -0.07891345396637917, ""harm_se_mean"": 0.0017356377793475986, ""harm_ucb_max"": -0.07487434841226787, ""local_trainability"": -0.03052544593811035, ""query_after"": 4.636030912399292, ""query_before"": 4.605505466461182, ""system_utility"": -1.8342095613479614}, ""default"": {""feasible_both"": true, ""fold_a_harm"": -0.0020240191370248795, ""fold_a_lcb"": -0.011569618564099073, ""fold_a_query_after"": 6.050907135009766, ""fold_a_utility"": -3.284776210784912, ""fold_b_harm"": 0.0012407954782247543, ""fold_b_lcb"": -0.008396018799394368, ""fold_b_query_after"": 6.617709159851074, ""fold_b_utility"": -3.7801973819732666, ""harm_lcb_max"": -0.008396018799394368, ""harm_mean"": -0.00039161182940006256, ""harm_se_mean"": 0.004893472883850336, ""harm_ucb_max"": 0.010877609755843877, ""local_trainability"": 0.0021963119506835938, ""query_after"": 6.33430814743042, ""query_before"": 6.3365044593811035, ""system_utility"": -3.5324867963790894}}, ""status"": ""ok"", ""statusquo_loss"": 2.8018213510513306, ""total_memory_budget"": 512}, ""utility_status"": ""ok""}"
72,A2,A,2,adapter_1,reuse,safe_existing_reuse,2.7126290798187256,3,True,442368,1949415,0,69404468,797261,19134600,510,49.71092183003202,523504640,0.0,42.10549643449485,5.522149112774059,512,510,2.649552583694458,-1.6463801860809326,0.061104655265808105,-1.7074848413467407,False,,"{""best_reuse"": ""adapter_1"", ""best_reuse_utility"": 0.061104655265808105, ""decision"": ""reuse"", ""fresh_advantage"": -1.7074848413467407, ""fresh_positive"": false, ""fresh_utility"": -1.6463801860809326, ""full_batch_guards"": {""adapter_1"": {""crossfit_feasible"": true, ""crossfit_utility"": 0.061104655265808105, ""crossfit_utility_positive"": true, ""full_batch_cur_after"": 2.5741958618164062, ""full_batch_cur_before"": 2.649552345275879, ""full_batch_gain"": 0.07535648345947266, ""full_batch_harm"": -0.0739346295595169, ""full_batch_harm_lcb"": -0.08332715341821313, ""full_batch_harm_se"": 0.004792104009538889, ""full_batch_harm_ucb"": -0.06454210570082068, ""full_batch_safe"": true}, ""adapter_2"": {""crossfit_feasible"": true, ""crossfit_utility"": -2.0013821125030518, ""crossfit_utility_positive"": false, ""full_batch_cur_after"": 4.6269121170043945, ""full_batch_cur_before"": 4.6245012283325195, ""full_batch_gain"": -0.002410888671875, ""full_batch_harm"": -0.0754048079252243, ""full_batch_harm_lcb"": -0.07869064630940556, ""full_batch_harm_se"": 0.001676448155194521, ""full_batch_harm_ucb"": -0.07211896954104305, ""full_batch_safe"": true}, ""default"": {""crossfit_feasible"": true, ""crossfit_utility"": -3.750852108001709, ""crossfit_utility_positive"": false, ""full_batch_cur_after"": 6.359460830688477, ""full_batch_cur_before"": 6.465587615966797, ""full_batch_gain"": 0.10612678527832031, ""full_batch_harm"": 0.0020831916481256485, ""full_batch_harm_lcb"": -0.007639195192605256, ""full_batch_harm_se"": 0.004960401449352503, ""full_batch_harm_ucb"": 0.011805578488856553, ""full_batch_safe"": true}}, ""guarded_best_reuse"": ""adapter_1"", ""num_adapters"": 3, ""pending_after"": false, ""pending_before"": false, ""policy_version"": ""cau_v1"", ""reason"": ""safe_existing_reuse"", ""utility"": {""batch_n"": 16, ""best_reuse"": ""adapter_1"", ""best_reuse_query_after"": 2.58844792842865, ""best_reuse_utility"": 0.061104655265808105, ""budget_blocked_fresh"": false, ""defer_utility"": 0.0, ""fold_a_fresh_utility"": -1.6867661476135254, ""fold_a_query_n"": 8, ""fold_a_support_n"": 8, ""fold_b_fresh_utility"": -1.6059942245483398, ""fold_b_query_n"": 8, ""fold_b_support_n"": 8, ""fresh_advantage"": -1.7074848413467407, ""fresh_local_trainability"": 0.0366673469543457, ""fresh_positive"": false, ""fresh_query_after"": 4.295932769775391, ""fresh_query_before"": 4.332600116729736, ""fresh_utility"": -1.6463801860809326, ""max_adapters"": 8, ""reuse_profiles"": {""adapter_1"": {""feasible_both"": true, ""fold_a_harm"": -0.07194993644952774, ""fold_a_lcb"": -0.08142548736184835, ""fold_a_query_after"": 2.5618488788604736, ""fold_a_utility"": 0.06446480751037598, ""fold_b_harm"": -0.0724170058965683, ""fold_b_lcb"": -0.08274413788691162, ""fold_b_query_after"": 2.615046977996826, ""fold_b_utility"": 0.057744503021240234, ""harm_lcb_max"": -0.08142548736184835, ""harm_mean"": -0.07218347117304802, ""harm_se_mean"": 0.0050517048221081495, ""harm_ucb_max"": -0.06208987390622497, ""local_trainability"": 0.061104655265808105, ""query_after"": 2.58844792842865, ""query_before"": 2.649552583694458, ""system_utility"": 0.061104655265808105}, ""adapter_2"": {""feasible_both"": true, ""fold_a_harm"": -0.07804074883460999, ""fold_a_lcb"": -0.08129282613284886, ""fold_a_query_after"": 4.632206916809082, ""fold_a_utility"": -2.0058932304382324, ""fold_b_harm"": -0.07669203728437424, ""fold_b_lcb"": -0.08006698766723275, ""fold_b_query_after"": 4.6696624755859375, ""fold_b_utility"": -1.996870994567871, ""harm_lcb_max"": -0.08006698766723275, ""harm_mean"": -0.07736639305949211, ""harm_se_mean"": 0.0016905682859942317, ""harm_ucb_max"": -0.07331708690151573, ""local_trainability"": -0.026433706283569336, ""query_after"": 4.65093469619751, ""query_before"": 4.62450098991394, ""system_utility"": -2.0013821125030518}, ""default"": {""feasible_both"": true, ""fold_a_harm"": 0.00047182291746139526, ""fold_a_lcb"": -0.009188824594020843, ""fold_a_query_after"": 6.452676296234131, ""fold_a_utility"": -3.8263626098632812, ""fold_b_harm"": 0.0007918737828731537, ""fold_b_lcb"": -0.008948539718985557, ""fold_b_query_after"": 6.348133087158203, ""fold_b_utility"": -3.6753416061401367, ""harm_lcb_max"": -0.008948539718985557, ""harm_mean"": 0.0006318483501672745, ""harm_se_mean"": 0.004949250258505344, ""harm_ucb_max"": 0.010532287284731864, ""local_trainability"": 0.06518292427062988, ""query_after"": 6.400404691696167, ""query_before"": 6.465587615966797, ""system_utility"": -3.750852108001709}}, ""status"": ""ok"", ""statusquo_loss"": 2.649552583694458, ""total_memory_budget"": 512}, ""utility_status"": ""ok""}"
73,A2,A,2,adapter_1,reuse,safe_existing_reuse,2.6582705974578857,3,True,442368,1949415,0,69404468,797261,19134600,510,50.66232905909419,523504640,0.0,43.048628982622176,5.522149112774059,512,510,2.6045103073120117,-1.692969560623169,0.05873537063598633,-1.7517049312591553,False,,"{""best_reuse"": ""adapter_1"", ""best_reuse_utility"": 0.05873537063598633, ""decision"": ""reuse"", ""fresh_advantage"": -1.7517049312591553, ""fresh_positive"": false, ""fresh_utility"": -1.692969560623169, ""full_batch_guards"": {""adapter_1"": {""crossfit_feasible"": true, ""crossfit_utility"": 0.05873537063598633, ""crossfit_utility_positive"": true, ""full_batch_cur_after"": 2.5305471420288086, ""full_batch_cur_before"": 2.6045103073120117, ""full_batch_gain"": 0.07396316528320312, ""full_batch_harm"": -0.06623914837837219, ""full_batch_harm_lcb"": -0.07149446315132081, ""full_batch_harm_se"": 0.0026812830474227667, ""full_batch_harm_ucb"": -0.060983833605423574, ""full_batch_safe"": true}, ""adapter_2"": {""crossfit_feasible"": true, ""crossfit_utility"": -1.9881157875061035, ""crossfit_utility_positive"": false, ""full_batch_cur_after"": 4.568106651306152, ""full_batch_cur_before"": 4.568130016326904, ""full_batch_gain"": 2.3365020751953125e-05, ""full_batch_harm"": -0.07682247459888458, ""full_batch_harm_lcb"": -0.08009759610518813, ""full_batch_harm_se"": 0.0016709803603589535, ""full_batch_harm_ucb"": -0.07354735309258104, ""full_batch_safe"": true}, ""default"": {""crossfit_feasible"": true, ""crossfit_utility"": -3.773282051086426, ""crossfit_utility_positive"": false, ""full_batch_cur_after"": 6.334994316101074, ""full_batch_cur_before"": 6.422285079956055, ""full_batch_gain"": 0.08729076385498047, ""full_batch_harm"": 0.0014065243303775787, ""full_batch_harm_lcb"": -0.008221131954342127, ""full_batch_harm_se"": 0.004912069533020258, ""full_batch_harm_ucb"": 0.011034180615097285, ""full_batch_safe"": true}}, ""guarded_best_reuse"": ""adapter_1"", ""num_adapters"": 3, ""pending_after"": false, ""pending_before"": false, ""policy_version"": ""cau_v1"", ""reason"": ""safe_existing_reuse"", ""utility"": {""batch_n"": 16, ""best_reuse"": ""adapter_1"", ""best_reuse_query_after"": 2.5457749366760254, ""best_reuse_utility"": 0.05873537063598633, ""budget_blocked_fresh"": false, ""defer_utility"": 0.0, ""fold_a_fresh_utility"": -1.6787080764770508, ""fold_a_query_n"": 8, ""fold_a_support_n"": 8, ""fold_b_fresh_utility"": -1.707231044769287, ""fold_b_query_n"": 8, ""fold_b_support_n"": 8, ""fresh_advantage"": -1.7517049312591553, ""fresh_local_trainability"": 0.03575277328491211, ""fresh_positive"": false, ""fresh_query_after"": 4.297479867935181, ""fresh_query_before"": 4.333232641220093, ""fresh_utility"": -1.692969560623169, ""max_adapters"": 8, ""reuse_profiles"": {""adapter_1"": {""feasible_both"": true, ""fold_a_harm"": -0.06322795152664185, ""fold_a_lcb"": -0.0697130700200796, ""fold_a_query_after"": 2.5492007732391357, ""fold_a_utility"": 0.05572390556335449, ""fold_b_harm"": -0.06664078682661057, ""fold_b_lcb"": -0.07192441160790622, ""fold_b_query_after"": 2.542349100112915, ""fold_b_utility"": 0.061746835708618164, ""harm_lcb_max"": -0.0697130700200796, ""harm_mean"": -0.0649343691766262, ""harm_se_mean"": 0.0030022304272279143, ""harm_ucb_max"": -0.05674283303320408, ""local_trainability"": 0.05873537063598633, ""query_after"": 2.5457749366760254, ""query_before"": 2.6045103073120117, ""system_utility"": 0.05873537063598633}, ""adapter_2"": {""feasible_both"": true, ""fold_a_harm"": -0.07859683036804199, ""fold_a_lcb"": -0.08198613586369902, ""fold_a_query_after"": 4.5963544845581055, ""fold_a_utility"": -1.9914298057556152, ""fold_b_harm"": -0.07881210744380951, ""fold_b_lcb"": -0.08205405016429722, ""fold_b_query_after"": 4.588897705078125, ""fold_b_utility"": -1.9848017692565918, ""harm_lcb_max"": -0.08198613586369902, ""harm_mean"": -0.07870446890592575, ""harm_se_mean"": 0.001691644953098148, ""harm_ucb_max"": -0.07520752487238497, ""local_trainability"": -0.024495840072631836, ""query_after"": 4.592626094818115, ""query_before"": 4.568130254745483, ""system_utility"": -1.9881157875061035}, ""default"": {""feasible_both"": true, ""fold_a_harm"": 0.0005364846438169479, ""fold_a_lcb"": -0.008949075806885958, ""fold_a_query_after"": 6.237371444702148, ""fold_a_utility"": -3.632446765899658, ""fold_b_harm"": 0.000428931787610054, ""fold_b_lcb"": -0.009270187690854073, ""fold_b_query_after"": 6.518213272094727, ""fold_b_utility"": -3.9141173362731934, ""harm_lcb_max"": -0.008949075806885958, ""harm_mean"": 0.000482708215713501, ""harm_se_mean"": 0.004894051002338529, ""harm_ucb_max"": 0.01012805126607418, ""local_trainability"": 0.04449272155761719, ""query_after"": 6.3777923583984375, ""query_before"": 6.422285079956055, ""system_utility"": -3.773282051086426}}, ""status"": ""ok"", ""statusquo_loss"": 2.6045103073120117, ""total_memory_budget"": 512}, ""utility_status"": ""ok""}"
74,A2,A,2,adapter_1,reuse,safe_existing_reuse,2.5392632484436035,3,True,442368,1949415,0,69404468,797261,19134600,510,51.62333198613487,523504640,0.0,43.99477771460079,5.522149112774059,512,510,2.5137345790863037,-1.7987549304962158,0.05547177791595459,-1.8542267084121704,False,,"{""best_reuse"": ""adapter_1"", ""best_reuse_utility"": 0.05547177791595459, ""decision"": ""reuse"", ""fresh_advantage"": -1.8542267084121704, ""fresh_positive"": false, ""fresh_utility"": -1.7987549304962158, ""full_batch_guards"": {""adapter_1"": {""crossfit_feasible"": true, ""crossfit_utility"": 0.05547177791595459, ""crossfit_utility_positive"": true, ""full_batch_cur_after"": 2.4390392303466797, ""full_batch_cur_before"": 2.5137343406677246, ""full_batch_gain"": 0.07469511032104492, ""full_batch_harm"": -0.05209575966000557, ""full_batch_harm_lcb"": -0.0619346895813942, ""full_batch_harm_se"": 0.005019862204790115, ""full_batch_harm_ucb"": -0.04225682973861694, ""full_batch_safe"": true}, ""adapter_2"": {""crossfit_feasible"": true, ""crossfit_utility"": -2.1060664653778076, ""crossfit_utility_positive"": false, ""full_batch_cur_after"": 4.588428497314453, ""full_batch_cur_before"": 4.586206912994385, ""full_batch_gain"": -0.0022215843200683594, ""full_batch_harm"": -0.07689434289932251, ""full_batch_harm_lcb"": -0.08018602938391269, ""full_batch_harm_se"": 0.0016794318798929453, ""full_batch_harm_ucb"": -0.07360265641473233, ""full_batch_safe"": true}, ""default"": {""crossfit_feasible"": true, ""crossfit_utility"": -3.7901904582977295, ""crossfit_utility_positive"": false, ""full_batch_cur_after"": 6.254066467285156, ""full_batch_cur_before"": 6.321943759918213, ""full_batch_gain"": 0.06787729263305664, ""full_batch_harm"": 0.0018543340265750885, ""full_batch_harm_lcb"": -0.00768000729382038, ""full_batch_harm_se"": 0.004864459857344627, ""full_batch_harm_ucb"": 0.011388675346970557, ""full_batch_safe"": true}}, ""guarded_best_reuse"": ""adapter_1"", ""num_adapters"": 3, ""pending_after"": false, ""pending_before"": false, ""policy_version"": ""cau_v1"", ""reason"": ""safe_existing_reuse"", ""utility"": {""batch_n"": 16, ""best_reuse"": ""adapter_1"", ""best_reuse_query_after"": 2.458262801170349, ""best_reuse_utility"": 0.05547177791595459, ""budget_blocked_fresh"": false, ""defer_utility"": 0.0, ""fold_a_fresh_utility"": -1.7759032249450684, ""fold_a_query_n"": 8, ""fold_a_support_n"": 8, ""fold_b_fresh_utility"": -1.8216066360473633, ""fold_b_query_n"": 8, ""fold_b_support_n"": 8, ""fresh_advantage"": -1.8542267084121704, ""fresh_local_trainability"": 0.016602277755737305, ""fresh_positive"": false, ""fresh_query_after"": 4.3124895095825195, ""fresh_query_before"": 4.329091787338257, ""fresh_utility"": -1.7987549304962158, ""max_adapters"": 8, ""reuse_profiles"": {""adapter_1"": {""feasible_both"": true, ""fold_a_harm"": -0.04814310371875763, ""fold_a_lcb"": -0.05859516555443406, ""fold_a_query_after"": 2.4423203468322754, ""fold_a_utility"": 0.05006217956542969, ""fold_b_harm"": -0.05391956865787506, ""fold_b_lcb"": -0.0632488171197474, ""fold_b_query_after"": 2.474205255508423, ""fold_b_utility"": 0.06088137626647949, ""harm_lcb_max"": -0.05859516555443406, ""harm_mean"": -0.051031336188316345, ""harm_se_mean"": 0.005046252626925707, ""harm_ucb_max"": -0.0376910418830812, ""local_trainability"": 0.05547177791595459, ""query_after"": 2.458262801170349, ""query_before"": 2.5137345790863037, ""system_utility"": 0.05547177791595459}, ""adapter_2"": {""feasible_both"": true, ""fold_a_harm"": -0.07914946973323822, ""fold_a_lcb"": -0.08257291622459889, ""fold_a_query_after"": 4.580051898956299, ""fold_a_utility"": -2.0876693725585938, ""fold_b_harm"": -0.07834053039550781, ""fold_b_lcb"": -0.08161073908675462, ""fold_b_query_after"": 4.659550189971924, ""fold_b_utility"": -2.1244635581970215, ""harm_lcb_max"": -0.08161073908675462, ""harm_mean"": -0.07874500006437302, ""harm_se_mean"": 0.001707565097603947, ""harm_ucb_max"": -0.075070321704261, ""local_trainability"": -0.03359413146972656, ""query_after"": 4.619801044464111, ""query_before"": 4.586206912994385, ""system_utility"": -2.1060664653778076}, ""default"": {""feasible_both"": true, ""fold_a_harm"": 0.0005825627595186234, ""fold_a_lcb"": -0.00915050445124507, ""fold_a_query_after"": 6.422035217285156, ""fold_a_utility"": -3.929652690887451, ""fold_b_harm"": 0.00039513036608695984, ""fold_b_lcb"": -0.00893521698191762, ""fold_b_query_after"": 6.18581485748291, ""fold_b_utility"": -3.650728225708008, ""harm_lcb_max"": -0.00893521698191762, ""harm_mean"": 0.0004888465628027916, ""harm_se_mean"": 0.004863115958869457, ""harm_ucb_max"": 0.010315629970282316, ""local_trainability"": 0.01801919937133789, ""query_after"": 6.303925037384033, ""query_before"": 6.321944236755371, ""system_utility"": -3.7901904582977295}}, ""status"": ""ok"", ""statusquo_loss"": 2.5137345790863037, ""total_memory_budget"": 512}, ""utility_status"": ""ok""}"
75,A2,A,2,adapter_1,reuse,safe_existing_reuse,2.574406147003174,3,True,442368,1949415,0,69404468,797261,19134600,510,52.60476756119169,523504640,0.0,44.96673338650726,5.522149112774059,512,510,2.5176652669906616,-1.76925790309906,0.03950202465057373,-1.8087599277496338,False,,"{""best_reuse"": ""adapter_1"", ""best_reuse_utility"": 0.03950202465057373, ""decision"": ""reuse"", ""fresh_advantage"": -1.8087599277496338, ""fresh_positive"": false, ""fresh_utility"": -1.76925790309906, ""full_batch_guards"": {""adapter_1"": {""crossfit_feasible"": true, ""crossfit_utility"": 0.03950202465057373, ""crossfit_utility_positive"": true, ""full_batch_cur_after"": 2.456667900085449, ""full_batch_cur_before"": 2.517665386199951, ""full_batch_gain"": 0.06099748611450195, ""full_batch_harm"": -0.04247944802045822, ""full_batch_harm_lcb"": -0.05348270803689957, ""full_batch_harm_se"": 0.0056139081716537476, ""full_batch_harm_ucb"": -0.03147618800401687, ""full_batch_safe"": true}, ""adapter_2"": {""crossfit_feasible"": true, ""crossfit_utility"": -2.0555871725082397, ""crossfit_utility_positive"": false, ""full_batch_cur_after"": 4.540713787078857, ""full_batch_cur_before"": 4.5423150062561035, ""full_batch_gain"": 0.0016012191772460938, ""full_batch_harm"": -0.07675844430923462, ""full_batch_harm_lcb"": -0.07997699827887118, ""full_batch_harm_se"": 0.0016421193722635508, ""full_batch_harm_ucb"": -0.07353989033959805, ""full_batch_safe"": true}, ""default"": {""crossfit_feasible"": true, ""crossfit_utility"": -3.728300452232361, ""crossfit_utility_positive"": false, ""full_batch_cur_after"": 6.197904586791992, ""full_batch_cur_before"": 6.273784637451172, ""full_batch_gain"": 0.07588005065917969, ""full_batch_harm"": 0.0012970119714736938, ""full_batch_harm_lcb"": -0.008474094588309526, ""full_batch_harm_se"": 0.00498525844886899, ""full_batch_harm_ucb"": 0.011068118531256914, ""full_batch_safe"": true}}, ""guarded_best_reuse"": ""adapter_1"", ""num_adapters"": 3, ""pending_after"": false, ""pending_before"": false, ""policy_version"": ""cau_v1"", ""reason"": ""safe_existing_reuse"", ""utility"": {""batch_n"": 16, ""best_reuse"": ""adapter_1"", ""best_reuse_query_after"": 2.478163242340088, ""best_reuse_utility"": 0.03950202465057373, ""budget_blocked_fresh"": false, ""defer_utility"": 0.0, ""fold_a_fresh_utility"": -1.7943594455718994, ""fold_a_query_n"": 8, ""fold_a_support_n"": 8, ""fold_b_fresh_utility"": -1.7441563606262207, ""fold_b_query_n"": 8, ""fold_b_support_n"": 8, ""fresh_advantage"": -1.8087599277496338, ""fresh_local_trainability"": 0.019820690155029297, ""fresh_positive"": false, ""fresh_query_after"": 4.286923170089722, ""fresh_query_before"": 4.306743860244751, ""fresh_utility"": -1.76925790309906, ""max_adapters"": 8, ""reuse_profiles"": {""adapter_1"": {""feasible_both"": true, ""fold_a_harm"": -0.04126536846160889, ""fold_a_lcb"": -0.05167112922295928, ""fold_a_query_after"": 2.4338135719299316, ""fold_a_utility"": 0.05233168601989746, ""fold_b_harm"": -0.04082918167114258, ""fold_b_lcb"": -0.052722909096628426, ""fold_b_query_after"": 2.522512912750244, ""fold_b_utility"": 0.02667236328125, ""harm_lcb_max"": -0.05167112922295928, ""harm_mean"": -0.04104727506637573, ""harm_se_mean"": 0.0056886449456214905, ""harm_ucb_max"": -0.02893545424565673, ""local_trainability"": 0.03950202465057373, ""query_after"": 2.478163242340088, ""query_before"": 2.5176652669906616, ""system_utility"": 0.03950202465057373}, ""adapter_2"": {""feasible_both"": true, ""fold_a_harm"": -0.07888519763946533, ""fold_a_lcb"": -0.08215945322532207, ""fold_a_query_after"": 4.564897060394287, ""fold_a_utility"": -2.078751802444458, ""fold_b_harm"": -0.07895267009735107, ""fold_b_lcb"": -0.08223659524228424, ""fold_b_query_after"": 4.581607818603516, ""fold_b_utility"": -2.0324225425720215, ""harm_lcb_max"": -0.08215945322532207, ""harm_mean"": -0.0789189338684082, ""harm_se_mean"": 0.0016730052884668112, ""harm_ucb_max"": -0.07561094205360859, ""local_trainability"": -0.03093743324279785, ""query_after"": 4.573252439498901, ""query_before"": 4.5423150062561035, ""system_utility"": -2.0555871725082397}, ""default"": {""feasible_both"": true, ""fold_a_harm"": 0.0003001466393470764, ""fold_a_lcb"": -0.009753547068685293, ""fold_a_query_after"": 6.109965801239014, ""fold_a_utility"": -3.6238205432891846, ""fold_b_harm"": 0.0014832522720098495, ""fold_b_lcb"": -0.007987477779388427, ""fold_b_query_after"": 6.381965637207031, ""fold_b_utility"": -3.832780361175537, ""harm_lcb_max"": -0.007987477779388427, ""harm_mean"": 0.000891699455678463, ""harm_se_mean"": 0.004980720346793532, ""harm_ucb_max"": 0.010953982323408126, ""local_trainability"": 0.027818918228149414, ""query_after"": 6.2459657192230225, ""query_before"": 6.273784637451172, ""system_utility"": -3.728300452232361}}, ""status"": ""ok"", ""statusquo_loss"": 2.5176652669906616, ""total_memory_budget"": 512}, ""utility_status"": ""ok""}"
76,A2,A,2,adapter_1,reuse,safe_existing_reuse,2.4915237426757812,3,True,442368,1949415,0,69404468,797261,19134600,510,53.570653384085745,523504640,0.0,45.92386731458828,5.522149112774059,512,510,2.5157216787338257,-1.8174792528152466,0.04089486598968506,-1.8583741188049316,False,,"{""best_reuse"": ""adapter_1"", ""best_reuse_utility"": 0.04089486598968506, ""decision"": ""reuse"", ""fresh_advantage"": -1.8583741188049316, ""fresh_positive"": false, ""fresh_utility"": -1.8174792528152466, ""full_batch_guards"": {""adapter_1"": {""crossfit_feasible"": true, ""crossfit_utility"": 0.04089486598968506, ""crossfit_utility_positive"": true, ""full_batch_cur_after"": 2.4574341773986816, ""full_batch_cur_before"": 2.5157217979431152, ""full_batch_gain"": 0.058287620544433594, ""full_batch_harm"": -0.03718341886997223, ""full_batch_harm_lcb"": -0.04827953476458788, ""full_batch_harm_se"": 0.005661283619701862, ""full_batch_harm_ucb"": -0.02608730297535658, ""full_batch_safe"": true}, ""adapter_2"": {""crossfit_feasible"": true, ""crossfit_utility"": -2.1034806966781616, ""crossfit_utility_positive"": false, ""full_batch_cur_after"": 4.594571113586426, ""full_batch_cur_before"": 4.594257831573486, ""full_batch_gain"": -0.0003132820129394531, ""full_batch_harm"": -0.07642605900764465, ""full_batch_harm_lcb"": -0.0796201593382284, ""full_batch_harm_se"": 0.0016296430258080363, ""full_batch_harm_ucb"": -0.07323195867706091, ""full_batch_safe"": true}, ""default"": {""crossfit_feasible"": true, ""crossfit_utility"": -3.711041569709778, ""crossfit_utility_positive"": false, ""full_batch_cur_after"": 6.187331199645996, ""full_batch_cur_before"": 6.269221305847168, ""full_batch_gain"": 0.08189010620117188, ""full_batch_harm"": 0.0016457028687000275, ""full_batch_harm_lcb"": -0.008081089556217193, ""full_batch_harm_se"": 0.004962649196386337, ""full_batch_harm_ucb"": 0.011372495293617248, ""full_batch_safe"": true}}, ""guarded_best_reuse"": ""adapter_1"", ""num_adapters"": 3, ""pending_after"": false, ""pending_before"": false, ""policy_version"": ""cau_v1"", ""reason"": ""safe_existing_reuse"", ""utility"": {""batch_n"": 16, ""best_reuse"": ""adapter_1"", ""best_reuse_query_after"": 2.4748268127441406, ""best_reuse_utility"": 0.04089486598968506, ""budget_blocked_fresh"": false, ""defer_utility"": 0.0, ""fold_a_fresh_utility"": -1.781637191772461, ""fold_a_query_n"": 8, ""fold_a_support_n"": 8, ""fold_b_fresh_utility"": -1.8533213138580322, ""fold_b_query_n"": 8, ""fold_b_support_n"": 8, ""fresh_advantage"": -1.8583741188049316, ""fresh_local_trainability"": 0.03308916091918945, ""fresh_positive"": false, ""fresh_query_after"": 4.333200931549072, ""fresh_query_before"": 4.366290092468262, ""fresh_utility"": -1.8174792528152466, ""max_adapters"": 8, ""reuse_profiles"": {""adapter_1"": {""feasible_both"": true, ""fold_a_harm"": -0.033891983330249786, ""fold_a_lcb"": -0.045899701025336984, ""fold_a_query_after"": 2.5131311416625977, ""fold_a_utility"": 0.035275936126708984, ""fold_b_harm"": -0.037033431231975555, ""fold_b_lcb"": -0.04782494574785233, ""fold_b_query_after"": 2.4365224838256836, ""fold_b_utility"": 0.04651379585266113, ""harm_lcb_max"": -0.045899701025336984, ""harm_mean"": -0.03546270728111267, ""harm_se_mean"": 0.005816130666062236, ""harm_ucb_max"": -0.021884265635162593, ""local_trainability"": 0.04089486598968506, ""query_after"": 2.4748268127441406, ""query_before"": 2.5157216787338257, ""system_utility"": 0.04089486598968506}, ""adapter_2"": {""feasible_both"": true, ""fold_a_harm"": -0.0770270824432373, ""fold_a_lcb"": -0.08020299844443798, ""fold_a_query_after"": 4.610748291015625, ""fold_a_utility"": -2.0623412132263184, ""fold_b_harm"": -0.07980354130268097, ""fold_b_lcb"": -0.08317309833597392, ""fold_b_query_after"": 4.62765645980835, ""fold_b_utility"": -2.144620180130005, ""harm_lcb_max"": -0.08020299844443798, ""harm_mean"": -0.07841531187295914, ""harm_se_mean"": 0.0016697635292075574, ""harm_ucb_max"": -0.07385116644203663, ""local_trainability"": -0.024944543838500977, ""query_after"": 4.619202375411987, ""query_before"": 4.594257831573486, ""system_utility"": -2.1034806966781616}, ""default"": {""feasible_both"": true, ""fold_a_harm"": 0.0009166263043880463, ""fold_a_lcb"": -0.008993838001042604, ""fold_a_query_after"": 6.193106651306152, ""fold_a_utility"": -3.6446995735168457, ""fold_b_harm"": 2.9573217034339905e-05, ""fold_b_lcb"": -0.0096365568600595, ""fold_b_query_after"": 6.260419845581055, ""fold_b_utility"": -3.77738356590271, ""harm_lcb_max"": -0.008993838001042604, ""harm_mean"": 0.0004730997607111931, ""harm_se_mean"": 0.004994029179215431, ""harm_ucb_max"": 0.010827090609818697, ""local_trainability"": 0.04245805740356445, ""query_after"": 6.2267632484436035, ""query_before"": 6.269221305847168, ""system_utility"": -3.711041569709778}}, ""status"": ""ok"", ""statusquo_loss"": 2.5157216787338257, ""total_memory_budget"": 512}, ""utility_status"": ""ok""}"
77,A2,A,2,adapter_1,reuse,safe_existing_reuse,2.462249755859375,3,True,442368,1949415,0,69404468,797261,19134600,510,54.521467166021466,523504640,0.0,46.86624429258518,5.522149112774059,512,510,2.3924771547317505,-1.8984354734420776,0.0284501314163208,-1.9268856048583984,False,,"{""best_reuse"": ""adapter_1"", ""best_reuse_utility"": 0.0284501314163208, ""decision"": ""reuse"", ""fresh_advantage"": -1.9268856048583984, ""fresh_positive"": false, ""fresh_utility"": -1.8984354734420776, ""full_batch_guards"": {""adapter_1"": {""crossfit_feasible"": true, ""crossfit_utility"": 0.0284501314163208, ""crossfit_utility_positive"": true, ""full_batch_cur_after"": 2.3427233695983887, ""full_batch_cur_before"": 2.392477035522461, ""full_batch_gain"": 0.049753665924072266, ""full_batch_harm"": -0.03539933264255524, ""full_batch_harm_lcb"": -0.04366547904908657, ""full_batch_harm_se"": 0.0042174216359853745, ""full_batch_harm_ucb"": -0.027133186236023905, ""full_batch_safe"": true}, ""adapter_2"": {""crossfit_feasible"": true, ""crossfit_utility"": -2.2212857007980347, ""crossfit_utility_positive"": false, ""full_batch_cur_after"": 4.584021091461182, ""full_batch_cur_before"": 4.582603931427002, ""full_batch_gain"": -0.0014171600341796875, ""full_batch_harm"": -0.07642124593257904, ""full_batch_harm_lcb"": -0.07973014632239937, ""full_batch_harm_se"": 0.001688214484602213, ""full_batch_harm_ucb"": -0.07311234554275871, ""full_batch_safe"": true}, ""default"": {""crossfit_feasible"": true, ""crossfit_utility"": -3.9657782316207886, ""crossfit_utility_positive"": false, ""full_batch_cur_after"": 6.309179306030273, ""full_batch_cur_before"": 6.352469444274902, ""full_batch_gain"": 0.043290138244628906, ""full_batch_harm"": 0.000959537923336029, ""full_batch_harm_lcb"": -0.008441040478646755, ""full_batch_harm_se"": 0.00479621347039938, ""full_batch_harm_ucb"": 0.010360116325318813, ""full_batch_safe"": true}}, ""guarded_best_reuse"": ""adapter_1"", ""num_adapters"": 3, ""pending_after"": false, ""pending_before"": false, ""policy_version"": ""cau_v1"", ""reason"": ""safe_existing_reuse"", ""utility"": {""batch_n"": 16, ""best_reuse"": ""adapter_1"", ""best_reuse_query_after"": 2.3640270233154297, ""best_reuse_utility"": 0.0284501314163208, ""budget_blocked_fresh"": false, ""defer_utility"": 0.0, ""fold_a_fresh_utility"": -1.9476113319396973, ""fold_a_query_n"": 8, ""fold_a_support_n"": 8, ""fold_b_fresh_utility"": -1.849259614944458, ""fold_b_query_n"": 8, ""fold_b_support_n"": 8, ""fresh_advantage"": -1.9268856048583984, ""fresh_local_trainability"": 0.01774740219116211, ""fresh_positive"": false, ""fresh_query_after"": 4.290912628173828, ""fresh_query_before"": 4.30866003036499, ""fresh_utility"": -1.8984354734420776, ""max_adapters"": 8, ""reuse_profiles"": {""adapter_1"": {""feasible_both"": true, ""fold_a_harm"": -0.038459040224552155, ""fold_a_lcb"": -0.047818186786025764, ""fold_a_query_after"": 2.346890926361084, ""fold_a_utility"": 0.02170276641845703, ""fold_b_harm"": -0.028426866978406906, ""fold_b_lcb"": -0.036657352522015574, ""fold_b_query_after"": 2.3811631202697754, ""fold_b_utility"": 0.03519749641418457, ""harm_lcb_max"": -0.036657352522015574, ""harm_mean"": -0.03344295360147953, ""harm_se_mean"": 0.004487151047214866, ""harm_ucb_max"": -0.02019638143479824, ""local_trainability"": 0.0284501314163208, ""query_after"": 2.3640270233154297, ""query_before"": 2.3924771547317505, ""system_utility"": 0.0284501314163208}, ""adapter_2"": {""feasible_both"": true, ""fold_a_harm"": -0.07908383756875992, ""fold_a_lcb"": -0.08232692960184068, ""fold_a_query_after"": 4.681181907653809, ""fold_a_utility"": -2.3125882148742676, ""fold_b_harm"": -0.0777098685503006, ""fold_b_lcb"": -0.08089936706703156, ""fold_b_query_after"": 4.546343803405762, ""fold_b_utility"": -2.1299831867218018, ""harm_lcb_max"": -0.08089936706703156, ""harm_mean"": -0.07839685305953026, ""harm_se_mean"": 0.001640966976992786, ""harm_ucb_max"": -0.07452037003356964, ""local_trainability"": -0.031158924102783203, ""query_after"": 4.613762855529785, ""query_before"": 4.582603931427002, ""system_utility"": -2.2212857007980347}, ""default"": {""feasible_both"": true, ""fold_a_harm"": 0.00030954182147979736, ""fold_a_lcb"": -0.009432673342525958, ""fold_a_query_after"": 6.285866737365723, ""fold_a_utility"": -3.9172730445861816, ""fold_b_harm"": -0.00018464401364326477, ""fold_b_lcb"": -0.009419399220496416, ""fold_b_query_after"": 6.4306440353393555, ""fold_b_utility"": -4.0142834186553955, ""harm_lcb_max"": -0.009419399220496416, ""harm_mean"": 6.24489039182663e-05, ""harm_se_mean"": 0.004841063870117068, ""harm_ucb_max"": 0.010051756985485553, ""local_trainability"": -0.005785703659057617, ""query_after"": 6.358255386352539, ""query_before"": 6.3524696826934814, ""system_utility"": -3.9657782316207886}}, ""status"": ""ok"", ""statusquo_loss"": 2.3924771547317505, ""total_memory_budget"": 512}, ""utility_status"": ""ok""}"
78,A2,A,2,adapter_1,reuse,safe_existing_reuse,2.383110523223877,3,True,442368,1949415,0,69404468,797261,19134600,510,55.47681225510314,523504640,0.0,47.81297542154789,5.522149112774059,512,510,2.352144956588745,-1.877711534500122,0.042055487632751465,-1.9197670221328735,False,,"{""best_reuse"": ""adapter_1"", ""best_reuse_utility"": 0.042055487632751465, ""decision"": ""reuse"", ""fresh_advantage"": -1.9197670221328735, ""fresh_positive"": false, ""fresh_utility"": -1.877711534500122, ""full_batch_guards"": {""adapter_1"": {""crossfit_feasible"": true, ""crossfit_utility"": 0.042055487632751465, ""crossfit_utility_positive"": true, ""full_batch_cur_after"": 2.296064853668213, ""full_batch_cur_before"": 2.352144956588745, ""full_batch_gain"": 0.05608010292053223, ""full_batch_harm"": -0.02618454582989216, ""full_batch_harm_lcb"": -0.03888262139633298, ""full_batch_harm_se"": 0.00647860998287797, ""full_batch_harm_ucb"": -0.013486470263451338, ""full_batch_safe"": true}, ""adapter_2"": {""crossfit_feasible"": true, ""crossfit_utility"": -2.2277891635894775, ""crossfit_utility_positive"": false, ""full_batch_cur_after"": 4.5620927810668945, ""full_batch_cur_before"": 4.565645694732666, ""full_batch_gain"": 0.0035529136657714844, ""full_batch_harm"": -0.07824743539094925, ""full_batch_harm_lcb"": -0.08155071836430579, ""full_batch_harm_se"": 0.0016853484557941556, ""full_batch_harm_ucb"": -0.07494415241759271, ""full_batch_safe"": true}, ""default"": {""crossfit_feasible"": true, ""crossfit_utility"": -3.9325110912323, ""crossfit_utility_positive"": false, ""full_batch_cur_after"": 6.258482933044434, ""full_batch_cur_before"": 6.32443904876709, ""full_batch_gain"": 0.06595611572265625, ""full_batch_harm"": 0.001083124428987503, ""full_batch_harm_lcb"": -0.008474070802330971, ""full_batch_harm_se"": 0.004876120015978813, ""full_batch_harm_ucb"": 0.010640319660305977, ""full_batch_safe"": true}}, ""guarded_best_reuse"": ""adapter_1"", ""num_adapters"": 3, ""pending_after"": false, ""pending_before"": false, ""policy_version"": ""cau_v1"", ""reason"": ""safe_existing_reuse"", ""utility"": {""batch_n"": 16, ""best_reuse"": ""adapter_1"", ""best_reuse_query_after"": 2.3100894689559937, ""best_reuse_utility"": 0.042055487632751465, ""budget_blocked_fresh"": false, ""defer_utility"": 0.0, ""fold_a_fresh_utility"": -1.9306273460388184, ""fold_a_query_n"": 8, ""fold_a_support_n"": 8, ""fold_b_fresh_utility"": -1.8247957229614258, ""fold_b_query_n"": 8, ""fold_b_support_n"": 8, ""fresh_advantage"": -1.9197670221328735, ""fresh_local_trainability"": 0.057456016540527344, ""fresh_positive"": false, ""fresh_query_after"": 4.229856491088867, ""fresh_query_before"": 4.2873125076293945, ""fresh_utility"": -1.877711534500122, ""max_adapters"": 8, ""reuse_profiles"": {""adapter_1"": {""feasible_both"": true, ""fold_a_harm"": -0.025713682174682617, ""fold_a_lcb"": -0.036962903756648305, ""fold_a_query_after"": 2.2577879428863525, ""fold_a_utility"": 0.04679703712463379, ""fold_b_harm"": -0.024231798946857452, ""fold_b_lcb"": -0.0370413457415998, ""fold_b_query_after"": 2.3623909950256348, ""fold_b_utility"": 0.03731393814086914, ""harm_lcb_max"": -0.036962903756648305, ""harm_mean"": -0.024972740560770035, ""harm_se_mean"": 0.006137440912425518, ""harm_ucb_max"": -0.011422252152115106, ""local_trainability"": 0.042055487632751465, ""query_after"": 2.3100894689559937, ""query_before"": 2.352144956588745, ""system_utility"": 0.042055487632751465}, ""adapter_2"": {""feasible_both"": true, ""fold_a_harm"": -0.07798631489276886, ""fold_a_lcb"": -0.08131854858715087, ""fold_a_query_after"": 4.594616889953613, ""fold_a_utility"": -2.290031909942627, ""fold_b_harm"": -0.07846323400735855, ""fold_b_lcb"": -0.08187325131613761, ""fold_b_query_after"": 4.565251350402832, ""fold_b_utility"": -2.165546417236328, ""harm_lcb_max"": -0.08131854858715087, ""harm_mean"": -0.0782247744500637, ""harm_se_mean"": 0.0017199619906023145, ""harm_ucb_max"": -0.07465408119838685, ""local_trainability"": -0.014288902282714844, ""query_after"": 4.579934120178223, ""query_before"": 4.565645217895508, ""system_utility"": -2.2277891635894775}, ""default"": {""feasible_both"": true, ""fold_a_harm"": 0.0004899594932794571, ""fold_a_lcb"": -0.008819526359438896, ""fold_a_query_after"": 6.34279727935791, ""fold_a_utility"": -4.038212299346924, ""fold_b_harm"": 0.000587979331612587, ""fold_b_lcb"": -0.00914143344387412, ""fold_b_query_after"": 6.22651481628418, ""fold_b_utility"": -3.826809883117676, ""harm_lcb_max"": -0.008819526359438896, ""harm_mean"": 0.000538969412446022, ""harm_se_mean"": 0.004856861894950271, ""harm_ucb_max"": 0.010317392107099295, ""local_trainability"": 0.03978276252746582, ""query_after"": 6.284656047821045, ""query_before"": 6.324438810348511, ""system_utility"": -3.9325110912323}}, ""status"": ""ok"", ""statusquo_loss"": 2.352144956588745, ""total_memory_budget"": 512}, ""utility_status"": ""ok""}"
79,A2,A,2,adapter_1,reuse,safe_existing_reuse,2.3476977348327637,3,True,442368,1949415,0,69404468,797261,19134600,510,56.41564252320677,523504640,0.0,48.74299192451872,5.522149112774059,512,510,2.334336280822754,-1.9161756038665771,0.020569324493408203,-1.9367449283599854,False,,"{""best_reuse"": ""adapter_1"", ""best_reuse_utility"": 0.020569324493408203, ""decision"": ""reuse"", ""fresh_advantage"": -1.9367449283599854, ""fresh_positive"": false, ""fresh_utility"": -1.9161756038665771, ""full_batch_guards"": {""adapter_1"": {""crossfit_feasible"": true, ""crossfit_utility"": 0.020569324493408203, ""crossfit_utility_positive"": true, ""full_batch_cur_after"": 2.293975353240967, ""full_batch_cur_before"": 2.334336280822754, ""full_batch_gain"": 0.04036092758178711, ""full_batch_harm"": -0.01092592440545559, ""full_batch_harm_lcb"": -0.023491957485675813, ""full_batch_harm_se"": 0.006411241367459297, ""full_batch_harm_ucb"": 0.0016401086747646326, ""full_batch_safe"": true}, ""adapter_2"": {""crossfit_feasible"": true, ""crossfit_utility"": -2.264263153076172, ""crossfit_utility_positive"": false, ""full_batch_cur_after"": 4.574895858764648, ""full_batch_cur_before"": 4.576014041900635, ""full_batch_gain"": 0.0011181831359863281, ""full_batch_harm"": -0.0762544795870781, ""full_batch_harm_lcb"": -0.07955540917348117, ""full_batch_harm_se"": 0.0016841477481648326, ""full_batch_harm_ucb"": -0.07295355000067502, ""full_batch_safe"": true}, ""default"": {""crossfit_feasible"": true, ""crossfit_utility"": -4.088832139968872, ""crossfit_utility_positive"": false, ""full_batch_cur_after"": 6.378971099853516, ""full_batch_cur_before"": 6.456586837768555, ""full_batch_gain"": 0.07761573791503906, ""full_batch_harm"": 0.001981642097234726, ""full_batch_harm_lcb"": -0.007784307729452848, ""full_batch_harm_se"": 0.004982627462595701, ""full_batch_harm_ucb"": 0.0117475919239223, ""full_batch_safe"": true}}, ""guarded_best_reuse"": ""adapter_1"", ""num_adapters"": 3, ""pending_after"": false, ""pending_before"": false, ""policy_version"": ""cau_v1"", ""reason"": ""safe_existing_reuse"", ""utility"": {""batch_n"": 16, ""best_reuse"": ""adapter_1"", ""best_reuse_query_after"": 2.3137669563293457, ""best_reuse_utility"": 0.020569324493408203, ""budget_blocked_fresh"": false, ""defer_utility"": 0.0, ""fold_a_fresh_utility"": -1.8441367149353027, ""fold_a_query_n"": 8, ""fold_a_support_n"": 8, ""fold_b_fresh_utility"": -1.9882144927978516, ""fold_b_query_n"": 8, ""fold_b_support_n"": 8, ""fresh_advantage"": -1.9367449283599854, ""fresh_local_trainability"": 0.04135489463806152, ""fresh_positive"": false, ""fresh_query_after"": 4.250511884689331, ""fresh_query_before"": 4.291866779327393, ""fresh_utility"": -1.9161756038665771, ""max_adapters"": 8, ""reuse_profiles"": {""adapter_1"": {""feasible_both"": true, ""fold_a_harm"": -0.006784830242395401, ""fold_a_lcb"": -0.01856235593557358, ""fold_a_query_after"": 2.3492751121520996, ""fold_a_utility"": 0.026449203491210938, ""fold_b_harm"": -0.01335177756845951, ""fold_b_lcb"": -0.026308835223317145, ""fold_b_query_after"": 2.278258800506592, ""fold_b_utility"": 0.014689445495605469, ""harm_lcb_max"": -0.01856235593557358, ""harm_mean"": -0.010068303905427456, ""harm_se_mean"": 0.006309842690825462, ""harm_ucb_max"": 0.004992695450782776, ""local_trainability"": 0.020569324493408203, ""query_after"": 2.3137669563293457, ""query_before"": 2.334336280822754, ""system_utility"": 0.020569324493408203}, ""adapter_2"": {""feasible_both"": true, ""fold_a_harm"": -0.07629998028278351, ""fold_a_lcb"": -0.07967978575266897, ""fold_a_query_after"": 4.518712997436523, ""fold_a_utility"": -2.142988681793213, ""fold_b_harm"": -0.07861983776092529, ""fold_b_lcb"": -0.08181032700929791, ""fold_b_query_after"": 4.678485870361328, ""fold_b_utility"": -2.385537624359131, ""harm_lcb_max"": -0.07967978575266897, ""harm_mean"": -0.0774599090218544, ""harm_se_mean"": 0.001676095591392368, ""harm_ucb_max"": -0.07292017481289804, ""local_trainability"": -0.022585391998291016, ""query_after"": 4.598599433898926, ""query_before"": 4.576014041900635, ""system_utility"": -2.264263153076172}, ""default"": {""feasible_both"": true, ""fold_a_harm"": 0.001459190621972084, ""fold_a_lcb"": -0.008160443976521492, ""fold_a_query_after"": 6.418560028076172, ""fold_a_utility"": -4.042835712432861, ""fold_b_harm"": -0.0007557608187198639, ""fold_b_lcb"": -0.010284056439995765, ""fold_b_query_after"": 6.42777681350708, ""fold_b_utility"": -4.134828567504883, ""harm_lcb_max"": -0.008160443976521492, ""harm_mean"": 0.0003517149016261101, ""harm_se_mean"": 0.004884676076471806, ""harm_ucb_max"": 0.01107882522046566, ""local_trainability"": 0.03341841697692871, ""query_after"": 6.423168420791626, ""query_before"": 6.456586837768555, ""system_utility"": -4.088832139968872}}, ""status"": ""ok"", ""statusquo_loss"": 2.334336280822754, ""total_memory_budget"": 512}, ""utility_status"": ""ok""}"
80,A2,A,2,adapter_1,reuse,safe_existing_reuse,2.359344244003296,3,True,442368,1949415,0,69404468,797261,19134600,510,57.3551489810925,543081984,0.0,49.67266210750677,5.522149112774059,512,510,2.393719948255099,-1.9060834554525523,0.005311397405771108,-1.9113948528583233,False,,"{""best_reuse"": ""adapter_1"", ""best_reuse_utility"": 0.005311397405771108, ""decision"": ""reuse"", ""fresh_advantage"": -1.9113948528583233, ""fresh_positive"": false, ""fresh_utility"": -1.9060834554525523, ""full_batch_guards"": {""adapter_1"": {""crossfit_feasible"": true, ""crossfit_utility"": 0.005311397405771108, ""crossfit_utility_positive"": true, ""full_batch_cur_after"": 2.3617372512817383, ""full_batch_cur_before"": 2.3937199115753174, ""full_batch_gain"": 0.0319826602935791, ""full_batch_harm"": -0.016996977850794792, ""full_batch_harm_lcb"": -0.027704849243164062, ""full_batch_harm_se"": 0.005463199689984322, ""full_batch_harm_ucb"": -0.006289106458425522, ""full_batch_safe"": true}, ""adapter_2"": {""crossfit_feasible"": true, ""crossfit_utility"": -2.22476209126986, ""crossfit_utility_positive"": false, ""full_batch_cur_after"": 4.588837623596191, ""full_batch_cur_before"": 4.585103511810303, ""full_batch_gain"": -0.003734111785888672, ""full_batch_harm"": -0.07599546015262604, ""full_batch_harm_lcb"": -0.07910219812300057, ""full_batch_harm_se"": 0.0015850703930482268, ""full_batch_harm_ucb"": -0.07288872218225151, ""full_batch_safe"": true}, ""default"": {""crossfit_feasible"": true, ""crossfit_utility"": -4.080607909422654, ""crossfit_utility_positive"": false, ""full_batch_cur_after"": 6.42851448059082, ""full_batch_cur_before"": 6.500468730926514, ""full_batch_gain"": 0.07195425033569336, ""full_batch_harm"": 0.001575736328959465, ""full_batch_harm_lcb"": -0.008111330084502696, ""full_batch_harm_se"": 0.004942380823194981, ""full_batch_harm_ucb"": 0.011262802742421626, ""full_batch_safe"": true}}, ""guarded_best_reuse"": ""adapter_1"", ""num_adapters"": 3, ""pending_after"": false, ""pending_before"": false, ""policy_version"": ""cau_v1"", ""reason"": ""safe_existing_reuse"", ""utility"": {""batch_n"": 13, ""best_reuse"": ""adapter_1"", ""best_reuse_query_after"": 2.3884085508493276, ""best_reuse_utility"": 0.005311397405771108, ""budget_blocked_fresh"": false, ""defer_utility"": 0.0, ""fold_a_fresh_utility"": -1.9626119136810303, ""fold_a_query_n"": 6, ""fold_a_support_n"": 7, ""fold_b_fresh_utility"": -1.8576304912567139, ""fold_b_query_n"": 7, ""fold_b_support_n"": 6, ""fresh_advantage"": -1.9113948528583233, ""fresh_local_trainability"": 0.026119378896859977, ""fresh_positive"": false, ""fresh_query_after"": 4.299803403707651, ""fresh_query_before"": 4.325922782604511, ""fresh_utility"": -1.9060834554525523, ""max_adapters"": 8, ""reuse_profiles"": {""adapter_1"": {""feasible_both"": true, ""fold_a_harm"": -0.012300979346036911, ""fold_a_lcb"": -0.02254848955199122, ""fold_a_query_after"": 2.3122718334198, ""fold_a_utility"": 0.009243011474609375, ""fold_b_harm"": -0.018531376495957375, ""fold_b_lcb"": -0.030173850543797016, ""fold_b_query_after"": 2.4536685943603516, ""fold_b_utility"": 0.0019414424896240234, ""harm_lcb_max"": -0.02254848955199122, ""harm_mean"": -0.015416177920997143, ""harm_se_mean"": 0.0055841796565800905, ""harm_ucb_max"": -0.0020534691400825988, ""local_trainability"": 0.005311397405771108, ""query_after"": 2.3884085508493276, ""query_before"": 2.393719948255099, ""system_utility"": 0.005311397405771108}, ""adapter_2"": {""feasible_both"": true, ""fold_a_harm"": -0.0778048038482666, ""fold_a_lcb"": -0.08097804907243698, ""fold_a_query_after"": 4.6348652839660645, ""fold_a_utility"": -2.3133504390716553, ""fold_b_harm"": -0.07854384183883667, ""fold_b_lcb"": -0.0818922861572355, ""fold_b_query_after"": 4.6044392585754395, ""fold_b_utility"": -2.148829221725464, ""harm_lcb_max"": -0.08097804907243698, ""harm_mean"": -0.07817432284355164, ""harm_se_mean"": 0.001663696311879903, ""harm_ucb_max"": -0.07463155862409622, ""local_trainability"": -0.03337878447312575, ""query_after"": 4.618482039524959, ""query_before"": 4.585103255051833, ""system_utility"": -2.22476209126986}, ""default"": {""feasible_both"": true, ""fold_a_harm"": 0.0007921438664197922, ""fold_a_lcb"": -0.008981428798288107, ""fold_a_query_after"": 6.352925777435303, ""fold_a_utility"": -4.0314109325408936, ""fold_b_harm"": 0.000865766778588295, ""fold_b_lcb"": -0.008560673780739308, ""fold_b_query_after"": 6.5783867835998535, ""fold_b_utility"": -4.122776746749878, ""harm_lcb_max"": -0.008560673780739308, ""harm_mean"": 0.0008289553225040436, ""harm_se_mean"": 0.004897962557151914, ""harm_ucb_max"": 0.010565716531127691, ""local_trainability"": 0.026140396411602315, ""query_after"": 6.474327857677753, ""query_before"": 6.5004682540893555, ""system_utility"": -4.080607909422654}}, ""status"": ""ok"", ""statusquo_loss"": 2.393719948255099, ""total_memory_budget"": 512}, ""utility_status"": ""ok""}"
