step,segment,concept,occurrence,adapter,decision,reason,loss,num_adapters,train_executed,lora_parameters,private_head_parameters,unwrapped_shared_head_parameters,total_unique_parameters,currently_trainable_parameters,optimizer_state_bytes,replay_items,elapsed_seconds,gpu_peak_allocated_bytes,component_audit_seconds,live_training_seconds,evaluation_seconds,memory_budget,allocated_memory_slots,statusquo_loss,fresh_utility,best_reuse_utility,fresh_advantage,fresh_positive,fresh_feasible_both,info
1,B1,B,1,default,warmup,existing_warmup,4.335197448730469,1,True,147456,649805,0,67809946,59213,473712,16,2.144362286897376,302958080,0.0,0.33007413195446134,0.0,512,512,,,,,,,"{""best_reuse"": null, ""best_reuse_utility"": null, ""decision"": ""warmup"", ""fresh_positive"": null, ""fresh_utility"": null, ""full_batch_guards"": {}, ""guarded_best_reuse"": null, ""num_adapters"": 1, ""pending_after"": false, ""pending_before"": false, ""policy_version"": ""cau_v1"", ""reason"": ""existing_warmup"", ""utility_status"": ""warmup""}"
2,B1,B,1,default,warmup,existing_warmup,4.407990455627441,1,True,147456,649805,0,67809946,59213,473712,32,2.1637065408285707,307215872,0.0,0.3449060597922653,0.0,512,512,,,,,,,"{""best_reuse"": null, ""best_reuse_utility"": null, ""decision"": ""warmup"", ""fresh_positive"": null, ""fresh_utility"": null, ""full_batch_guards"": {}, ""guarded_best_reuse"": null, ""num_adapters"": 1, ""pending_after"": false, ""pending_before"": false, ""policy_version"": ""cau_v1"", ""reason"": ""existing_warmup"", ""utility_status"": ""warmup""}"
3,B1,B,1,default,warmup,existing_warmup,4.329224586486816,1,True,147456,649805,0,67809946,59213,473712,48,2.180232117883861,307215872,0.0,0.35858647082932293,0.0,512,512,,,,,,,"{""best_reuse"": null, ""best_reuse_utility"": null, ""decision"": ""warmup"", ""fresh_positive"": null, ""fresh_utility"": null, ""full_batch_guards"": {}, ""guarded_best_reuse"": null, ""num_adapters"": 1, ""pending_after"": false, ""pending_before"": false, ""policy_version"": ""cau_v1"", ""reason"": ""existing_warmup"", ""utility_status"": ""warmup""}"
4,B1,B,1,default,warmup,existing_warmup,4.279358863830566,1,True,147456,649805,0,67809946,59213,473712,64,2.1962846550159156,308793856,0.0,0.37209673784673214,0.0,512,512,,,,,,,"{""best_reuse"": null, ""best_reuse_utility"": null, ""decision"": ""warmup"", ""fresh_positive"": null, ""fresh_utility"": null, ""full_batch_guards"": {}, ""guarded_best_reuse"": null, ""num_adapters"": 1, ""pending_after"": false, ""pending_before"": false, ""policy_version"": ""cau_v1"", ""reason"": ""existing_warmup"", ""utility_status"": ""warmup""}"
5,B1,B,1,default,reuse,safe_existing_reuse,4.327503681182861,1,True,147456,649805,0,67809946,59213,473712,80,2.524053842993453,377758720,0.0,0.6973366267047822,0.0,512,512,4.298201560974121,-0.06650137901306152,0.020615816116333008,-0.08711719512939453,False,,"{""best_reuse"": ""default"", ""best_reuse_utility"": 0.020615816116333008, ""decision"": ""reuse"", ""fresh_advantage"": -0.08711719512939453, ""fresh_positive"": false, ""fresh_utility"": -0.06650137901306152, ""full_batch_guards"": {""default"": {""crossfit_feasible"": true, ""crossfit_utility"": 0.020615816116333008, ""crossfit_utility_positive"": true, ""full_batch_cur_after"": 4.275678634643555, ""full_batch_cur_before"": 4.298201560974121, ""full_batch_gain"": 0.022522926330566406, ""full_batch_harm"": -0.022255927324295044, ""full_batch_harm_lcb"": -0.022777019082568586, ""full_batch_harm_se"": 0.0002658631419762969, ""full_batch_harm_ucb"": -0.0217348355660215, ""full_batch_safe"": true}}, ""guarded_best_reuse"": ""default"", ""num_adapters"": 1, ""pending_after"": false, ""pending_before"": false, ""policy_version"": ""cau_v1"", ""reason"": ""safe_existing_reuse"", ""utility"": {""batch_n"": 16, ""best_reuse"": ""default"", ""best_reuse_query_after"": 4.277585744857788, ""best_reuse_utility"": 0.020615816116333008, ""budget_blocked_fresh"": false, ""defer_utility"": 0.0, ""fold_a_fresh_utility"": -0.059409141540527344, ""fold_a_query_n"": 8, ""fold_a_support_n"": 8, ""fold_b_fresh_utility"": -0.0735936164855957, ""fold_b_query_n"": 8, ""fold_b_support_n"": 8, ""fresh_advantage"": -0.08711719512939453, ""fresh_local_trainability"": 0.0067043304443359375, ""fresh_positive"": false, ""fresh_query_after"": 4.364702939987183, ""fresh_query_before"": 4.3714072704315186, ""fresh_utility"": -0.06650137901306152, ""max_adapters"": 8, ""reuse_profiles"": {""default"": {""feasible_both"": true, ""fold_a_harm"": -0.021598227322101593, ""fold_a_lcb"": -0.022200070326216518, ""fold_a_query_after"": 4.3016743659973145, ""fold_a_utility"": 0.02028512954711914, ""fold_b_harm"": -0.02130117267370224, ""fold_b_lcb"": -0.021760639931308105, ""fold_b_query_after"": 4.253497123718262, ""fold_b_utility"": 0.020946502685546875, ""harm_lcb_max"": -0.021760639931308105, ""harm_mean"": -0.021449699997901917, ""harm_se_mean"": 0.00027074241370428354, ""harm_ucb_max"": -0.020841705416096375, ""local_trainability"": 0.020615816116333008, ""query_after"": 4.277585744857788, ""query_before"": 4.298201560974121, ""system_utility"": 0.020615816116333008}}, ""status"": ""ok"", ""statusquo_loss"": 4.298201560974121, ""total_memory_budget"": 512}, ""utility_status"": ""ok""}"
6,B1,B,1,default,reuse,safe_existing_reuse,4.261213302612305,1,True,147456,649805,0,67809946,59213,473712,96,2.8375097250100225,377759232,0.0,1.007571563590318,0.0,512,512,4.253646373748779,-0.09941744804382324,0.0206449031829834,-0.12006235122680664,False,,"{""best_reuse"": ""default"", ""best_reuse_utility"": 0.0206449031829834, ""decision"": ""reuse"", ""fresh_advantage"": -0.12006235122680664, ""fresh_positive"": false, ""fresh_utility"": -0.09941744804382324, ""full_batch_guards"": {""default"": {""crossfit_feasible"": true, ""crossfit_utility"": 0.0206449031829834, ""crossfit_utility_positive"": true, ""full_batch_cur_after"": 4.231176376342773, ""full_batch_cur_before"": 4.2536468505859375, ""full_batch_gain"": 0.022470474243164062, ""full_batch_harm"": -0.022032901644706726, ""full_batch_harm_lcb"": -0.022486600748379715, ""full_batch_harm_se"": 0.00023147913452703506, ""full_batch_harm_ucb"": -0.021579202541033737, ""full_batch_safe"": true}}, ""guarded_best_reuse"": ""default"", ""num_adapters"": 1, ""pending_after"": false, ""pending_before"": false, ""policy_version"": ""cau_v1"", ""reason"": ""safe_existing_reuse"", ""utility"": {""batch_n"": 16, ""best_reuse"": ""default"", ""best_reuse_query_after"": 4.233001470565796, ""best_reuse_utility"": 0.0206449031829834, ""budget_blocked_fresh"": false, ""defer_utility"": 0.0, ""fold_a_fresh_utility"": -0.10549783706665039, ""fold_a_query_n"": 8, ""fold_a_support_n"": 8, ""fold_b_fresh_utility"": -0.0933370590209961, ""fold_b_query_n"": 8, ""fold_b_support_n"": 8, ""fresh_advantage"": -0.12006235122680664, ""fresh_local_trainability"": 0.006769895553588867, ""fresh_positive"": false, ""fresh_query_after"": 4.3530638217926025, ""fresh_query_before"": 4.359833717346191, ""fresh_utility"": -0.09941744804382324, ""max_adapters"": 8, ""reuse_profiles"": {""default"": {""feasible_both"": true, ""fold_a_harm"": -0.02123606950044632, ""fold_a_lcb"": -0.021595871824538336, ""fold_a_query_after"": 4.213893413543701, ""fold_a_utility"": 0.02105569839477539, ""fold_b_harm"": -0.021340668201446533, ""fold_b_lcb"": -0.02185028879554011, ""fold_b_query_after"": 4.252109527587891, ""fold_b_utility"": 0.020234107971191406, ""harm_lcb_max"": -0.021595871824538336, ""harm_mean"": -0.021288368850946426, ""harm_se_mean"": 0.00022179156076163054, ""harm_ucb_max"": -0.020831047607352958, ""local_trainability"": 0.0206449031829834, ""query_after"": 4.233001470565796, ""query_before"": 4.253646373748779, ""system_utility"": 0.0206449031829834}}, ""status"": ""ok"", ""statusquo_loss"": 4.253646373748779, ""total_memory_budget"": 512}, ""utility_status"": ""ok""}"
7,B1,B,1,default,reuse,safe_existing_reuse,4.224678039550781,1,True,147456,649805,0,67809946,59213,473712,112,3.168852466857061,377765376,0.0,1.3356664394959807,0.0,512,512,4.22667932510376,-0.10220718383789062,0.020896196365356445,-0.12310338020324707,False,,"{""best_reuse"": ""default"", ""best_reuse_utility"": 0.020896196365356445, ""decision"": ""reuse"", ""fresh_advantage"": -0.12310338020324707, ""fresh_positive"": false, ""fresh_utility"": -0.10220718383789062, ""full_batch_guards"": {""default"": {""crossfit_feasible"": true, ""crossfit_utility"": 0.020896196365356445, ""crossfit_utility_positive"": true, ""full_batch_cur_after"": 4.204670429229736, ""full_batch_cur_before"": 4.226678848266602, ""full_batch_gain"": 0.022008419036865234, ""full_batch_harm"": -0.021749675273895264, ""full_batch_harm_lcb"": -0.022178894412936644, ""full_batch_harm_se"": 0.00021898935665376484, ""full_batch_harm_ucb"": -0.021320456134853883, ""full_batch_safe"": true}}, ""guarded_best_reuse"": ""default"", ""num_adapters"": 1, ""pending_after"": false, ""pending_before"": false, ""policy_version"": ""cau_v1"", ""reason"": ""safe_existing_reuse"", ""utility"": {""batch_n"": 16, ""best_reuse"": ""default"", ""best_reuse_query_after"": 4.205783128738403, ""best_reuse_utility"": 0.020896196365356445, ""budget_blocked_fresh"": false, ""defer_utility"": 0.0, ""fold_a_fresh_utility"": -0.11085319519042969, ""fold_a_query_n"": 8, ""fold_a_support_n"": 8, ""fold_b_fresh_utility"": -0.09356117248535156, ""fold_b_query_n"": 8, ""fold_b_support_n"": 8, ""fresh_advantage"": -0.12310338020324707, ""fresh_local_trainability"": 0.015052556991577148, ""fresh_positive"": false, ""fresh_query_after"": 4.32888650894165, ""fresh_query_before"": 4.3439390659332275, ""fresh_utility"": -0.10220718383789062, ""max_adapters"": 8, ""reuse_profiles"": {""default"": {""feasible_both"": true, ""fold_a_harm"": -0.02104262262582779, ""fold_a_lcb"": -0.021374665753683075, ""fold_a_query_after"": 4.197725296020508, ""fold_a_utility"": 0.02115917205810547, ""fold_b_harm"": -0.02163204550743103, ""fold_b_lcb"": -0.022121632820926607, ""fold_b_query_after"": 4.213840961456299, ""fold_b_utility"": 0.020633220672607422, ""harm_lcb_max"": -0.021374665753683075, ""harm_mean"": -0.02133733406662941, ""harm_se_mean"": 0.00020959960238542408, ""harm_ucb_max"": -0.020710579497972503, ""local_trainability"": 0.020896196365356445, ""query_after"": 4.205783128738403, ""query_before"": 4.22667932510376, ""system_utility"": 0.020896196365356445}}, ""status"": ""ok"", ""statusquo_loss"": 4.22667932510376, ""total_memory_budget"": 512}, ""utility_status"": ""ok""}"
8,B1,B,1,default,reuse,safe_existing_reuse,4.199132442474365,1,True,147456,649805,0,67809946,59213,473712,128,3.4972591798286885,377765376,0.0,1.6607816354371607,0.0,512,512,4.2046592235565186,-0.13530564308166504,0.02082228660583496,-0.1561279296875,False,,"{""best_reuse"": ""default"", ""best_reuse_utility"": 0.02082228660583496, ""decision"": ""reuse"", ""fresh_advantage"": -0.1561279296875, ""fresh_positive"": false, ""fresh_utility"": -0.13530564308166504, ""full_batch_guards"": {""default"": {""crossfit_feasible"": true, ""crossfit_utility"": 0.02082228660583496, ""crossfit_utility_positive"": true, ""full_batch_cur_after"": 4.182626247406006, ""full_batch_cur_before"": 4.204659461975098, ""full_batch_gain"": 0.022033214569091797, ""full_batch_harm"": -0.021715611219406128, ""full_batch_harm_lcb"": -0.02214197687106207, ""full_batch_harm_se"": 0.00021753349574282765, ""full_batch_harm_ucb"": -0.021289245567750185, ""full_batch_safe"": true}}, ""guarded_best_reuse"": ""default"", ""num_adapters"": 1, ""pending_after"": false, ""pending_before"": false, ""policy_version"": ""cau_v1"", ""reason"": ""safe_existing_reuse"", ""utility"": {""batch_n"": 16, ""best_reuse"": ""default"", ""best_reuse_query_after"": 4.183836936950684, ""best_reuse_utility"": 0.02082228660583496, ""budget_blocked_fresh"": false, ""defer_utility"": 0.0, ""fold_a_fresh_utility"": -0.1341843605041504, ""fold_a_query_n"": 8, ""fold_a_support_n"": 8, ""fold_b_fresh_utility"": -0.1364269256591797, ""fold_b_query_n"": 8, ""fold_b_support_n"": 8, ""fresh_advantage"": -0.1561279296875, ""fresh_local_trainability"": 0.010760307312011719, ""fresh_positive"": false, ""fresh_query_after"": 4.339964866638184, ""fresh_query_before"": 4.350725173950195, ""fresh_utility"": -0.13530564308166504, ""max_adapters"": 8, ""reuse_profiles"": {""default"": {""feasible_both"": true, ""fold_a_harm"": -0.021290451288223267, ""fold_a_lcb"": -0.021727494857041164, ""fold_a_query_after"": 4.165162086486816, ""fold_a_utility"": 0.021070003509521484, ""fold_b_harm"": -0.021210238337516785, ""fold_b_lcb"": -0.021705324245849623, ""fold_b_query_after"": 4.202511787414551, ""fold_b_utility"": 0.020574569702148438, ""harm_lcb_max"": -0.021705324245849623, ""harm_mean"": -0.021250344812870026, ""harm_se_mean"": 0.00023778813192620873, ""harm_ucb_max"": -0.020715152429183946, ""local_trainability"": 0.02082228660583496, ""query_after"": 4.183836936950684, ""query_before"": 4.2046592235565186, ""system_utility"": 0.02082228660583496}}, ""status"": ""ok"", ""statusquo_loss"": 4.2046592235565186, ""total_memory_budget"": 512}, ""utility_status"": ""ok""}"
9,B1,B,1,default,reuse,safe_existing_reuse,4.202791213989258,1,True,147456,649805,0,67809946,59213,473712,144,3.8379269808065146,400512512,0.0,1.9980621165595949,0.0,512,512,4.208815813064575,-0.15070319175720215,0.020395994186401367,-0.17109918594360352,False,,"{""best_reuse"": ""default"", ""best_reuse_utility"": 0.020395994186401367, ""decision"": ""reuse"", ""fresh_advantage"": -0.17109918594360352, ""fresh_positive"": false, ""fresh_utility"": -0.15070319175720215, ""full_batch_guards"": {""default"": {""crossfit_feasible"": true, ""crossfit_utility"": 0.020395994186401367, ""crossfit_utility_positive"": true, ""full_batch_cur_after"": 4.1870832443237305, ""full_batch_cur_before"": 4.208815574645996, ""full_batch_gain"": 0.021732330322265625, ""full_batch_harm"": -0.021437160670757294, ""full_batch_harm_lcb"": -0.02179778641788289, ""full_batch_harm_se"": 0.00018399272812530398, ""full_batch_harm_ucb"": -0.021076534923631696, ""full_batch_safe"": true}}, ""guarded_best_reuse"": ""default"", ""num_adapters"": 1, ""pending_after"": false, ""pending_before"": false, ""policy_version"": ""cau_v1"", ""reason"": ""safe_existing_reuse"", ""utility"": {""batch_n"": 16, ""best_reuse"": ""default"", ""best_reuse_query_after"": 4.188419818878174, ""best_reuse_utility"": 0.020395994186401367, ""budget_blocked_fresh"": false, ""defer_utility"": 0.0, ""fold_a_fresh_utility"": -0.1385197639465332, ""fold_a_query_n"": 8, ""fold_a_support_n"": 8, ""fold_b_fresh_utility"": -0.1628866195678711, ""fold_b_query_n"": 8, ""fold_b_support_n"": 8, ""fresh_advantage"": -0.17109918594360352, ""fresh_local_trainability"": 0.010597944259643555, ""fresh_positive"": false, ""fresh_query_after"": 4.359519004821777, ""fresh_query_before"": 4.370116949081421, ""fresh_utility"": -0.15070319175720215, ""max_adapters"": 8, ""reuse_profiles"": {""default"": {""feasible_both"": true, ""fold_a_harm"": -0.021032527089118958, ""fold_a_lcb"": -0.021436152859823778, ""fold_a_query_after"": 4.179381847381592, ""fold_a_utility"": 0.020173072814941406, ""fold_b_harm"": -0.020789362490177155, ""fold_b_lcb"": -0.021230467756395227, ""fold_b_query_after"": 4.197457790374756, ""fold_b_utility"": 0.020618915557861328, ""harm_lcb_max"": -0.021230467756395227, ""harm_mean"": -0.020910944789648056, ""harm_se_mean"": 0.00021549261145992205, ""harm_ucb_max"": -0.020348257223959082, ""local_trainability"": 0.020395994186401367, ""query_after"": 4.188419818878174, ""query_before"": 4.208815813064575, ""system_utility"": 0.020395994186401367}}, ""status"": ""ok"", ""statusquo_loss"": 4.208815813064575, ""total_memory_budget"": 512}, ""utility_status"": ""ok""}"
10,B1,B,1,default,reuse,safe_existing_reuse,4.178009033203125,1,True,147456,649805,0,67809946,59213,473712,160,4.177403382956982,400512512,0.0,2.334090408636257,0.0,512,512,4.1623101234436035,-0.16198515892028809,0.02052617073059082,-0.1825113296508789,False,,"{""best_reuse"": ""default"", ""best_reuse_utility"": 0.02052617073059082, ""decision"": ""reuse"", ""fresh_advantage"": -0.1825113296508789, ""fresh_positive"": false, ""fresh_utility"": -0.16198515892028809, ""full_batch_guards"": {""default"": {""crossfit_feasible"": true, ""crossfit_utility"": 0.02052617073059082, ""crossfit_utility_positive"": true, ""full_batch_cur_after"": 4.140996932983398, ""full_batch_cur_before"": 4.1623101234436035, ""full_batch_gain"": 0.021313190460205078, ""full_batch_harm"": -0.021069243550300598, ""full_batch_harm_lcb"": -0.021351828730548732, ""full_batch_harm_se"": 0.00014417611237149686, ""full_batch_harm_ucb"": -0.020786658370052464, ""full_batch_safe"": true}}, ""guarded_best_reuse"": ""default"", ""num_adapters"": 1, ""pending_after"": false, ""pending_before"": false, ""policy_version"": ""cau_v1"", ""reason"": ""safe_existing_reuse"", ""utility"": {""batch_n"": 16, ""best_reuse"": ""default"", ""best_reuse_query_after"": 4.141783952713013, ""best_reuse_utility"": 0.02052617073059082, ""budget_blocked_fresh"": false, ""defer_utility"": 0.0, ""fold_a_fresh_utility"": -0.15938425064086914, ""fold_a_query_n"": 8, ""fold_a_support_n"": 8, ""fold_b_fresh_utility"": -0.16458606719970703, ""fold_b_query_n"": 8, ""fold_b_support_n"": 8, ""fresh_advantage"": -0.1825113296508789, ""fresh_local_trainability"": 0.022665977478027344, ""fresh_positive"": false, ""fresh_query_after"": 4.324295282363892, ""fresh_query_before"": 4.346961259841919, ""fresh_utility"": -0.16198515892028809, ""max_adapters"": 8, ""reuse_profiles"": {""default"": {""feasible_both"": true, ""fold_a_harm"": -0.02104693278670311, ""fold_a_lcb"": -0.021333081303746438, ""fold_a_query_after"": 4.164680480957031, ""fold_a_utility"": 0.02072906494140625, ""fold_b_harm"": -0.02066297084093094, ""fold_b_lcb"": -0.02096578313561622, ""fold_b_query_after"": 4.118887424468994, ""fold_b_utility"": 0.02032327651977539, ""harm_lcb_max"": -0.02096578313561622, ""harm_mean"": -0.020854951813817024, ""harm_se_mean"": 0.00015024510503280908, ""harm_ucb_max"": -0.020360158546245656, ""local_trainability"": 0.02052617073059082, ""query_after"": 4.141783952713013, ""query_before"": 4.1623101234436035, ""system_utility"": 0.02052617073059082}}, ""status"": ""ok"", ""statusquo_loss"": 4.1623101234436035, ""total_memory_budget"": 512}, ""utility_status"": ""ok""}"
11,B1,B,1,default,reuse,safe_existing_reuse,4.190732955932617,1,True,147456,649805,0,67809946,59213,473712,176,4.518090403871611,400512512,0.0,2.6712754876352847,0.0,512,512,4.1795854568481445,-0.1847672462463379,0.02039813995361328,-0.20516538619995117,False,,"{""best_reuse"": ""default"", ""best_reuse_utility"": 0.02039813995361328, ""decision"": ""reuse"", ""fresh_advantage"": -0.20516538619995117, ""fresh_positive"": false, ""fresh_utility"": -0.1847672462463379, ""full_batch_guards"": {""default"": {""crossfit_feasible"": true, ""crossfit_utility"": 0.02039813995361328, ""crossfit_utility_positive"": true, ""full_batch_cur_after"": 4.158203125, ""full_batch_cur_before"": 4.1795854568481445, ""full_batch_gain"": 0.02138233184814453, ""full_batch_harm"": -0.020743653178215027, ""full_batch_harm_lcb"": -0.021056239079334772, ""full_batch_harm_se"": 0.00015948260261211544, ""full_batch_harm_ucb"": -0.02043106727709528, ""full_batch_safe"": true}}, ""guarded_best_reuse"": ""default"", ""num_adapters"": 1, ""pending_after"": false, ""pending_before"": false, ""policy_version"": ""cau_v1"", ""reason"": ""safe_existing_reuse"", ""utility"": {""batch_n"": 16, ""best_reuse"": ""default"", ""best_reuse_query_after"": 4.159187316894531, ""best_reuse_utility"": 0.02039813995361328, ""budget_blocked_fresh"": false, ""defer_utility"": 0.0, ""fold_a_fresh_utility"": -0.19317913055419922, ""fold_a_query_n"": 8, ""fold_a_support_n"": 8, ""fold_b_fresh_utility"": -0.17635536193847656, ""fold_b_query_n"": 8, ""fold_b_support_n"": 8, ""fresh_advantage"": -0.20516538619995117, ""fresh_local_trainability"": 0.012571096420288086, ""fresh_positive"": false, ""fresh_query_after"": 4.364352703094482, ""fresh_query_before"": 4.3769237995147705, ""fresh_utility"": -0.1847672462463379, ""max_adapters"": 8, ""reuse_profiles"": {""default"": {""feasible_both"": true, ""fold_a_harm"": -0.020226269960403442, ""fold_a_lcb"": -0.020542182638891973, ""fold_a_query_after"": 4.159350395202637, ""fold_a_utility"": 0.02039051055908203, ""fold_b_harm"": -0.02046685665845871, ""fold_b_lcb"": -0.020831841242616066, ""fold_b_query_after"": 4.159024238586426, ""fold_b_utility"": 0.02040576934814453, ""harm_lcb_max"": -0.020542182638891973, ""harm_mean"": -0.020346563309431076, ""harm_se_mean"": 0.00017369828128721565, ""harm_ucb_max"": -0.01991035728191491, ""local_trainability"": 0.02039813995361328, ""query_after"": 4.159187316894531, ""query_before"": 4.1795854568481445, ""system_utility"": 0.02039813995361328}}, ""status"": ""ok"", ""statusquo_loss"": 4.1795854568481445, ""total_memory_budget"": 512}, ""utility_status"": ""ok""}"
12,B1,B,1,default,reuse,safe_existing_reuse,4.150497913360596,1,True,147456,649805,0,67809946,59213,473712,192,4.851905743824318,400512512,0.0,3.0014284115750343,0.0,512,512,4.145384311676025,-0.21549582481384277,0.020028114318847656,-0.23552393913269043,False,,"{""best_reuse"": ""default"", ""best_reuse_utility"": 0.020028114318847656, ""decision"": ""reuse"", ""fresh_advantage"": -0.23552393913269043, ""fresh_positive"": false, ""fresh_utility"": -0.21549582481384277, ""full_batch_guards"": {""default"": {""crossfit_feasible"": true, ""crossfit_utility"": 0.020028114318847656, ""crossfit_utility_positive"": true, ""full_batch_cur_after"": 4.124165058135986, ""full_batch_cur_before"": 4.145383834838867, ""full_batch_gain"": 0.02121877670288086, ""full_batch_harm"": -0.020983733236789703, ""full_batch_harm_lcb"": -0.021341649132082238, ""full_batch_harm_se"": 0.00018261015065945685, ""full_batch_harm_ucb"": -0.02062581734149717, ""full_batch_safe"": true}}, ""guarded_best_reuse"": ""default"", ""num_adapters"": 1, ""pending_after"": false, ""pending_before"": false, ""policy_version"": ""cau_v1"", ""reason"": ""safe_existing_reuse"", ""utility"": {""batch_n"": 16, ""best_reuse"": ""default"", ""best_reuse_query_after"": 4.125356197357178, ""best_reuse_utility"": 0.020028114318847656, ""budget_blocked_fresh"": false, ""defer_utility"": 0.0, ""fold_a_fresh_utility"": -0.20781326293945312, ""fold_a_query_n"": 8, ""fold_a_support_n"": 8, ""fold_b_fresh_utility"": -0.22317838668823242, ""fold_b_query_n"": 8, ""fold_b_support_n"": 8, ""fresh_advantage"": -0.23552393913269043, ""fresh_local_trainability"": 0.00943303108215332, ""fresh_positive"": false, ""fresh_query_after"": 4.360880136489868, ""fresh_query_before"": 4.3703131675720215, ""fresh_utility"": -0.21549582481384277, ""max_adapters"": 8, ""reuse_profiles"": {""default"": {""feasible_both"": true, ""fold_a_harm"": -0.020514868199825287, ""fold_a_lcb"": -0.020889586231787688, ""fold_a_query_after"": 4.1500091552734375, ""fold_a_utility"": 0.019971847534179688, ""fold_b_harm"": -0.020427033305168152, ""fold_b_lcb"": -0.02082364589034114, ""fold_b_query_after"": 4.100703239440918, ""fold_b_utility"": 0.020084381103515625, ""harm_lcb_max"": -0.02082364589034114, ""harm_mean"": -0.02047095075249672, ""harm_se_mean"": 0.00019676801457535475, ""harm_ucb_max"": -0.020030420719995164, ""local_trainability"": 0.020028114318847656, ""query_after"": 4.125356197357178, ""query_before"": 4.145384311676025, ""system_utility"": 0.020028114318847656}}, ""status"": ""ok"", ""statusquo_loss"": 4.145384311676025, ""total_memory_budget"": 512}, ""utility_status"": ""ok""}"
13,B1,B,1,default,reuse,safe_existing_reuse,4.123520851135254,1,True,147456,649805,0,67809946,59213,473712,208,5.195023631909862,400514048,0.0,3.340586306527257,0.0,512,512,4.102959394454956,-0.23995327949523926,0.019625425338745117,-0.2595787048339844,False,,"{""best_reuse"": ""default"", ""best_reuse_utility"": 0.019625425338745117, ""decision"": ""reuse"", ""fresh_advantage"": -0.2595787048339844, ""fresh_positive"": false, ""fresh_utility"": -0.23995327949523926, ""full_batch_guards"": {""default"": {""crossfit_feasible"": true, ""crossfit_utility"": 0.019625425338745117, ""crossfit_utility_positive"": true, ""full_batch_cur_after"": 4.081760883331299, ""full_batch_cur_before"": 4.102959632873535, ""full_batch_gain"": 0.021198749542236328, ""full_batch_harm"": -0.020832683891057968, ""full_batch_harm_lcb"": -0.021150886295945383, ""full_batch_harm_se"": 0.00016234816575888544, ""full_batch_harm_ucb"": -0.020514481486170553, ""full_batch_safe"": true}}, ""guarded_best_reuse"": ""default"", ""num_adapters"": 1, ""pending_after"": false, ""pending_before"": false, ""policy_version"": ""cau_v1"", ""reason"": ""safe_existing_reuse"", ""utility"": {""batch_n"": 16, ""best_reuse"": ""default"", ""best_reuse_query_after"": 4.083333969116211, ""best_reuse_utility"": 0.019625425338745117, ""budget_blocked_fresh"": false, ""defer_utility"": 0.0, ""fold_a_fresh_utility"": -0.24652910232543945, ""fold_a_query_n"": 8, ""fold_a_support_n"": 8, ""fold_b_fresh_utility"": -0.23337745666503906, ""fold_b_query_n"": 8, ""fold_b_support_n"": 8, ""fresh_advantage"": -0.2595787048339844, ""fresh_local_trainability"": 0.005761384963989258, ""fresh_positive"": false, ""fresh_query_after"": 4.342912673950195, ""fresh_query_before"": 4.348674058914185, ""fresh_utility"": -0.23995327949523926, ""max_adapters"": 8, ""reuse_profiles"": {""default"": {""feasible_both"": true, ""fold_a_harm"": -0.020302731543779373, ""fold_a_lcb"": -0.020668825681204907, ""fold_a_query_after"": 4.058370590209961, ""fold_a_utility"": 0.01954030990600586, ""fold_b_harm"": -0.02022906020283699, ""fold_b_lcb"": -0.020541276861331427, ""fold_b_query_after"": 4.108297348022461, ""fold_b_utility"": 0.019710540771484375, ""harm_lcb_max"": -0.020541276861331427, ""harm_mean"": -0.020265895873308182, ""harm_se_mean"": 0.00017303846834693104, ""harm_ucb_max"": -0.019916843544342554, ""local_trainability"": 0.019625425338745117, ""query_after"": 4.083333969116211, ""query_before"": 4.102959394454956, ""system_utility"": 0.019625425338745117}}, ""status"": ""ok"", ""statusquo_loss"": 4.102959394454956, ""total_memory_budget"": 512}, ""utility_status"": ""ok""}"
14,B1,B,1,default,reuse,safe_existing_reuse,4.07489013671875,1,True,147456,649805,0,67809946,59213,473712,224,5.539075131993741,400514048,0.0,3.68107917252928,0.0,512,512,4.071608066558838,-0.2477707862854004,0.02033543586730957,-0.26810622215270996,False,,"{""best_reuse"": ""default"", ""best_reuse_utility"": 0.02033543586730957, ""decision"": ""reuse"", ""fresh_advantage"": -0.26810622215270996, ""fresh_positive"": false, ""fresh_utility"": -0.2477707862854004, ""full_batch_guards"": {""default"": {""crossfit_feasible"": true, ""crossfit_utility"": 0.02033543586730957, ""crossfit_utility_positive"": true, ""full_batch_cur_after"": 4.050262451171875, ""full_batch_cur_before"": 4.07160758972168, ""full_batch_gain"": 0.021345138549804688, ""full_batch_harm"": -0.02046053484082222, ""full_batch_harm_lcb"": -0.020850738530862147, ""full_batch_harm_se"": 0.0001990835153264925, ""full_batch_harm_ucb"": -0.020070331150782293, ""full_batch_safe"": true}}, ""guarded_best_reuse"": ""default"", ""num_adapters"": 1, ""pending_after"": false, ""pending_before"": false, ""policy_version"": ""cau_v1"", ""reason"": ""safe_existing_reuse"", ""utility"": {""batch_n"": 16, ""best_reuse"": ""default"", ""best_reuse_query_after"": 4.051272630691528, ""best_reuse_utility"": 0.02033543586730957, ""budget_blocked_fresh"": false, ""defer_utility"": 0.0, ""fold_a_fresh_utility"": -0.2505979537963867, ""fold_a_query_n"": 8, ""fold_a_support_n"": 8, ""fold_b_fresh_utility"": -0.24494361877441406, ""fold_b_query_n"": 8, ""fold_b_support_n"": 8, ""fresh_advantage"": -0.26810622215270996, ""fresh_local_trainability"": 0.013797521591186523, ""fresh_positive"": false, ""fresh_query_after"": 4.319378852844238, ""fresh_query_before"": 4.333176374435425, ""fresh_utility"": -0.2477707862854004, ""max_adapters"": 8, ""reuse_profiles"": {""default"": {""feasible_both"": true, ""fold_a_harm"": -0.019955240190029144, ""fold_a_lcb"": -0.02034045151784085, ""fold_a_query_after"": 4.063940525054932, ""fold_a_utility"": 0.020607471466064453, ""fold_b_harm"": -0.020386651158332825, ""fold_b_lcb"": -0.02079721712740138, ""fold_b_query_after"": 4.038604736328125, ""fold_b_utility"": 0.020063400268554688, ""harm_lcb_max"": -0.02034045151784085, ""harm_mean"": -0.020170945674180984, ""harm_se_mean"": 0.0002030044124694541, ""harm_ucb_max"": -0.01957002886221744, ""local_trainability"": 0.02033543586730957, ""query_after"": 4.051272630691528, ""query_before"": 4.071608066558838, ""system_utility"": 0.02033543586730957}}, ""status"": ""ok"", ""statusquo_loss"": 4.071608066558838, ""total_memory_budget"": 512}, ""utility_status"": ""ok""}"
15,B1,B,1,default,reuse,safe_existing_reuse,4.070772171020508,1,True,147456,649805,0,67809946,59213,473712,240,5.8741246208082885,400514048,0.0,4.012514236615971,0.0,512,512,4.062328338623047,-0.2788059711456299,0.02028799057006836,-0.29909396171569824,False,,"{""best_reuse"": ""default"", ""best_reuse_utility"": 0.02028799057006836, ""decision"": ""reuse"", ""fresh_advantage"": -0.29909396171569824, ""fresh_positive"": false, ""fresh_utility"": -0.2788059711456299, ""full_batch_guards"": {""default"": {""crossfit_feasible"": true, ""crossfit_utility"": 0.02028799057006836, ""crossfit_utility_positive"": true, ""full_batch_cur_after"": 4.041372776031494, ""full_batch_cur_before"": 4.062327861785889, ""full_batch_gain"": 0.02095508575439453, ""full_batch_harm"": -0.020616214722394943, ""full_batch_harm_lcb"": -0.02095228244084865, ""full_batch_harm_se"": 0.00017146312166005373, ""full_batch_harm_ucb"": -0.020280147003941238, ""full_batch_safe"": true}}, ""guarded_best_reuse"": ""default"", ""num_adapters"": 1, ""pending_after"": false, ""pending_before"": false, ""policy_version"": ""cau_v1"", ""reason"": ""safe_existing_reuse"", ""utility"": {""batch_n"": 16, ""best_reuse"": ""default"", ""best_reuse_query_after"": 4.0420403480529785, ""best_reuse_utility"": 0.02028799057006836, ""budget_blocked_fresh"": false, ""defer_utility"": 0.0, ""fold_a_fresh_utility"": -0.27403879165649414, ""fold_a_query_n"": 8, ""fold_a_support_n"": 8, ""fold_b_fresh_utility"": -0.2835731506347656, ""fold_b_query_n"": 8, ""fold_b_support_n"": 8, ""fresh_advantage"": -0.29909396171569824, ""fresh_local_trainability"": 0.01621699333190918, ""fresh_positive"": false, ""fresh_query_after"": 4.341134309768677, ""fresh_query_before"": 4.357351303100586, ""fresh_utility"": -0.2788059711456299, ""max_adapters"": 8, ""reuse_profiles"": {""default"": {""feasible_both"": true, ""fold_a_harm"": -0.020258955657482147, ""fold_a_lcb"": -0.02058000399149023, ""fold_a_query_after"": 4.038055419921875, ""fold_a_utility"": 0.0204620361328125, ""fold_b_harm"": -0.020367946475744247, ""fold_b_lcb"": -0.020734697925508954, ""fold_b_query_after"": 4.046025276184082, ""fold_b_utility"": 0.02011394500732422, ""harm_lcb_max"": -0.02058000399149023, ""harm_mean"": -0.020313451066613197, ""harm_se_mean"": 0.00017545912851346657, ""harm_ucb_max"": -0.019937907323474065, ""local_trainability"": 0.02028799057006836, ""query_after"": 4.0420403480529785, ""query_before"": 4.062328338623047, ""system_utility"": 0.02028799057006836}}, ""status"": ""ok"", ""statusquo_loss"": 4.062328338623047, ""total_memory_budget"": 512}, ""utility_status"": ""ok""}"
16,B1,B,1,default,reuse,safe_existing_reuse,4.078756809234619,1,True,147456,649805,0,67809946,59213,473712,253,6.217312400927767,400514048,0.0,4.352024980587885,0.0,512,512,4.058803558349609,-0.30126689030573917,0.02001810073852539,-0.32128499104426456,False,,"{""best_reuse"": ""default"", ""best_reuse_utility"": 0.02001810073852539, ""decision"": ""reuse"", ""fresh_advantage"": -0.32128499104426456, ""fresh_positive"": false, ""fresh_utility"": -0.30126689030573917, ""full_batch_guards"": {""default"": {""crossfit_feasible"": true, ""crossfit_utility"": 0.02001810073852539, ""crossfit_utility_positive"": true, ""full_batch_cur_after"": 4.037596702575684, ""full_batch_cur_before"": 4.058804035186768, ""full_batch_gain"": 0.021207332611083984, ""full_batch_harm"": -0.020427390933036804, ""full_batch_harm_lcb"": -0.02079423037241213, ""full_batch_harm_se"": 0.00018716297927312553, ""full_batch_harm_ucb"": -0.02006055149366148, ""full_batch_safe"": true}}, ""guarded_best_reuse"": ""default"", ""num_adapters"": 1, ""pending_after"": false, ""pending_before"": false, ""policy_version"": ""cau_v1"", ""reason"": ""safe_existing_reuse"", ""utility"": {""batch_n"": 13, ""best_reuse"": ""default"", ""best_reuse_query_after"": 4.038785457611084, ""best_reuse_utility"": 0.02001810073852539, ""budget_blocked_fresh"": false, ""defer_utility"": 0.0, ""fold_a_fresh_utility"": -0.3010702133178711, ""fold_a_query_n"": 6, ""fold_a_support_n"": 7, ""fold_b_fresh_utility"": -0.3014354705810547, ""fold_b_query_n"": 7, ""fold_b_support_n"": 6, ""fresh_advantage"": -0.32128499104426456, ""fresh_local_trainability"": 0.007829629457913913, ""fresh_positive"": false, ""fresh_query_after"": 4.360070448655349, ""fresh_query_before"": 4.367900078113262, ""fresh_utility"": -0.30126689030573917, ""max_adapters"": 8, ""reuse_profiles"": {""default"": {""feasible_both"": true, ""fold_a_harm"": -0.02012447640299797, ""fold_a_lcb"": -0.020526180862798355, ""fold_a_query_after"": 4.043435096740723, ""fold_a_utility"": 0.019664287567138672, ""fold_b_harm"": -0.019829921424388885, ""fold_b_lcb"": -0.020221006322535685, ""fold_b_query_after"": 4.034800052642822, ""fold_b_utility"": 0.020321369171142578, ""harm_lcb_max"": -0.020221006322535685, ""harm_mean"": -0.019977198913693428, ""harm_se_mean"": 0.00020224218314979225, ""harm_ucb_max"": -0.019438836526242086, ""local_trainability"": 0.02001810073852539, ""query_after"": 4.038785457611084, ""query_before"": 4.058803558349609, ""system_utility"": 0.02001810073852539}}, ""status"": ""ok"", ""statusquo_loss"": 4.058803558349609, ""total_memory_budget"": 512}, ""utility_status"": ""ok""}"
17,A1,A,1,default,reuse,pending_fresh_safe_existing_reuse,4.370717525482178,1,True,147456,649805,0,67809946,59213,473712,269,7.512248403858393,480344576,0.0,4.68950481666252,0.9536896490026265,512,512,4.3755316734313965,0.07862114906311035,0.002254486083984375,0.07636666297912598,True,,"{""best_reuse"": ""default"", ""best_reuse_utility"": 0.002254486083984375, ""decision"": ""reuse"", ""fresh_advantage"": 0.07636666297912598, ""fresh_positive"": true, ""fresh_utility"": 0.07862114906311035, ""full_batch_guards"": {""default"": {""crossfit_feasible"": true, ""crossfit_utility"": 0.002254486083984375, ""crossfit_utility_positive"": true, ""full_batch_cur_after"": 4.3665666580200195, ""full_batch_cur_before"": 4.3755316734313965, ""full_batch_gain"": 0.008965015411376953, ""full_batch_harm"": -0.01809070259332657, ""full_batch_harm_lcb"": -0.018411713820532895, ""full_batch_harm_se"": 0.000163781238370575, ""full_batch_harm_ucb"": -0.017769691366120242, ""full_batch_safe"": true}}, ""guarded_best_reuse"": ""default"", ""num_adapters"": 1, ""pending_after"": true, ""pending_before"": false, ""policy_version"": ""cau_v1"", ""reason"": ""pending_fresh_safe_existing_reuse"", ""utility"": {""batch_n"": 16, ""best_reuse"": ""default"", ""best_reuse_query_after"": 4.373277187347412, ""best_reuse_utility"": 0.002254486083984375, ""budget_blocked_fresh"": false, ""defer_utility"": 0.0, ""fold_a_fresh_utility"": 0.0764923095703125, ""fold_a_query_n"": 8, ""fold_a_support_n"": 8, ""fold_b_fresh_utility"": 0.0807499885559082, ""fold_b_query_n"": 8, ""fold_b_support_n"": 8, ""fresh_advantage"": 0.07636666297912598, ""fresh_local_trainability"": 0.012119531631469727, ""fresh_positive"": true, ""fresh_query_after"": 4.296910524368286, ""fresh_query_before"": 4.309030055999756, ""fresh_utility"": 0.07862114906311035, ""max_adapters"": 8, ""reuse_profiles"": {""default"": {""feasible_both"": true, ""fold_a_harm"": -0.018380187451839447, ""fold_a_lcb"": -0.018701478163711725, ""fold_a_query_after"": 4.397863388061523, ""fold_a_utility"": 0.001064300537109375, ""fold_b_harm"": -0.01825367659330368, ""fold_b_lcb"": -0.018575993803096935, ""fold_b_query_after"": 4.348690986633301, ""fold_b_utility"": 0.003444671630859375, ""harm_lcb_max"": -0.018575993803096935, ""harm_mean"": -0.018316932022571564, ""harm_se_mean"": 0.00016418569430243224, ""harm_ucb_max"": -0.017931359383510426, ""local_trainability"": 0.002254486083984375, ""query_after"": 4.373277187347412, ""query_before"": 4.3755316734313965, ""system_utility"": 0.002254486083984375}}, ""status"": ""ok"", ""statusquo_loss"": 4.3755316734313965, ""total_memory_budget"": 512}, ""utility_status"": ""ok""}"
18,A1,A,1,adapter_1,spawn,confirmed_fresh,4.2997355461120605,2,True,294912,1299610,0,68607207,59213,947424,272,7.8105710309464484,480344576,0.0,4.983805559575558,0.9536896490026265,512,512,4.379461050033569,0.06673741340637207,0.005802631378173828,0.06093478202819824,True,,"{""best_reuse"": ""default"", ""best_reuse_utility"": 0.005802631378173828, ""decision"": ""spawn"", ""fresh_advantage"": 0.06093478202819824, ""fresh_positive"": true, ""fresh_utility"": 0.06673741340637207, ""full_batch_guards"": {}, ""guarded_best_reuse"": null, ""num_adapters"": 2, ""pending_after"": false, ""pending_before"": true, ""policy_version"": ""cau_v1"", ""reason"": ""confirmed_fresh"", ""utility"": {""batch_n"": 16, ""best_reuse"": ""default"", ""best_reuse_query_after"": 4.3736584186553955, ""best_reuse_utility"": 0.005802631378173828, ""budget_blocked_fresh"": false, ""defer_utility"": 0.0, ""fold_a_fresh_utility"": 0.0708308219909668, ""fold_a_query_n"": 8, ""fold_a_support_n"": 8, ""fold_b_fresh_utility"": 0.06264400482177734, ""fold_b_query_n"": 8, ""fold_b_support_n"": 8, ""fresh_advantage"": 0.06093478202819824, ""fresh_local_trainability"": 0.005560874938964844, ""fresh_positive"": true, ""fresh_query_after"": 4.312723636627197, ""fresh_query_before"": 4.318284511566162, ""fresh_utility"": 0.06673741340637207, ""max_adapters"": 8, ""reuse_profiles"": {""default"": {""feasible_both"": true, ""fold_a_harm"": -0.016099222004413605, ""fold_a_lcb"": -0.016645076577551664, ""fold_a_query_after"": 4.3452935218811035, ""fold_a_utility"": 0.004616737365722656, ""fold_b_harm"": -0.015954699367284775, ""fold_b_lcb"": -0.01638870117662009, ""fold_b_query_after"": 4.4020233154296875, ""fold_b_utility"": 0.006988525390625, ""harm_lcb_max"": -0.01638870117662009, ""harm_mean"": -0.01602696068584919, ""harm_se_mean"": 0.0002499633628758602, ""harm_ucb_max"": -0.015520697557949461, ""local_trainability"": 0.005802631378173828, ""query_after"": 4.3736584186553955, ""query_before"": 4.379461050033569, ""system_utility"": 0.005802631378173828}}, ""status"": ""ok"", ""statusquo_loss"": 4.379461050033569, ""total_memory_budget"": 512}, ""utility_status"": ""ok""}"
19,A1,A,1,adapter_1,warmup,existing_warmup,4.286825180053711,2,True,294912,1299610,0,68607207,59213,947424,288,7.83047437784262,480344576,0.0,4.99971467256546,0.9536896490026265,512,512,,,,,,,"{""best_reuse"": null, ""best_reuse_utility"": null, ""decision"": ""warmup"", ""fresh_positive"": null, ""fresh_utility"": null, ""full_batch_guards"": {}, ""guarded_best_reuse"": null, ""num_adapters"": 2, ""pending_after"": false, ""pending_before"": false, ""policy_version"": ""cau_v1"", ""reason"": ""existing_warmup"", ""utility_status"": ""warmup""}"
20,A1,A,1,adapter_1,warmup,existing_warmup,4.284834861755371,2,True,294912,1299610,0,68607207,59213,947424,304,7.849455013871193,480344576,0.0,5.01525231753476,0.9536896490026265,512,512,,,,,,,"{""best_reuse"": null, ""best_reuse_utility"": null, ""decision"": ""warmup"", ""fresh_positive"": null, ""fresh_utility"": null, ""full_batch_guards"": {}, ""guarded_best_reuse"": null, ""num_adapters"": 2, ""pending_after"": false, ""pending_before"": false, ""policy_version"": ""cau_v1"", ""reason"": ""existing_warmup"", ""utility_status"": ""warmup""}"
21,A1,A,1,adapter_1,warmup,existing_warmup,4.206673622131348,2,True,294912,1299610,0,68607207,59213,947424,320,7.868526900885627,480344576,0.0,5.030934175476432,0.9536896490026265,512,512,,,,,,,"{""best_reuse"": null, ""best_reuse_utility"": null, ""decision"": ""warmup"", ""fresh_positive"": null, ""fresh_utility"": null, ""full_batch_guards"": {}, ""guarded_best_reuse"": null, ""num_adapters"": 2, ""pending_after"": false, ""pending_before"": false, ""policy_version"": ""cau_v1"", ""reason"": ""existing_warmup"", ""utility_status"": ""warmup""}"
22,A1,A,1,adapter_1,reuse,safe_existing_reuse,4.230528831481934,2,True,294912,1299610,0,68607207,59213,947424,336,8.401938951807097,480344576,0.0,5.5608614755328745,0.9536896490026265,512,512,4.211697101593018,-0.08873558044433594,0.019228458404541016,-0.10796403884887695,False,,"{""best_reuse"": ""adapter_1"", ""best_reuse_utility"": 0.019228458404541016, ""decision"": ""reuse"", ""fresh_advantage"": -0.10796403884887695, ""fresh_positive"": false, ""fresh_utility"": -0.08873558044433594, ""full_batch_guards"": {""adapter_1"": {""crossfit_feasible"": true, ""crossfit_utility"": 0.019228458404541016, ""crossfit_utility_positive"": true, ""full_batch_cur_after"": 4.189395904541016, ""full_batch_cur_before"": 4.211697101593018, ""full_batch_gain"": 0.022301197052001953, ""full_batch_harm"": -0.022075355052947998, ""full_batch_harm_lcb"": -0.022465366620454005, ""full_batch_harm_se"": 0.0001989854936255142, ""full_batch_harm_ucb"": -0.02168534348544199, ""full_batch_safe"": true}, ""default"": {""crossfit_feasible"": true, ""crossfit_utility"": -0.1477794647216797, ""crossfit_utility_positive"": false, ""full_batch_cur_after"": 4.351727485656738, ""full_batch_cur_before"": 4.361669540405273, ""full_batch_gain"": 0.009942054748535156, ""full_batch_harm"": -0.015662945806980133, ""full_batch_harm_lcb"": -0.016128361704177224, ""full_batch_harm_se"": 0.00023745709040667862, ""full_batch_harm_ucb"": -0.015197529909783044, ""full_batch_safe"": true}}, ""guarded_best_reuse"": ""adapter_1"", ""num_adapters"": 2, ""pending_after"": false, ""pending_before"": false, ""policy_version"": ""cau_v1"", ""reason"": ""safe_existing_reuse"", ""utility"": {""batch_n"": 16, ""best_reuse"": ""adapter_1"", ""best_reuse_query_after"": 4.192468643188477, ""best_reuse_utility"": 0.019228458404541016, ""budget_blocked_fresh"": false, ""defer_utility"": 0.0, ""fold_a_fresh_utility"": -0.08678865432739258, ""fold_a_query_n"": 8, ""fold_a_support_n"": 8, ""fold_b_fresh_utility"": -0.0906825065612793, ""fold_b_query_n"": 8, ""fold_b_support_n"": 8, ""fresh_advantage"": -0.10796403884887695, ""fresh_local_trainability"": -0.0017857551574707031, ""fresh_positive"": false, ""fresh_query_after"": 4.3004326820373535, ""fresh_query_before"": 4.298646926879883, ""fresh_utility"": -0.08873558044433594, ""max_adapters"": 8, ""reuse_profiles"": {""adapter_1"": {""feasible_both"": true, ""fold_a_harm"": -0.021218568086624146, ""fold_a_lcb"": -0.021704239420359955, ""fold_a_query_after"": 4.164089202880859, ""fold_a_utility"": 0.018857955932617188, ""fold_b_harm"": -0.020940959453582764, ""fold_b_lcb"": -0.021408654096303506, ""fold_b_query_after"": 4.220848083496094, ""fold_b_utility"": 0.019598960876464844, ""harm_lcb_max"": -0.021408654096303506, ""harm_mean"": -0.021079763770103455, ""harm_se_mean"": 0.00024320560623891652, ""harm_ucb_max"": -0.02047326481086202, ""local_trainability"": 0.019228458404541016, ""query_after"": 4.192468643188477, ""query_before"": 4.211697101593018, ""system_utility"": 0.019228458404541016}, ""default"": {""feasible_both"": true, ""fold_a_harm"": -0.015608154237270355, ""fold_a_lcb"": -0.016223605141276493, ""fold_a_query_after"": 4.327764511108398, ""fold_a_utility"": -0.14481735229492188, ""fold_b_harm"": -0.015954431146383286, ""fold_b_lcb"": -0.016390662130434067, ""fold_b_query_after"": 4.391188621520996, ""fold_b_utility"": -0.1507415771484375, ""harm_lcb_max"": -0.016223605141276493, ""harm_mean"": -0.01578129269182682, ""harm_se_mean"": 0.0002682861959328875, ""harm_ucb_max"": -0.014992703333264216, ""local_trainability"": 0.0021932125091552734, ""query_after"": 4.359476566314697, ""query_before"": 4.3616697788238525, ""system_utility"": -0.1477794647216797}}, ""status"": ""ok"", ""statusquo_loss"": 4.211697101593018, ""total_memory_budget"": 512}, ""utility_status"": ""ok""}"
23,A1,A,1,adapter_1,reuse,safe_existing_reuse,4.2329888343811035,2,True,294912,1299610,0,68607207,59213,947424,352,8.940852322848514,480344576,0.0,6.0955820684321225,0.9536896490026265,512,512,4.222891569137573,-0.09139275550842285,0.021666765213012695,-0.11305952072143555,False,,"{""best_reuse"": ""adapter_1"", ""best_reuse_utility"": 0.021666765213012695, ""decision"": ""reuse"", ""fresh_advantage"": -0.11305952072143555, ""fresh_positive"": false, ""fresh_utility"": -0.09139275550842285, ""full_batch_guards"": {""adapter_1"": {""crossfit_feasible"": true, ""crossfit_utility"": 0.021666765213012695, ""crossfit_utility_positive"": true, ""full_batch_cur_after"": 4.200483322143555, ""full_batch_cur_before"": 4.222891807556152, ""full_batch_gain"": 0.022408485412597656, ""full_batch_harm"": -0.0215931236743927, ""full_batch_harm_lcb"": -0.022031228366540746, ""full_batch_harm_se"": 0.00022352280211634934, ""full_batch_harm_ucb"": -0.021155018982244655, ""full_batch_safe"": true}, ""default"": {""crossfit_feasible"": true, ""crossfit_utility"": -0.16668176651000977, ""crossfit_utility_positive"": false, ""full_batch_cur_after"": 4.387209892272949, ""full_batch_cur_before"": 4.398177146911621, ""full_batch_gain"": 0.010967254638671875, ""full_batch_harm"": -0.015588279813528061, ""full_batch_harm_lcb"": -0.016103668647119776, ""full_batch_harm_se"": 0.00026295348652638495, ""full_batch_harm_ucb"": -0.015072890979936346, ""full_batch_safe"": true}}, ""guarded_best_reuse"": ""adapter_1"", ""num_adapters"": 2, ""pending_after"": false, ""pending_before"": false, ""policy_version"": ""cau_v1"", ""reason"": ""safe_existing_reuse"", ""utility"": {""batch_n"": 16, ""best_reuse"": ""adapter_1"", ""best_reuse_query_after"": 4.2012248039245605, ""best_reuse_utility"": 0.021666765213012695, ""budget_blocked_fresh"": false, ""defer_utility"": 0.0, ""fold_a_fresh_utility"": -0.09191322326660156, ""fold_a_query_n"": 8, ""fold_a_support_n"": 8, ""fold_b_fresh_utility"": -0.09087228775024414, ""fold_b_query_n"": 8, ""fold_b_support_n"": 8, ""fresh_advantage"": -0.11305952072143555, ""fresh_local_trainability"": 0.017800092697143555, ""fresh_positive"": false, ""fresh_query_after"": 4.314284324645996, ""fresh_query_before"": 4.33208441734314, ""fresh_utility"": -0.09139275550842285, ""max_adapters"": 8, ""reuse_profiles"": {""adapter_1"": {""feasible_both"": true, ""fold_a_harm"": -0.021274328231811523, ""fold_a_lcb"": -0.02171268825070001, ""fold_a_query_after"": 4.170469284057617, ""fold_a_utility"": 0.021697998046875, ""fold_b_harm"": -0.02129887044429779, ""fold_b_lcb"": -0.02176992166962009, ""fold_b_query_after"": 4.231980323791504, ""fold_b_utility"": 0.02163553237915039, ""harm_lcb_max"": -0.02171268825070001, ""harm_mean"": -0.021286599338054657, ""harm_se_mean"": 0.0002319926643394865, ""harm_ucb_max"": -0.02082781921897549, ""local_trainability"": 0.021666765213012695, ""query_after"": 4.2012248039245605, ""query_before"": 4.222891569137573, ""system_utility"": 0.021666765213012695}, ""default"": {""feasible_both"": true, ""fold_a_harm"": -0.015470501035451889, ""fold_a_lcb"": -0.01608561658067629, ""fold_a_query_after"": 4.3566155433654785, ""fold_a_utility"": -0.16444826126098633, ""fold_b_harm"": -0.015804097056388855, ""fold_b_lcb"": -0.016245043228263967, ""fold_b_query_after"": 4.4225311279296875, ""fold_b_utility"": -0.1689152717590332, ""harm_lcb_max"": -0.01608561658067629, ""harm_mean"": -0.015637299045920372, ""harm_se_mean"": 0.0002694034992600791, ""harm_ucb_max"": -0.014855385490227491, ""local_trainability"": 0.008603811264038086, ""query_after"": 4.389573335647583, ""query_before"": 4.398177146911621, ""system_utility"": -0.16668176651000977}}, ""status"": ""ok"", ""statusquo_loss"": 4.222891569137573, ""total_memory_budget"": 512}, ""utility_status"": ""ok""}"
24,A1,A,1,adapter_1,reuse,safe_existing_reuse,4.204128265380859,2,True,294912,1299610,0,68607207,59213,947424,368,9.47808313393034,480344576,0.0,6.6286840424872935,0.9536896490026265,512,512,4.212307453155518,-0.11929750442504883,0.020071029663085938,-0.13936853408813477,False,,"{""best_reuse"": ""adapter_1"", ""best_reuse_utility"": 0.020071029663085938, ""decision"": ""reuse"", ""fresh_advantage"": -0.13936853408813477, ""fresh_positive"": false, ""fresh_utility"": -0.11929750442504883, ""full_batch_guards"": {""adapter_1"": {""crossfit_feasible"": true, ""crossfit_utility"": 0.020071029663085938, ""crossfit_utility_positive"": true, ""full_batch_cur_after"": 4.190623760223389, ""full_batch_cur_before"": 4.212306976318359, ""full_batch_gain"": 0.021683216094970703, ""full_batch_harm"": -0.021193016320466995, ""full_batch_harm_lcb"": -0.021526713710045442, ""full_batch_harm_se"": 0.00017025377019308507, ""full_batch_harm_ucb"": -0.02085931893088855, ""full_batch_safe"": true}, ""default"": {""crossfit_feasible"": true, ""crossfit_utility"": -0.1875476837158203, ""crossfit_utility_positive"": false, ""full_batch_cur_after"": 4.394822120666504, ""full_batch_cur_before"": 4.406344413757324, ""full_batch_gain"": 0.011522293090820312, ""full_batch_harm"": -0.015785735100507736, ""full_batch_harm_lcb"": -0.01622820938238874, ""full_batch_harm_se"": 0.0002257521846331656, ""full_batch_harm_ucb"": -0.015343260818626732, ""full_batch_safe"": true}}, ""guarded_best_reuse"": ""adapter_1"", ""num_adapters"": 2, ""pending_after"": false, ""pending_before"": false, ""policy_version"": ""cau_v1"", ""reason"": ""safe_existing_reuse"", ""utility"": {""batch_n"": 16, ""best_reuse"": ""adapter_1"", ""best_reuse_query_after"": 4.192236423492432, ""best_reuse_utility"": 0.020071029663085938, ""budget_blocked_fresh"": false, ""defer_utility"": 0.0, ""fold_a_fresh_utility"": -0.11984825134277344, ""fold_a_query_n"": 8, ""fold_a_support_n"": 8, ""fold_b_fresh_utility"": -0.11874675750732422, ""fold_b_query_n"": 8, ""fold_b_support_n"": 8, ""fresh_advantage"": -0.13936853408813477, ""fresh_local_trainability"": 0.010790348052978516, ""fresh_positive"": false, ""fresh_query_after"": 4.331604957580566, ""fresh_query_before"": 4.342395305633545, ""fresh_utility"": -0.11929750442504883, ""max_adapters"": 8, ""reuse_profiles"": {""adapter_1"": {""feasible_both"": true, ""fold_a_harm"": -0.020451463758945465, ""fold_a_lcb"": -0.0208479213854298, ""fold_a_query_after"": 4.237133979797363, ""fold_a_utility"": 0.019516944885253906, ""fold_b_harm"": -0.02084459364414215, ""fold_b_lcb"": -0.021165784102049657, ""fold_b_query_after"": 4.1473388671875, ""fold_b_utility"": 0.02062511444091797, ""harm_lcb_max"": -0.0208479213854298, ""harm_mean"": -0.020648028701543808, ""harm_se_mean"": 0.00018307349091628566, ""harm_ucb_max"": -0.02005500613246113, ""local_trainability"": 0.020071029663085938, ""query_after"": 4.192236423492432, ""query_before"": 4.212307453155518, ""system_utility"": 0.020071029663085938}, ""default"": {""feasible_both"": true, ""fold_a_harm"": -0.015813536942005157, ""fold_a_lcb"": -0.016283037468092516, ""fold_a_query_after"": 4.442286014556885, ""fold_a_utility"": -0.18563508987426758, ""fold_b_harm"": -0.01587168127298355, ""fold_b_lcb"": -0.016427689818665384, ""fold_b_query_after"": 4.357424259185791, ""fold_b_utility"": -0.18946027755737305, ""harm_lcb_max"": -0.016283037468092516, ""harm_mean"": -0.015842609107494354, ""harm_se_mean"": 0.00026160945708397776, ""harm_ucb_max"": -0.015315672727301716, ""local_trainability"": 0.006489753723144531, ""query_after"": 4.399855136871338, ""query_before"": 4.406344890594482, ""system_utility"": -0.1875476837158203}}, ""status"": ""ok"", ""statusquo_loss"": 4.212307453155518, ""total_memory_budget"": 512}, ""utility_status"": ""ok""}"
25,A1,A,1,adapter_1,reuse,safe_existing_reuse,4.157528400421143,2,True,294912,1299610,0,68607207,59213,947424,384,10.02895963494666,480344576,0.0,7.175357224652544,0.9536896490026265,512,512,4.166219711303711,-0.14472556114196777,0.020148038864135742,-0.16487360000610352,False,,"{""best_reuse"": ""adapter_1"", ""best_reuse_utility"": 0.020148038864135742, ""decision"": ""reuse"", ""fresh_advantage"": -0.16487360000610352, ""fresh_positive"": false, ""fresh_utility"": -0.14472556114196777, ""full_batch_guards"": {""adapter_1"": {""crossfit_feasible"": true, ""crossfit_utility"": 0.020148038864135742, ""crossfit_utility_positive"": true, ""full_batch_cur_after"": 4.144591808319092, ""full_batch_cur_before"": 4.166219711303711, ""full_batch_gain"": 0.02162790298461914, ""full_batch_harm"": -0.020983945578336716, ""full_batch_harm_lcb"": -0.021408746355446054, ""full_batch_harm_se"": 0.00021673509036190808, ""full_batch_harm_ucb"": -0.020559144801227378, ""full_batch_safe"": true}, ""default"": {""crossfit_feasible"": true, ""crossfit_utility"": -0.21249651908874512, ""crossfit_utility_positive"": false, ""full_batch_cur_after"": 4.373054504394531, ""full_batch_cur_before"": 4.383466720581055, ""full_batch_gain"": 0.010412216186523438, ""full_batch_harm"": -0.015523791313171387, ""full_batch_harm_lcb"": -0.016100362446159124, ""full_batch_harm_se"": 0.00029416894540190697, ""full_batch_harm_ucb"": -0.01494722018018365, ""full_batch_safe"": true}}, ""guarded_best_reuse"": ""adapter_1"", ""num_adapters"": 2, ""pending_after"": false, ""pending_before"": false, ""policy_version"": ""cau_v1"", ""reason"": ""safe_existing_reuse"", ""utility"": {""batch_n"": 16, ""best_reuse"": ""adapter_1"", ""best_reuse_query_after"": 4.146071672439575, ""best_reuse_utility"": 0.020148038864135742, ""budget_blocked_fresh"": false, ""defer_utility"": 0.0, ""fold_a_fresh_utility"": -0.14764642715454102, ""fold_a_query_n"": 8, ""fold_a_support_n"": 8, ""fold_b_fresh_utility"": -0.14180469512939453, ""fold_b_query_n"": 8, ""fold_b_support_n"": 8, ""fresh_advantage"": -0.16487360000610352, ""fresh_local_trainability"": 0.007562875747680664, ""fresh_positive"": false, ""fresh_query_after"": 4.310945272445679, ""fresh_query_before"": 4.318508148193359, ""fresh_utility"": -0.14472556114196777, ""max_adapters"": 8, ""reuse_profiles"": {""adapter_1"": {""feasible_both"": true, ""fold_a_harm"": -0.020212970674037933, ""fold_a_lcb"": -0.020708748976467177, ""fold_a_query_after"": 4.1644415855407715, ""fold_a_utility"": 0.019706249237060547, ""fold_b_harm"": -0.020559024065732956, ""fold_b_lcb"": -0.02094755073369015, ""fold_b_query_after"": 4.127701759338379, ""fold_b_utility"": 0.020589828491210938, ""harm_lcb_max"": -0.020708748976467177, ""harm_mean"": -0.020385997369885445, ""harm_se_mean"": 0.00022558800264960155, ""harm_ucb_max"": -0.01971719237160869, ""local_trainability"": 0.020148038864135742, ""query_after"": 4.146071672439575, ""query_before"": 4.166219711303711, ""system_utility"": 0.020148038864135742}, ""default"": {""feasible_both"": true, ""fold_a_harm"": -0.015673894435167313, ""fold_a_lcb"": -0.016260704136220737, ""fold_a_query_after"": 4.397444725036621, ""fold_a_utility"": -0.21329689025878906, ""fold_b_harm"": -0.015595991164445877, ""fold_b_lcb"": -0.01618860971997492, ""fold_b_query_after"": 4.359987735748291, ""fold_b_utility"": -0.21169614791870117, ""harm_lcb_max"": -0.01618860971997492, ""harm_mean"": -0.015634942799806595, ""harm_se_mean"": 0.0003008745552506298, ""harm_ucb_max"": -0.015003372608916835, ""local_trainability"": 0.004750490188598633, ""query_after"": 4.378716230392456, ""query_before"": 4.383466720581055, ""system_utility"": -0.21249651908874512}}, ""status"": ""ok"", ""statusquo_loss"": 4.166219711303711, ""total_memory_budget"": 512}, ""utility_status"": ""ok""}"
26,A1,A,1,adapter_1,reuse,safe_existing_reuse,4.111326217651367,2,True,294912,1299610,0,68607207,59213,947424,400,10.579260452883318,480344576,0.0,7.721317150630057,0.9536896490026265,512,512,4.113640546798706,-0.15571093559265137,0.020371675491333008,-0.17608261108398438,False,,"{""best_reuse"": ""adapter_1"", ""best_reuse_utility"": 0.020371675491333008, ""decision"": ""reuse"", ""fresh_advantage"": -0.17608261108398438, ""fresh_positive"": false, ""fresh_utility"": -0.15571093559265137, ""full_batch_guards"": {""adapter_1"": {""crossfit_feasible"": true, ""crossfit_utility"": 0.020371675491333008, ""crossfit_utility_positive"": true, ""full_batch_cur_after"": 4.092546463012695, ""full_batch_cur_before"": 4.113640785217285, ""full_batch_gain"": 0.021094322204589844, ""full_batch_harm"": -0.02085748314857483, ""full_batch_harm_lcb"": -0.021147031344589777, ""full_batch_harm_se"": 0.00014772867143619806, ""full_batch_harm_ucb"": -0.02056793495255988, ""full_batch_safe"": true}, ""default"": {""crossfit_feasible"": true, ""crossfit_utility"": -0.2256779670715332, ""crossfit_utility_positive"": false, ""full_batch_cur_after"": 4.336203575134277, ""full_batch_cur_before"": 4.347342491149902, ""full_batch_gain"": 0.011138916015625, ""full_batch_harm"": -0.015924517065286636, ""full_batch_harm_lcb"": -0.01626591418753378, ""full_batch_harm_se"": 0.000174182205228135, ""full_batch_harm_ucb"": -0.015583119943039491, ""full_batch_safe"": true}}, ""guarded_best_reuse"": ""adapter_1"", ""num_adapters"": 2, ""pending_after"": false, ""pending_before"": false, ""policy_version"": ""cau_v1"", ""reason"": ""safe_existing_reuse"", ""utility"": {""batch_n"": 16, ""best_reuse"": ""adapter_1"", ""best_reuse_query_after"": 4.093268871307373, ""best_reuse_utility"": 0.020371675491333008, ""budget_blocked_fresh"": false, ""defer_utility"": 0.0, ""fold_a_fresh_utility"": -0.1562204360961914, ""fold_a_query_n"": 8, ""fold_a_support_n"": 8, ""fold_b_fresh_utility"": -0.15520143508911133, ""fold_b_query_n"": 8, ""fold_b_support_n"": 8, ""fresh_advantage"": -0.17608261108398438, ""fresh_local_trainability"": 0.016369342803955078, ""fresh_positive"": false, ""fresh_query_after"": 4.269351482391357, ""fresh_query_before"": 4.2857208251953125, ""fresh_utility"": -0.15571093559265137, ""max_adapters"": 8, ""reuse_profiles"": {""adapter_1"": {""feasible_both"": true, ""fold_a_harm"": -0.020456463098526, ""fold_a_lcb"": -0.020726965522626414, ""fold_a_query_after"": 4.082032203674316, ""fold_a_utility"": 0.02037668228149414, ""fold_b_harm"": -0.020589694380760193, ""fold_b_lcb"": -0.020930279945023358, ""fold_b_query_after"": 4.10450553894043, ""fold_b_utility"": 0.020366668701171875, ""harm_lcb_max"": -0.020726965522626414, ""harm_mean"": -0.020523078739643097, ""harm_se_mean"": 0.00015588979294989258, ""harm_ucb_max"": -0.020185960674425588, ""local_trainability"": 0.020371675491333008, ""query_after"": 4.093268871307373, ""query_before"": 4.113640546798706, ""system_utility"": 0.020371675491333008}, ""default"": {""feasible_both"": true, ""fold_a_harm"": -0.016013596206903458, ""fold_a_lcb"": -0.016396545217721725, ""fold_a_query_after"": 4.329136848449707, ""fold_a_utility"": -0.22672796249389648, ""fold_b_harm"": -0.01605045050382614, ""fold_b_lcb"": -0.016394228108692913, ""fold_b_query_after"": 4.3495001792907715, ""fold_b_utility"": -0.22462797164916992, ""harm_lcb_max"": -0.016394228108692913, ""harm_mean"": -0.0160320233553648, ""harm_se_mean"": 0.00018538944277679548, ""harm_ucb_max"": -0.01563064719608519, ""local_trainability"": 0.008023977279663086, ""query_after"": 4.339318513870239, ""query_before"": 4.347342491149902, ""system_utility"": -0.2256779670715332}}, ""status"": ""ok"", ""statusquo_loss"": 4.113640546798706, ""total_memory_budget"": 512}, ""utility_status"": ""ok""}"
27,A1,A,1,adapter_1,reuse,safe_existing_reuse,4.123481750488281,2,True,294912,1299610,0,68607207,59213,947424,416,11.132657032925636,480344576,0.0,8.270365788601339,0.9536896490026265,512,512,4.1183953285217285,-0.18306827545166016,0.019928693771362305,-0.20299696922302246,False,,"{""best_reuse"": ""adapter_1"", ""best_reuse_utility"": 0.019928693771362305, ""decision"": ""reuse"", ""fresh_advantage"": -0.20299696922302246, ""fresh_positive"": false, ""fresh_utility"": -0.18306827545166016, ""full_batch_guards"": {""adapter_1"": {""crossfit_feasible"": true, ""crossfit_utility"": 0.019928693771362305, ""crossfit_utility_positive"": true, ""full_batch_cur_after"": 4.097221851348877, ""full_batch_cur_before"": 4.1183953285217285, ""full_batch_gain"": 0.021173477172851562, ""full_batch_harm"": -0.020781826227903366, ""full_batch_harm_lcb"": -0.021052479617646894, ""full_batch_harm_se"": 0.00013808846415486187, ""full_batch_harm_ucb"": -0.020511172838159838, ""full_batch_safe"": true}, ""default"": {""crossfit_feasible"": true, ""crossfit_utility"": -0.24649429321289062, ""crossfit_utility_positive"": false, ""full_batch_cur_after"": 4.360667705535889, ""full_batch_cur_before"": 4.372459888458252, ""full_batch_gain"": 0.011792182922363281, ""full_batch_harm"": -0.01594005897641182, ""full_batch_harm_lcb"": -0.016315754876704888, ""full_batch_harm_se"": 0.0001916815817821771, ""full_batch_harm_ucb"": -0.015564363076118753, ""full_batch_safe"": true}}, ""guarded_best_reuse"": ""adapter_1"", ""num_adapters"": 2, ""pending_after"": false, ""pending_before"": false, ""policy_version"": ""cau_v1"", ""reason"": ""safe_existing_reuse"", ""utility"": {""batch_n"": 16, ""best_reuse"": ""adapter_1"", ""best_reuse_query_after"": 4.098466634750366, ""best_reuse_utility"": 0.019928693771362305, ""budget_blocked_fresh"": false, ""defer_utility"": 0.0, ""fold_a_fresh_utility"": -0.18813753128051758, ""fold_a_query_n"": 8, ""fold_a_support_n"": 8, ""fold_b_fresh_utility"": -0.17799901962280273, ""fold_b_query_n"": 8, ""fold_b_support_n"": 8, ""fresh_advantage"": -0.20299696922302246, ""fresh_local_trainability"": 0.009899139404296875, ""fresh_positive"": false, ""fresh_query_after"": 4.301463603973389, ""fresh_query_before"": 4.3113627433776855, ""fresh_utility"": -0.18306827545166016, ""max_adapters"": 8, ""reuse_profiles"": {""adapter_1"": {""feasible_both"": true, ""fold_a_harm"": -0.020278308540582657, ""fold_a_lcb"": -0.020561514525325036, ""fold_a_query_after"": 4.079819202423096, ""fold_a_utility"": 0.01989603042602539, ""fold_b_harm"": -0.02040782943367958, ""fold_b_lcb"": -0.02074583725887351, ""fold_b_query_after"": 4.117114067077637, ""fold_b_utility"": 0.01996135711669922, ""harm_lcb_max"": -0.020561514525325036, ""harm_mean"": -0.02034306898713112, ""harm_se_mean"": 0.0001584729106980376, ""harm_ucb_max"": -0.019995102555840277, ""local_trainability"": 0.019928693771362305, ""query_after"": 4.098466634750366, ""query_before"": 4.1183953285217285, ""system_utility"": 0.019928693771362305}, ""default"": {""feasible_both"": true, ""fold_a_harm"": -0.015886113047599792, ""fold_a_lcb"": -0.01644511751830578, ""fold_a_query_after"": 4.350324630737305, ""fold_a_utility"": -0.2506093978881836, ""fold_b_harm"": -0.015998050570487976, ""fold_b_lcb"": -0.016394538230379112, ""fold_b_query_after"": 4.379454612731934, ""fold_b_utility"": -0.24237918853759766, ""harm_lcb_max"": -0.016394538230379112, ""harm_mean"": -0.015942081809043884, ""harm_se_mean"": 0.00024374799249926582, ""harm_ucb_max"": -0.015327108576893806, ""local_trainability"": 0.007570028305053711, ""query_after"": 4.364889621734619, ""query_before"": 4.372459650039673, ""system_utility"": -0.24649429321289062}}, ""status"": ""ok"", ""statusquo_loss"": 4.1183953285217285, ""total_memory_budget"": 512}, ""utility_status"": ""ok""}"
28,A1,A,1,adapter_1,reuse,safe_existing_reuse,4.132655143737793,2,True,294912,1299610,0,68607207,59213,947424,432,11.683985254960135,480344576,0.0,8.817274656612426,0.9536896490026265,512,512,4.140408277511597,-0.1943211555480957,0.02138495445251465,-0.21570611000061035,False,,"{""best_reuse"": ""adapter_1"", ""best_reuse_utility"": 0.02138495445251465, ""decision"": ""reuse"", ""fresh_advantage"": -0.21570611000061035, ""fresh_positive"": false, ""fresh_utility"": -0.1943211555480957, ""full_batch_guards"": {""adapter_1"": {""crossfit_feasible"": true, ""crossfit_utility"": 0.02138495445251465, ""crossfit_utility_positive"": true, ""full_batch_cur_after"": 4.118510723114014, ""full_batch_cur_before"": 4.140408515930176, ""full_batch_gain"": 0.02189779281616211, ""full_batch_harm"": -0.020180944353342056, ""full_batch_harm_lcb"": -0.02057858135434799, ""full_batch_harm_se"": 0.00020287602092139423, ""full_batch_harm_ucb"": -0.019783307352336122, ""full_batch_safe"": true}, ""default"": {""crossfit_feasible"": true, ""crossfit_utility"": -0.2713019847869873, ""crossfit_utility_positive"": false, ""full_batch_cur_after"": 4.409464359283447, ""full_batch_cur_before"": 4.420757293701172, ""full_batch_gain"": 0.01129293441772461, ""full_batch_harm"": -0.015557706356048584, ""full_batch_harm_lcb"": -0.01615269358619116, ""full_batch_harm_se"": 0.00030356491333805025, ""full_batch_harm_ucb"": -0.014962719125906005, ""full_batch_safe"": true}}, ""guarded_best_reuse"": ""adapter_1"", ""num_adapters"": 2, ""pending_after"": false, ""pending_before"": false, ""policy_version"": ""cau_v1"", ""reason"": ""safe_existing_reuse"", ""utility"": {""batch_n"": 16, ""best_reuse"": ""adapter_1"", ""best_reuse_query_after"": 4.119023323059082, ""best_reuse_utility"": 0.02138495445251465, ""budget_blocked_fresh"": false, ""defer_utility"": 0.0, ""fold_a_fresh_utility"": -0.19794368743896484, ""fold_a_query_n"": 8, ""fold_a_support_n"": 8, ""fold_b_fresh_utility"": -0.19069862365722656, ""fold_b_query_n"": 8, ""fold_b_support_n"": 8, ""fresh_advantage"": -0.21570611000061035, ""fresh_local_trainability"": 0.0202944278717041, ""fresh_positive"": false, ""fresh_query_after"": 4.334729433059692, ""fresh_query_before"": 4.3550238609313965, ""fresh_utility"": -0.1943211555480957, ""max_adapters"": 8, ""reuse_profiles"": {""adapter_1"": {""feasible_both"": true, ""fold_a_harm"": -0.019940026104450226, ""fold_a_lcb"": -0.02034132909204345, ""fold_a_query_after"": 4.125802993774414, ""fold_a_utility"": 0.021317005157470703, ""fold_b_harm"": -0.019983436912298203, ""fold_b_lcb"": -0.020341264989110642, ""fold_b_query_after"": 4.11224365234375, ""fold_b_utility"": 0.021452903747558594, ""harm_lcb_max"": -0.020341264989110642, ""harm_mean"": -0.019961731508374214, ""harm_se_mean"": 0.0001936558837769553, ""harm_ucb_max"": -0.019538723116857, ""local_trainability"": 0.02138495445251465, ""query_after"": 4.119023323059082, ""query_before"": 4.140408277511597, ""system_utility"": 0.02138495445251465}, ""default"": {""feasible_both"": true, ""fold_a_harm"": -0.015738755464553833, ""fold_a_lcb"": -0.01632744292379357, ""fold_a_query_after"": 4.425370216369629, ""fold_a_utility"": -0.27825021743774414, ""fold_b_harm"": -0.015470705926418304, ""fold_b_lcb"": -0.016086289684753865, ""fold_b_query_after"": 4.398050308227539, ""fold_b_utility"": -0.26435375213623047, ""harm_lcb_max"": -0.016086289684753865, ""harm_mean"": -0.015604730695486069, ""harm_se_mean"": 0.0003072120452998206, ""harm_ucb_max"": -0.014855122168082744, ""local_trainability"": 0.00904703140258789, ""query_after"": 4.411710262298584, ""query_before"": 4.420757293701172, ""system_utility"": -0.2713019847869873}}, ""status"": ""ok"", ""statusquo_loss"": 4.140408277511597, ""total_memory_budget"": 512}, ""utility_status"": ""ok""}"
29,A1,A,1,adapter_1,reuse,safe_existing_reuse,4.09780740737915,2,True,294912,1299610,0,68607207,59213,947424,448,12.23350046388805,480344576,0.0,9.36244717380032,0.9536896490026265,512,512,4.077118396759033,-0.2262403964996338,0.01989459991455078,-0.24613499641418457,False,,"{""best_reuse"": ""adapter_1"", ""best_reuse_utility"": 0.01989459991455078, ""decision"": ""reuse"", ""fresh_advantage"": -0.24613499641418457, ""fresh_positive"": false, ""fresh_utility"": -0.2262403964996338, ""full_batch_guards"": {""adapter_1"": {""crossfit_feasible"": true, ""crossfit_utility"": 0.01989459991455078, ""crossfit_utility_positive"": true, ""full_batch_cur_after"": 4.056192874908447, ""full_batch_cur_before"": 4.077117919921875, ""full_batch_gain"": 0.020925045013427734, ""full_batch_harm"": -0.020208287984132767, ""full_batch_harm_lcb"": -0.020634009928326123, ""full_batch_harm_se"": 0.00021720507356803864, ""full_batch_harm_ucb"": -0.01978256603993941, ""full_batch_safe"": true}, ""default"": {""crossfit_feasible"": true, ""crossfit_utility"": -0.2958214282989502, ""crossfit_utility_positive"": false, ""full_batch_cur_after"": 4.367449760437012, ""full_batch_cur_before"": 4.378215312957764, ""full_batch_gain"": 0.010765552520751953, ""full_batch_harm"": -0.01567303016781807, ""full_batch_harm_lcb"": -0.016102734233718365, ""full_batch_harm_se"": 0.00021923676831647754, ""full_batch_harm_ucb"": -0.015243326101917774, ""full_batch_safe"": true}}, ""guarded_best_reuse"": ""adapter_1"", ""num_adapters"": 2, ""pending_after"": false, ""pending_before"": false, ""policy_version"": ""cau_v1"", ""reason"": ""safe_existing_reuse"", ""utility"": {""batch_n"": 16, ""best_reuse"": ""adapter_1"", ""best_reuse_query_after"": 4.057223796844482, ""best_reuse_utility"": 0.01989459991455078, ""budget_blocked_fresh"": false, ""defer_utility"": 0.0, ""fold_a_fresh_utility"": -0.22832584381103516, ""fold_a_query_n"": 8, ""fold_a_support_n"": 8, ""fold_b_fresh_utility"": -0.22415494918823242, ""fold_b_query_n"": 8, ""fold_b_support_n"": 8, ""fresh_advantage"": -0.24613499641418457, ""fresh_local_trainability"": 0.010835409164428711, ""fresh_positive"": false, ""fresh_query_after"": 4.303358793258667, ""fresh_query_before"": 4.314194202423096, ""fresh_utility"": -0.2262403964996338, ""max_adapters"": 8, ""reuse_profiles"": {""adapter_1"": {""feasible_both"": true, ""fold_a_harm"": -0.019765883684158325, ""fold_a_lcb"": -0.02019867046677973, ""fold_a_query_after"": 4.085617542266846, ""fold_a_utility"": 0.020037174224853516, ""fold_b_harm"": -0.019786100834608078, ""fold_b_lcb"": -0.020220674818847328, ""fold_b_query_after"": 4.028830051422119, ""fold_b_utility"": 0.019752025604248047, ""harm_lcb_max"": -0.02019867046677973, ""harm_mean"": -0.0197759922593832, ""harm_se_mean"": 0.00022126550175016746, ""harm_ucb_max"": -0.01933309690153692, ""local_trainability"": 0.01989459991455078, ""query_after"": 4.057223796844482, ""query_before"": 4.077118396759033, ""system_utility"": 0.01989459991455078}, ""default"": {""feasible_both"": true, ""fold_a_harm"": -0.01586698368191719, ""fold_a_lcb"": -0.0162993727857247, ""fold_a_query_after"": 4.404309272766113, ""fold_a_utility"": -0.29865455627441406, ""fold_b_harm"": -0.015743330121040344, ""fold_b_lcb"": -0.016226877154549582, ""fold_b_query_after"": 4.3415703773498535, ""fold_b_utility"": -0.29298830032348633, ""harm_lcb_max"": -0.016226877154549582, ""harm_mean"": -0.015805156901478767, ""harm_se_mean"": 0.00023365717788692564, ""harm_ucb_max"": -0.015259783087531105, ""local_trainability"": 0.0052754878997802734, ""query_after"": 4.372939825057983, ""query_before"": 4.378215312957764, ""system_utility"": -0.2958214282989502}}, ""status"": ""ok"", ""statusquo_loss"": 4.077118396759033, ""total_memory_budget"": 512}, ""utility_status"": ""ok""}"
30,A1,A,1,adapter_1,reuse,safe_existing_reuse,4.12072229385376,2,True,294912,1299610,0,68607207,59213,947424,464,12.793226522859186,480344576,0.0,9.917603285983205,0.9536896490026265,512,512,4.10652756690979,-0.24019384384155273,0.019666671752929688,-0.2598605155944824,False,,"{""best_reuse"": ""adapter_1"", ""best_reuse_utility"": 0.019666671752929688, ""decision"": ""reuse"", ""fresh_advantage"": -0.2598605155944824, ""fresh_positive"": false, ""fresh_utility"": -0.24019384384155273, ""full_batch_guards"": {""adapter_1"": {""crossfit_feasible"": true, ""crossfit_utility"": 0.019666671752929688, ""crossfit_utility_positive"": true, ""full_batch_cur_after"": 4.085962295532227, ""full_batch_cur_before"": 4.106527805328369, ""full_batch_gain"": 0.020565509796142578, ""full_batch_harm"": -0.020253710448741913, ""full_batch_harm_lcb"": -0.020654688944341616, ""full_batch_harm_se"": 0.00020458086510188878, ""full_batch_harm_ucb"": -0.01985273195314221, ""full_batch_safe"": true}, ""default"": {""crossfit_feasible"": true, ""crossfit_utility"": -0.3119783401489258, ""crossfit_utility_positive"": false, ""full_batch_cur_after"": 4.4142937660217285, ""full_batch_cur_before"": 4.425592422485352, ""full_batch_gain"": 0.011298656463623047, ""full_batch_harm"": -0.015675164759159088, ""full_batch_harm_lcb"": -0.01624069757410325, ""full_batch_harm_se"": 0.0002885371504817158, ""full_batch_harm_ucb"": -0.015109631944214925, ""full_batch_safe"": true}}, ""guarded_best_reuse"": ""adapter_1"", ""num_adapters"": 2, ""pending_after"": false, ""pending_before"": false, ""policy_version"": ""cau_v1"", ""reason"": ""safe_existing_reuse"", ""utility"": {""batch_n"": 16, ""best_reuse"": ""adapter_1"", ""best_reuse_query_after"": 4.08686089515686, ""best_reuse_utility"": 0.019666671752929688, ""budget_blocked_fresh"": false, ""defer_utility"": 0.0, ""fold_a_fresh_utility"": -0.2361154556274414, ""fold_a_query_n"": 8, ""fold_a_support_n"": 8, ""fold_b_fresh_utility"": -0.24427223205566406, ""fold_b_query_n"": 8, ""fold_b_support_n"": 8, ""fresh_advantage"": -0.2598605155944824, ""fresh_local_trainability"": 0.014819622039794922, ""fresh_positive"": false, ""fresh_query_after"": 4.346721410751343, ""fresh_query_before"": 4.361541032791138, ""fresh_utility"": -0.24019384384155273, ""max_adapters"": 8, ""reuse_profiles"": {""adapter_1"": {""feasible_both"": true, ""fold_a_harm"": -0.019899245351552963, ""fold_a_lcb"": -0.020382252753479407, ""fold_a_query_after"": 4.0681657791137695, ""fold_a_utility"": 0.01897144317626953, ""fold_b_harm"": -0.019922055304050446, ""fold_b_lcb"": -0.020249807134387083, ""fold_b_query_after"": 4.105556011199951, ""fold_b_utility"": 0.020361900329589844, ""harm_lcb_max"": -0.020249807134387083, ""harm_mean"": -0.019910650327801704, ""harm_se_mean"": 0.00020682633476099, ""harm_ucb_max"": -0.01941623794962652, ""local_trainability"": 0.019666671752929688, ""query_after"": 4.08686089515686, ""query_before"": 4.10652756690979, ""system_utility"": 0.019666671752929688}, ""default"": {""feasible_both"": true, ""fold_a_harm"": -0.015785448253154755, ""fold_a_lcb"": -0.016349891594145446, ""fold_a_query_after"": 4.394149303436279, ""fold_a_utility"": -0.30701208114624023, ""fold_b_harm"": -0.015738874673843384, ""fold_b_lcb"": -0.01632604203769006, ""fold_b_query_after"": 4.442862510681152, ""fold_b_utility"": -0.31694459915161133, ""harm_lcb_max"": -0.01632604203769006, ""harm_mean"": -0.01576216146349907, ""harm_se_mean"": 0.00029377824102994055, ""harm_ucb_max"": -0.01515170730999671, ""local_trainability"": 0.007086277008056641, ""query_after"": 4.418505907058716, ""query_before"": 4.4255921840667725, ""system_utility"": -0.3119783401489258}}, ""status"": ""ok"", ""statusquo_loss"": 4.10652756690979, ""total_memory_budget"": 512}, ""utility_status"": ""ok""}"
31,A1,A,1,adapter_1,reuse,safe_existing_reuse,4.121304512023926,2,True,294912,1299610,0,68607207,59213,947424,480,13.346307135885581,480344576,0.0,10.465960397850722,0.9536896490026265,512,512,4.093236923217773,-0.25959038734436035,0.019285202026367188,-0.27887558937072754,False,,"{""best_reuse"": ""adapter_1"", ""best_reuse_utility"": 0.019285202026367188, ""decision"": ""reuse"", ""fresh_advantage"": -0.27887558937072754, ""fresh_positive"": false, ""fresh_utility"": -0.25959038734436035, ""full_batch_guards"": {""adapter_1"": {""crossfit_feasible"": true, ""crossfit_utility"": 0.019285202026367188, ""crossfit_utility_positive"": true, ""full_batch_cur_after"": 4.072956085205078, ""full_batch_cur_before"": 4.093236446380615, ""full_batch_gain"": 0.02028036117553711, ""full_batch_harm"": -0.019646406173706055, ""full_batch_harm_lcb"": -0.019993279786431232, ""full_batch_harm_se"": 0.00017697633302304894, ""full_batch_harm_ucb"": -0.019299532560980878, ""full_batch_safe"": true}, ""default"": {""crossfit_feasible"": true, ""crossfit_utility"": -0.3280806541442871, ""crossfit_utility_positive"": false, ""full_batch_cur_after"": 4.417893409729004, ""full_batch_cur_before"": 4.429355621337891, ""full_batch_gain"": 0.011462211608886719, ""full_batch_harm"": -0.015732068568468094, ""full_batch_harm_lcb"": -0.016298425148706882, ""full_batch_harm_se"": 0.0002889574388973415, ""full_batch_harm_ucb"": -0.015165711988229304, ""full_batch_safe"": true}}, ""guarded_best_reuse"": ""adapter_1"", ""num_adapters"": 2, ""pending_after"": false, ""pending_before"": false, ""policy_version"": ""cau_v1"", ""reason"": ""safe_existing_reuse"", ""utility"": {""batch_n"": 16, ""best_reuse"": ""adapter_1"", ""best_reuse_query_after"": 4.073951721191406, ""best_reuse_utility"": 0.019285202026367188, ""budget_blocked_fresh"": false, ""defer_utility"": 0.0, ""fold_a_fresh_utility"": -0.2582392692565918, ""fold_a_query_n"": 8, ""fold_a_support_n"": 8, ""fold_b_fresh_utility"": -0.2609415054321289, ""fold_b_query_n"": 8, ""fold_b_support_n"": 8, ""fresh_advantage"": -0.27887558937072754, ""fresh_local_trainability"": 0.012853384017944336, ""fresh_positive"": false, ""fresh_query_after"": 4.352827310562134, ""fresh_query_before"": 4.365680694580078, ""fresh_utility"": -0.25959038734436035, ""max_adapters"": 8, ""reuse_profiles"": {""adapter_1"": {""feasible_both"": true, ""fold_a_harm"": -0.019405469298362732, ""fold_a_lcb"": -0.019865884562022984, ""fold_a_query_after"": 4.079911231994629, ""fold_a_utility"": 0.01886272430419922, ""fold_b_harm"": -0.019289378076791763, ""fold_b_lcb"": -0.01957453686045483, ""fold_b_query_after"": 4.067992210388184, ""fold_b_utility"": 0.019707679748535156, ""harm_lcb_max"": -0.01957453686045483, ""harm_mean"": -0.019347423687577248, ""harm_se_mean"": 0.0001901974610518664, ""harm_ucb_max"": -0.01894505403470248, ""local_trainability"": 0.019285202026367188, ""query_after"": 4.073951721191406, ""query_before"": 4.093236923217773, ""system_utility"": 0.019285202026367188}, ""default"": {""feasible_both"": true, ""fold_a_harm"": -0.01561247929930687, ""fold_a_lcb"": -0.016198346242308616, ""fold_a_query_after"": 4.420940399169922, ""fold_a_utility"": -0.32216644287109375, ""fold_b_harm"": -0.015879224985837936, ""fold_b_lcb"": -0.016463323237840086, ""fold_b_query_after"": 4.421694755554199, ""fold_b_utility"": -0.33399486541748047, ""harm_lcb_max"": -0.016198346242308616, ""harm_mean"": -0.015745852142572403, ""harm_se_mean"": 0.00029846050892956555, ""harm_ucb_max"": -0.015026612356305123, ""local_trainability"": 0.00803828239440918, ""query_after"": 4.4213175773620605, ""query_before"": 4.42935585975647, ""system_utility"": -0.3280806541442871}}, ""status"": ""ok"", ""statusquo_loss"": 4.093236923217773, ""total_memory_budget"": 512}, ""utility_status"": ""ok""}"
32,A1,A,1,adapter_1,reuse,safe_existing_reuse,3.99517822265625,2,True,294912,1299610,0,68607207,59213,947424,493,13.893567981896922,480344576,0.0,11.008381330873817,0.9536896490026265,512,512,3.981523091976459,-0.2970430484184852,0.018027305603027344,-0.31507035402151257,False,,"{""best_reuse"": ""adapter_1"", ""best_reuse_utility"": 0.018027305603027344, ""decision"": ""reuse"", ""fresh_advantage"": -0.31507035402151257, ""fresh_positive"": false, ""fresh_utility"": -0.2970430484184852, ""full_batch_guards"": {""adapter_1"": {""crossfit_feasible"": true, ""crossfit_utility"": 0.018027305603027344, ""crossfit_utility_positive"": true, ""full_batch_cur_after"": 3.9613847732543945, ""full_batch_cur_before"": 3.981523036956787, ""full_batch_gain"": 0.020138263702392578, ""full_batch_harm"": -0.019559651613235474, ""full_batch_harm_lcb"": -0.019910746017703786, ""full_batch_harm_se"": 0.0001791297981981188, ""full_batch_harm_ucb"": -0.01920855720876716, ""full_batch_safe"": true}, ""default"": {""crossfit_feasible"": true, ""crossfit_utility"": -0.35468525152940017, ""crossfit_utility_positive"": false, ""full_batch_cur_after"": 4.328182697296143, ""full_batch_cur_before"": 4.3392510414123535, ""full_batch_gain"": 0.011068344116210938, ""full_batch_harm"": -0.015895061194896698, ""full_batch_harm_lcb"": -0.016278551862342283, ""full_batch_harm_se"": 0.00019565850379876792, ""full_batch_harm_ucb"": -0.015511570527451113, ""full_batch_safe"": true}}, ""guarded_best_reuse"": ""adapter_1"", ""num_adapters"": 2, ""pending_after"": false, ""pending_before"": false, ""policy_version"": ""cau_v1"", ""reason"": ""safe_existing_reuse"", ""utility"": {""batch_n"": 13, ""best_reuse"": ""adapter_1"", ""best_reuse_query_after"": 3.9634957863734317, ""best_reuse_utility"": 0.018027305603027344, ""budget_blocked_fresh"": false, ""defer_utility"": 0.0, ""fold_a_fresh_utility"": -0.3029966354370117, ""fold_a_query_n"": 6, ""fold_a_support_n"": 7, ""fold_b_fresh_utility"": -0.29193997383117676, ""fold_b_query_n"": 7, ""fold_b_support_n"": 6, ""fresh_advantage"": -0.31507035402151257, ""fresh_local_trainability"": -0.0014191040625939001, ""fresh_positive"": false, ""fresh_query_after"": 4.278566140394944, ""fresh_query_before"": 4.277147036332351, ""fresh_utility"": -0.2970430484184852, ""max_adapters"": 8, ""reuse_profiles"": {""adapter_1"": {""feasible_both"": true, ""fold_a_harm"": -0.018933799117803574, ""fold_a_lcb"": -0.019242722055641936, ""fold_a_query_after"": 4.03533411026001, ""fold_a_utility"": 0.018935203552246094, ""fold_b_harm"": -0.018967900425195694, ""fold_b_lcb"": -0.01938908393087331, ""fold_b_query_after"": 3.9019200801849365, ""fold_b_utility"": 0.017249107360839844, ""harm_lcb_max"": -0.019242722055641936, ""harm_mean"": -0.018950849771499634, ""harm_se_mean"": 0.0001862516437540762, ""harm_ucb_max"": -0.018546716919518078, ""local_trainability"": 0.018027305603027344, ""query_after"": 3.9634957863734317, ""query_before"": 3.981523091976459, ""system_utility"": 0.018027305603027344}, ""default"": {""feasible_both"": true, ""fold_a_harm"": -0.01618790253996849, ""fold_a_lcb"": -0.01656375790538732, ""fold_a_query_after"": 4.422935962677002, ""fold_a_utility"": -0.3686666488647461, ""fold_b_harm"": -0.015616808086633682, ""fold_b_lcb"": -0.016229598367353902, ""fold_b_query_after"": 4.261870384216309, ""fold_b_utility"": -0.3427011966705322, ""harm_lcb_max"": -0.016229598367353902, ""harm_mean"": -0.015902355313301086, ""harm_se_mean"": 0.00025220552197424695, ""harm_ucb_max"": -0.015004017805913462, ""local_trainability"": 0.0030425145075871395, ""query_after"": 4.336208343505859, ""query_before"": 4.339250858013447, ""system_utility"": -0.35468525152940017}}, ""status"": ""ok"", ""statusquo_loss"": 3.981523091976459, ""total_memory_budget"": 512}, ""utility_status"": ""ok""}"
33,B2,B,2,default,reuse,safe_existing_reuse,4.0217390060424805,2,True,294912,1299610,0,68607207,59213,947424,493,16.014337485888973,484296192,0.0,11.620650441851467,2.457473682006821,512,512,4.445731163024902,0.07369518280029297,0.4361475706100464,-0.3624523878097534,False,,"{""best_reuse"": ""default"", ""best_reuse_utility"": 0.4361475706100464, ""decision"": ""reuse"", ""fresh_advantage"": -0.3624523878097534, ""fresh_positive"": false, ""fresh_utility"": 0.07369518280029297, ""full_batch_guards"": {""adapter_1"": {""crossfit_feasible"": true, ""crossfit_utility"": -0.0004849433898925781, ""crossfit_utility_positive"": false, ""full_batch_cur_after"": 4.436307430267334, ""full_batch_cur_before"": 4.445731163024902, ""full_batch_gain"": 0.00942373275756836, ""full_batch_harm"": -0.017183158546686172, ""full_batch_harm_lcb"": -0.01750059431535192, ""full_batch_harm_se"": 0.00016195702482946217, ""full_batch_harm_ucb"": -0.016865722778020426, ""full_batch_safe"": true}, ""default"": {""crossfit_feasible"": true, ""crossfit_utility"": 0.4361475706100464, ""crossfit_utility_positive"": true, ""full_batch_cur_after"": 4.008210182189941, ""full_batch_cur_before"": 4.0272016525268555, ""full_batch_gain"": 0.018991470336914062, ""full_batch_harm"": -0.017186947166919708, ""full_batch_harm_lcb"": -0.017942605479620396, ""full_batch_harm_se"": 0.0003855399554595351, ""full_batch_harm_ucb"": -0.01643128885421902, ""full_batch_safe"": true}}, ""guarded_best_reuse"": ""default"", ""num_adapters"": 2, ""pending_after"": false, ""pending_before"": false, ""policy_version"": ""cau_v1"", ""reason"": ""safe_existing_reuse"", ""utility"": {""batch_n"": 16, ""best_reuse"": ""default"", ""best_reuse_query_after"": 4.009583592414856, ""best_reuse_utility"": 0.4361475706100464, ""budget_blocked_fresh"": false, ""defer_utility"": 0.0, ""fold_a_fresh_utility"": 0.0738372802734375, ""fold_a_query_n"": 8, ""fold_a_support_n"": 8, ""fold_b_fresh_utility"": 0.07355308532714844, ""fold_b_query_n"": 8, ""fold_b_support_n"": 8, ""fresh_advantage"": -0.3624523878097534, ""fresh_local_trainability"": 0.0078105926513671875, ""fresh_positive"": false, ""fresh_query_after"": 4.372035980224609, ""fresh_query_before"": 4.379846572875977, ""fresh_utility"": 0.07369518280029297, ""max_adapters"": 8, ""reuse_profiles"": {""adapter_1"": {""feasible_both"": true, ""fold_a_harm"": -0.01751737669110298, ""fold_a_lcb"": -0.0178350075770868, ""fold_a_query_after"": 4.440319061279297, ""fold_a_utility"": -0.00047206878662109375, ""fold_b_harm"": -0.017499860376119614, ""fold_b_lcb"": -0.017818071023793892, ""fold_b_query_after"": 4.452113151550293, ""fold_b_utility"": -0.0004978179931640625, ""harm_lcb_max"": -0.017818071023793892, ""harm_mean"": -0.017508618533611298, ""harm_se_mean"": 0.00016220447287196293, ""harm_ucb_max"": -0.017181649728445336, ""local_trainability"": -0.0004849433898925781, ""query_after"": 4.446216106414795, ""query_before"": 4.445731163024902, ""system_utility"": -0.0004849433898925781}, ""default"": {""feasible_both"": true, ""fold_a_harm"": -0.016756072640419006, ""fold_a_lcb"": -0.017521215120796116, ""fold_a_query_after"": 3.99723744392395, ""fold_a_utility"": 0.4426095485687256, ""fold_b_harm"": -0.016864072531461716, ""fold_b_lcb"": -0.017548551270738243, ""fold_b_query_after"": 4.021929740905762, ""fold_b_utility"": 0.4296855926513672, ""harm_lcb_max"": -0.017521215120796116, ""harm_mean"": -0.01681007258594036, ""harm_se_mean"": 0.00036980133154429495, ""harm_ucb_max"": -0.015990930160041897, ""local_trainability"": 0.017618298530578613, ""query_after"": 4.009583592414856, ""query_before"": 4.027201890945435, ""system_utility"": 0.4361475706100464}}, ""status"": ""ok"", ""statusquo_loss"": 4.445731163024902, ""total_memory_budget"": 512}, ""utility_status"": ""ok""}"
34,B2,B,2,default,reuse,safe_existing_reuse,3.9771740436553955,2,True,294912,1299610,0,68607207,59213,947424,493,16.65001548593864,484296192,0.0,12.251366885844618,2.457473682006821,512,512,3.9573814868927,-0.35267019271850586,0.017593860626220703,-0.37026405334472656,False,,"{""best_reuse"": ""default"", ""best_reuse_utility"": 0.017593860626220703, ""decision"": ""reuse"", ""fresh_advantage"": -0.37026405334472656, ""fresh_positive"": false, ""fresh_utility"": -0.35267019271850586, ""full_batch_guards"": {""adapter_1"": {""crossfit_feasible"": true, ""crossfit_utility"": -0.4279031753540039, ""crossfit_utility_positive"": false, ""full_batch_cur_after"": 4.377808094024658, ""full_batch_cur_before"": 4.38632869720459, ""full_batch_gain"": 0.00852060317993164, ""full_batch_harm"": -0.01714158058166504, ""full_batch_harm_lcb"": -0.01745919532433618, ""full_batch_harm_se"": 0.00016204833809752017, ""full_batch_harm_ucb"": -0.0168239658389939, ""full_batch_safe"": true}, ""default"": {""crossfit_feasible"": true, ""crossfit_utility"": 0.017593860626220703, ""crossfit_utility_positive"": true, ""full_batch_cur_after"": 3.938718795776367, ""full_batch_cur_before"": 3.9573814868927, ""full_batch_gain"": 0.018662691116333008, ""full_batch_harm"": -0.017111755907535553, ""full_batch_harm_lcb"": -0.018010079690720885, ""full_batch_harm_se"": 0.0004583284608088434, ""full_batch_harm_ucb"": -0.01621343212435022, ""full_batch_safe"": true}}, ""guarded_best_reuse"": ""default"", ""num_adapters"": 2, ""pending_after"": false, ""pending_before"": false, ""policy_version"": ""cau_v1"", ""reason"": ""safe_existing_reuse"", ""utility"": {""batch_n"": 16, ""best_reuse"": ""default"", ""best_reuse_query_after"": 3.9397876262664795, ""best_reuse_utility"": 0.017593860626220703, ""budget_blocked_fresh"": false, ""defer_utility"": 0.0, ""fold_a_fresh_utility"": -0.35009002685546875, ""fold_a_query_n"": 8, ""fold_a_support_n"": 8, ""fold_b_fresh_utility"": -0.35525035858154297, ""fold_b_query_n"": 8, ""fold_b_support_n"": 8, ""fresh_advantage"": -0.37026405334472656, ""fresh_local_trainability"": 0.010082244873046875, ""fresh_positive"": false, ""fresh_query_after"": 4.310051679611206, ""fresh_query_before"": 4.320133924484253, ""fresh_utility"": -0.35267019271850586, ""max_adapters"": 8, ""reuse_profiles"": {""adapter_1"": {""feasible_both"": true, ""fold_a_harm"": -0.01741352304816246, ""fold_a_lcb"": -0.017731985286227426, ""fold_a_query_after"": 4.3697428703308105, ""fold_a_utility"": -0.4259800910949707, ""fold_b_harm"": -0.017466213554143906, ""fold_b_lcb"": -0.017785992926801556, ""fold_b_query_after"": 4.400826454162598, ""fold_b_utility"": -0.4298262596130371, ""harm_lcb_max"": -0.017731985286227426, ""harm_mean"": -0.017439868301153183, ""harm_se_mean"": 0.00016281673742923886, ""harm_ucb_max"": -0.017095060810097495, ""local_trainability"": 0.0010440349578857422, ""query_after"": 4.385284662246704, ""query_before"": 4.38632869720459, ""system_utility"": -0.4279031753540039}, ""default"": {""feasible_both"": true, ""fold_a_harm"": -0.016921449452638626, ""fold_a_lcb"": -0.01782453802297823, ""fold_a_query_after"": 3.9263558387756348, ""fold_a_utility"": 0.017406940460205078, ""fold_b_harm"": -0.01666397973895073, ""fold_b_lcb"": -0.017536901021376252, ""fold_b_query_after"": 3.953219413757324, ""fold_b_utility"": 0.017780780792236328, ""harm_lcb_max"": -0.017536901021376252, ""harm_mean"": -0.016792714595794678, ""harm_se_mean"": 0.00045306373795028776, ""harm_ucb_max"": -0.015791058456525207, ""local_trainability"": 0.017593860626220703, ""query_after"": 3.9397876262664795, ""query_before"": 3.9573814868927, ""system_utility"": 0.017593860626220703}}, ""status"": ""ok"", ""statusquo_loss"": 3.9573814868927, ""total_memory_budget"": 512}, ""utility_status"": ""ok""}"
35,B2,B,2,default,reuse,safe_existing_reuse,3.980884075164795,2,True,294912,1299610,0,68607207,59213,947424,493,17.22210698481649,484296192,0.0,12.818536268780008,2.457473682006821,512,512,3.9698920249938965,-0.3744630813598633,0.018178343772888184,-0.39264142513275146,False,,"{""best_reuse"": ""default"", ""best_reuse_utility"": 0.018178343772888184, ""decision"": ""reuse"", ""fresh_advantage"": -0.39264142513275146, ""fresh_positive"": false, ""fresh_utility"": -0.3744630813598633, ""full_batch_guards"": {""adapter_1"": {""crossfit_feasible"": true, ""crossfit_utility"": -0.45035719871520996, ""crossfit_utility_positive"": false, ""full_batch_cur_after"": 4.412391662597656, ""full_batch_cur_before"": 4.421530723571777, ""full_batch_gain"": 0.009139060974121094, ""full_batch_harm"": -0.017272979021072388, ""full_batch_harm_lcb"": -0.01759112461062614, ""full_batch_harm_se"": 0.00016231917834375054, ""full_batch_harm_ucb"": -0.016954833431518636, ""full_batch_safe"": true}, ""default"": {""crossfit_feasible"": true, ""crossfit_utility"": 0.018178343772888184, ""crossfit_utility_positive"": true, ""full_batch_cur_after"": 3.95054030418396, ""full_batch_cur_before"": 3.9698920249938965, ""full_batch_gain"": 0.019351720809936523, ""full_batch_harm"": -0.017488490790128708, ""full_batch_harm_lcb"": -0.01834848498692736, ""full_batch_harm_se"": 0.00043877254938706756, ""full_batch_harm_ucb"": -0.016628496593330055, ""full_batch_safe"": true}}, ""guarded_best_reuse"": ""default"", ""num_adapters"": 2, ""pending_after"": false, ""pending_before"": false, ""policy_version"": ""cau_v1"", ""reason"": ""safe_existing_reuse"", ""utility"": {""batch_n"": 16, ""best_reuse"": ""default"", ""best_reuse_query_after"": 3.9517136812210083, ""best_reuse_utility"": 0.018178343772888184, ""budget_blocked_fresh"": false, ""defer_utility"": 0.0, ""fold_a_fresh_utility"": -0.36899805068969727, ""fold_a_query_n"": 8, ""fold_a_support_n"": 8, ""fold_b_fresh_utility"": -0.3799281120300293, ""fold_b_query_n"": 8, ""fold_b_support_n"": 8, ""fresh_advantage"": -0.39264142513275146, ""fresh_local_trainability"": 0.010901689529418945, ""fresh_positive"": false, ""fresh_query_after"": 4.34435510635376, ""fresh_query_before"": 4.355256795883179, ""fresh_utility"": -0.3744630813598633, ""max_adapters"": 8, ""reuse_profiles"": {""adapter_1"": {""feasible_both"": true, ""fold_a_harm"": -0.017408758401870728, ""fold_a_lcb"": -0.017727374429232442, ""fold_a_query_after"": 4.458361625671387, ""fold_a_utility"": -0.44619321823120117, ""fold_b_harm"": -0.017598193138837814, ""fold_b_lcb"": -0.017917611226439475, ""fold_b_query_after"": 4.382136821746826, ""fold_b_utility"": -0.45452117919921875, ""harm_lcb_max"": -0.017727374429232442, ""harm_mean"": -0.01750347577035427, ""harm_se_mean"": 0.00016276380483759567, ""harm_ucb_max"": -0.017090142374509013, ""local_trainability"": 0.0012814998626708984, ""query_after"": 4.4202492237091064, ""query_before"": 4.421530723571777, ""system_utility"": -0.45035719871520996}, ""default"": {""feasible_both"": true, ""fold_a_harm"": -0.017186135053634644, ""fold_a_lcb"": -0.018043560296064243, ""fold_a_query_after"": 3.9942636489868164, ""fold_a_utility"": 0.01790475845336914, ""fold_b_harm"": -0.017076734453439713, ""fold_b_lcb"": -0.017894531571073458, ""fold_b_query_after"": 3.9091637134552, ""fold_b_utility"": 0.018451929092407227, ""harm_lcb_max"": -0.017894531571073458, ""harm_mean"": -0.017131434753537178, ""harm_se_mean"": 0.0004273526428733021, ""harm_ucb_max"": -0.016258937335805967, ""local_trainability"": 0.018178343772888184, ""query_after"": 3.9517136812210083, ""query_before"": 3.9698920249938965, ""system_utility"": 0.018178343772888184}}, ""status"": ""ok"", ""statusquo_loss"": 3.9698920249938965, ""total_memory_budget"": 512}, ""utility_status"": ""ok""}"
36,B2,B,2,default,reuse,safe_existing_reuse,3.9622654914855957,2,True,294912,1299610,0,68607207,59213,947424,493,17.815554193919525,484296192,0.0,13.406605632742867,2.457473682006821,512,512,3.956473469734192,-0.3957887887954712,0.016943812370300293,-0.4127326011657715,False,,"{""best_reuse"": ""default"", ""best_reuse_utility"": 0.016943812370300293, ""decision"": ""reuse"", ""fresh_advantage"": -0.4127326011657715, ""fresh_positive"": false, ""fresh_utility"": -0.3957887887954712, ""full_batch_guards"": {""adapter_1"": {""crossfit_feasible"": true, ""crossfit_utility"": -0.4704321622848511, ""crossfit_utility_positive"": false, ""full_batch_cur_after"": 4.417842864990234, ""full_batch_cur_before"": 4.426602363586426, ""full_batch_gain"": 0.008759498596191406, ""full_batch_harm"": -0.017118487507104874, ""full_batch_harm_lcb"": -0.01743597236170899, ""full_batch_harm_se"": 0.0001619820686755702, ""full_batch_harm_ucb"": -0.016801002652500757, ""full_batch_safe"": true}, ""default"": {""crossfit_feasible"": true, ""crossfit_utility"": 0.016943812370300293, ""crossfit_utility_positive"": true, ""full_batch_cur_after"": 3.938203811645508, ""full_batch_cur_before"": 3.9564738273620605, ""full_batch_gain"": 0.018270015716552734, ""full_batch_harm"": -0.016805749386548996, ""full_batch_harm_lcb"": -0.017862916293088348, ""full_batch_harm_se"": 0.0005393708706833422, ""full_batch_harm_ucb"": -0.015748582480009644, ""full_batch_safe"": true}}, ""guarded_best_reuse"": ""default"", ""num_adapters"": 2, ""pending_after"": false, ""pending_before"": false, ""policy_version"": ""cau_v1"", ""reason"": ""safe_existing_reuse"", ""utility"": {""batch_n"": 16, ""best_reuse"": ""default"", ""best_reuse_query_after"": 3.9395296573638916, ""best_reuse_utility"": 0.016943812370300293, ""budget_blocked_fresh"": false, ""defer_utility"": 0.0, ""fold_a_fresh_utility"": -0.38776636123657227, ""fold_a_query_n"": 8, ""fold_a_support_n"": 8, ""fold_b_fresh_utility"": -0.4038112163543701, ""fold_b_query_n"": 8, ""fold_b_support_n"": 8, ""fresh_advantage"": -0.4127326011657715, ""fresh_local_trainability"": 0.008531332015991211, ""fresh_positive"": false, ""fresh_query_after"": 4.352262258529663, ""fresh_query_before"": 4.360793590545654, ""fresh_utility"": -0.3957887887954712, ""max_adapters"": 8, ""reuse_profiles"": {""adapter_1"": {""feasible_both"": true, ""fold_a_harm"": -0.017490115016698837, ""fold_a_lcb"": -0.017807482504285873, ""fold_a_query_after"": 4.4320878982543945, ""fold_a_utility"": -0.46332311630249023, ""fold_b_harm"": -0.01740531623363495, ""fold_b_lcb"": -0.01772328139457386, ""fold_b_query_after"": 4.421723365783691, ""fold_b_utility"": -0.4775412082672119, ""harm_lcb_max"": -0.01772328139457386, ""harm_mean"": -0.017447715625166893, ""harm_se_mean"": 0.00016207465523621067, ""harm_ucb_max"": -0.017087351072696037, ""local_trainability"": -0.0003037452697753906, ""query_after"": 4.426905632019043, ""query_before"": 4.426601886749268, ""system_utility"": -0.4704321622848511}, ""default"": {""feasible_both"": true, ""fold_a_harm"": -0.016291651874780655, ""fold_a_lcb"": -0.017313894007820636, ""fold_a_query_after"": 3.9512205123901367, ""fold_a_utility"": 0.017544269561767578, ""fold_b_harm"": -0.016438569873571396, ""fold_b_lcb"": -0.017510578359942883, ""fold_b_query_after"": 3.9278388023376465, ""fold_b_utility"": 0.016343355178833008, ""harm_lcb_max"": -0.017313894007820636, ""harm_mean"": -0.016365110874176025, ""harm_se_mean"": 0.0005342476069927216, ""harm_ucb_max"": -0.015269409741740674, ""local_trainability"": 0.016943812370300293, ""query_after"": 3.9395296573638916, ""query_before"": 3.956473469734192, ""system_utility"": 0.016943812370300293}}, ""status"": ""ok"", ""statusquo_loss"": 3.956473469734192, ""total_memory_budget"": 512}, ""utility_status"": ""ok""}"
37,B2,B,2,default,reuse,safe_existing_reuse,3.9264655113220215,2,True,294912,1299610,0,68607207,59213,947424,493,18.398342083906755,484296192,0.0,13.984410255681723,2.457473682006821,512,512,3.9401843547821045,-0.4116976261138916,0.017598628997802734,-0.42929625511169434,False,,"{""best_reuse"": ""default"", ""best_reuse_utility"": 0.017598628997802734, ""decision"": ""reuse"", ""fresh_advantage"": -0.42929625511169434, ""fresh_positive"": false, ""fresh_utility"": -0.4116976261138916, ""full_batch_guards"": {""adapter_1"": {""crossfit_feasible"": true, ""crossfit_utility"": -0.4874382019042969, ""crossfit_utility_positive"": false, ""full_batch_cur_after"": 4.420253753662109, ""full_batch_cur_before"": 4.428872108459473, ""full_batch_gain"": 0.008618354797363281, ""full_batch_harm"": -0.017093665897846222, ""full_batch_harm_lcb"": -0.017410699852043764, ""full_batch_harm_se"": 0.00016175201744772494, ""full_batch_harm_ucb"": -0.01677663194364868, ""full_batch_safe"": true}, ""default"": {""crossfit_feasible"": true, ""crossfit_utility"": 0.017598628997802734, ""crossfit_utility_positive"": true, ""full_batch_cur_after"": 3.921555995941162, ""full_batch_cur_before"": 3.9401843547821045, ""full_batch_gain"": 0.018628358840942383, ""full_batch_harm"": -0.017500918358564377, ""full_batch_harm_lcb"": -0.018426434895955027, ""full_batch_harm_se"": 0.00047220231499522924, ""full_batch_harm_ucb"": -0.016575401821173726, ""full_batch_safe"": true}}, ""guarded_best_reuse"": ""default"", ""num_adapters"": 2, ""pending_after"": false, ""pending_before"": false, ""policy_version"": ""cau_v1"", ""reason"": ""safe_existing_reuse"", ""utility"": {""batch_n"": 16, ""best_reuse"": ""default"", ""best_reuse_query_after"": 3.9225857257843018, ""best_reuse_utility"": 0.017598628997802734, ""budget_blocked_fresh"": false, ""defer_utility"": 0.0, ""fold_a_fresh_utility"": -0.4159832000732422, ""fold_a_query_n"": 8, ""fold_a_support_n"": 8, ""fold_b_fresh_utility"": -0.407412052154541, ""fold_b_query_n"": 8, ""fold_b_support_n"": 8, ""fresh_advantage"": -0.42929625511169434, ""fresh_local_trainability"": 0.01118922233581543, ""fresh_positive"": false, ""fresh_query_after"": 4.351881980895996, ""fresh_query_before"": 4.3630712032318115, ""fresh_utility"": -0.4116976261138916, ""max_adapters"": 8, ""reuse_profiles"": {""adapter_1"": {""feasible_both"": true, ""fold_a_harm"": -0.017411548644304276, ""fold_a_lcb"": -0.017729591926326976, ""fold_a_query_after"": 4.410209655761719, ""fold_a_utility"": -0.4915275573730469, ""fold_b_harm"": -0.01737520471215248, ""fold_b_lcb"": -0.017691804222995416, ""fold_b_query_after"": 4.445035457611084, ""fold_b_utility"": -0.4833488464355469, ""harm_lcb_max"": -0.017691804222995416, ""harm_mean"": -0.01739337667822838, ""harm_se_mean"": 0.00016189867164939642, ""harm_ucb_max"": -0.017058605201309546, ""local_trainability"": 0.001249551773071289, ""query_after"": 4.427622556686401, ""query_before"": 4.428872108459473, ""system_utility"": -0.4874382019042969}, ""default"": {""feasible_both"": true, ""fold_a_harm"": -0.01720820739865303, ""fold_a_lcb"": -0.018093485445715488, ""fold_a_query_after"": 3.9006786346435547, ""fold_a_utility"": 0.018003463745117188, ""fold_b_harm"": -0.0170891135931015, ""fold_b_lcb"": -0.018019141644472256, ""fold_b_query_after"": 3.944492816925049, ""fold_b_utility"": 0.01719379425048828, ""harm_lcb_max"": -0.018019141644472256, ""harm_mean"": -0.017148660495877266, ""harm_se_mean"": 0.0004630882904166356, ""harm_ucb_max"": -0.016159085541730747, ""local_trainability"": 0.017598628997802734, ""query_after"": 3.9225857257843018, ""query_before"": 3.9401843547821045, ""system_utility"": 0.017598628997802734}}, ""status"": ""ok"", ""statusquo_loss"": 3.9401843547821045, ""total_memory_budget"": 512}, ""utility_status"": ""ok""}"
38,B2,B,2,default,reuse,safe_existing_reuse,3.925126075744629,2,True,294912,1299610,0,68607207,59213,947424,493,18.945027256850153,484296192,0.0,14.525938557693735,2.457473682006821,512,512,3.922979950904846,-0.417444109916687,0.017228245735168457,-0.43467235565185547,False,,"{""best_reuse"": ""default"", ""best_reuse_utility"": 0.017228245735168457, ""decision"": ""reuse"", ""fresh_advantage"": -0.43467235565185547, ""fresh_positive"": false, ""fresh_utility"": -0.417444109916687, ""full_batch_guards"": {""adapter_1"": {""crossfit_feasible"": true, ""crossfit_utility"": -0.4927448034286499, ""crossfit_utility_positive"": false, ""full_batch_cur_after"": 4.408452033996582, ""full_batch_cur_before"": 4.4171366691589355, ""full_batch_gain"": 0.008684635162353516, ""full_batch_harm"": -0.017103198915719986, ""full_batch_harm_lcb"": -0.017420800253166818, ""full_batch_harm_se"": 0.00016204149869736284, ""full_batch_harm_ucb"": -0.016785597578273154, ""full_batch_safe"": true}, ""default"": {""crossfit_feasible"": true, ""crossfit_utility"": 0.017228245735168457, ""crossfit_utility_positive"": true, ""full_batch_cur_after"": 3.9046547412872314, ""full_batch_cur_before"": 3.9229798316955566, ""full_batch_gain"": 0.018325090408325195, ""full_batch_harm"": -0.017839372158050537, ""full_batch_harm_lcb"": -0.018482794460142032, ""full_batch_harm_se"": 0.00032827668474055827, ""full_batch_harm_ucb"": -0.017195949855959042, ""full_batch_safe"": true}}, ""guarded_best_reuse"": ""default"", ""num_adapters"": 2, ""pending_after"": false, ""pending_before"": false, ""policy_version"": ""cau_v1"", ""reason"": ""safe_existing_reuse"", ""utility"": {""batch_n"": 16, ""best_reuse"": ""default"", ""best_reuse_query_after"": 3.9057517051696777, ""best_reuse_utility"": 0.017228245735168457, ""budget_blocked_fresh"": false, ""defer_utility"": 0.0, ""fold_a_fresh_utility"": -0.40856504440307617, ""fold_a_query_n"": 8, ""fold_a_support_n"": 8, ""fold_b_fresh_utility"": -0.42632317543029785, ""fold_b_query_n"": 8, ""fold_b_support_n"": 8, ""fresh_advantage"": -0.43467235565185547, ""fresh_local_trainability"": 0.01125025749206543, ""fresh_positive"": false, ""fresh_query_after"": 4.340424060821533, ""fresh_query_before"": 4.351674318313599, ""fresh_utility"": -0.417444109916687, ""max_adapters"": 8, ""reuse_profiles"": {""adapter_1"": {""feasible_both"": true, ""fold_a_harm"": -0.017329107969999313, ""fold_a_lcb"": -0.017647030947264285, ""fold_a_query_after"": 4.399004936218262, ""fold_a_utility"": -0.48281049728393555, ""fold_b_harm"": -0.017429880797863007, ""fold_b_lcb"": -0.017748824483132922, ""fold_b_query_after"": 4.4324445724487305, ""fold_b_utility"": -0.5026791095733643, ""harm_lcb_max"": -0.017647030947264285, ""harm_mean"": -0.01737949438393116, ""harm_se_mean"": 0.00016246598534053192, ""harm_ucb_max"": -0.01701118499273434, ""local_trainability"": 0.0014119148254394531, ""query_after"": 4.415724754333496, ""query_before"": 4.4171366691589355, ""system_utility"": -0.4927448034286499}, ""default"": {""feasible_both"": true, ""fold_a_harm"": -0.017623554915189743, ""fold_a_lcb"": -0.01829594339709729, ""fold_a_query_after"": 3.899383783340454, ""fold_a_utility"": 0.01681065559387207, ""fold_b_harm"": -0.017350051552057266, ""fold_b_lcb"": -0.01797931645414792, ""fold_b_query_after"": 3.9121196269989014, ""fold_b_utility"": 0.017645835876464844, ""harm_lcb_max"": -0.01797931645414792, ""harm_mean"": -0.017486803233623505, ""harm_se_mean"": 0.00033205443469341844, ""harm_ucb_max"": -0.016720786649966613, ""local_trainability"": 0.017228245735168457, ""query_after"": 3.9057517051696777, ""query_before"": 3.922979950904846, ""system_utility"": 0.017228245735168457}}, ""status"": ""ok"", ""statusquo_loss"": 3.922979950904846, ""total_memory_budget"": 512}, ""utility_status"": ""ok""}"
39,B2,B,2,default,reuse,safe_existing_reuse,3.9491395950317383,2,True,294912,1299610,0,68607207,59213,947424,493,19.49434617185034,484296192,0.0,15.070115031674504,2.457473682006821,512,512,3.8989919424057007,-0.42715609073638916,0.017343640327453613,-0.4444997310638428,False,,"{""best_reuse"": ""default"", ""best_reuse_utility"": 0.017343640327453613, ""decision"": ""reuse"", ""fresh_advantage"": -0.4444997310638428, ""fresh_positive"": false, ""fresh_utility"": -0.42715609073638916, ""full_batch_guards"": {""adapter_1"": {""crossfit_feasible"": true, ""crossfit_utility"": -0.5057283639907837, ""crossfit_utility_positive"": false, ""full_batch_cur_after"": 4.400350570678711, ""full_batch_cur_before"": 4.409945487976074, ""full_batch_gain"": 0.009594917297363281, ""full_batch_harm"": -0.017307806760072708, ""full_batch_harm_lcb"": -0.017625552417594007, ""full_batch_harm_se"": 0.00016211513138841838, ""full_batch_harm_ucb"": -0.01699006110255141, ""full_batch_safe"": true}, ""default"": {""crossfit_feasible"": true, ""crossfit_utility"": 0.017343640327453613, ""crossfit_utility_positive"": true, ""full_batch_cur_after"": 3.881004810333252, ""full_batch_cur_before"": 3.8989920616149902, ""full_batch_gain"": 0.01798725128173828, ""full_batch_harm"": -0.017422575503587723, ""full_batch_harm_lcb"": -0.017928096666000783, ""full_batch_harm_se"": 0.00025791896041482687, ""full_batch_harm_ucb"": -0.016917054341174662, ""full_batch_safe"": true}}, ""guarded_best_reuse"": ""default"", ""num_adapters"": 2, ""pending_after"": false, ""pending_before"": false, ""policy_version"": ""cau_v1"", ""reason"": ""safe_existing_reuse"", ""utility"": {""batch_n"": 16, ""best_reuse"": ""default"", ""best_reuse_query_after"": 3.881648302078247, ""best_reuse_utility"": 0.017343640327453613, ""budget_blocked_fresh"": false, ""defer_utility"": 0.0, ""fold_a_fresh_utility"": -0.43689799308776855, ""fold_a_query_n"": 8, ""fold_a_support_n"": 8, ""fold_b_fresh_utility"": -0.41741418838500977, ""fold_b_query_n"": 8, ""fold_b_support_n"": 8, ""fresh_advantage"": -0.4444997310638428, ""fresh_local_trainability"": 0.017917394638061523, ""fresh_positive"": false, ""fresh_query_after"": 4.32614803314209, ""fresh_query_before"": 4.344065427780151, ""fresh_utility"": -0.42715609073638916, ""max_adapters"": 8, ""reuse_profiles"": {""adapter_1"": {""feasible_both"": true, ""fold_a_harm"": -0.017519347369670868, ""fold_a_lcb"": -0.017837444158503787, ""fold_a_query_after"": 4.426713943481445, ""fold_a_utility"": -0.5143601894378662, ""fold_b_harm"": -0.017414666712284088, ""fold_b_lcb"": -0.017732051398488692, ""fold_b_query_after"": 4.382726669311523, ""fold_b_utility"": -0.49709653854370117, ""harm_lcb_max"": -0.017732051398488692, ""harm_mean"": -0.017467007040977478, ""harm_se_mean"": 0.00016211262118304148, ""harm_ucb_max"": -0.017097282026079484, ""local_trainability"": 0.005225181579589844, ""query_after"": 4.404720306396484, ""query_before"": 4.409945487976074, ""system_utility"": -0.5057283639907837}, ""default"": {""feasible_both"": true, ""fold_a_harm"": -0.01714669167995453, ""fold_a_lcb"": -0.017626895792782305, ""fold_a_query_after"": 3.8947739601135254, ""fold_a_utility"": 0.01757979393005371, ""fold_b_harm"": -0.017342008650302887, ""fold_b_lcb"": -0.01790363717940636, ""fold_b_query_after"": 3.8685226440429688, ""fold_b_utility"": 0.017107486724853516, ""harm_lcb_max"": -0.017626895792782305, ""harm_mean"": -0.017244350165128708, ""harm_se_mean"": 0.0002657736331457272, ""harm_ucb_max"": -0.016666487567126752, ""local_trainability"": 0.017343640327453613, ""query_after"": 3.881648302078247, ""query_before"": 3.8989919424057007, ""system_utility"": 0.017343640327453613}}, ""status"": ""ok"", ""statusquo_loss"": 3.8989919424057007, ""total_memory_budget"": 512}, ""utility_status"": ""ok""}"
40,B2,B,2,default,reuse,safe_existing_reuse,3.925711154937744,2,True,294912,1299610,0,68607207,59213,947424,493,20.04836028581485,484296192,0.0,15.618889042641968,2.457473682006821,512,512,3.9049642086029053,-0.45842719078063965,0.01773226261138916,-0.4761594533920288,False,,"{""best_reuse"": ""default"", ""best_reuse_utility"": 0.01773226261138916, ""decision"": ""reuse"", ""fresh_advantage"": -0.4761594533920288, ""fresh_positive"": false, ""fresh_utility"": -0.45842719078063965, ""full_batch_guards"": {""adapter_1"": {""crossfit_feasible"": true, ""crossfit_utility"": -0.5348985195159912, ""crossfit_utility_positive"": false, ""full_batch_cur_after"": 4.434511184692383, ""full_batch_cur_before"": 4.443767547607422, ""full_batch_gain"": 0.009256362915039062, ""full_batch_harm"": -0.017277251929044724, ""full_batch_harm_lcb"": -0.017594577204436065, ""full_batch_harm_se"": 0.00016190065070986748, ""full_batch_harm_ucb"": -0.01695992665365338, ""full_batch_safe"": true}, ""default"": {""crossfit_feasible"": true, ""crossfit_utility"": 0.01773226261138916, ""crossfit_utility_positive"": true, ""full_batch_cur_after"": 3.886507749557495, ""full_batch_cur_before"": 3.9049644470214844, ""full_batch_gain"": 0.018456697463989258, ""full_batch_harm"": -0.017129849642515182, ""full_batch_harm_lcb"": -0.017910264609381558, ""full_batch_harm_se"": 0.0003981709014624357, ""full_batch_harm_ucb"": -0.016349434675648807, ""full_batch_safe"": true}}, ""guarded_best_reuse"": ""default"", ""num_adapters"": 2, ""pending_after"": false, ""pending_before"": false, ""policy_version"": ""cau_v1"", ""reason"": ""safe_existing_reuse"", ""utility"": {""batch_n"": 16, ""best_reuse"": ""default"", ""best_reuse_query_after"": 3.887231945991516, ""best_reuse_utility"": 0.01773226261138916, ""budget_blocked_fresh"": false, ""defer_utility"": 0.0, ""fold_a_fresh_utility"": -0.4683365821838379, ""fold_a_query_n"": 8, ""fold_a_support_n"": 8, ""fold_b_fresh_utility"": -0.4485177993774414, ""fold_b_query_n"": 8, ""fold_b_support_n"": 8, ""fresh_advantage"": -0.4761594533920288, ""fresh_local_trainability"": 0.014872074127197266, ""fresh_positive"": false, ""fresh_query_after"": 4.363391399383545, ""fresh_query_before"": 4.378263473510742, ""fresh_utility"": -0.45842719078063965, ""max_adapters"": 8, ""reuse_profiles"": {""adapter_1"": {""feasible_both"": true, ""fold_a_harm"": -0.017508473247289658, ""fold_a_lcb"": -0.017826884146197697, ""fold_a_query_after"": 4.432304382324219, ""fold_a_utility"": -0.5438976287841797, ""fold_b_harm"": -0.017418839037418365, ""fold_b_lcb"": -0.017737115171039475, ""fold_b_query_after"": 4.447421073913574, ""fold_b_utility"": -0.5258994102478027, ""harm_lcb_max"": -0.017737115171039475, ""harm_mean"": -0.01746365614235401, ""harm_se_mean"": 0.0001624201613594778, ""harm_ucb_max"": -0.017100562903797255, ""local_trainability"": 0.003904581069946289, ""query_after"": 4.4398627281188965, ""query_before"": 4.443767309188843, ""system_utility"": -0.5348985195159912}, ""default"": {""feasible_both"": true, ""fold_a_harm"": -0.016745373606681824, ""fold_a_lcb"": -0.01752665249747224, ""fold_a_query_after"": 3.8708252906799316, ""fold_a_utility"": 0.017581462860107422, ""fold_b_harm"": -0.017040986567735672, ""fold_b_lcb"": -0.017809882796136663, ""fold_b_query_after"": 3.9036386013031006, ""fold_b_utility"": 0.0178830623626709, ""harm_lcb_max"": -0.01752665249747224, ""harm_mean"": -0.016893180087208748, ""harm_se_mean"": 0.00039545283652842045, ""harm_ucb_max"": -0.015964094715891407, ""local_trainability"": 0.01773226261138916, ""query_after"": 3.887231945991516, ""query_before"": 3.9049642086029053, ""system_utility"": 0.01773226261138916}}, ""status"": ""ok"", ""statusquo_loss"": 3.9049642086029053, ""total_memory_budget"": 512}, ""utility_status"": ""ok""}"
41,B2,B,2,default,reuse,safe_existing_reuse,3.901057720184326,2,True,294912,1299610,0,68607207,59213,947424,493,20.599267447832972,484296192,0.0,16.164572852663696,2.457473682006821,512,512,3.873095989227295,-0.4911787509918213,0.017269134521484375,-0.5084478855133057,False,,"{""best_reuse"": ""default"", ""best_reuse_utility"": 0.017269134521484375, ""decision"": ""reuse"", ""fresh_advantage"": -0.5084478855133057, ""fresh_positive"": false, ""fresh_utility"": -0.4911787509918213, ""full_batch_guards"": {""adapter_1"": {""crossfit_feasible"": true, ""crossfit_utility"": -0.5657532215118408, ""crossfit_utility_positive"": false, ""full_batch_cur_after"": 4.42941951751709, ""full_batch_cur_before"": 4.438446044921875, ""full_batch_gain"": 0.009026527404785156, ""full_batch_harm"": -0.017230309545993805, ""full_batch_harm_lcb"": -0.017548490331391803, ""full_batch_harm_se"": 0.00016233713540714234, ""full_batch_harm_ucb"": -0.016912128760595807, ""full_batch_safe"": true}, ""default"": {""crossfit_feasible"": true, ""crossfit_utility"": 0.017269134521484375, ""crossfit_utility_positive"": true, ""full_batch_cur_after"": 3.854562520980835, ""full_batch_cur_before"": 3.873095989227295, ""full_batch_gain"": 0.01853346824645996, ""full_batch_harm"": -0.016768809407949448, ""full_batch_harm_lcb"": -0.01776932606473565, ""full_batch_harm_se"": 0.0005104676820337772, ""full_batch_harm_ucb"": -0.015768292751163246, ""full_batch_safe"": true}}, ""guarded_best_reuse"": ""default"", ""num_adapters"": 2, ""pending_after"": false, ""pending_before"": false, ""policy_version"": ""cau_v1"", ""reason"": ""safe_existing_reuse"", ""utility"": {""batch_n"": 16, ""best_reuse"": ""default"", ""best_reuse_query_after"": 3.8558268547058105, ""best_reuse_utility"": 0.017269134521484375, ""budget_blocked_fresh"": false, ""defer_utility"": 0.0, ""fold_a_fresh_utility"": -0.4848008155822754, ""fold_a_query_n"": 8, ""fold_a_support_n"": 8, ""fold_b_fresh_utility"": -0.4975566864013672, ""fold_b_query_n"": 8, ""fold_b_support_n"": 8, ""fresh_advantage"": -0.5084478855133057, ""fresh_local_trainability"": 0.007888078689575195, ""fresh_positive"": false, ""fresh_query_after"": 4.364274740219116, ""fresh_query_before"": 4.372162818908691, ""fresh_utility"": -0.4911787509918213, ""max_adapters"": 8, ""reuse_profiles"": {""adapter_1"": {""feasible_both"": true, ""fold_a_harm"": -0.01760818436741829, ""fold_a_lcb"": -0.01792701690341346, ""fold_a_query_after"": 4.424997329711914, ""fold_a_utility"": -0.557981014251709, ""fold_b_harm"": -0.017413493245840073, ""fold_b_lcb"": -0.017731897185440174, ""fold_b_query_after"": 4.452701091766357, ""fold_b_utility"": -0.5735254287719727, ""harm_lcb_max"": -0.017731897185440174, ""harm_mean"": -0.01751083880662918, ""harm_se_mean"": 0.00016256032540695742, ""harm_ucb_max"": -0.01709508930623997, ""local_trainability"": -0.0004038810729980469, ""query_after"": 4.438849210739136, ""query_before"": 4.438445329666138, ""system_utility"": -0.5657532215118408}, ""default"": {""feasible_both"": true, ""fold_a_harm"": -0.01653178408741951, ""fold_a_lcb"": -0.01752812253544107, ""fold_a_query_after"": 3.8499913215637207, ""fold_a_utility"": 0.017024993896484375, ""fold_b_harm"": -0.01635165885090828, ""fold_b_lcb"": -0.01731766042066738, ""fold_b_query_after"": 3.8616623878479004, ""fold_b_utility"": 0.017513275146484375, ""harm_lcb_max"": -0.01731766042066738, ""harm_mean"": -0.016441721469163895, ""harm_se_mean"": 0.0005005969433113933, ""harm_ucb_max"": -0.015385657281149179, ""local_trainability"": 0.017269134521484375, ""query_after"": 3.8558268547058105, ""query_before"": 3.873095989227295, ""system_utility"": 0.017269134521484375}}, ""status"": ""ok"", ""statusquo_loss"": 3.873095989227295, ""total_memory_budget"": 512}, ""utility_status"": ""ok""}"
42,B2,B,2,default,reuse,safe_existing_reuse,3.8551738262176514,2,True,294912,1299610,0,68607207,59213,947424,493,21.160829999949783,484296192,0.0,16.720814839703962,2.457473682006821,512,512,3.8328181505203247,-0.4987677335739136,0.01712191104888916,-0.5158896446228027,False,,"{""best_reuse"": ""default"", ""best_reuse_utility"": 0.01712191104888916, ""decision"": ""reuse"", ""fresh_advantage"": -0.5158896446228027, ""fresh_positive"": false, ""fresh_utility"": -0.4987677335739136, ""full_batch_guards"": {""adapter_1"": {""crossfit_feasible"": true, ""crossfit_utility"": -0.5758622884750366, ""crossfit_utility_positive"": false, ""full_batch_cur_after"": 4.402492523193359, ""full_batch_cur_before"": 4.4109344482421875, ""full_batch_gain"": 0.008441925048828125, ""full_batch_harm"": -0.017123296856880188, ""full_batch_harm_lcb"": -0.017438927455223165, ""full_batch_harm_se"": 0.0001610360195627436, ""full_batch_harm_ucb"": -0.01680766625853721, ""full_batch_safe"": true}, ""default"": {""crossfit_feasible"": true, ""crossfit_utility"": 0.01712191104888916, ""crossfit_utility_positive"": true, ""full_batch_cur_after"": 3.814790725708008, ""full_batch_cur_before"": 3.8328182697296143, ""full_batch_gain"": 0.018027544021606445, ""full_batch_harm"": -0.01702088490128517, ""full_batch_harm_lcb"": -0.01793212989461608, ""full_batch_harm_se"": 0.0004649209149647504, ""full_batch_harm_ucb"": -0.016109639907954262, ""full_batch_safe"": true}}, ""guarded_best_reuse"": ""default"", ""num_adapters"": 2, ""pending_after"": false, ""pending_before"": false, ""policy_version"": ""cau_v1"", ""reason"": ""safe_existing_reuse"", ""utility"": {""batch_n"": 16, ""best_reuse"": ""default"", ""best_reuse_query_after"": 3.8156962394714355, ""best_reuse_utility"": 0.01712191104888916, ""budget_blocked_fresh"": false, ""defer_utility"": 0.0, ""fold_a_fresh_utility"": -0.5022368431091309, ""fold_a_query_n"": 8, ""fold_a_support_n"": 8, ""fold_b_fresh_utility"": -0.4952986240386963, ""fold_b_query_n"": 8, ""fold_b_support_n"": 8, ""fresh_advantage"": -0.5158896446228027, ""fresh_local_trainability"": 0.013035774230957031, ""fresh_positive"": false, ""fresh_query_after"": 4.331585884094238, ""fresh_query_before"": 4.344621658325195, ""fresh_utility"": -0.4987677335739136, ""max_adapters"": 8, ""reuse_profiles"": {""adapter_1"": {""feasible_both"": true, ""fold_a_harm"": -0.017325401306152344, ""fold_a_lcb"": -0.017642494271858596, ""fold_a_query_after"": 4.416818618774414, ""fold_a_utility"": -0.5799860954284668, ""fold_b_harm"": -0.017440158873796463, ""fold_b_lcb"": -0.017757567746448332, ""fold_b_query_after"": 4.400542259216309, ""fold_b_utility"": -0.5717384815216064, ""harm_lcb_max"": -0.017642494271858596, ""harm_mean"": -0.017382780089974403, ""harm_se_mean"": 0.00016186271386686713, ""harm_ucb_max"": -0.01700830834044609, ""local_trainability"": 0.0022542476654052734, ""query_after"": 4.408680438995361, ""query_before"": 4.410934686660767, ""system_utility"": -0.5758622884750366}, ""default"": {""feasible_both"": true, ""fold_a_harm"": -0.016604341566562653, ""fold_a_lcb"": -0.017490396032808348, ""fold_a_query_after"": 3.8196029663085938, ""fold_a_utility"": 0.017229557037353516, ""fold_b_harm"": -0.016770023852586746, ""fold_b_lcb"": -0.017679026750847697, ""fold_b_query_after"": 3.8117895126342773, ""fold_b_utility"": 0.017014265060424805, ""harm_lcb_max"": -0.017490396032808348, ""harm_mean"": -0.0166871827095747, ""harm_se_mean"": 0.0004579227970680222, ""harm_ucb_max"": -0.015718287100316957, ""local_trainability"": 0.01712191104888916, ""query_after"": 3.8156962394714355, ""query_before"": 3.8328181505203247, ""system_utility"": 0.01712191104888916}}, ""status"": ""ok"", ""statusquo_loss"": 3.8328181505203247, ""total_memory_budget"": 512}, ""utility_status"": ""ok""}"
43,B2,B,2,default,reuse,safe_existing_reuse,3.8104286193847656,2,True,294912,1299610,0,68607207,59213,947424,493,21.71420177980326,484296192,0.0,17.268797502620146,2.457473682006821,512,512,3.7921136617660522,-0.5273829698562622,0.017587661743164062,-0.5449706315994263,False,,"{""best_reuse"": ""default"", ""best_reuse_utility"": 0.017587661743164062, ""decision"": ""reuse"", ""fresh_advantage"": -0.5449706315994263, ""fresh_positive"": false, ""fresh_utility"": -0.5273829698562622, ""full_batch_guards"": {""adapter_1"": {""crossfit_feasible"": true, ""crossfit_utility"": -0.6044036149978638, ""crossfit_utility_positive"": false, ""full_batch_cur_after"": 4.3900146484375, ""full_batch_cur_before"": 4.398712158203125, ""full_batch_gain"": 0.008697509765625, ""full_batch_harm"": -0.0171293243765831, ""full_batch_harm_lcb"": -0.017447343101375735, ""full_batch_harm_se"": 0.00016225445142481476, ""full_batch_harm_ucb"": -0.016811305651790464, ""full_batch_safe"": true}, ""default"": {""crossfit_feasible"": true, ""crossfit_utility"": 0.017587661743164062, ""crossfit_utility_positive"": true, ""full_batch_cur_after"": 3.7736196517944336, ""full_batch_cur_before"": 3.7921133041381836, ""full_batch_gain"": 0.01849365234375, ""full_batch_harm"": -0.01706458255648613, ""full_batch_harm_lcb"": -0.01794234278262593, ""full_batch_harm_se"": 0.0004478368500713259, ""full_batch_harm_ucb"": -0.01618682233034633, ""full_batch_safe"": true}}, ""guarded_best_reuse"": ""default"", ""num_adapters"": 2, ""pending_after"": false, ""pending_before"": false, ""policy_version"": ""cau_v1"", ""reason"": ""safe_existing_reuse"", ""utility"": {""batch_n"": 16, ""best_reuse"": ""default"", ""best_reuse_query_after"": 3.774526000022888, ""best_reuse_utility"": 0.017587661743164062, ""budget_blocked_fresh"": false, ""defer_utility"": 0.0, ""fold_a_fresh_utility"": -0.52480149269104, ""fold_a_query_n"": 8, ""fold_a_support_n"": 8, ""fold_b_fresh_utility"": -0.5299644470214844, ""fold_b_query_n"": 8, ""fold_b_support_n"": 8, ""fresh_advantage"": -0.5449706315994263, ""fresh_local_trainability"": 0.012554168701171875, ""fresh_positive"": false, ""fresh_query_after"": 4.3194966316223145, ""fresh_query_before"": 4.332050800323486, ""fresh_utility"": -0.5273829698562622, ""max_adapters"": 8, ""reuse_profiles"": {""adapter_1"": {""feasible_both"": true, ""fold_a_harm"": -0.017335601150989532, ""fold_a_lcb"": -0.01765377138333861, ""fold_a_query_after"": 4.387300491333008, ""fold_a_utility"": -0.6025841236114502, ""fold_b_harm"": -0.01749846711754799, ""fold_b_lcb"": -0.017816235136124306, ""fold_b_query_after"": 4.405734062194824, ""fold_b_utility"": -0.6062231063842773, ""harm_lcb_max"": -0.01765377138333861, ""harm_mean"": -0.01741703413426876, ""harm_se_mean"": 0.00016222914564423263, ""harm_ucb_max"": -0.017017430918640455, ""local_trainability"": 0.002194643020629883, ""query_after"": 4.396517276763916, ""query_before"": 4.398711919784546, ""system_utility"": -0.6044036149978638}, ""default"": {""feasible_both"": true, ""fold_a_harm"": -0.017010822892189026, ""fold_a_lcb"": -0.01788267398136668, ""fold_a_query_after"": 3.7668795585632324, ""fold_a_utility"": 0.017836809158325195, ""fold_b_harm"": -0.016577966511249542, ""fold_b_lcb"": -0.017436207190621646, ""fold_b_query_after"": 3.782172441482544, ""fold_b_utility"": 0.01733851432800293, ""harm_lcb_max"": -0.017436207190621646, ""harm_mean"": -0.016794394701719284, ""harm_se_mean"": 0.0004413499409565702, ""harm_ucb_max"": -0.01571972583187744, ""local_trainability"": 0.017587661743164062, ""query_after"": 3.774526000022888, ""query_before"": 3.7921136617660522, ""system_utility"": 0.017587661743164062}}, ""status"": ""ok"", ""statusquo_loss"": 3.7921136617660522, ""total_memory_budget"": 512}, ""utility_status"": ""ok""}"
44,B2,B,2,default,reuse,safe_existing_reuse,3.7924787998199463,2,True,294912,1299610,0,68607207,59213,947424,493,22.25884480495006,484296192,0.0,17.807973149698228,2.457473682006821,512,512,3.819160580635071,-0.5302332639694214,0.016765832901000977,-0.5469990968704224,False,,"{""best_reuse"": ""default"", ""best_reuse_utility"": 0.016765832901000977, ""decision"": ""reuse"", ""fresh_advantage"": -0.5469990968704224, ""fresh_positive"": false, ""fresh_utility"": -0.5302332639694214, ""full_batch_guards"": {""adapter_1"": {""crossfit_feasible"": true, ""crossfit_utility"": -0.6056393384933472, ""crossfit_utility_positive"": false, ""full_batch_cur_after"": 4.416720390319824, ""full_batch_cur_before"": 4.425665378570557, ""full_batch_gain"": 0.008944988250732422, ""full_batch_harm"": -0.01720239967107773, ""full_batch_harm_lcb"": -0.017520197694539094, ""full_batch_harm_se"": 0.00016214184870477766, ""full_batch_harm_ucb"": -0.016884601647616362, ""full_batch_safe"": true}, ""default"": {""crossfit_feasible"": true, ""crossfit_utility"": 0.016765832901000977, ""crossfit_utility_positive"": true, ""full_batch_cur_after"": 3.8012261390686035, ""full_batch_cur_before"": 3.8191604614257812, ""full_batch_gain"": 0.017934322357177734, ""full_batch_harm"": -0.01688016951084137, ""full_batch_harm_lcb"": -0.017708049981156364, ""full_batch_harm_se"": 0.00042238799505867064, ""full_batch_harm_ucb"": -0.016052289040526375, ""full_batch_safe"": true}}, ""guarded_best_reuse"": ""default"", ""num_adapters"": 2, ""pending_after"": false, ""pending_before"": false, ""policy_version"": ""cau_v1"", ""reason"": ""safe_existing_reuse"", ""utility"": {""batch_n"": 16, ""best_reuse"": ""default"", ""best_reuse_query_after"": 3.80239474773407, ""best_reuse_utility"": 0.016765832901000977, ""budget_blocked_fresh"": false, ""defer_utility"": 0.0, ""fold_a_fresh_utility"": -0.5395278930664062, ""fold_a_query_n"": 8, ""fold_a_support_n"": 8, ""fold_b_fresh_utility"": -0.5209386348724365, ""fold_b_query_n"": 8, ""fold_b_support_n"": 8, ""fresh_advantage"": -0.5469990968704224, ""fresh_local_trainability"": 0.01050424575805664, ""fresh_positive"": false, ""fresh_query_after"": 4.349393844604492, ""fresh_query_before"": 4.359898090362549, ""fresh_utility"": -0.5302332639694214, ""max_adapters"": 8, ""reuse_profiles"": {""adapter_1"": {""feasible_both"": true, ""fold_a_harm"": -0.017515506595373154, ""fold_a_lcb"": -0.017834212808520534, ""fold_a_query_after"": 4.422464847564697, ""fold_a_utility"": -0.6133847236633301, ""fold_b_harm"": -0.01740770787000656, ""fold_b_lcb"": -0.01772535507043358, ""fold_b_query_after"": 4.427134990692139, ""fold_b_utility"": -0.5978939533233643, ""harm_lcb_max"": -0.01772535507043358, ""harm_mean"": -0.017461607232689857, ""harm_se_mean"": 0.00016233505448326468, ""harm_ucb_max"": -0.017090060669579542, ""local_trainability"": 0.0008654594421386719, ""query_after"": 4.424799919128418, ""query_before"": 4.425665378570557, ""system_utility"": -0.6056393384933472}, ""default"": {""feasible_both"": true, ""fold_a_harm"": -0.01656648889183998, ""fold_a_lcb"": -0.017373667360516265, ""fold_a_query_after"": 3.791867733001709, ""fold_a_utility"": 0.017212390899658203, ""fold_b_harm"": -0.01663484051823616, ""fold_b_lcb"": -0.017486745831556617, ""fold_b_query_after"": 3.8129217624664307, ""fold_b_utility"": 0.01631927490234375, ""harm_lcb_max"": -0.017373667360516265, ""harm_mean"": -0.01660066470503807, ""harm_se_mean"": 0.00042323565867263824, ""harm_ucb_max"": -0.015759310423163697, ""local_trainability"": 0.016765832901000977, ""query_after"": 3.80239474773407, ""query_before"": 3.819160580635071, ""system_utility"": 0.016765832901000977}}, ""status"": ""ok"", ""statusquo_loss"": 3.819160580635071, ""total_memory_budget"": 512}, ""utility_status"": ""ok""}"
45,B2,B,2,default,reuse,safe_existing_reuse,3.790607452392578,2,True,294912,1299610,0,68607207,59213,947424,493,22.820495327934623,484296192,0.0,18.36409088387154,2.457473682006821,512,512,3.8024297952651978,-0.5534721612930298,0.016083717346191406,-0.5695558786392212,False,,"{""best_reuse"": ""default"", ""best_reuse_utility"": 0.016083717346191406, ""decision"": ""reuse"", ""fresh_advantage"": -0.5695558786392212, ""fresh_positive"": false, ""fresh_utility"": -0.5534721612930298, ""full_batch_guards"": {""adapter_1"": {""crossfit_feasible"": true, ""crossfit_utility"": -0.6249700784683228, ""crossfit_utility_positive"": false, ""full_batch_cur_after"": 4.416865348815918, ""full_batch_cur_before"": 4.42443323135376, ""full_batch_gain"": 0.007567882537841797, ""full_batch_harm"": -0.016949951648712158, ""full_batch_harm_lcb"": -0.017266957394895144, ""full_batch_harm_se"": 0.00016173762560356408, ""full_batch_harm_ucb"": -0.016632945902529173, ""full_batch_safe"": true}, ""default"": {""crossfit_feasible"": true, ""crossfit_utility"": 0.016083717346191406, ""crossfit_utility_positive"": true, ""full_batch_cur_after"": 3.784842014312744, ""full_batch_cur_before"": 3.802429676055908, ""full_batch_gain"": 0.017587661743164062, ""full_batch_harm"": -0.017079610377550125, ""full_batch_harm_lcb"": -0.01790307351271622, ""full_batch_harm_se"": 0.0004201342526357621, ""full_batch_harm_ucb"": -0.01625614724238403, ""full_batch_safe"": true}}, ""guarded_best_reuse"": ""default"", ""num_adapters"": 2, ""pending_after"": false, ""pending_before"": false, ""policy_version"": ""cau_v1"", ""reason"": ""safe_existing_reuse"", ""utility"": {""batch_n"": 16, ""best_reuse"": ""default"", ""best_reuse_query_after"": 3.7863460779190063, ""best_reuse_utility"": 0.016083717346191406, ""budget_blocked_fresh"": false, ""defer_utility"": 0.0, ""fold_a_fresh_utility"": -0.5692527294158936, ""fold_a_query_n"": 8, ""fold_a_support_n"": 8, ""fold_b_fresh_utility"": -0.537691593170166, ""fold_b_query_n"": 8, ""fold_b_support_n"": 8, ""fresh_advantage"": -0.5695558786392212, ""fresh_local_trainability"": 0.0028159618377685547, ""fresh_positive"": false, ""fresh_query_after"": 4.3559019565582275, ""fresh_query_before"": 4.358717918395996, ""fresh_utility"": -0.5534721612930298, ""max_adapters"": 8, ""reuse_profiles"": {""adapter_1"": {""feasible_both"": true, ""fold_a_harm"": -0.017399068921804428, ""fold_a_lcb"": -0.0177168454969069, ""fold_a_query_after"": 4.435622215270996, ""fold_a_utility"": -0.6420557498931885, ""fold_b_harm"": -0.017443206161260605, ""fold_b_lcb"": -0.01776117300498299, ""fold_b_query_after"": 4.419177532196045, ""fold_b_utility"": -0.607884407043457, ""harm_lcb_max"": -0.0177168454969069, ""harm_mean"": -0.017421137541532516, ""harm_se_mean"": 0.00016217944357777014, ""harm_ucb_max"": -0.017081292346701957, ""local_trainability"": -0.002966642379760742, ""query_after"": 4.4273998737335205, ""query_before"": 4.42443323135376, ""system_utility"": -0.6249700784683228}, ""default"": {""feasible_both"": true, ""fold_a_harm"": -0.016471367329359055, ""fold_a_lcb"": -0.01728622123016976, ""fold_a_query_after"": 3.777111053466797, ""fold_a_utility"": 0.016455411911010742, ""fold_b_harm"": -0.01670101284980774, ""fold_b_lcb"": -0.017545094018569216, ""fold_b_query_after"": 3.795581102371216, ""fold_b_utility"": 0.01571202278137207, ""harm_lcb_max"": -0.01728622123016976, ""harm_mean"": -0.016586190089583397, ""harm_se_mean"": 0.0004231977218296379, ""harm_ucb_max"": -0.01565651342854835, ""local_trainability"": 0.016083717346191406, ""query_after"": 3.7863460779190063, ""query_before"": 3.8024297952651978, ""system_utility"": 0.016083717346191406}}, ""status"": ""ok"", ""statusquo_loss"": 3.8024297952651978, ""total_memory_budget"": 512}, ""utility_status"": ""ok""}"
46,B2,B,2,default,reuse,safe_existing_reuse,3.7699296474456787,2,True,294912,1299610,0,68607207,59213,947424,493,23.399025587830693,484296192,0.0,18.93704947270453,2.457473682006821,512,512,3.7526960372924805,-0.5673773288726807,0.01684248447418213,-0.5842198133468628,False,,"{""best_reuse"": ""default"", ""best_reuse_utility"": 0.01684248447418213, ""decision"": ""reuse"", ""fresh_advantage"": -0.5842198133468628, ""fresh_positive"": false, ""fresh_utility"": -0.5673773288726807, ""full_batch_guards"": {""adapter_1"": {""crossfit_feasible"": true, ""crossfit_utility"": -0.6440834999084473, ""crossfit_utility_positive"": false, ""full_batch_cur_after"": 4.389687538146973, ""full_batch_cur_before"": 4.399374961853027, ""full_batch_gain"": 0.009687423706054688, ""full_batch_harm"": -0.017307259142398834, ""full_batch_harm_lcb"": -0.01762539677438326, ""full_batch_harm_se"": 0.00016231511835940182, ""full_batch_harm_ucb"": -0.016989121510414408, ""full_batch_safe"": true}, ""default"": {""crossfit_feasible"": true, ""crossfit_utility"": 0.01684248447418213, ""crossfit_utility_positive"": true, ""full_batch_cur_after"": 3.734700918197632, ""full_batch_cur_before"": 3.7526960372924805, ""full_batch_gain"": 0.017995119094848633, ""full_batch_harm"": -0.016532953828573227, ""full_batch_harm_lcb"": -0.017562204441055655, ""full_batch_harm_se"": 0.0005251278635114431, ""full_batch_harm_ucb"": -0.015503703216090799, ""full_batch_safe"": true}}, ""guarded_best_reuse"": ""default"", ""num_adapters"": 2, ""pending_after"": false, ""pending_before"": false, ""policy_version"": ""cau_v1"", ""reason"": ""safe_existing_reuse"", ""utility"": {""batch_n"": 16, ""best_reuse"": ""default"", ""best_reuse_query_after"": 3.7358535528182983, ""best_reuse_utility"": 0.01684248447418213, ""budget_blocked_fresh"": false, ""defer_utility"": 0.0, ""fold_a_fresh_utility"": -0.5686581134796143, ""fold_a_query_n"": 8, ""fold_a_support_n"": 8, ""fold_b_fresh_utility"": -0.5660965442657471, ""fold_b_query_n"": 8, ""fold_b_support_n"": 8, ""fresh_advantage"": -0.5842198133468628, ""fresh_local_trainability"": 0.013770580291748047, ""fresh_positive"": false, ""fresh_query_after"": 4.320073366165161, ""fresh_query_before"": 4.333843946456909, ""fresh_utility"": -0.5673773288726807, ""max_adapters"": 8, ""reuse_profiles"": {""adapter_1"": {""feasible_both"": true, ""fold_a_harm"": -0.01753319799900055, ""fold_a_lcb"": -0.017851826575933954, ""fold_a_query_after"": 4.404902458190918, ""fold_a_utility"": -0.6439797878265381, ""fold_b_harm"": -0.01748572289943695, ""fold_b_lcb"": -0.01780428892816417, ""fold_b_query_after"": 4.3886566162109375, ""fold_b_utility"": -0.6441872119903564, ""harm_lcb_max"": -0.01780428892816417, ""harm_mean"": -0.01750946044921875, ""harm_se_mean"": 0.0001625496443011798, ""harm_ucb_max"": -0.017167156870709733, ""local_trainability"": 0.002595186233520508, ""query_after"": 4.396779537200928, ""query_before"": 4.399374723434448, ""system_utility"": -0.6440834999084473}, ""default"": {""feasible_both"": true, ""fold_a_harm"": -0.016183141618967056, ""fold_a_lcb"": -0.0171923064137809, ""fold_a_query_after"": 3.744199275970459, ""fold_a_utility"": 0.0167233943939209, ""fold_b_harm"": -0.016319770365953445, ""fold_b_lcb"": -0.017347345952875914, ""fold_b_query_after"": 3.7275078296661377, ""fold_b_utility"": 0.01696157455444336, ""harm_lcb_max"": -0.0171923064137809, ""harm_mean"": -0.01625145599246025, ""harm_se_mean"": 0.0005195766279939562, ""harm_ucb_max"": -0.015173976824153215, ""local_trainability"": 0.01684248447418213, ""query_after"": 3.7358535528182983, ""query_before"": 3.7526960372924805, ""system_utility"": 0.01684248447418213}}, ""status"": ""ok"", ""statusquo_loss"": 3.7526960372924805, ""total_memory_budget"": 512}, ""utility_status"": ""ok""}"
47,B2,B,2,default,reuse,safe_existing_reuse,3.773867130279541,2,True,294912,1299610,0,68607207,59213,947424,493,23.980686731869355,484296192,0.0,19.51267789467238,2.457473682006821,512,512,3.772113561630249,-0.5773494243621826,0.01620328426361084,-0.5935527086257935,False,,"{""best_reuse"": ""default"", ""best_reuse_utility"": 0.01620328426361084, ""decision"": ""reuse"", ""fresh_advantage"": -0.5935527086257935, ""fresh_positive"": false, ""fresh_utility"": -0.5773494243621826, ""full_batch_guards"": {""adapter_1"": {""crossfit_feasible"": true, ""crossfit_utility"": -0.6504697799682617, ""crossfit_utility_positive"": false, ""full_batch_cur_after"": 4.413268089294434, ""full_batch_cur_before"": 4.421507835388184, ""full_batch_gain"": 0.00823974609375, ""full_batch_harm"": -0.017210204154253006, ""full_batch_harm_lcb"": -0.017527475238312037, ""full_batch_harm_se"": 0.00016187300207093358, ""full_batch_harm_ucb"": -0.016892933070193974, ""full_batch_safe"": true}, ""default"": {""crossfit_feasible"": true, ""crossfit_utility"": 0.01620328426361084, ""crossfit_utility_positive"": true, ""full_batch_cur_after"": 3.7545084953308105, ""full_batch_cur_before"": 3.77211332321167, ""full_batch_gain"": 0.017604827880859375, ""full_batch_harm"": -0.016246601939201355, ""full_batch_harm_lcb"": -0.017145780177088454, ""full_batch_harm_se"": 0.0004587644070852548, ""full_batch_harm_ucb"": -0.015347423701314256, ""full_batch_safe"": true}}, ""guarded_best_reuse"": ""default"", ""num_adapters"": 2, ""pending_after"": false, ""pending_before"": false, ""policy_version"": ""cau_v1"", ""reason"": ""safe_existing_reuse"", ""utility"": {""batch_n"": 16, ""best_reuse"": ""default"", ""best_reuse_query_after"": 3.755910277366638, ""best_reuse_utility"": 0.01620328426361084, ""budget_blocked_fresh"": false, ""defer_utility"": 0.0, ""fold_a_fresh_utility"": -0.5839121341705322, ""fold_a_query_n"": 8, ""fold_a_support_n"": 8, ""fold_b_fresh_utility"": -0.570786714553833, ""fold_b_query_n"": 8, ""fold_b_support_n"": 8, ""fresh_advantage"": -0.5935527086257935, ""fresh_local_trainability"": 0.0063152313232421875, ""fresh_positive"": false, ""fresh_query_after"": 4.349462985992432, ""fresh_query_before"": 4.355778217315674, ""fresh_utility"": -0.5773494243621826, ""max_adapters"": 8, ""reuse_profiles"": {""adapter_1"": {""feasible_both"": true, ""fold_a_harm"": -0.017639733850955963, ""fold_a_lcb"": -0.017957816093694418, ""fold_a_query_after"": 4.379791736602783, ""fold_a_utility"": -0.6555392742156982, ""fold_b_harm"": -0.017393723130226135, ""fold_b_lcb"": -0.017712137480266392, ""fold_b_query_after"": 4.465374946594238, ""fold_b_utility"": -0.6454002857208252, ""harm_lcb_max"": -0.017712137480266392, ""harm_mean"": -0.01751672849059105, ""harm_se_mean"": 0.00016237157979048789, ""harm_ucb_max"": -0.01707530878018588, ""local_trainability"": -0.00107574462890625, ""query_after"": 4.422583341598511, ""query_before"": 4.4215075969696045, ""system_utility"": -0.6504697799682617}, ""default"": {""feasible_both"": true, ""fold_a_harm"": -0.015780147165060043, ""fold_a_lcb"": -0.016652068531839176, ""fold_a_query_after"": 3.7077770233154297, ""fold_a_utility"": 0.016475439071655273, ""fold_b_harm"": -0.01615278795361519, ""fold_b_lcb"": -0.017066073735477402, ""fold_b_query_after"": 3.8040435314178467, ""fold_b_utility"": 0.015931129455566406, ""harm_lcb_max"": -0.016652068531839176, ""harm_mean"": -0.015966467559337616, ""harm_se_mean"": 0.00045540998689830303, ""harm_ucb_max"": -0.014908225798280909, ""local_trainability"": 0.01620328426361084, ""query_after"": 3.755910277366638, ""query_before"": 3.772113561630249, ""system_utility"": 0.01620328426361084}}, ""status"": ""ok"", ""statusquo_loss"": 3.772113561630249, ""total_memory_budget"": 512}, ""utility_status"": ""ok""}"
48,B2,B,2,default,reuse,safe_existing_reuse,3.7600626945495605,2,True,294912,1299610,0,68607207,59213,947424,493,24.543097162852064,484296192,0.0,20.06927116960287,2.457473682006821,512,512,3.7679140934577355,-0.6071202021378738,0.016495136114267204,-0.623615338252141,False,,"{""best_reuse"": ""default"", ""best_reuse_utility"": 0.016495136114267204, ""decision"": ""reuse"", ""fresh_advantage"": -0.623615338252141, ""fresh_positive"": false, ""fresh_utility"": -0.6071202021378738, ""full_batch_guards"": {""adapter_1"": {""crossfit_feasible"": true, ""crossfit_utility"": -0.6794954996842605, ""crossfit_utility_positive"": false, ""full_batch_cur_after"": 4.43629789352417, ""full_batch_cur_before"": 4.445291996002197, ""full_batch_gain"": 0.008994102478027344, ""full_batch_harm"": -0.017259739339351654, ""full_batch_harm_lcb"": -0.017576063387095928, ""full_batch_harm_se"": 0.0001613898202776909, ""full_batch_harm_ucb"": -0.01694341529160738, ""full_batch_safe"": true}, ""default"": {""crossfit_feasible"": true, ""crossfit_utility"": 0.016495136114267204, ""crossfit_utility_positive"": true, ""full_batch_cur_after"": 3.749849796295166, ""full_batch_cur_before"": 3.767914295196533, ""full_batch_gain"": 0.018064498901367188, ""full_batch_harm"": -0.016478020697832108, ""full_batch_harm_lcb"": -0.017210754650877787, ""full_batch_harm_se"": 0.00037384385359473526, ""full_batch_harm_ucb"": -0.015745286744786428, ""full_batch_safe"": true}}, ""guarded_best_reuse"": ""default"", ""num_adapters"": 2, ""pending_after"": false, ""pending_before"": false, ""policy_version"": ""cau_v1"", ""reason"": ""safe_existing_reuse"", ""utility"": {""batch_n"": 13, ""best_reuse"": ""default"", ""best_reuse_query_after"": 3.751418957343468, ""best_reuse_utility"": 0.016495136114267204, ""budget_blocked_fresh"": false, ""defer_utility"": 0.0, ""fold_a_fresh_utility"": -0.6167075634002686, ""fold_a_query_n"": 6, ""fold_a_support_n"": 7, ""fold_b_fresh_utility"": -0.5989024639129639, ""fold_b_query_n"": 7, ""fold_b_support_n"": 6, ""fresh_advantage"": -0.623615338252141, ""fresh_local_trainability"": 0.004293001615084135, ""fresh_positive"": false, ""fresh_query_after"": 4.37503429559561, ""fresh_query_before"": 4.379327297210693, ""fresh_utility"": -0.6071202021378738, ""max_adapters"": 8, ""reuse_profiles"": {""adapter_1"": {""feasible_both"": true, ""fold_a_harm"": -0.0176394023001194, ""fold_a_lcb"": -0.01795588783803396, ""fold_a_query_after"": 4.41410493850708, ""fold_a_utility"": -0.6884820461273193, ""fold_b_harm"": -0.017536353319883347, ""fold_b_lcb"": -0.017854587269830517, ""fold_b_query_after"": 4.475956439971924, ""fold_b_utility"": -0.67179274559021, ""harm_lcb_max"": -0.017854587269830517, ""harm_mean"": -0.017587877810001373, ""harm_se_mean"": 0.00016191823669942096, ""harm_ucb_max"": -0.017218119369936176, ""local_trainability"": -0.0021176704993614783, ""query_after"": 4.447409593141996, ""query_before"": 4.445291922642634, ""system_utility"": -0.6794954996842605}, ""default"": {""feasible_both"": true, ""fold_a_harm"": -0.015960820019245148, ""fold_a_lcb"": -0.01668660145252943, ""fold_a_query_after"": 3.709273338317871, ""fold_a_utility"": 0.01634955406188965, ""fold_b_harm"": -0.016189754009246826, ""fold_b_lcb"": -0.016895451621385293, ""fold_b_query_after"": 3.787543773651123, ""fold_b_utility"": 0.01661992073059082, ""harm_lcb_max"": -0.01668660145252943, ""harm_mean"": -0.016075287014245987, ""harm_se_mean"": 0.00036517322587314993, ""harm_ucb_max"": -0.015235038585960864, ""local_trainability"": 0.016495136114267204, ""query_after"": 3.751418957343468, ""query_before"": 3.7679140934577355, ""system_utility"": 0.016495136114267204}}, ""status"": ""ok"", ""statusquo_loss"": 3.7679140934577355, ""total_memory_budget"": 512}, ""utility_status"": ""ok""}"
49,C1,C,1,adapter_1,reuse,pending_fresh_safe_existing_reuse,4.487320423126221,2,True,294912,1299610,0,68607207,59213,947424,509,26.519953810842708,484296192,0.0,20.62448777165264,3.8732888700906187,512,512,4.569142580032349,0.20020842552185059,0.11875319480895996,0.08145523071289062,True,,"{""best_reuse"": ""adapter_1"", ""best_reuse_utility"": 0.11875319480895996, ""decision"": ""reuse"", ""fresh_advantage"": 0.08145523071289062, ""fresh_positive"": true, ""fresh_utility"": 0.20020842552185059, ""full_batch_guards"": {""adapter_1"": {""crossfit_feasible"": true, ""crossfit_utility"": 0.11875319480895996, ""crossfit_utility_positive"": true, ""full_batch_cur_after"": 4.4482831954956055, ""full_batch_cur_before"": 4.458968639373779, ""full_batch_gain"": 0.010685443878173828, ""full_batch_harm"": -0.01740233600139618, ""full_batch_harm_lcb"": -0.017719461025553756, ""full_batch_harm_se"": 0.00016179848171304911, ""full_batch_harm_ucb"": -0.017085210977238603, ""full_batch_safe"": true}, ""default"": {""crossfit_feasible"": true, ""crossfit_utility"": 0.006433725357055664, ""crossfit_utility_positive"": true, ""full_batch_cur_after"": 4.560715675354004, ""full_batch_cur_before"": 4.5691423416137695, ""full_batch_gain"": 0.008426666259765625, ""full_batch_harm"": -0.01501457393169403, ""full_batch_harm_lcb"": -0.015483706755330786, ""full_batch_harm_se"": 0.00023935348144732416, ""full_batch_harm_ucb"": -0.014545441108057276, ""full_batch_safe"": true}}, ""guarded_best_reuse"": ""adapter_1"", ""num_adapters"": 2, ""pending_after"": true, ""pending_before"": false, ""policy_version"": ""cau_v1"", ""reason"": ""pending_fresh_safe_existing_reuse"", ""utility"": {""batch_n"": 16, ""best_reuse"": ""adapter_1"", ""best_reuse_query_after"": 4.450389385223389, ""best_reuse_utility"": 0.11875319480895996, ""budget_blocked_fresh"": false, ""defer_utility"": 0.0, ""fold_a_fresh_utility"": 0.1977992057800293, ""fold_a_query_n"": 8, ""fold_a_support_n"": 8, ""fold_b_fresh_utility"": 0.20261764526367188, ""fold_b_query_n"": 8, ""fold_b_support_n"": 8, ""fresh_advantage"": 0.08145523071289062, ""fresh_local_trainability"": 0.02348613739013672, ""fresh_positive"": true, ""fresh_query_after"": 4.368934154510498, ""fresh_query_before"": 4.392420291900635, ""fresh_utility"": 0.20020842552185059, ""max_adapters"": 8, ""reuse_profiles"": {""adapter_1"": {""feasible_both"": true, ""fold_a_harm"": -0.017516978085041046, ""fold_a_lcb"": -0.017834869602811523, ""fold_a_query_after"": 4.4613800048828125, ""fold_a_utility"": 0.11735391616821289, ""fold_b_harm"": -0.017449606209993362, ""fold_b_lcb"": -0.017767063369974495, ""fold_b_query_after"": 4.439398765563965, ""fold_b_utility"": 0.12015247344970703, ""harm_lcb_max"": -0.017767063369974495, ""harm_mean"": -0.017483292147517204, ""harm_se_mean"": 0.00016207874432438985, ""harm_ucb_max"": -0.01713214905001223, ""local_trainability"": 0.008579015731811523, ""query_after"": 4.450389385223389, ""query_before"": 4.4589684009552, ""system_utility"": 0.11875319480895996}, ""default"": {""feasible_both"": true, ""fold_a_harm"": -0.015103377401828766, ""fold_a_lcb"": -0.015571743703330867, ""fold_a_query_after"": 4.57286262512207, ""fold_a_utility"": 0.005871295928955078, ""fold_b_harm"": -0.015046019107103348, ""fold_b_lcb"": -0.01551527354749851, ""fold_b_query_after"": 4.552555084228516, ""fold_b_utility"": 0.00699615478515625, ""harm_lcb_max"": -0.01551527354749851, ""harm_mean"": -0.015074698254466057, ""harm_se_mean"": 0.00023918896476970986, ""harm_ucb_max"": -0.014576764666708186, ""local_trainability"": 0.006433725357055664, ""query_after"": 4.562708854675293, ""query_before"": 4.569142580032349, ""system_utility"": 0.006433725357055664}}, ""status"": ""ok"", ""statusquo_loss"": 4.569142580032349, ""total_memory_budget"": 512}, ""utility_status"": ""ok""}"
50,C1,C,1,adapter_2,spawn,confirmed_fresh,4.392195701599121,3,True,442368,1949415,0,69404468,59213,1421136,356,26.9952038989868,484296192,0.0,21.093663106672466,3.8732888700906187,512,510,4.468289375305176,0.0788259506225586,0.008257150650024414,0.07056879997253418,True,,"{""best_reuse"": ""adapter_1"", ""best_reuse_utility"": 0.008257150650024414, ""decision"": ""spawn"", ""fresh_advantage"": 0.07056879997253418, ""fresh_positive"": true, ""fresh_utility"": 0.0788259506225586, ""full_batch_guards"": {}, ""guarded_best_reuse"": null, ""num_adapters"": 3, ""pending_after"": false, ""pending_before"": true, ""policy_version"": ""cau_v1"", ""reason"": ""confirmed_fresh"", ""utility"": {""batch_n"": 16, ""best_reuse"": ""adapter_1"", ""best_reuse_query_after"": 4.460032224655151, ""best_reuse_utility"": 0.008257150650024414, ""budget_blocked_fresh"": false, ""defer_utility"": 0.0, ""fold_a_fresh_utility"": 0.07717704772949219, ""fold_a_query_n"": 8, ""fold_a_support_n"": 8, ""fold_b_fresh_utility"": 0.080474853515625, ""fold_b_query_n"": 8, ""fold_b_support_n"": 8, ""fresh_advantage"": 0.07056879997253418, ""fresh_local_trainability"": 0.015286445617675781, ""fresh_positive"": true, ""fresh_query_after"": 4.389463424682617, ""fresh_query_before"": 4.404749870300293, ""fresh_utility"": 0.0788259506225586, ""max_adapters"": 8, ""reuse_profiles"": {""adapter_1"": {""feasible_both"": true, ""fold_a_harm"": -0.015267875045537949, ""fold_a_lcb"": -0.015653394465334713, ""fold_a_query_after"": 4.448981285095215, ""fold_a_utility"": 0.010599136352539062, ""fold_b_harm"": -0.015470411628484726, ""fold_b_lcb"": -0.01583273758587893, ""fold_b_query_after"": 4.471083164215088, ""fold_b_utility"": 0.005915164947509766, ""harm_lcb_max"": -0.015653394465334713, ""harm_mean"": -0.015369143337011337, ""harm_se_mean"": 0.0001907768819364719, ""harm_ucb_max"": -0.014882355625741184, ""local_trainability"": 0.008257150650024414, ""query_after"": 4.460032224655151, ""query_before"": 4.468289375305176, ""system_utility"": 0.008257150650024414}, ""default"": {""feasible_both"": true, ""fold_a_harm"": -0.014980711042881012, ""fold_a_lcb"": -0.015449026518617757, ""fold_a_query_after"": 4.5720534324646, ""fold_a_utility"": -0.1124730110168457, ""fold_b_harm"": -0.015053052455186844, ""fold_b_lcb"": -0.015521816891850903, ""fold_b_query_after"": 4.586914539337158, ""fold_b_utility"": -0.10991621017456055, ""harm_lcb_max"": -0.015449026518617757, ""harm_mean"": -0.015016881749033928, ""harm_se_mean"": 0.0002390509980614297, ""harm_ucb_max"": -0.014512395567144266, ""local_trainability"": 0.0015065670013427734, ""query_after"": 4.579483985900879, ""query_before"": 4.580990552902222, ""system_utility"": -0.11119461059570312}}, ""status"": ""ok"", ""statusquo_loss"": 4.468289375305176, ""total_memory_budget"": 512}, ""utility_status"": ""ok""}"
51,C1,C,1,adapter_2,warmup,existing_warmup,4.391373634338379,3,True,442368,1949415,0,69404468,59213,1421136,372,27.01987604680471,484296192,0.0,21.112153270514682,3.8732888700906187,512,510,,,,,,,"{""best_reuse"": null, ""best_reuse_utility"": null, ""decision"": ""warmup"", ""fresh_positive"": null, ""fresh_utility"": null, ""full_batch_guards"": {}, ""guarded_best_reuse"": null, ""num_adapters"": 3, ""pending_after"": false, ""pending_before"": false, ""policy_version"": ""cau_v1"", ""reason"": ""existing_warmup"", ""utility_status"": ""warmup""}"
52,C1,C,1,adapter_2,warmup,existing_warmup,4.405847549438477,3,True,442368,1949415,0,69404468,59213,1421136,388,27.04374746698886,484296192,0.0,21.13045661058277,3.8732888700906187,512,510,,,,,,,"{""best_reuse"": null, ""best_reuse_utility"": null, ""decision"": ""warmup"", ""fresh_positive"": null, ""fresh_utility"": null, ""full_batch_guards"": {}, ""guarded_best_reuse"": null, ""num_adapters"": 3, ""pending_after"": false, ""pending_before"": false, ""policy_version"": ""cau_v1"", ""reason"": ""existing_warmup"", ""utility_status"": ""warmup""}"
53,C1,C,1,adapter_2,warmup,existing_warmup,4.35345458984375,3,True,442368,1949415,0,69404468,59213,1421136,404,27.0675226948224,484296192,0.0,21.14865127648227,3.8732888700906187,512,510,,,,,,,"{""best_reuse"": null, ""best_reuse_utility"": null, ""decision"": ""warmup"", ""fresh_positive"": null, ""fresh_utility"": null, ""full_batch_guards"": {}, ""guarded_best_reuse"": null, ""num_adapters"": 3, ""pending_after"": false, ""pending_before"": false, ""policy_version"": ""cau_v1"", ""reason"": ""existing_warmup"", ""utility_status"": ""warmup""}"
54,C1,C,1,adapter_2,reuse,safe_existing_reuse,4.3211989402771,3,True,442368,1949415,0,69404468,59213,1421136,420,27.877741598989815,484296192,0.0,21.953288269462064,3.8732888700906187,512,510,4.330393552780151,-0.07729268074035645,0.020820140838623047,-0.09811282157897949,False,,"{""best_reuse"": ""adapter_2"", ""best_reuse_utility"": 0.020820140838623047, ""decision"": ""reuse"", ""fresh_advantage"": -0.09811282157897949, ""fresh_positive"": false, ""fresh_utility"": -0.07729268074035645, ""full_batch_guards"": {""adapter_1"": {""crossfit_feasible"": true, ""crossfit_utility"": -0.141371488571167, ""crossfit_utility_positive"": false, ""full_batch_cur_after"": 4.467657089233398, ""full_batch_cur_before"": 4.479584693908691, ""full_batch_gain"": 0.011927604675292969, ""full_batch_harm"": -0.015659548342227936, ""full_batch_harm_lcb"": -0.016014825176680462, ""full_batch_harm_se"": 0.00018126369104720652, ""full_batch_harm_ucb"": -0.015304271507775411, ""full_batch_safe"": true}, ""adapter_2"": {""crossfit_feasible"": true, ""crossfit_utility"": 0.020820140838623047, ""crossfit_utility_positive"": true, ""full_batch_cur_after"": 4.307848930358887, ""full_batch_cur_before"": 4.3303937911987305, ""full_batch_gain"": 0.02254486083984375, ""full_batch_harm"": -0.02198214828968048, ""full_batch_harm_lcb"": -0.022369261448038743, ""full_batch_harm_se"": 0.00019750671344809234, ""full_batch_harm_ucb"": -0.02159503513132222, ""full_batch_safe"": true}, ""default"": {""crossfit_feasible"": true, ""crossfit_utility"": -0.262310266494751, ""crossfit_utility_positive"": false, ""full_batch_cur_after"": 4.585433006286621, ""full_batch_cur_before"": 4.592075824737549, ""full_batch_gain"": 0.006642818450927734, ""full_batch_harm"": -0.014115490019321442, ""full_batch_harm_lcb"": -0.015006393811199814, ""full_batch_harm_se"": 0.0004545427509583533, ""full_batch_harm_ucb"": -0.01322458622744307, ""full_batch_safe"": true}}, ""guarded_best_reuse"": ""adapter_2"", ""num_adapters"": 3, ""pending_after"": false, ""pending_before"": false, ""policy_version"": ""cau_v1"", ""reason"": ""safe_existing_reuse"", ""utility"": {""batch_n"": 16, ""best_reuse"": ""adapter_2"", ""best_reuse_query_after"": 4.309573411941528, ""best_reuse_utility"": 0.020820140838623047, ""budget_blocked_fresh"": false, ""defer_utility"": 0.0, ""fold_a_fresh_utility"": -0.07749223709106445, ""fold_a_query_n"": 8, ""fold_a_support_n"": 8, ""fold_b_fresh_utility"": -0.07709312438964844, ""fold_b_query_n"": 8, ""fold_b_support_n"": 8, ""fresh_advantage"": -0.09811282157897949, ""fresh_local_trainability"": 0.010639429092407227, ""fresh_positive"": false, ""fresh_query_after"": 4.407686233520508, ""fresh_query_before"": 4.418325662612915, ""fresh_utility"": -0.07729268074035645, ""max_adapters"": 8, ""reuse_profiles"": {""adapter_1"": {""feasible_both"": true, ""fold_a_harm"": -0.015728279948234558, ""fold_a_lcb"": -0.016054304130375386, ""fold_a_query_after"": 4.472986221313477, ""fold_a_utility"": -0.14135980606079102, ""fold_b_harm"": -0.015632987022399902, ""fold_b_lcb"": -0.01616042304551229, ""fold_b_query_after"": 4.47054386138916, ""fold_b_utility"": -0.14138317108154297, ""harm_lcb_max"": -0.016054304130375386, ""harm_mean"": -0.01568063348531723, ""harm_se_mean"": 0.00021771944011561573, ""harm_ucb_max"": -0.015105550999287516, ""local_trainability"": 0.007819652557373047, ""query_after"": 4.471765041351318, ""query_before"": 4.479584693908691, ""system_utility"": -0.141371488571167}, ""adapter_2"": {""feasible_both"": true, ""fold_a_harm"": -0.02181033045053482, ""fold_a_lcb"": -0.022262201652047224, ""fold_a_query_after"": 4.310859203338623, ""fold_a_utility"": 0.0207672119140625, ""fold_b_harm"": -0.020929843187332153, ""fold_b_lcb"": -0.02133744215243496, ""fold_b_query_after"": 4.308287620544434, ""fold_b_utility"": 0.020873069763183594, ""harm_lcb_max"": -0.02133744215243496, ""harm_mean"": -0.021370086818933487, ""harm_se_mean"": 0.00021925259352428839, ""harm_ucb_max"": -0.020522244222229348, ""local_trainability"": 0.020820140838623047, ""query_after"": 4.309573411941528, ""query_before"": 4.330393552780151, ""system_utility"": 0.020820140838623047}, ""default"": {""feasible_both"": true, ""fold_a_harm"": -0.014187861233949661, ""fold_a_lcb"": -0.015077342817094178, ""fold_a_query_after"": 4.594926834106445, ""fold_a_utility"": -0.26330041885375977, ""fold_b_harm"": -0.014430642127990723, ""fold_b_lcb"": -0.015315186937805265, ""fold_b_query_after"": 4.590480804443359, ""fold_b_utility"": -0.2613201141357422, ""harm_lcb_max"": -0.015077342817094178, ""harm_mean"": -0.014309251680970192, ""harm_se_mean"": 0.0004525577533058822, ""harm_ucb_max"": -0.013298379650805145, ""local_trainability"": -0.0006282329559326172, ""query_after"": 4.592703819274902, ""query_before"": 4.59207558631897, ""system_utility"": -0.262310266494751}}, ""status"": ""ok"", ""statusquo_loss"": 4.330393552780151, ""total_memory_budget"": 512}, ""utility_status"": ""ok""}"
55,C1,C,1,adapter_2,reuse,safe_existing_reuse,4.320468425750732,3,True,442368,1949415,0,69404468,59213,1421136,436,28.697819134918973,484296192,0.0,22.76710754749365,3.8732888700906187,512,510,4.325897455215454,-0.09394073486328125,0.02082657814025879,-0.11476731300354004,False,,"{""best_reuse"": ""adapter_2"", ""best_reuse_utility"": 0.02082657814025879, ""decision"": ""reuse"", ""fresh_advantage"": -0.11476731300354004, ""fresh_positive"": false, ""fresh_utility"": -0.09394073486328125, ""full_batch_guards"": {""adapter_1"": {""crossfit_feasible"": true, ""crossfit_utility"": -0.16607165336608887, ""crossfit_utility_positive"": false, ""full_batch_cur_after"": 4.485241889953613, ""full_batch_cur_before"": 4.495677947998047, ""full_batch_gain"": 0.010436058044433594, ""full_batch_harm"": -0.015443321317434311, ""full_batch_harm_lcb"": -0.015812346350285226, ""full_batch_harm_se"": 0.00018827807798516005, ""full_batch_harm_ucb"": -0.015074296284583398, ""full_batch_safe"": true}, ""adapter_2"": {""crossfit_feasible"": true, ""crossfit_utility"": 0.02082657814025879, ""crossfit_utility_positive"": true, ""full_batch_cur_after"": 4.303455352783203, ""full_batch_cur_before"": 4.325897693634033, ""full_batch_gain"": 0.022442340850830078, ""full_batch_harm"": -0.021936722099781036, ""full_batch_harm_lcb"": -0.022335307534667663, ""full_batch_harm_se"": 0.0002033599157584831, ""full_batch_harm_ucb"": -0.02153813666489441, ""full_batch_safe"": true}, ""default"": {""crossfit_feasible"": true, ""crossfit_utility"": -0.27869629859924316, ""crossfit_utility_positive"": false, ""full_batch_cur_after"": 4.5965352058410645, ""full_batch_cur_before"": 4.6036787033081055, ""full_batch_gain"": 0.007143497467041016, ""full_batch_harm"": -0.014128427952528, ""full_batch_harm_lcb"": -0.015018697819905356, ""full_batch_harm_se"": 0.0004542193200904876, ""full_batch_harm_ucb"": -0.013238158085150643, ""full_batch_safe"": true}}, ""guarded_best_reuse"": ""adapter_2"", ""num_adapters"": 3, ""pending_after"": false, ""pending_before"": false, ""policy_version"": ""cau_v1"", ""reason"": ""safe_existing_reuse"", ""utility"": {""batch_n"": 16, ""best_reuse"": ""adapter_2"", ""best_reuse_query_after"": 4.305070877075195, ""best_reuse_utility"": 0.02082657814025879, ""budget_blocked_fresh"": false, ""defer_utility"": 0.0, ""fold_a_fresh_utility"": -0.10115242004394531, ""fold_a_query_n"": 8, ""fold_a_support_n"": 8, ""fold_b_fresh_utility"": -0.08672904968261719, ""fold_b_query_n"": 8, ""fold_b_support_n"": 8, ""fresh_advantage"": -0.11476731300354004, ""fresh_local_trainability"": 0.010533571243286133, ""fresh_positive"": false, ""fresh_query_after"": 4.419838190078735, ""fresh_query_before"": 4.4303717613220215, ""fresh_utility"": -0.09394073486328125, ""max_adapters"": 8, ""reuse_profiles"": {""adapter_1"": {""feasible_both"": true, ""fold_a_harm"": -0.015665635466575623, ""fold_a_lcb"": -0.016058151643374003, ""fold_a_query_after"": 4.479883193969727, ""fold_a_utility"": -0.17422819137573242, ""fold_b_harm"": -0.015422213822603226, ""fold_b_lcb"": -0.015930564685259014, ""fold_b_query_after"": 4.504055023193359, ""fold_b_utility"": -0.1579151153564453, ""harm_lcb_max"": -0.015930564685259014, ""harm_mean"": -0.015543924644589424, ""harm_se_mean"": 0.0002298130202689208, ""harm_ucb_max"": -0.014913862959947437, ""local_trainability"": 0.0037086009979248047, ""query_after"": 4.491969108581543, ""query_before"": 4.495677709579468, ""system_utility"": -0.16607165336608887}, ""adapter_2"": {""feasible_both"": true, ""fold_a_harm"": -0.02119830995798111, ""fold_a_lcb"": -0.021596942539326848, ""fold_a_query_after"": 4.285117149353027, ""fold_a_utility"": 0.020537853240966797, ""fold_b_harm"": -0.021442800760269165, ""fold_b_lcb"": -0.021857251506298782, ""fold_b_query_after"": 4.325024604797363, ""fold_b_utility"": 0.02111530303955078, ""harm_lcb_max"": -0.021596942539326848, ""harm_mean"": -0.021320555359125137, ""harm_se_mean"": 0.00020741921616718173, ""harm_ucb_max"": -0.02079967737663537, ""local_trainability"": 0.02082657814025879, ""query_after"": 4.305070877075195, ""query_before"": 4.325897455215454, ""system_utility"": 0.02082657814025879}, ""default"": {""feasible_both"": true, ""fold_a_harm"": -0.014413092285394669, ""fold_a_lcb"": -0.015299549878109246, ""fold_a_query_after"": 4.5907440185546875, ""fold_a_utility"": -0.28508901596069336, ""fold_b_harm"": -0.014288865029811859, ""fold_b_lcb"": -0.015175968583207577, ""fold_b_query_after"": 4.618443489074707, ""fold_b_utility"": -0.27230358123779297, ""harm_lcb_max"": -0.015175968583207577, ""harm_mean"": -0.014350978657603264, ""harm_se_mean"": 0.00045243906788527966, ""harm_ucb_max"": -0.01340176147641614, ""local_trainability"": -0.0009152889251708984, ""query_after"": 4.604593753814697, ""query_before"": 4.603678464889526, ""system_utility"": -0.27869629859924316}}, ""status"": ""ok"", ""statusquo_loss"": 4.325897455215454, ""total_memory_budget"": 512}, ""utility_status"": ""ok""}"
56,C1,C,1,adapter_2,reuse,safe_existing_reuse,4.2552385330200195,3,True,442368,1949415,0,69404468,59213,1421136,452,29.482288874918595,484296192,0.0,23.545197727624327,3.8732888700906187,512,510,4.256901741027832,-0.11242270469665527,0.02106928825378418,-0.13349199295043945,False,,"{""best_reuse"": ""adapter_2"", ""best_reuse_utility"": 0.02106928825378418, ""decision"": ""reuse"", ""fresh_advantage"": -0.13349199295043945, ""fresh_positive"": false, ""fresh_utility"": -0.11242270469665527, ""full_batch_guards"": {""adapter_1"": {""crossfit_feasible"": true, ""crossfit_utility"": -0.1814713478088379, ""crossfit_utility_positive"": false, ""full_batch_cur_after"": 4.433985710144043, ""full_batch_cur_before"": 4.444893836975098, ""full_batch_gain"": 0.010908126831054688, ""full_batch_harm"": -0.015547968447208405, ""full_batch_harm_lcb"": -0.01587671708432026, ""full_batch_harm_se"": 0.0001677288964856416, ""full_batch_harm_ucb"": -0.015219219810096546, ""full_batch_safe"": true}, ""adapter_2"": {""crossfit_feasible"": true, ""crossfit_utility"": 0.02106928825378418, ""crossfit_utility_positive"": true, ""full_batch_cur_after"": 4.23448371887207, ""full_batch_cur_before"": 4.256901741027832, ""full_batch_gain"": 0.02241802215576172, ""full_batch_harm"": -0.021811723709106445, ""full_batch_harm_lcb"": -0.022196411520126275, ""full_batch_harm_se"": 0.00019626929133664817, ""full_batch_harm_ucb"": -0.021427035898086616, ""full_batch_safe"": true}, ""default"": {""crossfit_feasible"": true, ""crossfit_utility"": -0.2996034622192383, ""crossfit_utility_positive"": false, ""full_batch_cur_after"": 4.549985885620117, ""full_batch_cur_before"": 4.556314468383789, ""full_batch_gain"": 0.006328582763671875, ""full_batch_harm"": -0.014032799750566483, ""full_batch_harm_lcb"": -0.014924321494763717, ""full_batch_harm_se"": 0.0004548580327536911, ""full_batch_harm_ucb"": -0.013141278006369248, ""full_batch_safe"": true}}, ""guarded_best_reuse"": ""adapter_2"", ""num_adapters"": 3, ""pending_after"": false, ""pending_before"": false, ""policy_version"": ""cau_v1"", ""reason"": ""safe_existing_reuse"", ""utility"": {""batch_n"": 16, ""best_reuse"": ""adapter_2"", ""best_reuse_query_after"": 4.235832452774048, ""best_reuse_utility"": 0.02106928825378418, ""budget_blocked_fresh"": false, ""defer_utility"": 0.0, ""fold_a_fresh_utility"": -0.11336612701416016, ""fold_a_query_n"": 8, ""fold_a_support_n"": 8, ""fold_b_fresh_utility"": -0.11147928237915039, ""fold_b_query_n"": 8, ""fold_b_support_n"": 8, ""fresh_advantage"": -0.13349199295043945, ""fresh_local_trainability"": 0.011816263198852539, ""fresh_positive"": false, ""fresh_query_after"": 4.369324445724487, ""fresh_query_before"": 4.38114070892334, ""fresh_utility"": -0.11242270469665527, ""max_adapters"": 8, ""reuse_profiles"": {""adapter_1"": {""feasible_both"": true, ""fold_a_harm"": -0.015700120478868484, ""fold_a_lcb"": -0.016052894985768944, ""fold_a_query_after"": 4.468886375427246, ""fold_a_utility"": -0.18613290786743164, ""fold_b_harm"": -0.015528455376625061, ""fold_b_lcb"": -0.015926067563705147, ""fold_b_query_after"": 4.407859802246094, ""fold_b_utility"": -0.17680978775024414, ""harm_lcb_max"": -0.015926067563705147, ""harm_mean"": -0.015614287927746773, ""harm_se_mean"": 0.00019142517703585327, ""harm_ucb_max"": -0.015130843189544975, ""local_trainability"": 0.006520509719848633, ""query_after"": 4.43837308883667, ""query_before"": 4.4448935985565186, ""system_utility"": -0.1814713478088379}, ""adapter_2"": {""feasible_both"": true, ""fold_a_harm"": -0.021345987915992737, ""fold_a_lcb"": -0.021727432033512743, ""fold_a_query_after"": 4.26096773147583, ""fold_a_utility"": 0.021785736083984375, ""fold_b_harm"": -0.021253667771816254, ""fold_b_lcb"": -0.021754757794551553, ""fold_b_query_after"": 4.210697174072266, ""fold_b_utility"": 0.020352840423583984, ""harm_lcb_max"": -0.021727432033512743, ""harm_mean"": -0.021299827843904495, ""harm_se_mean"": 0.00022513626026920974, ""harm_ucb_max"": -0.020752577749080955, ""local_trainability"": 0.02106928825378418, ""query_after"": 4.235832452774048, ""query_before"": 4.256901741027832, ""system_utility"": 0.02106928825378418}, ""default"": {""feasible_both"": true, ""fold_a_harm"": -0.014200985431671143, ""fold_a_lcb"": -0.015089670174056664, ""fold_a_query_after"": 4.584099292755127, ""fold_a_utility"": -0.3013458251953125, ""fold_b_harm"": -0.014291726052761078, ""fold_b_lcb"": -0.01517927945125848, ""fold_b_query_after"": 4.528911113739014, ""fold_b_utility"": -0.29786109924316406, ""harm_lcb_max"": -0.015089670174056664, ""harm_mean"": -0.01424635574221611, ""harm_se_mean"": 0.0004531219747150317, ""harm_ucb_max"": -0.01331230068928562, ""local_trainability"": -0.00019073486328125, ""query_after"": 4.55650520324707, ""query_before"": 4.556314468383789, ""system_utility"": -0.2996034622192383}}, ""status"": ""ok"", ""statusquo_loss"": 4.256901741027832, ""total_memory_budget"": 512}, ""utility_status"": ""ok""}"
57,C1,C,1,adapter_2,reuse,safe_existing_reuse,4.260770320892334,3,True,442368,1949415,0,69404468,59213,1421136,468,30.297911155968904,484296192,0.0,24.35446202964522,3.8732888700906187,512,510,4.261377334594727,-0.1260075569152832,0.02152872085571289,-0.1475362777709961,False,,"{""best_reuse"": ""adapter_2"", ""best_reuse_utility"": 0.02152872085571289, ""decision"": ""reuse"", ""fresh_advantage"": -0.1475362777709961, ""fresh_positive"": false, ""fresh_utility"": -0.1260075569152832, ""full_batch_guards"": {""adapter_1"": {""crossfit_feasible"": true, ""crossfit_utility"": -0.19162988662719727, ""crossfit_utility_positive"": false, ""full_batch_cur_after"": 4.450159072875977, ""full_batch_cur_before"": 4.461860656738281, ""full_batch_gain"": 0.011701583862304688, ""full_batch_harm"": -0.015835396945476532, ""full_batch_harm_lcb"": -0.016138739716261626, ""full_batch_harm_se"": 0.0001547667197883129, ""full_batch_harm_ucb"": -0.015532054174691438, ""full_batch_safe"": true}, ""adapter_2"": {""crossfit_feasible"": true, ""crossfit_utility"": 0.02152872085571289, ""crossfit_utility_positive"": true, ""full_batch_cur_after"": 4.239078044891357, ""full_batch_cur_before"": 4.261376857757568, ""full_batch_gain"": 0.022298812866210938, ""full_batch_harm"": -0.021176211535930634, ""full_batch_harm_lcb"": -0.021572403967147692, ""full_batch_harm_se"": 0.0002021389955189079, ""full_batch_harm_ucb"": -0.020780019104713575, ""full_batch_safe"": true}, ""default"": {""crossfit_feasible"": true, ""crossfit_utility"": -0.31156253814697266, ""crossfit_utility_positive"": false, ""full_batch_cur_after"": 4.568408012390137, ""full_batch_cur_before"": 4.574882507324219, ""full_batch_gain"": 0.006474494934082031, ""full_batch_harm"": -0.014253448694944382, ""full_batch_harm_lcb"": -0.015140601876191795, ""full_batch_harm_se"": 0.00045262917410582304, ""full_batch_harm_ucb"": -0.013366295513696969, ""full_batch_safe"": true}}, ""guarded_best_reuse"": ""adapter_2"", ""num_adapters"": 3, ""pending_after"": false, ""pending_before"": false, ""policy_version"": ""cau_v1"", ""reason"": ""safe_existing_reuse"", ""utility"": {""batch_n"": 16, ""best_reuse"": ""adapter_2"", ""best_reuse_query_after"": 4.239848613739014, ""best_reuse_utility"": 0.02152872085571289, ""budget_blocked_fresh"": false, ""defer_utility"": 0.0, ""fold_a_fresh_utility"": -0.12116622924804688, ""fold_a_query_n"": 8, ""fold_a_support_n"": 8, ""fold_b_fresh_utility"": -0.13084888458251953, ""fold_b_query_n"": 8, ""fold_b_support_n"": 8, ""fresh_advantage"": -0.1475362777709961, ""fresh_local_trainability"": 0.014038324356079102, ""fresh_positive"": false, ""fresh_query_after"": 4.38738489151001, ""fresh_query_before"": 4.401423215866089, ""fresh_utility"": -0.1260075569152832, ""max_adapters"": 8, ""reuse_profiles"": {""adapter_1"": {""feasible_both"": true, ""fold_a_harm"": -0.01582040637731552, ""fold_a_lcb"": -0.01616101316176355, ""fold_a_query_after"": 4.415953636169434, ""fold_a_utility"": -0.18485164642333984, ""fold_b_harm"": -0.01589103415608406, ""fold_b_lcb"": -0.01622169058478903, ""fold_b_query_after"": 4.490060806274414, ""fold_b_utility"": -0.1984081268310547, ""harm_lcb_max"": -0.01616101316176355, ""harm_mean"": -0.01585572026669979, ""harm_se_mean"": 0.0001712406156002544, ""harm_ucb_max"": -0.015479799592867494, ""local_trainability"": 0.008853435516357422, ""query_after"": 4.453007221221924, ""query_before"": 4.461860656738281, ""system_utility"": -0.19162988662719727}, ""adapter_2"": {""feasible_both"": true, ""fold_a_harm"": -0.020960785448551178, ""fold_a_lcb"": -0.021356647540815173, ""fold_a_query_after"": 4.209603309631348, ""fold_a_utility"": 0.021498680114746094, ""fold_b_harm"": -0.020876161754131317, ""fold_b_lcb"": -0.021325863163219765, ""fold_b_query_after"": 4.27009391784668, ""fold_b_utility"": 0.021558761596679688, ""harm_lcb_max"": -0.021325863163219765, ""harm_mean"": -0.020918473601341248, ""harm_se_mean"": 0.00021570497483480722, ""harm_ucb_max"": -0.02042646034504287, ""local_trainability"": 0.02152872085571289, ""query_after"": 4.239848613739014, ""query_before"": 4.261377334594727, ""system_utility"": 0.02152872085571289}, ""default"": {""feasible_both"": true, ""fold_a_harm"": -0.014352347701787949, ""fold_a_lcb"": -0.015236989485565573, ""fold_a_query_after"": 4.535543918609619, ""fold_a_utility"": -0.3044419288635254, ""fold_b_harm"": -0.014371257275342941, ""fold_b_lcb"": -0.015255650919862092, ""fold_b_query_after"": 4.610335826873779, ""fold_b_utility"": -0.3186831474304199, ""harm_lcb_max"": -0.015236989485565573, ""harm_mean"": -0.014361802488565445, ""harm_se_mean"": 0.0004512845480348915, ""harm_ucb_max"": -0.013467705918010324, ""local_trainability"": 0.0019431114196777344, ""query_after"": 4.572939872741699, ""query_before"": 4.574882984161377, ""system_utility"": -0.31156253814697266}}, ""status"": ""ok"", ""statusquo_loss"": 4.261377334594727, ""total_memory_budget"": 512}, ""utility_status"": ""ok""}"
58,C1,C,1,adapter_2,reuse,safe_existing_reuse,4.249897003173828,3,True,442368,1949415,0,69404468,59213,1421136,484,31.094362896867096,484296192,0.0,25.144361776765436,3.8732888700906187,512,510,4.237635135650635,-0.15964245796203613,0.020693540573120117,-0.18033599853515625,False,,"{""best_reuse"": ""adapter_2"", ""best_reuse_utility"": 0.020693540573120117, ""decision"": ""reuse"", ""fresh_advantage"": -0.18033599853515625, ""fresh_positive"": false, ""fresh_utility"": -0.15964245796203613, ""full_batch_guards"": {""adapter_1"": {""crossfit_feasible"": true, ""crossfit_utility"": -0.22521185874938965, ""crossfit_utility_positive"": false, ""full_batch_cur_after"": 4.458579063415527, ""full_batch_cur_before"": 4.470124244689941, ""full_batch_gain"": 0.011545181274414062, ""full_batch_harm"": -0.015613581985235214, ""full_batch_harm_lcb"": -0.015942244657780977, ""full_batch_harm_se"": 0.0001676850370131433, ""full_batch_harm_ucb"": -0.015284919312689453, ""full_batch_safe"": true}, ""adapter_2"": {""crossfit_feasible"": true, ""crossfit_utility"": 0.020693540573120117, ""crossfit_utility_positive"": true, ""full_batch_cur_after"": 4.215660095214844, ""full_batch_cur_before"": 4.237635135650635, ""full_batch_gain"": 0.021975040435791016, ""full_batch_harm"": -0.021318089216947556, ""full_batch_harm_lcb"": -0.021754557730164378, ""full_batch_harm_se"": 0.00022268801694735885, ""full_batch_harm_ucb"": -0.020881620703730733, ""full_batch_safe"": true}, ""default"": {""crossfit_feasible"": true, ""crossfit_utility"": -0.34291863441467285, ""crossfit_utility_positive"": false, ""full_batch_cur_after"": 4.572977066040039, ""full_batch_cur_before"": 4.5794572830200195, ""full_batch_gain"": 0.006480216979980469, ""full_batch_harm"": -0.01409187912940979, ""full_batch_harm_lcb"": -0.01498253968777135, ""full_batch_harm_se"": 0.00045441865222528577, ""full_batch_harm_ucb"": -0.01320121857104823, ""full_batch_safe"": true}}, ""guarded_best_reuse"": ""adapter_2"", ""num_adapters"": 3, ""pending_after"": false, ""pending_before"": false, ""policy_version"": ""cau_v1"", ""reason"": ""safe_existing_reuse"", ""utility"": {""batch_n"": 16, ""best_reuse"": ""adapter_2"", ""best_reuse_query_after"": 4.216941595077515, ""best_reuse_utility"": 0.020693540573120117, ""budget_blocked_fresh"": false, ""defer_utility"": 0.0, ""fold_a_fresh_utility"": -0.1585221290588379, ""fold_a_query_n"": 8, ""fold_a_support_n"": 8, ""fold_b_fresh_utility"": -0.16076278686523438, ""fold_b_query_n"": 8, ""fold_b_support_n"": 8, ""fresh_advantage"": -0.18033599853515625, ""fresh_local_trainability"": 0.010259389877319336, ""fresh_positive"": false, ""fresh_query_after"": 4.397277593612671, ""fresh_query_before"": 4.40753698348999, ""fresh_utility"": -0.15964245796203613, ""max_adapters"": 8, ""reuse_profiles"": {""adapter_1"": {""feasible_both"": true, ""fold_a_harm"": -0.01572735235095024, ""fold_a_lcb"": -0.01609218374476768, ""fold_a_query_after"": 4.444723606109619, ""fold_a_utility"": -0.22994279861450195, ""fold_b_harm"": -0.015509545803070068, ""fold_b_lcb"": -0.01593289502256084, ""fold_b_query_after"": 4.48097038269043, ""fold_b_utility"": -0.22048091888427734, ""harm_lcb_max"": -0.01593289502256084, ""harm_mean"": -0.015618449077010155, ""harm_se_mean"": 0.0002010664829867892, ""harm_ucb_max"": -0.015086196583579294, ""local_trainability"": 0.007277488708496094, ""query_after"": 4.462846994400024, ""query_before"": 4.4701244831085205, ""system_utility"": -0.22521185874938965}, ""adapter_2"": {""feasible_both"": true, ""fold_a_harm"": -0.021007895469665527, ""fold_a_lcb"": -0.02144442462013103, ""fold_a_query_after"": 4.193698883056641, ""fold_a_utility"": 0.021081924438476562, ""fold_b_harm"": -0.02059607207775116, ""fold_b_lcb"": -0.021066437896806747, ""fold_b_query_after"": 4.240184307098389, ""fold_b_utility"": 0.020305156707763672, ""harm_lcb_max"": -0.021066437896806747, ""harm_mean"": -0.020801983773708344, ""harm_se_mean"": 0.0002313507575308904, ""harm_ucb_max"": -0.020125706258695572, ""local_trainability"": 0.020693540573120117, ""query_after"": 4.216941595077515, ""query_before"": 4.237635135650635, ""system_utility"": 0.020693540573120117}, ""default"": {""feasible_both"": true, ""fold_a_harm"": -0.014262601733207703, ""fold_a_lcb"": -0.015150244233664125, ""fold_a_query_after"": 4.556784629821777, ""fold_a_utility"": -0.34200382232666016, ""fold_b_harm"": -0.014374833554029465, ""fold_b_lcb"": -0.015260136586148292, ""fold_b_query_after"": 4.604322910308838, ""fold_b_utility"": -0.34383344650268555, ""harm_lcb_max"": -0.015150244233664125, ""harm_mean"": -0.014318717643618584, ""harm_se_mean"": 0.0004522820236161351, ""harm_ucb_max"": -0.01337495923275128, ""local_trainability"": -0.0010967254638671875, ""query_after"": 4.580553770065308, ""query_before"": 4.57945704460144, ""system_utility"": -0.34291863441467285}}, ""status"": ""ok"", ""statusquo_loss"": 4.237635135650635, ""total_memory_budget"": 512}, ""utility_status"": ""ok""}"
59,C1,C,1,adapter_2,reuse,safe_existing_reuse,4.216975212097168,3,True,442368,1949415,0,69404468,59213,1421136,500,31.89789958484471,484296192,0.0,25.941249708877876,3.8732888700906187,512,510,4.220056772232056,-0.17429661750793457,0.019812822341918945,-0.19410943984985352,False,,"{""best_reuse"": ""adapter_2"", ""best_reuse_utility"": 0.019812822341918945, ""decision"": ""reuse"", ""fresh_advantage"": -0.19410943984985352, ""fresh_positive"": false, ""fresh_utility"": -0.17429661750793457, ""full_batch_guards"": {""adapter_1"": {""crossfit_feasible"": true, ""crossfit_utility"": -0.24796319007873535, ""crossfit_utility_positive"": false, ""full_batch_cur_after"": 4.463711738586426, ""full_batch_cur_before"": 4.474621772766113, ""full_batch_gain"": 0.0109100341796875, ""full_batch_harm"": -0.015451978892087936, ""full_batch_harm_lcb"": -0.01583924418548122, ""full_batch_harm_se"": 0.00019758433336392045, ""full_batch_harm_ucb"": -0.015064713598694652, ""full_batch_safe"": true}, ""adapter_2"": {""crossfit_feasible"": true, ""crossfit_utility"": 0.019812822341918945, ""crossfit_utility_positive"": true, ""full_batch_cur_after"": 4.19917106628418, ""full_batch_cur_before"": 4.220056533813477, ""full_batch_gain"": 0.020885467529296875, ""full_batch_harm"": -0.020989108830690384, ""full_batch_harm_lcb"": -0.02132340837153606, ""full_batch_harm_se"": 0.00017056099022738636, ""full_batch_harm_ucb"": -0.020654809289844707, ""full_batch_safe"": true}, ""default"": {""crossfit_feasible"": true, ""crossfit_utility"": -0.3618752956390381, ""crossfit_utility_positive"": false, ""full_batch_cur_after"": 4.576013565063477, ""full_batch_cur_before"": 4.582683086395264, ""full_batch_gain"": 0.006669521331787109, ""full_batch_harm"": -0.014175813645124435, ""full_batch_harm_lcb"": -0.015065135449403896, ""full_batch_harm_se"": 0.0004537356144282967, ""full_batch_harm_ucb"": -0.013286491840844974, ""full_batch_safe"": true}}, ""guarded_best_reuse"": ""adapter_2"", ""num_adapters"": 3, ""pending_after"": false, ""pending_before"": false, ""policy_version"": ""cau_v1"", ""reason"": ""safe_existing_reuse"", ""utility"": {""batch_n"": 16, ""best_reuse"": ""adapter_2"", ""best_reuse_query_after"": 4.200243949890137, ""best_reuse_utility"": 0.019812822341918945, ""budget_blocked_fresh"": false, ""defer_utility"": 0.0, ""fold_a_fresh_utility"": -0.179351806640625, ""fold_a_query_n"": 8, ""fold_a_support_n"": 8, ""fold_b_fresh_utility"": -0.16924142837524414, ""fold_b_query_n"": 8, ""fold_b_support_n"": 8, ""fresh_advantage"": -0.19410943984985352, ""fresh_local_trainability"": 0.013513565063476562, ""fresh_positive"": false, ""fresh_query_after"": 4.39435338973999, ""fresh_query_before"": 4.407866954803467, ""fresh_utility"": -0.17429661750793457, ""max_adapters"": 8, ""reuse_profiles"": {""adapter_1"": {""feasible_both"": true, ""fold_a_harm"": -0.015652574598789215, ""fold_a_lcb"": -0.016121907958877274, ""fold_a_query_after"": 4.470851421356201, ""fold_a_utility"": -0.2556796073913574, ""fold_b_harm"": -0.015325475484132767, ""fold_b_lcb"": -0.01577958404610399, ""fold_b_query_after"": 4.465188503265381, ""fold_b_utility"": -0.24024677276611328, ""harm_lcb_max"": -0.01577958404610399, ""harm_mean"": -0.015489025041460991, ""harm_se_mean"": 0.00023557191889267415, ""harm_ucb_max"": -0.014871366922161542, ""local_trainability"": 0.006601810455322266, ""query_after"": 4.468019962310791, ""query_before"": 4.474621772766113, ""system_utility"": -0.24796319007873535}, ""adapter_2"": {""feasible_both"": true, ""fold_a_harm"": -0.020560674369335175, ""fold_a_lcb"": -0.020875655356212518, ""fold_a_query_after"": 4.195180892944336, ""fold_a_utility"": 0.019990921020507812, ""fold_b_harm"": -0.020675748586654663, ""fold_b_lcb"": -0.02110037446836941, ""fold_b_query_after"": 4.2053070068359375, ""fold_b_utility"": 0.019634723663330078, ""harm_lcb_max"": -0.020875655356212518, ""harm_mean"": -0.02061821147799492, ""harm_se_mean"": 0.00018867522157961503, ""harm_ucb_max"": -0.02024569338245783, ""local_trainability"": 0.019812822341918945, ""query_after"": 4.200243949890137, ""query_before"": 4.220056772232056, ""system_utility"": 0.019812822341918945}, ""default"": {""feasible_both"": true, ""fold_a_harm"": -0.014342337846755981, ""fold_a_lcb"": -0.015227512188721449, ""fold_a_query_after"": 4.580480575561523, ""fold_a_utility"": -0.3653087615966797, ""fold_b_harm"": -0.014301575720310211, ""fold_b_lcb"": -0.015188814580906183, ""fold_b_query_after"": 4.583383560180664, ""fold_b_utility"": -0.3584418296813965, ""harm_lcb_max"": -0.015188814580906183, ""harm_mean"": -0.014321956783533096, ""harm_se_mean"": 0.000452146225143224, ""harm_ucb_max"": -0.01341433685971424, ""local_trainability"": 0.0007512569427490234, ""query_after"": 4.581932067871094, ""query_before"": 4.582683324813843, ""system_utility"": -0.3618752956390381}}, ""status"": ""ok"", ""statusquo_loss"": 4.220056772232056, ""total_memory_budget"": 512}, ""utility_status"": ""ok""}"
60,C1,C,1,adapter_2,reuse,safe_existing_reuse,4.190874099731445,3,True,442368,1949415,0,69404468,59213,1421136,510,32.72304747882299,484296192,0.0,26.758474346715957,3.8732888700906187,512,510,4.184298515319824,-0.19825315475463867,0.02088308334350586,-0.21913623809814453,False,,"{""best_reuse"": ""adapter_2"", ""best_reuse_utility"": 0.02088308334350586, ""decision"": ""reuse"", ""fresh_advantage"": -0.21913623809814453, ""fresh_positive"": false, ""fresh_utility"": -0.19825315475463867, ""full_batch_guards"": {""adapter_1"": {""crossfit_feasible"": true, ""crossfit_utility"": -0.26648855209350586, ""crossfit_utility_positive"": false, ""full_batch_cur_after"": 4.447840690612793, ""full_batch_cur_before"": 4.4596476554870605, ""full_batch_gain"": 0.011806964874267578, ""full_batch_harm"": -0.01562001183629036, ""full_batch_harm_lcb"": -0.015955996470875106, ""full_batch_harm_se"": 0.0001714207319309935, ""full_batch_harm_ucb"": -0.015284027201705613, ""full_batch_safe"": true}, ""adapter_2"": {""crossfit_feasible"": true, ""crossfit_utility"": 0.02088308334350586, ""crossfit_utility_positive"": true, ""full_batch_cur_after"": 4.162503242492676, ""full_batch_cur_before"": 4.184298515319824, ""full_batch_gain"": 0.021795272827148438, ""full_batch_harm"": -0.020998265594244003, ""full_batch_harm_lcb"": -0.021363374590291643, ""full_batch_harm_se"": 0.00018628010002430528, ""full_batch_harm_ucb"": -0.020633156598196364, ""full_batch_safe"": true}, ""default"": {""crossfit_feasible"": true, ""crossfit_utility"": -0.38631439208984375, ""crossfit_utility_positive"": false, ""full_batch_cur_after"": 4.565158843994141, ""full_batch_cur_before"": 4.571688175201416, ""full_batch_gain"": 0.006529331207275391, ""full_batch_harm"": -0.014028646051883698, ""full_batch_harm_lcb"": -0.014920339211821556, ""full_batch_harm_se"": 0.00045494548976421356, ""full_batch_harm_ucb"": -0.013136952891945839, ""full_batch_safe"": true}}, ""guarded_best_reuse"": ""adapter_2"", ""num_adapters"": 3, ""pending_after"": false, ""pending_before"": false, ""policy_version"": ""cau_v1"", ""reason"": ""safe_existing_reuse"", ""utility"": {""batch_n"": 16, ""best_reuse"": ""adapter_2"", ""best_reuse_query_after"": 4.163415431976318, ""best_reuse_utility"": 0.02088308334350586, ""budget_blocked_fresh"": false, ""defer_utility"": 0.0, ""fold_a_fresh_utility"": -0.19510364532470703, ""fold_a_query_n"": 8, ""fold_a_support_n"": 8, ""fold_b_fresh_utility"": -0.2014026641845703, ""fold_b_query_n"": 8, ""fold_b_support_n"": 8, ""fresh_advantage"": -0.21913623809814453, ""fresh_local_trainability"": 0.013986825942993164, ""fresh_positive"": false, ""fresh_query_after"": 4.382551670074463, ""fresh_query_before"": 4.396538496017456, ""fresh_utility"": -0.19825315475463867, ""max_adapters"": 8, ""reuse_profiles"": {""adapter_1"": {""feasible_both"": true, ""fold_a_harm"": -0.015625644475221634, ""fold_a_lcb"": -0.01600845963344909, ""fold_a_query_after"": 4.409889221191406, ""fold_a_utility"": -0.26410675048828125, ""fold_b_harm"": -0.01558169350028038, ""fold_b_lcb"": -0.016075494617689402, ""fold_b_query_after"": 4.491684913635254, ""fold_b_utility"": -0.26887035369873047, ""harm_lcb_max"": -0.01600845963344909, ""harm_mean"": -0.015603668987751007, ""harm_se_mean"": 0.00022362660092767328, ""harm_ucb_max"": -0.01508789238287136, ""local_trainability"": 0.00886082649230957, ""query_after"": 4.45078706741333, ""query_before"": 4.45964789390564, ""system_utility"": -0.26648855209350586}, ""adapter_2"": {""feasible_both"": true, ""fold_a_harm"": -0.020849015563726425, ""fold_a_lcb"": -0.02118013949249871, ""fold_a_query_after"": 4.124755859375, ""fold_a_utility"": 0.021026611328125, ""fold_b_harm"": -0.020377308130264282, ""fold_b_lcb"": -0.020769457032438366, ""fold_b_query_after"": 4.202075004577637, ""fold_b_utility"": 0.02073955535888672, ""harm_lcb_max"": -0.020769457032438366, ""harm_mean"": -0.020613161846995354, ""harm_se_mean"": 0.00018450837524142116, ""harm_ucb_max"": -0.0199851592280902, ""local_trainability"": 0.02088308334350586, ""query_after"": 4.163415431976318, ""query_before"": 4.184298515319824, ""system_utility"": 0.02088308334350586}, ""default"": {""feasible_both"": true, ""fold_a_harm"": -0.014210935682058334, ""fold_a_lcb"": -0.015099714032839984, ""fold_a_query_after"": 4.528097152709961, ""fold_a_utility"": -0.38231468200683594, ""fold_b_harm"": -0.014297783374786377, ""fold_b_lcb"": -0.015184782994911074, ""fold_b_query_after"": 4.613128662109375, ""fold_b_utility"": -0.39031410217285156, ""harm_lcb_max"": -0.015099714032839984, ""harm_mean"": -0.014254359528422356, ""harm_se_mean"": 0.00045300458441488445, ""harm_ucb_max"": -0.013322157331276684, ""local_trainability"": 0.0010752677917480469, ""query_after"": 4.570612907409668, ""query_before"": 4.571688175201416, ""system_utility"": -0.38631439208984375}}, ""status"": ""ok"", ""statusquo_loss"": 4.184298515319824, ""total_memory_budget"": 512}, ""utility_status"": ""ok""}"
61,C1,C,1,adapter_2,reuse,safe_existing_reuse,4.178786277770996,3,True,442368,1949415,0,69404468,59213,1421136,510,33.52433395385742,484296192,0.0,27.552505501778796,3.8732888700906187,512,510,4.202424049377441,-0.21541762351989746,0.02021479606628418,-0.23563241958618164,False,,"{""best_reuse"": ""adapter_2"", ""best_reuse_utility"": 0.02021479606628418, ""decision"": ""reuse"", ""fresh_advantage"": -0.23563241958618164, ""fresh_positive"": false, ""fresh_utility"": -0.21541762351989746, ""full_batch_guards"": {""adapter_1"": {""crossfit_feasible"": true, ""crossfit_utility"": -0.2911722660064697, ""crossfit_utility_positive"": false, ""full_batch_cur_after"": 4.489691734313965, ""full_batch_cur_before"": 4.500838279724121, ""full_batch_gain"": 0.01114654541015625, ""full_batch_harm"": -0.015287201851606369, ""full_batch_harm_lcb"": -0.01583134118351154, ""full_batch_harm_se"": 0.0002776221081148833, ""full_batch_harm_ucb"": -0.014743062519701198, ""full_batch_safe"": true}, ""adapter_2"": {""crossfit_feasible"": true, ""crossfit_utility"": 0.02021479606628418, ""crossfit_utility_positive"": true, ""full_batch_cur_after"": 4.181429386138916, ""full_batch_cur_before"": 4.202424049377441, ""full_batch_gain"": 0.02099466323852539, ""full_batch_harm"": -0.02051246538758278, ""full_batch_harm_lcb"": -0.020796546191559174, ""full_batch_harm_se"": 0.00014493918570224196, ""full_batch_harm_ucb"": -0.020228384583606384, ""full_batch_safe"": true}, ""default"": {""crossfit_feasible"": true, ""crossfit_utility"": -0.4038388729095459, ""crossfit_utility_positive"": false, ""full_batch_cur_after"": 4.601312637329102, ""full_batch_cur_before"": 4.609249114990234, ""full_batch_gain"": 0.007936477661132812, ""full_batch_harm"": -0.014271028339862823, ""full_batch_harm_lcb"": -0.01515820148633793, ""full_batch_harm_se"": 0.0004526393604464829, ""full_batch_harm_ucb"": -0.013383855193387717, ""full_batch_safe"": true}}, ""guarded_best_reuse"": ""adapter_2"", ""num_adapters"": 3, ""pending_after"": false, ""pending_before"": false, ""policy_version"": ""cau_v1"", ""reason"": ""safe_existing_reuse"", ""utility"": {""batch_n"": 16, ""best_reuse"": ""adapter_2"", ""best_reuse_query_after"": 4.182209253311157, ""best_reuse_utility"": 0.02021479606628418, ""budget_blocked_fresh"": false, ""defer_utility"": 0.0, ""fold_a_fresh_utility"": -0.21918439865112305, ""fold_a_query_n"": 8, ""fold_a_support_n"": 8, ""fold_b_fresh_utility"": -0.21165084838867188, ""fold_b_query_n"": 8, ""fold_b_support_n"": 8, ""fresh_advantage"": -0.23563241958618164, ""fresh_local_trainability"": 0.01691746711730957, ""fresh_positive"": false, ""fresh_query_after"": 4.417841672897339, ""fresh_query_before"": 4.434759140014648, ""fresh_utility"": -0.21541762351989746, ""max_adapters"": 8, ""reuse_profiles"": {""adapter_1"": {""feasible_both"": true, ""fold_a_harm"": -0.015436019748449326, ""fold_a_lcb"": -0.015972015092847867, ""fold_a_query_after"": 4.4877495765686035, ""fold_a_utility"": -0.2972722053527832, ""fold_b_harm"": -0.01531989499926567, ""fold_b_lcb"": -0.015881764537189157, ""fold_b_query_after"": 4.499443054199219, ""fold_b_utility"": -0.28507232666015625, ""harm_lcb_max"": -0.015881764537189157, ""harm_mean"": -0.015377957373857498, ""harm_se_mean"": 0.0002800675720209256, ""harm_ucb_max"": -0.014758025461342186, ""local_trainability"": 0.0072422027587890625, ""query_after"": 4.493596315383911, ""query_before"": 4.5008385181427, ""system_utility"": -0.2911722660064697}, ""adapter_2"": {""feasible_both"": true, ""fold_a_harm"": -0.02024248242378235, ""fold_a_lcb"": -0.020553982786950656, ""fold_a_query_after"": 4.170348167419434, ""fold_a_utility"": 0.02012920379638672, ""fold_b_harm"": -0.020322341471910477, ""fold_b_lcb"": -0.020608853898011148, ""fold_b_query_after"": 4.194070339202881, ""fold_b_utility"": 0.02030038833618164, ""harm_lcb_max"": -0.020553982786950656, ""harm_mean"": -0.020282411947846413, ""harm_se_mean"": 0.0001525542829767801, ""harm_ucb_max"": -0.01993098206061404, ""local_trainability"": 0.02021479606628418, ""query_after"": 4.182209253311157, ""query_before"": 4.202424049377441, ""system_utility"": 0.02021479606628418}, ""default"": {""feasible_both"": true, ""fold_a_harm"": -0.01438950002193451, ""fold_a_lcb"": -0.015274376197485253, ""fold_a_query_after"": 4.597871780395508, ""fold_a_utility"": -0.4073944091796875, ""fold_b_harm"": -0.01438620314002037, ""fold_b_lcb"": -0.015271289007505401, ""fold_b_query_after"": 4.614654064178467, ""fold_b_utility"": -0.4002833366394043, ""harm_lcb_max"": -0.015271289007505401, ""harm_mean"": -0.01438785158097744, ""harm_se_mean"": 0.0004515209293458611, ""harm_ucb_max"": -0.01350111727253534, ""local_trainability"": 0.002985715866088867, ""query_after"": 4.606262922286987, ""query_before"": 4.609248638153076, ""system_utility"": -0.4038388729095459}}, ""status"": ""ok"", ""statusquo_loss"": 4.202424049377441, ""total_memory_budget"": 512}, ""utility_status"": ""ok""}"
62,C1,C,1,adapter_2,reuse,safe_existing_reuse,4.1571946144104,3,True,442368,1949415,0,69404468,59213,1421136,510,34.297494197962806,484296192,0.0,28.31881419592537,3.8732888700906187,512,510,4.161530494689941,-0.2378096580505371,0.020288467407226562,-0.25809812545776367,False,,"{""best_reuse"": ""adapter_2"", ""best_reuse_utility"": 0.020288467407226562, ""decision"": ""reuse"", ""fresh_advantage"": -0.25809812545776367, ""fresh_positive"": false, ""fresh_utility"": -0.2378096580505371, ""full_batch_guards"": {""adapter_1"": {""crossfit_feasible"": true, ""crossfit_utility"": -0.3067333698272705, ""crossfit_utility_positive"": false, ""full_batch_cur_after"": 4.464349746704102, ""full_batch_cur_before"": 4.475259780883789, ""full_batch_gain"": 0.0109100341796875, ""full_batch_harm"": -0.015425793826580048, ""full_batch_harm_lcb"": -0.015907362648285926, ""full_batch_harm_se"": 0.0002456983784213662, ""full_batch_harm_ucb"": -0.014944225004874169, ""full_batch_safe"": true}, ""adapter_2"": {""crossfit_feasible"": true, ""crossfit_utility"": 0.020288467407226562, ""crossfit_utility_positive"": true, ""full_batch_cur_after"": 4.140450954437256, ""full_batch_cur_before"": 4.161530494689941, ""full_batch_gain"": 0.021079540252685547, ""full_batch_harm"": -0.020870935171842575, ""full_batch_harm_lcb"": -0.021160463973064907, ""full_batch_harm_se"": 0.00014771877613384277, ""full_batch_harm_ucb"": -0.020581406370620243, ""full_batch_safe"": true}, ""default"": {""crossfit_feasible"": true, ""crossfit_utility"": -0.42380428314208984, ""crossfit_utility_positive"": false, ""full_batch_cur_after"": 4.5801897048950195, ""full_batch_cur_before"": 4.586236000061035, ""full_batch_gain"": 0.006046295166015625, ""full_batch_harm"": -0.014052845537662506, ""full_batch_harm_lcb"": -0.014943755033891648, ""full_batch_harm_se"": 0.00045454566134139895, ""full_batch_harm_ucb"": -0.013161936041433364, ""full_batch_safe"": true}}, ""guarded_best_reuse"": ""adapter_2"", ""num_adapters"": 3, ""pending_after"": false, ""pending_before"": false, ""policy_version"": ""cau_v1"", ""reason"": ""safe_existing_reuse"", ""utility"": {""batch_n"": 16, ""best_reuse"": ""adapter_2"", ""best_reuse_query_after"": 4.141242027282715, ""best_reuse_utility"": 0.020288467407226562, ""budget_blocked_fresh"": false, ""defer_utility"": 0.0, ""fold_a_fresh_utility"": -0.24358320236206055, ""fold_a_query_n"": 8, ""fold_a_support_n"": 8, ""fold_b_fresh_utility"": -0.23203611373901367, ""fold_b_query_n"": 8, ""fold_b_support_n"": 8, ""fresh_advantage"": -0.25809812545776367, ""fresh_local_trainability"": 0.013164281845092773, ""fresh_positive"": false, ""fresh_query_after"": 4.3993401527404785, ""fresh_query_before"": 4.412504434585571, ""fresh_utility"": -0.2378096580505371, ""max_adapters"": 8, ""reuse_profiles"": {""adapter_1"": {""feasible_both"": true, ""fold_a_harm"": -0.015624277293682098, ""fold_a_lcb"": -0.016135701660532506, ""fold_a_query_after"": 4.441871166229248, ""fold_a_utility"": -0.31298398971557617, ""fold_b_harm"": -0.015446081757545471, ""fold_b_lcb"": -0.01594545682426542, ""fold_b_query_after"": 4.494656562805176, ""fold_b_utility"": -0.30048274993896484, ""harm_lcb_max"": -0.01594545682426542, ""harm_mean"": -0.015535179525613785, ""harm_se_mean"": 0.0002578569983597845, ""harm_ucb_max"": -0.014946706690825522, ""local_trainability"": 0.006995439529418945, ""query_after"": 4.468263864517212, ""query_before"": 4.475259304046631, ""system_utility"": -0.3067333698272705}, ""adapter_2"": {""feasible_both"": true, ""fold_a_harm"": -0.02032359689474106, ""fold_a_lcb"": -0.020592000745236875, ""fold_a_query_after"": 4.1083574295043945, ""fold_a_utility"": 0.020529747009277344, ""fold_b_harm"": -0.020777441561222076, ""fold_b_lcb"": -0.02112868527707178, ""fold_b_query_after"": 4.174126625061035, ""fold_b_utility"": 0.02004718780517578, ""harm_lcb_max"": -0.020592000745236875, ""harm_mean"": -0.020550519227981567, ""harm_se_mean"": 0.00015807335876161233, ""harm_ucb_max"": -0.020055193044245242, ""local_trainability"": 0.020288467407226562, ""query_after"": 4.141242027282715, ""query_before"": 4.161530494689941, ""system_utility"": 0.020288467407226562}, ""default"": {""feasible_both"": true, ""fold_a_harm"": -0.014320693910121918, ""fold_a_lcb"": -0.015207254637498408, ""fold_a_query_after"": 4.558042049407959, ""fold_a_utility"": -0.4291548728942871, ""fold_b_harm"": -0.014151811599731445, ""fold_b_lcb"": -0.015042488985927775, ""fold_b_query_after"": 4.6126275062561035, ""fold_b_utility"": -0.4184536933898926, ""harm_lcb_max"": -0.015042488985927775, ""harm_mean"": -0.014236252754926682, ""harm_se_mean"": 0.00045337706978898495, ""harm_ucb_max"": -0.013261134213535116, ""local_trainability"": 0.0009009838104248047, ""query_after"": 4.585334777832031, ""query_before"": 4.586235761642456, ""system_utility"": -0.42380428314208984}}, ""status"": ""ok"", ""statusquo_loss"": 4.161530494689941, ""total_memory_budget"": 512}, ""utility_status"": ""ok""}"
63,C1,C,1,adapter_2,reuse,safe_existing_reuse,4.119586944580078,3,True,442368,1949415,0,69404468,59213,1421136,510,35.10578659782186,484296192,0.0,29.120007808087394,3.8732888700906187,512,510,4.135712623596191,-0.26248908042907715,0.02008652687072754,-0.2825756072998047,False,,"{""best_reuse"": ""adapter_2"", ""best_reuse_utility"": 0.02008652687072754, ""decision"": ""reuse"", ""fresh_advantage"": -0.2825756072998047, ""fresh_positive"": false, ""fresh_utility"": -0.26248908042907715, ""full_batch_guards"": {""adapter_1"": {""crossfit_feasible"": true, ""crossfit_utility"": -0.3336668014526367, ""crossfit_utility_positive"": false, ""full_batch_cur_after"": 4.463560581207275, ""full_batch_cur_before"": 4.474498748779297, ""full_batch_gain"": 0.010938167572021484, ""full_batch_harm"": -0.015401948243379593, ""full_batch_harm_lcb"": -0.015898038630839436, ""full_batch_harm_se"": 0.0002531073405407369, ""full_batch_harm_ucb"": -0.014905857855919748, ""full_batch_safe"": true}, ""adapter_2"": {""crossfit_feasible"": true, ""crossfit_utility"": 0.02008652687072754, ""crossfit_utility_positive"": true, ""full_batch_cur_after"": 4.114649295806885, ""full_batch_cur_before"": 4.135712146759033, ""full_batch_gain"": 0.021062850952148438, ""full_batch_harm"": -0.020863275974988937, ""full_batch_harm_lcb"": -0.021108012673794294, ""full_batch_harm_se"": 0.00012486566265579313, ""full_batch_harm_ucb"": -0.02061853927618358, ""full_batch_safe"": true}, ""default"": {""crossfit_feasible"": true, ""crossfit_utility"": -0.4489598274230957, ""crossfit_utility_positive"": false, ""full_batch_cur_after"": 4.578247547149658, ""full_batch_cur_before"": 4.584848403930664, ""full_batch_gain"": 0.006600856781005859, ""full_batch_harm"": -0.01403125748038292, ""full_batch_harm_lcb"": -0.014923690551659092, ""full_batch_harm_se"": 0.00045532299554906785, ""full_batch_harm_ucb"": -0.013138824409106747, ""full_batch_safe"": true}}, ""guarded_best_reuse"": ""adapter_2"", ""num_adapters"": 3, ""pending_after"": false, ""pending_before"": false, ""policy_version"": ""cau_v1"", ""reason"": ""safe_existing_reuse"", ""utility"": {""batch_n"": 16, ""best_reuse"": ""adapter_2"", ""best_reuse_query_after"": 4.115626096725464, ""best_reuse_utility"": 0.02008652687072754, ""budget_blocked_fresh"": false, ""defer_utility"": 0.0, ""fold_a_fresh_utility"": -0.2581291198730469, ""fold_a_query_n"": 8, ""fold_a_support_n"": 8, ""fold_b_fresh_utility"": -0.2668490409851074, ""fold_b_query_n"": 8, ""fold_b_support_n"": 8, ""fresh_advantage"": -0.2825756072998047, ""fresh_local_trainability"": 0.01275181770324707, ""fresh_positive"": false, ""fresh_query_after"": 4.3982017040252686, ""fresh_query_before"": 4.410953521728516, ""fresh_utility"": -0.26248908042907715, ""max_adapters"": 8, ""reuse_profiles"": {""adapter_1"": {""feasible_both"": true, ""fold_a_harm"": -0.015575915575027466, ""fold_a_lcb"": -0.016073170277522877, ""fold_a_query_after"": 4.45407247543335, ""fold_a_utility"": -0.32864809036254883, ""fold_b_harm"": -0.01557699590921402, ""fold_b_lcb"": -0.016074629152426495, ""fold_b_query_after"": 4.484686374664307, ""fold_b_utility"": -0.3386855125427246, ""harm_lcb_max"": -0.016073170277522877, ""harm_mean"": -0.015576455742120743, ""harm_se_mean"": 0.00025379794533364475, ""harm_ucb_max"": -0.015078660872532054, ""local_trainability"": 0.0051190853118896484, ""query_after"": 4.469379425048828, ""query_before"": 4.474498510360718, ""system_utility"": -0.3336668014526367}, ""adapter_2"": {""feasible_both"": true, ""fold_a_harm"": -0.020447298884391785, ""fold_a_lcb"": -0.020704675540328024, ""fold_a_query_after"": 4.105168342590332, ""fold_a_utility"": 0.02025604248046875, ""fold_b_harm"": -0.020295578986406326, ""fold_b_lcb"": -0.020610924795037136, ""fold_b_query_after"": 4.126083850860596, ""fold_b_utility"": 0.019917011260986328, ""harm_lcb_max"": -0.020610924795037136, ""harm_mean"": -0.020371438935399055, ""harm_se_mean"": 0.0001461026695324108, ""harm_ucb_max"": -0.019980233177775517, ""local_trainability"": 0.02008652687072754, ""query_after"": 4.115626096725464, ""query_before"": 4.135712623596191, ""system_utility"": 0.02008652687072754}, ""default"": {""feasible_both"": true, ""fold_a_harm"": -0.014245342463254929, ""fold_a_lcb"": -0.015133440570207313, ""fold_a_query_after"": 4.568497657775879, ""fold_a_utility"": -0.4430732727050781, ""fold_b_harm"": -0.014283712953329086, ""fold_b_lcb"": -0.015172161136288196, ""fold_b_query_after"": 4.600847244262695, ""fold_b_utility"": -0.4548463821411133, ""harm_lcb_max"": -0.015133440570207313, ""harm_mean"": -0.014264527708292007, ""harm_se_mean"": 0.0004532005841610953, ""harm_ucb_max"": -0.013357244356302544, ""local_trainability"": 0.00017547607421875, ""query_after"": 4.584672451019287, ""query_before"": 4.584847927093506, ""system_utility"": -0.4489598274230957}}, ""status"": ""ok"", ""statusquo_loss"": 4.135712623596191, ""total_memory_budget"": 512}, ""utility_status"": ""ok""}"
64,C1,C,1,adapter_2,reuse,safe_existing_reuse,4.100632190704346,3,True,442368,1949415,0,69404468,59213,1421136,510,36.00729957292788,484296192,0.0,30.014373666141182,3.8732888700906187,512,510,4.102515183962309,-0.28009278957660383,0.02002862783578726,-0.30012141741239107,False,,"{""best_reuse"": ""adapter_2"", ""best_reuse_utility"": 0.02002862783578726, ""decision"": ""reuse"", ""fresh_advantage"": -0.30012141741239107, ""fresh_positive"": false, ""fresh_utility"": -0.28009278957660383, ""full_batch_guards"": {""adapter_1"": {""crossfit_feasible"": true, ""crossfit_utility"": -0.3484906783470741, ""crossfit_utility_positive"": false, ""full_batch_cur_after"": 4.446514129638672, ""full_batch_cur_before"": 4.457715034484863, ""full_batch_gain"": 0.011200904846191406, ""full_batch_harm"": -0.01562567800283432, ""full_batch_harm_lcb"": -0.01595995176001452, ""full_batch_harm_se"": 0.0001705478352960199, ""full_batch_harm_ucb"": -0.015291404245654122, ""full_batch_safe"": true}, ""adapter_2"": {""crossfit_feasible"": true, ""crossfit_utility"": 0.02002862783578726, ""crossfit_utility_positive"": true, ""full_batch_cur_after"": 4.081442356109619, ""full_batch_cur_before"": 4.10251522064209, ""full_batch_gain"": 0.021072864532470703, ""full_batch_harm"": -0.02072792500257492, ""full_batch_harm_lcb"": -0.02102482359681744, ""full_batch_harm_se"": 0.00015147887461353093, ""full_batch_harm_ucb"": -0.0204310264083324, ""full_batch_safe"": true}, ""default"": {""crossfit_feasible"": true, ""crossfit_utility"": -0.4654492231515738, ""crossfit_utility_positive"": false, ""full_batch_cur_after"": 4.561099529266357, ""full_batch_cur_before"": 4.567819595336914, ""full_batch_gain"": 0.006720066070556641, ""full_batch_harm"": -0.014141399413347244, ""full_batch_harm_lcb"": -0.015030749454163016, ""full_batch_harm_se"": 0.00045375002082437277, ""full_batch_harm_ucb"": -0.013252049372531473, ""full_batch_safe"": true}}, ""guarded_best_reuse"": ""adapter_2"", ""num_adapters"": 3, ""pending_after"": false, ""pending_before"": false, ""policy_version"": ""cau_v1"", ""reason"": ""safe_existing_reuse"", ""utility"": {""batch_n"": 13, ""best_reuse"": ""adapter_2"", ""best_reuse_query_after"": 4.082486556126521, ""best_reuse_utility"": 0.02002862783578726, ""budget_blocked_fresh"": false, ""defer_utility"": 0.0, ""fold_a_fresh_utility"": -0.2876152992248535, ""fold_a_query_n"": 6, ""fold_a_support_n"": 7, ""fold_b_fresh_utility"": -0.27364492416381836, ""fold_b_query_n"": 7, ""fold_b_support_n"": 6, ""fresh_advantage"": -0.30012141741239107, ""fresh_local_trainability"": 0.011176696190467248, ""fresh_positive"": false, ""fresh_query_after"": 4.382607973538912, ""fresh_query_before"": 4.39378466972938, ""fresh_utility"": -0.28009278957660383, ""max_adapters"": 8, ""reuse_profiles"": {""adapter_1"": {""feasible_both"": true, ""fold_a_harm"": -0.01579032838344574, ""fold_a_lcb"": -0.01614974526455626, ""fold_a_query_after"": 4.493514537811279, ""fold_a_utility"": -0.35919904708862305, ""fold_b_harm"": -0.015493299812078476, ""fold_b_lcb"": -0.016002060304163023, ""fold_b_query_after"": 4.414569854736328, ""fold_b_utility"": -0.3393120765686035, ""harm_lcb_max"": -0.016002060304163023, ""harm_mean"": -0.015641814097762108, ""harm_se_mean"": 0.00022147381969261914, ""harm_ucb_max"": -0.014984539319993929, ""local_trainability"": 0.00670928221482497, ""query_after"": 4.451005862309382, ""query_before"": 4.457715144524207, ""system_utility"": -0.3484906783470741}, ""adapter_2"": {""feasible_both"": true, ""fold_a_harm"": -0.020268186926841736, ""fold_a_lcb"": -0.020565242134034635, ""fold_a_query_after"": 4.114173889160156, ""fold_a_utility"": 0.0201416015625, ""fold_b_harm"": -0.02037433534860611, ""fold_b_lcb"": -0.02071929267025553, ""fold_b_query_after"": 4.055325984954834, ""fold_b_utility"": 0.019931793212890625, ""harm_lcb_max"": -0.020565242134034635, ""harm_mean"": -0.020321261137723923, ""harm_se_mean"": 0.00016377870633732527, ""harm_ucb_max"": -0.019971131719648837, ""local_trainability"": 0.02002862783578726, ""query_after"": 4.082486556126521, ""query_before"": 4.102515183962309, ""system_utility"": 0.02002862783578726}, ""default"": {""feasible_both"": true, ""fold_a_harm"": -0.014379624277353287, ""fold_a_lcb"": -0.015264559835195542, ""fold_a_query_after"": 4.608057498931885, ""fold_a_utility"": -0.4737420082092285, ""fold_b_harm"": -0.014346681535243988, ""fold_b_lcb"": -0.015233407175401226, ""fold_b_query_after"": 4.533598899841309, ""fold_b_utility"": -0.458341121673584, ""harm_lcb_max"": -0.015233407175401226, ""harm_mean"": -0.014363152906298637, ""harm_se_mean"": 0.00045195438724476844, ""harm_ucb_max"": -0.01345995589508675, ""local_trainability"": -0.0001453252939077524, ""query_after"": 4.567964407113882, ""query_before"": 4.567819081819975, ""system_utility"": -0.4654492231515738}}, ""status"": ""ok"", ""statusquo_loss"": 4.102515183962309, ""total_memory_budget"": 512}, ""utility_status"": ""ok""}"
65,A2,A,2,adapter_1,reuse,safe_existing_reuse,4.018942832946777,3,True,442368,1949415,0,69404468,59213,1421136,510,38.95099401893094,487975424,0.0,30.80706143914722,6.016811387147754,512,510,4.413646221160889,0.07706570625305176,0.4095802307128906,-0.33251452445983887,False,,"{""best_reuse"": ""adapter_1"", ""best_reuse_utility"": 0.4095802307128906, ""decision"": ""reuse"", ""fresh_advantage"": -0.33251452445983887, ""fresh_positive"": false, ""fresh_utility"": 0.07706570625305176, ""full_batch_guards"": {""adapter_1"": {""crossfit_feasible"": true, ""crossfit_utility"": 0.4095802307128906, ""crossfit_utility_positive"": true, ""full_batch_cur_after"": 4.003463268280029, ""full_batch_cur_before"": 4.021549701690674, ""full_batch_gain"": 0.01808643341064453, ""full_batch_harm"": -0.01681201159954071, ""full_batch_harm_lcb"": -0.017457744905259462, ""full_batch_harm_se"": 0.0003294557682238519, ""full_batch_harm_ucb"": -0.01616627829382196, ""full_batch_safe"": true}, ""adapter_2"": {""crossfit_feasible"": true, ""crossfit_utility"": 0.005732297897338867, ""crossfit_utility_positive"": true, ""full_batch_cur_after"": 4.40401554107666, ""full_batch_cur_before"": 4.413646221160889, ""full_batch_gain"": 0.009630680084228516, ""full_batch_harm"": -0.018038537353277206, ""full_batch_harm_lcb"": -0.018314881004043854, ""full_batch_harm_se"": 0.00014099165855441242, ""full_batch_harm_ucb"": -0.01776219370251056, ""full_batch_safe"": true}, ""default"": {""crossfit_feasible"": true, ""crossfit_utility"": -0.00171661376953125, ""crossfit_utility_positive"": false, ""full_batch_cur_after"": 4.412507057189941, ""full_batch_cur_before"": 4.419795513153076, ""full_batch_gain"": 0.007288455963134766, ""full_batch_harm"": -0.014739621430635452, ""full_batch_harm_lcb"": -0.015188243234297261, ""full_batch_harm_se"": 0.00022888867533765733, ""full_batch_harm_ucb"": -0.014290999626973644, ""full_batch_safe"": true}}, ""guarded_best_reuse"": ""adapter_1"", ""num_adapters"": 3, ""pending_after"": false, ""pending_before"": false, ""policy_version"": ""cau_v1"", ""reason"": ""safe_existing_reuse"", ""utility"": {""batch_n"": 16, ""best_reuse"": ""adapter_1"", ""best_reuse_query_after"": 4.004065990447998, ""best_reuse_utility"": 0.4095802307128906, ""budget_blocked_fresh"": false, ""defer_utility"": 0.0, ""fold_a_fresh_utility"": 0.07715892791748047, ""fold_a_query_n"": 8, ""fold_a_support_n"": 8, ""fold_b_fresh_utility"": 0.07697248458862305, ""fold_b_query_n"": 8, ""fold_b_support_n"": 8, ""fresh_advantage"": -0.33251452445983887, ""fresh_local_trainability"": 0.018121957778930664, ""fresh_positive"": false, ""fresh_query_after"": 4.336580514907837, ""fresh_query_before"": 4.354702472686768, ""fresh_utility"": 0.07706570625305176, ""max_adapters"": 8, ""reuse_profiles"": {""adapter_1"": {""feasible_both"": true, ""fold_a_harm"": -0.01671767234802246, ""fold_a_lcb"": -0.01734859949792735, ""fold_a_query_after"": 4.039991855621338, ""fold_a_utility"": 0.4070096015930176, ""fold_b_harm"": -0.016551591455936432, ""fold_b_lcb"": -0.01719114717794582, ""fold_b_query_after"": 3.968140125274658, ""fold_b_utility"": 0.41215085983276367, ""harm_lcb_max"": -0.01719114717794582, ""harm_mean"": -0.016634631901979446, ""harm_se_mean"": 0.00032410277344752103, ""harm_ucb_max"": -0.015912035733927042, ""local_trainability"": 0.01748371124267578, ""query_after"": 4.004065990447998, ""query_before"": 4.021549701690674, ""system_utility"": 0.4095802307128906}, ""adapter_2"": {""feasible_both"": true, ""fold_a_harm"": -0.018138572573661804, ""fold_a_lcb"": -0.01841524168616161, ""fold_a_query_after"": 4.440828800201416, ""fold_a_utility"": 0.006172657012939453, ""fold_b_harm"": -0.018253576010465622, ""fold_b_lcb"": -0.01853160438418854, ""fold_b_query_after"": 4.374999046325684, ""fold_b_utility"": 0.005291938781738281, ""harm_lcb_max"": -0.01841524168616161, ""harm_mean"": -0.018196074292063713, ""harm_se_mean"": 0.00014150446077110246, ""harm_ucb_max"": -0.017861903461162, ""local_trainability"": 0.005732297897338867, ""query_after"": 4.40791392326355, ""query_before"": 4.413646221160889, ""system_utility"": 0.005732297897338867}, ""default"": {""feasible_both"": true, ""fold_a_harm"": -0.014640741050243378, ""fold_a_lcb"": -0.01520752944983542, ""fold_a_query_after"": 4.436992645263672, ""fold_a_utility"": 0.010008811950683594, ""fold_b_harm"": -0.014862190932035446, ""fold_b_lcb"": -0.015327577023999766, ""fold_b_query_after"": 4.393733024597168, ""fold_b_utility"": -0.013442039489746094, ""harm_lcb_max"": -0.01520752944983542, ""harm_mean"": -0.014751465991139412, ""harm_se_mean"": 0.00026330981927458197, ""harm_ucb_max"": -0.014073952650651336, ""local_trainability"": 0.0044329166412353516, ""query_after"": 4.41536283493042, ""query_before"": 4.419795751571655, ""system_utility"": -0.00171661376953125}}, ""status"": ""ok"", ""statusquo_loss"": 4.413646221160889, ""total_memory_budget"": 512}, ""utility_status"": ""ok""}"
66,A2,A,2,adapter_1,reuse,safe_existing_reuse,3.9807333946228027,3,True,442368,1949415,0,69404468,59213,1421136,510,39.75913354498334,487975424,0.0,31.60796265513636,6.016811387147754,512,510,3.973187565803528,-0.33670365810394287,0.01752340793609619,-0.35422706604003906,False,,"{""best_reuse"": ""adapter_1"", ""best_reuse_utility"": 0.01752340793609619, ""decision"": ""reuse"", ""fresh_advantage"": -0.35422706604003906, ""fresh_positive"": false, ""fresh_utility"": -0.33670365810394287, ""full_batch_guards"": {""adapter_1"": {""crossfit_feasible"": true, ""crossfit_utility"": 0.01752340793609619, ""crossfit_utility_positive"": true, ""full_batch_cur_after"": 3.9548754692077637, ""full_batch_cur_before"": 3.9731874465942383, ""full_batch_gain"": 0.01831197738647461, ""full_batch_harm"": -0.016998618841171265, ""full_batch_harm_lcb"": -0.017684896333375947, ""full_batch_harm_se"": 0.0003501415776554495, ""full_batch_harm_ucb"": -0.016312341348966582, ""full_batch_safe"": true}, ""adapter_2"": {""crossfit_feasible"": true, ""crossfit_utility"": -0.4066113233566284, ""crossfit_utility_positive"": false, ""full_batch_cur_after"": 4.3745269775390625, ""full_batch_cur_before"": 4.38322639465332, ""full_batch_gain"": 0.008699417114257812, ""full_batch_harm"": -0.01787704974412918, ""full_batch_harm_lcb"": -0.01815168511297088, ""full_batch_harm_se"": 0.00014012008614372462, ""full_batch_harm_ucb"": -0.017602414375287482, ""full_batch_safe"": true}, ""default"": {""crossfit_feasible"": true, ""crossfit_utility"": -0.4293876886367798, ""crossfit_utility_positive"": false, ""full_batch_cur_after"": 4.398582935333252, ""full_batch_cur_before"": 4.405278205871582, ""full_batch_gain"": 0.006695270538330078, ""full_batch_harm"": -0.014435689896345139, ""full_batch_harm_lcb"": -0.015117195870261639, ""full_batch_harm_se"": 0.0003477071295492351, ""full_batch_harm_ucb"": -0.013754183922428638, ""full_batch_safe"": true}}, ""guarded_best_reuse"": ""adapter_1"", ""num_adapters"": 3, ""pending_after"": false, ""pending_before"": false, ""policy_version"": ""cau_v1"", ""reason"": ""safe_existing_reuse"", ""utility"": {""batch_n"": 16, ""best_reuse"": ""adapter_1"", ""best_reuse_query_after"": 3.9556641578674316, ""best_reuse_utility"": 0.01752340793609619, ""budget_blocked_fresh"": false, ""defer_utility"": 0.0, ""fold_a_fresh_utility"": -0.34158945083618164, ""fold_a_query_n"": 8, ""fold_a_support_n"": 8, ""fold_b_fresh_utility"": -0.3318178653717041, ""fold_b_query_n"": 8, ""fold_b_support_n"": 8, ""fresh_advantage"": -0.35422706604003906, ""fresh_local_trainability"": 0.014418840408325195, ""fresh_positive"": false, ""fresh_query_after"": 4.309891223907471, ""fresh_query_before"": 4.324310064315796, ""fresh_utility"": -0.33670365810394287, ""max_adapters"": 8, ""reuse_profiles"": {""adapter_1"": {""feasible_both"": true, ""fold_a_harm"": -0.016829416155815125, ""fold_a_lcb"": -0.017498514767503366, ""fold_a_query_after"": 3.9476161003112793, ""fold_a_utility"": 0.0176544189453125, ""fold_b_harm"": -0.016618210822343826, ""fold_b_lcb"": -0.017298048273660244, ""fold_b_query_after"": 3.963712215423584, ""fold_b_utility"": 0.017392396926879883, ""harm_lcb_max"": -0.017298048273660244, ""harm_mean"": -0.016723813489079475, ""harm_se_mean"": 0.000344116342603229, ""harm_ucb_max"": -0.01593837337102741, ""local_trainability"": 0.01752340793609619, ""query_after"": 3.9556641578674316, ""query_before"": 3.973187565803528, ""system_utility"": 0.01752340793609619}, ""adapter_2"": {""feasible_both"": true, ""fold_a_harm"": -0.018123067915439606, ""fold_a_lcb"": -0.018399332247208803, ""fold_a_query_after"": 4.376598358154297, ""fold_a_utility"": -0.4113278388977051, ""fold_b_harm"": -0.018147427588701248, ""fold_b_lcb"": -0.018424253799021243, ""fold_b_query_after"": 4.382999420166016, ""fold_b_utility"": -0.40189480781555176, ""harm_lcb_max"": -0.018399332247208803, ""harm_mean"": -0.018135247752070427, ""harm_se_mean"": 0.00014109452604316175, ""harm_ucb_max"": -0.01784680358367041, ""local_trainability"": 0.003427267074584961, ""query_after"": 4.379798889160156, ""query_before"": 4.383226156234741, ""system_utility"": -0.4066113233566284}, ""default"": {""feasible_both"": true, ""fold_a_harm"": -0.014601089060306549, ""fold_a_lcb"": -0.015282277530059219, ""fold_a_query_after"": 4.425555229187012, ""fold_a_utility"": -0.4602847099304199, ""fold_b_harm"": -0.014481358230113983, ""fold_b_lcb"": -0.01520986029645428, ""fold_b_query_after"": 4.3795952796936035, ""fold_b_utility"": -0.39849066734313965, ""harm_lcb_max"": -0.01520986029645428, ""harm_mean"": -0.014541223645210266, ""harm_se_mean"": 0.00035961493267677724, ""harm_ucb_max"": -0.013752856163773686, ""local_trainability"": 0.0027031898498535156, ""query_after"": 4.402575254440308, ""query_before"": 4.405278444290161, ""system_utility"": -0.4293876886367798}}, ""status"": ""ok"", ""statusquo_loss"": 3.973187565803528, ""total_memory_budget"": 512}, ""utility_status"": ""ok""}"
67,A2,A,2,adapter_1,reuse,safe_existing_reuse,3.9677863121032715,3,True,442368,1949415,0,69404468,59213,1421136,510,40.5600339199882,487975424,0.0,32.401506008114666,6.016811387147754,512,510,3.941143035888672,-0.357654333114624,0.017229318618774414,-0.37488365173339844,False,,"{""best_reuse"": ""adapter_1"", ""best_reuse_utility"": 0.017229318618774414, ""decision"": ""reuse"", ""fresh_advantage"": -0.37488365173339844, ""fresh_positive"": false, ""fresh_utility"": -0.357654333114624, ""full_batch_guards"": {""adapter_1"": {""crossfit_feasible"": true, ""crossfit_utility"": 0.017229318618774414, ""crossfit_utility_positive"": true, ""full_batch_cur_after"": 3.9227612018585205, ""full_batch_cur_before"": 3.941143035888672, ""full_batch_gain"": 0.018381834030151367, ""full_batch_harm"": -0.016967326402664185, ""full_batch_harm_lcb"": -0.017759003697428853, ""full_batch_harm_se"": 0.0004039169871248305, ""full_batch_harm_ucb"": -0.016175649107899516, ""full_batch_safe"": true}, ""adapter_2"": {""crossfit_feasible"": true, ""crossfit_utility"": -0.4230802059173584, ""crossfit_utility_positive"": false, ""full_batch_cur_after"": 4.355809688568115, ""full_batch_cur_before"": 4.364361763000488, ""full_batch_gain"": 0.008552074432373047, ""full_batch_harm"": -0.0179172120988369, ""full_batch_harm_lcb"": -0.018192863155854867, ""full_batch_harm_se"": 0.000140638294396922, ""full_batch_harm_ucb"": -0.01764156104181893, ""full_batch_safe"": true}, ""default"": {""crossfit_feasible"": true, ""crossfit_utility"": -0.46215295791625977, ""crossfit_utility_positive"": false, ""full_batch_cur_after"": 4.396905422210693, ""full_batch_cur_before"": 4.403401851654053, ""full_batch_gain"": 0.006496429443359375, ""full_batch_harm"": -0.014310833066701889, ""full_batch_harm_lcb"": -0.015087799525354058, ""full_batch_harm_se"": 0.00039641145849600434, ""full_batch_harm_ucb"": -0.01353386660804972, ""full_batch_safe"": true}}, ""guarded_best_reuse"": ""adapter_1"", ""num_adapters"": 3, ""pending_after"": false, ""pending_before"": false, ""policy_version"": ""cau_v1"", ""reason"": ""safe_existing_reuse"", ""utility"": {""batch_n"": 16, ""best_reuse"": ""adapter_1"", ""best_reuse_query_after"": 3.9239137172698975, ""best_reuse_utility"": 0.017229318618774414, ""budget_blocked_fresh"": false, ""defer_utility"": 0.0, ""fold_a_fresh_utility"": -0.36243152618408203, ""fold_a_query_n"": 8, ""fold_a_support_n"": 8, ""fold_b_fresh_utility"": -0.352877140045166, ""fold_b_query_n"": 8, ""fold_b_support_n"": 8, ""fresh_advantage"": -0.37488365173339844, ""fresh_local_trainability"": 0.0077631473541259766, ""fresh_positive"": false, ""fresh_query_after"": 4.298797369003296, ""fresh_query_before"": 4.306560516357422, ""fresh_utility"": -0.357654333114624, ""max_adapters"": 8, ""reuse_profiles"": {""adapter_1"": {""feasible_both"": true, ""fold_a_harm"": -0.01655641198158264, ""fold_a_lcb"": -0.017307100435718894, ""fold_a_query_after"": 3.9466381072998047, ""fold_a_utility"": 0.017716407775878906, ""fold_b_harm"": -0.0166424959897995, ""fold_b_lcb"": -0.017436346927424892, ""fold_b_query_after"": 3.9011893272399902, ""fold_b_utility"": 0.016742229461669922, ""harm_lcb_max"": -0.017307100435718894, ""harm_mean"": -0.01659945398569107, ""harm_se_mean"": 0.0003940151509596035, ""harm_ucb_max"": -0.01580572352744639, ""local_trainability"": 0.017229318618774414, ""query_after"": 3.9239137172698975, ""query_before"": 3.941143035888672, ""system_utility"": 0.017229318618774414}, ""adapter_2"": {""feasible_both"": true, ""fold_a_harm"": -0.018314559012651443, ""fold_a_lcb"": -0.018592205736786126, ""fold_a_query_after"": 4.392380714416504, ""fold_a_utility"": -0.4280261993408203, ""fold_b_harm"": -0.01824115589261055, ""fold_b_lcb"": -0.01851828548882622, ""fold_b_query_after"": 4.336065769195557, ""fold_b_utility"": -0.4181342124938965, ""harm_lcb_max"": -0.01851828548882622, ""harm_mean"": -0.018277857452630997, ""harm_se_mean"": 0.00014152457151794806, ""harm_ucb_max"": -0.01796402629639488, ""local_trainability"": 0.00013875961303710938, ""query_after"": 4.36422324180603, ""query_before"": 4.364362001419067, ""system_utility"": -0.4230802059173584}, ""default"": {""feasible_both"": true, ""fold_a_harm"": -0.014451593160629272, ""fold_a_lcb"": -0.015337473244871945, ""fold_a_query_after"": 4.457427024841309, ""fold_a_utility"": -0.493072509765625, ""fold_b_harm"": -0.014533266425132751, ""fold_b_lcb"": -0.015275998222641647, ""fold_b_query_after"": 4.349164962768555, ""fold_b_utility"": -0.43123340606689453, ""harm_lcb_max"": -0.015275998222641647, ""harm_mean"": -0.014492429792881012, ""harm_se_mean"": 0.00041546221473254263, ""harm_ucb_max"": -0.0135657130763866, ""local_trainability"": 0.00010538101196289062, ""query_after"": 4.403295993804932, ""query_before"": 4.4034013748168945, ""system_utility"": -0.46215295791625977}}, ""status"": ""ok"", ""statusquo_loss"": 3.941143035888672, ""total_memory_budget"": 512}, ""utility_status"": ""ok""}"
68,A2,A,2,adapter_1,reuse,safe_existing_reuse,3.981980323791504,3,True,442368,1949415,0,69404468,59213,1421136,510,41.37138921092264,487975424,0.0,33.20543051394634,6.016811387147754,512,510,3.9576151371002197,-0.37119436264038086,0.017644882202148438,-0.3888392448425293,False,,"{""best_reuse"": ""adapter_1"", ""best_reuse_utility"": 0.017644882202148438, ""decision"": ""reuse"", ""fresh_advantage"": -0.3888392448425293, ""fresh_positive"": false, ""fresh_utility"": -0.37119436264038086, ""full_batch_guards"": {""adapter_1"": {""crossfit_feasible"": true, ""crossfit_utility"": 0.017644882202148438, ""crossfit_utility_positive"": true, ""full_batch_cur_after"": 3.939065456390381, ""full_batch_cur_before"": 3.9576148986816406, ""full_batch_gain"": 0.018549442291259766, ""full_batch_harm"": -0.01703353226184845, ""full_batch_harm_lcb"": -0.01775505305849947, ""full_batch_harm_se"": 0.0003681228554341942, ""full_batch_harm_ucb"": -0.01631201146519743, ""full_batch_safe"": true}, ""adapter_2"": {""crossfit_feasible"": true, ""crossfit_utility"": -0.4397318363189697, ""crossfit_utility_positive"": false, ""full_batch_cur_after"": 4.390904426574707, ""full_batch_cur_before"": 4.399992942810059, ""full_batch_gain"": 0.009088516235351562, ""full_batch_harm"": -0.017930008471012115, ""full_batch_harm_lcb"": -0.018205746319727042, ""full_batch_harm_se"": 0.0001406825758749619, ""full_batch_harm_ucb"": -0.01765427062229719, ""full_batch_safe"": true}, ""default"": {""crossfit_feasible"": true, ""crossfit_utility"": -0.45476794242858887, ""crossfit_utility_positive"": false, ""full_batch_cur_after"": 4.407388687133789, ""full_batch_cur_before"": 4.414685249328613, ""full_batch_gain"": 0.007296562194824219, ""full_batch_harm"": -0.014525476843118668, ""full_batch_harm_lcb"": -0.015155447943834588, ""full_batch_harm_se"": 0.0003214138268958777, ""full_batch_harm_ucb"": -0.013895505742402748, ""full_batch_safe"": true}}, ""guarded_best_reuse"": ""adapter_1"", ""num_adapters"": 3, ""pending_after"": false, ""pending_before"": false, ""policy_version"": ""cau_v1"", ""reason"": ""safe_existing_reuse"", ""utility"": {""batch_n"": 16, ""best_reuse"": ""adapter_1"", ""best_reuse_query_after"": 3.9399702548980713, ""best_reuse_utility"": 0.017644882202148438, ""budget_blocked_fresh"": false, ""defer_utility"": 0.0, ""fold_a_fresh_utility"": -0.3669552803039551, ""fold_a_query_n"": 8, ""fold_a_support_n"": 8, ""fold_b_fresh_utility"": -0.37543344497680664, ""fold_b_query_n"": 8, ""fold_b_support_n"": 8, ""fresh_advantage"": -0.3888392448425293, ""fresh_local_trainability"": 0.012909412384033203, ""fresh_positive"": false, ""fresh_query_after"": 4.328809499740601, ""fresh_query_before"": 4.341718912124634, ""fresh_utility"": -0.37119436264038086, ""max_adapters"": 8, ""reuse_profiles"": {""adapter_1"": {""feasible_both"": true, ""fold_a_harm"": -0.01690586283802986, ""fold_a_lcb"": -0.01760615945677273, ""fold_a_query_after"": 3.9276816844940186, ""fold_a_utility"": 0.018011808395385742, ""fold_b_harm"": -0.016514502465724945, ""fold_b_lcb"": -0.017211723583750428, ""fold_b_query_after"": 3.952258825302124, ""fold_b_utility"": 0.017277956008911133, ""harm_lcb_max"": -0.017211723583750428, ""harm_mean"": -0.016710182651877403, ""harm_se_mean"": 0.0003565096267266199, ""harm_ucb_max"": -0.015817281347699462, ""local_trainability"": 0.017644882202148438, ""query_after"": 3.9399702548980713, ""query_before"": 3.9576151371002197, ""system_utility"": 0.017644882202148438}, ""adapter_2"": {""feasible_both"": true, ""fold_a_harm"": -0.018180083483457565, ""fold_a_lcb"": -0.0184573692077538, ""fold_a_query_after"": 4.382321357727051, ""fold_a_utility"": -0.4366278648376465, ""fold_b_harm"": -0.018238887190818787, ""fold_b_lcb"": -0.01851643175003119, ""fold_b_query_after"": 4.412372589111328, ""fold_b_utility"": -0.44283580780029297, ""harm_lcb_max"": -0.0184573692077538, ""harm_mean"": -0.018209485337138176, ""harm_se_mean"": 0.0001415383376297541, ""harm_ucb_max"": -0.01790279775916133, ""local_trainability"": 0.0026464462280273438, ""query_after"": 4.3973469734191895, ""query_before"": 4.399993419647217, ""system_utility"": -0.4397318363189697}, ""default"": {""feasible_both"": true, ""fold_a_harm"": -0.0145648755133152, ""fold_a_lcb"": -0.015298908404074609, ""fold_a_query_after"": 4.384282112121582, ""fold_a_utility"": -0.43858861923217773, ""fold_b_harm"": -0.014675885438919067, ""fold_b_lcb"": -0.015363278017612175, ""fold_b_query_after"": 4.440484046936035, ""fold_b_utility"": -0.470947265625, ""harm_lcb_max"": -0.015298908404074609, ""harm_mean"": -0.014620380476117134, ""harm_se_mean"": 0.00036260853812564164, ""harm_ucb_max"": -0.013830842622555793, ""local_trainability"": 0.002301931381225586, ""query_after"": 4.412383079528809, ""query_before"": 4.414685010910034, ""system_utility"": -0.45476794242858887}}, ""status"": ""ok"", ""statusquo_loss"": 3.9576151371002197, ""total_memory_budget"": 512}, ""utility_status"": ""ok""}"
69,A2,A,2,adapter_1,reuse,safe_existing_reuse,3.920768976211548,3,True,442368,1949415,0,69404468,59213,1421136,510,42.19929201994091,487975424,0.0,34.02595221973024,6.016811387147754,512,510,3.8998076915740967,-0.39221954345703125,0.01817166805267334,-0.4103912115097046,False,,"{""best_reuse"": ""adapter_1"", ""best_reuse_utility"": 0.01817166805267334, ""decision"": ""reuse"", ""fresh_advantage"": -0.4103912115097046, ""fresh_positive"": false, ""fresh_utility"": -0.39221954345703125, ""full_batch_guards"": {""adapter_1"": {""crossfit_feasible"": true, ""crossfit_utility"": 0.01817166805267334, ""crossfit_utility_positive"": true, ""full_batch_cur_after"": 3.8807551860809326, ""full_batch_cur_before"": 3.8998074531555176, ""full_batch_gain"": 0.01905226707458496, ""full_batch_harm"": -0.017384212464094162, ""full_batch_harm_lcb"": -0.018220503999618814, ""full_batch_harm_se"": 0.000426679354859516, ""full_batch_harm_ucb"": -0.01654792092856951, ""full_batch_safe"": true}, ""adapter_2"": {""crossfit_feasible"": true, ""crossfit_utility"": -0.46245551109313965, ""crossfit_utility_positive"": false, ""full_batch_cur_after"": 4.356019973754883, ""full_batch_cur_before"": 4.365947723388672, ""full_batch_gain"": 0.009927749633789062, ""full_batch_harm"": -0.018034227192401886, ""full_batch_harm_lcb"": -0.018310125647112728, ""full_batch_harm_se"": 0.00014076451770961285, ""full_batch_harm_ucb"": -0.017758328737691044, ""full_batch_safe"": true}, ""default"": {""crossfit_feasible"": true, ""crossfit_utility"": -0.4997386932373047, ""crossfit_utility_positive"": false, ""full_batch_cur_after"": 4.394540309906006, ""full_batch_cur_before"": 4.40216064453125, ""full_batch_gain"": 0.007620334625244141, ""full_batch_harm"": -0.014427144080400467, ""full_batch_harm_lcb"": -0.015151998214423656, ""full_batch_harm_se"": 0.00036982353776693344, ""full_batch_harm_ucb"": -0.013702289946377278, ""full_batch_safe"": true}}, ""guarded_best_reuse"": ""adapter_1"", ""num_adapters"": 3, ""pending_after"": false, ""pending_before"": false, ""policy_version"": ""cau_v1"", ""reason"": ""safe_existing_reuse"", ""utility"": {""batch_n"": 16, ""best_reuse"": ""adapter_1"", ""best_reuse_query_after"": 3.8816360235214233, ""best_reuse_utility"": 0.01817166805267334, ""budget_blocked_fresh"": false, ""defer_utility"": 0.0, ""fold_a_fresh_utility"": -0.3969869613647461, ""fold_a_query_n"": 8, ""fold_a_support_n"": 8, ""fold_b_fresh_utility"": -0.3874521255493164, ""fold_b_query_n"": 8, ""fold_b_support_n"": 8, ""fresh_advantage"": -0.4103912115097046, ""fresh_local_trainability"": 0.015120267868041992, ""fresh_positive"": false, ""fresh_query_after"": 4.292027235031128, ""fresh_query_before"": 4.30714750289917, ""fresh_utility"": -0.39221954345703125, ""max_adapters"": 8, ""reuse_profiles"": {""adapter_1"": {""feasible_both"": true, ""fold_a_harm"": -0.017054971307516098, ""fold_a_lcb"": -0.017852387806633487, ""fold_a_query_after"": 3.8853771686553955, ""fold_a_utility"": 0.018529653549194336, ""fold_b_harm"": -0.01714077591896057, ""fold_b_lcb"": -0.017973379135364665, ""fold_b_query_after"": 3.877894878387451, ""fold_b_utility"": 0.017813682556152344, ""harm_lcb_max"": -0.017852387806633487, ""harm_mean"": -0.017097873613238335, ""harm_se_mean"": 0.00041582135600037873, ""harm_ucb_max"": -0.01625755480839871, ""local_trainability"": 0.01817166805267334, ""query_after"": 3.8816360235214233, ""query_before"": 3.8998076915740967, ""system_utility"": 0.01817166805267334}, ""adapter_2"": {""feasible_both"": true, ""fold_a_harm"": -0.018286380916833878, ""fold_a_lcb"": -0.018562939336407, ""fold_a_query_after"": 4.371077537536621, ""fold_a_utility"": -0.46717071533203125, ""fold_b_harm"": -0.01821412518620491, ""fold_b_lcb"": -0.018491364049259572, ""fold_b_query_after"": 4.353448867797852, ""fold_b_utility"": -0.45774030685424805, ""harm_lcb_max"": -0.018491364049259572, ""harm_mean"": -0.018250253051519394, ""harm_se_mean"": 0.0001412748169968836, ""harm_ucb_max"": -0.01793688632315025, ""local_trainability"": 0.0036847591400146484, ""query_after"": 4.362263202667236, ""query_before"": 4.365947961807251, ""system_utility"": -0.46245551109313965}, ""default"": {""feasible_both"": true, ""fold_a_harm"": -0.014609325677156448, ""fold_a_lcb"": -0.015312834872165695, ""fold_a_query_after"": 4.419252872467041, ""fold_a_utility"": -0.5153460502624512, ""fold_b_harm"": -0.014366883784532547, ""fold_b_lcb"": -0.015253414335893467, ""fold_b_query_after"": 4.379839897155762, ""fold_b_utility"": -0.4841313362121582, ""harm_lcb_max"": -0.015253414335893467, ""harm_mean"": -0.014488104730844498, ""harm_se_mean"": 0.0004056223842781037, ""harm_ucb_max"": -0.013480353233171627, ""local_trainability"": 0.002614736557006836, ""query_after"": 4.399546384811401, ""query_before"": 4.402161121368408, ""system_utility"": -0.4997386932373047}}, ""status"": ""ok"", ""statusquo_loss"": 3.8998076915740967, ""total_memory_budget"": 512}, ""utility_status"": ""ok""}"
70,A2,A,2,adapter_1,reuse,safe_existing_reuse,3.9619336128234863,3,True,442368,1949415,0,69404468,59213,1421136,510,43.052611094899476,487975424,0.0,34.871646095532924,6.016811387147754,512,510,3.939460039138794,-0.3983795642852783,0.017369985580444336,-0.41574954986572266,False,,"{""best_reuse"": ""adapter_1"", ""best_reuse_utility"": 0.017369985580444336, ""decision"": ""reuse"", ""fresh_advantage"": -0.41574954986572266, ""fresh_positive"": false, ""fresh_utility"": -0.3983795642852783, ""full_batch_guards"": {""adapter_1"": {""crossfit_feasible"": true, ""crossfit_utility"": 0.017369985580444336, ""crossfit_utility_positive"": true, ""full_batch_cur_after"": 3.921489953994751, ""full_batch_cur_before"": 3.939460277557373, ""full_batch_gain"": 0.01797032356262207, ""full_batch_harm"": -0.01724117249250412, ""full_batch_harm_lcb"": -0.017801428611855952, ""full_batch_harm_se"": 0.00028584495885297656, ""full_batch_harm_ucb"": -0.016680916373152287, ""full_batch_safe"": true}, ""adapter_2"": {""crossfit_feasible"": true, ""crossfit_utility"": -0.46987414360046387, ""crossfit_utility_positive"": false, ""full_batch_cur_after"": 4.4052958488464355, ""full_batch_cur_before"": 4.416220664978027, ""full_batch_gain"": 0.010924816131591797, ""full_batch_harm"": -0.018227823078632355, ""full_batch_harm_lcb"": -0.018504944802843967, ""full_batch_harm_se"": 0.00014138863480184227, ""full_batch_harm_ucb"": -0.017950701354420742, ""full_batch_safe"": true}, ""default"": {""crossfit_feasible"": true, ""crossfit_utility"": -0.42743730545043945, ""crossfit_utility_positive"": false, ""full_batch_cur_after"": 4.364136219024658, ""full_batch_cur_before"": 4.372954368591309, ""full_batch_gain"": 0.00881814956665039, ""full_batch_harm"": -0.014941170811653137, ""full_batch_harm_lcb"": -0.015385821674135514, ""full_batch_harm_se"": 0.00022686268493998796, ""full_batch_harm_ucb"": -0.01449651994917076, ""full_batch_safe"": true}}, ""guarded_best_reuse"": ""adapter_1"", ""num_adapters"": 3, ""pending_after"": false, ""pending_before"": false, ""policy_version"": ""cau_v1"", ""reason"": ""safe_existing_reuse"", ""utility"": {""batch_n"": 16, ""best_reuse"": ""adapter_1"", ""best_reuse_query_after"": 3.9220900535583496, ""best_reuse_utility"": 0.017369985580444336, ""budget_blocked_fresh"": false, ""defer_utility"": 0.0, ""fold_a_fresh_utility"": -0.40153026580810547, ""fold_a_query_n"": 8, ""fold_a_support_n"": 8, ""fold_b_fresh_utility"": -0.39522886276245117, ""fold_b_query_n"": 8, ""fold_b_support_n"": 8, ""fresh_advantage"": -0.41574954986572266, ""fresh_local_trainability"": 0.01950836181640625, ""fresh_positive"": false, ""fresh_query_after"": 4.337839603424072, ""fresh_query_before"": 4.3573479652404785, ""fresh_utility"": -0.3983795642852783, ""max_adapters"": 8, ""reuse_profiles"": {""adapter_1"": {""feasible_both"": true, ""fold_a_harm"": -0.017168477177619934, ""fold_a_lcb"": -0.01772828259621747, ""fold_a_query_after"": 3.9178266525268555, ""fold_a_utility"": 0.017343521118164062, ""fold_b_harm"": -0.01699778065085411, ""fold_b_lcb"": -0.01755394201609306, ""fold_b_query_after"": 3.9263534545898438, ""fold_b_utility"": 0.01739645004272461, ""harm_lcb_max"": -0.01755394201609306, ""harm_mean"": -0.017083128914237022, ""harm_se_mean"": 0.0002846854040399194, ""harm_ucb_max"": -0.01644161928561516, ""local_trainability"": 0.017369985580444336, ""query_after"": 3.9220900535583496, ""query_before"": 3.939460039138794, ""system_utility"": 0.017369985580444336}, ""adapter_2"": {""feasible_both"": true, ""fold_a_harm"": -0.018344715237617493, ""fold_a_lcb"": -0.018622575390036217, ""fold_a_query_after"": 4.4080915451049805, ""fold_a_utility"": -0.47292137145996094, ""fold_b_harm"": -0.018387652933597565, ""fold_b_lcb"": -0.01866549588739872, ""fold_b_query_after"": 4.410576820373535, ""fold_b_utility"": -0.4668269157409668, ""harm_lcb_max"": -0.018622575390036217, ""harm_mean"": -0.01836618408560753, ""harm_se_mean"": 0.00014176099648466334, ""harm_ucb_max"": -0.018066855085198768, ""local_trainability"": 0.006886005401611328, ""query_after"": 4.409334182739258, ""query_before"": 4.416220188140869, ""system_utility"": -0.46987414360046387}, ""default"": {""feasible_both"": true, ""fold_a_harm"": -0.014874357730150223, ""fold_a_lcb"": -0.015546029289253057, ""fold_a_query_after"": 4.3847808837890625, ""fold_a_utility"": -0.44961071014404297, ""fold_b_harm"": -0.014986500144004822, ""fold_b_lcb"": -0.01542326528346166, ""fold_b_query_after"": 4.349013805389404, ""fold_b_utility"": -0.40526390075683594, ""harm_lcb_max"": -0.01542326528346166, ""harm_mean"": -0.014930428937077522, ""harm_se_mean"": 0.0002827644639182836, ""harm_ucb_max"": -0.014202686171047389, ""local_trainability"": 0.006056785583496094, ""query_after"": 4.366897344589233, ""query_before"": 4.3729541301727295, ""system_utility"": -0.42743730545043945}}, ""status"": ""ok"", ""statusquo_loss"": 3.939460039138794, ""total_memory_budget"": 512}, ""utility_status"": ""ok""}"
71,A2,A,2,adapter_1,reuse,safe_existing_reuse,3.9057555198669434,3,True,442368,1949415,0,69404468,59213,1421136,510,43.886932824971154,487975424,0.0,35.69815654261038,6.016811387147754,512,510,3.871566653251648,-0.431111216545105,0.017428040504455566,-0.44853925704956055,False,,"{""best_reuse"": ""adapter_1"", ""best_reuse_utility"": 0.017428040504455566, ""decision"": ""reuse"", ""fresh_advantage"": -0.44853925704956055, ""fresh_positive"": false, ""fresh_utility"": -0.431111216545105, ""full_batch_guards"": {""adapter_1"": {""crossfit_feasible"": true, ""crossfit_utility"": 0.017428040504455566, ""crossfit_utility_positive"": true, ""full_batch_cur_after"": 3.853224754333496, ""full_batch_cur_before"": 3.8715665340423584, ""full_batch_gain"": 0.018341779708862305, ""full_batch_harm"": -0.016904108226299286, ""full_batch_harm_lcb"": -0.017577002570033074, ""full_batch_harm_se"": 0.00034331344068050385, ""full_batch_harm_ucb"": -0.016231213882565498, ""full_batch_safe"": true}, ""adapter_2"": {""crossfit_feasible"": true, ""crossfit_utility"": -0.49926888942718506, ""crossfit_utility_positive"": false, ""full_batch_cur_after"": 4.364528656005859, ""full_batch_cur_before"": 4.372990608215332, ""full_batch_gain"": 0.008461952209472656, ""full_batch_harm"": -0.01801212504506111, ""full_batch_harm_lcb"": -0.018288508226978594, ""full_batch_harm_se"": 0.00014101182750891894, ""full_batch_harm_ucb"": -0.01773574186314363, ""full_batch_safe"": true}, ""default"": {""crossfit_feasible"": true, ""crossfit_utility"": -0.5412188768386841, ""crossfit_utility_positive"": false, ""full_batch_cur_after"": 4.4084954261779785, ""full_batch_cur_before"": 4.415250301361084, ""full_batch_gain"": 0.006754875183105469, ""full_batch_harm"": -0.014497511088848114, ""full_batch_harm_lcb"": -0.015180165861966088, ""full_batch_harm_se"": 0.00034829325159080327, ""full_batch_harm_ucb"": -0.01381485631573014, ""full_batch_safe"": true}}, ""guarded_best_reuse"": ""adapter_1"", ""num_adapters"": 3, ""pending_after"": false, ""pending_before"": false, ""policy_version"": ""cau_v1"", ""reason"": ""safe_existing_reuse"", ""utility"": {""batch_n"": 16, ""best_reuse"": ""adapter_1"", ""best_reuse_query_after"": 3.8541386127471924, ""best_reuse_utility"": 0.017428040504455566, ""budget_blocked_fresh"": false, ""defer_utility"": 0.0, ""fold_a_fresh_utility"": -0.4339258670806885, ""fold_a_query_n"": 8, ""fold_a_support_n"": 8, ""fold_b_fresh_utility"": -0.4282965660095215, ""fold_b_query_n"": 8, ""fold_b_support_n"": 8, ""fresh_advantage"": -0.44853925704956055, ""fresh_local_trainability"": 0.011813879013061523, ""fresh_positive"": false, ""fresh_query_after"": 4.302677869796753, ""fresh_query_before"": 4.3144917488098145, ""fresh_utility"": -0.431111216545105, ""max_adapters"": 8, ""reuse_profiles"": {""adapter_1"": {""feasible_both"": true, ""fold_a_harm"": -0.016453005373477936, ""fold_a_lcb"": -0.01714793436927721, ""fold_a_query_after"": 3.88936710357666, ""fold_a_utility"": 0.016733884811401367, ""fold_b_harm"": -0.016989994794130325, ""fold_b_lcb"": -0.017625515543622895, ""fold_b_query_after"": 3.8189101219177246, ""fold_b_utility"": 0.018122196197509766, ""harm_lcb_max"": -0.01714793436927721, ""harm_mean"": -0.01672150008380413, ""harm_se_mean"": 0.00033940044522751123, ""harm_ucb_max"": -0.015758076377678662, ""local_trainability"": 0.017428040504455566, ""query_after"": 3.8541386127471924, ""query_before"": 3.871566653251648, ""system_utility"": 0.017428040504455566}, ""adapter_2"": {""feasible_both"": true, ""fold_a_harm"": -0.01837668940424919, ""fold_a_lcb"": -0.01865558235789649, ""fold_a_query_after"": 4.407076358795166, ""fold_a_utility"": -0.5009753704071045, ""fold_b_harm"": -0.018047690391540527, ""fold_b_lcb"": -0.01832360382017214, ""fold_b_query_after"": 4.3345947265625, ""fold_b_utility"": -0.4975624084472656, ""harm_lcb_max"": -0.01832360382017214, ""harm_mean"": -0.01821218989789486, ""harm_se_mean"": 0.0001415322403772734, ""harm_ucb_max"": -0.017771776962908915, ""local_trainability"": 0.0021550655364990234, ""query_after"": 4.370835542678833, ""query_before"": 4.372990608215332, ""system_utility"": -0.49926888942718506}, ""default"": {""feasible_both"": true, ""fold_a_harm"": -0.01450139656662941, ""fold_a_lcb"": -0.015383613887242973, ""fold_a_query_after"": 4.442385673522949, ""fold_a_utility"": -0.5362846851348877, ""fold_b_harm"": -0.01460360363125801, ""fold_b_lcb"": -0.015127115403302013, ""fold_b_query_after"": 4.383185386657715, ""fold_b_utility"": -0.5461530685424805, ""harm_lcb_max"": -0.015127115403302013, ""harm_mean"": -0.01455250009894371, ""harm_se_mean"": 0.0003586043603718281, ""harm_ucb_max"": -0.013619179246015847, ""local_trainability"": 0.002464771270751953, ""query_after"": 4.412785530090332, ""query_before"": 4.415250301361084, ""system_utility"": -0.5412188768386841}}, ""status"": ""ok"", ""statusquo_loss"": 3.871566653251648, ""total_memory_budget"": 512}, ""utility_status"": ""ok""}"
72,A2,A,2,adapter_1,reuse,safe_existing_reuse,3.8725173473358154,3,True,442368,1949415,0,69404468,59213,1421136,510,44.71215069084428,487975424,0.0,36.515724709723145,6.016811387147754,512,510,3.8517181873321533,-0.4518711566925049,0.01622319221496582,-0.4680943489074707,False,,"{""best_reuse"": ""adapter_1"", ""best_reuse_utility"": 0.01622319221496582, ""decision"": ""reuse"", ""fresh_advantage"": -0.4680943489074707, ""fresh_positive"": false, ""fresh_utility"": -0.4518711566925049, ""full_batch_guards"": {""adapter_1"": {""crossfit_feasible"": true, ""crossfit_utility"": 0.01622319221496582, ""crossfit_utility_positive"": true, ""full_batch_cur_after"": 3.8340816497802734, ""full_batch_cur_before"": 3.8517181873321533, ""full_batch_gain"": 0.017636537551879883, ""full_batch_harm"": -0.017277970910072327, ""full_batch_harm_lcb"": -0.01782041336875409, ""full_batch_harm_se"": 0.00027675635647028685, ""full_batch_harm_ucb"": -0.016735528451390563, ""full_batch_safe"": true}, ""adapter_2"": {""crossfit_feasible"": true, ""crossfit_utility"": -0.5178952217102051, ""crossfit_utility_positive"": false, ""full_batch_cur_after"": 4.359673500061035, ""full_batch_cur_before"": 4.367927074432373, ""full_batch_gain"": 0.00825357437133789, ""full_batch_harm"": -0.017840124666690826, ""full_batch_harm_lcb"": -0.018115143653121776, ""full_batch_harm_se"": 0.00014031580940354615, ""full_batch_harm_ucb"": -0.017565105680259877, ""full_batch_safe"": true}, ""default"": {""crossfit_feasible"": true, ""crossfit_utility"": -0.5183272361755371, ""crossfit_utility_positive"": false, ""full_batch_cur_after"": 4.36306619644165, ""full_batch_cur_before"": 4.369513034820557, ""full_batch_gain"": 0.00644683837890625, ""full_batch_harm"": -0.014623425900936127, ""full_batch_harm_lcb"": -0.015109481650870293, ""full_batch_harm_se"": 0.000247987627517432, ""full_batch_harm_ucb"": -0.01413737015100196, ""full_batch_safe"": true}}, ""guarded_best_reuse"": ""adapter_1"", ""num_adapters"": 3, ""pending_after"": false, ""pending_before"": false, ""policy_version"": ""cau_v1"", ""reason"": ""safe_existing_reuse"", ""utility"": {""batch_n"": 16, ""best_reuse"": ""adapter_1"", ""best_reuse_query_after"": 3.8354949951171875, ""best_reuse_utility"": 0.01622319221496582, ""budget_blocked_fresh"": false, ""defer_utility"": 0.0, ""fold_a_fresh_utility"": -0.4532012939453125, ""fold_a_query_n"": 8, ""fold_a_support_n"": 8, ""fold_b_fresh_utility"": -0.45054101943969727, ""fold_b_query_n"": 8, ""fold_b_support_n"": 8, ""fresh_advantage"": -0.4680943489074707, ""fresh_local_trainability"": 0.005337953567504883, ""fresh_positive"": false, ""fresh_query_after"": 4.303589344024658, ""fresh_query_before"": 4.308927297592163, ""fresh_utility"": -0.4518711566925049, ""max_adapters"": 8, ""reuse_profiles"": {""adapter_1"": {""feasible_both"": true, ""fold_a_harm"": -0.016834210604429245, ""fold_a_lcb"": -0.01739039512933232, ""fold_a_query_after"": 3.837463855743408, ""fold_a_utility"": 0.016407012939453125, ""fold_b_harm"": -0.01679510995745659, ""fold_b_lcb"": -0.01736344988341443, ""fold_b_query_after"": 3.833526134490967, ""fold_b_utility"": 0.016039371490478516, ""harm_lcb_max"": -0.01736344988341443, ""harm_mean"": -0.016814660280942917, ""harm_se_mean"": 0.00028686848236247897, ""harm_ucb_max"": -0.016226770031498746, ""local_trainability"": 0.01622319221496582, ""query_after"": 3.8354949951171875, ""query_before"": 3.8517181873321533, ""system_utility"": 0.01622319221496582}, ""adapter_2"": {""feasible_both"": true, ""fold_a_harm"": -0.01821848377585411, ""fold_a_lcb"": -0.01849631192686502, ""fold_a_query_after"": 4.372401714324951, ""fold_a_utility"": -0.5185308456420898, ""fold_b_harm"": -0.018238916993141174, ""fold_b_lcb"": -0.018515702103613876, ""fold_b_query_after"": 4.366825103759766, ""fold_b_utility"": -0.5172595977783203, ""harm_lcb_max"": -0.01849631192686502, ""harm_mean"": -0.018228700384497643, ""harm_se_mean"": 0.00014148297486826777, ""harm_ucb_max"": -0.0179406556248432, ""local_trainability"": -0.00168609619140625, ""query_after"": 4.369613409042358, ""query_before"": 4.367927312850952, ""system_utility"": -0.5178952217102051}, ""default"": {""feasible_both"": true, ""fold_a_harm"": -0.014719754457473755, ""fold_a_lcb"": -0.01541844216408208, ""fold_a_query_after"": 4.399929046630859, ""fold_a_utility"": -0.546058177947998, ""fold_b_harm"": -0.01460016518831253, ""fold_b_lcb"": -0.015296119027771055, ""fold_b_query_after"": 4.3401618003845215, ""fold_b_utility"": -0.49059629440307617, ""harm_lcb_max"": -0.015296119027771055, ""harm_mean"": -0.014659959822893143, ""harm_se_mean"": 0.0003557759046088904, ""harm_ucb_max"": -0.013904211348854006, ""local_trainability"": -0.0005326271057128906, ""query_after"": 4.37004542350769, ""query_before"": 4.3695127964019775, ""system_utility"": -0.5183272361755371}}, ""status"": ""ok"", ""statusquo_loss"": 3.8517181873321533, ""total_memory_budget"": 512}, ""utility_status"": ""ok""}"
73,A2,A,2,adapter_1,reuse,safe_existing_reuse,3.8600950241088867,3,True,442368,1949415,0,69404468,59213,1421136,510,45.52427976997569,487975424,0.0,37.32016176870093,6.016811387147754,512,510,3.8357489109039307,-0.4586806297302246,0.017224669456481934,-0.47590529918670654,False,,"{""best_reuse"": ""adapter_1"", ""best_reuse_utility"": 0.017224669456481934, ""decision"": ""reuse"", ""fresh_advantage"": -0.47590529918670654, ""fresh_positive"": false, ""fresh_utility"": -0.4586806297302246, ""full_batch_guards"": {""adapter_1"": {""crossfit_feasible"": true, ""crossfit_utility"": 0.017224669456481934, ""crossfit_utility_positive"": true, ""full_batch_cur_after"": 3.8177361488342285, ""full_batch_cur_before"": 3.8357489109039307, ""full_batch_gain"": 0.01801276206970215, ""full_batch_harm"": -0.01752312108874321, ""full_batch_harm_lcb"": -0.017954826611676255, ""full_batch_harm_se"": 0.00022025791986379772, ""full_batch_harm_ucb"": -0.017091415565810165, ""full_batch_safe"": true}, ""adapter_2"": {""crossfit_feasible"": true, ""crossfit_utility"": -0.5299842357635498, ""crossfit_utility_positive"": false, ""full_batch_cur_after"": 4.360486030578613, ""full_batch_cur_before"": 4.369909286499023, ""full_batch_gain"": 0.009423255920410156, ""full_batch_harm"": -0.01794588193297386, ""full_batch_harm_lcb"": -0.018222027043811977, ""full_batch_harm_se"": 0.00014089036267250776, ""full_batch_harm_ucb"": -0.017669736822135747, ""full_batch_safe"": true}, ""default"": {""crossfit_feasible"": true, ""crossfit_utility"": -0.5282814502716064, ""crossfit_utility_positive"": false, ""full_batch_cur_after"": 4.360668659210205, ""full_batch_cur_before"": 4.368062973022461, ""full_batch_gain"": 0.007394313812255859, ""full_batch_harm"": -0.014495156705379486, ""full_batch_harm_lcb"": -0.015223533846437931, ""full_batch_harm_se"": 0.0003716209903359413, ""full_batch_harm_ucb"": -0.013766779564321041, ""full_batch_safe"": true}}, ""guarded_best_reuse"": ""adapter_1"", ""num_adapters"": 3, ""pending_after"": false, ""pending_before"": false, ""policy_version"": ""cau_v1"", ""reason"": ""safe_existing_reuse"", ""utility"": {""batch_n"": 16, ""best_reuse"": ""adapter_1"", ""best_reuse_query_after"": 3.8185242414474487, ""best_reuse_utility"": 0.017224669456481934, ""budget_blocked_fresh"": false, ""defer_utility"": 0.0, ""fold_a_fresh_utility"": -0.4626617431640625, ""fold_a_query_n"": 8, ""fold_a_support_n"": 8, ""fold_b_fresh_utility"": -0.4546995162963867, ""fold_b_query_n"": 8, ""fold_b_support_n"": 8, ""fresh_advantage"": -0.47590529918670654, ""fresh_local_trainability"": 0.016152143478393555, ""fresh_positive"": false, ""fresh_query_after"": 4.294429540634155, ""fresh_query_before"": 4.310581684112549, ""fresh_utility"": -0.4586806297302246, ""max_adapters"": 8, ""reuse_profiles"": {""adapter_1"": {""feasible_both"": true, ""fold_a_harm"": -0.01724836602807045, ""fold_a_lcb"": -0.01766635230218526, ""fold_a_query_after"": 3.7889034748077393, ""fold_a_utility"": 0.017467260360717773, ""fold_b_harm"": -0.01720632240176201, ""fold_b_lcb"": -0.017662319474620745, ""fold_b_query_after"": 3.848145008087158, ""fold_b_utility"": 0.016982078552246094, ""harm_lcb_max"": -0.017662319474620745, ""harm_mean"": -0.01722734421491623, ""harm_se_mean"": 0.00022295493545243517, ""harm_ucb_max"": -0.016750325328903273, ""local_trainability"": 0.017224669456481934, ""query_after"": 3.8185242414474487, ""query_before"": 3.8357489109039307, ""system_utility"": 0.017224669456481934}, ""adapter_2"": {""feasible_both"": true, ""fold_a_harm"": -0.018131278455257416, ""fold_a_lcb"": -0.018409546953625976, ""fold_a_query_after"": 4.342461585998535, ""fold_a_utility"": -0.5360908508300781, ""fold_b_harm"": -0.018187619745731354, ""fold_b_lcb"": -0.018464870017487554, ""fold_b_query_after"": 4.389004707336426, ""fold_b_utility"": -0.5238776206970215, ""harm_lcb_max"": -0.018409546953625976, ""harm_mean"": -0.018159449100494385, ""harm_se_mean"": 0.00014171397197060287, ""harm_ucb_max"": -0.017853009956888856, ""local_trainability"": 0.004175901412963867, ""query_after"": 4.3657331466674805, ""query_before"": 4.369909048080444, ""system_utility"": -0.5299842357635498}, ""default"": {""feasible_both"": true, ""fold_a_harm"": -0.014634598046541214, ""fold_a_lcb"": -0.015363479623338207, ""fold_a_query_after"": 4.357823371887207, ""fold_a_utility"": -0.55145263671875, ""fold_b_harm"": -0.014491025358438492, ""fold_b_lcb"": -0.015282654907787218, ""fold_b_query_after"": 4.370237350463867, ""fold_b_utility"": -0.5051102638244629, ""harm_lcb_max"": -0.015282654907787218, ""harm_mean"": -0.014562811702489853, ""harm_se_mean"": 0.0003878854913637042, ""harm_ucb_max"": -0.013699395809089765, ""local_trainability"": 0.004033088684082031, ""query_after"": 4.364030361175537, ""query_before"": 4.368063449859619, ""system_utility"": -0.5282814502716064}}, ""status"": ""ok"", ""statusquo_loss"": 3.8357489109039307, ""total_memory_budget"": 512}, ""utility_status"": ""ok""}"
74,A2,A,2,adapter_1,reuse,safe_existing_reuse,3.796337604522705,3,True,442368,1949415,0,69404468,59213,1421136,510,46.34559738403186,487975424,0.0,38.13363161869347,6.016811387147754,512,510,3.791597604751587,-0.4885399341583252,0.01677572727203369,-0.5053156614303589,False,,"{""best_reuse"": ""adapter_1"", ""best_reuse_utility"": 0.01677572727203369, ""decision"": ""reuse"", ""fresh_advantage"": -0.5053156614303589, ""fresh_positive"": false, ""fresh_utility"": -0.4885399341583252, ""full_batch_guards"": {""adapter_1"": {""crossfit_feasible"": true, ""crossfit_utility"": 0.01677572727203369, ""crossfit_utility_positive"": true, ""full_batch_cur_after"": 3.773484230041504, ""full_batch_cur_before"": 3.791597604751587, ""full_batch_gain"": 0.018113374710083008, ""full_batch_harm"": -0.016998693346977234, ""full_batch_harm_lcb"": -0.017643861979013308, ""full_batch_harm_se"": 0.0003291676694061607, ""full_batch_harm_ucb"": -0.01635352471494116, ""full_batch_safe"": true}, ""adapter_2"": {""crossfit_feasible"": true, ""crossfit_utility"": -0.5542855262756348, ""crossfit_utility_positive"": false, ""full_batch_cur_after"": 4.335749626159668, ""full_batch_cur_before"": 4.344605445861816, ""full_batch_gain"": 0.008855819702148438, ""full_batch_harm"": -0.017883650958538055, ""full_batch_harm_lcb"": -0.018159956133458763, ""full_batch_harm_se"": 0.00014097202802076936, ""full_batch_harm_ucb"": -0.017607345783617348, ""full_batch_safe"": true}, ""default"": {""crossfit_feasible"": true, ""crossfit_utility"": -0.5793530941009521, ""crossfit_utility_positive"": false, ""full_batch_cur_after"": 4.363064765930176, ""full_batch_cur_before"": 4.369699001312256, ""full_batch_gain"": 0.006634235382080078, ""full_batch_harm"": -0.01435822993516922, ""full_batch_harm_lcb"": -0.01509505282389, ""full_batch_harm_se"": 0.0003759300452657044, ""full_batch_harm_ucb"": -0.01362140704644844, ""full_batch_safe"": true}}, ""guarded_best_reuse"": ""adapter_1"", ""num_adapters"": 3, ""pending_after"": false, ""pending_before"": false, ""policy_version"": ""cau_v1"", ""reason"": ""safe_existing_reuse"", ""utility"": {""batch_n"": 16, ""best_reuse"": ""adapter_1"", ""best_reuse_query_after"": 3.7748218774795532, ""best_reuse_utility"": 0.01677572727203369, ""budget_blocked_fresh"": false, ""defer_utility"": 0.0, ""fold_a_fresh_utility"": -0.4837372303009033, ""fold_a_query_n"": 8, ""fold_a_support_n"": 8, ""fold_b_fresh_utility"": -0.49334263801574707, ""fold_b_query_n"": 8, ""fold_b_support_n"": 8, ""fresh_advantage"": -0.5053156614303589, ""fresh_local_trainability"": 0.0053861141204833984, ""fresh_positive"": false, ""fresh_query_after"": 4.280137538909912, ""fresh_query_before"": 4.2855236530303955, ""fresh_utility"": -0.4885399341583252, ""max_adapters"": 8, ""reuse_profiles"": {""adapter_1"": {""feasible_both"": true, ""fold_a_harm"": -0.016608260571956635, ""fold_a_lcb"": -0.017276561430189758, ""fold_a_query_after"": 3.726583957672119, ""fold_a_utility"": 0.016629934310913086, ""fold_b_harm"": -0.016564346849918365, ""fold_b_lcb"": -0.01719989891629666, ""fold_b_query_after"": 3.8230597972869873, ""fold_b_utility"": 0.016921520233154297, ""harm_lcb_max"": -0.01719989891629666, ""harm_mean"": -0.0165863037109375, ""harm_se_mean"": 0.00033261554199270904, ""harm_ucb_max"": -0.01592879478354007, ""local_trainability"": 0.01677572727203369, ""query_after"": 3.7748218774795532, ""query_before"": 3.791597604751587, ""system_utility"": 0.01677572727203369}, ""adapter_2"": {""feasible_both"": true, ""fold_a_harm"": -0.01831042394042015, ""fold_a_lcb"": -0.01858790133090224, ""fold_a_query_after"": 4.292686939239502, ""fold_a_utility"": -0.5494730472564697, ""fold_b_harm"": -0.018224474042654037, ""fold_b_lcb"": -0.01850224084337242, ""fold_b_query_after"": 4.399079322814941, ""fold_b_utility"": -0.5590980052947998, ""harm_lcb_max"": -0.01850224084337242, ""harm_mean"": -0.018267448991537094, ""harm_se_mean"": 0.00014164392632665113, ""harm_ucb_max"": -0.017946707241935655, ""local_trainability"": -0.001277923583984375, ""query_after"": 4.345883131027222, ""query_before"": 4.344605207443237, ""system_utility"": -0.5542855262756348}, ""default"": {""feasible_both"": true, ""fold_a_harm"": -0.014584124088287354, ""fold_a_lcb"": -0.015340367439202965, ""fold_a_query_after"": 4.313655853271484, ""fold_a_utility"": -0.5704419612884521, ""fold_b_harm"": -0.01445084810256958, ""fold_b_lcb"": -0.015294792252825573, ""fold_b_query_after"": 4.428245544433594, ""fold_b_utility"": -0.5882642269134521, ""harm_lcb_max"": -0.015294792252825573, ""harm_mean"": -0.014517486095428467, ""harm_se_mean"": 0.00040821109723765403, ""harm_ucb_max"": -0.013606903952313587, ""local_trainability"": -0.0012519359588623047, ""query_after"": 4.370950698852539, ""query_before"": 4.369698762893677, ""system_utility"": -0.5793530941009521}}, ""status"": ""ok"", ""statusquo_loss"": 3.791597604751587, ""total_memory_budget"": 512}, ""utility_status"": ""ok""}"
75,A2,A,2,adapter_1,reuse,safe_existing_reuse,3.8235836029052734,3,True,442368,1949415,0,69404468,59213,1421136,510,47.16121515491977,487975424,0.0,38.939639693824574,6.016811387147754,512,510,3.794133424758911,-0.4909958839416504,0.017304182052612305,-0.5083000659942627,False,,"{""best_reuse"": ""adapter_1"", ""best_reuse_utility"": 0.017304182052612305, ""decision"": ""reuse"", ""fresh_advantage"": -0.5083000659942627, ""fresh_positive"": false, ""fresh_utility"": -0.4909958839416504, ""full_batch_guards"": {""adapter_1"": {""crossfit_feasible"": true, ""crossfit_utility"": 0.017304182052612305, ""crossfit_utility_positive"": true, ""full_batch_cur_after"": 3.776109218597412, ""full_batch_cur_before"": 3.7941336631774902, ""full_batch_gain"": 0.018024444580078125, ""full_batch_harm"": -0.017005641013383865, ""full_batch_harm_lcb"": -0.017653170390985906, ""full_batch_harm_se"": 0.00033037213142961264, ""full_batch_harm_ucb"": -0.016358111635781825, ""full_batch_safe"": true}, ""adapter_2"": {""crossfit_feasible"": true, ""crossfit_utility"": -0.5611674785614014, ""crossfit_utility_positive"": false, ""full_batch_cur_after"": 4.350778579711914, ""full_batch_cur_before"": 4.359971523284912, ""full_batch_gain"": 0.009192943572998047, ""full_batch_harm"": -0.01806902512907982, ""full_batch_harm_lcb"": -0.018345284269889815, ""full_batch_harm_se"": 0.00014094854122959077, ""full_batch_harm_ucb"": -0.017792765988269822, ""full_batch_safe"": true}, ""default"": {""crossfit_feasible"": true, ""crossfit_utility"": -0.5545799732208252, ""crossfit_utility_positive"": false, ""full_batch_cur_after"": 4.345623970031738, ""full_batch_cur_before"": 4.352794170379639, ""full_batch_gain"": 0.007170200347900391, ""full_batch_harm"": -0.014560181647539139, ""full_batch_harm_lcb"": -0.015290739048505203, ""full_batch_harm_se"": 0.00037273336783982813, ""full_batch_harm_ucb"": -0.013829624246573075, ""full_batch_safe"": true}}, ""guarded_best_reuse"": ""adapter_1"", ""num_adapters"": 3, ""pending_after"": false, ""pending_before"": false, ""policy_version"": ""cau_v1"", ""reason"": ""safe_existing_reuse"", ""utility"": {""batch_n"": 16, ""best_reuse"": ""adapter_1"", ""best_reuse_query_after"": 3.776829242706299, ""best_reuse_utility"": 0.017304182052612305, ""budget_blocked_fresh"": false, ""defer_utility"": 0.0, ""fold_a_fresh_utility"": -0.49033522605895996, ""fold_a_query_n"": 8, ""fold_a_support_n"": 8, ""fold_b_fresh_utility"": -0.4916565418243408, ""fold_b_query_n"": 8, ""fold_b_support_n"": 8, ""fresh_advantage"": -0.5083000659942627, ""fresh_local_trainability"": 0.016584396362304688, ""fresh_positive"": false, ""fresh_query_after"": 4.2851293087005615, ""fresh_query_before"": 4.301713705062866, ""fresh_utility"": -0.4909958839416504, ""max_adapters"": 8, ""reuse_profiles"": {""adapter_1"": {""feasible_both"": true, ""fold_a_harm"": -0.0170702263712883, ""fold_a_lcb"": -0.01773293040576391, ""fold_a_query_after"": 3.7518694400787354, ""fold_a_utility"": 0.01750946044921875, ""fold_b_harm"": -0.016634229570627213, ""fold_b_lcb"": -0.017269632867537438, ""fold_b_query_after"": 3.8017890453338623, ""fold_b_utility"": 0.01709890365600586, ""harm_lcb_max"": -0.017269632867537438, ""harm_mean"": -0.016852227970957756, ""harm_se_mean"": 0.00033114982943516225, ""harm_ucb_max"": -0.015998826273716987, ""local_trainability"": 0.017304182052612305, ""query_after"": 3.776829242706299, ""query_before"": 3.794133424758911, ""system_utility"": 0.017304182052612305}, ""adapter_2"": {""feasible_both"": true, ""fold_a_harm"": -0.01815393939614296, ""fold_a_lcb"": -0.018430199620779603, ""fold_a_query_after"": 4.331477165222168, ""fold_a_utility"": -0.5620982646942139, ""fold_b_harm"": -0.018289271742105484, ""fold_b_lcb"": -0.018567172110197136, ""fold_b_query_after"": 4.379124641418457, ""fold_b_utility"": -0.5602366924285889, ""harm_lcb_max"": -0.018430199620779603, ""harm_mean"": -0.018221605569124222, ""harm_se_mean"": 0.00014136749814497307, ""harm_ucb_max"": -0.017877679171506317, ""local_trainability"": 0.004670381546020508, ""query_after"": 4.3553009033203125, ""query_before"": 4.359971284866333, ""system_utility"": -0.5611674785614014}, ""default"": {""feasible_both"": true, ""fold_a_harm"": -0.01465395838022232, ""fold_a_lcb"": -0.015352635704912245, ""fold_a_query_after"": 4.321291923522949, ""fold_a_utility"": -0.5519130229949951, ""fold_b_harm"": -0.014570686966180801, ""fold_b_lcb"": -0.0153585713240318, ""fold_b_query_after"": 4.376134872436523, ""fold_b_utility"": -0.5572469234466553, ""harm_lcb_max"": -0.015352635704912245, ""harm_mean"": -0.014612322673201561, ""harm_se_mean"": 0.00037922491901554167, ""harm_ucb_max"": -0.013782802608329803, ""local_trainability"": 0.004080772399902344, ""query_after"": 4.348713397979736, ""query_before"": 4.352794170379639, ""system_utility"": -0.5545799732208252}}, ""status"": ""ok"", ""statusquo_loss"": 3.794133424758911, ""total_memory_budget"": 512}, ""utility_status"": ""ok""}"
76,A2,A,2,adapter_1,reuse,safe_existing_reuse,3.8290722370147705,3,True,442368,1949415,0,69404468,59213,1421136,510,47.9867983199656,487975424,0.0,39.75697751576081,6.016811387147754,512,510,3.8223917484283447,-0.5143890380859375,0.01655721664428711,-0.5309462547302246,False,,"{""best_reuse"": ""adapter_1"", ""best_reuse_utility"": 0.01655721664428711, ""decision"": ""reuse"", ""fresh_advantage"": -0.5309462547302246, ""fresh_positive"": false, ""fresh_utility"": -0.5143890380859375, ""full_batch_guards"": {""adapter_1"": {""crossfit_feasible"": true, ""crossfit_utility"": 0.01655721664428711, ""crossfit_utility_positive"": true, ""full_batch_cur_after"": 3.8047561645507812, ""full_batch_cur_before"": 3.8223915100097656, ""full_batch_gain"": 0.017635345458984375, ""full_batch_harm"": -0.017216414213180542, ""full_batch_harm_lcb"": -0.017739608424017207, ""full_batch_harm_se"": 0.00026693582185544074, ""full_batch_harm_ucb"": -0.016693220002343877, ""full_batch_safe"": true}, ""adapter_2"": {""crossfit_feasible"": true, ""crossfit_utility"": -0.5812933444976807, ""crossfit_utility_positive"": false, ""full_batch_cur_after"": 4.396329879760742, ""full_batch_cur_before"": 4.405327796936035, ""full_batch_gain"": 0.008997917175292969, ""full_batch_harm"": -0.01795017346739769, ""full_batch_harm_lcb"": -0.018225415123160928, ""full_batch_harm_se"": 0.00014042941620573401, ""full_batch_harm_ucb"": -0.017674931811634452, ""full_batch_safe"": true}, ""default"": {""crossfit_feasible"": true, ""crossfit_utility"": -0.6224079132080078, ""crossfit_utility_positive"": false, ""full_batch_cur_after"": 4.439674377441406, ""full_batch_cur_before"": 4.447054386138916, ""full_batch_gain"": 0.007380008697509766, ""full_batch_harm"": -0.014481920748949051, ""full_batch_harm_lcb"": -0.015139700844883919, ""full_batch_harm_se"": 0.0003356020897626877, ""full_batch_harm_ucb"": -0.013824140653014183, ""full_batch_safe"": true}}, ""guarded_best_reuse"": ""adapter_1"", ""num_adapters"": 3, ""pending_after"": false, ""pending_before"": false, ""policy_version"": ""cau_v1"", ""reason"": ""safe_existing_reuse"", ""utility"": {""batch_n"": 16, ""best_reuse"": ""adapter_1"", ""best_reuse_query_after"": 3.8058345317840576, ""best_reuse_utility"": 0.01655721664428711, ""budget_blocked_fresh"": false, ""defer_utility"": 0.0, ""fold_a_fresh_utility"": -0.5073690414428711, ""fold_a_query_n"": 8, ""fold_a_support_n"": 8, ""fold_b_fresh_utility"": -0.5214090347290039, ""fold_b_query_n"": 8, ""fold_b_support_n"": 8, ""fresh_advantage"": -0.5309462547302246, ""fresh_local_trainability"": 0.00999760627746582, ""fresh_positive"": false, ""fresh_query_after"": 4.336780786514282, ""fresh_query_before"": 4.346778392791748, ""fresh_utility"": -0.5143890380859375, ""max_adapters"": 8, ""reuse_profiles"": {""adapter_1"": {""feasible_both"": true, ""fold_a_harm"": -0.01684371381998062, ""fold_a_lcb"": -0.01742378360242583, ""fold_a_query_after"": 3.826939105987549, ""fold_a_utility"": 0.016217708587646484, ""fold_b_harm"": -0.016898654401302338, ""fold_b_lcb"": -0.017399523152271286, ""fold_b_query_after"": 3.7847299575805664, ""fold_b_utility"": 0.016896724700927734, ""harm_lcb_max"": -0.017399523152271286, ""harm_mean"": -0.01687118411064148, ""harm_se_mean"": 0.00027574962587095797, ""harm_ucb_max"": -0.016263644037535413, ""local_trainability"": 0.01655721664428711, ""query_after"": 3.8058345317840576, ""query_before"": 3.8223917484283447, ""system_utility"": 0.01655721664428711}, ""adapter_2"": {""feasible_both"": true, ""fold_a_harm"": -0.01828816905617714, ""fold_a_lcb"": -0.018565383533132262, ""fold_a_query_after"": 4.416638374328613, ""fold_a_utility"": -0.573481559753418, ""fold_b_harm"": -0.018253345042467117, ""fold_b_lcb"": -0.018531126845628024, ""fold_b_query_after"": 4.3907318115234375, ""fold_b_utility"": -0.5891051292419434, ""harm_lcb_max"": -0.018531126845628024, ""harm_mean"": -0.01827075704932213, ""harm_se_mean"": 0.00014158068370306864, ""harm_ucb_max"": -0.01797556323930621, ""local_trainability"": 0.0016431808471679688, ""query_after"": 4.403685092926025, ""query_before"": 4.405328273773193, ""system_utility"": -0.5812933444976807}, ""default"": {""feasible_both"": true, ""fold_a_harm"": -0.014494653791189194, ""fold_a_lcb"": -0.015283754145493732, ""fold_a_query_after"": 4.440775394439697, ""fold_a_utility"": -0.597618579864502, ""fold_b_harm"": -0.014641061425209045, ""fold_b_lcb"": -0.015339220224414021, ""fold_b_query_after"": 4.448823928833008, ""fold_b_utility"": -0.6471972465515137, ""harm_lcb_max"": -0.015283754145493732, ""harm_mean"": -0.01456785760819912, ""harm_se_mean"": 0.0003794028452830389, ""harm_ucb_max"": -0.013705553436884656, ""local_trainability"": 0.002254486083984375, ""query_after"": 4.4447996616363525, ""query_before"": 4.447054147720337, ""system_utility"": -0.6224079132080078}}, ""status"": ""ok"", ""statusquo_loss"": 3.8223917484283447, ""total_memory_budget"": 512}, ""utility_status"": ""ok""}"
77,A2,A,2,adapter_1,reuse,safe_existing_reuse,3.79569411277771,3,True,442368,1949415,0,69404468,59213,1421136,510,48.801408886909485,487975424,0.0,40.56322369677946,6.016811387147754,512,510,3.7702512741088867,-0.5387735366821289,0.015917301177978516,-0.5546908378601074,False,,"{""best_reuse"": ""adapter_1"", ""best_reuse_utility"": 0.015917301177978516, ""decision"": ""reuse"", ""fresh_advantage"": -0.5546908378601074, ""fresh_positive"": false, ""fresh_utility"": -0.5387735366821289, ""full_batch_guards"": {""adapter_1"": {""crossfit_feasible"": true, ""crossfit_utility"": 0.015917301177978516, ""crossfit_utility_positive"": true, ""full_batch_cur_after"": 3.752443313598633, ""full_batch_cur_before"": 3.7702512741088867, ""full_batch_gain"": 0.017807960510253906, ""full_batch_harm"": -0.017010334879159927, ""full_batch_harm_lcb"": -0.017541437601903454, ""full_batch_harm_se"": 0.0002709707769099623, ""full_batch_harm_ucb"": -0.0164792321564164, ""full_batch_safe"": true}, ""adapter_2"": {""crossfit_feasible"": true, ""crossfit_utility"": -0.6026995182037354, ""crossfit_utility_positive"": false, ""full_batch_cur_after"": 4.359969139099121, ""full_batch_cur_before"": 4.3693037033081055, ""full_batch_gain"": 0.009334564208984375, ""full_batch_harm"": -0.017995521426200867, ""full_batch_harm_lcb"": -0.018271433942136355, ""full_batch_harm_se"": 0.00014077169180382043, ""full_batch_harm_ucb"": -0.017719608910265378, ""full_batch_safe"": true}, ""default"": {""crossfit_feasible"": true, ""crossfit_utility"": -0.6457216739654541, ""crossfit_utility_positive"": false, ""full_batch_cur_after"": 4.405475616455078, ""full_batch_cur_before"": 4.412751197814941, ""full_batch_gain"": 0.007275581359863281, ""full_batch_harm"": -0.014298591762781143, ""full_batch_harm_lcb"": -0.015095968616660684, ""full_batch_harm_se"": 0.0004068249254487455, ""full_batch_harm_ucb"": -0.013501214908901603, ""full_batch_safe"": true}}, ""guarded_best_reuse"": ""adapter_1"", ""num_adapters"": 3, ""pending_after"": false, ""pending_before"": false, ""policy_version"": ""cau_v1"", ""reason"": ""safe_existing_reuse"", ""utility"": {""batch_n"": 16, ""best_reuse"": ""adapter_1"", ""best_reuse_query_after"": 3.754333972930908, ""best_reuse_utility"": 0.015917301177978516, ""budget_blocked_fresh"": false, ""defer_utility"": 0.0, ""fold_a_fresh_utility"": -0.5364644527435303, ""fold_a_query_n"": 8, ""fold_a_support_n"": 8, ""fold_b_fresh_utility"": -0.5410826206207275, ""fold_b_query_n"": 8, ""fold_b_support_n"": 8, ""fresh_advantage"": -0.5546908378601074, ""fresh_local_trainability"": 0.0012919902801513672, ""fresh_positive"": false, ""fresh_query_after"": 4.309024810791016, ""fresh_query_before"": 4.310316801071167, ""fresh_utility"": -0.5387735366821289, ""max_adapters"": 8, ""reuse_profiles"": {""adapter_1"": {""feasible_both"": true, ""fold_a_harm"": -0.01658061146736145, ""fold_a_lcb"": -0.017089317254722118, ""fold_a_query_after"": 3.7514729499816895, ""fold_a_utility"": 0.016234159469604492, ""fold_b_harm"": -0.016536977142095566, ""fold_b_lcb"": -0.017100215724203737, ""fold_b_query_after"": 3.757194995880127, ""fold_b_utility"": 0.015600442886352539, ""harm_lcb_max"": -0.017089317254722118, ""harm_mean"": -0.016558794304728508, ""harm_se_mean"": 0.0002734551962930709, ""harm_ucb_max"": -0.015973738559987394, ""local_trainability"": 0.015917301177978516, ""query_after"": 3.754333972930908, ""query_before"": 3.7702512741088867, ""system_utility"": 0.015917301177978516}, ""adapter_2"": {""feasible_both"": true, ""fold_a_harm"": -0.018309347331523895, ""fold_a_lcb"": -0.01858824884169735, ""fold_a_query_after"": 4.3683576583862305, ""fold_a_utility"": -0.6006505489349365, ""fold_b_harm"": -0.018387798219919205, ""fold_b_lcb"": -0.01866560115769971, ""fold_b_query_after"": 4.377543926239014, ""fold_b_utility"": -0.6047484874725342, ""harm_lcb_max"": -0.01858824884169735, ""harm_mean"": -0.01834857277572155, ""harm_se_mean"": 0.0001420164408045821, ""harm_ucb_max"": -0.01803044582135044, ""local_trainability"": -0.0036470890045166016, ""query_after"": 4.372950792312622, ""query_before"": 4.3693037033081055, ""system_utility"": -0.6026995182037354}, ""default"": {""feasible_both"": true, ""fold_a_harm"": -0.014573484659194946, ""fold_a_lcb"": -0.015322936752345412, ""fold_a_query_after"": 4.437551975250244, ""fold_a_utility"": -0.6698448657989502, ""fold_b_harm"": -0.014448579400777817, ""fold_b_lcb"": -0.01533248766208999, ""fold_b_query_after"": 4.3943939208984375, ""fold_b_utility"": -0.621598482131958, ""harm_lcb_max"": -0.015322936752345412, ""harm_mean"": -0.014511032029986382, ""harm_se_mean"": 0.0004166735598118976, ""harm_ucb_max"": -0.013564671139465644, ""local_trainability"": -0.003221750259399414, ""query_after"": 4.415972948074341, ""query_before"": 4.412751197814941, ""system_utility"": -0.6457216739654541}}, ""status"": ""ok"", ""statusquo_loss"": 3.7702512741088867, ""total_memory_budget"": 512}, ""utility_status"": ""ok""}"
78,A2,A,2,adapter_1,reuse,safe_existing_reuse,3.7718429565429688,3,True,442368,1949415,0,69404468,59213,1421136,510,49.657201239839196,487975424,0.0,41.41068842471577,6.016811387147754,512,510,3.7655487060546875,-0.5363941192626953,0.01636636257171631,-0.5527604818344116,False,,"{""best_reuse"": ""adapter_1"", ""best_reuse_utility"": 0.01636636257171631, ""decision"": ""reuse"", ""fresh_advantage"": -0.5527604818344116, ""fresh_positive"": false, ""fresh_utility"": -0.5363941192626953, ""full_batch_guards"": {""adapter_1"": {""crossfit_feasible"": true, ""crossfit_utility"": 0.01636636257171631, ""crossfit_utility_positive"": true, ""full_batch_cur_after"": 3.7483015060424805, ""full_batch_cur_before"": 3.7655487060546875, ""full_batch_gain"": 0.01724720001220703, ""full_batch_harm"": -0.016482122242450714, ""full_batch_harm_lcb"": -0.017124502359656617, ""full_batch_harm_se"": 0.00032774495775811374, ""full_batch_harm_ucb"": -0.01583974212524481, ""full_batch_safe"": true}, ""adapter_2"": {""crossfit_feasible"": true, ""crossfit_utility"": -0.6041171550750732, ""crossfit_utility_positive"": false, ""full_batch_cur_after"": 4.363742828369141, ""full_batch_cur_before"": 4.371779441833496, ""full_batch_gain"": 0.008036613464355469, ""full_batch_harm"": -0.01787617802619934, ""full_batch_harm_lcb"": -0.018151073342305608, ""full_batch_harm_se"": 0.00014025271229911596, ""full_batch_harm_ucb"": -0.017601282710093074, ""full_batch_safe"": true}, ""default"": {""crossfit_feasible"": true, ""crossfit_utility"": -0.5961475372314453, ""crossfit_utility_positive"": false, ""full_batch_cur_after"": 4.357354640960693, ""full_batch_cur_before"": 4.363717555999756, ""full_batch_gain"": 0.0063629150390625, ""full_batch_harm"": -0.014552079141139984, ""full_batch_harm_lcb"": -0.015162585114594548, ""full_batch_harm_se"": 0.0003114826395176351, ""full_batch_harm_ucb"": -0.01394157316768542, ""full_batch_safe"": true}}, ""guarded_best_reuse"": ""adapter_1"", ""num_adapters"": 3, ""pending_after"": false, ""pending_before"": false, ""policy_version"": ""cau_v1"", ""reason"": ""safe_existing_reuse"", ""utility"": {""batch_n"": 16, ""best_reuse"": ""adapter_1"", ""best_reuse_query_after"": 3.749182343482971, ""best_reuse_utility"": 0.01636636257171631, ""budget_blocked_fresh"": false, ""defer_utility"": 0.0, ""fold_a_fresh_utility"": -0.5381965637207031, ""fold_a_query_n"": 8, ""fold_a_support_n"": 8, ""fold_b_fresh_utility"": -0.5345916748046875, ""fold_b_query_n"": 8, ""fold_b_support_n"": 8, ""fresh_advantage"": -0.5527604818344116, ""fresh_local_trainability"": 0.012030601501464844, ""fresh_positive"": false, ""fresh_query_after"": 4.301942825317383, ""fresh_query_before"": 4.313973426818848, ""fresh_utility"": -0.5363941192626953, ""max_adapters"": 8, ""reuse_profiles"": {""adapter_1"": {""feasible_both"": true, ""fold_a_harm"": -0.016171909868717194, ""fold_a_lcb"": -0.016859413397032768, ""fold_a_query_after"": 3.7601773738861084, ""fold_a_utility"": 0.0161440372467041, ""fold_b_harm"": -0.016231421381235123, ""fold_b_lcb"": -0.016839136329945176, ""fold_b_query_after"": 3.738187313079834, ""fold_b_utility"": 0.016588687896728516, ""harm_lcb_max"": -0.016839136329945176, ""harm_mean"": -0.016201665624976158, ""harm_se_mean"": 0.00033041287679225206, ""harm_ucb_max"": -0.01548440634040162, ""local_trainability"": 0.01636636257171631, ""query_after"": 3.749182343482971, ""query_before"": 3.7655487060546875, ""system_utility"": 0.01636636257171631}, ""adapter_2"": {""feasible_both"": true, ""fold_a_harm"": -0.01805245503783226, ""fold_a_lcb"": -0.018327640990610235, ""fold_a_query_after"": 4.383609294891357, ""fold_a_utility"": -0.6072878837585449, ""fold_b_harm"": -0.018241018056869507, ""fold_b_lcb"": -0.01851836048241239, ""fold_b_query_after"": 4.355722427368164, ""fold_b_utility"": -0.6009464263916016, ""harm_lcb_max"": -0.018327640990610235, ""harm_mean"": -0.018146736547350883, ""harm_se_mean"": 0.0001409511169185862, ""harm_ucb_max"": -0.017777269085054285, ""local_trainability"": 0.0021135807037353516, ""query_after"": 4.369665861129761, ""query_before"": 4.371779441833496, ""system_utility"": -0.6041171550750732}, ""default"": {""feasible_both"": true, ""fold_a_harm"": -0.014554031193256378, ""fold_a_lcb"": -0.01528010394773446, ""fold_a_query_after"": 4.378307819366455, ""fold_a_utility"": -0.6019864082336426, ""fold_b_harm"": -0.014663472771644592, ""fold_b_lcb"": -0.015358342841500417, ""fold_b_query_after"": 4.3450846672058105, ""fold_b_utility"": -0.590308666229248, ""harm_lcb_max"": -0.01528010394773446, ""harm_mean"": -0.014608751982450485, ""harm_se_mean"": 0.00036248541437089443, ""harm_ucb_max"": -0.013827958438778296, ""local_trainability"": 0.002021312713623047, ""query_after"": 4.361696243286133, ""query_before"": 4.363717555999756, ""system_utility"": -0.5961475372314453}}, ""status"": ""ok"", ""statusquo_loss"": 3.7655487060546875, ""total_memory_budget"": 512}, ""utility_status"": ""ok""}"
79,A2,A,2,adapter_1,reuse,safe_existing_reuse,3.7853989601135254,3,True,442368,1949415,0,69404468,59213,1421136,510,50.492888210806996,487975424,0.0,42.238035700749606,6.016811387147754,512,510,3.762915253639221,-0.5675650835037231,0.016269922256469727,-0.5838350057601929,False,,"{""best_reuse"": ""adapter_1"", ""best_reuse_utility"": 0.016269922256469727, ""decision"": ""reuse"", ""fresh_advantage"": -0.5838350057601929, ""fresh_positive"": false, ""fresh_utility"": -0.5675650835037231, ""full_batch_guards"": {""adapter_1"": {""crossfit_feasible"": true, ""crossfit_utility"": 0.016269922256469727, ""crossfit_utility_positive"": true, ""full_batch_cur_after"": 3.745413303375244, ""full_batch_cur_before"": 3.7629151344299316, ""full_batch_gain"": 0.0175018310546875, ""full_batch_harm"": -0.016956191509962082, ""full_batch_harm_lcb"": -0.017408104752539656, ""full_batch_harm_se"": 0.0002305679809069261, ""full_batch_harm_ucb"": -0.016504278267384508, ""full_batch_safe"": true}, ""adapter_2"": {""crossfit_feasible"": true, ""crossfit_utility"": -0.6339501142501831, ""crossfit_utility_positive"": false, ""full_batch_cur_after"": 4.388139724731445, ""full_batch_cur_before"": 4.397159576416016, ""full_batch_gain"": 0.009019851684570312, ""full_batch_harm"": -0.017965201288461685, ""full_batch_harm_lcb"": -0.018241028552874922, ""full_batch_harm_se"": 0.00014072819612920284, ""full_batch_harm_ucb"": -0.017689374024048448, ""full_batch_safe"": true}, ""default"": {""crossfit_feasible"": true, ""crossfit_utility"": -0.6279391050338745, ""crossfit_utility_positive"": false, ""full_batch_cur_after"": 4.385441303253174, ""full_batch_cur_before"": 4.3925299644470215, ""full_batch_gain"": 0.007088661193847656, ""full_batch_harm"": -0.014797341078519821, ""full_batch_harm_lcb"": -0.01521158718096558, ""full_batch_harm_se"": 0.00021135005226824433, ""full_batch_harm_ucb"": -0.014383094976074063, ""full_batch_safe"": true}}, ""guarded_best_reuse"": ""adapter_1"", ""num_adapters"": 3, ""pending_after"": false, ""pending_before"": false, ""policy_version"": ""cau_v1"", ""reason"": ""safe_existing_reuse"", ""utility"": {""batch_n"": 16, ""best_reuse"": ""adapter_1"", ""best_reuse_query_after"": 3.7466453313827515, ""best_reuse_utility"": 0.016269922256469727, ""budget_blocked_fresh"": false, ""defer_utility"": 0.0, ""fold_a_fresh_utility"": -0.5758790969848633, ""fold_a_query_n"": 8, ""fold_a_support_n"": 8, ""fold_b_fresh_utility"": -0.559251070022583, ""fold_b_query_n"": 8, ""fold_b_support_n"": 8, ""fresh_advantage"": -0.5838350057601929, ""fresh_local_trainability"": 0.008027791976928711, ""fresh_positive"": false, ""fresh_query_after"": 4.330480337142944, ""fresh_query_before"": 4.338508129119873, ""fresh_utility"": -0.5675650835037231, ""max_adapters"": 8, ""reuse_profiles"": {""adapter_1"": {""feasible_both"": true, ""fold_a_harm"": -0.016755718737840652, ""fold_a_lcb"": -0.01719687488686759, ""fold_a_query_after"": 3.7295355796813965, ""fold_a_utility"": 0.016520023345947266, ""fold_b_harm"": -0.016422703862190247, ""fold_b_lcb"": -0.01691228079376742, ""fold_b_query_after"": 3.7637550830841064, ""fold_b_utility"": 0.016019821166992188, ""harm_lcb_max"": -0.01691228079376742, ""harm_mean"": -0.01658921130001545, ""harm_se_mean"": 0.00023743190831737593, ""harm_ucb_max"": -0.01593312693061307, ""local_trainability"": 0.016269922256469727, ""query_after"": 3.7466453313827515, ""query_before"": 3.762915253639221, ""system_utility"": 0.016269922256469727}, ""adapter_2"": {""feasible_both"": true, ""fold_a_harm"": -0.018237773329019547, ""fold_a_lcb"": -0.01851581901544705, ""fold_a_query_after"": 4.388484001159668, ""fold_a_utility"": -0.6424283981323242, ""fold_b_harm"": -0.018317274749279022, ""fold_b_lcb"": -0.018595393451396377, ""fold_b_query_after"": 4.405246734619141, ""fold_b_utility"": -0.625471830368042, ""harm_lcb_max"": -0.01851581901544705, ""harm_mean"": -0.018277524039149284, ""harm_se_mean"": 0.00014187867054715753, ""harm_ucb_max"": -0.017959727642592044, ""local_trainability"": 0.0002942085266113281, ""query_after"": 4.396865367889404, ""query_before"": 4.397159576416016, ""system_utility"": -0.6339501142501831}, ""default"": {""feasible_both"": true, ""fold_a_harm"": -0.014779426157474518, ""fold_a_lcb"": -0.015402434698771686, ""fold_a_query_after"": 4.400381088256836, ""fold_a_utility"": -0.6543254852294922, ""fold_b_harm"": -0.014817729592323303, ""fold_b_lcb"": -0.0153368632751517, ""fold_b_query_after"": 4.3813276290893555, ""fold_b_utility"": -0.6015527248382568, ""harm_lcb_max"": -0.0153368632751517, ""harm_mean"": -0.01479857787489891, ""harm_se_mean"": 0.0002913628122769296, ""harm_ucb_max"": -0.01415641761617735, ""local_trainability"": 0.0016756057739257812, ""query_after"": 4.390854358673096, ""query_before"": 4.3925299644470215, ""system_utility"": -0.6279391050338745}}, ""status"": ""ok"", ""statusquo_loss"": 3.762915253639221, ""total_memory_budget"": 512}, ""utility_status"": ""ok""}"
80,A2,A,2,adapter_1,reuse,safe_existing_reuse,3.7196619510650635,3,True,442368,1949415,0,69404468,59213,1421136,510,51.347036425955594,487975424,0.0,43.08370756683871,6.016811387147754,512,510,3.7412210427797756,-0.5761320224175086,0.017265833341158353,-0.593397855758667,False,,"{""best_reuse"": ""adapter_1"", ""best_reuse_utility"": 0.017265833341158353, ""decision"": ""reuse"", ""fresh_advantage"": -0.593397855758667, ""fresh_positive"": false, ""fresh_utility"": -0.5761320224175086, ""full_batch_guards"": {""adapter_1"": {""crossfit_feasible"": true, ""crossfit_utility"": 0.017265833341158353, ""crossfit_utility_positive"": true, ""full_batch_cur_after"": 3.7233831882476807, ""full_batch_cur_before"": 3.7412209510803223, ""full_batch_gain"": 0.0178377628326416, ""full_batch_harm"": -0.016870487481355667, ""full_batch_harm_lcb"": -0.01737933000200428, ""full_batch_harm_se"": 0.0002596135309431702, ""full_batch_harm_ucb"": -0.016361644960707054, ""full_batch_safe"": true}, ""adapter_2"": {""crossfit_feasible"": true, ""crossfit_utility"": -0.6461171920482929, ""crossfit_utility_positive"": false, ""full_batch_cur_after"": 4.383030414581299, ""full_batch_cur_before"": 4.392185211181641, ""full_batch_gain"": 0.009154796600341797, ""full_batch_harm"": -0.0179896242916584, ""full_batch_harm_lcb"": -0.018265409999876282, ""full_batch_harm_se"": 0.0001407069939887151, ""full_batch_harm_ucb"": -0.01771383858344052, ""full_batch_safe"": true}, ""default"": {""crossfit_feasible"": true, ""crossfit_utility"": -0.6590966994945819, ""crossfit_utility_positive"": false, ""full_batch_cur_after"": 4.397480010986328, ""full_batch_cur_before"": 4.404621601104736, ""full_batch_gain"": 0.007141590118408203, ""full_batch_harm"": -0.014525722712278366, ""full_batch_harm_lcb"": -0.015197458445327357, ""full_batch_harm_se"": 0.0003427223127800971, ""full_batch_harm_ucb"": -0.013853986979229375, ""full_batch_safe"": true}}, ""guarded_best_reuse"": ""adapter_1"", ""num_adapters"": 3, ""pending_after"": false, ""pending_before"": false, ""policy_version"": ""cau_v1"", ""reason"": ""safe_existing_reuse"", ""utility"": {""batch_n"": 13, ""best_reuse"": ""adapter_1"", ""best_reuse_query_after"": 3.7239552094386172, ""best_reuse_utility"": 0.017265833341158353, ""budget_blocked_fresh"": false, ""defer_utility"": 0.0, ""fold_a_fresh_utility"": -0.5715296268463135, ""fold_a_query_n"": 6, ""fold_a_support_n"": 7, ""fold_b_fresh_utility"": -0.5800769329071045, ""fold_b_query_n"": 7, ""fold_b_support_n"": 6, ""fresh_advantage"": -0.593397855758667, ""fresh_local_trainability"": 0.016240816849928636, ""fresh_positive"": false, ""fresh_query_after"": 4.317353065197285, ""fresh_query_before"": 4.333593882047213, ""fresh_utility"": -0.5761320224175086, ""max_adapters"": 8, ""reuse_profiles"": {""adapter_1"": {""feasible_both"": true, ""fold_a_harm"": -0.01670527085661888, ""fold_a_lcb"": -0.01721748151117936, ""fold_a_query_after"": 3.734929323196411, ""fold_a_utility"": 0.017168521881103516, ""fold_b_harm"": -0.0165596641600132, ""fold_b_lcb"": -0.01704890835680999, ""fold_b_query_after"": 3.7145488262176514, ""fold_b_utility"": 0.0173492431640625, ""harm_lcb_max"": -0.01704890835680999, ""harm_mean"": -0.01663246750831604, ""harm_se_mean"": 0.00025547317636664957, ""harm_ucb_max"": -0.01607041996321641, ""local_trainability"": 0.017265833341158353, ""query_after"": 3.7239552094386172, ""query_before"": 3.7412210427797756, ""system_utility"": 0.017265833341158353}, ""adapter_2"": {""feasible_both"": true, ""fold_a_harm"": -0.018125172704458237, ""fold_a_lcb"": -0.01840194691962097, ""fold_a_query_after"": 4.393972873687744, ""fold_a_utility"": -0.6418750286102295, ""fold_b_harm"": -0.01829255372285843, ""fold_b_lcb"": -0.0185701080650324, ""fold_b_query_after"": 4.381651401519775, ""fold_b_utility"": -0.6497533321380615, ""harm_lcb_max"": -0.01840194691962097, ""harm_mean"": -0.018208863213658333, ""harm_se_mean"": 0.000141410346259363, ""harm_ucb_max"": -0.017848398489295505, ""local_trainability"": 0.004847013033353365, ""query_after"": 4.387338234828069, ""query_before"": 4.392185247861422, ""system_utility"": -0.6461171920482929}, ""default"": {""feasible_both"": true, ""fold_a_harm"": -0.014456920325756073, ""fold_a_lcb"": -0.015189336090115831, ""fold_a_query_after"": 4.38435173034668, ""fold_a_utility"": -0.632253885269165, ""fold_b_harm"": -0.014705393463373184, ""fold_b_lcb"": -0.015376633716514335, ""fold_b_query_after"": 4.414002895355225, ""fold_b_utility"": -0.6821048259735107, ""harm_lcb_max"": -0.015189336090115831, ""harm_mean"": -0.014581156894564629, ""harm_se_mean"": 0.00035807551466859877, ""harm_ucb_max"": -0.013724504561396315, ""local_trainability"": 0.004303381993220403, ""query_after"": 4.400317742274358, ""query_before"": 4.404621124267578, ""system_utility"": -0.6590966994945819}}, ""status"": ""ok"", ""statusquo_loss"": 3.7412210427797756, ""total_memory_budget"": 512}, ""utility_status"": ""ok""}"
