step,segment,concept,occurrence,adapter,decision,reason,loss,num_adapters,train_executed,lora_parameters,private_head_parameters,unwrapped_shared_head_parameters,total_unique_parameters,currently_trainable_parameters,optimizer_state_bytes,replay_items,elapsed_seconds,gpu_peak_allocated_bytes,component_audit_seconds,live_training_seconds,evaluation_seconds,statusquo_loss,fresh_utility,best_reuse_utility,fresh_advantage,fresh_positive,fresh_feasible_both,info
1,A1,A,1,default,warmup,existing_warmup,1.0900986194610596,1,True,147456,592899,0,67696134,740355,5922952,16,1.4986324477940798,530426880,0.0,0.41257409006357193,0.0,,,,,,,"{""best_reuse"": null, ""best_reuse_utility"": null, ""decision"": ""warmup"", ""fresh_positive"": null, ""fresh_utility"": null, ""full_batch_guards"": {}, ""guarded_best_reuse"": null, ""num_adapters"": 1, ""pending_after"": false, ""pending_before"": false, ""policy_version"": ""cau_v1"", ""reason"": ""existing_warmup"", ""utility_status"": ""warmup""}"
2,A1,A,1,default,warmup,existing_warmup,1.108472228050232,1,True,147456,592899,0,67696134,740355,5922952,32,1.52514024451375,530426880,0.0,0.4344028253108263,0.0,,,,,,,"{""best_reuse"": null, ""best_reuse_utility"": null, ""decision"": ""warmup"", ""fresh_positive"": null, ""fresh_utility"": null, ""full_batch_guards"": {}, ""guarded_best_reuse"": null, ""num_adapters"": 1, ""pending_after"": false, ""pending_before"": false, ""policy_version"": ""cau_v1"", ""reason"": ""existing_warmup"", ""utility_status"": ""warmup""}"
3,A1,A,1,default,warmup,existing_warmup,1.0822674036026,1,True,147456,592899,0,67696134,740355,5922952,48,1.5486998204141855,530426880,0.0,0.45500327832996845,0.0,,,,,,,"{""best_reuse"": null, ""best_reuse_utility"": null, ""decision"": ""warmup"", ""fresh_positive"": null, ""fresh_utility"": null, ""full_batch_guards"": {}, ""guarded_best_reuse"": null, ""num_adapters"": 1, ""pending_after"": false, ""pending_before"": false, ""policy_version"": ""cau_v1"", ""reason"": ""existing_warmup"", ""utility_status"": ""warmup""}"
4,A1,A,1,default,warmup,existing_warmup,1.1098829507827759,1,True,147456,592899,0,67696134,740355,5922952,64,1.572998447343707,530426880,0.0,0.476641146466136,0.0,,,,,,,"{""best_reuse"": null, ""best_reuse_utility"": null, ""decision"": ""warmup"", ""fresh_positive"": null, ""fresh_utility"": null, ""full_batch_guards"": {}, ""guarded_best_reuse"": null, ""num_adapters"": 1, ""pending_after"": false, ""pending_before"": false, ""policy_version"": ""cau_v1"", ""reason"": ""existing_warmup"", ""utility_status"": ""warmup""}"
5,A1,A,1,default,reuse,pending_fresh_safe_existing_reuse,1.1352183818817139,1,True,147456,592899,0,67696134,740355,5922952,80,1.9489560313522816,546122752,0.0,0.8498107958585024,0.0,1.131395697593689,0.01999795436859131,0.005198419094085693,0.014799535274505615,True,,"{""best_reuse"": ""default"", ""best_reuse_utility"": 0.005198419094085693, ""decision"": ""reuse"", ""fresh_advantage"": 0.014799535274505615, ""fresh_positive"": true, ""fresh_utility"": 0.01999795436859131, ""full_batch_guards"": {""default"": {""crossfit_feasible"": true, ""crossfit_utility"": 0.005198419094085693, ""crossfit_utility_positive"": true, ""full_batch_cur_after"": 1.1182115077972412, ""full_batch_cur_before"": 1.1313955783843994, ""full_batch_gain"": 0.013184070587158203, ""full_batch_harm"": -0.005337812006473541, ""full_batch_harm_lcb"": -0.014836565479636191, ""full_batch_harm_se"": 0.004846302792429924, ""full_batch_harm_ucb"": 0.004160941466689109, ""full_batch_safe"": true}}, ""guarded_best_reuse"": ""default"", ""num_adapters"": 1, ""pending_after"": true, ""pending_before"": false, ""policy_version"": ""cau_v1"", ""reason"": ""pending_fresh_safe_existing_reuse"", ""utility"": {""batch_n"": 16, ""best_reuse"": ""default"", ""best_reuse_query_after"": 1.1261972784996033, ""best_reuse_utility"": 0.005198419094085693, ""defer_utility"": 0.0, ""fold_a_fresh_utility"": 0.00651097297668457, ""fold_a_query_n"": 8, ""fold_a_support_n"": 8, ""fold_b_fresh_utility"": 0.03348493576049805, ""fold_b_query_n"": 8, ""fold_b_support_n"": 8, ""fresh_advantage"": 0.014799535274505615, ""fresh_local_trainability"": 0.0016063451766967773, ""fresh_positive"": true, ""fresh_query_after"": 1.1113977432250977, ""fresh_query_before"": 1.1130040884017944, ""fresh_utility"": 0.01999795436859131, ""reuse_profiles"": {""default"": {""feasible_both"": true, ""fold_a_harm"": -0.005318271927535534, ""fold_a_lcb"": -0.015163792427629233, ""fold_a_query_after"": 1.1022847890853882, ""fold_a_utility"": 0.0018118619918823242, ""fold_b_harm"": -0.004837323911488056, ""fold_b_lcb"": -0.011912367651239038, ""fold_b_query_after"": 1.1501097679138184, ""fold_b_utility"": 0.008584976196289062, ""harm_lcb_max"": -0.011912367651239038, ""harm_mean"": -0.005077797919511795, ""harm_se_mean"": 0.004316470469348133, ""harm_ucb_max"": 0.004527248572558165, ""local_trainability"": 0.005198419094085693, ""query_after"": 1.1261972784996033, ""query_before"": 1.131395697593689, ""system_utility"": 0.005198419094085693}}, ""status"": ""ok"", ""statusquo_loss"": 1.131395697593689}, ""utility_status"": ""ok""}"
6,A1,A,1,adapter_1,spawn,confirmed_fresh,1.1150813102722168,2,True,294912,1185798,0,68436489,740355,11845904,96,2.241498436778784,546122752,0.0,1.1389173306524754,0.0,1.1033304929733276,0.020997345447540283,0.020686626434326172,0.00031071901321411133,True,,"{""best_reuse"": ""default"", ""best_reuse_utility"": 0.020686626434326172, ""decision"": ""spawn"", ""fresh_advantage"": 0.00031071901321411133, ""fresh_positive"": true, ""fresh_utility"": 0.020997345447540283, ""full_batch_guards"": {}, ""guarded_best_reuse"": null, ""num_adapters"": 2, ""pending_after"": false, ""pending_before"": true, ""policy_version"": ""cau_v1"", ""reason"": ""confirmed_fresh"", ""utility"": {""batch_n"": 16, ""best_reuse"": ""default"", ""best_reuse_query_after"": 1.0826438665390015, ""best_reuse_utility"": 0.020686626434326172, ""defer_utility"": 0.0, ""fold_a_fresh_utility"": 0.02959287166595459, ""fold_a_query_n"": 8, ""fold_a_support_n"": 8, ""fold_b_fresh_utility"": 0.012401819229125977, ""fold_b_query_n"": 8, ""fold_b_support_n"": 8, ""fresh_advantage"": 0.00031071901321411133, ""fresh_local_trainability"": 0.011334002017974854, ""fresh_positive"": true, ""fresh_query_after"": 1.0823331475257874, ""fresh_query_before"": 1.0936671495437622, ""fresh_utility"": 0.020997345447540283, ""reuse_profiles"": {""default"": {""feasible_both"": true, ""fold_a_harm"": -0.0018861014395952225, ""fold_a_lcb"": -0.013310071472078562, ""fold_a_query_after"": 1.0380003452301025, ""fold_a_utility"": 0.02574467658996582, ""fold_b_harm"": -0.0009458651766180992, ""fold_b_lcb"": -0.012857118193060159, ""fold_b_query_after"": 1.1272873878479004, ""fold_b_utility"": 0.015628576278686523, ""harm_lcb_max"": -0.012857118193060159, ""harm_mean"": -0.0014159833081066608, ""harm_se_mean"": 0.005952863022685051, ""harm_ucb_max"": 0.01096538783982396, ""local_trainability"": 0.020686626434326172, ""query_after"": 1.0826438665390015, ""query_before"": 1.1033304929733276, ""system_utility"": 0.020686626434326172}}, ""status"": ""ok"", ""statusquo_loss"": 1.1033304929733276}, ""utility_status"": ""ok""}"
7,A1,A,1,adapter_1,warmup,existing_warmup,1.0937814712524414,2,True,294912,1185798,0,68436489,740355,11845904,112,2.2703040707856417,546122752,0.0,1.1643878817558289,0.0,,,,,,,"{""best_reuse"": null, ""best_reuse_utility"": null, ""decision"": ""warmup"", ""fresh_positive"": null, ""fresh_utility"": null, ""full_batch_guards"": {}, ""guarded_best_reuse"": null, ""num_adapters"": 2, ""pending_after"": false, ""pending_before"": false, ""policy_version"": ""cau_v1"", ""reason"": ""existing_warmup"", ""utility_status"": ""warmup""}"
8,A1,A,1,adapter_1,warmup,existing_warmup,1.0771570205688477,2,True,294912,1185798,0,68436489,740355,11845904,128,2.298077939078212,546122752,0.0,1.189365765079856,0.0,,,,,,,"{""best_reuse"": null, ""best_reuse_utility"": null, ""decision"": ""warmup"", ""fresh_positive"": null, ""fresh_utility"": null, ""full_batch_guards"": {}, ""guarded_best_reuse"": null, ""num_adapters"": 2, ""pending_after"": false, ""pending_before"": false, ""policy_version"": ""cau_v1"", ""reason"": ""existing_warmup"", ""utility_status"": ""warmup""}"
9,A1,A,1,adapter_1,warmup,existing_warmup,1.0888781547546387,2,True,294912,1185798,0,68436489,740355,11845904,144,2.326506271958351,546122752,0.0,1.214918065816164,0.0,,,,,,,"{""best_reuse"": null, ""best_reuse_utility"": null, ""decision"": ""warmup"", ""fresh_positive"": null, ""fresh_utility"": null, ""full_batch_guards"": {}, ""guarded_best_reuse"": null, ""num_adapters"": 2, ""pending_after"": false, ""pending_before"": false, ""policy_version"": ""cau_v1"", ""reason"": ""existing_warmup"", ""utility_status"": ""warmup""}"
10,A1,A,1,default,reuse,safe_existing_reuse,1.083223581314087,2,True,294912,1185798,0,68436489,740355,11845904,160,2.9295183159410954,546122752,0.0,1.8150709103792906,0.0,1.0931165218353271,-0.01081395149230957,0.003928482532501221,-0.014742434024810791,False,,"{""best_reuse"": ""default"", ""best_reuse_utility"": 0.003928482532501221, ""decision"": ""reuse"", ""fresh_advantage"": -0.014742434024810791, ""fresh_positive"": false, ""fresh_utility"": -0.01081395149230957, ""full_batch_guards"": {""adapter_1"": {""crossfit_feasible"": true, ""crossfit_utility"": -0.0015589594841003418, ""crossfit_utility_positive"": false, ""full_batch_cur_after"": 1.0877039432525635, ""full_batch_cur_before"": 1.0931165218353271, ""full_batch_gain"": 0.005412578582763672, ""full_batch_harm"": -0.0026475470513105392, ""full_batch_harm_lcb"": -0.004741326491348445, ""full_batch_harm_se"": 0.0010682548163458705, ""full_batch_harm_ucb"": -0.0005537676112726329, ""full_batch_safe"": true}, ""default"": {""crossfit_feasible"": true, ""crossfit_utility"": 0.003928482532501221, ""crossfit_utility_positive"": true, ""full_batch_cur_after"": 1.0830063819885254, ""full_batch_cur_before"": 1.091412901878357, ""full_batch_gain"": 0.008406519889831543, ""full_batch_harm"": -0.0020662741735577583, ""full_batch_harm_lcb"": -0.011615562718361616, ""full_batch_harm_se"": 0.004872085992246866, ""full_batch_harm_ucb"": 0.0074830143712460995, ""full_batch_safe"": true}}, ""guarded_best_reuse"": ""default"", ""num_adapters"": 2, ""pending_after"": false, ""pending_before"": false, ""policy_version"": ""cau_v1"", ""reason"": ""safe_existing_reuse"", ""utility"": {""batch_n"": 16, ""best_reuse"": ""default"", ""best_reuse_query_after"": 1.089188039302826, ""best_reuse_utility"": 0.003928482532501221, ""defer_utility"": 0.0, ""fold_a_fresh_utility"": -0.016922712326049805, ""fold_a_query_n"": 8, ""fold_a_support_n"": 8, ""fold_b_fresh_utility"": -0.004705190658569336, ""fold_b_query_n"": 8, ""fold_b_support_n"": 8, ""fresh_advantage"": -0.014742434024810791, ""fresh_local_trainability"": -0.005536496639251709, ""fresh_positive"": false, ""fresh_query_after"": 1.1039304733276367, ""fresh_query_before"": 1.098393976688385, ""fresh_utility"": -0.01081395149230957, ""reuse_profiles"": {""adapter_1"": {""feasible_both"": true, ""fold_a_harm"": -0.0025819027796387672, ""fold_a_lcb"": -0.004591387887485325, ""fold_a_query_after"": 1.0958795547485352, ""fold_a_utility"": -0.0011224746704101562, ""fold_b_harm"": -0.0029745418578386307, ""fold_b_lcb"": -0.006681095506064594, ""fold_b_query_after"": 1.0934714078903198, ""fold_b_utility"": -0.0019954442977905273, ""harm_lcb_max"": -0.004591387887485325, ""harm_mean"": -0.002778222318738699, ""harm_se_mean"": 0.0014581731520593166, ""harm_ucb_max"": 0.0007320117903873323, ""local_trainability"": -0.0015589594841003418, ""query_after"": 1.0946754813194275, ""query_before"": 1.0931165218353271, ""system_utility"": -0.0015589594841003418}, ""default"": {""feasible_both"": true, ""fold_a_harm"": -0.001843753270804882, ""fold_a_lcb"": -0.010274462439119815, ""fold_a_query_after"": 1.099755048751831, ""fold_a_utility"": -0.004997968673706055, ""fold_b_harm"": -0.0019887294620275497, ""fold_b_lcb"": -0.011965959314256907, ""fold_b_query_after"": 1.0786210298538208, ""fold_b_utility"": 0.012854933738708496, ""harm_lcb_max"": -0.010274462439119815, ""harm_mean"": -0.001916241366416216, ""harm_se_mean"": 0.004695902811363339, ""harm_ucb_max"": 0.007988500390201807, ""local_trainability"": 0.002224862575531006, ""query_after"": 1.089188039302826, ""query_before"": 1.091412901878357, ""system_utility"": 0.003928482532501221}}, ""status"": ""ok"", ""statusquo_loss"": 1.0931165218353271}, ""utility_status"": ""ok""}"
11,A1,A,1,adapter_1,reuse,safe_existing_reuse,1.106593132019043,2,True,294912,1185798,0,68436489,740355,11845904,176,3.5004595406353474,546122752,0.0,2.3824064172804356,0.0,1.1032583117485046,-0.005868136882781982,0.002370476722717285,-0.008238613605499268,False,,"{""best_reuse"": ""adapter_1"", ""best_reuse_utility"": 0.002370476722717285, ""decision"": ""reuse"", ""fresh_advantage"": -0.008238613605499268, ""fresh_positive"": false, ""fresh_utility"": -0.005868136882781982, ""full_batch_guards"": {""adapter_1"": {""crossfit_feasible"": true, ""crossfit_utility"": 0.002370476722717285, ""crossfit_utility_positive"": true, ""full_batch_cur_after"": 1.0944961309432983, ""full_batch_cur_before"": 1.0994031429290771, ""full_batch_gain"": 0.004907011985778809, ""full_batch_harm"": -0.0025031566619873047, ""full_batch_harm_lcb"": -0.0043431470263749355, ""full_batch_harm_se"": 0.0009387705940753222, ""full_batch_harm_ucb"": -0.0006631662975996734, ""full_batch_safe"": true}, ""default"": {""crossfit_feasible"": true, ""crossfit_utility"": 0.00024372339248657227, ""crossfit_utility_positive"": true, ""full_batch_cur_after"": 1.0979197025299072, ""full_batch_cur_before"": 1.1032583713531494, ""full_batch_gain"": 0.0053386688232421875, ""full_batch_harm"": -0.004370228387415409, ""full_batch_harm_lcb"": -0.013384979106485843, ""full_batch_harm_se"": 0.00459936261177063, ""full_batch_harm_ucb"": 0.0046445223316550245, ""full_batch_safe"": true}}, ""guarded_best_reuse"": ""adapter_1"", ""num_adapters"": 2, ""pending_after"": false, ""pending_before"": false, ""policy_version"": ""cau_v1"", ""reason"": ""safe_existing_reuse"", ""utility"": {""batch_n"": 16, ""best_reuse"": ""adapter_1"", ""best_reuse_query_after"": 1.1008878350257874, ""best_reuse_utility"": 0.002370476722717285, ""defer_utility"": 0.0, ""fold_a_fresh_utility"": -0.008137941360473633, ""fold_a_query_n"": 8, ""fold_a_support_n"": 8, ""fold_b_fresh_utility"": -0.003598332405090332, ""fold_b_query_n"": 8, ""fold_b_support_n"": 8, ""fresh_advantage"": -0.008238613605499268, ""fresh_local_trainability"": -0.0038560032844543457, ""fresh_positive"": false, ""fresh_query_after"": 1.1091264486312866, ""fresh_query_before"": 1.1052704453468323, ""fresh_utility"": -0.005868136882781982, ""reuse_profiles"": {""adapter_1"": {""feasible_both"": true, ""fold_a_harm"": -0.0026364922523498535, ""fold_a_lcb"": -0.005761095564812422, ""fold_a_query_after"": 1.0905888080596924, ""fold_a_utility"": -0.007218837738037109, ""fold_b_harm"": -0.0027550430968403816, ""fold_b_lcb"": -0.004323199356440455, ""fold_b_query_after"": 1.1111868619918823, ""fold_b_utility"": 0.01195979118347168, ""harm_lcb_max"": -0.004323199356440455, ""harm_mean"": -0.0026957676745951176, ""harm_se_mean"": 0.001197132543893531, ""harm_ucb_max"": 0.00048811106011271456, ""local_trainability"": -0.0014846324920654297, ""query_after"": 1.1008878350257874, ""query_before"": 1.099403202533722, ""system_utility"": 0.002370476722717285}, ""default"": {""feasible_both"": true, ""fold_a_harm"": -0.004158344119787216, ""fold_a_lcb"": -0.013704309538006783, ""fold_a_query_after"": 1.0846617221832275, ""fold_a_utility"": -0.0012917518615722656, ""fold_b_harm"": -0.004472271539270878, ""fold_b_lcb"": -0.012748080659657716, ""fold_b_query_after"": 1.1213674545288086, ""fold_b_utility"": 0.0017791986465454102, ""harm_lcb_max"": -0.012748080659657716, ""harm_mean"": -0.004315307829529047, ""harm_se_mean"": 0.00454637105576694, ""harm_ucb_max"": 0.0053876212984323504, ""local_trainability"": 0.00024372339248657227, ""query_after"": 1.103014588356018, ""query_before"": 1.1032583117485046, ""system_utility"": 0.00024372339248657227}}, ""status"": ""ok"", ""statusquo_loss"": 1.1032583117485046}, ""utility_status"": ""ok""}"
12,A1,A,1,adapter_1,reuse,safe_existing_reuse,1.093608021736145,2,True,294912,1185798,0,68436489,740355,11845904,192,4.078900191932917,555794944,0.0,2.956982595846057,0.0,1.0919466018676758,-0.021979928016662598,-0.0015015602111816406,-0.020478367805480957,False,,"{""best_reuse"": ""adapter_1"", ""best_reuse_utility"": -0.0015015602111816406, ""decision"": ""reuse"", ""fresh_advantage"": -0.020478367805480957, ""fresh_positive"": false, ""fresh_utility"": -0.021979928016662598, ""full_batch_guards"": {""adapter_1"": {""crossfit_feasible"": true, ""crossfit_utility"": -0.0015015602111816406, ""crossfit_utility_positive"": false, ""full_batch_cur_after"": 1.0855594873428345, ""full_batch_cur_before"": 1.0919466018676758, ""full_batch_gain"": 0.006387114524841309, ""full_batch_harm"": -0.0018882779404520988, ""full_batch_harm_lcb"": -0.005657183565199375, ""full_batch_harm_se"": 0.0019229110330343246, ""full_batch_harm_ucb"": 0.0018806276842951775, ""full_batch_safe"": true}, ""default"": {""crossfit_feasible"": true, ""crossfit_utility"": -0.006486415863037109, ""crossfit_utility_positive"": false, ""full_batch_cur_after"": 1.0914816856384277, ""full_batch_cur_before"": 1.0991674661636353, ""full_batch_gain"": 0.0076857805252075195, ""full_batch_harm"": -0.00393229816108942, ""full_batch_harm_lcb"": -0.013772982284426688, ""full_batch_harm_se"": 0.005020757205784321, ""full_batch_harm_ucb"": 0.005908385962247848, ""full_batch_safe"": true}}, ""guarded_best_reuse"": ""adapter_1"", ""num_adapters"": 2, ""pending_after"": false, ""pending_before"": false, ""policy_version"": ""cau_v1"", ""reason"": ""safe_existing_reuse"", ""utility"": {""batch_n"": 16, ""best_reuse"": ""adapter_1"", ""best_reuse_query_after"": 1.0934481620788574, ""best_reuse_utility"": -0.0015015602111816406, ""defer_utility"": 0.0, ""fold_a_fresh_utility"": -0.0503687858581543, ""fold_a_query_n"": 8, ""fold_a_support_n"": 8, ""fold_b_fresh_utility"": 0.0064089298248291016, ""fold_b_query_n"": 8, ""fold_b_support_n"": 8, ""fresh_advantage"": -0.020478367805480957, ""fresh_local_trainability"": -0.007785797119140625, ""fresh_positive"": false, ""fresh_query_after"": 1.1139265298843384, ""fresh_query_before"": 1.1061407327651978, ""fresh_utility"": -0.021979928016662598, ""reuse_profiles"": {""adapter_1"": {""feasible_both"": true, ""fold_a_harm"": -7.129646837711334e-05, ""fold_a_lcb"": -0.004837362766265869, ""fold_a_query_after"": 1.0715842247009277, ""fold_a_utility"": -0.0026352405548095703, ""fold_b_harm"": -0.0033692317083477974, ""fold_b_lcb"": -0.007108847317285836, ""fold_b_query_after"": 1.115312099456787, ""fold_b_utility"": -0.00036787986755371094, ""harm_lcb_max"": -0.004837362766265869, ""harm_mean"": -0.0017202640883624554, ""harm_se_mean"": 0.002169816812966019, ""harm_ucb_max"": 0.004694769829511642, ""local_trainability"": -0.0015015602111816406, ""query_after"": 1.0934481620788574, ""query_before"": 1.0919466018676758, ""system_utility"": -0.0015015602111816406}, ""default"": {""feasible_both"": true, ""fold_a_harm"": -0.003393215127289295, ""fold_a_lcb"": -0.009611711353063584, ""fold_a_query_after"": 1.083700180053711, ""fold_a_utility"": -0.014751195907592773, ""fold_b_harm"": -0.00455000065267086, ""fold_b_lcb"": -0.016071064211428163, ""fold_b_query_after"": 1.1131658554077148, ""fold_b_utility"": 0.0017783641815185547, ""harm_lcb_max"": -0.009611711353063584, ""harm_mean"": -0.003971607889980078, ""harm_se_mean"": 0.004525397904217243, ""harm_ucb_max"": 0.006971062906086444, ""local_trainability"": 0.0007345080375671387, ""query_after"": 1.098433017730713, ""query_before"": 1.09916752576828, ""system_utility"": -0.006486415863037109}}, ""status"": ""ok"", ""statusquo_loss"": 1.0919466018676758}, ""utility_status"": ""ok""}"
13,A1,A,1,adapter_1,reuse,safe_existing_reuse,1.0584716796875,2,True,294912,1185798,0,68436489,740355,11845904,208,4.672812391072512,555794944,0.0,3.546947106719017,0.0,1.0550673305988312,-0.10630562901496887,-0.00843721628189087,-0.097868412733078,False,,"{""best_reuse"": ""adapter_1"", ""best_reuse_utility"": -0.00843721628189087, ""decision"": ""reuse"", ""fresh_advantage"": -0.097868412733078, ""fresh_positive"": false, ""fresh_utility"": -0.10630562901496887, ""full_batch_guards"": {""adapter_1"": {""crossfit_feasible"": true, ""crossfit_utility"": -0.00843721628189087, ""crossfit_utility_positive"": false, ""full_batch_cur_after"": 1.044337272644043, ""full_batch_cur_before"": 1.0550673007965088, ""full_batch_gain"": 0.01073002815246582, ""full_batch_harm"": -0.0030622733756899834, ""full_batch_harm_lcb"": -0.008826477387920022, ""full_batch_harm_se"": 0.002940920414403081, ""full_batch_harm_ucb"": 0.002701930636540055, ""full_batch_safe"": true}, ""default"": {""crossfit_feasible"": true, ""crossfit_utility"": -0.03770717978477478, ""crossfit_utility_positive"": false, ""full_batch_cur_after"": 1.0741291046142578, ""full_batch_cur_before"": 1.094430923461914, ""full_batch_gain"": 0.02030181884765625, ""full_batch_harm"": -0.0043219635263085365, ""full_batch_harm_lcb"": -0.015986190773546696, ""full_batch_harm_se"": 0.005951136350631714, ""full_batch_harm_ucb"": 0.007342263720929623, ""full_batch_safe"": true}}, ""guarded_best_reuse"": ""adapter_1"", ""num_adapters"": 2, ""pending_after"": false, ""pending_before"": false, ""policy_version"": ""cau_v1"", ""reason"": ""safe_existing_reuse"", ""utility"": {""batch_n"": 16, ""best_reuse"": ""adapter_1"", ""best_reuse_query_after"": 1.063504546880722, ""best_reuse_utility"": -0.00843721628189087, ""defer_utility"": 0.0, ""fold_a_fresh_utility"": -0.16585737466812134, ""fold_a_query_n"": 8, ""fold_a_support_n"": 8, ""fold_b_fresh_utility"": -0.046753883361816406, ""fold_b_query_n"": 8, ""fold_b_support_n"": 8, ""fresh_advantage"": -0.097868412733078, ""fresh_local_trainability"": -0.05253255367279053, ""fresh_positive"": false, ""fresh_query_after"": 1.1613729596138, ""fresh_query_before"": 1.1088404059410095, ""fresh_utility"": -0.10630562901496887, ""reuse_profiles"": {""adapter_1"": {""feasible_both"": true, ""fold_a_harm"": -0.00041552912443876266, ""fold_a_lcb"": -0.007720178002491593, ""fold_a_query_after"": 0.9854294657707214, ""fold_a_utility"": -0.015499591827392578, ""fold_b_harm"": -0.003931716084480286, ""fold_b_lcb"": -0.008958131233230233, ""fold_b_query_after"": 1.1415796279907227, ""fold_b_utility"": -0.0013748407363891602, ""harm_lcb_max"": -0.007720178002491593, ""harm_mean"": -0.002173622604459524, ""harm_se_mean"": 0.003145679598674178, ""harm_ucb_max"": 0.006889119753614068, ""local_trainability"": -0.00843721628189087, ""query_after"": 1.063504546880722, ""query_before"": 1.0550673305988312, ""system_utility"": -0.00843721628189087}, ""default"": {""feasible_both"": true, ""fold_a_harm"": -0.0028617307543754578, ""fold_a_lcb"": -0.010257684383541346, ""fold_a_query_after"": 1.024505376815796, ""fold_a_utility"": -0.05457550287246704, ""fold_b_harm"": -0.005233784206211567, ""fold_b_lcb"": -0.017931858859956264, ""fold_b_query_after"": 1.161043643951416, ""fold_b_utility"": -0.02083885669708252, ""harm_lcb_max"": -0.010257684383541346, ""harm_mean"": -0.004047757480293512, ""harm_se_mean"": 0.005126027623191476, ""harm_ucb_max"": 0.0074642904475331305, ""local_trainability"": 0.00165635347366333, ""query_after"": 1.092774510383606, ""query_before"": 1.0944308638572693, ""system_utility"": -0.03770717978477478}}, ""status"": ""ok"", ""statusquo_loss"": 1.0550673305988312}, ""utility_status"": ""ok""}"
14,A1,A,1,default,reuse,pending_fresh_safe_existing_reuse,1.1502265930175781,2,True,294912,1185798,0,68436489,740355,11845904,224,5.238119572401047,555794944,0.0,4.108388910070062,0.0,1.1746808290481567,0.10401606559753418,0.017485618591308594,0.08653044700622559,True,,"{""best_reuse"": ""default"", ""best_reuse_utility"": 0.017485618591308594, ""decision"": ""reuse"", ""fresh_advantage"": 0.08653044700622559, ""fresh_positive"": true, ""fresh_utility"": 0.10401606559753418, ""full_batch_guards"": {""adapter_1"": {""crossfit_feasible"": true, ""crossfit_utility"": 0.012823522090911865, ""crossfit_utility_positive"": true, ""full_batch_cur_after"": 1.1584795713424683, ""full_batch_cur_before"": 1.1746808290481567, ""full_batch_gain"": 0.016201257705688477, ""full_batch_harm"": -0.0010749166831374168, ""full_batch_harm_lcb"": -0.008080520676448941, ""full_batch_harm_se"": 0.0035742877516895533, ""full_batch_harm_ucb"": 0.005930687310174107, ""full_batch_safe"": true}, ""default"": {""crossfit_feasible"": true, ""crossfit_utility"": 0.017485618591308594, ""crossfit_utility_positive"": true, ""full_batch_cur_after"": 1.1529382467269897, ""full_batch_cur_before"": 1.1500959396362305, ""full_batch_gain"": -0.0028423070907592773, ""full_batch_harm"": -0.0027235401794314384, ""full_batch_harm_lcb"": -0.007929890174418688, ""full_batch_harm_se"": 0.0026563010178506374, ""full_batch_harm_ucb"": 0.002482809815555811, ""full_batch_safe"": true}}, ""guarded_best_reuse"": ""default"", ""num_adapters"": 2, ""pending_after"": true, ""pending_before"": false, ""policy_version"": ""cau_v1"", ""reason"": ""pending_fresh_safe_existing_reuse"", ""utility"": {""batch_n"": 16, ""best_reuse"": ""default"", ""best_reuse_query_after"": 1.1571952104568481, ""best_reuse_utility"": 0.017485618591308594, ""defer_utility"": 0.0, ""fold_a_fresh_utility"": 0.12709558010101318, ""fold_a_query_n"": 8, ""fold_a_support_n"": 8, ""fold_b_fresh_utility"": 0.08093655109405518, ""fold_b_query_n"": 8, ""fold_b_support_n"": 8, ""fresh_advantage"": 0.08653044700622559, ""fresh_local_trainability"": 0.059313952922821045, ""fresh_positive"": true, ""fresh_query_after"": 1.0706647634506226, ""fresh_query_before"": 1.1299787163734436, ""fresh_utility"": 0.10401606559753418, ""reuse_profiles"": {""adapter_1"": {""feasible_both"": true, ""fold_a_harm"": -0.001318204216659069, ""fold_a_lcb"": -0.008596913358196616, ""fold_a_query_after"": 1.1791030168533325, ""fold_a_utility"": 0.007877111434936523, ""fold_b_harm"": -0.0009441953152418137, ""fold_b_lcb"": -0.006903327032923698, ""fold_b_query_after"": 1.1446115970611572, ""fold_b_utility"": 0.017769932746887207, ""harm_lcb_max"": -0.006903327032923698, ""harm_mean"": -0.0011311997659504414, ""harm_se_mean"": 0.0033770002191886306, ""harm_ucb_max"": 0.005960504924878478, ""local_trainability"": 0.012823522090911865, ""query_after"": 1.1618573069572449, ""query_before"": 1.1746808290481567, ""system_utility"": 0.012823522090911865}, ""default"": {""feasible_both"": true, ""fold_a_harm"": -0.0027710208669304848, ""fold_a_lcb"": -0.00886778031475842, ""fold_a_query_after"": 1.1458451747894287, ""fold_a_utility"": 0.04113495349884033, ""fold_b_harm"": -0.0030098119750618935, ""fold_b_lcb"": -0.007017596643418073, ""fold_b_query_after"": 1.1685452461242676, ""fold_b_utility"": -0.0061637163162231445, ""harm_lcb_max"": -0.007017596643418073, ""harm_mean"": -0.002890416420996189, ""harm_se_mean"": 0.0025776898255571723, ""harm_ucb_max"": 0.0033257385808974508, ""local_trainability"": -0.007099270820617676, ""query_after"": 1.1571952104568481, ""query_before"": 1.1500959396362305, ""system_utility"": 0.017485618591308594}}, ""status"": ""ok"", ""statusquo_loss"": 1.1746808290481567}, ""utility_status"": ""ok""}"
15,A1,A,1,adapter_2,spawn,confirmed_fresh,1.0844032764434814,3,True,442368,1778697,0,69176844,740355,17768856,240,5.677478468045592,555794944,0.0,4.5436546336859465,0.0,1.0983872413635254,0.009844183921813965,-0.0038748979568481445,0.01371908187866211,True,,"{""best_reuse"": ""default"", ""best_reuse_utility"": -0.0038748979568481445, ""decision"": ""spawn"", ""fresh_advantage"": 0.01371908187866211, ""fresh_positive"": true, ""fresh_utility"": 0.009844183921813965, ""full_batch_guards"": {}, ""guarded_best_reuse"": null, ""num_adapters"": 3, ""pending_after"": false, ""pending_before"": true, ""policy_version"": ""cau_v1"", ""reason"": ""confirmed_fresh"", ""utility"": {""batch_n"": 16, ""best_reuse"": ""default"", ""best_reuse_query_after"": 1.1022621393203735, ""best_reuse_utility"": -0.0038748979568481445, ""defer_utility"": 0.0, ""fold_a_fresh_utility"": 0.001039743423461914, ""fold_a_query_n"": 8, ""fold_a_support_n"": 8, ""fold_b_fresh_utility"": 0.018648624420166016, ""fold_b_query_n"": 8, ""fold_b_support_n"": 8, ""fresh_advantage"": 0.01371908187866211, ""fresh_local_trainability"": -0.0036762356758117676, ""fresh_positive"": true, ""fresh_query_after"": 1.0885430574417114, ""fresh_query_before"": 1.0848668217658997, ""fresh_utility"": 0.009844183921813965, ""reuse_profiles"": {""adapter_1"": {""feasible_both"": true, ""fold_a_harm"": -0.0014561796560883522, ""fold_a_lcb"": -0.004367486797273159, ""fold_a_query_after"": 1.0952129364013672, ""fold_a_utility"": -0.0008859634399414062, ""fold_b_harm"": -0.0019182832911610603, ""fold_b_lcb"": -0.004782848753966391, ""fold_b_query_after"": 1.1458237171173096, ""fold_b_utility"": -0.04337620735168457, ""harm_lcb_max"": -0.004367486797273159, ""harm_mean"": -0.0016872314736247063, ""harm_se_mean"": 0.0014734368887729943, ""harm_ucb_max"": 0.0014551274850964544, ""local_trainability"": -0.004100978374481201, ""query_after"": 1.1205183267593384, ""query_before"": 1.1164173483848572, ""system_utility"": -0.02213108539581299}, ""default"": {""feasible_both"": true, ""fold_a_harm"": -0.0012236088514328003, ""fold_a_lcb"": -0.0025588049017824235, ""fold_a_query_after"": 1.096505045890808, ""fold_a_utility"": -0.0021780729293823242, ""fold_b_harm"": -0.00046582799404859543, ""fold_b_lcb"": -0.003827892248518765, ""fold_b_query_after"": 1.108019232749939, ""fold_b_utility"": -0.005571722984313965, ""harm_lcb_max"": -0.0025588049017824235, ""harm_mean"": -0.0008447184227406979, ""harm_se_mean"": 0.0011982806900050491, ""harm_ucb_max"": 0.002896236260421574, ""local_trainability"": -0.0038748979568481445, ""query_after"": 1.1022621393203735, ""query_before"": 1.0983872413635254, ""system_utility"": -0.0038748979568481445}}, ""status"": ""ok"", ""statusquo_loss"": 1.0983872413635254}, ""utility_status"": ""ok""}"
16,A1,A,1,adapter_2,warmup,existing_warmup,1.0960443019866943,3,True,442368,1778697,0,69176844,740355,17768856,256,5.701578149572015,555794944,0.0,4.563689326867461,0.0,,,,,,,"{""best_reuse"": null, ""best_reuse_utility"": null, ""decision"": ""warmup"", ""fresh_positive"": null, ""fresh_utility"": null, ""full_batch_guards"": {}, ""guarded_best_reuse"": null, ""num_adapters"": 3, ""pending_after"": false, ""pending_before"": false, ""policy_version"": ""cau_v1"", ""reason"": ""existing_warmup"", ""utility_status"": ""warmup""}"
17,A1,A,1,adapter_2,warmup,existing_warmup,1.080655574798584,3,True,442368,1778697,0,69176844,740355,17768856,272,5.732457775622606,555794944,0.0,4.590694010257721,0.0,,,,,,,"{""best_reuse"": null, ""best_reuse_utility"": null, ""decision"": ""warmup"", ""fresh_positive"": null, ""fresh_utility"": null, ""full_batch_guards"": {}, ""guarded_best_reuse"": null, ""num_adapters"": 3, ""pending_after"": false, ""pending_before"": false, ""policy_version"": ""cau_v1"", ""reason"": ""existing_warmup"", ""utility_status"": ""warmup""}"
18,A1,A,1,adapter_2,warmup,existing_warmup,1.0296216011047363,3,True,442368,1778697,0,69176844,740355,17768856,288,5.762292377650738,555794944,0.0,4.616933746263385,0.0,,,,,,,"{""best_reuse"": null, ""best_reuse_utility"": null, ""decision"": ""warmup"", ""fresh_positive"": null, ""fresh_utility"": null, ""full_batch_guards"": {}, ""guarded_best_reuse"": null, ""num_adapters"": 3, ""pending_after"": false, ""pending_before"": false, ""policy_version"": ""cau_v1"", ""reason"": ""existing_warmup"", ""utility_status"": ""warmup""}"
19,B1,B,1,adapter_2,reuse,safe_existing_reuse,1.076613187789917,3,True,442368,1778697,0,69176844,740355,17768856,304,8.01654896326363,563245056,0.0,5.4254090916365385,1.4422578997910023,1.080640196800232,-0.0348505973815918,-0.010949432849884033,-0.023901164531707764,False,,"{""best_reuse"": ""adapter_2"", ""best_reuse_utility"": -0.010949432849884033, ""decision"": ""reuse"", ""fresh_advantage"": -0.023901164531707764, ""fresh_positive"": false, ""fresh_utility"": -0.0348505973815918, ""full_batch_guards"": {""adapter_1"": {""crossfit_feasible"": true, ""crossfit_utility"": -0.046129584312438965, ""crossfit_utility_positive"": false, ""full_batch_cur_after"": 1.1158994436264038, ""full_batch_cur_before"": 1.1177425384521484, ""full_batch_gain"": 0.001843094825744629, ""full_batch_harm"": -0.0016695903614163399, ""full_batch_harm_lcb"": -0.004394879080355168, ""full_batch_harm_se"": 0.001390453428030014, ""full_batch_harm_ucb"": 0.0010556983575224876, ""full_batch_safe"": true}, ""adapter_2"": {""crossfit_feasible"": true, ""crossfit_utility"": -0.010949432849884033, ""crossfit_utility_positive"": false, ""full_batch_cur_after"": 1.077407717704773, ""full_batch_cur_before"": 1.0806403160095215, ""full_batch_gain"": 0.003232598304748535, ""full_batch_harm"": -0.006391681730747223, ""full_batch_harm_lcb"": -0.014877640046179294, ""full_batch_harm_se"": 0.004329570569097996, ""full_batch_harm_ucb"": 0.0020942765846848482, ""full_batch_safe"": true}, ""default"": {""crossfit_feasible"": true, ""crossfit_utility"": -0.02842658758163452, ""crossfit_utility_positive"": false, ""full_batch_cur_after"": 1.0977058410644531, ""full_batch_cur_before"": 1.1000428199768066, ""full_batch_gain"": 0.0023369789123535156, ""full_batch_harm"": -0.001150684431195259, ""full_batch_harm_lcb"": -0.0027024885988794264, ""full_batch_harm_se"": 0.0007917368202470243, ""full_batch_harm_ucb"": 0.0004011197364889084, ""full_batch_safe"": true}}, ""guarded_best_reuse"": ""adapter_2"", ""num_adapters"": 3, ""pending_after"": false, ""pending_before"": false, ""policy_version"": ""cau_v1"", ""reason"": ""safe_existing_reuse"", ""utility"": {""batch_n"": 16, ""best_reuse"": ""adapter_2"", ""best_reuse_query_after"": 1.091589629650116, ""best_reuse_utility"": -0.010949432849884033, ""defer_utility"": 0.0, ""fold_a_fresh_utility"": 0.012758970260620117, ""fold_a_query_n"": 8, ""fold_a_support_n"": 8, ""fold_b_fresh_utility"": -0.08246016502380371, ""fold_b_query_n"": 8, ""fold_b_support_n"": 8, ""fresh_advantage"": -0.023901164531707764, ""fresh_local_trainability"": -0.03066343069076538, ""fresh_positive"": false, ""fresh_query_after"": 1.1154907941818237, ""fresh_query_before"": 1.0848273634910583, ""fresh_utility"": -0.0348505973815918, ""reuse_profiles"": {""adapter_1"": {""feasible_both"": true, ""fold_a_harm"": -0.0015609180554747581, ""fold_a_lcb"": -0.0034013613453134895, ""fold_a_query_after"": 1.0829359292984009, ""fold_a_utility"": 0.06953179836273193, ""fold_b_harm"": -0.0023177042603492737, ""fold_b_lcb"": -0.008342772340402007, ""fold_b_query_after"": 1.170603632926941, ""fold_b_utility"": -0.16179096698760986, ""harm_lcb_max"": -0.0034013613453134895, ""harm_mean"": -0.001939311157912016, ""harm_se_mean"": 0.002006508002523333, ""harm_ucb_max"": 0.0037073638197034596, ""local_trainability"": -0.009027242660522461, ""query_after"": 1.126769781112671, ""query_before"": 1.1177425384521484, ""system_utility"": -0.046129584312438965}, ""adapter_2"": {""feasible_both"": true, ""fold_a_harm"": -0.007590631954371929, ""fold_a_lcb"": -0.020100651048123835, ""fold_a_query_after"": 1.174579381942749, ""fold_a_utility"": -0.02211165428161621, ""fold_b_harm"": -0.005426220595836639, ""fold_b_lcb"": -0.010662318095564841, ""fold_b_query_after"": 1.008599877357483, ""fold_b_utility"": 0.00021278858184814453, ""harm_lcb_max"": -0.010662318095564841, ""harm_mean"": -0.006508426275104284, ""harm_se_mean"": 0.004527070559561253, ""harm_ucb_max"": 0.004919387139379979, ""local_trainability"": -0.010949432849884033, ""query_after"": 1.091589629650116, ""query_before"": 1.080640196800232, ""system_utility"": -0.010949432849884033}, ""default"": {""feasible_both"": true, ""fold_a_harm"": -0.001748349517583847, ""fold_a_lcb"": -0.002337860685074702, ""fold_a_query_after"": 1.1087417602539062, ""fold_a_utility"": 0.04372596740722656, ""fold_b_harm"": 0.0011069225147366524, ""fold_b_lcb"": -0.005378667386248708, ""fold_b_query_after"": 1.1093918085098267, ""fold_b_utility"": -0.1005791425704956, ""harm_lcb_max"": -0.002337860685074702, ""harm_mean"": -0.00032071350142359734, ""harm_se_mean"": 0.0018048727215500548, ""harm_ucb_max"": 0.007592512415722012, ""local_trainability"": -0.009023964405059814, ""query_after"": 1.1090667843818665, ""query_before"": 1.1000428199768066, ""system_utility"": -0.02842658758163452}}, ""status"": ""ok"", ""statusquo_loss"": 1.080640196800232}, ""utility_status"": ""ok""}"
20,B1,B,1,adapter_2,reuse,safe_existing_reuse,1.0597023963928223,3,True,442368,1778697,0,69176844,740355,17768856,320,8.839655015617609,563245056,0.0,6.244258124381304,1.4422578997910023,1.0733793377876282,-0.02638787031173706,0.003275454044342041,-0.0296633243560791,False,,"{""best_reuse"": ""adapter_2"", ""best_reuse_utility"": 0.003275454044342041, ""decision"": ""reuse"", ""fresh_advantage"": -0.0296633243560791, ""fresh_positive"": false, ""fresh_utility"": -0.02638787031173706, ""full_batch_guards"": {""adapter_1"": {""crossfit_feasible"": true, ""crossfit_utility"": -0.046933650970458984, ""crossfit_utility_positive"": false, ""full_batch_cur_after"": 1.111161708831787, ""full_batch_cur_before"": 1.1270897388458252, ""full_batch_gain"": 0.015928030014038086, ""full_batch_harm"": -0.0012735845521092415, ""full_batch_harm_lcb"": -0.008331204010173678, ""full_batch_harm_se"": 0.0036008262541145086, ""full_batch_harm_ucb"": 0.005784034905955195, ""full_batch_safe"": true}, ""adapter_2"": {""crossfit_feasible"": true, ""crossfit_utility"": 0.003275454044342041, ""crossfit_utility_positive"": true, ""full_batch_cur_after"": 1.0588717460632324, ""full_batch_cur_before"": 1.073379397392273, ""full_batch_gain"": 0.014507651329040527, ""full_batch_harm"": -0.00045136455446481705, ""full_batch_harm_lcb"": -0.009100339524447918, ""full_batch_harm_se"": 0.004412742331624031, ""full_batch_harm_ucb"": 0.008197610415518284, ""full_batch_safe"": true}, ""default"": {""crossfit_feasible"": true, ""crossfit_utility"": -0.05529969930648804, ""crossfit_utility_positive"": false, ""full_batch_cur_after"": 1.1188808679580688, ""full_batch_cur_before"": 1.1309549808502197, ""full_batch_gain"": 0.012074112892150879, ""full_batch_harm"": 0.0006975205615162849, ""full_batch_harm_lcb"": -0.00464825289323926, ""full_batch_harm_se"": 0.0027274354360997677, ""full_batch_harm_ucb"": 0.00604329401627183, ""full_batch_safe"": true}}, ""guarded_best_reuse"": ""adapter_2"", ""num_adapters"": 3, ""pending_after"": false, ""pending_before"": false, ""policy_version"": ""cau_v1"", ""reason"": ""safe_existing_reuse"", ""utility"": {""batch_n"": 16, ""best_reuse"": ""adapter_2"", ""best_reuse_query_after"": 1.0701038837432861, ""best_reuse_utility"": 0.003275454044342041, ""defer_utility"": 0.0, ""fold_a_fresh_utility"": -0.04679977893829346, ""fold_a_query_n"": 8, ""fold_a_support_n"": 8, ""fold_b_fresh_utility"": -0.005975961685180664, ""fold_b_query_n"": 8, ""fold_b_support_n"": 8, ""fresh_advantage"": -0.0296633243560791, ""fresh_local_trainability"": 0.017632901668548584, ""fresh_positive"": false, ""fresh_query_after"": 1.0997672080993652, ""fresh_query_before"": 1.1174001097679138, ""fresh_utility"": -0.02638787031173706, ""reuse_profiles"": {""adapter_1"": {""feasible_both"": true, ""fold_a_harm"": -0.0016654515638947487, ""fold_a_lcb"": -0.009063786873593927, ""fold_a_query_after"": 1.1400256156921387, ""fold_a_utility"": -0.11311805248260498, ""fold_b_harm"": -0.0011683236807584763, ""fold_b_lcb"": -0.006257035816088319, ""fold_b_query_after"": 1.1006003618240356, ""fold_b_utility"": 0.01925075054168701, ""harm_lcb_max"": -0.006257035816088319, ""harm_mean"": -0.0014168876223266125, ""harm_se_mean"": 0.003185471286997199, ""harm_ucb_max"": 0.005732883745804429, ""local_trainability"": 0.006776869297027588, ""query_after"": 1.1203129887580872, ""query_before"": 1.1270898580551147, ""system_utility"": -0.046933650970458984}, ""adapter_2"": {""feasible_both"": true, ""fold_a_harm"": -0.0005119238048791885, ""fold_a_lcb"": -0.00819248529151082, ""fold_a_query_after"": 1.019418478012085, ""fold_a_utility"": 0.0074890851974487305, ""fold_b_harm"": -0.0013104919344186783, ""fold_b_lcb"": -0.010850677248090506, ""fold_b_query_after"": 1.1207892894744873, ""fold_b_utility"": -0.0009381771087646484, ""harm_lcb_max"": -0.00819248529151082, ""harm_mean"": -0.0009112078696489334, ""harm_se_mean"": 0.0043930476531386375, ""harm_ucb_max"": 0.00822969337925315, ""local_trainability"": 0.003275454044342041, ""query_after"": 1.0701038837432861, ""query_before"": 1.0733793377876282, ""system_utility"": 0.003275454044342041}, ""default"": {""feasible_both"": true, ""fold_a_harm"": 0.0010717585682868958, ""fold_a_lcb"": -0.004993505561724305, ""fold_a_query_after"": 1.1206146478652954, ""fold_a_utility"": -0.09370708465576172, ""fold_b_harm"": -0.00012876838445663452, ""fold_b_lcb"": -0.0033009039983153345, ""fold_b_query_after"": 1.136743426322937, ""fold_b_utility"": -0.016892313957214355, ""harm_lcb_max"": -0.0033009039983153345, ""harm_mean"": 0.0004714950919151306, ""harm_se_mean"": 0.0023564795264974236, ""harm_ucb_max"": 0.007137022698298096, ""local_trainability"": 0.002276003360748291, ""query_after"": 1.1286790370941162, ""query_before"": 1.1309550404548645, ""system_utility"": -0.05529969930648804}}, ""status"": ""ok"", ""statusquo_loss"": 1.0733793377876282}, ""utility_status"": ""ok""}"
21,B1,B,1,adapter_2,reuse,safe_existing_reuse,1.0721690654754639,3,True,442368,1778697,0,69176844,740355,17768856,336,9.68741424754262,564680704,0.0,7.0875610411167145,1.4422578997910023,1.0877448916435242,-0.02600961923599243,-0.004696071147918701,-0.02131354808807373,False,,"{""best_reuse"": ""adapter_2"", ""best_reuse_utility"": -0.004696071147918701, ""decision"": ""reuse"", ""fresh_advantage"": -0.02131354808807373, ""fresh_positive"": false, ""fresh_utility"": -0.02600961923599243, ""full_batch_guards"": {""adapter_1"": {""crossfit_feasible"": true, ""crossfit_utility"": -0.03996109962463379, ""crossfit_utility_positive"": false, ""full_batch_cur_after"": 1.117309331893921, ""full_batch_cur_before"": 1.1242185831069946, ""full_batch_gain"": 0.0069092512130737305, ""full_batch_harm"": -0.0011357031762599945, ""full_batch_harm_lcb"": -0.006456918260082602, ""full_batch_harm_se"": 0.0027149056550115347, ""full_batch_harm_ucb"": 0.004185511907562613, ""full_batch_safe"": true}, ""adapter_2"": {""crossfit_feasible"": true, ""crossfit_utility"": -0.004696071147918701, ""crossfit_utility_positive"": false, ""full_batch_cur_after"": 1.081132173538208, ""full_batch_cur_before"": 1.087744951248169, ""full_batch_gain"": 0.0066127777099609375, ""full_batch_harm"": -0.0028204722329974174, ""full_batch_harm_lcb"": -0.01015005779452622, ""full_batch_harm_se"": 0.003739584470167756, ""full_batch_harm_ucb"": 0.004509113328531385, ""full_batch_safe"": true}, ""default"": {""crossfit_feasible"": true, ""crossfit_utility"": -0.024862945079803467, ""crossfit_utility_positive"": false, ""full_batch_cur_after"": 1.1020557880401611, ""full_batch_cur_before"": 1.1083698272705078, ""full_batch_gain"": 0.00631403923034668, ""full_batch_harm"": 0.0001044049859046936, ""full_batch_harm_lcb"": -0.003832467757165432, ""full_batch_harm_se"": 0.002008608542382717, ""full_batch_harm_ucb"": 0.004041277728974819, ""full_batch_safe"": true}}, ""guarded_best_reuse"": ""adapter_2"", ""num_adapters"": 3, ""pending_after"": false, ""pending_before"": false, ""policy_version"": ""cau_v1"", ""reason"": ""safe_existing_reuse"", ""utility"": {""batch_n"": 16, ""best_reuse"": ""adapter_2"", ""best_reuse_query_after"": 1.0924409627914429, ""best_reuse_utility"": -0.004696071147918701, ""defer_utility"": 0.0, ""fold_a_fresh_utility"": -0.0029348134994506836, ""fold_a_query_n"": 8, ""fold_a_support_n"": 8, ""fold_b_fresh_utility"": -0.04908442497253418, ""fold_b_query_n"": 8, ""fold_b_support_n"": 8, ""fresh_advantage"": -0.02131354808807373, ""fresh_local_trainability"": -0.013271152973175049, ""fresh_positive"": false, ""fresh_query_after"": 1.1137545108795166, ""fresh_query_before"": 1.1004833579063416, ""fresh_utility"": -0.02600961923599243, ""reuse_profiles"": {""adapter_1"": {""feasible_both"": true, ""fold_a_harm"": -0.0012795692309737206, ""fold_a_lcb"": -0.004512025387957692, ""fold_a_query_after"": 1.0991147756576538, ""fold_a_utility"": 0.027996540069580078, ""fold_b_harm"": -0.0017944267019629478, ""fold_b_lcb"": -0.008836300782859324, ""fold_b_query_after"": 1.156297206878662, ""fold_b_utility"": -0.10791873931884766, ""harm_lcb_max"": -0.004512025387957692, ""harm_mean"": -0.0015369979664683342, ""harm_se_mean"": 0.0026210026117041707, ""harm_ucb_max"": 0.0052474473789334295, ""local_trainability"": -0.00348740816116333, ""query_after"": 1.127705991268158, ""query_before"": 1.1242185831069946, ""system_utility"": -0.03996109962463379}, ""adapter_2"": {""feasible_both"": true, ""fold_a_harm"": -0.0022295452654361725, ""fold_a_lcb"": -0.009205655939877034, ""fold_a_query_after"": 1.1317740678787231, ""fold_a_utility"": -0.004662752151489258, ""fold_b_harm"": -0.0030198004096746445, ""fold_b_lcb"": -0.011156560275703668, ""fold_b_query_after"": 1.0531078577041626, ""fold_b_utility"": -0.0047293901443481445, ""harm_lcb_max"": -0.009205655939877034, ""harm_mean"": -0.0026246728375554085, ""harm_se_mean"": 0.0038553241174668074, ""harm_ucb_max"": 0.005116959456354379, ""local_trainability"": -0.004696071147918701, ""query_after"": 1.0924409627914429, ""query_before"": 1.0877448916435242, ""system_utility"": -0.004696071147918701}, ""default"": {""feasible_both"": true, ""fold_a_harm"": -0.0008403882384300232, ""fold_a_lcb"": -0.0024922719318419694, ""fold_a_query_after"": 1.115518569946289, ""fold_a_utility"": 0.011592745780944824, ""fold_b_harm"": 0.0011296756565570831, ""fold_b_lcb"": -0.004990088753402233, ""fold_b_query_after"": 1.1096971035003662, ""fold_b_utility"": -0.06131863594055176, ""harm_lcb_max"": -0.0024922719318419694, ""harm_mean"": 0.00014464370906352997, ""harm_se_mean"": 0.0019825632916763425, ""harm_ucb_max"": 0.007249440066516399, ""local_trainability"": -0.004237949848175049, ""query_after"": 1.1126078367233276, ""query_before"": 1.1083698868751526, ""system_utility"": -0.024862945079803467}}, ""status"": ""ok"", ""statusquo_loss"": 1.0877448916435242}, ""utility_status"": ""ok""}"
22,B1,B,1,default,reuse,safe_existing_reuse,1.108212947845459,3,True,442368,1778697,0,69176844,740355,17768856,352,10.492913508787751,564680704,0.0,7.8886986915022135,1.4422578997910023,1.1317227482795715,0.014208316802978516,0.03429144620895386,-0.020083129405975342,False,,"{""best_reuse"": ""default"", ""best_reuse_utility"": 0.03429144620895386, ""decision"": ""reuse"", ""fresh_advantage"": -0.020083129405975342, ""fresh_positive"": false, ""fresh_utility"": 0.014208316802978516, ""full_batch_guards"": {""adapter_1"": {""crossfit_feasible"": true, ""crossfit_utility"": 0.023378312587738037, ""crossfit_utility_positive"": true, ""full_batch_cur_after"": 1.0965741872787476, ""full_batch_cur_before"": 1.0995182991027832, ""full_batch_gain"": 0.0029441118240356445, ""full_batch_harm"": -0.001962382346391678, ""full_batch_harm_lcb"": -0.004471195060759783, ""full_batch_harm_se"": 0.0012800064869225025, ""full_batch_harm_ucb"": 0.0005464303679764272, ""full_batch_safe"": true}, ""adapter_2"": {""crossfit_feasible"": true, ""crossfit_utility"": -0.010662674903869629, ""crossfit_utility_positive"": false, ""full_batch_cur_after"": 1.1295077800750732, ""full_batch_cur_before"": 1.1317228078842163, ""full_batch_gain"": 0.0022150278091430664, ""full_batch_harm"": -0.001519814133644104, ""full_batch_harm_lcb"": -0.004684426165185869, ""full_batch_harm_se"": 0.0016145979752764106, ""full_batch_harm_ucb"": 0.0016447978978976607, ""full_batch_safe"": true}, ""default"": {""crossfit_feasible"": true, ""crossfit_utility"": 0.03429144620895386, ""crossfit_utility_positive"": true, ""full_batch_cur_after"": 1.0859580039978027, ""full_batch_cur_before"": 1.0907084941864014, ""full_batch_gain"": 0.004750490188598633, ""full_batch_harm"": -0.0004954701289534569, ""full_batch_harm_lcb"": -0.003991524791345, ""full_batch_harm_se"": 0.0017837013583630323, ""full_batch_harm_ucb"": 0.0030005845334380864, ""full_batch_safe"": true}}, ""guarded_best_reuse"": ""default"", ""num_adapters"": 3, ""pending_after"": false, ""pending_before"": false, ""policy_version"": ""cau_v1"", ""reason"": ""safe_existing_reuse"", ""utility"": {""batch_n"": 16, ""best_reuse"": ""default"", ""best_reuse_query_after"": 1.0974313020706177, ""best_reuse_utility"": 0.03429144620895386, ""defer_utility"": 0.0, ""fold_a_fresh_utility"": -0.06266164779663086, ""fold_a_query_n"": 8, ""fold_a_support_n"": 8, ""fold_b_fresh_utility"": 0.09107828140258789, ""fold_b_query_n"": 8, ""fold_b_support_n"": 8, ""fresh_advantage"": -0.020083129405975342, ""fresh_local_trainability"": -0.025775432586669922, ""fresh_positive"": false, ""fresh_query_after"": 1.117514431476593, ""fresh_query_before"": 1.091738998889923, ""fresh_utility"": 0.014208316802978516, ""reuse_profiles"": {""adapter_1"": {""feasible_both"": true, ""fold_a_harm"": -0.0029062163084745407, ""fold_a_lcb"": -0.008348074760288, ""fold_a_query_after"": 1.1545774936676025, ""fold_a_utility"": -0.10551857948303223, ""fold_b_harm"": -0.0014350367709994316, ""fold_b_lcb"": -0.004492438496090472, ""fold_b_query_after"": 1.0621113777160645, ""fold_b_utility"": 0.1522752046585083, ""harm_lcb_max"": -0.004492438496090472, ""harm_mean"": -0.002170626539736986, ""harm_se_mean"": 0.0021681786165572703, ""harm_ucb_max"": 0.0025356421433389183, ""local_trainability"": -0.008826076984405518, ""query_after"": 1.1083444356918335, ""query_before"": 1.099518358707428, ""system_utility"": 0.023378312587738037}, ""adapter_2"": {""feasible_both"": true, ""fold_a_harm"": -0.0015931995585560799, ""fold_a_lcb"": -0.005909748869016767, ""fold_a_query_after"": 1.0534093379974365, ""fold_a_utility"": -0.004350423812866211, ""fold_b_harm"": 0.00022136792540550232, ""fold_b_lcb"": -0.005812929337844252, ""fold_b_query_after"": 1.2313615083694458, ""fold_b_utility"": -0.016974925994873047, ""harm_lcb_max"": -0.005812929337844252, ""harm_mean"": -0.0006859158165752888, ""harm_se_mean"": 0.0026405220851302147, ""harm_ucb_max"": 0.006255665188655257, ""local_trainability"": -0.010662674903869629, ""query_after"": 1.1423854231834412, ""query_before"": 1.1317227482795715, ""system_utility"": -0.010662674903869629}, ""default"": {""feasible_both"": true, ""fold_a_harm"": 0.0006563123315572739, ""fold_a_lcb"": -0.00590822258964181, ""fold_a_query_after"": 1.1172727346420288, ""fold_a_utility"": -0.0682138204574585, ""fold_b_harm"": -0.000962626188993454, ""fold_b_lcb"": -0.0023803975083865224, ""fold_b_query_after"": 1.0775898694992065, ""fold_b_utility"": 0.1367967128753662, ""harm_lcb_max"": -0.0023803975083865224, ""harm_mean"": -0.00015315692871809006, ""harm_se_mean"": 0.002036302612395957, ""harm_ucb_max"": 0.007220847252756357, ""local_trainability"": -0.006722867488861084, ""query_after"": 1.0974313020706177, ""query_before"": 1.0907084345817566, ""system_utility"": 0.03429144620895386}}, ""status"": ""ok"", ""statusquo_loss"": 1.1317227482795715}, ""utility_status"": ""ok""}"
23,B1,B,1,adapter_1,reuse,safe_existing_reuse,1.0612366199493408,3,True,442368,1778697,0,69176844,740355,17768856,368,11.329831015318632,564680704,0.0,8.721158567816019,1.4422578997910023,1.0935233235359192,-0.01361149549484253,0.03978252410888672,-0.05339401960372925,False,,"{""best_reuse"": ""adapter_1"", ""best_reuse_utility"": 0.03978252410888672, ""decision"": ""reuse"", ""fresh_advantage"": -0.05339401960372925, ""fresh_positive"": false, ""fresh_utility"": -0.01361149549484253, ""full_batch_guards"": {""adapter_1"": {""crossfit_feasible"": true, ""crossfit_utility"": 0.03978252410888672, ""crossfit_utility_positive"": true, ""full_batch_cur_after"": 1.0422699451446533, ""full_batch_cur_before"": 1.0609221458435059, ""full_batch_gain"": 0.01865220069885254, ""full_batch_harm"": -0.0025931736454367638, ""full_batch_harm_lcb"": -0.010334825534373522, ""full_batch_harm_se"": 0.0039498223923146725, ""full_batch_harm_ucb"": 0.005148478243499994, ""full_batch_safe"": true}, ""adapter_2"": {""crossfit_feasible"": true, ""crossfit_utility"": -0.10674268007278442, ""crossfit_utility_positive"": false, ""full_batch_cur_after"": 1.1902687549591064, ""full_batch_cur_before"": 1.2042796611785889, ""full_batch_gain"": 0.014010906219482422, ""full_batch_harm"": -0.0008338820189237595, ""full_batch_harm_lcb"": -0.007657336052507162, ""full_batch_harm_se"": 0.003481354098767042, ""full_batch_harm_ucb"": 0.005989572014659643, ""full_batch_safe"": true}, ""default"": {""crossfit_feasible"": true, ""crossfit_utility"": 0.004558265209197998, ""crossfit_utility_positive"": true, ""full_batch_cur_after"": 1.0784646272659302, ""full_batch_cur_before"": 1.0935232639312744, ""full_batch_gain"": 0.015058636665344238, ""full_batch_harm"": 0.0023664934560656548, ""full_batch_harm_lcb"": -0.0037788191437721254, ""full_batch_harm_se"": 0.003135363571345806, ""full_batch_harm_ucb"": 0.008511806055903435, ""full_batch_safe"": true}}, ""guarded_best_reuse"": ""adapter_1"", ""num_adapters"": 3, ""pending_after"": false, ""pending_before"": false, ""policy_version"": ""cau_v1"", ""reason"": ""safe_existing_reuse"", ""utility"": {""batch_n"": 16, ""best_reuse"": ""adapter_1"", ""best_reuse_query_after"": 1.0537407994270325, ""best_reuse_utility"": 0.03978252410888672, ""defer_utility"": 0.0, ""fold_a_fresh_utility"": 0.007497310638427734, ""fold_a_query_n"": 8, ""fold_a_support_n"": 8, ""fold_b_fresh_utility"": -0.03472030162811279, ""fold_b_query_n"": 8, ""fold_b_support_n"": 8, ""fresh_advantage"": -0.05339401960372925, ""fresh_local_trainability"": 0.00907808542251587, ""fresh_positive"": false, ""fresh_query_after"": 1.1071348190307617, ""fresh_query_before"": 1.1162129044532776, ""fresh_utility"": -0.01361149549484253, ""reuse_profiles"": {""adapter_1"": {""feasible_both"": true, ""fold_a_harm"": -0.003063047304749489, ""fold_a_lcb"": -0.00985319477505982, ""fold_a_query_after"": 1.0871949195861816, ""fold_a_utility"": 0.053853750228881836, ""fold_b_harm"": -0.0019293278455734253, ""fold_b_lcb"": -0.009693430233746768, ""fold_b_query_after"": 1.0202866792678833, ""fold_b_utility"": 0.0257112979888916, ""harm_lcb_max"": -0.009693430233746768, ""harm_mean"": -0.002496187575161457, ""harm_se_mean"": 0.0037128188414499164, ""harm_ucb_max"": 0.005834774542599916, ""local_trainability"": 0.007181406021118164, ""query_after"": 1.0537407994270325, ""query_before"": 1.0609222054481506, ""system_utility"": 0.03978252410888672}, ""adapter_2"": {""feasible_both"": true, ""fold_a_harm"": -0.0015365201979875565, ""fold_a_lcb"": -0.006195158967748284, ""fold_a_query_after"": 1.1241734027862549, ""fold_a_utility"": 0.016875267028808594, ""fold_b_harm"": 0.00028051622211933136, ""fold_b_lcb"": -0.00829851245507598, ""fold_b_query_after"": 1.2763586044311523, ""fold_b_utility"": -0.23036062717437744, ""harm_lcb_max"": -0.006195158967748284, ""harm_mean"": -0.0006280019879341125, ""harm_se_mean"": 0.0033769559813663363, ""harm_ucb_max"": 0.008859544899314642, ""local_trainability"": 0.004013657569885254, ""query_after"": 1.2002660036087036, ""query_before"": 1.2042796611785889, ""system_utility"": -0.10674268007278442}, ""default"": {""feasible_both"": true, ""fold_a_harm"": 0.0030276020988821983, ""fold_a_lcb"": -0.002790674138814211, ""fold_a_query_after"": 1.1389575004577637, ""fold_a_utility"": 0.0020911693572998047, ""fold_b_harm"": 0.0006383871659636497, ""fold_b_lcb"": -0.0046138321980834, ""fold_b_query_after"": 1.0389726161956787, ""fold_b_utility"": 0.007025361061096191, ""harm_lcb_max"": -0.002790674138814211, ""harm_mean"": 0.001832994632422924, ""harm_se_mean"": 0.0028241060208529234, ""harm_ucb_max"": 0.008845878336578607, ""local_trainability"": 0.004558265209197998, ""query_after"": 1.0889650583267212, ""query_before"": 1.0935233235359192, ""system_utility"": 0.004558265209197998}}, ""status"": ""ok"", ""statusquo_loss"": 1.0935233235359192}, ""utility_status"": ""ok""}"
24,B1,B,1,default,reuse,safe_existing_reuse,1.0829523801803589,3,True,442368,1778697,0,69176844,740355,17768856,384,12.136380983516574,564680704,0.0,9.523197328671813,1.4422578997910023,1.1082892417907715,-0.032903194427490234,0.007473349571228027,-0.04037654399871826,False,,"{""best_reuse"": ""default"", ""best_reuse_utility"": 0.007473349571228027, ""decision"": ""reuse"", ""fresh_advantage"": -0.04037654399871826, ""fresh_positive"": false, ""fresh_utility"": -0.032903194427490234, ""full_batch_guards"": {""adapter_1"": {""crossfit_feasible"": true, ""crossfit_utility"": -0.01722884178161621, ""crossfit_utility_positive"": false, ""full_batch_cur_after"": 1.105851650238037, ""full_batch_cur_before"": 1.1082892417907715, ""full_batch_gain"": 0.002437591552734375, ""full_batch_harm"": -0.005526600405573845, ""full_batch_harm_lcb"": -0.010367779769003391, ""full_batch_harm_se"": 0.0024699894711375237, ""full_batch_harm_ucb"": -0.0006854210421442988, ""full_batch_safe"": true}, ""adapter_2"": {""crossfit_feasible"": true, ""crossfit_utility"": -0.009984493255615234, ""crossfit_utility_positive"": false, ""full_batch_cur_after"": 1.0998817682266235, ""full_batch_cur_before"": 1.104620099067688, ""full_batch_gain"": 0.004738330841064453, ""full_batch_harm"": -0.0012994138523936272, ""full_batch_harm_lcb"": -0.005731982355937361, ""full_batch_harm_se"": 0.0022615145426243544, ""full_batch_harm_ucb"": 0.003133154651150107, ""full_batch_safe"": true}, ""default"": {""crossfit_feasible"": true, ""crossfit_utility"": 0.007473349571228027, ""crossfit_utility_positive"": true, ""full_batch_cur_after"": 1.0837438106536865, ""full_batch_cur_before"": 1.0893927812576294, ""full_batch_gain"": 0.005648970603942871, ""full_batch_harm"": -0.001006266102194786, ""full_batch_harm_lcb"": -0.002117488121148199, ""full_batch_harm_se"": 0.0005669500096701086, ""full_batch_harm_ucb"": 0.00010495591675862659, ""full_batch_safe"": true}}, ""guarded_best_reuse"": ""default"", ""num_adapters"": 3, ""pending_after"": false, ""pending_before"": false, ""policy_version"": ""cau_v1"", ""reason"": ""safe_existing_reuse"", ""utility"": {""batch_n"": 16, ""best_reuse"": ""default"", ""best_reuse_query_after"": 1.1008158922195435, ""best_reuse_utility"": 0.007473349571228027, ""defer_utility"": 0.0, ""fold_a_fresh_utility"": -0.12305021286010742, ""fold_a_query_n"": 8, ""fold_a_support_n"": 8, ""fold_b_fresh_utility"": 0.05724382400512695, ""fold_b_query_n"": 8, ""fold_b_support_n"": 8, ""fresh_advantage"": -0.04037654399871826, ""fresh_local_trainability"": -0.054568469524383545, ""fresh_positive"": false, ""fresh_query_after"": 1.1411924362182617, ""fresh_query_before"": 1.0866239666938782, ""fresh_utility"": -0.032903194427490234, ""reuse_profiles"": {""adapter_1"": {""feasible_both"": true, ""fold_a_harm"": -0.005304020829498768, ""fold_a_lcb"": -0.010478618126362561, ""fold_a_query_after"": 1.0373942852020264, ""fold_a_utility"": -0.0008780956268310547, ""fold_b_harm"": -0.0088212164118886, ""fold_b_lcb"": -0.016733207516372202, ""fold_b_query_after"": 1.213641881942749, ""fold_b_utility"": -0.03357958793640137, ""harm_lcb_max"": -0.010478618126362561, ""harm_mean"": -0.007062618620693684, ""harm_se_mean"": 0.0033384154085069895, ""harm_ucb_max"": -0.0001294235326349735, ""local_trainability"": -0.01722884178161621, ""query_after"": 1.1255180835723877, ""query_before"": 1.1082892417907715, ""system_utility"": -0.01722884178161621}, ""adapter_2"": {""feasible_both"": true, ""fold_a_harm"": 0.000984691083431244, ""fold_a_lcb"": -0.007002447769045829, ""fold_a_query_after"": 1.2631464004516602, ""fold_a_utility"": -0.22663021087646484, ""fold_b_harm"": -0.0015772730112075806, ""fold_b_lcb"": -0.0072215533163398505, ""fold_b_query_after"": 0.9734010696411133, ""fold_b_utility"": 0.20666122436523438, ""harm_lcb_max"": -0.007002447769045829, ""harm_mean"": -0.00029629096388816833, ""harm_se_mean"": 0.003477402846328914, ""harm_ucb_max"": 0.008971829935908317, ""local_trainability"": -0.013653606176376343, ""query_after"": 1.1182737350463867, ""query_before"": 1.1046201288700104, ""system_utility"": -0.009984493255615234}, ""default"": {""feasible_both"": true, ""fold_a_harm"": -0.0021578697487711906, ""fold_a_lcb"": -0.0031867042859084903, ""fold_a_query_after"": 1.0840966701507568, ""fold_a_utility"": -0.04758048057556152, ""fold_b_harm"": 0.0025224899873137474, ""fold_b_lcb"": -0.0032665402721613647, ""fold_b_query_after"": 1.11753511428833, ""fold_b_utility"": 0.06252717971801758, ""harm_lcb_max"": -0.0031867042859084903, ""harm_mean"": 0.00018231011927127838, ""harm_se_mean"": 0.0017392512236256152, ""harm_ucb_max"": 0.00831152024678886, ""local_trainability"": -0.011422991752624512, ""query_after"": 1.1008158922195435, ""query_before"": 1.089392900466919, ""system_utility"": 0.007473349571228027}}, ""status"": ""ok"", ""statusquo_loss"": 1.1082892417907715}, ""utility_status"": ""ok""}"
25,B1,B,1,adapter_1,reuse,safe_existing_reuse,1.0667595863342285,3,True,442368,1778697,0,69176844,740355,17768856,400,12.978579014539719,564680704,0.0,10.360761975869536,1.4422578997910023,1.0955058336257935,0.007581233978271484,0.04522562026977539,-0.037644386291503906,False,,"{""best_reuse"": ""adapter_1"", ""best_reuse_utility"": 0.04522562026977539, ""decision"": ""reuse"", ""fresh_advantage"": -0.037644386291503906, ""fresh_positive"": false, ""fresh_utility"": 0.007581233978271484, ""full_batch_guards"": {""adapter_1"": {""crossfit_feasible"": true, ""crossfit_utility"": 0.04522562026977539, ""crossfit_utility_positive"": true, ""full_batch_cur_after"": 1.0427331924438477, ""full_batch_cur_before"": 1.05620539188385, ""full_batch_gain"": 0.013472199440002441, ""full_batch_harm"": -0.009189208038151264, ""full_batch_harm_lcb"": -0.01700453458353877, ""full_batch_harm_se"": 0.003987411502748728, ""full_batch_harm_ucb"": -0.0013738814927637573, ""full_batch_safe"": true}, ""adapter_2"": {""crossfit_feasible"": true, ""crossfit_utility"": -0.10110670328140259, ""crossfit_utility_positive"": false, ""full_batch_cur_after"": 1.1906368732452393, ""full_batch_cur_before"": 1.2011475563049316, ""full_batch_gain"": 0.010510683059692383, ""full_batch_harm"": -0.0013708807528018951, ""full_batch_harm_lcb"": -0.007369803739711642, ""full_batch_harm_se"": 0.0030606749933212996, ""full_batch_harm_ucb"": 0.004628042234107852, ""full_batch_safe"": true}, ""default"": {""crossfit_feasible"": true, ""crossfit_utility"": 0.002733886241912842, ""crossfit_utility_positive"": true, ""full_batch_cur_after"": 1.086012840270996, ""full_batch_cur_before"": 1.095505952835083, ""full_batch_gain"": 0.009493112564086914, ""full_batch_harm"": 0.0009082593023777008, ""full_batch_harm_lcb"": -0.002708746991120279, ""full_batch_harm_se"": 0.001845411374233663, ""full_batch_harm_ucb"": 0.004525265595875681, ""full_batch_safe"": true}}, ""guarded_best_reuse"": ""adapter_1"", ""num_adapters"": 3, ""pending_after"": false, ""pending_before"": false, ""policy_version"": ""cau_v1"", ""reason"": ""safe_existing_reuse"", ""utility"": {""batch_n"": 16, ""best_reuse"": ""adapter_1"", ""best_reuse_query_after"": 1.050280213356018, ""best_reuse_utility"": 0.04522562026977539, ""defer_utility"": 0.0, ""fold_a_fresh_utility"": 0.014454364776611328, ""fold_a_query_n"": 8, ""fold_a_support_n"": 8, ""fold_b_fresh_utility"": 0.0007081031799316406, ""fold_b_query_n"": 8, ""fold_b_support_n"": 8, ""fresh_advantage"": -0.037644386291503906, ""fresh_local_trainability"": 0.020180225372314453, ""fresh_positive"": false, ""fresh_query_after"": 1.087924599647522, ""fresh_query_before"": 1.1081048250198364, ""fresh_utility"": 0.007581233978271484, ""reuse_profiles"": {""adapter_1"": {""feasible_both"": true, ""fold_a_harm"": -0.009062006138265133, ""fold_a_lcb"": -0.01696060433983803, ""fold_a_query_after"": 1.0658340454101562, ""fold_a_utility"": 0.030070781707763672, ""fold_b_harm"": -0.007977968081831932, ""fold_b_lcb"": -0.01462090496905148, ""fold_b_query_after"": 1.0347263813018799, ""fold_b_utility"": 0.06038045883178711, ""harm_lcb_max"": -0.01462090496905148, ""harm_mean"": -0.008519987110048532, ""harm_se_mean"": 0.0037095752777531743, ""harm_ucb_max"": -0.0011634079366922376, ""local_trainability"": 0.005925178527832031, ""query_after"": 1.050280213356018, ""query_before"": 1.05620539188385, ""system_utility"": 0.04522562026977539}, ""adapter_2"": {""feasible_both"": true, ""fold_a_harm"": -0.0012746537104249, ""fold_a_lcb"": -0.007016939325258135, ""fold_a_query_after"": 1.1509301662445068, ""fold_a_utility"": -0.055025339126586914, ""fold_b_harm"": -0.001110278069972992, ""fold_b_lcb"": -0.00659336163662374, ""fold_b_query_after"": 1.2422949075698853, ""fold_b_utility"": -0.14718806743621826, ""harm_lcb_max"": -0.00659336163662374, ""harm_mean"": -0.001192465890198946, ""harm_se_mean"": 0.0028636145871132612, ""harm_ucb_max"": 0.004467631904408335, ""local_trainability"": 0.004534900188446045, ""query_after"": 1.196612536907196, ""query_before"": 1.201147437095642, ""system_utility"": -0.10110670328140259}, ""default"": {""feasible_both"": true, ""fold_a_harm"": 0.0011387625709176064, ""fold_a_lcb"": -0.00249419582542032, ""fold_a_query_after"": 1.0938678979873657, ""fold_a_utility"": 0.0020369291305541992, ""fold_b_harm"": -0.0005107307806611061, ""fold_b_lcb"": -0.0026769180549308658, ""fold_b_query_after"": 1.0916759967803955, ""fold_b_utility"": 0.0034308433532714844, ""harm_lcb_max"": -0.00249419582542032, ""harm_mean"": 0.0003140158951282501, ""harm_se_mean"": 0.0014793738955631852, ""harm_ucb_max"": 0.004771720967255533, ""local_trainability"": 0.002733886241912842, ""query_after"": 1.0927719473838806, ""query_before"": 1.0955058336257935, ""system_utility"": 0.002733886241912842}}, ""status"": ""ok"", ""statusquo_loss"": 1.0955058336257935}, ""utility_status"": ""ok""}"
26,B1,B,1,default,reuse,safe_existing_reuse,1.059130072593689,3,True,442368,1778697,0,69176844,740355,17768856,416,13.771966775879264,564680704,0.0,11.149076394736767,1.4422578997910023,1.1206709146499634,0.03081423044204712,0.05177128314971924,-0.02095705270767212,False,,"{""best_reuse"": ""default"", ""best_reuse_utility"": 0.05177128314971924, ""decision"": ""reuse"", ""fresh_advantage"": -0.02095705270767212, ""fresh_positive"": false, ""fresh_utility"": 0.03081423044204712, ""full_batch_guards"": {""adapter_1"": {""crossfit_feasible"": true, ""crossfit_utility"": -0.009897232055664062, ""crossfit_utility_positive"": false, ""full_batch_cur_after"": 1.1207215785980225, ""full_batch_cur_before"": 1.1206709146499634, ""full_batch_gain"": -5.066394805908203e-05, ""full_batch_harm"": -0.0020686332136392593, ""full_batch_harm_lcb"": -0.007411849293857813, ""full_batch_harm_se"": 0.0027261306531727314, ""full_batch_harm_ucb"": 0.0032745828665792943, ""full_batch_safe"": true}, ""adapter_2"": {""crossfit_feasible"": true, ""crossfit_utility"": -0.055771708488464355, ""crossfit_utility_positive"": false, ""full_batch_cur_after"": 1.1662795543670654, ""full_batch_cur_before"": 1.1686842441558838, ""full_batch_gain"": 0.0024046897888183594, ""full_batch_harm"": -0.0018154159188270569, ""full_batch_harm_lcb"": -0.004114269050769508, ""full_batch_harm_se"": 0.0011728842509910464, ""full_batch_harm_ucb"": 0.000483437213115394, ""full_batch_safe"": true}, ""default"": {""crossfit_feasible"": true, ""crossfit_utility"": 0.05177128314971924, ""crossfit_utility_positive"": true, ""full_batch_cur_after"": 1.0591230392456055, ""full_batch_cur_before"": 1.0692929029464722, ""full_batch_gain"": 0.0101698637008667, ""full_batch_harm"": -0.0004165107384324074, ""full_batch_harm_lcb"": -0.0029512992408126594, ""full_batch_harm_se"": 0.0012932594399899244, ""full_batch_harm_ucb"": 0.0021182777639478447, ""full_batch_safe"": true}}, ""guarded_best_reuse"": ""default"", ""num_adapters"": 3, ""pending_after"": false, ""pending_before"": false, ""policy_version"": ""cau_v1"", ""reason"": ""safe_existing_reuse"", ""utility"": {""batch_n"": 16, ""best_reuse"": ""default"", ""best_reuse_query_after"": 1.0688996315002441, ""best_reuse_utility"": 0.05177128314971924, ""defer_utility"": 0.0, ""fold_a_fresh_utility"": -0.03144431114196777, ""fold_a_query_n"": 8, ""fold_a_support_n"": 8, ""fold_b_fresh_utility"": 0.09307277202606201, ""fold_b_query_n"": 8, ""fold_b_support_n"": 8, ""fresh_advantage"": -0.02095705270767212, ""fresh_local_trainability"": -0.0047776103019714355, ""fresh_positive"": false, ""fresh_query_after"": 1.0898566842079163, ""fresh_query_before"": 1.0850790739059448, ""fresh_utility"": 0.03081423044204712, ""reuse_profiles"": {""adapter_1"": {""feasible_both"": true, ""fold_a_harm"": -0.001831204630434513, ""fold_a_lcb"": -0.006114518567919731, ""fold_a_query_after"": 1.064323902130127, ""fold_a_utility"": -0.00021278858184814453, ""fold_b_harm"": -0.0025173788890242577, ""fold_b_lcb"": -0.009749810229986906, ""fold_b_query_after"": 1.196812391281128, ""fold_b_utility"": -0.01958167552947998, ""harm_lcb_max"": -0.006114518567919731, ""harm_mean"": -0.0021742917597293854, ""harm_se_mean"": 0.002937690122053027, ""harm_ucb_max"": 0.00471505245193839, ""local_trainability"": -0.009897232055664062, ""query_after"": 1.1305681467056274, ""query_before"": 1.1206709146499634, ""system_utility"": -0.009897232055664062}, ""adapter_2"": {""feasible_both"": true, ""fold_a_harm"": -0.0008424250409007072, ""fold_a_lcb"": -0.0039972760155797, ""fold_a_query_after"": 1.224874496459961, ""fold_a_utility"": -0.16076338291168213, ""fold_b_harm"": -0.0019404636695981026, ""fold_b_lcb"": -0.005799744920805096, ""fold_b_query_after"": 1.1280107498168945, ""fold_b_utility"": 0.04921996593475342, ""harm_lcb_max"": -0.0039972760155797, ""harm_mean"": -0.001391444355249405, ""harm_se_mean"": 0.0017893194453790784, ""harm_ucb_max"": 0.002312425933778286, ""local_trainability"": -0.007758378982543945, ""query_after"": 1.1764426231384277, ""query_before"": 1.1686842441558838, ""system_utility"": -0.055771708488464355}, ""default"": {""feasible_both"": true, ""fold_a_harm"": -0.0016614869236946106, ""fold_a_lcb"": -0.004273451869376004, ""fold_a_query_after"": 1.056706428527832, ""fold_a_utility"": 0.007404685020446777, ""fold_b_harm"": 0.000661579892039299, ""fold_b_lcb"": -0.002115619331598282, ""fold_b_query_after"": 1.0810928344726562, ""fold_b_utility"": 0.0961378812789917, ""harm_lcb_max"": -0.002115619331598282, ""harm_mean"": -0.0004999535158276558, ""harm_se_mean"": 0.0013747867778874934, ""harm_ucb_max"": 0.00343877911567688, ""local_trainability"": 0.00039327144622802734, ""query_after"": 1.0688996315002441, ""query_before"": 1.0692929029464722, ""system_utility"": 0.05177128314971924}}, ""status"": ""ok"", ""statusquo_loss"": 1.1206709146499634}, ""utility_status"": ""ok""}"
27,B1,B,1,adapter_2,reuse,safe_existing_reuse,1.0851231813430786,3,True,442368,1778697,0,69176844,740355,17768856,432,14.56666217558086,564680704,0.0,11.93892871402204,1.4422578997910023,1.1409670114517212,0.012979269027709961,0.06541210412979126,-0.0524328351020813,False,,"{""best_reuse"": ""adapter_2"", ""best_reuse_utility"": 0.06541210412979126, ""decision"": ""reuse"", ""fresh_advantage"": -0.0524328351020813, ""fresh_positive"": false, ""fresh_utility"": 0.012979269027709961, ""full_batch_guards"": {""adapter_1"": {""crossfit_feasible"": true, ""crossfit_utility"": -0.018266499042510986, ""crossfit_utility_positive"": false, ""full_batch_cur_after"": 1.148122787475586, ""full_batch_cur_before"": 1.1526870727539062, ""full_batch_gain"": 0.0045642852783203125, ""full_batch_harm"": -0.001585894264280796, ""full_batch_harm_lcb"": -0.008963651014491916, ""full_batch_harm_se"": 0.0037641616072505713, ""full_batch_harm_ucb"": 0.005791862485930324, ""full_batch_safe"": true}, ""adapter_2"": {""crossfit_feasible"": true, ""crossfit_utility"": 0.06541210412979126, ""crossfit_utility_positive"": true, ""full_batch_cur_after"": 1.0636894702911377, ""full_batch_cur_before"": 1.0777074098587036, ""full_batch_gain"": 0.014017939567565918, ""full_batch_harm"": 0.0009924350306391716, ""full_batch_harm_lcb"": -0.007257992923259736, ""full_batch_harm_se"": 0.0042094020172953606, ""full_batch_harm_ucb"": 0.009242862984538079, ""full_batch_safe"": true}, ""default"": {""crossfit_feasible"": true, ""crossfit_utility"": -0.005330264568328857, ""crossfit_utility_positive"": false, ""full_batch_cur_after"": 1.1365211009979248, ""full_batch_cur_before"": 1.1409670114517212, ""full_batch_gain"": 0.004445910453796387, ""full_batch_harm"": -0.0029939915984869003, ""full_batch_harm_lcb"": -0.004465965430717915, ""full_batch_harm_se"": 0.0007510070572607219, ""full_batch_harm_ucb"": -0.0015220177662558854, ""full_batch_safe"": true}}, ""guarded_best_reuse"": ""adapter_2"", ""num_adapters"": 3, ""pending_after"": false, ""pending_before"": false, ""policy_version"": ""cau_v1"", ""reason"": ""safe_existing_reuse"", ""utility"": {""batch_n"": 16, ""best_reuse"": ""adapter_2"", ""best_reuse_query_after"": 1.07555490732193, ""best_reuse_utility"": 0.06541210412979126, ""defer_utility"": 0.0, ""fold_a_fresh_utility"": 0.012964010238647461, ""fold_a_query_n"": 8, ""fold_a_support_n"": 8, ""fold_b_fresh_utility"": 0.012994527816772461, ""fold_b_query_n"": 8, ""fold_b_support_n"": 8, ""fresh_advantage"": -0.0524328351020813, ""fresh_local_trainability"": -0.005244195461273193, ""fresh_positive"": false, ""fresh_query_after"": 1.1279877424240112, ""fresh_query_before"": 1.122743546962738, ""fresh_utility"": 0.012979269027709961, ""reuse_profiles"": {""adapter_1"": {""feasible_both"": true, ""fold_a_harm"": -0.0018872274085879326, ""fold_a_lcb"": -0.010866184011101723, ""fold_a_query_after"": 1.2144728899002075, ""fold_a_utility"": -0.1040428876876831, ""fold_b_harm"": -0.0017188331112265587, ""fold_b_lcb"": -0.006184025481343269, ""fold_b_query_after"": 1.1039941310882568, ""fold_b_utility"": 0.06750988960266113, ""harm_lcb_max"": -0.006184025481343269, ""harm_mean"": -0.0018030302599072456, ""harm_se_mean"": 0.0034296298399567604, ""harm_ucb_max"": 0.007091729193925858, ""local_trainability"": -0.006546378135681152, ""query_after"": 1.1592335104942322, ""query_before"": 1.152687132358551, ""system_utility"": -0.018266499042510986}, ""adapter_2"": {""feasible_both"": true, ""fold_a_harm"": 0.0008337842300534248, ""fold_a_lcb"": -0.008144353684037924, ""fold_a_query_after"": 1.0698224306106567, ""fold_a_utility"": 0.040607571601867676, ""fold_b_harm"": 0.0002090735360980034, ""fold_b_lcb"": -0.004765686662867665, ""fold_b_query_after"": 1.0812873840332031, ""fold_b_utility"": 0.09021663665771484, ""harm_lcb_max"": -0.004765686662867665, ""harm_mean"": 0.0005214288830757141, ""harm_se_mean"": 0.0035594127839431167, ""harm_ucb_max"": 0.009811922144144773, ""local_trainability"": 0.002152562141418457, ""query_after"": 1.07555490732193, ""query_before"": 1.0777074694633484, ""system_utility"": 0.06541210412979126}, ""default"": {""feasible_both"": true, ""fold_a_harm"": -0.0016733724623918533, ""fold_a_lcb"": -0.0028859290783293545, ""fold_a_query_after"": 1.1108001470565796, ""fold_a_utility"": -0.0003701448440551758, ""fold_b_harm"": -0.00421200692653656, ""fold_b_lcb"": -0.00778176499530673, ""fold_b_query_after"": 1.1817944049835205, ""fold_b_utility"": -0.010290384292602539, ""harm_lcb_max"": -0.0028859290783293545, ""harm_mean"": -0.0029426896944642067, ""harm_se_mean"": 0.0012199782358948141, ""harm_ucb_max"": -0.0004608158464543522, ""local_trainability"": -0.005330264568328857, ""query_after"": 1.14629727602005, ""query_before"": 1.1409670114517212, ""system_utility"": -0.005330264568328857}}, ""status"": ""ok"", ""statusquo_loss"": 1.1409670114517212}, ""utility_status"": ""ok""}"
28,B1,B,1,adapter_1,reuse,safe_existing_reuse,1.0742707252502441,3,True,442368,1778697,0,69176844,740355,17768856,448,15.393764864653349,564680704,0.0,12.76120176538825,1.4422578997910023,1.1560338139533997,-0.008124053478240967,0.08807104825973511,-0.09619510173797607,False,,"{""best_reuse"": ""adapter_1"", ""best_reuse_utility"": 0.08807104825973511, ""decision"": ""reuse"", ""fresh_advantage"": -0.09619510173797607, ""fresh_positive"": false, ""fresh_utility"": -0.008124053478240967, ""full_batch_guards"": {""adapter_1"": {""crossfit_feasible"": true, ""crossfit_utility"": 0.08807104825973511, ""crossfit_utility_positive"": true, ""full_batch_cur_after"": 1.0518813133239746, ""full_batch_cur_before"": 1.0674822330474854, ""full_batch_gain"": 0.015600919723510742, ""full_batch_harm"": -0.0023577939718961716, ""full_batch_harm_lcb"": -0.011639950964599848, ""full_batch_harm_se"": 0.004735794384032488, ""full_batch_harm_ucb"": 0.006924363020807504, ""full_batch_safe"": true}, ""adapter_2"": {""crossfit_feasible"": true, ""crossfit_utility"": 0.00019657611846923828, ""crossfit_utility_positive"": true, ""full_batch_cur_after"": 1.1385012865066528, ""full_batch_cur_before"": 1.1560338735580444, ""full_batch_gain"": 0.0175325870513916, ""full_batch_harm"": -0.0021283775568008423, ""full_batch_harm_lcb"": -0.012037482857704162, ""full_batch_harm_se"": 0.005055665969848633, ""full_batch_harm_ucb"": 0.007780727744102477, ""full_batch_safe"": true}, ""default"": {""crossfit_feasible"": true, ""crossfit_utility"": 0.011097371578216553, ""crossfit_utility_positive"": true, ""full_batch_cur_after"": 1.1299419403076172, ""full_batch_cur_before"": 1.1339356899261475, ""full_batch_gain"": 0.0039937496185302734, ""full_batch_harm"": -0.00012042559683322906, ""full_batch_harm_lcb"": -0.0022439018869772555, ""full_batch_harm_se"": 0.001083406270481646, ""full_batch_harm_ucb"": 0.0020030506933107974, ""full_batch_safe"": true}}, ""guarded_best_reuse"": ""adapter_1"", ""num_adapters"": 3, ""pending_after"": false, ""pending_before"": false, ""policy_version"": ""cau_v1"", ""reason"": ""safe_existing_reuse"", ""utility"": {""batch_n"": 16, ""best_reuse"": ""adapter_1"", ""best_reuse_query_after"": 1.0679627656936646, ""best_reuse_utility"": 0.08807104825973511, ""defer_utility"": 0.0, ""fold_a_fresh_utility"": 0.17293810844421387, ""fold_a_query_n"": 8, ""fold_a_support_n"": 8, ""fold_b_fresh_utility"": -0.1891862154006958, ""fold_b_query_n"": 8, ""fold_b_support_n"": 8, ""fresh_advantage"": -0.09619510173797607, ""fresh_local_trainability"": -0.03408747911453247, ""fresh_positive"": false, ""fresh_query_after"": 1.1641578674316406, ""fresh_query_before"": 1.1300703883171082, ""fresh_utility"": -0.008124053478240967, ""reuse_profiles"": {""adapter_1"": {""feasible_both"": true, ""fold_a_harm"": -0.0017793625593185425, ""fold_a_lcb"": -0.010264953970909119, ""fold_a_query_after"": 0.9640794992446899, ""fold_a_utility"": 0.3632746934890747, ""fold_b_harm"": -0.002710624597966671, ""fold_b_lcb"": -0.012307650800794363, ""fold_b_query_after"": 1.1718460321426392, ""fold_b_utility"": -0.1871325969696045, ""harm_lcb_max"": -0.010264953970909119, ""harm_mean"": -0.0022449935786426067, ""harm_se_mean"": 0.004612912656739354, ""harm_ucb_max"": 0.006886401604861021, ""local_trainability"": -0.00048041343688964844, ""query_after"": 1.0679627656936646, ""query_before"": 1.067482352256775, ""system_utility"": 0.08807104825973511}, ""adapter_2"": {""feasible_both"": true, ""fold_a_harm"": 0.0012828400358557701, ""fold_a_lcb"": -0.01036027928814292, ""fold_a_query_after"": 1.344360113143921, ""fold_a_utility"": -0.01700592041015625, ""fold_b_harm"": -0.0032951990142464638, ""fold_b_lcb"": -0.01115268938243389, ""fold_b_query_after"": 0.9673143625259399, ""fold_b_utility"": 0.017399072647094727, ""harm_lcb_max"": -0.01036027928814292, ""harm_mean"": -0.0010061794891953468, ""harm_se_mean"": 0.004974645329639316, ""harm_ucb_max"": 0.01292595935985446, ""local_trainability"": 0.00019657611846923828, ""query_after"": 1.1558372378349304, ""query_before"": 1.1560338139533997, ""system_utility"": 0.00019657611846923828}, ""default"": {""feasible_both"": true, ""fold_a_harm"": -0.00280177965760231, ""fold_a_lcb"": -0.004391161806415767, ""fold_a_query_after"": 1.0731629133224487, ""fold_a_utility"": 0.2541912794113159, ""fold_b_harm"": 0.0014797504991292953, ""fold_b_lcb"": -0.0029078672640025617, ""fold_b_query_after"": 1.2167099714279175, ""fold_b_utility"": -0.2319965362548828, ""harm_lcb_max"": -0.0029078672640025617, ""harm_mean"": -0.0006610145792365074, ""harm_se_mean"": 0.0015247448754962534, ""harm_ucb_max"": 0.0058673682622611524, ""local_trainability"": -0.011000752449035645, ""query_after"": 1.144936442375183, ""query_before"": 1.1339356899261475, ""system_utility"": 0.011097371578216553}}, ""status"": ""ok"", ""statusquo_loss"": 1.1560338139533997}, ""utility_status"": ""ok""}"
29,B1,B,1,adapter_1,reuse,safe_existing_reuse,1.049574851989746,3,True,442368,1778697,0,69176844,740355,17768856,464,16.2484067119658,564680704,0.0,13.610812522470951,1.4422578997910023,1.0666948556900024,-0.029327988624572754,-0.003566741943359375,-0.02576124668121338,False,,"{""best_reuse"": ""adapter_1"", ""best_reuse_utility"": -0.003566741943359375, ""decision"": ""reuse"", ""fresh_advantage"": -0.02576124668121338, ""fresh_positive"": false, ""fresh_utility"": -0.029327988624572754, ""full_batch_guards"": {""adapter_1"": {""crossfit_feasible"": true, ""crossfit_utility"": -0.003566741943359375, ""crossfit_utility_positive"": false, ""full_batch_cur_after"": 1.063979148864746, ""full_batch_cur_before"": 1.0666948556900024, ""full_batch_gain"": 0.0027157068252563477, ""full_batch_harm"": -0.0022304682061076164, ""full_batch_harm_lcb"": -0.009398878933861852, ""full_batch_harm_se"": 0.003657352412119508, ""full_batch_harm_ucb"": 0.004937942521646619, ""full_batch_safe"": true}, ""adapter_2"": {""crossfit_feasible"": true, ""crossfit_utility"": -0.12396872043609619, ""crossfit_utility_positive"": false, ""full_batch_cur_after"": 1.1847245693206787, ""full_batch_cur_before"": 1.1908409595489502, ""full_batch_gain"": 0.006116390228271484, ""full_batch_harm"": -0.0031329328194260597, ""full_batch_harm_lcb"": -0.009935005120933055, ""full_batch_harm_se"": 0.0034704450517892838, ""full_batch_harm_ucb"": 0.003669139482080936, ""full_batch_safe"": true}, ""default"": {""crossfit_feasible"": true, ""crossfit_utility"": -0.022514700889587402, ""crossfit_utility_positive"": false, ""full_batch_cur_after"": 1.083113193511963, ""full_batch_cur_before"": 1.0876991748809814, ""full_batch_gain"": 0.004585981369018555, ""full_batch_harm"": 0.0003995448350906372, ""full_batch_harm_lcb"": -0.002856246908195317, ""full_batch_harm_se"": 0.0016611182363703847, ""full_batch_harm_ucb"": 0.0036553365783765913, ""full_batch_safe"": true}}, ""guarded_best_reuse"": ""adapter_1"", ""num_adapters"": 3, ""pending_after"": false, ""pending_before"": false, ""policy_version"": ""cau_v1"", ""reason"": ""safe_existing_reuse"", ""utility"": {""batch_n"": 16, ""best_reuse"": ""adapter_1"", ""best_reuse_query_after"": 1.0702615976333618, ""best_reuse_utility"": -0.003566741943359375, ""defer_utility"": 0.0, ""fold_a_fresh_utility"": -0.031352996826171875, ""fold_a_query_n"": 8, ""fold_a_support_n"": 8, ""fold_b_fresh_utility"": -0.027302980422973633, ""fold_b_query_n"": 8, ""fold_b_support_n"": 8, ""fresh_advantage"": -0.02576124668121338, ""fresh_local_trainability"": 0.0036205053329467773, ""fresh_positive"": false, ""fresh_query_after"": 1.0960228443145752, ""fresh_query_before"": 1.099643349647522, ""fresh_utility"": -0.029327988624572754, ""reuse_profiles"": {""adapter_1"": {""feasible_both"": true, ""fold_a_harm"": -0.0019949395209550858, ""fold_a_lcb"": -0.00933376339264214, ""fold_a_query_after"": 1.066896677017212, ""fold_a_utility"": -0.0009310245513916016, ""fold_b_harm"": -0.0026926491409540176, ""fold_b_lcb"": -0.011152640338987111, ""fold_b_query_after"": 1.0736265182495117, ""fold_b_utility"": -0.0062024593353271484, ""harm_lcb_max"": -0.00933376339264214, ""harm_mean"": -0.0023437943309545517, ""harm_se_mean"": 0.004030309966765344, ""harm_ucb_max"": 0.005767342057079076, ""local_trainability"": -0.003566741943359375, ""query_after"": 1.0702615976333618, ""query_before"": 1.0666948556900024, ""system_utility"": -0.003566741943359375}, ""adapter_2"": {""feasible_both"": true, ""fold_a_harm"": -0.0027465736493468285, ""fold_a_lcb"": -0.008902565706521273, ""fold_a_query_after"": 1.150829792022705, ""fold_a_utility"": -0.08486413955688477, ""fold_b_harm"": -0.0027903011068701744, ""fold_b_lcb"": -0.010630447510629892, ""fold_b_query_after"": 1.2304973602294922, ""fold_b_utility"": -0.16307330131530762, ""harm_lcb_max"": -0.008902565706521273, ""harm_mean"": -0.0027684373781085014, ""harm_se_mean"": 0.0035704434849321842, ""harm_ucb_max"": 0.005049845296889543, ""local_trainability"": 0.0001773834228515625, ""query_after"": 1.1906635761260986, ""query_before"": 1.1908409595489502, ""system_utility"": -0.12396872043609619}, ""default"": {""feasible_both"": true, ""fold_a_harm"": 2.6910565793514252e-05, ""fold_a_lcb"": -0.003901777574792504, ""fold_a_query_after"": 1.1042659282684326, ""fold_a_utility"": -0.038300275802612305, ""fold_b_harm"": -0.0003048041835427284, ""fold_b_lcb"": -0.0023600733233615757, ""fold_b_query_after"": 1.074153184890747, ""fold_b_utility"": -0.0067291259765625, ""harm_lcb_max"": -0.0023600733233615757, ""harm_mean"": -0.00013894680887460709, ""harm_se_mean"": 0.0015265197143889964, ""harm_ucb_max"": 0.003955598706379532, ""local_trainability"": -0.001510322093963623, ""query_after"": 1.0892095565795898, ""query_before"": 1.0876992344856262, ""system_utility"": -0.022514700889587402}}, ""status"": ""ok"", ""statusquo_loss"": 1.0666948556900024}, ""utility_status"": ""ok""}"
30,B1,B,1,adapter_1,reuse,safe_existing_reuse,1.071587085723877,3,True,442368,1778697,0,69176844,740355,17768856,480,17.10635383799672,564680704,0.0,14.463187268003821,1.4422578997910023,1.0855302810668945,-0.02053135633468628,0.012886524200439453,-0.03341788053512573,False,,"{""best_reuse"": ""adapter_1"", ""best_reuse_utility"": 0.012886524200439453, ""decision"": ""reuse"", ""fresh_advantage"": -0.03341788053512573, ""fresh_positive"": false, ""fresh_utility"": -0.02053135633468628, ""full_batch_guards"": {""adapter_1"": {""crossfit_feasible"": true, ""crossfit_utility"": 0.012886524200439453, ""crossfit_utility_positive"": true, ""full_batch_cur_after"": 1.069342851638794, ""full_batch_cur_before"": 1.0855302810668945, ""full_batch_gain"": 0.016187429428100586, ""full_batch_harm"": -0.00395346712321043, ""full_batch_harm_lcb"": -0.01247573522850871, ""full_batch_harm_se"": 0.0043480959720909595, ""full_batch_harm_ucb"": 0.00456880098208785, ""full_batch_safe"": true}, ""adapter_2"": {""crossfit_feasible"": true, ""crossfit_utility"": -0.017590224742889404, ""crossfit_utility_positive"": false, ""full_batch_cur_after"": 1.0995805263519287, ""full_batch_cur_before"": 1.1269844770431519, ""full_batch_gain"": 0.027403950691223145, ""full_batch_harm"": -0.0008331313729286194, ""full_batch_harm_lcb"": -0.011935871616005898, ""full_batch_harm_se"": 0.005664663389325142, ""full_batch_harm_ucb"": 0.01026960887014866, ""full_batch_safe"": true}, ""default"": {""crossfit_feasible"": true, ""crossfit_utility"": -0.07700306177139282, ""crossfit_utility_positive"": false, ""full_batch_cur_after"": 1.159216284751892, ""full_batch_cur_before"": 1.1648015975952148, ""full_batch_gain"": 0.005585312843322754, ""full_batch_harm"": -0.0009353430941700935, ""full_batch_harm_lcb"": -0.0027676177537068725, ""full_batch_harm_se"": 0.0009348340099677444, ""full_batch_harm_ucb"": 0.0008969315653666854, ""full_batch_safe"": true}}, ""guarded_best_reuse"": ""adapter_1"", ""num_adapters"": 3, ""pending_after"": false, ""pending_before"": false, ""policy_version"": ""cau_v1"", ""reason"": ""safe_existing_reuse"", ""utility"": {""batch_n"": 16, ""best_reuse"": ""adapter_1"", ""best_reuse_query_after"": 1.072643756866455, ""best_reuse_utility"": 0.012886524200439453, ""defer_utility"": 0.0, ""fold_a_fresh_utility"": -0.05120396614074707, ""fold_a_query_n"": 8, ""fold_a_support_n"": 8, ""fold_b_fresh_utility"": 0.010141253471374512, ""fold_b_query_n"": 8, ""fold_b_support_n"": 8, ""fresh_advantage"": -0.03341788053512573, ""fresh_local_trainability"": 0.054803431034088135, ""fresh_positive"": false, ""fresh_query_after"": 1.1060616374015808, ""fresh_query_before"": 1.160865068435669, ""fresh_utility"": -0.02053135633468628, ""reuse_profiles"": {""adapter_1"": {""feasible_both"": true, ""fold_a_harm"": -0.003717612475156784, ""fold_a_lcb"": -0.011203446136787533, ""fold_a_query_after"": 1.0408716201782227, ""fold_a_utility"": 0.019178032875061035, ""fold_b_harm"": -0.003920132294297218, ""fold_b_lcb"": -0.01251272089779377, ""fold_b_query_after"": 1.1044158935546875, ""fold_b_utility"": 0.006595015525817871, ""harm_lcb_max"": -0.011203446136787533, ""harm_mean"": -0.003818872384727001, ""harm_se_mean"": 0.004101638332940638, ""harm_ucb_max"": 0.004672456309199333, ""local_trainability"": 0.012886524200439453, ""query_after"": 1.072643756866455, ""query_before"": 1.0855302810668945, ""system_utility"": 0.012886524200439453}, ""adapter_2"": {""feasible_both"": true, ""fold_a_harm"": -0.0014149760827422142, ""fold_a_lcb"": -0.011273042503744364, ""fold_a_query_after"": 1.082780122756958, ""fold_a_utility"": -0.022730469703674316, ""fold_b_harm"": -0.0004767272621393204, ""fold_b_lcb"": -0.011563929766416549, ""fold_b_query_after"": 1.1234608888626099, ""fold_b_utility"": -0.012449979782104492, ""harm_lcb_max"": -0.011273042503744364, ""harm_mean"": -0.0009458516724407673, ""harm_se_mean"": 0.005343180848285556, ""harm_ucb_max"": 0.010610475242137908, ""local_trainability"": 0.023864030838012695, ""query_after"": 1.103120505809784, ""query_before"": 1.1269845366477966, ""system_utility"": -0.017590224742889404}, ""default"": {""feasible_both"": true, ""fold_a_harm"": -0.0014001522213220596, ""fold_a_lcb"": -0.0026449757255613804, ""fold_a_query_after"": 1.1830682754516602, ""fold_a_utility"": -0.12301862239837646, ""fold_b_harm"": -0.0009250063449144363, ""fold_b_lcb"": -0.002626107290852815, ""fold_b_query_after"": 1.1419984102249146, ""fold_b_utility"": -0.03098750114440918, ""harm_lcb_max"": -0.002626107290852815, ""harm_mean"": -0.001162579283118248, ""harm_se_mean"": 0.0007515113393310457, ""harm_ucb_max"": 0.0007760946010239422, ""local_trainability"": 0.0022681355476379395, ""query_after"": 1.1625333428382874, ""query_before"": 1.1648014783859253, ""system_utility"": -0.07700306177139282}}, ""status"": ""ok"", ""statusquo_loss"": 1.0855302810668945}, ""utility_status"": ""ok""}"
31,B1,B,1,adapter_1,reuse,safe_existing_reuse,1.0324665307998657,3,True,442368,1778697,0,69176844,740355,17768856,496,17.958283063024282,564680704,0.0,15.309190887957811,1.4422578997910023,1.040466547012329,-0.05287981033325195,0.012880980968475342,-0.0657607913017273,False,,"{""best_reuse"": ""adapter_1"", ""best_reuse_utility"": 0.012880980968475342, ""decision"": ""reuse"", ""fresh_advantage"": -0.0657607913017273, ""fresh_positive"": false, ""fresh_utility"": -0.05287981033325195, ""full_batch_guards"": {""adapter_1"": {""crossfit_feasible"": true, ""crossfit_utility"": 0.012880980968475342, ""crossfit_utility_positive"": true, ""full_batch_cur_after"": 1.0217957496643066, ""full_batch_cur_before"": 1.040466547012329, ""full_batch_gain"": 0.01867079734802246, ""full_batch_harm"": -0.0019596004858613014, ""full_batch_harm_lcb"": -0.012426693513989449, ""full_batch_harm_se"": 0.005340353585779667, ""full_batch_harm_ucb"": 0.008507492542266846, ""full_batch_safe"": true}, ""adapter_2"": {""crossfit_feasible"": true, ""crossfit_utility"": -0.06404870748519897, ""crossfit_utility_positive"": false, ""full_batch_cur_after"": 1.0981123447418213, ""full_batch_cur_before"": 1.1235460042953491, ""full_batch_gain"": 0.025433659553527832, ""full_batch_harm"": -0.0014138426631689072, ""full_batch_harm_lcb"": -0.011985614635050297, ""full_batch_harm_se"": 0.005393761210143566, ""full_batch_harm_ucb"": 0.009157929308712483, ""full_batch_safe"": true}, ""default"": {""crossfit_feasible"": true, ""crossfit_utility"": -0.09364265203475952, ""crossfit_utility_positive"": false, ""full_batch_cur_after"": 1.1276705265045166, ""full_batch_cur_before"": 1.1351866722106934, ""full_batch_gain"": 0.007516145706176758, ""full_batch_harm"": -0.000474405474960804, ""full_batch_harm_lcb"": -0.0024354318948462605, ""full_batch_harm_se"": 0.0010005236836150289, ""full_batch_harm_ucb"": 0.0014866209449246525, ""full_batch_safe"": true}}, ""guarded_best_reuse"": ""adapter_1"", ""num_adapters"": 3, ""pending_after"": false, ""pending_before"": false, ""policy_version"": ""cau_v1"", ""reason"": ""safe_existing_reuse"", ""utility"": {""batch_n"": 16, ""best_reuse"": ""adapter_1"", ""best_reuse_query_after"": 1.0275855660438538, ""best_reuse_utility"": 0.012880980968475342, ""defer_utility"": 0.0, ""fold_a_fresh_utility"": -0.09274172782897949, ""fold_a_query_n"": 8, ""fold_a_support_n"": 8, ""fold_b_fresh_utility"": -0.013017892837524414, ""fold_b_query_n"": 8, ""fold_b_support_n"": 8, ""fresh_advantage"": -0.0657607913017273, ""fresh_local_trainability"": 0.039174556732177734, ""fresh_positive"": false, ""fresh_query_after"": 1.093346357345581, ""fresh_query_before"": 1.1325209140777588, ""fresh_utility"": -0.05287981033325195, ""reuse_profiles"": {""adapter_1"": {""feasible_both"": true, ""fold_a_harm"": -0.002000441774725914, ""fold_a_lcb"": -0.012217982690781354, ""fold_a_query_after"": 0.9850844144821167, ""fold_a_utility"": 0.011468291282653809, ""fold_b_harm"": -0.0014418140053749084, ""fold_b_lcb"": -0.011336963269859552, ""fold_b_query_after"": 1.0700867176055908, ""fold_b_utility"": 0.014293670654296875, ""harm_lcb_max"": -0.011336963269859552, ""harm_mean"": -0.0017211278900504112, ""harm_se_mean"": 0.0051307883113622665, ""harm_ucb_max"": 0.008453335259109735, ""local_trainability"": 0.012880980968475342, ""query_after"": 1.0275855660438538, ""query_before"": 1.040466547012329, ""system_utility"": 0.012880980968475342}, ""adapter_2"": {""feasible_both"": true, ""fold_a_harm"": -6.91637396812439e-05, ""fold_a_lcb"": -0.01105065869167447, ""fold_a_query_after"": 1.182125449180603, ""fold_a_utility"": -0.18557274341583252, ""fold_b_harm"": -0.002255045808851719, ""fold_b_lcb"": -0.011535312607884407, ""fold_b_query_after"": 1.0269050598144531, ""fold_b_utility"": 0.05747532844543457, ""harm_lcb_max"": -0.01105065869167447, ""harm_mean"": -0.0011621047742664814, ""harm_se_mean"": 0.005168816773220897, ""harm_ucb_max"": 0.010912331212311983, ""local_trainability"": 0.019030749797821045, ""query_after"": 1.104515254497528, ""query_before"": 1.1235460042953491, ""system_utility"": -0.06404870748519897}, ""default"": {""feasible_both"": true, ""fold_a_harm"": -0.001415083184838295, ""fold_a_lcb"": -0.0026780727645382284, ""fold_a_query_after"": 1.0982531309127808, ""fold_a_utility"": -0.10170042514801025, ""fold_b_harm"": 0.0004362957552075386, ""fold_b_lcb"": -0.0023124540457502007, ""fold_b_query_after"": 1.1699652671813965, ""fold_b_utility"": -0.08558487892150879, ""harm_lcb_max"": -0.0023124540457502007, ""harm_mean"": -0.0004893937148153782, ""harm_se_mean"": 0.0010234029032289982, ""harm_ucb_max"": 0.003185045556165278, ""local_trainability"": 0.0010775327682495117, ""query_after"": 1.1341091990470886, ""query_before"": 1.1351867318153381, ""system_utility"": -0.09364265203475952}}, ""status"": ""ok"", ""statusquo_loss"": 1.040466547012329}, ""utility_status"": ""ok""}"
32,B1,B,1,adapter_2,reuse,safe_existing_reuse,0.9461526274681091,3,True,442368,1778697,0,69176844,740355,17768856,512,18.774025607854128,564680704,0.0,16.119647381827235,1.4422578997910023,1.3634986877441406,0.34683406352996826,0.42918235063552856,-0.0823482871055603,False,,"{""best_reuse"": ""adapter_2"", ""best_reuse_utility"": 0.42918235063552856, ""decision"": ""reuse"", ""fresh_advantage"": -0.0823482871055603, ""fresh_positive"": false, ""fresh_utility"": 0.34683406352996826, ""full_batch_guards"": {""adapter_1"": {""crossfit_feasible"": true, ""crossfit_utility"": -0.012821793556213379, ""crossfit_utility_positive"": false, ""full_batch_cur_after"": 1.3717920780181885, ""full_batch_cur_before"": 1.3634986877441406, ""full_batch_gain"": -0.008293390274047852, ""full_batch_harm"": -0.004580718465149403, ""full_batch_harm_lcb"": -0.01271811082959175, ""full_batch_harm_se"": 0.004151730798184872, ""full_batch_harm_ucb"": 0.0035566738992929454, ""full_batch_safe"": true}, ""adapter_2"": {""crossfit_feasible"": true, ""crossfit_utility"": 0.42918235063552856, ""crossfit_utility_positive"": true, ""full_batch_cur_after"": 0.9269179701805115, ""full_batch_cur_before"": 0.9362847805023193, ""full_batch_gain"": 0.009366810321807861, ""full_batch_harm"": 0.002686496824026108, ""full_batch_harm_lcb"": -0.005420257244259119, ""full_batch_harm_se"": 0.004136099014431238, ""full_batch_harm_ucb"": 0.010793250892311335, ""full_batch_safe"": true}, ""default"": {""crossfit_feasible"": true, ""crossfit_utility"": 0.2660428285598755, ""crossfit_utility_positive"": true, ""full_batch_cur_after"": 1.092132806777954, ""full_batch_cur_before"": 1.1074528694152832, ""full_batch_gain"": 0.015320062637329102, ""full_batch_harm"": -0.0054014697670936584, ""full_batch_harm_lcb"": -0.010043533518910408, ""full_batch_harm_se"": 0.0023683998733758926, ""full_batch_harm_ucb"": -0.0007594060152769089, ""full_batch_safe"": true}}, ""guarded_best_reuse"": ""adapter_2"", ""num_adapters"": 3, ""pending_after"": false, ""pending_before"": false, ""policy_version"": ""cau_v1"", ""reason"": ""safe_existing_reuse"", ""utility"": {""batch_n"": 16, ""best_reuse"": ""adapter_2"", ""best_reuse_query_after"": 0.9343163371086121, ""best_reuse_utility"": 0.42918235063552856, ""defer_utility"": 0.0, ""fold_a_fresh_utility"": 0.3193783760070801, ""fold_a_query_n"": 8, ""fold_a_support_n"": 8, ""fold_b_fresh_utility"": 0.37428975105285645, ""fold_b_query_n"": 8, ""fold_b_support_n"": 8, ""fresh_advantage"": -0.0823482871055603, ""fresh_local_trainability"": 0.04222065210342407, ""fresh_positive"": false, ""fresh_query_after"": 1.0166646242141724, ""fresh_query_before"": 1.0588852763175964, ""fresh_utility"": 0.34683406352996826, ""reuse_profiles"": {""adapter_1"": {""feasible_both"": true, ""fold_a_harm"": -0.004936492070555687, ""fold_a_lcb"": -0.013949956800788641, ""fold_a_query_after"": 1.360976219177246, ""fold_a_utility"": -0.019761323928833008, ""fold_b_harm"": -0.004143701866269112, ""fold_b_lcb"": -0.01131156132556498, ""fold_b_query_after"": 1.391664743423462, ""fold_b_utility"": -0.00588226318359375, ""harm_lcb_max"": -0.01131156132556498, ""harm_mean"": -0.004540096968412399, ""harm_se_mean"": 0.004127888823859394, ""harm_ucb_max"": 0.0040769726596772676, ""local_trainability"": -0.012821793556213379, ""query_after"": 1.376320481300354, ""query_before"": 1.3634986877441406, ""system_utility"": -0.012821793556213379}, ""adapter_2"": {""feasible_both"": true, ""fold_a_harm"": 0.0032766982913017273, ""fold_a_lcb"": -0.006284863278269768, ""fold_a_query_after"": 1.0261043310165405, ""fold_a_utility"": 0.31511056423187256, ""fold_b_harm"": 0.0005552060902118683, ""fold_b_lcb"": -0.004883990027010441, ""fold_b_query_after"": 0.8425283432006836, ""fold_b_utility"": 0.5432541370391846, ""harm_lcb_max"": -0.004883990027010441, ""harm_mean"": 0.0019159521907567978, ""harm_se_mean"": 0.003826723899692297, ""harm_ucb_max"": 0.012838259860873223, ""local_trainability"": 0.0019683837890625, ""query_after"": 0.9343163371086121, ""query_before"": 0.9362847208976746, ""system_utility"": 0.42918235063552856}, ""default"": {""feasible_both"": true, ""fold_a_harm"": -0.005162293091416359, ""fold_a_lcb"": -0.009216117803007365, ""fold_a_query_after"": 1.0771164894104004, ""fold_a_utility"": 0.2640984058380127, ""fold_b_harm"": -0.004743284545838833, ""fold_b_lcb"": -0.009513864126056433, ""fold_b_query_after"": 1.1177952289581299, ""fold_b_utility"": 0.2679872512817383, ""harm_lcb_max"": -0.009216117803007365, ""harm_mean"": -0.004952788818627596, ""harm_se_mean"": 0.002251123543828726, ""harm_ucb_max"": 2.729503437876729e-05, ""local_trainability"": 0.009997010231018066, ""query_after"": 1.0974558591842651, ""query_before"": 1.1074528694152832, ""system_utility"": 0.2660428285598755}}, ""status"": ""ok"", ""statusquo_loss"": 1.3634986877441406}, ""utility_status"": ""ok""}"
33,B1,B,1,default,reuse,safe_existing_reuse,1.085951805114746,3,True,442368,1778697,0,69176844,740355,17768856,528,19.590414587408304,564680704,0.0,16.930546559393406,1.4422578997910023,1.202842116355896,0.10793113708496094,0.1183316707611084,-0.010400533676147461,False,,"{""best_reuse"": ""default"", ""best_reuse_utility"": 0.1183316707611084, ""decision"": ""reuse"", ""fresh_advantage"": -0.010400533676147461, ""fresh_positive"": false, ""fresh_utility"": 0.10793113708496094, ""full_batch_guards"": {""adapter_1"": {""crossfit_feasible"": true, ""crossfit_utility"": 0.04584097862243652, ""crossfit_utility_positive"": true, ""full_batch_cur_after"": 1.1474765539169312, ""full_batch_cur_before"": 1.141345500946045, ""full_batch_gain"": -0.0061310529708862305, ""full_batch_harm"": -0.0040306756272912025, ""full_batch_harm_lcb"": -0.010276198610663414, ""full_batch_harm_se"": 0.0031864913180470467, ""full_batch_harm_ucb"": 0.002214847356081009, ""full_batch_safe"": true}, ""adapter_2"": {""crossfit_feasible"": true, ""crossfit_utility"": -0.006743907928466797, ""crossfit_utility_positive"": false, ""full_batch_cur_after"": 1.2017872333526611, ""full_batch_cur_before"": 1.2028419971466064, ""full_batch_gain"": 0.0010547637939453125, ""full_batch_harm"": -0.0015603043138980865, ""full_batch_harm_lcb"": -0.004730752352625132, ""full_batch_harm_se"": 0.001617575529962778, ""full_batch_harm_ucb"": 0.0016101437248289587, ""full_batch_safe"": true}, ""default"": {""crossfit_feasible"": true, ""crossfit_utility"": 0.1183316707611084, ""crossfit_utility_positive"": true, ""full_batch_cur_after"": 1.0757734775543213, ""full_batch_cur_before"": 1.0851876735687256, ""full_batch_gain"": 0.009414196014404297, ""full_batch_harm"": -0.0012162132188677788, ""full_batch_harm_lcb"": -0.004803236303851008, ""full_batch_harm_se"": 0.0018301138188689947, ""full_batch_harm_ucb"": 0.002370809866115451, ""full_batch_safe"": true}}, ""guarded_best_reuse"": ""default"", ""num_adapters"": 3, ""pending_after"": false, ""pending_before"": false, ""policy_version"": ""cau_v1"", ""reason"": ""safe_existing_reuse"", ""utility"": {""batch_n"": 16, ""best_reuse"": ""default"", ""best_reuse_query_after"": 1.0845104455947876, ""best_reuse_utility"": 0.1183316707611084, ""defer_utility"": 0.0, ""fold_a_fresh_utility"": 0.07385754585266113, ""fold_a_query_n"": 8, ""fold_a_support_n"": 8, ""fold_b_fresh_utility"": 0.14200472831726074, ""fold_b_query_n"": 8, ""fold_b_support_n"": 8, ""fresh_advantage"": -0.010400533676147461, ""fresh_local_trainability"": -0.001538693904876709, ""fresh_positive"": false, ""fresh_query_after"": 1.094910979270935, ""fresh_query_before"": 1.0933722853660583, ""fresh_utility"": 0.10793113708496094, ""reuse_profiles"": {""adapter_1"": {""feasible_both"": true, ""fold_a_harm"": -0.004383380524814129, ""fold_a_lcb"": -0.011543880002573132, ""fold_a_query_after"": 1.2387278079986572, ""fold_a_utility"": -0.06543350219726562, ""fold_b_harm"": -0.003982183523476124, ""fold_b_lcb"": -0.010935090724378824, ""fold_b_query_after"": 1.0752744674682617, ""fold_b_utility"": 0.15711545944213867, ""harm_lcb_max"": -0.010935090724378824, ""harm_mean"": -0.004182782024145126, ""harm_se_mean"": 0.0036003588465973735, ""harm_ucb_max"": 0.0029707236774265764, ""local_trainability"": -0.01565563678741455, ""query_after"": 1.1570011377334595, ""query_before"": 1.141345500946045, ""system_utility"": 0.04584097862243652}, ""adapter_2"": {""feasible_both"": true, ""fold_a_harm"": -0.0020323339849710464, ""fold_a_lcb"": -0.005885281125083566, ""fold_a_query_after"": 1.1785614490509033, ""fold_a_utility"": -0.005267143249511719, ""fold_b_harm"": -0.00028540752828121185, ""fold_b_lcb"": -0.004240556554868817, ""fold_b_query_after"": 1.2406105995178223, ""fold_b_utility"": -0.008220672607421875, ""harm_lcb_max"": -0.004240556554868817, ""harm_mean"": -0.0011588707566261292, ""harm_se_mean"": 0.001991861267015338, ""harm_ucb_max"": 0.0036697414983063933, ""local_trainability"": -0.006743907928466797, ""query_after"": 1.2095860242843628, ""query_before"": 1.202842116355896, ""system_utility"": -0.006743907928466797}, ""default"": {""feasible_both"": true, ""fold_a_harm"": 3.014504909515381e-05, ""fold_a_lcb"": -0.0036645722994580864, ""fold_a_query_after"": 1.0893244743347168, ""fold_a_utility"": 0.0839698314666748, ""fold_b_harm"": -0.0030150869861245155, ""fold_b_lcb"": -0.006214561271481216, ""fold_b_query_after"": 1.0796964168548584, ""fold_b_utility"": 0.152693510055542, ""harm_lcb_max"": -0.0036645722994580864, ""harm_mean"": -0.0014924709685146809, ""harm_se_mean"": 0.0017587223555892706, ""harm_ucb_max"": 0.003724862397648394, ""local_trainability"": 0.0006771683692932129, ""query_after"": 1.0845104455947876, ""query_before"": 1.0851876139640808, ""system_utility"": 0.1183316707611084}}, ""status"": ""ok"", ""statusquo_loss"": 1.202842116355896}, ""utility_status"": ""ok""}"
34,B1,B,1,default,reuse,safe_existing_reuse,1.0051325559616089,3,True,442368,1778697,0,69176844,740355,17768856,544,20.39976093173027,564680704,0.0,17.73440834507346,1.4422578997910023,1.0058971643447876,-0.02239227294921875,0.012866079807281494,-0.035258352756500244,False,,"{""best_reuse"": ""default"", ""best_reuse_utility"": 0.012866079807281494, ""decision"": ""reuse"", ""fresh_advantage"": -0.035258352756500244, ""fresh_positive"": false, ""fresh_utility"": -0.02239227294921875, ""full_batch_guards"": {""adapter_1"": {""crossfit_feasible"": true, ""crossfit_utility"": -0.13993316888809204, ""crossfit_utility_positive"": false, ""full_batch_cur_after"": 1.1379871368408203, ""full_batch_cur_before"": 1.1249630451202393, ""full_batch_gain"": -0.013024091720581055, ""full_batch_harm"": -0.0036832978948950768, ""full_batch_harm_lcb"": -0.009811488771811127, ""full_batch_harm_se"": 0.0031266279984265566, ""full_batch_harm_ucb"": 0.002444892982020974, ""full_batch_safe"": true}, ""adapter_2"": {""crossfit_feasible"": true, ""crossfit_utility"": -0.3488832116127014, ""crossfit_utility_positive"": false, ""full_batch_cur_after"": 1.3469266891479492, ""full_batch_cur_before"": 1.337937593460083, ""full_batch_gain"": -0.008989095687866211, ""full_batch_harm"": -0.0013138437643647194, ""full_batch_harm_lcb"": -0.003638967713341117, ""full_batch_harm_se"": 0.0011862877290695906, ""full_batch_harm_ucb"": 0.0010112801846116782, ""full_batch_safe"": true}, ""default"": {""crossfit_feasible"": true, ""crossfit_utility"": 0.012866079807281494, ""crossfit_utility_positive"": true, ""full_batch_cur_after"": 0.9859211444854736, ""full_batch_cur_before"": 1.0058971643447876, ""full_batch_gain"": 0.019976019859313965, ""full_batch_harm"": -0.0011551938951015472, ""full_batch_harm_lcb"": -0.007706594662740826, ""full_batch_harm_se"": 0.003342551412060857, ""full_batch_harm_ucb"": 0.005396206872537732, ""full_batch_safe"": true}}, ""guarded_best_reuse"": ""default"", ""num_adapters"": 3, ""pending_after"": false, ""pending_before"": false, ""policy_version"": ""cau_v1"", ""reason"": ""safe_existing_reuse"", ""utility"": {""batch_n"": 16, ""best_reuse"": ""default"", ""best_reuse_query_after"": 0.9930310845375061, ""best_reuse_utility"": 0.012866079807281494, ""defer_utility"": 0.0, ""fold_a_fresh_utility"": -0.003714323043823242, ""fold_a_query_n"": 8, ""fold_a_support_n"": 8, ""fold_b_fresh_utility"": -0.04107022285461426, ""fold_b_query_n"": 8, ""fold_b_support_n"": 8, ""fresh_advantage"": -0.035258352756500244, ""fresh_local_trainability"": 0.03521549701690674, ""fresh_positive"": false, ""fresh_query_after"": 1.0282894372940063, ""fresh_query_before"": 1.063504934310913, ""fresh_utility"": -0.02239227294921875, ""reuse_profiles"": {""adapter_1"": {""feasible_both"": true, ""fold_a_harm"": -0.004005067050457001, ""fold_a_lcb"": -0.01093563510105014, ""fold_a_query_after"": 1.2421835660934448, ""fold_a_utility"": -0.19698047637939453, ""fold_b_harm"": -0.0036710603162646294, ""fold_b_lcb"": -0.009969440726563333, ""fold_b_query_after"": 1.0494771003723145, ""fold_b_utility"": -0.08288586139678955, ""harm_lcb_max"": -0.009969440726563333, ""harm_mean"": -0.003838063683360815, ""harm_se_mean"": 0.003374731750227511, ""harm_ucb_max"": 0.0029255010001361373, ""local_trainability"": -0.02086728811264038, ""query_after"": 1.1458303332328796, ""query_before"": 1.1249630451202393, ""system_utility"": -0.13993316888809204}, ""adapter_2"": {""feasible_both"": true, ""fold_a_harm"": -0.0018455199897289276, ""fold_a_lcb"": -0.004297861456871032, ""fold_a_query_after"": 1.2387046813964844, ""fold_a_utility"": -0.19350159168243408, ""fold_b_harm"": 0.00014827214181423187, ""fold_b_lcb"": -0.003459326992742717, ""fold_b_query_after"": 1.4708560705184937, ""fold_b_utility"": -0.5042648315429688, ""harm_lcb_max"": -0.003459326992742717, ""harm_mean"": -0.0008486239239573479, ""harm_se_mean"": 0.0015459032147191465, ""harm_ucb_max"": 0.0037558712763711808, ""local_trainability"": -0.01684284210205078, ""query_after"": 1.354780375957489, ""query_before"": 1.3379375338554382, ""system_utility"": -0.3488832116127014}, ""default"": {""feasible_both"": true, ""fold_a_harm"": -0.0011005010455846786, ""fold_a_lcb"": -0.007773692440241575, ""fold_a_query_after"": 1.0404760837554932, ""fold_a_utility"": 0.004727005958557129, ""fold_b_harm"": -0.0014530057087540627, ""fold_b_lcb"": -0.006948521109297871, ""fold_b_query_after"": 0.945586085319519, ""fold_b_utility"": 0.02100515365600586, ""harm_lcb_max"": -0.006948521109297871, ""harm_mean"": -0.0012767533771693707, ""harm_se_mean"": 0.0031042619375512004, ""harm_ucb_max"": 0.005572690349072218, ""local_trainability"": 0.012866079807281494, ""query_after"": 0.9930310845375061, ""query_before"": 1.0058971643447876, ""system_utility"": 0.012866079807281494}}, ""status"": ""ok"", ""statusquo_loss"": 1.0058971643447876}, ""utility_status"": ""ok""}"
35,B1,B,1,adapter_1,reuse,safe_existing_reuse,1.0867624282836914,3,True,442368,1778697,0,69176844,740355,17768856,560,21.252734633162618,564680704,0.0,18.581276265904307,1.4422578997910023,1.1130414009094238,-0.0041800737380981445,0.017530381679534912,-0.021710455417633057,False,,"{""best_reuse"": ""adapter_1"", ""best_reuse_utility"": 0.017530381679534912, ""decision"": ""reuse"", ""fresh_advantage"": -0.021710455417633057, ""fresh_positive"": false, ""fresh_utility"": -0.0041800737380981445, ""full_batch_guards"": {""adapter_1"": {""crossfit_feasible"": true, ""crossfit_utility"": 0.017530381679534912, ""crossfit_utility_positive"": true, ""full_batch_cur_after"": 1.087193489074707, ""full_batch_cur_before"": 1.088228464126587, ""full_batch_gain"": 0.0010349750518798828, ""full_batch_harm"": -0.003990359604358673, ""full_batch_harm_lcb"": -0.011910826917737722, ""full_batch_harm_se"": 0.004041054751724005, ""full_batch_harm_ucb"": 0.003930107709020376, ""full_batch_safe"": true}, ""adapter_2"": {""crossfit_feasible"": true, ""crossfit_utility"": -0.0852205753326416, ""crossfit_utility_positive"": false, ""full_batch_cur_after"": 1.1910089254379272, ""full_batch_cur_before"": 1.1905021667480469, ""full_batch_gain"": -0.0005067586898803711, ""full_batch_harm"": -0.0019611138850450516, ""full_batch_harm_lcb"": -0.006981932837516069, ""full_batch_harm_se"": 0.002561642322689295, ""full_batch_harm_ucb"": 0.003059705067425966, ""full_batch_safe"": true}, ""default"": {""crossfit_feasible"": true, ""crossfit_utility"": -0.005910396575927734, ""crossfit_utility_positive"": false, ""full_batch_cur_after"": 1.1118831634521484, ""full_batch_cur_before"": 1.1130414009094238, ""full_batch_gain"": 0.0011582374572753906, ""full_batch_harm"": -0.0019866880029439926, ""full_batch_harm_lcb"": -0.0071940953563898805, ""full_batch_harm_se"": 0.0026568404864519835, ""full_batch_harm_ucb"": 0.0032207193505018952, ""full_batch_safe"": true}}, ""guarded_best_reuse"": ""adapter_1"", ""num_adapters"": 3, ""pending_after"": false, ""pending_before"": false, ""policy_version"": ""cau_v1"", ""reason"": ""safe_existing_reuse"", ""utility"": {""batch_n"": 16, ""best_reuse"": ""adapter_1"", ""best_reuse_query_after"": 1.095511019229889, ""best_reuse_utility"": 0.017530381679534912, ""defer_utility"": 0.0, ""fold_a_fresh_utility"": -0.02986001968383789, ""fold_a_query_n"": 8, ""fold_a_support_n"": 8, ""fold_b_fresh_utility"": 0.0214998722076416, ""fold_b_query_n"": 8, ""fold_b_support_n"": 8, ""fresh_advantage"": -0.021710455417633057, ""fresh_local_trainability"": -0.00817418098449707, ""fresh_positive"": false, ""fresh_query_after"": 1.117221474647522, ""fresh_query_before"": 1.109047293663025, ""fresh_utility"": -0.0041800737380981445, ""reuse_profiles"": {""adapter_1"": {""feasible_both"": true, ""fold_a_harm"": -0.005103293806314468, ""fold_a_lcb"": -0.015654550194740297, ""fold_a_query_after"": 1.107836127281189, ""fold_a_utility"": -0.039949774742126465, ""fold_b_harm"": -0.003862493671476841, ""fold_b_lcb"": -0.010495909312739967, ""fold_b_query_after"": 1.0831859111785889, ""fold_b_utility"": 0.07501053810119629, ""harm_lcb_max"": -0.010495909312739967, ""harm_mean"": -0.004482893738895655, ""harm_se_mean"": 0.0043838449055328965, ""harm_ucb_max"": 0.005447962582111358, ""local_trainability"": -0.007282614707946777, ""query_after"": 1.095511019229889, ""query_before"": 1.0882284045219421, ""system_utility"": 0.017530381679534912}, ""adapter_2"": {""feasible_both"": true, ""fold_a_harm"": -0.001428471878170967, ""fold_a_lcb"": -0.008723274590447545, ""fold_a_query_after"": 1.270458459854126, ""fold_a_utility"": -0.20257210731506348, ""fold_b_harm"": -0.0014081569388508797, ""fold_b_lcb"": -0.004762354209087789, ""fold_b_query_after"": 1.1260654926300049, ""fold_b_utility"": 0.03213095664978027, ""harm_lcb_max"": -0.004762354209087789, ""harm_mean"": -0.0014183144085109234, ""harm_se_mean"": 0.002716581628192216, ""harm_ucb_max"": 0.00586633083410561, ""local_trainability"": -0.00775986909866333, ""query_after"": 1.1982619762420654, ""query_before"": 1.190502107143402, ""system_utility"": -0.0852205753326416}, ""default"": {""feasible_both"": true, ""fold_a_harm"": -0.0018613804131746292, ""fold_a_lcb"": -0.006041783755645156, ""fold_a_query_after"": 1.0642788410186768, ""fold_a_utility"": 0.003607511520385742, ""fold_b_harm"": -0.0025486936792731285, ""fold_b_lcb"": -0.010109426835551858, ""fold_b_query_after"": 1.1736247539520264, ""fold_b_utility"": -0.015428304672241211, ""harm_lcb_max"": -0.006041783755645156, ""harm_mean"": -0.002205037046223879, ""harm_se_mean"": 0.002995187882333994, ""harm_ucb_max"": 0.005012039477005601, ""local_trainability"": -0.005910396575927734, ""query_after"": 1.1189517974853516, ""query_before"": 1.1130414009094238, ""system_utility"": -0.005910396575927734}}, ""status"": ""ok"", ""statusquo_loss"": 1.1130414009094238}, ""utility_status"": ""ok""}"
36,B1,B,1,adapter_2,reuse,safe_existing_reuse,0.9926271438598633,3,True,442368,1778697,0,69176844,740355,17768856,576,22.111088251695037,564680704,0.0,19.434036938473582,1.4422578997910023,1.285132646560669,0.21112865209579468,0.2736113667488098,-0.06248271465301514,False,,"{""best_reuse"": ""adapter_2"", ""best_reuse_utility"": 0.2736113667488098, ""decision"": ""reuse"", ""fresh_advantage"": -0.06248271465301514, ""fresh_positive"": false, ""fresh_utility"": 0.21112865209579468, ""full_batch_guards"": {""adapter_1"": {""crossfit_feasible"": true, ""crossfit_utility"": -0.003992259502410889, ""crossfit_utility_positive"": false, ""full_batch_cur_after"": 1.2849594354629517, ""full_batch_cur_before"": 1.285132646560669, ""full_batch_gain"": 0.00017321109771728516, ""full_batch_harm"": -0.0021344302222132683, ""full_batch_harm_lcb"": -0.008145391214638947, ""full_batch_harm_se"": 0.003066816832870245, ""full_batch_harm_ucb"": 0.0038765307702124116, ""full_batch_safe"": true}, ""adapter_2"": {""crossfit_feasible"": true, ""crossfit_utility"": 0.2736113667488098, ""crossfit_utility_positive"": true, ""full_batch_cur_after"": 1.0041371583938599, ""full_batch_cur_before"": 1.0114606618881226, ""full_batch_gain"": 0.007323503494262695, ""full_batch_harm"": 0.0035326359793543816, ""full_batch_harm_lcb"": -0.00405809841118753, ""full_batch_harm_se"": 0.003872823668643832, ""full_batch_harm_ucb"": 0.011123370369896293, ""full_batch_safe"": true}, ""default"": {""crossfit_feasible"": true, ""crossfit_utility"": 0.15461480617523193, ""crossfit_utility_positive"": true, ""full_batch_cur_after"": 1.1251938343048096, ""full_batch_cur_before"": 1.1277737617492676, ""full_batch_gain"": 0.002579927444458008, ""full_batch_harm"": -0.002395809628069401, ""full_batch_harm_lcb"": -0.007619255790486932, ""full_batch_harm_se"": 0.0026650235522538424, ""full_batch_harm_ucb"": 0.0028276365343481305, ""full_batch_safe"": true}}, ""guarded_best_reuse"": ""adapter_2"", ""num_adapters"": 3, ""pending_after"": false, ""pending_before"": false, ""policy_version"": ""cau_v1"", ""reason"": ""safe_existing_reuse"", ""utility"": {""batch_n"": 16, ""best_reuse"": ""adapter_2"", ""best_reuse_query_after"": 1.0115212798118591, ""best_reuse_utility"": 0.2736113667488098, ""defer_utility"": 0.0, ""fold_a_fresh_utility"": 0.27758264541625977, ""fold_a_query_n"": 8, ""fold_a_support_n"": 8, ""fold_b_fresh_utility"": 0.1446746587753296, ""fold_b_query_n"": 8, ""fold_b_support_n"": 8, ""fresh_advantage"": -0.06248271465301514, ""fresh_local_trainability"": 0.012137234210968018, ""fresh_positive"": false, ""fresh_query_after"": 1.0740039944648743, ""fresh_query_before"": 1.0861412286758423, ""fresh_utility"": 0.21112865209579468, ""reuse_profiles"": {""adapter_1"": {""feasible_both"": true, ""fold_a_harm"": -0.002155960537493229, ""fold_a_lcb"": -0.009499069061130285, ""fold_a_query_after"": 1.3438302278518677, ""fold_a_utility"": -0.010994672775268555, ""fold_b_harm"": -0.0017542382702231407, ""fold_b_lcb"": -0.006907695243135095, ""fold_b_query_after"": 1.234419584274292, ""fold_b_utility"": 0.0030101537704467773, ""harm_lcb_max"": -0.006907695243135095, ""harm_mean"": -0.001955099403858185, ""harm_se_mean"": 0.0031878993613645434, ""harm_ucb_max"": 0.005187147986143828, ""local_trainability"": -0.003992259502410889, ""query_after"": 1.2891249060630798, ""query_before"": 1.285132646560669, ""system_utility"": -0.003992259502410889}, ""adapter_2"": {""feasible_both"": true, ""fold_a_harm"": 0.002109091728925705, ""fold_a_lcb"": -0.00703339446336031, ""fold_a_query_after"": 1.037722110748291, ""fold_a_utility"": 0.2951134443283081, ""fold_b_harm"": 0.003336419351398945, ""fold_b_lcb"": -0.003155466327443719, ""fold_b_query_after"": 0.9853204488754272, ""fold_b_utility"": 0.2521092891693115, ""harm_lcb_max"": -0.003155466327443719, ""harm_mean"": 0.002722755540162325, ""harm_se_mean"": 0.0039883601712062955, ""harm_ucb_max"": 0.01125157792121172, ""local_trainability"": -6.058812141418457e-05, ""query_after"": 1.0115212798118591, ""query_before"": 1.011460691690445, ""system_utility"": 0.2736113667488098}, ""default"": {""feasible_both"": true, ""fold_a_harm"": -0.0019686678424477577, ""fold_a_lcb"": -0.005465979287400842, ""fold_a_query_after"": 1.0938427448272705, ""fold_a_utility"": 0.2389928102493286, ""fold_b_harm"": -0.0027551958337426186, ""fold_b_lcb"": -0.009190236516296864, ""fold_b_query_after"": 1.1671929359436035, ""fold_b_utility"": 0.07023680210113525, ""harm_lcb_max"": -0.005465979287400842, ""harm_mean"": -0.002361931838095188, ""harm_se_mean"": 0.0025337632978335023, ""harm_ucb_max"": 0.0036798448488116267, ""local_trainability"": -0.002744138240814209, ""query_after"": 1.130517840385437, ""query_before"": 1.1277737021446228, ""system_utility"": 0.15461480617523193}}, ""status"": ""ok"", ""statusquo_loss"": 1.285132646560669}, ""utility_status"": ""ok""}"
37,A2,A,2,adapter_1,reuse,safe_existing_reuse,1.0653207302093506,3,True,442368,1778697,0,69176844,740355,17768856,592,24.444696912541986,564680704,0.0,20.265384374186397,2.9387995284050703,1.3009992837905884,0.18554556369781494,0.23653852939605713,-0.05099296569824219,False,,"{""best_reuse"": ""adapter_1"", ""best_reuse_utility"": 0.23653852939605713, ""decision"": ""reuse"", ""fresh_advantage"": -0.05099296569824219, ""fresh_positive"": false, ""fresh_utility"": 0.18554556369781494, ""full_batch_guards"": {""adapter_1"": {""crossfit_feasible"": true, ""crossfit_utility"": 0.23653852939605713, ""crossfit_utility_positive"": true, ""full_batch_cur_after"": 1.0561566352844238, ""full_batch_cur_before"": 1.056264877319336, ""full_batch_gain"": 0.00010824203491210938, ""full_batch_harm"": -0.0006695715710520744, ""full_batch_harm_lcb"": -0.005836712140589952, ""full_batch_harm_se"": 0.002636296208947897, ""full_batch_harm_ucb"": 0.004497568998485803, ""full_batch_safe"": true}, ""adapter_2"": {""crossfit_feasible"": true, ""crossfit_utility"": -0.012633144855499268, ""crossfit_utility_positive"": false, ""full_batch_cur_after"": 1.3054885864257812, ""full_batch_cur_before"": 1.3009991645812988, ""full_batch_gain"": -0.004489421844482422, ""full_batch_harm"": -0.0018313080072402954, ""full_batch_harm_lcb"": -0.004291447093710304, ""full_batch_harm_se"": 0.0012551730033010244, ""full_batch_harm_ucb"": 0.0006288310792297125, ""full_batch_safe"": true}, ""default"": {""crossfit_feasible"": true, ""crossfit_utility"": 0.2281656265258789, ""crossfit_utility_positive"": true, ""full_batch_cur_after"": 1.0646007061004639, ""full_batch_cur_before"": 1.0739407539367676, ""full_batch_gain"": 0.009340047836303711, ""full_batch_harm"": -0.003005456179380417, ""full_batch_harm_lcb"": -0.010809068270027637, ""full_batch_harm_se"": 0.003981434740126133, ""full_batch_harm_ucb"": 0.0047981559112668035, ""full_batch_safe"": true}}, ""guarded_best_reuse"": ""adapter_1"", ""num_adapters"": 3, ""pending_after"": false, ""pending_before"": false, ""policy_version"": ""cau_v1"", ""reason"": ""safe_existing_reuse"", ""utility"": {""batch_n"": 16, ""best_reuse"": ""adapter_1"", ""best_reuse_query_after"": 1.0644607543945312, ""best_reuse_utility"": 0.23653852939605713, ""defer_utility"": 0.0, ""fold_a_fresh_utility"": 0.06384623050689697, ""fold_a_query_n"": 8, ""fold_a_support_n"": 8, ""fold_b_fresh_utility"": 0.3072448968887329, ""fold_b_query_n"": 8, ""fold_b_support_n"": 8, ""fresh_advantage"": -0.05099296569824219, ""fresh_local_trainability"": -0.002201080322265625, ""fresh_positive"": false, ""fresh_query_after"": 1.1154537200927734, ""fresh_query_before"": 1.1132526397705078, ""fresh_utility"": 0.18554556369781494, ""reuse_profiles"": {""adapter_1"": {""feasible_both"": true, ""fold_a_harm"": -0.00029895640909671783, ""fold_a_lcb"": -0.007335256654769182, ""fold_a_query_after"": 1.1855270862579346, ""fold_a_utility"": -0.02172088623046875, ""fold_b_harm"": -0.0017143907025456429, ""fold_b_lcb"": -0.007061950759962201, ""fold_b_query_after"": 0.9433944225311279, ""fold_b_utility"": 0.494797945022583, ""harm_lcb_max"": -0.007061950759962201, ""harm_mean"": -0.0010066735558211803, ""harm_se_mean"": 0.0031591480365023017, ""harm_ucb_max"": 0.006737343836575746, ""local_trainability"": -0.008195877075195312, ""query_after"": 1.0644607543945312, ""query_before"": 1.056264877319336, ""system_utility"": 0.23653852939605713}, ""adapter_2"": {""feasible_both"": true, ""fold_a_harm"": -0.002143171615898609, ""fold_a_lcb"": -0.005089624631218612, ""fold_a_query_after"": 1.167597770690918, ""fold_a_utility"": -0.0037915706634521484, ""fold_b_harm"": -0.00031756889075040817, ""fold_b_lcb"": -0.004458739077672362, ""fold_b_query_after"": 1.4596670866012573, ""fold_b_utility"": -0.021474719047546387, ""harm_lcb_max"": -0.004458739077672362, ""harm_mean"": -0.0012303702533245087, ""harm_se_mean"": 0.0018080671434290707, ""harm_ucb_max"": 0.003823601296171546, ""local_trainability"": -0.012633144855499268, ""query_after"": 1.3136324286460876, ""query_before"": 1.3009992837905884, ""system_utility"": -0.012633144855499268}, ""default"": {""feasible_both"": true, ""fold_a_harm"": -0.0027401912957429886, ""fold_a_lcb"": -0.010666467007249594, ""fold_a_query_after"": 1.1006734371185303, ""fold_a_utility"": 0.06313276290893555, ""fold_b_harm"": -0.0026095518842339516, ""fold_b_lcb"": -0.00872564634308219, ""fold_b_query_after"": 1.0449938774108887, ""fold_b_utility"": 0.39319849014282227, ""harm_lcb_max"": -0.00872564634308219, ""harm_mean"": -0.00267487158998847, ""harm_se_mean"": 0.0035822372883558273, ""harm_ucb_max"": 0.005186084415763617, ""local_trainability"": 0.0011070966720581055, ""query_after"": 1.0728336572647095, ""query_before"": 1.0739407539367676, ""system_utility"": 0.2281656265258789}}, ""status"": ""ok"", ""statusquo_loss"": 1.3009992837905884}, ""utility_status"": ""ok""}"
38,A2,A,2,adapter_1,reuse,safe_existing_reuse,1.0468978881835938,3,True,442368,1778697,0,69176844,740355,17768856,608,25.282505160197616,564680704,0.0,21.09721576422453,2.9387995284050703,1.0362626314163208,-0.0977705717086792,-0.003092139959335327,-0.09467843174934387,False,,"{""best_reuse"": ""adapter_1"", ""best_reuse_utility"": -0.003092139959335327, ""decision"": ""reuse"", ""fresh_advantage"": -0.09467843174934387, ""fresh_positive"": false, ""fresh_utility"": -0.0977705717086792, ""full_batch_guards"": {""adapter_1"": {""crossfit_feasible"": true, ""crossfit_utility"": -0.003092139959335327, ""crossfit_utility_positive"": false, ""full_batch_cur_after"": 1.0305533409118652, ""full_batch_cur_before"": 1.0362626314163208, ""full_batch_gain"": 0.005709290504455566, ""full_batch_harm"": 0.001450403593480587, ""full_batch_harm_lcb"": -0.004174997135996819, ""full_batch_harm_se"": 0.0028701024129986763, ""full_batch_harm_ucb"": 0.007075804322957993, ""full_batch_safe"": true}, ""adapter_2"": {""crossfit_feasible"": true, ""crossfit_utility"": -0.14895808696746826, ""crossfit_utility_positive"": false, ""full_batch_cur_after"": 1.176101803779602, ""full_batch_cur_before"": 1.176232099533081, ""full_batch_gain"": 0.0001302957534790039, ""full_batch_harm"": -0.002435680478811264, ""full_batch_harm_lcb"": -0.007390767056494951, ""full_batch_harm_se"": 0.0025281053967773914, ""full_batch_harm_ucb"": 0.0025194060988724233, ""full_batch_safe"": true}, ""default"": {""crossfit_feasible"": true, ""crossfit_utility"": -0.09911268949508667, ""crossfit_utility_positive"": false, ""full_batch_cur_after"": 1.1272363662719727, ""full_batch_cur_before"": 1.1278953552246094, ""full_batch_gain"": 0.0006589889526367188, ""full_batch_harm"": -0.0021451525390148163, ""full_batch_harm_lcb"": -0.007129386980086565, ""full_batch_harm_se"": 0.0025429767556488514, ""full_batch_harm_ucb"": 0.002839081902056932, ""full_batch_safe"": true}}, ""guarded_best_reuse"": ""adapter_1"", ""num_adapters"": 3, ""pending_after"": false, ""pending_before"": false, ""policy_version"": ""cau_v1"", ""reason"": ""safe_existing_reuse"", ""utility"": {""batch_n"": 16, ""best_reuse"": ""adapter_1"", ""best_reuse_query_after"": 1.0393547713756561, ""best_reuse_utility"": -0.003092139959335327, ""defer_utility"": 0.0, ""fold_a_fresh_utility"": -0.21430182456970215, ""fold_a_query_n"": 8, ""fold_a_support_n"": 8, ""fold_b_fresh_utility"": 0.01876068115234375, ""fold_b_query_n"": 8, ""fold_b_support_n"": 8, ""fresh_advantage"": -0.09467843174934387, ""fresh_local_trainability"": -0.008822023868560791, ""fresh_positive"": false, ""fresh_query_after"": 1.134033203125, ""fresh_query_before"": 1.1252111792564392, ""fresh_utility"": -0.0977705717086792, ""reuse_profiles"": {""adapter_1"": {""feasible_both"": true, ""fold_a_harm"": 0.0015630722045898438, ""fold_a_lcb"": -0.0034893442876636977, ""fold_a_query_after"": 0.9323198199272156, ""fold_a_utility"": 0.0007405877113342285, ""fold_b_harm"": 0.0006981408223509789, ""fold_b_lcb"": -0.005446939952671528, ""fold_b_query_after"": 1.1463897228240967, ""fold_b_utility"": -0.006924867630004883, ""harm_lcb_max"": -0.0034893442876636977, ""harm_mean"": 0.0011306065134704113, ""harm_se_mean"": 0.0028565044049173594, ""harm_ucb_max"": 0.006843221597373486, ""local_trainability"": -0.003092139959335327, ""query_after"": 1.0393547713756561, ""query_before"": 1.0362626314163208, ""system_utility"": -0.003092139959335327}, ""adapter_2"": {""feasible_both"": true, ""fold_a_harm"": -0.0009844191372394562, ""fold_a_lcb"": -0.008712184354662894, ""fold_a_query_after"": 1.3617137670516968, ""fold_a_utility"": -0.428653359413147, ""fold_b_harm"": -0.0022422540932893753, ""fold_b_lcb"": -0.0062093375343829395, ""fold_b_query_after"": 1.0087276697158813, ""fold_b_utility"": 0.13073718547821045, ""harm_lcb_max"": -0.0062093375343829395, ""harm_mean"": -0.0016133366152644157, ""harm_se_mean"": 0.002983379759825766, ""harm_ucb_max"": 0.006743346080183983, ""local_trainability"": -0.008988618850708008, ""query_after"": 1.185220718383789, ""query_before"": 1.176232099533081, ""system_utility"": -0.14895808696746826}, ""default"": {""feasible_both"": true, ""fold_a_harm"": -0.0019094524905085564, ""fold_a_lcb"": -0.004869457217864692, ""fold_a_query_after"": 1.0849227905273438, ""fold_a_utility"": -0.15186238288879395, ""fold_b_harm"": -0.0024726856499910355, ""fold_b_lcb"": -0.009422941468656063, ""fold_b_query_after"": 1.1858278512954712, ""fold_b_utility"": -0.046362996101379395, ""harm_lcb_max"": -0.004869457217864692, ""harm_mean"": -0.002191069070249796, ""harm_se_mean"": 0.0025281276903115213, ""harm_ucb_max"": 0.004477570168673992, ""local_trainability"": -0.007480025291442871, ""query_after"": 1.1353753209114075, ""query_before"": 1.1278952956199646, ""system_utility"": -0.09911268949508667}}, ""status"": ""ok"", ""statusquo_loss"": 1.0362626314163208}, ""utility_status"": ""ok""}"
39,A2,A,2,default,reuse,safe_existing_reuse,1.0634655952453613,3,True,442368,1778697,0,69176844,740355,17768856,624,26.106387335807085,564680704,0.0,21.915118284523487,2.9387995284050703,1.2135217189788818,0.15749478340148926,0.1766606867313385,-0.019165903329849243,False,,"{""best_reuse"": ""default"", ""best_reuse_utility"": 0.1766606867313385, ""decision"": ""reuse"", ""fresh_advantage"": -0.019165903329849243, ""fresh_positive"": false, ""fresh_utility"": 0.15749478340148926, ""full_batch_guards"": {""adapter_1"": {""crossfit_feasible"": true, ""crossfit_utility"": -0.006348252296447754, ""crossfit_utility_positive"": false, ""full_batch_cur_after"": 1.2169064283370972, ""full_batch_cur_before"": 1.2135217189788818, ""full_batch_gain"": -0.003384709358215332, ""full_batch_harm"": -0.0008714133873581886, ""full_batch_harm_lcb"": -0.0030343008087947965, ""full_batch_harm_se"": 0.0011035139905288815, ""full_batch_harm_ucb"": 0.0012914740340784193, ""full_batch_safe"": true}, ""adapter_2"": {""crossfit_feasible"": true, ""crossfit_utility"": -0.0019240379333496094, ""crossfit_utility_positive"": false, ""full_batch_cur_after"": 1.2111568450927734, ""full_batch_cur_before"": 1.2080808877944946, ""full_batch_gain"": -0.0030759572982788086, ""full_batch_harm"": 0.0002546105533838272, ""full_batch_harm_lcb"": -0.0036232230719178914, ""full_batch_harm_se"": 0.001978486543521285, ""full_batch_harm_ucb"": 0.004132444178685546, ""full_batch_safe"": true}, ""default"": {""crossfit_feasible"": true, ""crossfit_utility"": 0.1766606867313385, ""crossfit_utility_positive"": true, ""full_batch_cur_after"": 1.0320571660995483, ""full_batch_cur_before"": 1.0436699390411377, ""full_batch_gain"": 0.011612772941589355, ""full_batch_harm"": -0.002392813563346863, ""full_batch_harm_lcb"": -0.01030766688287258, ""full_batch_harm_se"": 0.004038190469145775, ""full_batch_harm_ucb"": 0.005522039756178855, ""full_batch_safe"": true}}, ""guarded_best_reuse"": ""default"", ""num_adapters"": 3, ""pending_after"": false, ""pending_before"": false, ""policy_version"": ""cau_v1"", ""reason"": ""safe_existing_reuse"", ""utility"": {""batch_n"": 16, ""best_reuse"": ""default"", ""best_reuse_query_after"": 1.0368610322475433, ""best_reuse_utility"": 0.1766606867313385, ""defer_utility"": 0.0, ""fold_a_fresh_utility"": 0.12668633460998535, ""fold_a_query_n"": 8, ""fold_a_support_n"": 8, ""fold_b_fresh_utility"": 0.18830323219299316, ""fold_b_query_n"": 8, ""fold_b_support_n"": 8, ""fresh_advantage"": -0.019165903329849243, ""fresh_local_trainability"": 0.010381042957305908, ""fresh_positive"": false, ""fresh_query_after"": 1.0560269355773926, ""fresh_query_before"": 1.0664079785346985, ""fresh_utility"": 0.15749478340148926, ""reuse_profiles"": {""adapter_1"": {""feasible_both"": true, ""fold_a_harm"": -0.0010163672268390656, ""fold_a_lcb"": -0.0033027095766738055, ""fold_a_query_after"": 1.215940237045288, ""fold_a_utility"": -0.004168510437011719, ""fold_b_harm"": -0.0006389040499925613, ""fold_b_lcb"": -0.003340698373503983, ""fold_b_query_after"": 1.223799705505371, ""fold_b_utility"": -0.008527994155883789, ""harm_lcb_max"": -0.0033027095766738055, ""harm_mean"": -0.0008276356384158134, ""harm_se_mean"": 0.0012724838452413678, ""harm_ucb_max"": 0.0020628902735188603, ""local_trainability"": -0.006348252296447754, ""query_after"": 1.2198699712753296, ""query_before"": 1.2135217189788818, ""system_utility"": -0.006348252296447754}, ""adapter_2"": {""feasible_both"": true, ""fold_a_harm"": 0.0005980068817734718, ""fold_a_lcb"": -0.0037341673299670216, ""fold_a_query_after"": 1.1685495376586914, ""fold_a_utility"": 0.04322218894958496, ""fold_b_harm"": 6.676558405160904e-05, ""fold_b_lcb"": -0.0039061682391911745, ""fold_b_query_after"": 1.2623419761657715, ""fold_b_utility"": -0.04707026481628418, ""harm_lcb_max"": -0.0037341673299670216, ""harm_mean"": 0.00033238623291254044, ""harm_se_mean"": 0.0021186500089243054, ""harm_ucb_max"": 0.004930181093513965, ""local_trainability"": -0.007364809513092041, ""query_after"": 1.2154457569122314, ""query_before"": 1.2080809473991394, ""system_utility"": -0.0019240379333496094}, ""default"": {""feasible_both"": true, ""fold_a_harm"": -0.002386682666838169, ""fold_a_lcb"": -0.010626472234725952, ""fold_a_query_after"": 1.0828574895858765, ""fold_a_utility"": 0.1289142370223999, ""fold_b_harm"": -0.002483110874891281, ""fold_b_lcb"": -0.008477958673611282, ""fold_b_query_after"": 0.9908645749092102, ""fold_b_utility"": 0.2244071364402771, ""harm_lcb_max"": -0.008477958673611282, ""harm_mean"": -0.002434896770864725, ""harm_se_mean"": 0.003631285042501986, ""harm_ucb_max"": 0.005853106901049614, ""local_trainability"": 0.00680890679359436, ""query_after"": 1.0368610322475433, ""query_before"": 1.0436699390411377, ""system_utility"": 0.1766606867313385}}, ""status"": ""ok"", ""statusquo_loss"": 1.2135217189788818}, ""utility_status"": ""ok""}"
40,A2,A,2,default,reuse,safe_existing_reuse,1.0315057039260864,3,True,442368,1778697,0,69176844,740355,17768856,640,26.91917099058628,564680704,0.0,22.721790647134185,2.9387995284050703,1.0119150876998901,-0.014566540718078613,0.014262497425079346,-0.02882903814315796,False,,"{""best_reuse"": ""default"", ""best_reuse_utility"": 0.014262497425079346, ""decision"": ""reuse"", ""fresh_advantage"": -0.02882903814315796, ""fresh_positive"": false, ""fresh_utility"": -0.014566540718078613, ""full_batch_guards"": {""adapter_1"": {""crossfit_feasible"": true, ""crossfit_utility"": -0.2295290231704712, ""crossfit_utility_positive"": false, ""full_batch_cur_after"": 1.238440752029419, ""full_batch_cur_before"": 1.2341430187225342, ""full_batch_gain"": -0.004297733306884766, ""full_batch_harm"": -0.0010567894205451012, ""full_batch_harm_lcb"": -0.003221510904841125, ""full_batch_harm_se"": 0.0011044497368857265, ""full_batch_harm_ucb"": 0.0011079320637509228, ""full_batch_safe"": true}, ""adapter_2"": {""crossfit_feasible"": true, ""crossfit_utility"": -0.2525181770324707, ""crossfit_utility_positive"": false, ""full_batch_cur_after"": 1.2608829736709595, ""full_batch_cur_before"": 1.2573243379592896, ""full_batch_gain"": -0.003558635711669922, ""full_batch_harm"": 0.0005184151232242584, ""full_batch_harm_lcb"": -0.0034698246140033003, ""full_batch_harm_se"": 0.0020348161924630404, ""full_batch_harm_ucb"": 0.004506654860451817, ""full_batch_safe"": true}, ""default"": {""crossfit_feasible"": true, ""crossfit_utility"": 0.014262497425079346, ""crossfit_utility_positive"": true, ""full_batch_cur_after"": 0.9940923452377319, ""full_batch_cur_before"": 1.0119150876998901, ""full_batch_gain"": 0.017822742462158203, ""full_batch_harm"": -0.0016309060156345367, ""full_batch_harm_lcb"": -0.010959618724882603, ""full_batch_harm_se"": 0.004759547300636768, ""full_batch_harm_ucb"": 0.007697806693613529, ""full_batch_safe"": true}}, ""guarded_best_reuse"": ""default"", ""num_adapters"": 3, ""pending_after"": false, ""pending_before"": false, ""policy_version"": ""cau_v1"", ""reason"": ""safe_existing_reuse"", ""utility"": {""batch_n"": 16, ""best_reuse"": ""default"", ""best_reuse_query_after"": 0.9976525902748108, ""best_reuse_utility"": 0.014262497425079346, ""defer_utility"": 0.0, ""fold_a_fresh_utility"": -0.03819096088409424, ""fold_a_query_n"": 8, ""fold_a_support_n"": 8, ""fold_b_fresh_utility"": 0.009057879447937012, ""fold_b_query_n"": 8, ""fold_b_support_n"": 8, ""fresh_advantage"": -0.02882903814315796, ""fresh_local_trainability"": 0.03060770034790039, ""fresh_positive"": false, ""fresh_query_after"": 1.0264816284179688, ""fresh_query_before"": 1.0570893287658691, ""fresh_utility"": -0.014566540718078613, ""reuse_profiles"": {""adapter_1"": {""feasible_both"": true, ""fold_a_harm"": -0.0007451754063367844, ""fold_a_lcb"": -0.002902626353316009, ""fold_a_query_after"": 1.1733098030090332, ""fold_a_utility"": -0.16372478008270264, ""fold_b_harm"": -0.001205025240778923, ""fold_b_lcb"": -0.003935393113642931, ""fold_b_query_after"": 1.3095784187316895, ""fold_b_utility"": -0.29533326625823975, ""harm_lcb_max"": -0.002902626353316009, ""harm_mean"": -0.0009751003235578537, ""harm_se_mean"": 0.0012468925560824573, ""harm_ucb_max"": 0.001525342632085085, ""local_trainability"": -0.007301032543182373, ""query_after"": 1.2414441108703613, ""query_before"": 1.234143078327179, ""system_utility"": -0.2295290231704712}, ""adapter_2"": {""feasible_both"": true, ""fold_a_harm"": 0.0014553414657711983, ""fold_a_lcb"": -0.0037129303906112904, ""fold_a_query_after"": 1.364725112915039, ""fold_a_utility"": -0.3551400899887085, ""fold_b_harm"": -0.00030038226395845413, ""fold_b_lcb"": -0.0035300200153142213, ""fold_b_query_after"": 1.1641414165496826, ""fold_b_utility"": -0.1498962640762329, ""harm_lcb_max"": -0.0035300200153142213, ""harm_mean"": 0.0005774796009063721, ""harm_se_mean"": 0.0021423238795250654, ""harm_ucb_max"": 0.006623613322153687, ""local_trainability"": -0.007108926773071289, ""query_after"": 1.2644332647323608, ""query_before"": 1.2573243379592896, ""system_utility"": -0.2525181770324707}, ""default"": {""feasible_both"": true, ""fold_a_harm"": -0.001412954181432724, ""fold_a_lcb"": -0.010372643768787384, ""fold_a_query_after"": 0.9961184859275818, ""fold_a_utility"": 0.01346653699874878, ""fold_b_harm"": -0.0019356664270162582, ""fold_b_lcb"": -0.01112763626500964, ""fold_b_query_after"": 0.9991866946220398, ""fold_b_utility"": 0.015058457851409912, ""harm_lcb_max"": -0.010372643768787384, ""harm_mean"": -0.0016743103042244911, ""harm_se_mean"": 0.004630525363609195, ""harm_ucb_max"": 0.0075467354059219355, ""local_trainability"": 0.014262497425079346, ""query_after"": 0.9976525902748108, ""query_before"": 1.0119150876998901, ""system_utility"": 0.014262497425079346}}, ""status"": ""ok"", ""statusquo_loss"": 1.0119150876998901}, ""utility_status"": ""ok""}"
41,A2,A,2,adapter_2,reuse,safe_existing_reuse,1.0686578750610352,3,True,442368,1778697,0,69176844,740355,17768856,656,27.74695855937898,564680704,0.0,23.54354632087052,2.9387995284050703,1.1819408535957336,0.07480758428573608,0.10590356588363647,-0.03109598159790039,False,,"{""best_reuse"": ""adapter_2"", ""best_reuse_utility"": 0.10590356588363647, ""decision"": ""reuse"", ""fresh_advantage"": -0.03109598159790039, ""fresh_positive"": false, ""fresh_utility"": 0.07480758428573608, ""full_batch_guards"": {""adapter_1"": {""crossfit_feasible"": true, ""crossfit_utility"": 0.02886873483657837, ""crossfit_utility_positive"": true, ""full_batch_cur_after"": 1.1492977142333984, ""full_batch_cur_before"": 1.153364658355713, ""full_batch_gain"": 0.004066944122314453, ""full_batch_harm"": 0.00015635043382644653, ""full_batch_harm_lcb"": -0.005366239640861749, ""full_batch_harm_se"": 0.002817647997289896, ""full_batch_harm_ucb"": 0.005678940508514642, ""full_batch_safe"": true}, ""adapter_2"": {""crossfit_feasible"": true, ""crossfit_utility"": 0.10590356588363647, ""crossfit_utility_positive"": true, ""full_batch_cur_after"": 1.0707969665527344, ""full_batch_cur_before"": 1.0736501216888428, ""full_batch_gain"": 0.0028531551361083984, ""full_batch_harm"": -0.0008854866027832031, ""full_batch_harm_lcb"": -0.0075102165713906285, ""full_batch_harm_se"": 0.003379964269697666, ""full_batch_harm_ucb"": 0.005739243365824222, ""full_batch_safe"": true}, ""default"": {""crossfit_feasible"": true, ""crossfit_utility"": -0.012618660926818848, ""crossfit_utility_positive"": false, ""full_batch_cur_after"": 1.190507411956787, ""full_batch_cur_before"": 1.1819407939910889, ""full_batch_gain"": -0.008566617965698242, ""full_batch_harm"": -0.001647050492465496, ""full_batch_harm_lcb"": -0.0073519520740956065, ""full_batch_harm_se"": 0.0029106640722602606, ""full_batch_harm_ucb"": 0.004057851089164614, ""full_batch_safe"": true}}, ""guarded_best_reuse"": ""adapter_2"", ""num_adapters"": 3, ""pending_after"": false, ""pending_before"": false, ""policy_version"": ""cau_v1"", ""reason"": ""safe_existing_reuse"", ""utility"": {""batch_n"": 16, ""best_reuse"": ""adapter_2"", ""best_reuse_query_after"": 1.0760372877120972, ""best_reuse_utility"": 0.10590356588363647, ""defer_utility"": 0.0, ""fold_a_fresh_utility"": 0.08581483364105225, ""fold_a_query_n"": 8, ""fold_a_support_n"": 8, ""fold_b_fresh_utility"": 0.06380033493041992, ""fold_b_query_n"": 8, ""fold_b_support_n"": 8, ""fresh_advantage"": -0.03109598159790039, ""fresh_local_trainability"": 0.006636619567871094, ""fresh_positive"": false, ""fresh_query_after"": 1.1071332693099976, ""fresh_query_before"": 1.1137698888778687, ""fresh_utility"": 0.07480758428573608, ""reuse_profiles"": {""adapter_1"": {""feasible_both"": true, ""fold_a_harm"": 7.146038115024567e-06, ""fold_a_lcb"": -0.006042204322293401, ""fold_a_query_after"": 1.2334208488464355, ""fold_a_utility"": -0.061038851737976074, ""fold_b_harm"": -5.343463271856308e-05, ""fold_b_lcb"": -0.004912857878953218, ""fold_b_query_after"": 1.072723388671875, ""fold_b_utility"": 0.11877632141113281, ""harm_lcb_max"": -0.004912857878953218, ""harm_mean"": -2.3144297301769257e-05, ""harm_se_mean"": 0.0027828504098579288, ""harm_ucb_max"": 0.00605649639852345, ""local_trainability"": 0.0002925992012023926, ""query_after"": 1.1530721187591553, ""query_before"": 1.1533647179603577, ""system_utility"": 0.02886873483657837}, ""adapter_2"": {""feasible_both"": true, ""fold_a_harm"": -0.0017692558467388153, ""fold_a_lcb"": -0.0074162308871746066, ""fold_a_query_after"": 0.9883854389190674, ""fold_a_utility"": 0.1839965581893921, ""fold_b_harm"": 0.0010775625705718994, ""fold_b_lcb"": -0.006678279004991054, ""fold_b_query_after"": 1.163689136505127, ""fold_b_utility"": 0.02781057357788086, ""harm_lcb_max"": -0.006678279004991054, ""harm_mean"": -0.00034584663808345795, ""harm_se_mean"": 0.0034190858714282513, ""harm_ucb_max"": 0.008833404146134854, ""local_trainability"": -0.0023870766162872314, ""query_after"": 1.0760372877120972, ""query_before"": 1.07365021109581, ""system_utility"": 0.10590356588363647}, ""default"": {""feasible_both"": true, ""fold_a_harm"": -0.0015448499470949173, ""fold_a_lcb"": -0.007426408426836133, ""fold_a_query_after"": 1.1832871437072754, ""fold_a_utility"": -0.010905146598815918, ""fold_b_harm"": -0.0017130160704255104, ""fold_b_lcb"": -0.008340356349945068, ""fold_b_query_after"": 1.2058318853378296, ""fold_b_utility"": -0.014332175254821777, ""harm_lcb_max"": -0.007426408426836133, ""harm_mean"": -0.0016289330087602139, ""harm_se_mean"": 0.003191045601852238, ""harm_ucb_max"": 0.004914324209094047, ""local_trainability"": -0.012618660926818848, ""query_after"": 1.1945595145225525, ""query_before"": 1.1819408535957336, ""system_utility"": -0.012618660926818848}}, ""status"": ""ok"", ""statusquo_loss"": 1.1819408535957336}, ""utility_status"": ""ok""}"
42,A2,A,2,adapter_1,reuse,pending_fresh_safe_existing_reuse,1.128018856048584,3,True,442368,1778697,0,69176844,740355,17768856,672,28.568619651719928,564680704,0.0,24.35915844142437,2.9387995284050703,1.1365565061569214,0.04456198215484619,0.021454930305480957,0.023107051849365234,True,,"{""best_reuse"": ""adapter_1"", ""best_reuse_utility"": 0.021454930305480957, ""decision"": ""reuse"", ""fresh_advantage"": 0.023107051849365234, ""fresh_positive"": true, ""fresh_utility"": 0.04456198215484619, ""full_batch_guards"": {""adapter_1"": {""crossfit_feasible"": true, ""crossfit_utility"": 0.021454930305480957, ""crossfit_utility_positive"": true, ""full_batch_cur_after"": 1.1120085716247559, ""full_batch_cur_before"": 1.1127543449401855, ""full_batch_gain"": 0.0007457733154296875, ""full_batch_harm"": -0.0003409208729863167, ""full_batch_harm_lcb"": -0.00473269322887063, ""full_batch_harm_se"": 0.0022407001815736294, ""full_batch_harm_ucb"": 0.004050851482897997, ""full_batch_safe"": true}, ""adapter_2"": {""crossfit_feasible"": true, ""crossfit_utility"": -0.002650618553161621, ""crossfit_utility_positive"": false, ""full_batch_cur_after"": 1.1360633373260498, ""full_batch_cur_before"": 1.136556625366211, ""full_batch_gain"": 0.0004932880401611328, ""full_batch_harm"": -0.0014816522598266602, ""full_batch_harm_lcb"": -0.0059097741078585385, ""full_batch_harm_se"": 0.002259245840832591, ""full_batch_harm_ucb"": 0.002946469588205218, ""full_batch_safe"": true}, ""default"": {""crossfit_feasible"": true, ""crossfit_utility"": 0.010882318019866943, ""crossfit_utility_positive"": true, ""full_batch_cur_after"": 1.1221976280212402, ""full_batch_cur_before"": 1.1187896728515625, ""full_batch_gain"": -0.0034079551696777344, ""full_batch_harm"": -0.0015333965420722961, ""full_batch_harm_lcb"": -0.007405715342611074, ""full_batch_harm_se"": 0.00299608102068305, ""full_batch_harm_ucb"": 0.004338922258466482, ""full_batch_safe"": true}}, ""guarded_best_reuse"": ""adapter_1"", ""num_adapters"": 3, ""pending_after"": true, ""pending_before"": false, ""policy_version"": ""cau_v1"", ""reason"": ""pending_fresh_safe_existing_reuse"", ""utility"": {""batch_n"": 16, ""best_reuse"": ""adapter_1"", ""best_reuse_query_after"": 1.1151015758514404, ""best_reuse_utility"": 0.021454930305480957, ""defer_utility"": 0.0, ""fold_a_fresh_utility"": -0.009491562843322754, ""fold_a_query_n"": 8, ""fold_a_support_n"": 8, ""fold_b_fresh_utility"": 0.09861552715301514, ""fold_b_query_n"": 8, ""fold_b_support_n"": 8, ""fresh_advantage"": 0.023107051849365234, ""fresh_local_trainability"": 0.0024837851524353027, ""fresh_positive"": true, ""fresh_query_after"": 1.0919945240020752, ""fresh_query_before"": 1.0944783091545105, ""fresh_utility"": 0.04456198215484619, ""reuse_profiles"": {""adapter_1"": {""feasible_both"": true, ""fold_a_harm"": -0.0008373558521270752, ""fold_a_lcb"": -0.004930298263207078, ""fold_a_query_after"": 1.1387078762054443, ""fold_a_utility"": -0.051933884620666504, ""fold_b_harm"": -0.0003107665106654167, ""fold_b_lcb"": -0.005038338480517268, ""fold_b_query_after"": 1.0914952754974365, ""fold_b_utility"": 0.09484374523162842, ""harm_lcb_max"": -0.004930298263207078, ""harm_mean"": -0.000574061181396246, ""harm_se_mean"": 0.002250131219625473, ""harm_ucb_max"": 0.004416805459186435, ""local_trainability"": -0.002347290515899658, ""query_after"": 1.1151015758514404, ""query_before"": 1.1127542853355408, ""system_utility"": 0.021454930305480957}, ""adapter_2"": {""feasible_both"": true, ""fold_a_harm"": -0.0012899190187454224, ""fold_a_lcb"": -0.005413326770067215, ""fold_a_query_after"": 1.0866317749023438, ""fold_a_utility"": 0.00014221668243408203, ""fold_b_harm"": -0.0012759268283843994, ""fold_b_lcb"": -0.006270257057622075, ""fold_b_query_after"": 1.1917824745178223, ""fold_b_utility"": -0.005443453788757324, ""harm_lcb_max"": -0.005413326770067215, ""harm_mean"": -0.0012829229235649109, ""harm_se_mean"": 0.002325953566469252, ""harm_ucb_max"": 0.0037184034008532763, ""local_trainability"": -0.002650618553161621, ""query_after"": 1.139207124710083, ""query_before"": 1.1365565061569214, ""system_utility"": -0.002650618553161621}, ""default"": {""feasible_both"": true, ""fold_a_harm"": -0.001330212689936161, ""fold_a_lcb"": -0.008367604063823818, ""fold_a_query_after"": 1.152807593345642, ""fold_a_utility"": -0.06603360176086426, ""fold_b_harm"": -0.0016112253069877625, ""fold_b_lcb"": -0.007773766871541739, ""fold_b_query_after"": 1.0985407829284668, ""fold_b_utility"": 0.08779823780059814, ""harm_lcb_max"": -0.007773766871541739, ""harm_mean"": -0.0014707189984619617, ""harm_se_mean"": 0.0033673298312351108, ""harm_ucb_max"": 0.005707178683951497, ""local_trainability"": -0.006884574890136719, ""query_after"": 1.1256741881370544, ""query_before"": 1.1187896132469177, ""system_utility"": 0.010882318019866943}}, ""status"": ""ok"", ""statusquo_loss"": 1.1365565061569214}, ""utility_status"": ""ok""}"
43,A2,A,2,adapter_1,reuse,safe_existing_reuse,1.027289628982544,3,True,442368,1778697,0,69176844,740355,17768856,688,29.422992704436183,564680704,0.0,25.207307286560535,2.9387995284050703,1.0253958106040955,-0.09352606534957886,-0.00018590688705444336,-0.09334015846252441,False,,"{""best_reuse"": ""adapter_1"", ""best_reuse_utility"": -0.00018590688705444336, ""decision"": ""reuse"", ""fresh_advantage"": -0.09334015846252441, ""fresh_positive"": false, ""fresh_utility"": -0.09352606534957886, ""full_batch_guards"": {""adapter_1"": {""crossfit_feasible"": true, ""crossfit_utility"": -0.00018590688705444336, ""crossfit_utility_positive"": false, ""full_batch_cur_after"": 1.0207176208496094, ""full_batch_cur_before"": 1.0253958702087402, ""full_batch_gain"": 0.004678249359130859, ""full_batch_harm"": 0.0006314264610409737, ""full_batch_harm_lcb"": -0.004802338657900691, ""full_batch_harm_se"": 0.002772329142317176, ""full_batch_harm_ucb"": 0.0060651915799826385, ""full_batch_safe"": true}, ""adapter_2"": {""crossfit_feasible"": true, ""crossfit_utility"": -0.16863566637039185, ""crossfit_utility_positive"": false, ""full_batch_cur_after"": 1.189412236213684, ""full_batch_cur_before"": 1.1941132545471191, ""full_batch_gain"": 0.004701018333435059, ""full_batch_harm"": -0.001642364077270031, ""full_batch_harm_lcb"": -0.007315502008423209, ""full_batch_harm_se"": 0.0028944581281393766, ""full_batch_harm_ucb"": 0.004030773853883147, ""full_batch_safe"": true}, ""default"": {""crossfit_feasible"": true, ""crossfit_utility"": -0.15691488981246948, ""crossfit_utility_positive"": false, ""full_batch_cur_after"": 1.1783448457717896, ""full_batch_cur_before"": 1.171396017074585, ""full_batch_gain"": -0.00694882869720459, ""full_batch_harm"": -0.0015545068308711052, ""full_batch_harm_lcb"": -0.007673813523724675, ""full_batch_harm_se"": 0.003122095251455903, ""full_batch_harm_ucb"": 0.004564799861982465, ""full_batch_safe"": true}}, ""guarded_best_reuse"": ""adapter_1"", ""num_adapters"": 3, ""pending_after"": false, ""pending_before"": true, ""policy_version"": ""cau_v1"", ""reason"": ""safe_existing_reuse"", ""utility"": {""batch_n"": 16, ""best_reuse"": ""adapter_1"", ""best_reuse_query_after"": 1.02558171749115, ""best_reuse_utility"": -0.00018590688705444336, ""defer_utility"": 0.0, ""fold_a_fresh_utility"": -0.17518436908721924, ""fold_a_query_n"": 8, ""fold_a_support_n"": 8, ""fold_b_fresh_utility"": -0.011867761611938477, ""fold_b_query_n"": 8, ""fold_b_support_n"": 8, ""fresh_advantage"": -0.09334015846252441, ""fresh_local_trainability"": 0.016891896724700928, ""fresh_positive"": false, ""fresh_query_after"": 1.1189218759536743, ""fresh_query_before"": 1.1358137726783752, ""fresh_utility"": -0.09352606534957886, ""reuse_profiles"": {""adapter_1"": {""feasible_both"": true, ""fold_a_harm"": -0.0002707336097955704, ""fold_a_lcb"": -0.0028158723143860698, ""fold_a_query_after"": 0.9490752220153809, ""fold_a_utility"": 0.00392305850982666, ""fold_b_harm"": 0.0009349193423986435, ""fold_b_lcb"": -0.005163893671706319, ""fold_b_query_after"": 1.102088212966919, ""fold_b_utility"": -0.004294872283935547, ""harm_lcb_max"": -0.0028158723143860698, ""harm_mean"": 0.00033209286630153656, ""harm_se_mean"": 0.0022050897241570055, ""harm_ucb_max"": 0.007033732356503606, ""local_trainability"": -0.00018590688705444336, ""query_after"": 1.02558171749115, ""query_before"": 1.0253958106040955, ""system_utility"": -0.00018590688705444336}, ""adapter_2"": {""feasible_both"": true, ""fold_a_harm"": -0.0015038391575217247, ""fold_a_lcb"": -0.005425033150240779, ""fold_a_query_after"": 1.1690258979797363, ""fold_a_utility"": -0.2160276174545288, ""fold_b_harm"": -0.0014810729771852493, ""fold_b_lcb"": -0.007921690233051778, ""fold_b_query_after"": 1.2190370559692383, ""fold_b_utility"": -0.12124371528625488, ""harm_lcb_max"": -0.005425033150240779, ""harm_mean"": -0.001492456067353487, ""harm_se_mean"": 0.0026433191960677505, ""harm_ucb_max"": 0.004959544278681278, ""local_trainability"": 8.177757263183594e-05, ""query_after"": 1.1940314769744873, ""query_before"": 1.1941132545471191, ""system_utility"": -0.16863566637039185}, ""default"": {""feasible_both"": true, ""fold_a_harm"": -0.0013965340331196785, ""fold_a_lcb"": -0.008496317770332098, ""fold_a_query_after"": 1.2218937873840332, ""fold_a_utility"": -0.2688955068588257, ""fold_b_harm"": -0.0015048887580633163, ""fold_b_lcb"": -0.007492815582081675, ""fold_b_query_after"": 1.1427276134490967, ""fold_b_utility"": -0.04493427276611328, ""harm_lcb_max"": -0.007492815582081675, ""harm_mean"": -0.0014507113955914974, ""harm_se_mean"": 0.003338701673783362, ""harm_ucb_max"": 0.005703249704092741, ""local_trainability"": -0.01091468334197998, ""query_after"": 1.182310700416565, ""query_before"": 1.171396017074585, ""system_utility"": -0.15691488981246948}}, ""status"": ""ok"", ""statusquo_loss"": 1.0253958106040955}, ""utility_status"": ""ok""}"
44,A2,A,2,adapter_2,reuse,safe_existing_reuse,0.8884289264678955,3,True,442368,1778697,0,69176844,740355,17768856,704,30.302423467859626,564680704,0.0,26.08040944300592,2.9387995284050703,1.3718947172164917,0.36365240812301636,0.49094659090042114,-0.12729418277740479,False,,"{""best_reuse"": ""adapter_2"", ""best_reuse_utility"": 0.49094659090042114, ""decision"": ""reuse"", ""fresh_advantage"": -0.12729418277740479, ""fresh_positive"": false, ""fresh_utility"": 0.36365240812301636, ""full_batch_guards"": {""adapter_1"": {""crossfit_feasible"": true, ""crossfit_utility"": 0.007653594017028809, ""crossfit_utility_positive"": true, ""full_batch_cur_after"": 1.3625822067260742, ""full_batch_cur_before"": 1.3718948364257812, ""full_batch_gain"": 0.009312629699707031, ""full_batch_harm"": -0.0010218014940619469, ""full_batch_harm_lcb"": -0.0061718207970261575, ""full_batch_harm_se"": 0.002627560868859291, ""full_batch_harm_ucb"": 0.004128217808902264, ""full_batch_safe"": true}, ""adapter_2"": {""crossfit_feasible"": true, ""crossfit_utility"": 0.49094659090042114, ""crossfit_utility_positive"": true, ""full_batch_cur_after"": 0.8781050443649292, ""full_batch_cur_before"": 0.8911946415901184, ""full_batch_gain"": 0.013089597225189209, ""full_batch_harm"": 0.0005520395934581757, ""full_batch_harm_lcb"": -0.00726439405232668, ""full_batch_harm_se"": 0.003987976349890232, ""full_batch_harm_ucb"": 0.008368473239243031, ""full_batch_safe"": true}, ""default"": {""crossfit_feasible"": true, ""crossfit_utility"": 0.2065368890762329, ""crossfit_utility_positive"": true, ""full_batch_cur_after"": 1.1635934114456177, ""full_batch_cur_before"": 1.1642379760742188, ""full_batch_gain"": 0.0006445646286010742, ""full_batch_harm"": -0.0014255829155445099, ""full_batch_harm_lcb"": -0.008852694621309637, ""full_batch_harm_se"": 0.0037893427070230246, ""full_batch_harm_ucb"": 0.006001528790220618, ""full_batch_safe"": true}}, ""guarded_best_reuse"": ""adapter_2"", ""num_adapters"": 3, ""pending_after"": false, ""pending_before"": false, ""policy_version"": ""cau_v1"", ""reason"": ""safe_existing_reuse"", ""utility"": {""batch_n"": 16, ""best_reuse"": ""adapter_2"", ""best_reuse_query_after"": 0.8809481263160706, ""best_reuse_utility"": 0.49094659090042114, ""defer_utility"": 0.0, ""fold_a_fresh_utility"": 0.4197399616241455, ""fold_a_query_n"": 8, ""fold_a_support_n"": 8, ""fold_b_fresh_utility"": 0.3075648546218872, ""fold_b_query_n"": 8, ""fold_b_support_n"": 8, ""fresh_advantage"": -0.12729418277740479, ""fresh_local_trainability"": 0.061745524406433105, ""fresh_positive"": false, ""fresh_query_after"": 1.0082423090934753, ""fresh_query_before"": 1.0699878334999084, ""fresh_utility"": 0.36365240812301636, ""reuse_profiles"": {""adapter_1"": {""feasible_both"": true, ""fold_a_harm"": -0.0010120170190930367, ""fold_a_lcb"": -0.005847523976117372, ""fold_a_query_after"": 1.413558006286621, ""fold_a_utility"": 0.009582281112670898, ""fold_b_harm"": -0.0009408984333276749, ""fold_b_lcb"": -0.006184066589921712, ""fold_b_query_after"": 1.3149242401123047, ""fold_b_utility"": 0.005724906921386719, ""harm_lcb_max"": -0.005847523976117372, ""harm_mean"": -0.0009764577262103558, ""harm_se_mean"": 0.002571090590208769, ""harm_ucb_max"": 0.004302269723266363, ""local_trainability"": 0.007653594017028809, ""query_after"": 1.364241123199463, ""query_before"": 1.3718947172164917, ""system_utility"": 0.007653594017028809}, ""adapter_2"": {""feasible_both"": true, ""fold_a_harm"": 6.858725100755692e-05, ""fold_a_lcb"": -0.006640698993578553, ""fold_a_query_after"": 0.834477424621582, ""fold_a_utility"": 0.58866286277771, ""fold_b_harm"": 0.0005099810659885406, ""fold_b_lcb"": -0.007317036204040051, ""fold_b_query_after"": 0.9274188280105591, ""fold_b_utility"": 0.3932303190231323, ""harm_lcb_max"": -0.006640698993578553, ""harm_mean"": 0.0002892841584980488, ""harm_se_mean"": 0.0037082406925037503, ""harm_ucb_max"": 0.008336998336017132, ""local_trainability"": 0.010246485471725464, ""query_after"": 0.8809481263160706, ""query_before"": 0.891194611787796, ""system_utility"": 0.49094659090042114}, ""default"": {""feasible_both"": true, ""fold_a_harm"": -0.0014098230749368668, ""fold_a_lcb"": -0.008989127315580846, ""fold_a_query_after"": 1.1778767108917236, ""fold_a_utility"": 0.24526357650756836, ""fold_b_harm"": -0.0014549912884831429, ""fold_b_lcb"": -0.008902292288839816, ""fold_b_query_after"": 1.152838945388794, ""fold_b_utility"": 0.16781020164489746, ""harm_lcb_max"": -0.008902292288839816, ""harm_mean"": -0.0014324071817100048, ""harm_se_mean"": 0.0038333176635205746, ""harm_ucb_max"": 0.006169481165707111, ""local_trainability"": -0.0011196732521057129, ""query_after"": 1.1653578281402588, ""query_before"": 1.164238154888153, ""system_utility"": 0.2065368890762329}}, ""status"": ""ok"", ""statusquo_loss"": 1.3718947172164917}, ""utility_status"": ""ok""}"
45,A2,A,2,adapter_2,reuse,safe_existing_reuse,1.0943790674209595,3,True,442368,1778697,0,69176844,740355,17768856,720,31.137915808707476,564680704,0.0,26.909500060603023,2.9387995284050703,1.104612112045288,-0.026800870895385742,-0.009580552577972412,-0.01722031831741333,False,,"{""best_reuse"": ""adapter_2"", ""best_reuse_utility"": -0.009580552577972412, ""decision"": ""reuse"", ""fresh_advantage"": -0.01722031831741333, ""fresh_positive"": false, ""fresh_utility"": -0.026800870895385742, ""full_batch_guards"": {""adapter_1"": {""crossfit_feasible"": true, ""crossfit_utility"": -0.12325924634933472, ""crossfit_utility_positive"": false, ""full_batch_cur_after"": 1.2220277786254883, ""full_batch_cur_before"": 1.2243008613586426, ""full_batch_gain"": 0.002273082733154297, ""full_batch_harm"": -0.0009274082258343697, ""full_batch_harm_lcb"": -0.005496959183365106, ""full_batch_harm_se"": 0.00233140354976058, ""full_batch_harm_ucb"": 0.003642142731696367, ""full_batch_safe"": true}, ""adapter_2"": {""crossfit_feasible"": true, ""crossfit_utility"": -0.009580552577972412, ""crossfit_utility_positive"": false, ""full_batch_cur_after"": 1.1056947708129883, ""full_batch_cur_before"": 1.104612112045288, ""full_batch_gain"": -0.0010826587677001953, ""full_batch_harm"": 0.0016572335734963417, ""full_batch_harm_lcb"": -0.003383217928931117, ""full_batch_harm_se"": 0.002571658929809928, ""full_batch_harm_ucb"": 0.0066976850759238, ""full_batch_safe"": true}, ""default"": {""crossfit_feasible"": true, ""crossfit_utility"": -0.03390645980834961, ""crossfit_utility_positive"": false, ""full_batch_cur_after"": 1.1315430402755737, ""full_batch_cur_before"": 1.1285550594329834, ""full_batch_gain"": -0.002987980842590332, ""full_batch_harm"": -0.0015981486067175865, ""full_batch_harm_lcb"": -0.00843961606733501, ""full_batch_harm_se"": 0.0034905446227639914, ""full_batch_harm_ucb"": 0.0052433188538998365, ""full_batch_safe"": true}}, ""guarded_best_reuse"": ""adapter_2"", ""num_adapters"": 3, ""pending_after"": false, ""pending_before"": false, ""policy_version"": ""cau_v1"", ""reason"": ""safe_existing_reuse"", ""utility"": {""batch_n"": 16, ""best_reuse"": ""adapter_2"", ""best_reuse_query_after"": 1.1141926646232605, ""best_reuse_utility"": -0.009580552577972412, ""defer_utility"": 0.0, ""fold_a_fresh_utility"": 0.020616650581359863, ""fold_a_query_n"": 8, ""fold_a_support_n"": 8, ""fold_b_fresh_utility"": -0.07421839237213135, ""fold_b_query_n"": 8, ""fold_b_support_n"": 8, ""fresh_advantage"": -0.01722031831741333, ""fresh_local_trainability"": -0.027914583683013916, ""fresh_positive"": false, ""fresh_query_after"": 1.1314129829406738, ""fresh_query_before"": 1.10349839925766, ""fresh_utility"": -0.026800870895385742, ""reuse_profiles"": {""adapter_1"": {""feasible_both"": true, ""fold_a_harm"": -0.0010602911934256554, ""fold_a_lcb"": -0.005104383369907737, ""fold_a_query_after"": 1.0690568685531616, ""fold_a_utility"": 0.1230309009552002, ""fold_b_harm"": -4.7058798372745514e-05, ""fold_b_lcb"": -0.006223349673673511, ""fold_b_query_after"": 1.386685848236084, ""fold_b_utility"": -0.36954939365386963, ""harm_lcb_max"": -0.005104383369907737, ""harm_mean"": -0.0005536749958992004, ""harm_se_mean"": 0.0026072405744343996, ""harm_ucb_max"": 0.00612923207692802, ""local_trainability"": -0.0035704970359802246, ""query_after"": 1.2278713583946228, ""query_before"": 1.2243008613586426, ""system_utility"": -0.12325924634933472}, ""adapter_2"": {""feasible_both"": true, ""fold_a_harm"": 0.003499818965792656, ""fold_a_lcb"": -0.0037668508011847734, ""fold_a_query_after"": 1.2067017555236816, ""fold_a_utility"": -0.014613986015319824, ""fold_b_harm"": 0.0006955992430448532, ""fold_b_lcb"": -0.0050708116684108975, ""fold_b_query_after"": 1.0216835737228394, ""fold_b_utility"": -0.004547119140625, ""harm_lcb_max"": -0.0037668508011847734, ""harm_mean"": 0.0020977091044187546, ""harm_se_mean"": 0.0033247654791921377, ""harm_ucb_max"": 0.010766488732770085, ""local_trainability"": -0.009580552577972412, ""query_after"": 1.1141926646232605, ""query_before"": 1.104612112045288, ""system_utility"": -0.009580552577972412}, ""default"": {""feasible_both"": true, ""fold_a_harm"": -0.0013494202867150307, ""fold_a_lcb"": -0.009802353605628013, ""fold_a_query_after"": 1.1986987590789795, ""fold_a_utility"": -0.006610989570617676, ""fold_b_harm"": -0.0015409598127007484, ""fold_b_lcb"": -0.007362782787531615, ""fold_b_query_after"": 1.078338384628296, ""fold_b_utility"": -0.06120193004608154, ""harm_lcb_max"": -0.007362782787531615, ""harm_mean"": -0.0014451900497078896, ""harm_se_mean"": 0.0036415194626897573, ""harm_ucb_max"": 0.0071035130321979514, ""local_trainability"": -0.009963452816009521, ""query_after"": 1.1385185718536377, ""query_before"": 1.1285551190376282, ""system_utility"": -0.03390645980834961}}, ""status"": ""ok"", ""statusquo_loss"": 1.104612112045288}, ""utility_status"": ""ok""}"
46,A2,A,2,adapter_2,reuse,safe_existing_reuse,1.0198557376861572,3,True,442368,1778697,0,69176844,740355,17768856,736,31.966578390449286,564680704,0.0,27.73171304911375,2.9387995284050703,1.0166996121406555,-0.08197665214538574,-0.005762457847595215,-0.07621419429779053,False,,"{""best_reuse"": ""adapter_2"", ""best_reuse_utility"": -0.005762457847595215, ""decision"": ""reuse"", ""fresh_advantage"": -0.07621419429779053, ""fresh_positive"": false, ""fresh_utility"": -0.08197665214538574, ""full_batch_guards"": {""adapter_1"": {""crossfit_feasible"": true, ""crossfit_utility"": -0.21380209922790527, ""crossfit_utility_positive"": false, ""full_batch_cur_after"": 1.2256829738616943, ""full_batch_cur_before"": 1.2310094833374023, ""full_batch_gain"": 0.005326509475708008, ""full_batch_harm"": -0.0010866159573197365, ""full_batch_harm_lcb"": -0.006151454700157046, ""full_batch_harm_se"": 0.0025841013994067907, ""full_batch_harm_ucb"": 0.003978222785517573, ""full_batch_safe"": true}, ""adapter_2"": {""crossfit_feasible"": true, ""crossfit_utility"": -0.005762457847595215, ""crossfit_utility_positive"": false, ""full_batch_cur_after"": 1.0148253440856934, ""full_batch_cur_before"": 1.0166996717453003, ""full_batch_gain"": 0.0018743276596069336, ""full_batch_harm"": 0.00034259166568517685, ""full_batch_harm_lcb"": -0.003589823013171554, ""full_batch_harm_se"": 0.0020063340198248625, ""full_batch_harm_ucb"": 0.004275006344541908, ""full_batch_safe"": true}, ""default"": {""crossfit_feasible"": true, ""crossfit_utility"": -0.14678740501403809, ""crossfit_utility_positive"": false, ""full_batch_cur_after"": 1.1571612358093262, ""full_batch_cur_before"": 1.1537598371505737, ""full_batch_gain"": -0.0034013986587524414, ""full_batch_harm"": -0.0014578364789485931, ""full_batch_harm_lcb"": -0.007963168453425169, ""full_batch_harm_se"": 0.003319046925753355, ""full_batch_harm_ucb"": 0.005047495495527982, ""full_batch_safe"": true}}, ""guarded_best_reuse"": ""adapter_2"", ""num_adapters"": 3, ""pending_after"": false, ""pending_before"": false, ""policy_version"": ""cau_v1"", ""reason"": ""safe_existing_reuse"", ""utility"": {""batch_n"": 16, ""best_reuse"": ""adapter_2"", ""best_reuse_query_after"": 1.0224620699882507, ""best_reuse_utility"": -0.005762457847595215, ""defer_utility"": 0.0, ""fold_a_fresh_utility"": -0.11663568019866943, ""fold_a_query_n"": 8, ""fold_a_support_n"": 8, ""fold_b_fresh_utility"": -0.04731762409210205, ""fold_b_query_n"": 8, ""fold_b_support_n"": 8, ""fresh_advantage"": -0.07621419429779053, ""fresh_local_trainability"": -0.009490907192230225, ""fresh_positive"": false, ""fresh_query_after"": 1.0986762642860413, ""fresh_query_before"": 1.089185357093811, ""fresh_utility"": -0.08197665214538574, ""reuse_profiles"": {""adapter_1"": {""feasible_both"": true, ""fold_a_harm"": -0.0011321976780891418, ""fold_a_lcb"": -0.005177792608737945, ""fold_a_query_after"": 1.0875604152679443, ""fold_a_utility"": -0.06622612476348877, ""fold_b_harm"": -0.0007226746529340744, ""fold_b_lcb"": -0.007132784128189087, ""fold_b_query_after"": 1.3734430074691772, ""fold_b_utility"": -0.3613780736923218, ""harm_lcb_max"": -0.005177792608737945, ""harm_mean"": -0.0009274361655116081, ""harm_se_mean"": 0.0026672715321183205, ""harm_ucb_max"": 0.005687434822320938, ""local_trainability"": 0.0005077123641967773, ""query_after"": 1.2305017113685608, ""query_before"": 1.2310094237327576, ""system_utility"": -0.21380209922790527}, ""adapter_2"": {""feasible_both"": true, ""fold_a_harm"": 0.0013918271288275719, ""fold_a_lcb"": -0.0038371969759464263, ""fold_a_query_after"": 1.0269503593444824, ""fold_a_utility"": -0.0056160688400268555, ""fold_b_harm"": -0.0005494505167007446, ""fold_b_lcb"": -0.005233311643823981, ""fold_b_query_after"": 1.017973780632019, ""fold_b_utility"": -0.005908846855163574, ""harm_lcb_max"": -0.0038371969759464263, ""harm_mean"": 0.0004211883060634136, ""harm_se_mean"": 0.002528797253035009, ""harm_ucb_max"": 0.00662085123360157, ""local_trainability"": -0.005762457847595215, ""query_after"": 1.0224620699882507, ""query_before"": 1.0166996121406555, ""system_utility"": -0.005762457847595215}, ""default"": {""feasible_both"": true, ""fold_a_harm"": -0.001122993417084217, ""fold_a_lcb"": -0.009615589771419764, ""fold_a_query_after"": 1.23789644241333, ""fold_a_utility"": -0.2165621519088745, ""fold_b_harm"": -0.0016950983554124832, ""fold_b_lcb"": -0.007123485412448644, ""fold_b_query_after"": 1.0890775918960571, ""fold_b_utility"": -0.07701265811920166, ""harm_lcb_max"": -0.007123485412448644, ""harm_mean"": -0.0014090458862483501, ""harm_se_mean"": 0.00355127127841115, ""harm_ucb_max"": 0.00736960293725133, ""local_trainability"": -0.009727180004119873, ""query_after"": 1.1634870171546936, ""query_before"": 1.1537598371505737, ""system_utility"": -0.14678740501403809}}, ""status"": ""ok"", ""statusquo_loss"": 1.0166996121406555}, ""utility_status"": ""ok""}"
47,A2,A,2,adapter_1,reuse,safe_existing_reuse,0.9741548299789429,3,True,442368,1778697,0,69176844,740355,17768856,752,32.84849998354912,564680704,0.0,28.60710451565683,2.9387995284050703,1.2951027750968933,0.20248466730117798,0.3176073729991913,-0.1151227056980133,False,,"{""best_reuse"": ""adapter_1"", ""best_reuse_utility"": 0.3176073729991913, ""decision"": ""reuse"", ""fresh_advantage"": -0.1151227056980133, ""fresh_positive"": false, ""fresh_utility"": 0.20248466730117798, ""full_batch_guards"": {""adapter_1"": {""crossfit_feasible"": true, ""crossfit_utility"": 0.3176073729991913, ""crossfit_utility_positive"": true, ""full_batch_cur_after"": 0.9755302667617798, ""full_batch_cur_before"": 0.980313777923584, ""full_batch_gain"": 0.004783511161804199, ""full_batch_harm"": 0.00028906017541885376, ""full_batch_harm_lcb"": -0.0058332296647131444, ""full_batch_harm_se"": 0.0031236172653734684, ""full_batch_harm_ucb"": 0.006411350015550852, ""full_batch_safe"": true}, ""adapter_2"": {""crossfit_feasible"": true, ""crossfit_utility"": -0.0002525448799133301, ""crossfit_utility_positive"": false, ""full_batch_cur_after"": 1.2935218811035156, ""full_batch_cur_before"": 1.295102834701538, ""full_batch_gain"": 0.001580953598022461, ""full_batch_harm"": -0.0008095521479845047, ""full_batch_harm_lcb"": -0.003079867325723171, ""full_batch_harm_se"": 0.0011583240702748299, ""full_batch_harm_ucb"": 0.0014607630297541617, ""full_batch_safe"": true}, ""default"": {""crossfit_feasible"": true, ""crossfit_utility"": 0.1516292691230774, ""crossfit_utility_positive"": true, ""full_batch_cur_after"": 1.1415371894836426, ""full_batch_cur_before"": 1.1369904279708862, ""full_batch_gain"": -0.004546761512756348, ""full_batch_harm"": -0.0014374330639839172, ""full_batch_harm_lcb"": -0.008174311025068163, ""full_batch_harm_se"": 0.0034371826332062483, ""full_batch_harm_ucb"": 0.005299444897100329, ""full_batch_safe"": true}}, ""guarded_best_reuse"": ""adapter_1"", ""num_adapters"": 3, ""pending_after"": false, ""pending_before"": false, ""policy_version"": ""cau_v1"", ""reason"": ""safe_existing_reuse"", ""utility"": {""batch_n"": 16, ""best_reuse"": ""adapter_1"", ""best_reuse_query_after"": 0.977495402097702, ""best_reuse_utility"": 0.3176073729991913, ""defer_utility"": 0.0, ""fold_a_fresh_utility"": 0.2178584337234497, ""fold_a_query_n"": 8, ""fold_a_support_n"": 8, ""fold_b_fresh_utility"": 0.18711090087890625, ""fold_b_query_n"": 8, ""fold_b_support_n"": 8, ""fresh_advantage"": -0.1151227056980133, ""fresh_local_trainability"": 0.04095017910003662, ""fresh_positive"": false, ""fresh_query_after"": 1.0926181077957153, ""fresh_query_before"": 1.133568286895752, ""fresh_utility"": 0.20248466730117798, ""reuse_profiles"": {""adapter_1"": {""feasible_both"": true, ""fold_a_harm"": 9.437091648578644e-06, ""fold_a_lcb"": -0.005915803480893374, ""fold_a_query_after"": 0.9952373504638672, ""fold_a_utility"": 0.32138144969940186, ""fold_b_harm"": 0.0002956213429570198, ""fold_b_lcb"": -0.0053631986677646635, ""fold_b_query_after"": 0.9597534537315369, ""fold_b_utility"": 0.3138332962989807, ""harm_lcb_max"": -0.0053631986677646635, ""harm_mean"": 0.00015252921730279922, ""harm_se_mean"": 0.0029551174957305193, ""harm_ucb_max"": 0.005954441353678703, ""local_trainability"": 0.0028184056282043457, ""query_after"": 0.977495402097702, ""query_before"": 0.9803138077259064, ""system_utility"": 0.3176073729991913}, ""adapter_2"": {""feasible_both"": true, ""fold_a_harm"": -0.000800461508333683, ""fold_a_lcb"": -0.003130856961943209, ""fold_a_query_after"": 1.317298412322998, ""fold_a_utility"": -0.0006796121597290039, ""fold_b_harm"": -0.0005860999226570129, ""fold_b_lcb"": -0.002733010370284319, ""fold_b_query_after"": 1.2734122276306152, ""fold_b_utility"": 0.00017452239990234375, ""harm_lcb_max"": -0.002733010370284319, ""harm_mean"": -0.000693280715495348, ""harm_se_mean"": 0.001142169872764498, ""harm_ucb_max"": 0.001560810524970293, ""local_trainability"": -0.0002525448799133301, ""query_after"": 1.2953553199768066, ""query_before"": 1.2951027750968933, ""system_utility"": -0.0002525448799133301}, ""default"": {""feasible_both"": true, ""fold_a_harm"": -0.0014247260987758636, ""fold_a_lcb"": -0.008123540524393319, ""fold_a_query_after"": 1.1524696350097656, ""fold_a_utility"": 0.16414916515350342, ""fold_b_harm"": -0.001389012672007084, ""fold_b_lcb"": -0.008267055973410606, ""fold_b_query_after"": 1.1344773769378662, ""fold_b_utility"": 0.13910937309265137, ""harm_lcb_max"": -0.008123540524393319, ""harm_mean"": -0.0014068693853914738, ""harm_se_mean"": 0.003463484114035964, ""harm_ucb_max"": 0.005489030629396438, ""local_trainability"": -0.0064830780029296875, ""query_after"": 1.143473505973816, ""query_before"": 1.1369904279708862, ""system_utility"": 0.1516292691230774}}, ""status"": ""ok"", ""statusquo_loss"": 1.2951027750968933}, ""utility_status"": ""ok""}"
48,A2,A,2,adapter_2,reuse,safe_existing_reuse,1.0259184837341309,3,True,442368,1778697,0,69176844,740355,17768856,768,33.69679243117571,564680704,0.0,29.44852245785296,2.9387995284050703,1.2003926038742065,0.11023914813995361,0.18372470140457153,-0.07348555326461792,False,,"{""best_reuse"": ""adapter_2"", ""best_reuse_utility"": 0.18372470140457153, ""decision"": ""reuse"", ""fresh_advantage"": -0.07348555326461792, ""fresh_positive"": false, ""fresh_utility"": 0.11023914813995361, ""full_batch_guards"": {""adapter_1"": {""crossfit_feasible"": true, ""crossfit_utility"": 0.0032861828804016113, ""crossfit_utility_positive"": true, ""full_batch_cur_after"": 1.1939435005187988, ""full_batch_cur_before"": 1.2003926038742065, ""full_batch_gain"": 0.006449103355407715, ""full_batch_harm"": 0.0010532336309552193, ""full_batch_harm_lcb"": -0.004934530733153224, ""full_batch_harm_se"": 0.003054981818422675, ""full_batch_harm_ucb"": 0.007040997995063663, ""full_batch_safe"": true}, ""adapter_2"": {""crossfit_feasible"": true, ""crossfit_utility"": 0.18372470140457153, ""crossfit_utility_positive"": true, ""full_batch_cur_after"": 1.0119574069976807, ""full_batch_cur_before"": 1.0160818099975586, ""full_batch_gain"": 0.00412440299987793, ""full_batch_harm"": 0.0015172632411122322, ""full_batch_harm_lcb"": -0.002983730547130108, ""full_batch_harm_se"": 0.0022964254021644592, ""full_batch_harm_ucb"": 0.0060182570293545725, ""full_batch_safe"": true}, ""default"": {""crossfit_feasible"": true, ""crossfit_utility"": -0.005272507667541504, ""crossfit_utility_positive"": false, ""full_batch_cur_after"": 1.202605962753296, ""full_batch_cur_before"": 1.193894624710083, ""full_batch_gain"": -0.00871133804321289, ""full_batch_harm"": -0.0014820704236626625, ""full_batch_harm_lcb"": -0.0072324776649475096, ""full_batch_harm_se"": 0.0029338812455534935, ""full_batch_harm_ucb"": 0.0042683368176221845, ""full_batch_safe"": true}}, ""guarded_best_reuse"": ""adapter_2"", ""num_adapters"": 3, ""pending_after"": false, ""pending_before"": false, ""policy_version"": ""cau_v1"", ""reason"": ""safe_existing_reuse"", ""utility"": {""batch_n"": 16, ""best_reuse"": ""adapter_2"", ""best_reuse_query_after"": 1.016667902469635, ""best_reuse_utility"": 0.18372470140457153, ""defer_utility"": 0.0, ""fold_a_fresh_utility"": 0.11932682991027832, ""fold_a_query_n"": 8, ""fold_a_support_n"": 8, ""fold_b_fresh_utility"": 0.1011514663696289, ""fold_b_query_n"": 8, ""fold_b_support_n"": 8, ""fresh_advantage"": -0.07348555326461792, ""fresh_local_trainability"": 0.023402869701385498, ""fresh_positive"": false, ""fresh_query_after"": 1.090153455734253, ""fresh_query_before"": 1.1135563254356384, ""fresh_utility"": 0.11023914813995361, ""reuse_profiles"": {""adapter_1"": {""feasible_both"": true, ""fold_a_harm"": 0.0007255123928189278, ""fold_a_lcb"": -0.004050412848591804, ""fold_a_query_after"": 1.2054193019866943, ""fold_a_utility"": 0.0067441463470458984, ""fold_b_harm"": 0.0012081973254680634, ""fold_b_lcb"": -0.00513901780359447, ""fold_b_query_after"": 1.1887935400009155, ""fold_b_utility"": -0.00017178058624267578, ""harm_lcb_max"": -0.004050412848591804, ""harm_mean"": 0.0009668548591434956, ""harm_se_mean"": 0.0028375358087942004, ""harm_ucb_max"": 0.007555412454530596, ""local_trainability"": 0.0032861828804016113, ""query_after"": 1.197106420993805, ""query_before"": 1.2003926038742065, ""system_utility"": 0.0032861828804016113}, ""adapter_2"": {""feasible_both"": true, ""fold_a_harm"": 0.0006324639543890953, ""fold_a_lcb"": -0.0017237037559971213, ""fold_a_query_after"": 0.901203989982605, ""fold_a_utility"": 0.31095945835113525, ""fold_b_harm"": 0.0023310258984565735, ""fold_b_lcb"": -0.0031160262506455183, ""fold_b_query_after"": 1.132131814956665, ""fold_b_utility"": 0.05648994445800781, ""harm_lcb_max"": -0.0017237037559971213, ""harm_mean"": 0.0014817449264228344, ""harm_se_mean"": 0.0019906173110939562, ""harm_ucb_max"": 0.007778078047558665, ""local_trainability"": -0.0005860626697540283, ""query_after"": 1.016667902469635, ""query_before"": 1.016081839799881, ""system_utility"": 0.18372470140457153}, ""default"": {""feasible_both"": true, ""fold_a_harm"": -0.0012523876503109932, ""fold_a_lcb"": -0.0075849905144423245, ""fold_a_query_after"": 1.2710777521133423, ""fold_a_utility"": -0.05891430377960205, ""fold_b_harm"": -0.0014909347519278526, ""fold_b_lcb"": -0.007269241288304328, ""fold_b_query_after"": 1.1402524709701538, ""fold_b_utility"": 0.04836928844451904, ""harm_lcb_max"": -0.007269241288304328, ""harm_mean"": -0.001371661201119423, ""harm_se_mean"": 0.0030895177042111754, ""harm_ucb_max"": 0.005080215213820338, ""local_trainability"": -0.011770367622375488, ""query_after"": 1.205665111541748, ""query_before"": 1.1938947439193726, ""system_utility"": -0.005272507667541504}}, ""status"": ""ok"", ""statusquo_loss"": 1.2003926038742065}, ""utility_status"": ""ok""}"
49,A2,A,2,adapter_1,reuse,safe_existing_reuse,1.0950851440429688,3,True,442368,1778697,0,69176844,740355,17768856,784,34.50543477199972,564680704,0.0,30.250367362052202,2.9387995284050703,1.3483501076698303,0.18378740549087524,0.2557661533355713,-0.07197874784469604,False,,"{""best_reuse"": ""adapter_1"", ""best_reuse_utility"": 0.2557661533355713, ""decision"": ""reuse"", ""fresh_advantage"": -0.07197874784469604, ""fresh_positive"": false, ""fresh_utility"": 0.18378740549087524, ""full_batch_guards"": {""adapter_1"": {""crossfit_feasible"": true, ""crossfit_utility"": 0.2557661533355713, ""crossfit_utility_positive"": true, ""full_batch_cur_after"": 1.0819153785705566, ""full_batch_cur_before"": 1.0808106660842896, ""full_batch_gain"": -0.0011047124862670898, ""full_batch_harm"": 0.0006886040791869164, ""full_batch_harm_lcb"": -0.003054495290853083, ""full_batch_harm_se"": 0.0019097445765510201, ""full_batch_harm_ucb"": 0.004431703449226916, ""full_batch_safe"": true}, ""adapter_2"": {""crossfit_feasible"": true, ""crossfit_utility"": -0.00940096378326416, ""crossfit_utility_positive"": false, ""full_batch_cur_after"": 1.3468754291534424, ""full_batch_cur_before"": 1.3483500480651855, ""full_batch_gain"": 0.001474618911743164, ""full_batch_harm"": -0.0005169613286852837, ""full_batch_harm_lcb"": -0.0029279238916933535, ""full_batch_harm_se"": 0.0012300829403102398, ""full_batch_harm_ucb"": 0.0018940012343227862, ""full_batch_safe"": true}, ""default"": {""crossfit_feasible"": true, ""crossfit_utility"": 0.23981189727783203, ""crossfit_utility_positive"": true, ""full_batch_cur_after"": 1.0979697704315186, ""full_batch_cur_before"": 1.0989301204681396, ""full_batch_gain"": 0.0009603500366210938, ""full_batch_harm"": -0.0015505515038967133, ""full_batch_harm_lcb"": -0.009485187511891126, ""full_batch_harm_se"": 0.00404828367754817, ""full_batch_harm_ucb"": 0.006384084504097699, ""full_batch_safe"": true}}, ""guarded_best_reuse"": ""adapter_1"", ""num_adapters"": 3, ""pending_after"": false, ""pending_before"": false, ""policy_version"": ""cau_v1"", ""reason"": ""safe_existing_reuse"", ""utility"": {""batch_n"": 16, ""best_reuse"": ""adapter_1"", ""best_reuse_query_after"": 1.092583954334259, ""best_reuse_utility"": 0.2557661533355713, ""defer_utility"": 0.0, ""fold_a_fresh_utility"": 0.47731173038482666, ""fold_a_query_n"": 8, ""fold_a_support_n"": 8, ""fold_b_fresh_utility"": -0.10973691940307617, ""fold_b_query_n"": 8, ""fold_b_support_n"": 8, ""fresh_advantage"": -0.07197874784469604, ""fresh_local_trainability"": -0.047186851501464844, ""fresh_positive"": false, ""fresh_query_after"": 1.164562702178955, ""fresh_query_before"": 1.1173758506774902, ""fresh_utility"": 0.18378740549087524, ""reuse_profiles"": {""adapter_1"": {""feasible_both"": true, ""fold_a_harm"": 0.0012718113139271736, ""fold_a_lcb"": -0.004832095457240939, ""fold_a_query_after"": 1.004233717918396, ""fold_a_utility"": 0.6397984027862549, ""fold_b_harm"": 0.000991147942841053, ""fold_b_lcb"": -0.0035302204173058268, ""fold_b_query_after"": 1.180934190750122, ""fold_b_utility"": -0.1282660961151123, ""harm_lcb_max"": -0.0035302204173058268, ""harm_mean"": 0.0011314796283841133, ""harm_se_mean"": 0.0027105293702334166, ""harm_ucb_max"": 0.007375718085095287, ""local_trainability"": -0.011773228645324707, ""query_after"": 1.092583954334259, ""query_before"": 1.0808107256889343, ""system_utility"": 0.2557661533355713}, ""adapter_2"": {""feasible_both"": true, ""fold_a_harm"": 0.0018818769603967667, ""fold_a_lcb"": -0.003103430811315775, ""fold_a_query_after"": 1.6657968759536743, ""fold_a_utility"": -0.021764755249023438, ""fold_b_harm"": -0.0006974209100008011, ""fold_b_lcb"": -0.002406664816662669, ""fold_b_query_after"": 1.0497052669525146, ""fold_b_utility"": 0.002962827682495117, ""harm_lcb_max"": -0.002406664816662669, ""harm_mean"": 0.0005922280251979828, ""harm_se_mean"": 0.001707793795503676, ""harm_ucb_max"": 0.006867184732109308, ""local_trainability"": -0.00940096378326416, ""query_after"": 1.3577510714530945, ""query_before"": 1.3483501076698303, ""system_utility"": -0.00940096378326416}, ""default"": {""feasible_both"": true, ""fold_a_harm"": -0.00160151906311512, ""fold_a_lcb"": -0.00736894671805203, ""fold_a_query_after"": 0.9869184494018555, ""fold_a_utility"": 0.6571136713027954, ""fold_b_harm"": -0.001204165630042553, ""fold_b_lcb"": -0.011106759756803513, ""fold_b_query_after"": 1.2301579713821411, ""fold_b_utility"": -0.17748987674713135, ""harm_lcb_max"": -0.00736894671805203, ""harm_mean"": -0.0014028423465788364, ""harm_se_mean"": 0.003997454536147416, ""harm_ucb_max"": 0.008698428496718407, ""local_trainability"": -0.00960811972618103, ""query_after"": 1.1085382103919983, ""query_before"": 1.0989300906658173, ""system_utility"": 0.23981189727783203}}, ""status"": ""ok"", ""statusquo_loss"": 1.3483501076698303}, ""utility_status"": ""ok""}"
50,A2,A,2,default,reuse,safe_existing_reuse,1.061821460723877,3,True,442368,1778697,0,69176844,740355,17768856,800,35.39152783900499,564680704,0.0,31.1285130828619,2.9387995284050703,1.2393097877502441,0.15903973579406738,0.17744910717010498,-0.018409371376037598,False,,"{""best_reuse"": ""default"", ""best_reuse_utility"": 0.17744910717010498, ""decision"": ""reuse"", ""fresh_advantage"": -0.018409371376037598, ""fresh_positive"": false, ""fresh_utility"": 0.15903973579406738, ""full_batch_guards"": {""adapter_1"": {""crossfit_feasible"": true, ""crossfit_utility"": -0.0030145645141601562, ""crossfit_utility_positive"": false, ""full_batch_cur_after"": 1.240009069442749, ""full_batch_cur_before"": 1.2393097877502441, ""full_batch_gain"": -0.0006992816925048828, ""full_batch_harm"": -0.0004673898220062256, ""full_batch_harm_lcb"": -0.0015174942859448493, ""full_batch_harm_se"": 0.0005357675836421549, ""full_batch_harm_ucb"": 0.0005827146419323981, ""full_batch_safe"": true}, ""adapter_2"": {""crossfit_feasible"": true, ""crossfit_utility"": -0.03421366214752197, ""crossfit_utility_positive"": false, ""full_batch_cur_after"": 1.2706303596496582, ""full_batch_cur_before"": 1.2698969841003418, ""full_batch_gain"": -0.0007333755493164062, ""full_batch_harm"": -6.42184168100357e-05, ""full_batch_harm_lcb"": -0.0012207547714933754, ""full_batch_harm_se"": 0.0005900695687159896, ""full_batch_harm_ucb"": 0.001092317937873304, ""full_batch_safe"": true}, ""default"": {""crossfit_feasible"": true, ""crossfit_utility"": 0.17744910717010498, ""crossfit_utility_positive"": true, ""full_batch_cur_after"": 1.0581395626068115, ""full_batch_cur_before"": 1.064863681793213, ""full_batch_gain"": 0.006724119186401367, ""full_batch_harm"": -0.000995120033621788, ""full_batch_harm_lcb"": -0.01006288105621934, ""full_batch_harm_se"": 0.004626408684998751, ""full_batch_harm_ucb"": 0.008072640988975763, ""full_batch_safe"": true}}, ""guarded_best_reuse"": ""default"", ""num_adapters"": 3, ""pending_after"": false, ""pending_before"": false, ""policy_version"": ""cau_v1"", ""reason"": ""safe_existing_reuse"", ""utility"": {""batch_n"": 16, ""best_reuse"": ""default"", ""best_reuse_query_after"": 1.0618606805801392, ""best_reuse_utility"": 0.17744910717010498, ""defer_utility"": 0.0, ""fold_a_fresh_utility"": 0.1348409652709961, ""fold_a_query_n"": 8, ""fold_a_support_n"": 8, ""fold_b_fresh_utility"": 0.18323850631713867, ""fold_b_query_n"": 8, ""fold_b_support_n"": 8, ""fresh_advantage"": -0.018409371376037598, ""fresh_local_trainability"": 0.0027219057083129883, ""fresh_positive"": false, ""fresh_query_after"": 1.0802700519561768, ""fresh_query_before"": 1.0829919576644897, ""fresh_utility"": 0.15903973579406738, ""reuse_profiles"": {""adapter_1"": {""feasible_both"": true, ""fold_a_harm"": -0.000342455692589283, ""fold_a_lcb"": -0.0016272245976142585, ""fold_a_query_after"": 1.2292277812957764, ""fold_a_utility"": -0.002527475357055664, ""fold_b_harm"": -0.0007630996406078339, ""fold_b_lcb"": -0.001961984639056027, ""fold_b_query_after"": 1.2554209232330322, ""fold_b_utility"": -0.0035016536712646484, ""harm_lcb_max"": -0.0016272245976142585, ""harm_mean"": -0.0005527776665985584, ""harm_se_mean"": 0.000633585179457441, ""harm_ucb_max"": 0.0009423132124356925, ""local_trainability"": -0.0030145645141601562, ""query_after"": 1.2423243522644043, ""query_before"": 1.2393097877502441, ""system_utility"": -0.0030145645141601562}, ""adapter_2"": {""feasible_both"": true, ""fold_a_harm"": 0.00014897342771291733, ""fold_a_lcb"": -0.001030034190043807, ""fold_a_query_after"": 1.2264370918273926, ""fold_a_utility"": 0.000263214111328125, ""fold_b_harm"": 0.0002945074811577797, ""fold_b_lcb"": -0.0014737713220529258, ""fold_b_query_after"": 1.3206098079681396, ""fold_b_utility"": -0.06869053840637207, ""harm_lcb_max"": -0.001030034190043807, ""harm_mean"": 0.0002217404544353485, ""harm_se_mean"": 0.0007518587808590382, ""harm_ucb_max"": 0.002062786284368485, ""local_trainability"": -0.003626525402069092, ""query_after"": 1.2735234498977661, ""query_before"": 1.269896924495697, ""system_utility"": -0.03421366214752197}, ""default"": {""feasible_both"": true, ""fold_a_harm"": -0.00116676464676857, ""fold_a_lcb"": -0.01086120929569006, ""fold_a_query_after"": 1.1033258438110352, ""fold_a_utility"": 0.12337446212768555, ""fold_b_harm"": -0.0010691257193684578, ""fold_b_lcb"": -0.008662334885448217, ""fold_b_query_after"": 1.0203955173492432, ""fold_b_utility"": 0.23152375221252441, ""harm_lcb_max"": -0.008662334885448217, ""harm_mean"": -0.0011179451830685139, ""harm_se_mean"": 0.004410115769132972, ""harm_ucb_max"": 0.00852768000215292, ""local_trainability"": 0.003003060817718506, ""query_after"": 1.0618606805801392, ""query_before"": 1.0648637413978577, ""system_utility"": 0.17744910717010498}}, ""status"": ""ok"", ""statusquo_loss"": 1.2393097877502441}, ""utility_status"": ""ok""}"
51,A2,A,2,adapter_1,reuse,safe_existing_reuse,1.0624991655349731,3,True,442368,1778697,0,69176844,740355,17768856,816,36.2319207880646,564680704,0.0,31.96189346909523,2.9387995284050703,1.2077691555023193,0.056931376457214355,0.1412147879600525,-0.08428341150283813,False,,"{""best_reuse"": ""adapter_1"", ""best_reuse_utility"": 0.1412147879600525, ""decision"": ""reuse"", ""fresh_advantage"": -0.08428341150283813, ""fresh_positive"": false, ""fresh_utility"": 0.056931376457214355, ""full_batch_guards"": {""adapter_1"": {""crossfit_feasible"": true, ""crossfit_utility"": 0.1412147879600525, ""crossfit_utility_positive"": true, ""full_batch_cur_after"": 1.0589611530303955, ""full_batch_cur_before"": 1.0619714260101318, ""full_batch_gain"": 0.003010272979736328, ""full_batch_harm"": -0.00019979849457740784, ""full_batch_harm_lcb"": -0.004167425446212292, ""full_batch_harm_se"": 0.0020242994651198387, ""full_batch_harm_ucb"": 0.003767828457057476, ""full_batch_safe"": true}, ""adapter_2"": {""crossfit_feasible"": true, ""crossfit_utility"": 0.02554941177368164, ""crossfit_utility_positive"": true, ""full_batch_cur_after"": 1.1745877265930176, ""full_batch_cur_before"": 1.1798503398895264, ""full_batch_gain"": 0.005262613296508789, ""full_batch_harm"": 0.0005508167669177055, ""full_batch_harm_lcb"": -0.0035450490098446604, ""full_batch_harm_se"": 0.0020897274371236563, ""full_batch_harm_ucb"": 0.0046466825436800715, ""full_batch_safe"": true}, ""default"": {""crossfit_feasible"": true, ""crossfit_utility"": -0.017958760261535645, ""crossfit_utility_positive"": false, ""full_batch_cur_after"": 1.2187312841415405, ""full_batch_cur_before"": 1.2077691555023193, ""full_batch_gain"": -0.010962128639221191, ""full_batch_harm"": -7.722526788711548e-05, ""full_batch_harm_lcb"": -0.005722739538177848, ""full_batch_harm_se"": 0.0028803644236177206, ""full_batch_harm_ucb"": 0.005568289002403617, ""full_batch_safe"": true}}, ""guarded_best_reuse"": ""adapter_1"", ""num_adapters"": 3, ""pending_after"": false, ""pending_before"": false, ""policy_version"": ""cau_v1"", ""reason"": ""safe_existing_reuse"", ""utility"": {""batch_n"": 16, ""best_reuse"": ""adapter_1"", ""best_reuse_query_after"": 1.0665543675422668, ""best_reuse_utility"": 0.1412147879600525, ""defer_utility"": 0.0, ""fold_a_fresh_utility"": 0.12341630458831787, ""fold_a_query_n"": 8, ""fold_a_support_n"": 8, ""fold_b_fresh_utility"": -0.00955355167388916, ""fold_b_query_n"": 8, ""fold_b_support_n"": 8, ""fresh_advantage"": -0.08428341150283813, ""fresh_local_trainability"": -0.018065452575683594, ""fresh_positive"": false, ""fresh_query_after"": 1.150837779045105, ""fresh_query_before"": 1.1327723264694214, ""fresh_utility"": 0.056931376457214355, ""reuse_profiles"": {""adapter_1"": {""feasible_both"": true, ""fold_a_harm"": -0.0006303591653704643, ""fold_a_lcb"": -0.0017052834876812994, ""fold_a_query_after"": 0.9045594930648804, ""fold_a_utility"": 0.4155616760253906, ""fold_b_harm"": 0.0005541704595088959, ""fold_b_lcb"": -0.005102007295936346, ""fold_b_query_after"": 1.2285492420196533, ""fold_b_utility"": -0.13313210010528564, ""harm_lcb_max"": -0.0017052834876812994, ""harm_mean"": -3.8094352930784225e-05, ""harm_se_mean"": 0.001717117876978591, ""harm_ucb_max"": 0.006210348214954138, ""local_trainability"": -0.004583120346069336, ""query_after"": 1.0665543675422668, ""query_before"": 1.0619712471961975, ""system_utility"": 0.1412147879600525}, ""adapter_2"": {""feasible_both"": true, ""fold_a_harm"": 9.290128946304321e-05, ""fold_a_lcb"": -0.0014766848227009176, ""fold_a_query_after"": 1.152696132659912, ""fold_a_utility"": 0.1674250364303589, ""fold_b_harm"": 0.001361398957669735, ""fold_b_lcb"": -0.003979092268273234, ""fold_b_query_after"": 1.2117433547973633, ""fold_b_utility"": -0.1163262128829956, ""harm_lcb_max"": -0.0014766848227009176, ""harm_mean"": 0.0007271501235663891, ""harm_se_mean"": 0.001762774831149727, ""harm_ucb_max"": 0.006701890183612704, ""local_trainability"": -0.002369403839111328, ""query_after"": 1.1822197437286377, ""query_before"": 1.1798503398895264, ""system_utility"": 0.02554941177368164}, ""default"": {""feasible_both"": true, ""fold_a_harm"": 0.00019448623061180115, ""fold_a_lcb"": -0.007526341583579779, ""fold_a_query_after"": 1.3547667264938354, ""fold_a_utility"": -0.03464555740356445, ""fold_b_harm"": -4.629138857126236e-05, ""fold_b_lcb"": -0.005517550520598888, ""fold_b_query_after"": 1.0966891050338745, ""fold_b_utility"": -0.001271963119506836, ""harm_lcb_max"": -0.005517550520598888, ""harm_mean"": 7.40974210202694e-05, ""harm_se_mean"": 0.0033653283026069403, ""harm_ucb_max"": 0.007915314044803381, ""local_trainability"": -0.017958760261535645, ""query_after"": 1.225727915763855, ""query_before"": 1.2077691555023193, ""system_utility"": -0.017958760261535645}}, ""status"": ""ok"", ""statusquo_loss"": 1.2077691555023193}, ""utility_status"": ""ok""}"
52,A2,A,2,default,reuse,pending_fresh_safe_existing_reuse,1.1078906059265137,3,True,442368,1778697,0,69176844,740355,17768856,832,37.070825934410095,565467136,0.0,32.79402601160109,2.9387995284050703,1.268110752105713,0.16836822032928467,0.15472906827926636,0.01363915205001831,True,,"{""best_reuse"": ""default"", ""best_reuse_utility"": 0.15472906827926636, ""decision"": ""reuse"", ""fresh_advantage"": 0.01363915205001831, ""fresh_positive"": true, ""fresh_utility"": 0.16836822032928467, ""full_batch_guards"": {""adapter_1"": {""crossfit_feasible"": true, ""crossfit_utility"": -0.0009035468101501465, ""crossfit_utility_positive"": false, ""full_batch_cur_after"": 1.2665503025054932, ""full_batch_cur_before"": 1.268110752105713, ""full_batch_gain"": 0.0015604496002197266, ""full_batch_harm"": -0.0008120965212583542, ""full_batch_harm_lcb"": -0.002965218094177544, ""full_batch_harm_se"": 0.0010985314147546887, ""full_batch_harm_ucb"": 0.0013410250516608358, ""full_batch_safe"": true}, ""adapter_2"": {""crossfit_feasible"": true, ""crossfit_utility"": 0.10502105951309204, ""crossfit_utility_positive"": true, ""full_batch_cur_after"": 1.1581941843032837, ""full_batch_cur_before"": 1.1601033210754395, ""full_batch_gain"": 0.0019091367721557617, ""full_batch_harm"": -2.0002946257591248e-05, ""full_batch_harm_lcb"": -0.001241402446758002, ""full_batch_harm_se"": 0.0006231630104593933, ""full_batch_harm_ucb"": 0.0012013965542428196, ""full_batch_safe"": true}, ""default"": {""crossfit_feasible"": true, ""crossfit_utility"": 0.15472906827926636, ""crossfit_utility_positive"": true, ""full_batch_cur_after"": 1.108910322189331, ""full_batch_cur_before"": 1.1099960803985596, ""full_batch_gain"": 0.0010857582092285156, ""full_batch_harm"": 4.736706614494324e-05, ""full_batch_harm_lcb"": -0.007583509525284171, ""full_batch_harm_se"": 0.003893304383382201, ""full_batch_harm_ucb"": 0.007678243657574057, ""full_batch_safe"": true}}, ""guarded_best_reuse"": ""default"", ""num_adapters"": 3, ""pending_after"": true, ""pending_before"": false, ""policy_version"": ""cau_v1"", ""reason"": ""pending_fresh_safe_existing_reuse"", ""utility"": {""batch_n"": 16, ""best_reuse"": ""default"", ""best_reuse_query_after"": 1.1133816838264465, ""best_reuse_utility"": 0.15472906827926636, ""defer_utility"": 0.0, ""fold_a_fresh_utility"": 0.07860040664672852, ""fold_a_query_n"": 8, ""fold_a_support_n"": 8, ""fold_b_fresh_utility"": 0.2581360340118408, ""fold_b_query_n"": 8, ""fold_b_support_n"": 8, ""fresh_advantage"": 0.01363915205001831, ""fresh_local_trainability"": -0.00834578275680542, ""fresh_positive"": true, ""fresh_query_after"": 1.0997425317764282, ""fresh_query_before"": 1.0913967490196228, ""fresh_utility"": 0.16836822032928467, ""reuse_profiles"": {""adapter_1"": {""feasible_both"": true, ""fold_a_harm"": -0.0009097224101424217, ""fold_a_lcb"": -0.002588332812301815, ""fold_a_query_after"": 1.1994783878326416, ""fold_a_utility"": 0.0013508796691894531, ""fold_b_harm"": -0.0004085330292582512, ""fold_b_lcb"": -0.003434859961271286, ""fold_b_query_after"": 1.3385502099990845, ""fold_b_utility"": -0.003157973289489746, ""harm_lcb_max"": -0.002588332812301815, ""harm_mean"": -0.0006591277197003365, ""harm_se_mean"": 0.0012002391158603132, ""harm_ucb_max"": 0.0026177939027547835, ""local_trainability"": -0.0009035468101501465, ""query_after"": 1.269014298915863, ""query_before"": 1.268110752105713, ""system_utility"": -0.0009035468101501465}, ""adapter_2"": {""feasible_both"": true, ""fold_a_harm"": 0.0004632025957107544, ""fold_a_lcb"": -0.0013349597039632498, ""fold_a_query_after"": 1.145376443862915, ""fold_a_utility"": 0.055452823638916016, ""fold_b_harm"": 0.00048648566007614136, ""fold_b_lcb"": -0.002390381577424705, ""fold_b_query_after"": 1.1808029413223267, ""fold_b_utility"": 0.15458929538726807, ""harm_lcb_max"": -0.0013349597039632498, ""harm_mean"": 0.0004748441278934479, ""harm_se_mean"": 0.001192609575809911, ""harm_ucb_max"": 0.0033633528975769876, ""local_trainability"": -0.0029862523078918457, ""query_after"": 1.1630896925926208, ""query_before"": 1.160103440284729, ""system_utility"": 0.10502105951309204}, ""default"": {""feasible_both"": true, ""fold_a_harm"": 0.0005997726693749428, ""fold_a_lcb"": -0.008611977118998766, ""fold_a_query_after"": 1.1773509979248047, ""fold_a_utility"": 0.023478269577026367, ""fold_b_harm"": -2.1501444280147552e-05, ""fold_b_lcb"": -0.006299475338310003, ""fold_b_query_after"": 1.0494123697280884, ""fold_b_utility"": 0.28597986698150635, ""harm_lcb_max"": -0.006299475338310003, ""harm_mean"": 0.0002891356125473976, ""harm_se_mean"": 0.003951460123062134, ""harm_ucb_max"": 0.009811522457748651, ""local_trainability"": -0.0033855438232421875, ""query_after"": 1.1133816838264465, ""query_before"": 1.1099961400032043, ""system_utility"": 0.15472906827926636}}, ""status"": ""ok"", ""statusquo_loss"": 1.268110752105713}, ""utility_status"": ""ok""}"
53,A2,A,2,adapter_1,reuse,safe_existing_reuse,1.0885118246078491,3,True,442368,1778697,0,69176844,740355,17768856,848,37.942232344299555,565467136,0.0,33.65851620212197,2.9387995284050703,1.12772798538208,0.023729264736175537,0.06121090054512024,-0.0374816358089447,False,,"{""best_reuse"": ""adapter_1"", ""best_reuse_utility"": 0.06121090054512024, ""decision"": ""reuse"", ""fresh_advantage"": -0.0374816358089447, ""fresh_positive"": false, ""fresh_utility"": 0.023729264736175537, ""full_batch_guards"": {""adapter_1"": {""crossfit_feasible"": true, ""crossfit_utility"": 0.06121090054512024, ""crossfit_utility_positive"": true, ""full_batch_cur_after"": 1.0623157024383545, ""full_batch_cur_before"": 1.0632214546203613, ""full_batch_gain"": 0.0009057521820068359, ""full_batch_harm"": 5.201995372772217e-05, ""full_batch_harm_lcb"": -0.0020112578663975, ""full_batch_harm_se"": 0.0010526927653700113, ""full_batch_harm_ucb"": 0.0021152977738529443, ""full_batch_safe"": true}, ""adapter_2"": {""crossfit_feasible"": true, ""crossfit_utility"": -0.20162445306777954, ""crossfit_utility_positive"": false, ""full_batch_cur_after"": 1.3254902362823486, ""full_batch_cur_before"": 1.3275914192199707, ""full_batch_gain"": 0.0021011829376220703, ""full_batch_harm"": -0.00041769910603761673, ""full_batch_harm_lcb"": -0.0032567236805334685, ""full_batch_harm_se"": 0.0014484819257631898, ""full_batch_harm_ucb"": 0.002421325468458235, ""full_batch_safe"": true}, ""default"": {""crossfit_feasible"": true, ""crossfit_utility"": -0.008006632328033447, ""crossfit_utility_positive"": false, ""full_batch_cur_after"": 1.1302623748779297, ""full_batch_cur_before"": 1.12772798538208, ""full_batch_gain"": -0.0025343894958496094, ""full_batch_harm"": 0.00032503437250852585, ""full_batch_harm_lcb"": -0.004336641393601895, ""full_batch_harm_se"": 0.0023784060031175613, ""full_batch_harm_ucb"": 0.004986710138618946, ""full_batch_safe"": true}}, ""guarded_best_reuse"": ""adapter_1"", ""num_adapters"": 3, ""pending_after"": false, ""pending_before"": true, ""policy_version"": ""cau_v1"", ""reason"": ""safe_existing_reuse"", ""utility"": {""batch_n"": 16, ""best_reuse"": ""adapter_1"", ""best_reuse_query_after"": 1.0665170848369598, ""best_reuse_utility"": 0.06121090054512024, ""defer_utility"": 0.0, ""fold_a_fresh_utility"": -0.02058577537536621, ""fold_a_query_n"": 8, ""fold_a_support_n"": 8, ""fold_b_fresh_utility"": 0.06804430484771729, ""fold_b_query_n"": 8, ""fold_b_support_n"": 8, ""fresh_advantage"": -0.0374816358089447, ""fresh_local_trainability"": 0.008363425731658936, ""fresh_positive"": false, ""fresh_query_after"": 1.1039987206459045, ""fresh_query_before"": 1.1123621463775635, ""fresh_utility"": 0.023729264736175537, ""reuse_profiles"": {""adapter_1"": {""feasible_both"": true, ""fold_a_harm"": 0.0009667947888374329, ""fold_a_lcb"": -0.0030570286884903904, ""fold_a_query_after"": 1.169541597366333, ""fold_a_utility"": -0.11313843727111816, ""fold_b_harm"": -0.0004453975707292557, ""fold_b_lcb"": -0.0017839175462722777, ""fold_b_query_after"": 0.9634925723075867, ""fold_b_utility"": 0.23556023836135864, ""harm_lcb_max"": -0.0017839175462722777, ""harm_mean"": 0.0002606986090540886, ""harm_se_mean"": 0.0013679447583854198, ""harm_ucb_max"": 0.004990618266165256, ""local_trainability"": -0.00329551100730896, ""query_after"": 1.0665170848369598, ""query_before"": 1.0632215738296509, ""system_utility"": 0.06121090054512024}, ""adapter_2"": {""feasible_both"": true, ""fold_a_harm"": -0.00010054279118776321, ""fold_a_lcb"": -0.0036907203821465373, ""fold_a_query_after"": 1.3399993181228638, ""fold_a_utility"": -0.2835961580276489, ""fold_b_harm"": 1.5828758478164673e-05, ""fold_b_lcb"": -0.0018138254364021122, ""fold_b_query_after"": 1.3187055587768555, ""fold_b_utility"": -0.11965274810791016, ""harm_lcb_max"": -0.0018138254364021122, ""harm_mean"": -4.235701635479927e-05, ""harm_se_mean"": 0.0013826101494487375, ""harm_ucb_max"": 0.003489634799771011, ""local_trainability"": -0.001761019229888916, ""query_after"": 1.3293524384498596, ""query_before"": 1.3275914192199707, ""system_utility"": -0.20162445306777954}, ""default"": {""feasible_both"": true, ""fold_a_harm"": 6.890296936035156e-05, ""fold_a_lcb"": -0.004162314729765058, ""fold_a_query_after"": 1.0561972856521606, ""fold_a_utility"": 0.00020587444305419922, ""fold_b_harm"": 0.000510847195982933, ""fold_b_lcb"": -0.005940817790105939, ""fold_b_query_after"": 1.2152719497680664, ""fold_b_utility"": -0.016219139099121094, ""harm_lcb_max"": -0.004162314729765058, ""harm_mean"": 0.0002898750826716423, ""harm_se_mean"": 0.0027252251747995615, ""harm_ucb_max"": 0.006962512182071805, ""local_trainability"": -0.008006632328033447, ""query_after"": 1.1357346177101135, ""query_before"": 1.12772798538208, ""system_utility"": -0.008006632328033447}}, ""status"": ""ok"", ""statusquo_loss"": 1.12772798538208}, ""utility_status"": ""ok""}"
54,A2,A,2,default,reuse,safe_existing_reuse,1.0246599912643433,3,True,442368,1778697,0,69176844,740355,17768856,864,38.77009856700897,565467136,0.0,34.47931648418307,2.9387995284050703,1.1135709881782532,0.020082592964172363,0.07886043190956116,-0.058777838945388794,False,,"{""best_reuse"": ""default"", ""best_reuse_utility"": 0.07886043190956116, ""decision"": ""reuse"", ""fresh_advantage"": -0.058777838945388794, ""fresh_positive"": false, ""fresh_utility"": 0.020082592964172363, ""full_batch_guards"": {""adapter_1"": {""crossfit_feasible"": true, ""crossfit_utility"": -0.0013514161109924316, ""crossfit_utility_positive"": false, ""full_batch_cur_after"": 1.1104605197906494, ""full_batch_cur_before"": 1.1135709285736084, ""full_batch_gain"": 0.0031104087829589844, ""full_batch_harm"": -0.0009172642603516579, ""full_batch_harm_lcb"": -0.0025749740353785454, ""full_batch_harm_se"": 0.0008457702933810651, ""full_batch_harm_ucb"": 0.0007404455146752297, ""full_batch_safe"": true}, ""adapter_2"": {""crossfit_feasible"": true, ""crossfit_utility"": -0.31420761346817017, ""crossfit_utility_positive"": false, ""full_batch_cur_after"": 1.4239203929901123, ""full_batch_cur_before"": 1.4244740009307861, ""full_batch_gain"": 0.0005536079406738281, ""full_batch_harm"": -0.0005508773028850555, ""full_batch_harm_lcb"": -0.002016827797051519, ""full_batch_harm_se"": 0.0007479339255951345, ""full_batch_harm_ucb"": 0.000915073191281408, ""full_batch_safe"": true}, ""default"": {""crossfit_feasible"": true, ""crossfit_utility"": 0.07886043190956116, ""crossfit_utility_positive"": true, ""full_batch_cur_after"": 1.0285215377807617, ""full_batch_cur_before"": 1.0319561958312988, ""full_batch_gain"": 0.0034346580505371094, ""full_batch_harm"": 0.0014671077951788902, ""full_batch_harm_lcb"": -0.005515545541420579, ""full_batch_harm_se"": 0.003562578232958913, ""full_batch_harm_ucb"": 0.00844976113177836, ""full_batch_safe"": true}}, ""guarded_best_reuse"": ""default"", ""num_adapters"": 3, ""pending_after"": false, ""pending_before"": false, ""policy_version"": ""cau_v1"", ""reason"": ""safe_existing_reuse"", ""utility"": {""batch_n"": 16, ""best_reuse"": ""default"", ""best_reuse_query_after"": 1.034710556268692, ""best_reuse_utility"": 0.07886043190956116, ""defer_utility"": 0.0, ""fold_a_fresh_utility"": 0.039847731590270996, ""fold_a_query_n"": 8, ""fold_a_support_n"": 8, ""fold_b_fresh_utility"": 0.00031745433807373047, ""fold_b_query_n"": 8, ""fold_b_support_n"": 8, ""fresh_advantage"": -0.058777838945388794, ""fresh_local_trainability"": 0.005007028579711914, ""fresh_positive"": false, ""fresh_query_after"": 1.0934883952140808, ""fresh_query_before"": 1.0984954237937927, ""fresh_utility"": 0.020082592964172363, ""reuse_profiles"": {""adapter_1"": {""feasible_both"": true, ""fold_a_harm"": -0.0003670044243335724, ""fold_a_lcb"": -0.000961060932604596, ""fold_a_query_after"": 1.1159729957580566, ""fold_a_utility"": -0.0018485784530639648, ""fold_b_harm"": -0.0009412039071321487, ""fold_b_lcb"": -0.003020775862969458, ""fold_b_query_after"": 1.1138718128204346, ""fold_b_utility"": -0.0008542537689208984, ""harm_lcb_max"": -0.000961060932604596, ""harm_mean"": -0.0006541041657328606, ""harm_se_mean"": 0.0006820480775786564, ""harm_ucb_max"": 0.0011383680487051604, ""local_trainability"": -0.0013514161109924316, ""query_after"": 1.1149224042892456, ""query_before"": 1.1135709881782532, ""system_utility"": -0.0013514161109924316}, ""adapter_2"": {""feasible_both"": true, ""fold_a_harm"": -0.0001575211063027382, ""fold_a_lcb"": -0.0029093736177310345, ""fold_a_query_after"": 1.6070811748504639, ""fold_a_utility"": -0.4929567575454712, ""fold_b_harm"": -0.000671733170747757, ""fold_b_lcb"": -0.0016011318610981108, ""fold_b_query_after"": 1.2484760284423828, ""fold_b_utility"": -0.13545846939086914, ""harm_lcb_max"": -0.0016011318610981108, ""harm_mean"": -0.0004146271385252476, ""harm_se_mean"": 0.0009390946943312883, ""harm_ucb_max"": 0.002594331405125558, ""local_trainability"": -0.003304719924926758, ""query_after"": 1.4277786016464233, ""query_before"": 1.4244738817214966, ""system_utility"": -0.31420761346817017}, ""default"": {""feasible_both"": true, ""fold_a_harm"": -0.00016905367374420166, ""fold_a_lcb"": -0.00500588814727962, ""fold_a_query_after"": 0.9290979504585266, ""fold_a_utility"": 0.18502646684646606, ""fold_b_harm"": 0.0017040511593222618, ""fold_b_lcb"": -0.00637720400467515, ""fold_b_query_after"": 1.1403231620788574, ""fold_b_utility"": -0.02730560302734375, ""harm_lcb_max"": -0.00500588814727962, ""harm_mean"": 0.0007674987427890301, ""harm_se_mean"": 0.003295431029982865, ""harm_ucb_max"": 0.009785306323319674, ""local_trainability"": -0.0027543604373931885, ""query_after"": 1.034710556268692, ""query_before"": 1.0319561958312988, ""system_utility"": 0.07886043190956116}}, ""status"": ""ok"", ""statusquo_loss"": 1.1135709881782532}, ""utility_status"": ""ok""}"
55,C1,C,1,default,reuse,safe_existing_reuse,1.0688737630844116,3,True,442368,1778697,0,69176844,740355,17768856,880,41.16908599808812,565467136,0.0,35.291242487728596,4.518412176519632,1.0748941898345947,-0.03704047203063965,-0.006612241268157959,-0.03042823076248169,False,,"{""best_reuse"": ""default"", ""best_reuse_utility"": -0.006612241268157959, ""decision"": ""reuse"", ""fresh_advantage"": -0.03042823076248169, ""fresh_positive"": false, ""fresh_utility"": -0.03704047203063965, ""full_batch_guards"": {""adapter_1"": {""crossfit_feasible"": true, ""crossfit_utility"": -0.10964727401733398, ""crossfit_utility_positive"": false, ""full_batch_cur_after"": 1.1776976585388184, ""full_batch_cur_before"": 1.1815285682678223, ""full_batch_gain"": 0.0038309097290039062, ""full_batch_harm"": -0.0014338036999106407, ""full_batch_harm_lcb"": -0.0024945025122724476, ""full_batch_harm_se"": 0.0005411728634499013, ""full_batch_harm_ucb"": -0.0003731048875488341, ""full_batch_safe"": true}, ""adapter_2"": {""crossfit_feasible"": true, ""crossfit_utility"": -0.2334885597229004, ""crossfit_utility_positive"": false, ""full_batch_cur_after"": 1.3018150329589844, ""full_batch_cur_before"": 1.3021430969238281, ""full_batch_gain"": 0.00032806396484375, ""full_batch_harm"": -0.0004325602203607559, ""full_batch_harm_lcb"": -0.0015801202086731792, ""full_batch_harm_se"": 0.000585489789955318, ""full_batch_harm_ucb"": 0.0007149997679516673, ""full_batch_safe"": true}, ""default"": {""crossfit_feasible"": true, ""crossfit_utility"": -0.006612241268157959, ""crossfit_utility_positive"": false, ""full_batch_cur_after"": 1.0742552280426025, ""full_batch_cur_before"": 1.0748941898345947, ""full_batch_gain"": 0.0006389617919921875, ""full_batch_harm"": 0.004898798651993275, ""full_batch_harm_lcb"": -0.001703885141760111, ""full_batch_harm_se"": 0.0033687162213027477, ""full_batch_harm_ucb"": 0.01150148244574666, ""full_batch_safe"": true}}, ""guarded_best_reuse"": ""default"", ""num_adapters"": 3, ""pending_after"": false, ""pending_before"": false, ""policy_version"": ""cau_v1"", ""reason"": ""safe_existing_reuse"", ""utility"": {""batch_n"": 16, ""best_reuse"": ""default"", ""best_reuse_query_after"": 1.0815064311027527, ""best_reuse_utility"": -0.006612241268157959, ""defer_utility"": 0.0, ""fold_a_fresh_utility"": -0.052178144454956055, ""fold_a_query_n"": 8, ""fold_a_support_n"": 8, ""fold_b_fresh_utility"": -0.021902799606323242, ""fold_b_query_n"": 8, ""fold_b_support_n"": 8, ""fresh_advantage"": -0.03042823076248169, ""fresh_local_trainability"": -0.0254172682762146, ""fresh_positive"": false, ""fresh_query_after"": 1.1119346618652344, ""fresh_query_before"": 1.0865173935890198, ""fresh_utility"": -0.03704047203063965, ""reuse_profiles"": {""adapter_1"": {""feasible_both"": true, ""fold_a_harm"": -0.00011371169239282608, ""fold_a_lcb"": -0.002301409160718322, ""fold_a_query_after"": 1.3491392135620117, ""fold_a_utility"": -0.316173791885376, ""fold_b_harm"": -0.0012336289510130882, ""fold_b_lcb"": -0.00221345204859972, ""fold_b_query_after"": 1.0199437141418457, ""fold_b_utility"": 0.09687924385070801, ""harm_lcb_max"": -0.00221345204859972, ""harm_mean"": -0.0006736703217029572, ""harm_se_mean"": 0.0008080409606918693, ""harm_ucb_max"": 0.0020739857759326697, ""local_trainability"": -0.0030128955841064453, ""query_after"": 1.1845414638519287, ""query_before"": 1.1815285682678223, ""system_utility"": -0.10964727401733398}, ""adapter_2"": {""feasible_both"": true, ""fold_a_harm"": -0.0005323588848114014, ""fold_a_lcb"": -0.003054750235751271, ""fold_a_query_after"": 1.172994613647461, ""fold_a_utility"": -0.1400291919708252, ""fold_b_harm"": 0.0006690667942166328, ""fold_b_lcb"": -0.0012892790371552111, ""fold_b_query_after"": 1.4437708854675293, ""fold_b_utility"": -0.3269479274749756, ""harm_lcb_max"": -0.0012892790371552111, ""harm_mean"": 6.835395470261574e-05, ""harm_se_mean"": 0.0011430451995693147, ""harm_ucb_max"": 0.002627412625588477, ""local_trainability"": -0.006239652633666992, ""query_after"": 1.3083827495574951, ""query_before"": 1.3021430969238281, ""system_utility"": -0.2334885597229004}, ""default"": {""feasible_both"": true, ""fold_a_harm"": 0.0042570168152451515, ""fold_a_lcb"": -0.0018507575057446959, ""fold_a_query_after"": 1.0355122089385986, ""fold_a_utility"": -0.0025467872619628906, ""fold_b_harm"": 0.005270818248391151, ""fold_b_lcb"": -0.002279057474806905, ""fold_b_query_after"": 1.1275006532669067, ""fold_b_utility"": -0.010677695274353027, ""harm_lcb_max"": -0.0018507575057446959, ""harm_mean"": 0.0047639175318181515, ""harm_se_mean"": 0.0034840943990275264, ""harm_ucb_max"": 0.012820693971589208, ""local_trainability"": -0.006612241268157959, ""query_after"": 1.0815064311027527, ""query_before"": 1.0748941898345947, ""system_utility"": -0.006612241268157959}}, ""status"": ""ok"", ""statusquo_loss"": 1.0748941898345947}, ""utility_status"": ""ok""}"
56,C1,C,1,adapter_1,reuse,safe_existing_reuse,1.02716064453125,3,True,442368,1778697,0,69176844,740355,17768856,896,42.02003845013678,565467136,0.0,36.134984442964196,4.518412176519632,1.2243635654449463,0.0768250823020935,0.1999061107635498,-0.1230810284614563,False,,"{""best_reuse"": ""adapter_1"", ""best_reuse_utility"": 0.1999061107635498, ""decision"": ""reuse"", ""fresh_advantage"": -0.1230810284614563, ""fresh_positive"": false, ""fresh_utility"": 0.0768250823020935, ""full_batch_guards"": {""adapter_1"": {""crossfit_feasible"": true, ""crossfit_utility"": 0.1999061107635498, ""crossfit_utility_positive"": true, ""full_batch_cur_after"": 1.0156631469726562, ""full_batch_cur_before"": 1.0186409950256348, ""full_batch_gain"": 0.0029778480529785156, ""full_batch_harm"": 0.0010161055251955986, ""full_batch_harm_lcb"": -0.0015709238778799772, ""full_batch_harm_se"": 0.0013199129607528448, ""full_batch_harm_ucb"": 0.0036031349282711744, ""full_batch_safe"": true}, ""adapter_2"": {""crossfit_feasible"": true, ""crossfit_utility"": -0.04512286186218262, ""crossfit_utility_positive"": false, ""full_batch_cur_after"": 1.2621924877166748, ""full_batch_cur_before"": 1.2683348655700684, ""full_batch_gain"": 0.006142377853393555, ""full_batch_harm"": -5.747191607952118e-06, ""full_batch_harm_lcb"": -0.003960883896797896, ""full_batch_harm_se"": 0.0020179268904030323, ""full_batch_harm_ucb"": 0.003949389513581991, ""full_batch_safe"": true}, ""default"": {""crossfit_feasible"": true, ""crossfit_utility"": -0.011074841022491455, ""crossfit_utility_positive"": false, ""full_batch_cur_after"": 1.2275395393371582, ""full_batch_cur_before"": 1.2243635654449463, ""full_batch_gain"": -0.003175973892211914, ""full_batch_harm"": 0.0009425617754459381, ""full_batch_harm_lcb"": -0.0026486403169110415, ""full_batch_harm_se"": 0.001832245965488255, ""full_batch_harm_ucb"": 0.004533763867802918, ""full_batch_safe"": true}}, ""guarded_best_reuse"": ""adapter_1"", ""num_adapters"": 3, ""pending_after"": false, ""pending_before"": false, ""policy_version"": ""cau_v1"", ""reason"": ""safe_existing_reuse"", ""utility"": {""batch_n"": 16, ""best_reuse"": ""adapter_1"", ""best_reuse_query_after"": 1.0244574546813965, ""best_reuse_utility"": 0.1999061107635498, ""defer_utility"": 0.0, ""fold_a_fresh_utility"": 0.15825188159942627, ""fold_a_query_n"": 8, ""fold_a_support_n"": 8, ""fold_b_fresh_utility"": -0.004601716995239258, ""fold_b_query_n"": 8, ""fold_b_support_n"": 8, ""fresh_advantage"": -0.1230810284614563, ""fresh_local_trainability"": -0.014043271541595459, ""fresh_positive"": false, ""fresh_query_after"": 1.1475384831428528, ""fresh_query_before"": 1.1334952116012573, ""fresh_utility"": 0.0768250823020935, ""reuse_profiles"": {""adapter_1"": {""feasible_both"": true, ""fold_a_harm"": -0.0011941632255911827, ""fold_a_lcb"": -0.002241963359992951, ""fold_a_query_after"": 0.8287320137023926, ""fold_a_utility"": 0.530601978302002, ""fold_b_harm"": 0.0024766968563199043, ""fold_b_lcb"": -0.001913618380203843, ""fold_b_query_after"": 1.2201828956604004, ""fold_b_utility"": -0.13078975677490234, ""harm_lcb_max"": -0.001913618380203843, ""harm_mean"": 0.0006412668153643608, ""harm_se_mean"": 0.0013872743293177336, ""harm_ucb_max"": 0.006867012092843652, ""local_trainability"": -0.0058164894580841064, ""query_after"": 1.0244574546813965, ""query_before"": 1.0186409652233124, ""system_utility"": 0.1999061107635498}, ""adapter_2"": {""feasible_both"": true, ""fold_a_harm"": -0.00011199340224266052, ""fold_a_lcb"": -0.0017061549983918667, ""fold_a_query_after"": 1.3047590255737305, ""fold_a_utility"": 0.05457496643066406, ""fold_b_harm"": 0.0005938559770584106, ""fold_b_lcb"": -0.0042313133273273705, ""fold_b_query_after"": 1.2342138290405273, ""fold_b_utility"": -0.1448206901550293, ""harm_lcb_max"": -0.0017061549983918667, ""harm_mean"": 0.00024093128740787506, ""harm_se_mean"": 0.0016375844134017825, ""harm_ucb_max"": 0.005419025281444192, ""local_trainability"": -0.0011515021324157715, ""query_after"": 1.269486427307129, ""query_before"": 1.2683349251747131, ""system_utility"": -0.04512286186218262}, ""default"": {""feasible_both"": true, ""fold_a_harm"": 0.0019894763827323914, ""fold_a_lcb"": -0.00264193894341588, ""fold_a_query_after"": 1.3798441886901855, ""fold_a_utility"": -0.020510196685791016, ""fold_b_harm"": 0.0008855191990733147, ""fold_b_lcb"": -0.002955828486010432, ""fold_b_query_after"": 1.09103262424469, ""fold_b_utility"": -0.0016394853591918945, ""harm_lcb_max"": -0.00264193894341588, ""harm_mean"": 0.001437497790902853, ""harm_se_mean"": 0.002161419135518372, ""harm_ucb_max"": 0.006620891708880663, ""local_trainability"": -0.011074841022491455, ""query_after"": 1.2354384064674377, ""query_before"": 1.2243635654449463, ""system_utility"": -0.011074841022491455}}, ""status"": ""ok"", ""statusquo_loss"": 1.2243635654449463}, ""utility_status"": ""ok""}"
57,C1,C,1,adapter_2,reuse,safe_existing_reuse,1.052598237991333,3,True,442368,1778697,0,69176844,740355,17768856,912,42.89044282399118,565467136,0.0,36.99808660522103,4.518412176519632,1.2898011803627014,0.2018488645553589,0.2194342017173767,-0.017585337162017822,False,,"{""best_reuse"": ""adapter_2"", ""best_reuse_utility"": 0.2194342017173767, ""decision"": ""reuse"", ""fresh_advantage"": -0.017585337162017822, ""fresh_positive"": false, ""fresh_utility"": 0.2018488645553589, ""full_batch_guards"": {""adapter_1"": {""crossfit_feasible"": true, ""crossfit_utility"": 0.0023979544639587402, ""crossfit_utility_positive"": true, ""full_batch_cur_after"": 1.2835533618927002, ""full_batch_cur_before"": 1.2898012399673462, ""full_batch_gain"": 0.006247878074645996, ""full_batch_harm"": -0.0007981071248650551, ""full_batch_harm_lcb"": -0.00294385137502104, ""full_batch_harm_se"": 0.0010947674745693803, ""full_batch_harm_ucb"": 0.00134763712529093, ""full_batch_safe"": true}, ""adapter_2"": {""crossfit_feasible"": true, ""crossfit_utility"": 0.2194342017173767, ""crossfit_utility_positive"": true, ""full_batch_cur_after"": 1.063996434211731, ""full_batch_cur_before"": 1.0660436153411865, ""full_batch_gain"": 0.0020471811294555664, ""full_batch_harm"": 0.0009835120290517807, ""full_batch_harm_lcb"": -0.0013976147258654235, ""full_batch_harm_se"": 0.0012148605892434716, ""full_batch_harm_ucb"": 0.003364638783968985, ""full_batch_safe"": true}, ""default"": {""crossfit_feasible"": true, ""crossfit_utility"": 0.1334935426712036, ""crossfit_utility_positive"": true, ""full_batch_cur_after"": 1.1520105600357056, ""full_batch_cur_before"": 1.1523038148880005, ""full_batch_gain"": 0.0002932548522949219, ""full_batch_harm"": 0.0017116144299507141, ""full_batch_harm_lcb"": -0.0030076447036117317, ""full_batch_harm_se"": 0.0024077852722257376, ""full_batch_harm_ucb"": 0.00643087356351316, ""full_batch_safe"": true}}, ""guarded_best_reuse"": ""adapter_2"", ""num_adapters"": 3, ""pending_after"": false, ""pending_before"": false, ""policy_version"": ""cau_v1"", ""reason"": ""safe_existing_reuse"", ""utility"": {""batch_n"": 16, ""best_reuse"": ""adapter_2"", ""best_reuse_query_after"": 1.0703669786453247, ""best_reuse_utility"": 0.2194342017173767, ""defer_utility"": 0.0, ""fold_a_fresh_utility"": 0.10578322410583496, ""fold_a_query_n"": 8, ""fold_a_support_n"": 8, ""fold_b_fresh_utility"": 0.2979145050048828, ""fold_b_query_n"": 8, ""fold_b_support_n"": 8, ""fresh_advantage"": -0.017585337162017822, ""fresh_local_trainability"": -0.0030179619789123535, ""fresh_positive"": false, ""fresh_query_after"": 1.0879523158073425, ""fresh_query_before"": 1.0849343538284302, ""fresh_utility"": 0.2018488645553589, ""reuse_profiles"": {""adapter_1"": {""feasible_both"": true, ""fold_a_harm"": -0.0010773362591862679, ""fold_a_lcb"": -0.0023910054587759078, ""fold_a_query_after"": 1.2246661186218262, ""fold_a_utility"": 0.003634929656982422, ""fold_b_harm"": -0.0001763300970196724, ""fold_b_lcb"": -0.002974273762665689, ""fold_b_query_after"": 1.3501403331756592, ""fold_b_utility"": 0.0011609792709350586, ""harm_lcb_max"": -0.0023910054587759078, ""harm_mean"": -0.0006268331781029701, ""harm_se_mean"": 0.0010488808329682797, ""harm_ucb_max"": 0.002621613568626344, ""local_trainability"": 0.0023979544639587402, ""query_after"": 1.2874032258987427, ""query_before"": 1.2898011803627014, ""system_utility"": 0.0023979544639587402}, ""adapter_2"": {""feasible_both"": true, ""fold_a_harm"": 0.000727296806871891, ""fold_a_lcb"": -0.0013431776221841571, ""fold_a_query_after"": 0.9993059635162354, ""fold_a_utility"": 0.22899508476257324, ""fold_b_harm"": 0.0020971903577446938, ""fold_b_lcb"": -0.002570886146277189, ""fold_b_query_after"": 1.141427993774414, ""fold_b_utility"": 0.20987331867218018, ""harm_lcb_max"": -0.0013431776221841571, ""harm_mean"": 0.0014122435823082924, ""harm_se_mean"": 0.0017190180951729417, ""harm_ucb_max"": 0.006765266861766576, ""local_trainability"": -0.004323363304138184, ""query_after"": 1.0703669786453247, ""query_before"": 1.0660436153411865, ""system_utility"": 0.2194342017173767}, ""default"": {""feasible_both"": true, ""fold_a_harm"": 0.002612982876598835, ""fold_a_lcb"": -0.0035430625732988117, ""fold_a_query_after"": 1.285457968711853, ""fold_a_utility"": -0.057156920433044434, ""fold_b_harm"": 0.0012742038816213608, ""fold_b_lcb"": -0.00276160603389144, ""fold_b_query_after"": 1.0271573066711426, ""fold_b_utility"": 0.32414400577545166, ""harm_lcb_max"": -0.00276160603389144, ""harm_mean"": 0.0019435933791100979, ""harm_se_mean"": 0.0025999631034210324, ""harm_ucb_max"": 0.00876902832649648, ""local_trainability"": -0.0040038228034973145, ""query_after"": 1.1563076376914978, ""query_before"": 1.1523038148880005, ""system_utility"": 0.1334935426712036}}, ""status"": ""ok"", ""statusquo_loss"": 1.2898011803627014}, ""utility_status"": ""ok""}"
58,C1,C,1,adapter_1,reuse,safe_existing_reuse,1.0111198425292969,3,True,442368,1778697,0,69176844,740355,17768856,928,43.775348300114274,565467136,0.0,37.875571044161916,4.518412176519632,1.4002912044525146,0.2740741968154907,0.38547301292419434,-0.11139881610870361,False,,"{""best_reuse"": ""adapter_1"", ""best_reuse_utility"": 0.38547301292419434, ""decision"": ""reuse"", ""fresh_advantage"": -0.11139881610870361, ""fresh_positive"": false, ""fresh_utility"": 0.2740741968154907, ""full_batch_guards"": {""adapter_1"": {""crossfit_feasible"": true, ""crossfit_utility"": 0.38547301292419434, ""crossfit_utility_positive"": true, ""full_batch_cur_after"": 1.006197214126587, ""full_batch_cur_before"": 1.0105453729629517, ""full_batch_gain"": 0.004348158836364746, ""full_batch_harm"": 0.0005393754690885544, ""full_batch_harm_lcb"": -0.001991266654804349, ""full_batch_harm_se"": 0.0012911439407616854, ""full_batch_harm_ucb"": 0.0030700175929814577, ""full_batch_safe"": true}, ""adapter_2"": {""crossfit_feasible"": true, ""crossfit_utility"": 0.0023202896118164062, ""crossfit_utility_positive"": true, ""full_batch_cur_after"": 1.391352653503418, ""full_batch_cur_before"": 1.4002912044525146, ""full_batch_gain"": 0.00893855094909668, ""full_batch_harm"": -0.0018887948244810104, ""full_batch_harm_lcb"": -0.003911005654372275, ""full_batch_harm_se"": 0.0010317402193322778, ""full_batch_harm_ucb"": 0.00013341600541025376, ""full_batch_safe"": true}, ""default"": {""crossfit_feasible"": true, ""crossfit_utility"": 0.2388373613357544, ""crossfit_utility_positive"": true, ""full_batch_cur_after"": 1.1545699834823608, ""full_batch_cur_before"": 1.1564257144927979, ""full_batch_gain"": 0.0018557310104370117, ""full_batch_harm"": 0.0011062044650316238, ""full_batch_harm_lcb"": -0.003506512911990285, ""full_batch_harm_se"": 0.0023534272331744432, ""full_batch_harm_ucb"": 0.005718921842053533, ""full_batch_safe"": true}}, ""guarded_best_reuse"": ""adapter_1"", ""num_adapters"": 3, ""pending_after"": false, ""pending_before"": false, ""policy_version"": ""cau_v1"", ""reason"": ""safe_existing_reuse"", ""utility"": {""batch_n"": 16, ""best_reuse"": ""adapter_1"", ""best_reuse_query_after"": 1.0148181915283203, ""best_reuse_utility"": 0.38547301292419434, ""defer_utility"": 0.0, ""fold_a_fresh_utility"": 0.10800409317016602, ""fold_a_query_n"": 8, ""fold_a_support_n"": 8, ""fold_b_fresh_utility"": 0.44014430046081543, ""fold_b_query_n"": 8, ""fold_b_support_n"": 8, ""fresh_advantage"": -0.11139881610870361, ""fresh_local_trainability"": 0.010273516178131104, ""fresh_positive"": false, ""fresh_query_after"": 1.126217007637024, ""fresh_query_before"": 1.136490523815155, ""fresh_utility"": 0.2740741968154907, ""reuse_profiles"": {""adapter_1"": {""feasible_both"": true, ""fold_a_harm"": -0.00025046244263648987, ""fold_a_lcb"": -0.002020650149788707, ""fold_a_query_after"": 0.9388109445571899, ""fold_a_utility"": 0.3215426206588745, ""fold_b_harm"": 0.0017275912687182426, ""fold_b_lcb"": -0.002571694850921631, ""fold_b_query_after"": 1.0908254384994507, ""fold_b_utility"": 0.44940340518951416, ""harm_lcb_max"": -0.002020650149788707, ""harm_mean"": 0.0007385644130408764, ""harm_se_mean"": 0.0015483351598959416, ""harm_ucb_max"": 0.006026877388358116, ""local_trainability"": -0.004272758960723877, ""query_after"": 1.0148181915283203, ""query_before"": 1.0105454325675964, ""system_utility"": 0.38547301292419434}, ""adapter_2"": {""feasible_both"": true, ""fold_a_harm"": -0.0015820711851119995, ""fold_a_lcb"": -0.0027882408676669, ""fold_a_query_after"": 1.2575047016143799, ""fold_a_utility"": 0.0028488636016845703, ""fold_b_harm"": -0.0015684347599744797, ""fold_b_lcb"": -0.004445506441406906, ""fold_b_query_after"": 1.5384371280670166, ""fold_b_utility"": 0.0017917156219482422, ""harm_lcb_max"": -0.0027882408676669, ""harm_mean"": -0.0015752529725432396, ""harm_se_mean"": 0.0010416432050988078, ""harm_ucb_max"": 0.0013086369214579461, ""local_trainability"": 0.0023202896118164062, ""query_after"": 1.3979709148406982, ""query_before"": 1.4002912044525146, ""system_utility"": 0.0023202896118164062}, ""default"": {""feasible_both"": true, ""fold_a_harm"": 0.0023299921303987503, ""fold_a_lcb"": -0.004473092351108789, ""fold_a_query_after"": 1.316171646118164, ""fold_a_utility"": -0.05581808090209961, ""fold_b_harm"": 0.0008808169513940811, ""fold_b_lcb"": -0.0027915258798748253, ""fold_b_query_after"": 1.0067360401153564, ""fold_b_utility"": 0.5334928035736084, ""harm_lcb_max"": -0.0027915258798748253, ""harm_mean"": 0.0016054045408964157, ""harm_se_mean"": 0.0026723028859123588, ""harm_ucb_max"": 0.00913307661190629, ""local_trainability"": -0.005028247833251953, ""query_after"": 1.1614538431167603, ""query_before"": 1.1564255952835083, ""system_utility"": 0.2388373613357544}}, ""status"": ""ok"", ""statusquo_loss"": 1.4002912044525146}, ""utility_status"": ""ok""}"
59,C1,C,1,adapter_1,reuse,safe_existing_reuse,1.0658390522003174,3,True,442368,1778697,0,69176844,740355,17768856,944,44.623017109930515,565467136,0.0,38.715705713257194,4.518412176519632,1.0744336247444153,-0.01870661973953247,-0.0011332035064697266,-0.017573416233062744,False,,"{""best_reuse"": ""adapter_1"", ""best_reuse_utility"": -0.0011332035064697266, ""decision"": ""reuse"", ""fresh_advantage"": -0.017573416233062744, ""fresh_positive"": false, ""fresh_utility"": -0.01870661973953247, ""full_batch_guards"": {""adapter_1"": {""crossfit_feasible"": true, ""crossfit_utility"": -0.0011332035064697266, ""crossfit_utility_positive"": false, ""full_batch_cur_after"": 1.0715446472167969, ""full_batch_cur_before"": 1.0744338035583496, ""full_batch_gain"": 0.0028891563415527344, ""full_batch_harm"": -0.00036295875906944275, ""full_batch_harm_lcb"": -0.002514308332465589, ""full_batch_harm_se"": 0.0010976273333653808, ""full_batch_harm_ucb"": 0.0017883908143267037, ""full_batch_safe"": true}, ""adapter_2"": {""crossfit_feasible"": true, ""crossfit_utility"": -0.24675476551055908, ""crossfit_utility_positive"": false, ""full_batch_cur_after"": 1.3178874254226685, ""full_batch_cur_before"": 1.324133276939392, ""full_batch_gain"": 0.006245851516723633, ""full_batch_harm"": -0.001782439649105072, ""full_batch_harm_lcb"": -0.003479685024358332, ""full_batch_harm_se"": 0.0008659415179863572, ""full_batch_harm_ucb"": -8.519427385181191e-05, ""full_batch_safe"": true}, ""default"": {""crossfit_feasible"": true, ""crossfit_utility"": -0.062241435050964355, ""crossfit_utility_positive"": false, ""full_batch_cur_after"": 1.1317789554595947, ""full_batch_cur_before"": 1.1337597370147705, ""full_batch_gain"": 0.0019807815551757812, ""full_batch_harm"": 0.001550154760479927, ""full_batch_harm_lcb"": -0.0028871405962854627, ""full_batch_harm_se"": 0.002263926202431321, ""full_batch_harm_ucb"": 0.005987450117245317, ""full_batch_safe"": true}}, ""guarded_best_reuse"": ""adapter_1"", ""num_adapters"": 3, ""pending_after"": false, ""pending_before"": false, ""policy_version"": ""cau_v1"", ""reason"": ""safe_existing_reuse"", ""utility"": {""batch_n"": 16, ""best_reuse"": ""adapter_1"", ""best_reuse_query_after"": 1.075566828250885, ""best_reuse_utility"": -0.0011332035064697266, ""defer_utility"": 0.0, ""fold_a_fresh_utility"": 0.09170162677764893, ""fold_a_query_n"": 8, ""fold_a_support_n"": 8, ""fold_b_fresh_utility"": -0.12911486625671387, ""fold_b_query_n"": 8, ""fold_b_support_n"": 8, ""fresh_advantage"": -0.017573416233062744, ""fresh_local_trainability"": 0.0176771879196167, ""fresh_positive"": false, ""fresh_query_after"": 1.0931402444839478, ""fresh_query_before"": 1.1108174324035645, ""fresh_utility"": -0.01870661973953247, ""reuse_profiles"": {""adapter_1"": {""feasible_both"": true, ""fold_a_harm"": 0.0008743824437260628, ""fold_a_lcb"": -0.0023533466318622232, ""fold_a_query_after"": 1.1708166599273682, ""fold_a_utility"": -0.0030213594436645508, ""fold_b_harm"": -0.0005839578807353973, ""fold_b_lcb"": -0.002503900653682649, ""fold_b_query_after"": 0.9803169965744019, ""fold_b_utility"": 0.0007549524307250977, ""harm_lcb_max"": -0.0023533466318622232, ""harm_mean"": 0.00014521228149533272, ""harm_se_mean"": 0.0013131815940141678, ""harm_ucb_max"": 0.004102111519314349, ""local_trainability"": -0.0011332035064697266, ""query_after"": 1.075566828250885, ""query_before"": 1.0744336247444153, ""system_utility"": -0.0011332035064697266}, ""adapter_2"": {""feasible_both"": true, ""fold_a_harm"": -0.0018254779279232025, ""fold_a_lcb"": -0.004142331252805888, ""fold_a_query_after"": 1.3210430145263672, ""fold_a_utility"": -0.15324771404266357, ""fold_b_harm"": -0.001491304486989975, ""fold_b_lcb"": -0.002469605435617268, ""fold_b_query_after"": 1.3213337659835815, ""fold_b_utility"": -0.3402618169784546, ""harm_lcb_max"": -0.002469605435617268, ""harm_mean"": -0.0016583912074565887, ""harm_se_mean"": 0.0008406005799770355, ""harm_ucb_max"": 0.0004913753969594836, ""local_trainability"": 0.0029449462890625, ""query_after"": 1.3211883902549744, ""query_before"": 1.3241333365440369, ""system_utility"": -0.24675476551055908}, ""default"": {""feasible_both"": true, ""fold_a_harm"": 0.0012191114947199821, ""fold_a_lcb"": -0.0028625901509076353, ""fold_a_query_after"": 1.0525121688842773, ""fold_a_utility"": 0.11528313159942627, ""fold_b_harm"": 0.0022986168041825294, ""fold_b_lcb"": -0.0033868945483118296, ""fold_b_query_after"": 1.220837950706482, ""fold_b_utility"": -0.23976600170135498, ""harm_lcb_max"": -0.0028625901509076353, ""harm_mean"": 0.0017588641494512558, ""harm_se_mean"": 0.0024916359689086676, ""harm_ucb_max"": 0.007984128156676889, ""local_trainability"": -0.002915322780609131, ""query_after"": 1.1366750597953796, ""query_before"": 1.1337597370147705, ""system_utility"": -0.062241435050964355}}, ""status"": ""ok"", ""statusquo_loss"": 1.0744336247444153}, ""utility_status"": ""ok""}"
60,C1,C,1,default,reuse,safe_existing_reuse,1.0606489181518555,3,True,442368,1778697,0,69176844,740355,17768856,960,45.51250424422324,565467136,0.0,39.59718385152519,4.518412176519632,1.3096247911453247,0.20508265495300293,0.23467448353767395,-0.02959182858467102,False,,"{""best_reuse"": ""default"", ""best_reuse_utility"": 0.23467448353767395, ""decision"": ""reuse"", ""fresh_advantage"": -0.02959182858467102, ""fresh_positive"": false, ""fresh_utility"": 0.20508265495300293, ""full_batch_guards"": {""adapter_1"": {""crossfit_feasible"": true, ""crossfit_utility"": -9.882450103759766e-05, ""crossfit_utility_positive"": false, ""full_batch_cur_after"": 1.3036370277404785, ""full_batch_cur_before"": 1.3096247911453247, ""full_batch_gain"": 0.005987763404846191, ""full_batch_harm"": -0.0016143182292580605, ""full_batch_harm_lcb"": -0.004201442780904472, ""full_batch_harm_se"": 0.0013199615059420466, ""full_batch_harm_ucb"": 0.0009728063223883509, ""full_batch_safe"": true}, ""adapter_2"": {""crossfit_feasible"": true, ""crossfit_utility"": 0.09838062524795532, ""crossfit_utility_positive"": true, ""full_batch_cur_after"": 1.201985239982605, ""full_batch_cur_before"": 1.2080199718475342, ""full_batch_gain"": 0.006034731864929199, ""full_batch_harm"": -0.0007622893899679184, ""full_batch_harm_lcb"": -0.0021290195477195084, ""full_batch_harm_se"": 0.000697311304975301, ""full_batch_harm_ucb"": 0.0006044407677836716, ""full_batch_safe"": true}, ""default"": {""crossfit_feasible"": true, ""crossfit_utility"": 0.23467448353767395, ""crossfit_utility_positive"": true, ""full_batch_cur_after"": 1.0654622316360474, ""full_batch_cur_before"": 1.0683300495147705, ""full_batch_gain"": 0.0028678178787231445, ""full_batch_harm"": 0.0021725771948695183, ""full_batch_harm_lcb"": -0.0033779381867498157, ""full_batch_harm_se"": 0.0028318956028670073, ""full_batch_harm_ucb"": 0.007723092576488852, ""full_batch_safe"": true}}, ""guarded_best_reuse"": ""default"", ""num_adapters"": 3, ""pending_after"": false, ""pending_before"": false, ""policy_version"": ""cau_v1"", ""reason"": ""safe_existing_reuse"", ""utility"": {""batch_n"": 16, ""best_reuse"": ""default"", ""best_reuse_query_after"": 1.0749503076076508, ""best_reuse_utility"": 0.23467448353767395, ""defer_utility"": 0.0, ""fold_a_fresh_utility"": -0.024482250213623047, ""fold_a_query_n"": 8, ""fold_a_support_n"": 8, ""fold_b_fresh_utility"": 0.4346475601196289, ""fold_b_query_n"": 8, ""fold_b_support_n"": 8, ""fresh_advantage"": -0.02959182858467102, ""fresh_local_trainability"": -0.03528428077697754, ""fresh_positive"": false, ""fresh_query_after"": 1.1045421361923218, ""fresh_query_before"": 1.0692578554153442, ""fresh_utility"": 0.20508265495300293, ""reuse_profiles"": {""adapter_1"": {""feasible_both"": true, ""fold_a_harm"": -0.001512276940047741, ""fold_a_lcb"": -0.004037050656042993, ""fold_a_query_after"": 1.1071885824203491, ""fold_a_utility"": 0.0023154020309448242, ""fold_b_harm"": -0.0010304469615221024, ""fold_b_lcb"": -0.002931399152148515, ""fold_b_query_after"": 1.5122586488723755, ""fold_b_utility"": -0.0025130510330200195, ""harm_lcb_max"": -0.002931399152148515, ""harm_mean"": -0.0012713619507849216, ""harm_se_mean"": 0.0011290117108728737, ""harm_ucb_max"": 0.001012496775947511, ""local_trainability"": -9.882450103759766e-05, ""query_after"": 1.3097236156463623, ""query_before"": 1.3096247911453247, ""system_utility"": -9.882450103759766e-05}, ""adapter_2"": {""feasible_both"": true, ""fold_a_harm"": 0.0005332212895154953, ""fold_a_lcb"": -0.0022217663330957294, ""fold_a_query_after"": 1.287878394126892, ""fold_a_utility"": -0.17837440967559814, ""fold_b_harm"": -0.0013160621747374535, ""fold_b_lcb"": -0.002812189939431846, ""fold_b_query_after"": 1.1346099376678467, ""fold_b_utility"": 0.3751356601715088, ""harm_lcb_max"": -0.0022217663330957294, ""harm_mean"": -0.0003914204426109791, ""harm_se_mean"": 0.0010844682110473514, ""harm_ucb_max"": 0.00328820891212672, ""local_trainability"": -0.003224313259124756, ""query_after"": 1.2112441658973694, ""query_before"": 1.2080198526382446, ""system_utility"": 0.09838062524795532}, ""default"": {""feasible_both"": true, ""fold_a_harm"": 0.002890201285481453, ""fold_a_lcb"": -0.004073271742090582, ""fold_a_query_after"": 1.1585180759429932, ""fold_a_utility"": -0.04901409149169922, ""fold_b_harm"": 0.0014656921848654747, ""fold_b_lcb"": -0.0024978559277951716, ""fold_b_query_after"": 0.9913825392723083, ""fold_b_utility"": 0.5183630585670471, ""harm_lcb_max"": -0.0024978559277951716, ""harm_mean"": 0.002177946735173464, ""harm_se_mean"": 0.0027875053929165006, ""harm_ucb_max"": 0.00985367431305349, ""local_trainability"": -0.006620258092880249, ""query_after"": 1.0749503076076508, ""query_before"": 1.0683300495147705, ""system_utility"": 0.23467448353767395}}, ""status"": ""ok"", ""statusquo_loss"": 1.3096247911453247}, ""utility_status"": ""ok""}"
61,C1,C,1,adapter_1,reuse,safe_existing_reuse,1.0201890468597412,3,True,442368,1778697,0,69176844,740355,17768856,976,46.39089094661176,565467136,0.0,40.46743815019727,4.518412176519632,1.335060477256775,0.22162532806396484,0.30696573853492737,-0.08534041047096252,False,,"{""best_reuse"": ""adapter_1"", ""best_reuse_utility"": 0.30696573853492737, ""decision"": ""reuse"", ""fresh_advantage"": -0.08534041047096252, ""fresh_positive"": false, ""fresh_utility"": 0.22162532806396484, ""full_batch_guards"": {""adapter_1"": {""crossfit_feasible"": true, ""crossfit_utility"": 0.30696573853492737, ""crossfit_utility_positive"": true, ""full_batch_cur_after"": 1.0236035585403442, ""full_batch_cur_before"": 1.0273516178131104, ""full_batch_gain"": 0.0037480592727661133, ""full_batch_harm"": -0.00012447219341993332, ""full_batch_harm_lcb"": -0.002120220996439457, ""full_batch_harm_se"": 0.0010182391852140427, ""full_batch_harm_ucb"": 0.0018712766095995903, ""full_batch_safe"": true}, ""adapter_2"": {""crossfit_feasible"": true, ""crossfit_utility"": 0.1694846749305725, ""crossfit_utility_positive"": true, ""full_batch_cur_after"": 1.1610432863235474, ""full_batch_cur_before"": 1.1701440811157227, ""full_batch_gain"": 0.009100794792175293, ""full_batch_harm"": -0.0013934643939137459, ""full_batch_harm_lcb"": -0.004771614917553961, ""full_batch_harm_se"": 0.0017235461855307221, ""full_batch_harm_ucb"": 0.0019846861297264694, ""full_batch_safe"": true}, ""default"": {""crossfit_feasible"": true, ""crossfit_utility"": -0.004599153995513916, ""crossfit_utility_positive"": false, ""full_batch_cur_after"": 1.3349841833114624, ""full_batch_cur_before"": 1.3350605964660645, ""full_batch_gain"": 7.641315460205078e-05, ""full_batch_harm"": 0.0004680389538407326, ""full_batch_harm_lcb"": -0.0016915654996410012, ""full_batch_harm_se"": 0.0011018390068784356, ""full_batch_harm_ucb"": 0.0026276434073224664, ""full_batch_safe"": true}}, ""guarded_best_reuse"": ""adapter_1"", ""num_adapters"": 3, ""pending_after"": false, ""pending_before"": false, ""policy_version"": ""cau_v1"", ""reason"": ""safe_existing_reuse"", ""utility"": {""batch_n"": 16, ""best_reuse"": ""adapter_1"", ""best_reuse_query_after"": 1.0280947387218475, ""best_reuse_utility"": 0.30696573853492737, ""defer_utility"": 0.0, ""fold_a_fresh_utility"": 0.2314128875732422, ""fold_a_query_n"": 8, ""fold_a_support_n"": 8, ""fold_b_fresh_utility"": 0.2118377685546875, ""fold_b_query_n"": 8, ""fold_b_support_n"": 8, ""fresh_advantage"": -0.08534041047096252, ""fresh_local_trainability"": 0.04007059335708618, ""fresh_positive"": false, ""fresh_query_after"": 1.11343514919281, ""fresh_query_before"": 1.1535057425498962, ""fresh_utility"": 0.22162532806396484, ""reuse_profiles"": {""adapter_1"": {""feasible_both"": true, ""fold_a_harm"": 0.0005712937563657761, ""fold_a_lcb"": -0.002398054013028741, ""fold_a_query_after"": 1.1345438957214355, ""fold_a_utility"": 0.19492173194885254, ""fold_b_harm"": -0.0009003058075904846, ""fold_b_lcb"": -0.0015748111170250923, ""fold_b_query_after"": 0.9216455817222595, ""fold_b_utility"": 0.4190097451210022, ""harm_lcb_max"": -0.0015748111170250923, ""harm_mean"": -0.00016450602561235428, ""harm_se_mean"": 0.0009295543568441644, ""harm_ucb_max"": 0.003540641525760293, ""local_trainability"": -0.0007431209087371826, ""query_after"": 1.0280947387218475, ""query_before"": 1.0273516178131104, ""system_utility"": 0.30696573853492737}, ""adapter_2"": {""feasible_both"": true, ""fold_a_harm"": -0.0014954479411244392, ""fold_a_lcb"": -0.004429209460504353, ""fold_a_query_after"": 1.0516507625579834, ""fold_a_utility"": 0.2778148651123047, ""fold_b_harm"": -0.0006196806207299232, ""fold_b_lcb"": -0.0039006221620365975, ""fold_b_query_after"": 1.2795008420944214, ""fold_b_utility"": 0.06115448474884033, ""harm_lcb_max"": -0.0039006221620365975, ""harm_mean"": -0.0010575642809271812, ""harm_se_mean"": 0.0015853834338486195, ""harm_ucb_max"": 0.002661260920576751, ""local_trainability"": 0.0045683979988098145, ""query_after"": 1.1655758023262024, ""query_before"": 1.1701442003250122, ""system_utility"": 0.1694846749305725}, ""default"": {""feasible_both"": true, ""fold_a_harm"": 0.0004896633327007294, ""fold_a_lcb"": -0.0017867954308167099, ""fold_a_query_after"": 1.3316909074783325, ""fold_a_utility"": -0.0022252798080444336, ""fold_b_harm"": 0.0007357476279139519, ""fold_b_lcb"": -0.0023331679869443176, ""fold_b_query_after"": 1.3476283550262451, ""fold_b_utility"": -0.0069730281829833984, ""harm_lcb_max"": -0.0017867954308167099, ""harm_mean"": 0.0006127054803073406, ""harm_se_mean"": 0.0013636159128509462, ""harm_ucb_max"": 0.0038046632427722214, ""local_trainability"": -0.004599153995513916, ""query_after"": 1.3396596312522888, ""query_before"": 1.335060477256775, ""system_utility"": -0.004599153995513916}}, ""status"": ""ok"", ""statusquo_loss"": 1.335060477256775}, ""utility_status"": ""ok""}"
62,C1,C,1,adapter_2,reuse,safe_existing_reuse,0.8939892053604126,3,True,442368,1778697,0,69176844,740355,17768856,992,47.25464673899114,565467136,0.0,41.32341814599931,4.518412176519632,1.4836307168006897,0.4785999655723572,0.5854165256023407,-0.10681656002998352,False,,"{""best_reuse"": ""adapter_2"", ""best_reuse_utility"": 0.5854165256023407, ""decision"": ""reuse"", ""fresh_advantage"": -0.10681656002998352, ""fresh_positive"": false, ""fresh_utility"": 0.4785999655723572, ""full_batch_guards"": {""adapter_1"": {""crossfit_feasible"": true, ""crossfit_utility"": 0.007133841514587402, ""crossfit_utility_positive"": true, ""full_batch_cur_after"": 1.4737539291381836, ""full_batch_cur_before"": 1.483630657196045, ""full_batch_gain"": 0.009876728057861328, ""full_batch_harm"": -0.001444241963326931, ""full_batch_harm_lcb"": -0.003441884610801935, ""full_batch_harm_se"": 0.0010192054323852062, ""full_batch_harm_ucb"": 0.0005534006841480732, ""full_batch_safe"": true}, ""adapter_2"": {""crossfit_feasible"": true, ""crossfit_utility"": 0.5854165256023407, ""crossfit_utility_positive"": true, ""full_batch_cur_after"": 0.8928778171539307, ""full_batch_cur_before"": 0.9029736518859863, ""full_batch_gain"": 0.010095834732055664, ""full_batch_harm"": 0.0024327849969267845, ""full_batch_harm_lcb"": -0.002075331471860409, ""full_batch_harm_se"": 0.002300059422850609, ""full_batch_harm_ucb"": 0.006940901465713978, ""full_batch_safe"": true}, ""default"": {""crossfit_feasible"": true, ""crossfit_utility"": 0.3377644419670105, ""crossfit_utility_positive"": true, ""full_batch_cur_after"": 1.1433134078979492, ""full_batch_cur_before"": 1.1577662229537964, ""full_batch_gain"": 0.014452815055847168, ""full_batch_harm"": 0.0018272614106535912, ""full_batch_harm_lcb"": -0.0038798365741968153, ""full_batch_harm_se"": 0.0029117846861481667, ""full_batch_harm_ucb"": 0.007534359395503998, ""full_batch_safe"": true}}, ""guarded_best_reuse"": ""adapter_2"", ""num_adapters"": 3, ""pending_after"": false, ""pending_before"": false, ""policy_version"": ""cau_v1"", ""reason"": ""safe_existing_reuse"", ""utility"": {""batch_n"": 16, ""best_reuse"": ""adapter_2"", ""best_reuse_query_after"": 0.898214191198349, ""best_reuse_utility"": 0.5854165256023407, ""defer_utility"": 0.0, ""fold_a_fresh_utility"": 0.5007038116455078, ""fold_a_query_n"": 8, ""fold_a_support_n"": 8, ""fold_b_fresh_utility"": 0.45649611949920654, ""fold_b_query_n"": 8, ""fold_b_support_n"": 8, ""fresh_advantage"": -0.10681656002998352, ""fresh_local_trainability"": 0.05618685483932495, ""fresh_positive"": false, ""fresh_query_after"": 1.0050307512283325, ""fresh_query_before"": 1.0612176060676575, ""fresh_utility"": 0.4785999655723572, ""reuse_profiles"": {""adapter_1"": {""feasible_both"": true, ""fold_a_harm"": -0.0014923447743058205, ""fold_a_lcb"": -0.0031136153847910464, ""fold_a_query_after"": 1.4972387552261353, ""fold_a_utility"": 0.009418368339538574, ""fold_b_harm"": -0.0013331491500139236, ""fold_b_lcb"": -0.003565349681302905, ""fold_b_query_after"": 1.4557549953460693, ""fold_b_utility"": 0.0048493146896362305, ""harm_lcb_max"": -0.0031136153847910464, ""harm_mean"": -0.001412746962159872, ""harm_se_mean"": 0.0009830283524934202, ""harm_ucb_max"": 0.0008990513812750576, ""local_trainability"": 0.007133841514587402, ""query_after"": 1.4764968752861023, ""query_before"": 1.4836307168006897, ""system_utility"": 0.007133841514587402}, ""adapter_2"": {""feasible_both"": true, ""fold_a_harm"": 0.001017104834318161, ""fold_a_lcb"": -0.002075874242000282, ""fold_a_query_after"": 0.7835673689842224, ""fold_a_utility"": 0.7230897545814514, ""fold_b_harm"": 0.0026439744979143143, ""fold_b_lcb"": -0.002186359753832221, ""fold_b_query_after"": 1.0128610134124756, ""fold_b_utility"": 0.44774329662323, ""harm_lcb_max"": -0.002075874242000282, ""harm_mean"": 0.0018305396661162376, ""harm_se_mean"": 0.002021253400016576, ""harm_ucb_max"": 0.00747430874966085, ""local_trainability"": 0.004759460687637329, ""query_after"": 0.898214191198349, ""query_before"": 0.9029736518859863, ""system_utility"": 0.5854165256023407}, ""default"": {""feasible_both"": true, ""fold_a_harm"": 0.0020868508145213127, ""fold_a_lcb"": -0.003911358444020152, ""fold_a_query_after"": 1.2349960803985596, ""fold_a_utility"": 0.27166104316711426, ""fold_b_harm"": 0.0015571555122733116, ""fold_b_lcb"": -0.0037219231296330693, ""fold_b_query_after"": 1.0567364692687988, ""fold_b_utility"": 0.40386784076690674, ""harm_lcb_max"": -0.0037219231296330693, ""harm_mean"": 0.0018220031633973122, ""harm_se_mean"": 0.0028768591582775116, ""harm_ucb_max"": 0.008085060073062776, ""local_trainability"": 0.011899948120117188, ""query_after"": 1.1458662748336792, ""query_before"": 1.1577662229537964, ""system_utility"": 0.3377644419670105}}, ""status"": ""ok"", ""statusquo_loss"": 1.4836307168006897}, ""utility_status"": ""ok""}"
63,C1,C,1,default,reuse,safe_existing_reuse,1.0124099254608154,3,True,442368,1778697,0,69176844,740355,17768856,1008,48.150058129802346,565467136,0.0,42.21083736978471,4.518412176519632,1.4592393040657043,0.40299397706985474,0.4518152177333832,-0.04882124066352844,False,,"{""best_reuse"": ""default"", ""best_reuse_utility"": 0.4518152177333832, ""decision"": ""reuse"", ""fresh_advantage"": -0.04882124066352844, ""fresh_positive"": false, ""fresh_utility"": 0.40299397706985474, ""full_batch_guards"": {""adapter_1"": {""crossfit_feasible"": true, ""crossfit_utility"": 0.27302688360214233, ""crossfit_utility_positive"": true, ""full_batch_cur_after"": 1.1844313144683838, ""full_batch_cur_before"": 1.1877949237823486, ""full_batch_gain"": 0.0033636093139648438, ""full_batch_harm"": -0.0011403942480683327, ""full_batch_harm_lcb"": -0.0025636286241933703, ""full_batch_harm_se"": 0.0007261399878188968, ""full_batch_harm_ucb"": 0.0002828401280567049, ""full_batch_safe"": true}, ""adapter_2"": {""crossfit_feasible"": true, ""crossfit_utility"": 0.00573652982711792, ""crossfit_utility_positive"": true, ""full_batch_cur_after"": 1.451749563217163, ""full_batch_cur_before"": 1.4592392444610596, ""full_batch_gain"": 0.007489681243896484, ""full_batch_harm"": -0.0010592220351099968, ""full_batch_harm_lcb"": -0.003727837800979614, ""full_batch_harm_se"": 0.0013615386560559273, ""full_batch_harm_ucb"": 0.0016093937307596205, ""full_batch_safe"": true}, ""default"": {""crossfit_feasible"": true, ""crossfit_utility"": 0.4518152177333832, ""crossfit_utility_positive"": true, ""full_batch_cur_after"": 1.004578709602356, ""full_batch_cur_before"": 1.0085630416870117, ""full_batch_gain"": 0.003984332084655762, ""full_batch_harm"": 0.0018327776342630386, ""full_batch_harm_lcb"": -0.004019001852720976, ""full_batch_harm_se"": 0.002985601779073477, ""full_batch_harm_ucb"": 0.007684557121247053, ""full_batch_safe"": true}}, ""guarded_best_reuse"": ""default"", ""num_adapters"": 3, ""pending_after"": false, ""pending_before"": false, ""policy_version"": ""cau_v1"", ""reason"": ""safe_existing_reuse"", ""utility"": {""batch_n"": 16, ""best_reuse"": ""default"", ""best_reuse_query_after"": 1.0074240863323212, ""best_reuse_utility"": 0.4518152177333832, ""defer_utility"": 0.0, ""fold_a_fresh_utility"": 0.35372090339660645, ""fold_a_query_n"": 8, ""fold_a_support_n"": 8, ""fold_b_fresh_utility"": 0.452267050743103, ""fold_b_query_n"": 8, ""fold_b_support_n"": 8, ""fresh_advantage"": -0.04882124066352844, ""fresh_local_trainability"": 0.035343289375305176, ""fresh_positive"": false, ""fresh_query_after"": 1.0562453269958496, ""fresh_query_before"": 1.0915886163711548, ""fresh_utility"": 0.40299397706985474, ""reuse_profiles"": {""adapter_1"": {""feasible_both"": true, ""fold_a_harm"": -0.0011479007080197334, ""fold_a_lcb"": -0.002557898024097085, ""fold_a_query_after"": 1.1709105968475342, ""fold_a_utility"": 0.2516148090362549, ""fold_b_harm"": -0.0009278552606701851, ""fold_b_lcb"": -0.0020056535489857198, ""fold_b_query_after"": 1.2015142440795898, ""fold_b_utility"": 0.2944389581680298, ""harm_lcb_max"": -0.0020056535489857198, ""harm_mean"": -0.0010378779843449593, ""harm_se_mean"": 0.0006346417358145118, ""harm_ucb_max"": 0.0002620966080576182, ""local_trainability"": 0.0015823841094970703, ""query_after"": 1.186212420463562, ""query_before"": 1.187794804573059, ""system_utility"": 0.27302688360214233}, ""adapter_2"": {""feasible_both"": true, ""fold_a_harm"": -0.0010241968557238579, ""fold_a_lcb"": -0.003865675670094788, ""fold_a_query_after"": 1.4176628589630127, ""fold_a_utility"": 0.004862546920776367, ""fold_b_harm"": -0.0009060436859726906, ""fold_b_lcb"": -0.0032110111974179745, ""fold_b_query_after"": 1.4893426895141602, ""fold_b_utility"": 0.006610512733459473, ""harm_lcb_max"": -0.0032110111974179745, ""harm_mean"": -0.0009651202708482742, ""harm_se_mean"": 0.0013128689606674016, ""harm_ucb_max"": 0.0018172819586470723, ""local_trainability"": 0.00573652982711792, ""query_after"": 1.4535027742385864, ""query_before"": 1.4592393040657043, ""system_utility"": 0.00573652982711792}, ""default"": {""feasible_both"": true, ""fold_a_harm"": 0.001973399892449379, ""fold_a_lcb"": -0.0041607915051281455, ""fold_a_query_after"": 1.0612294673919678, ""fold_a_utility"": 0.3612959384918213, ""fold_b_harm"": 0.001371709629893303, ""fold_b_lcb"": -0.003137406697496772, ""fold_b_query_after"": 0.9536187052726746, ""fold_b_utility"": 0.5423344969749451, ""harm_lcb_max"": -0.003137406697496772, ""harm_mean"": 0.001672554761171341, ""harm_se_mean"": 0.002715129521675408, ""harm_ucb_max"": 0.008107591290026903, ""local_trainability"": 0.0011389851570129395, ""query_after"": 1.0074240863323212, ""query_before"": 1.008563071489334, ""system_utility"": 0.4518152177333832}}, ""status"": ""ok"", ""statusquo_loss"": 1.4592393040657043}, ""utility_status"": ""ok""}"
64,C1,C,1,adapter_1,reuse,safe_existing_reuse,1.0665613412857056,3,True,442368,1778697,0,69176844,740355,17768856,1024,49.03587595745921,565467136,0.0,43.08865458145738,4.518412176519632,1.133680820465088,-0.0015246868133544922,0.06793296337127686,-0.06945765018463135,False,,"{""best_reuse"": ""adapter_1"", ""best_reuse_utility"": 0.06793296337127686, ""decision"": ""reuse"", ""fresh_advantage"": -0.06945765018463135, ""fresh_positive"": false, ""fresh_utility"": -0.0015246868133544922, ""full_batch_guards"": {""adapter_1"": {""crossfit_feasible"": true, ""crossfit_utility"": 0.06793296337127686, ""crossfit_utility_positive"": true, ""full_batch_cur_after"": 1.0564494132995605, ""full_batch_cur_before"": 1.0586482286453247, ""full_batch_gain"": 0.00219881534576416, ""full_batch_harm"": -0.0007893769070506096, ""full_batch_harm_lcb"": -0.002126456305850297, ""full_batch_harm_se"": 0.0006821833667345345, ""full_batch_harm_ucb"": 0.000547702491749078, ""full_batch_safe"": true}, ""adapter_2"": {""crossfit_feasible"": true, ""crossfit_utility"": -0.260295033454895, ""crossfit_utility_positive"": false, ""full_batch_cur_after"": 1.3858709335327148, ""full_batch_cur_before"": 1.3865242004394531, ""full_batch_gain"": 0.0006532669067382812, ""full_batch_harm"": -0.0008842237293720245, ""full_batch_harm_lcb"": -0.002112496173940599, ""full_batch_harm_se"": 0.0006266696145758033, ""full_batch_harm_ucb"": 0.0003440487151965498, ""full_batch_safe"": true}, ""default"": {""crossfit_feasible"": true, ""crossfit_utility"": -0.007908225059509277, ""crossfit_utility_positive"": false, ""full_batch_cur_after"": 1.132805585861206, ""full_batch_cur_before"": 1.133680820465088, ""full_batch_gain"": 0.0008752346038818359, ""full_batch_harm"": 0.00042560696601867676, ""full_batch_harm_lcb"": -0.003731553656980395, ""full_batch_harm_se"": 0.0021210003178566694, ""full_batch_harm_ucb"": 0.004582767589017748, ""full_batch_safe"": true}}, ""guarded_best_reuse"": ""adapter_1"", ""num_adapters"": 3, ""pending_after"": false, ""pending_before"": false, ""policy_version"": ""cau_v1"", ""reason"": ""safe_existing_reuse"", ""utility"": {""batch_n"": 16, ""best_reuse"": ""adapter_1"", ""best_reuse_query_after"": 1.065747857093811, ""best_reuse_utility"": 0.06793296337127686, ""defer_utility"": 0.0, ""fold_a_fresh_utility"": 0.13166332244873047, ""fold_a_query_n"": 8, ""fold_a_support_n"": 8, ""fold_b_fresh_utility"": -0.13471269607543945, ""fold_b_query_n"": 8, ""fold_b_support_n"": 8, ""fresh_advantage"": -0.06945765018463135, ""fresh_local_trainability"": -0.0173875093460083, ""fresh_positive"": false, ""fresh_query_after"": 1.1352055072784424, ""fresh_query_before"": 1.117817997932434, ""fresh_utility"": -0.0015246868133544922, ""reuse_profiles"": {""adapter_1"": {""feasible_both"": true, ""fold_a_harm"": -0.0006467970088124275, ""fold_a_lcb"": -0.0025576832122169435, ""fold_a_query_after"": 1.029732346534729, ""fold_a_utility"": 0.23112928867340088, ""fold_b_harm"": -0.0007851365953683853, ""fold_b_lcb"": -0.0032314179884269834, ""fold_b_query_after"": 1.101763367652893, ""fold_b_utility"": -0.09526336193084717, ""harm_lcb_max"": -0.0025576832122169435, ""harm_mean"": -0.0007159668020904064, ""harm_se_mean"": 0.0011115223460365087, ""harm_ucb_max"": 0.0016611447976902127, ""local_trainability"": -0.0070996880531311035, ""query_after"": 1.065747857093811, ""query_before"": 1.05864816904068, ""system_utility"": 0.06793296337127686}, ""adapter_2"": {""feasible_both"": true, ""fold_a_harm"": -0.0011516949161887169, ""fold_a_lcb"": -0.0033083620853722093, ""fold_a_query_after"": 1.187063455581665, ""fold_a_utility"": 0.07379817962646484, ""fold_b_harm"": 0.00033627450466156006, ""fold_b_lcb"": -0.0012777427956461905, ""fold_b_query_after"": 1.6008882522583008, ""fold_b_utility"": -0.5943882465362549, ""harm_lcb_max"": -0.0012777427956461905, ""harm_mean"": -0.0004077102057635784, ""harm_se_mean"": 0.0009619093034416437, ""harm_ucb_max"": 0.0019502918049693107, ""local_trainability"": -0.007451653480529785, ""query_after"": 1.393975853919983, ""query_before"": 1.3865242004394531, ""system_utility"": -0.260295033454895}, ""default"": {""feasible_both"": true, ""fold_a_harm"": 0.0007042409852147102, ""fold_a_lcb"": -0.0057310885656625035, ""fold_a_query_after"": 1.2776436805725098, ""fold_a_utility"": -0.016782045364379883, ""fold_b_harm"": 0.0008605467155575752, ""fold_b_lcb"": -0.001969829834997654, ""fold_b_query_after"": 1.0055344104766846, ""fold_b_utility"": 0.0009655952453613281, ""harm_lcb_max"": -0.001969829834997654, ""harm_mean"": 0.0007823938503861427, ""harm_se_mean"": 0.0023637005360797048, ""harm_ucb_max"": 0.007139570536091924, ""local_trainability"": -0.007908225059509277, ""query_after"": 1.1415890455245972, ""query_before"": 1.133680820465088, ""system_utility"": -0.007908225059509277}}, ""status"": ""ok"", ""statusquo_loss"": 1.133680820465088}, ""utility_status"": ""ok""}"
65,C1,C,1,adapter_1,reuse,pending_fresh_safe_existing_reuse,1.1496474742889404,3,True,442368,1778697,0,69176844,740355,17768856,1040,49.936390271410346,565467136,0.0,43.980960020795465,4.518412176519632,1.14423406124115,0.03751540184020996,0.000946044921875,0.03656935691833496,True,,"{""best_reuse"": ""adapter_1"", ""best_reuse_utility"": 0.000946044921875, ""decision"": ""reuse"", ""fresh_advantage"": 0.03656935691833496, ""fresh_positive"": true, ""fresh_utility"": 0.03751540184020996, ""full_batch_guards"": {""adapter_1"": {""crossfit_feasible"": true, ""crossfit_utility"": 0.000946044921875, ""crossfit_utility_positive"": true, ""full_batch_cur_after"": 1.140648603439331, ""full_batch_cur_before"": 1.14423406124115, ""full_batch_gain"": 0.0035854578018188477, ""full_batch_harm"": -0.0013355165719985962, ""full_batch_harm_lcb"": -0.0030549328192137183, ""full_batch_harm_se"": 0.0008772531873546541, ""full_batch_harm_ucb"": 0.00038389967521652575, ""full_batch_safe"": true}, ""adapter_2"": {""crossfit_feasible"": true, ""crossfit_utility"": -0.08582687377929688, ""crossfit_utility_positive"": false, ""full_batch_cur_after"": 1.2267966270446777, ""full_batch_cur_before"": 1.2269527912139893, ""full_batch_gain"": 0.00015616416931152344, ""full_batch_harm"": -0.0006881104782223701, ""full_batch_harm_lcb"": -0.0018934239377267658, ""full_batch_harm_se"": 0.0006149558466859162, ""full_batch_harm_ucb"": 0.0005172029812820255, ""full_batch_safe"": true}, ""default"": {""crossfit_feasible"": true, ""crossfit_utility"": -0.04834640026092529, ""crossfit_utility_positive"": false, ""full_batch_cur_after"": 1.1894282102584839, ""full_batch_cur_before"": 1.1869316101074219, ""full_batch_gain"": -0.0024966001510620117, ""full_batch_harm"": 0.0008241012692451477, ""full_batch_harm_lcb"": -0.002023142818361521, ""full_batch_harm_se"": 0.0014526755549013615, ""full_batch_harm_ucb"": 0.0036713453568518162, ""full_batch_safe"": true}}, ""guarded_best_reuse"": ""adapter_1"", ""num_adapters"": 3, ""pending_after"": true, ""pending_before"": false, ""policy_version"": ""cau_v1"", ""reason"": ""pending_fresh_safe_existing_reuse"", ""utility"": {""batch_n"": 16, ""best_reuse"": ""adapter_1"", ""best_reuse_query_after"": 1.143288016319275, ""best_reuse_utility"": 0.000946044921875, ""defer_utility"": 0.0, ""fold_a_fresh_utility"": 0.06479883193969727, ""fold_a_query_n"": 8, ""fold_a_support_n"": 8, ""fold_b_fresh_utility"": 0.010231971740722656, ""fold_b_query_n"": 8, ""fold_b_support_n"": 8, ""fresh_advantage"": 0.03656935691833496, ""fresh_local_trainability"": -0.00048410892486572266, ""fresh_positive"": true, ""fresh_query_after"": 1.10671865940094, ""fresh_query_before"": 1.1062345504760742, ""fresh_utility"": 0.03751540184020996, ""reuse_profiles"": {""adapter_1"": {""feasible_both"": true, ""fold_a_harm"": -0.0008454378694295883, ""fold_a_lcb"": -0.002920069629326463, ""fold_a_query_after"": 1.170494794845581, ""fold_a_utility"": 0.00032830238342285156, ""fold_b_harm"": -0.0014330465346574783, ""fold_b_lcb"": -0.0027889971807599067, ""fold_b_query_after"": 1.1160812377929688, ""fold_b_utility"": 0.0015637874603271484, ""harm_lcb_max"": -0.0027889971807599067, ""harm_mean"": -0.0011392422020435333, ""harm_se_mean"": 0.0008751485729590058, ""harm_ucb_max"": 0.0012291938904672862, ""local_trainability"": 0.000946044921875, ""query_after"": 1.143288016319275, ""query_before"": 1.14423406124115, ""system_utility"": 0.000946044921875}, ""adapter_2"": {""feasible_both"": true, ""fold_a_harm"": -0.0006758496165275574, ""fold_a_lcb"": -0.0021299672336317597, ""fold_a_query_after"": 1.1543173789978027, ""fold_a_utility"": 0.016505718231201172, ""fold_b_harm"": -0.00019595399498939514, ""fold_b_lcb"": -0.0016571947489865124, ""fold_b_query_after"": 1.3058044910430908, ""fold_b_utility"": -0.18815946578979492, ""harm_lcb_max"": -0.0016571947489865124, ""harm_mean"": -0.00043590180575847626, ""harm_se_mean"": 0.0007437138701789081, ""harm_ucb_max"": 0.0012652867590077221, ""local_trainability"": -0.0031081438064575195, ""query_after"": 1.2300609350204468, ""query_before"": 1.2269527912139893, ""system_utility"": -0.08582687377929688}, ""default"": {""feasible_both"": true, ""fold_a_harm"": 0.000954928807914257, ""fold_a_lcb"": -0.002635423792526126, ""fold_a_query_after"": 1.214470386505127, ""fold_a_utility"": -0.04364728927612305, ""fold_b_harm"": 0.0009854277595877647, ""fold_b_lcb"": -0.0020010713953524826, ""fold_b_query_after"": 1.1706905364990234, ""fold_b_utility"": -0.05304551124572754, ""harm_lcb_max"": -0.0020010713953524826, ""harm_mean"": 0.0009701782837510109, ""harm_se_mean"": 0.0016777683049440384, ""harm_ucb_max"": 0.00454528140835464, ""local_trainability"": -0.00564885139465332, ""query_after"": 1.1925804615020752, ""query_before"": 1.1869316101074219, ""system_utility"": -0.04834640026092529}}, ""status"": ""ok"", ""statusquo_loss"": 1.14423406124115}, ""utility_status"": ""ok""}"
66,C1,C,1,adapter_3,spawn,confirmed_fresh,1.0648996829986572,4,True,589824,2371596,0,69917199,740355,23691808,1056,50.62539800815284,565467136,0.0,44.66163877770305,4.518412176519632,1.2478232383728027,0.18584132194519043,0.13712537288665771,0.048715949058532715,True,,"{""best_reuse"": ""default"", ""best_reuse_utility"": 0.13712537288665771, ""decision"": ""spawn"", ""fresh_advantage"": 0.048715949058532715, ""fresh_positive"": true, ""fresh_utility"": 0.18584132194519043, ""full_batch_guards"": {}, ""guarded_best_reuse"": null, ""num_adapters"": 4, ""pending_after"": false, ""pending_before"": true, ""policy_version"": ""cau_v1"", ""reason"": ""confirmed_fresh"", ""utility"": {""batch_n"": 16, ""best_reuse"": ""default"", ""best_reuse_query_after"": 1.110697865486145, ""best_reuse_utility"": 0.13712537288665771, ""defer_utility"": 0.0, ""fold_a_fresh_utility"": 0.29394006729125977, ""fold_a_query_n"": 8, ""fold_a_support_n"": 8, ""fold_b_fresh_utility"": 0.0777425765991211, ""fold_b_query_n"": 8, ""fold_b_support_n"": 8, ""fresh_advantage"": 0.048715949058532715, ""fresh_local_trainability"": 0.0025277137756347656, ""fresh_positive"": true, ""fresh_query_after"": 1.0619819164276123, ""fresh_query_before"": 1.064509630203247, ""fresh_utility"": 0.18584132194519043, ""reuse_profiles"": {""adapter_1"": {""feasible_both"": true, ""fold_a_harm"": -0.0022340165451169014, ""fold_a_lcb"": -0.005537736471742391, ""fold_a_query_after"": 1.3059751987457275, ""fold_a_utility"": 0.01654338836669922, ""fold_b_harm"": -0.002259240485727787, ""fold_b_lcb"": -0.006374664884060621, ""fold_b_query_after"": 1.1636831760406494, ""fold_b_utility"": 0.009444713592529297, ""harm_lcb_max"": -0.005537736471742391, ""harm_mean"": -0.002246628515422344, ""harm_se_mean"": 0.0018926388584077358, ""harm_ucb_max"": 0.001856183912605047, ""local_trainability"": 0.012994050979614258, ""query_after"": 1.2348291873931885, ""query_before"": 1.2478232383728027, ""system_utility"": 0.012994050979614258}, ""adapter_2"": {""feasible_both"": true, ""fold_a_harm"": 0.00048369355499744415, ""fold_a_lcb"": -0.0015908544650301338, ""fold_a_query_after"": 1.140047550201416, ""fold_a_utility"": 0.18247103691101074, ""fold_b_harm"": 7.498078048229218e-05, ""fold_b_lcb"": -0.004070786200463772, ""fold_b_query_after"": 1.1343646049499512, ""fold_b_utility"": 0.03876328468322754, ""harm_lcb_max"": -0.0015908544650301338, ""harm_mean"": 0.00027933716773986816, ""harm_se_mean"": 0.0015868150512687862, ""harm_ucb_max"": 0.0042207477614283565, ""local_trainability"": 0.00020778179168701172, ""query_after"": 1.1372060775756836, ""query_before"": 1.1374138593673706, ""system_utility"": 0.11061716079711914}, ""default"": {""feasible_both"": true, ""fold_a_harm"": 0.0014714207500219345, ""fold_a_lcb"": -0.0016093941405415533, ""fold_a_query_after"": 1.012159824371338, ""fold_a_utility"": 0.31035876274108887, ""fold_b_harm"": 0.0029029743745923042, ""fold_b_lcb"": -0.0027600207645446058, ""fold_b_query_after"": 1.2092359066009521, ""fold_b_utility"": -0.03610801696777344, ""harm_lcb_max"": -0.0016093941405415533, ""harm_mean"": 0.0021871975623071194, ""harm_se_mean"": 0.0022305637830868363, ""harm_ucb_max"": 0.008565969513729215, ""local_trainability"": -0.00025922060012817383, ""query_after"": 1.110697865486145, ""query_before"": 1.1104386448860168, ""system_utility"": 0.13712537288665771}}, ""status"": ""ok"", ""statusquo_loss"": 1.2478232383728027}, ""utility_status"": ""ok""}"
67,C1,C,1,adapter_3,warmup,existing_warmup,1.0581073760986328,4,True,589824,2371596,0,69917199,740355,23691808,1072,50.66207182593644,565467136,0.0,44.689776100218296,4.518412176519632,,,,,,,"{""best_reuse"": null, ""best_reuse_utility"": null, ""decision"": ""warmup"", ""fresh_positive"": null, ""fresh_utility"": null, ""full_batch_guards"": {}, ""guarded_best_reuse"": null, ""num_adapters"": 4, ""pending_after"": false, ""pending_before"": false, ""policy_version"": ""cau_v1"", ""reason"": ""existing_warmup"", ""utility_status"": ""warmup""}"
68,C1,C,1,adapter_3,warmup,existing_warmup,1.0958311557769775,4,True,589824,2371596,0,69917199,740355,23691808,1088,50.69851048476994,565467136,0.0,44.717878349125385,4.518412176519632,,,,,,,"{""best_reuse"": null, ""best_reuse_utility"": null, ""decision"": ""warmup"", ""fresh_positive"": null, ""fresh_utility"": null, ""full_batch_guards"": {}, ""guarded_best_reuse"": null, ""num_adapters"": 4, ""pending_after"": false, ""pending_before"": false, ""policy_version"": ""cau_v1"", ""reason"": ""existing_warmup"", ""utility_status"": ""warmup""}"
69,C1,C,1,adapter_3,warmup,existing_warmup,1.1568098068237305,4,True,589824,2371596,0,69917199,740355,23691808,1104,50.73626711033285,565467136,0.0,44.74677597731352,4.518412176519632,,,,,,,"{""best_reuse"": null, ""best_reuse_utility"": null, ""decision"": ""warmup"", ""fresh_positive"": null, ""fresh_utility"": null, ""full_batch_guards"": {}, ""guarded_best_reuse"": null, ""num_adapters"": 4, ""pending_after"": false, ""pending_before"": false, ""policy_version"": ""cau_v1"", ""reason"": ""existing_warmup"", ""utility_status"": ""warmup""}"
70,C1,C,1,adapter_3,reuse,safe_existing_reuse,1.1166510581970215,4,True,589824,2371596,0,69917199,740355,23691808,1120,51.807981204241514,575139328,0.0,45.81002509780228,4.518412176519632,1.1171156764030457,-0.009405791759490967,-0.0011115074157714844,-0.008294284343719482,False,,"{""best_reuse"": ""adapter_3"", ""best_reuse_utility"": -0.0011115074157714844, ""decision"": ""reuse"", ""fresh_advantage"": -0.008294284343719482, ""fresh_positive"": false, ""fresh_utility"": -0.009405791759490967, ""full_batch_guards"": {""adapter_1"": {""crossfit_feasible"": true, ""crossfit_utility"": -0.09584826231002808, ""crossfit_utility_positive"": false, ""full_batch_cur_after"": 1.2076828479766846, ""full_batch_cur_before"": 1.216996192932129, ""full_batch_gain"": 0.009313344955444336, ""full_batch_harm"": -0.002083001658320427, ""full_batch_harm_lcb"": -0.005415150471962988, ""full_batch_harm_se"": 0.0017000759253278375, ""full_batch_harm_ucb"": 0.0012491471553221344, ""full_batch_safe"": true}, ""adapter_2"": {""crossfit_feasible"": true, ""crossfit_utility"": -0.04613262414932251, ""crossfit_utility_positive"": false, ""full_batch_cur_after"": 1.1550756692886353, ""full_batch_cur_before"": 1.1561594009399414, ""full_batch_gain"": 0.0010837316513061523, ""full_batch_harm"": -6.911344826221466e-05, ""full_batch_harm_lcb"": -0.0015043204580433667, ""full_batch_harm_se"": 0.0007322484743781388, ""full_batch_harm_ucb"": 0.0013660935615189373, ""full_batch_safe"": true}, ""adapter_3"": {""crossfit_feasible"": true, ""crossfit_utility"": -0.0011115074157714844, ""crossfit_utility_positive"": false, ""full_batch_cur_after"": 1.105254888534546, ""full_batch_cur_before"": 1.1171157360076904, ""full_batch_gain"": 0.011860847473144531, ""full_batch_harm"": -0.0074171628803014755, ""full_batch_harm_lcb"": -0.01688240123912692, ""full_batch_harm_se"": 0.0048292032442986965, ""full_batch_harm_ucb"": 0.0020480754785239703, ""full_batch_safe"": true}, ""default"": {""crossfit_feasible"": true, ""crossfit_utility"": -0.1170351505279541, ""crossfit_utility_positive"": false, ""full_batch_cur_after"": 1.228834629058838, ""full_batch_cur_before"": 1.2268469333648682, ""full_batch_gain"": -0.0019876956939697266, ""full_batch_harm"": 0.000830349512398243, ""full_batch_harm_lcb"": -0.00188668227288872, ""full_batch_harm_se"": 0.0013862407067790627, ""full_batch_harm_ucb"": 0.003547381297685206, ""full_batch_safe"": true}}, ""guarded_best_reuse"": ""adapter_3"", ""num_adapters"": 4, ""pending_after"": false, ""pending_before"": false, ""policy_version"": ""cau_v1"", ""reason"": ""safe_existing_reuse"", ""utility"": {""batch_n"": 16, ""best_reuse"": ""adapter_3"", ""best_reuse_query_after"": 1.1182271838188171, ""best_reuse_utility"": -0.0011115074157714844, ""defer_utility"": 0.0, ""fold_a_fresh_utility"": 0.03780686855316162, ""fold_a_query_n"": 8, ""fold_a_support_n"": 8, ""fold_b_fresh_utility"": -0.056618452072143555, ""fold_b_query_n"": 8, ""fold_b_support_n"": 8, ""fresh_advantage"": -0.008294284343719482, ""fresh_local_trainability"": -0.011798501014709473, ""fresh_positive"": false, ""fresh_query_after"": 1.1265214681625366, ""fresh_query_before"": 1.1147229671478271, ""fresh_utility"": -0.009405791759490967, ""reuse_profiles"": {""adapter_1"": {""feasible_both"": true, ""fold_a_harm"": -0.002083691768348217, ""fold_a_lcb"": -0.005335226012393833, ""fold_a_query_after"": 1.1216038465499878, ""fold_a_utility"": 0.051560401916503906, ""fold_b_harm"": -0.0016480637714266777, ""fold_b_lcb"": -0.004551334166899323, ""fold_b_query_after"": 1.3043240308761597, ""fold_b_utility"": -0.24325692653656006, ""harm_lcb_max"": -0.004551334166899323, ""harm_mean"": -0.0018658777698874474, ""harm_se_mean"": 0.0015701032243669033, ""harm_ucb_max"": 0.0012552066240459681, ""local_trainability"": 0.0040321946144104, ""query_after"": 1.2129639387130737, ""query_before"": 1.2169961333274841, ""system_utility"": -0.09584826231002808}, ""adapter_2"": {""feasible_both"": true, ""fold_a_harm"": 0.001928800716996193, ""fold_a_lcb"": -0.0023431277927011248, ""fold_a_query_after"": 1.3199174404144287, ""fold_a_utility"": -0.146753191947937, ""fold_b_harm"": -0.0005289390683174133, ""fold_b_lcb"": -0.0017673900141380726, ""fold_b_query_after"": 1.0065791606903076, ""fold_b_utility"": 0.05448794364929199, ""harm_lcb_max"": -0.0017673900141380726, ""harm_mean"": 0.0006999308243393898, ""harm_se_mean"": 0.0014057090447749943, ""harm_ucb_max"": 0.006200729226693511, ""local_trainability"": -0.007088899612426758, ""query_after"": 1.1632483005523682, ""query_before"": 1.1561594009399414, ""system_utility"": -0.04613262414932251}, ""adapter_3"": {""feasible_both"": true, ""fold_a_harm"": -0.006776898168027401, ""fold_a_lcb"": -0.017191434502601625, ""fold_a_query_after"": 1.181701898574829, ""fold_a_utility"": -0.008537650108337402, ""fold_b_harm"": -0.00696204137057066, ""fold_b_lcb"": -0.015259723253548145, ""fold_b_query_after"": 1.0547524690628052, ""fold_b_utility"": 0.006314635276794434, ""harm_lcb_max"": -0.015259723253548145, ""harm_mean"": -0.00686946976929903, ""harm_se_mean"": 0.004773525055497885, ""harm_ucb_max"": 0.003637638166546822, ""local_trainability"": -0.0011115074157714844, ""query_after"": 1.1182271838188171, ""query_before"": 1.1171156764030457, ""system_utility"": -0.0011115074157714844}, ""default"": {""feasible_both"": true, ""fold_a_harm"": 0.001429087482392788, ""fold_a_lcb"": -0.0021255259914323686, ""fold_a_query_after"": 1.1857141256332397, ""fold_a_utility"": -0.012549877166748047, ""fold_b_harm"": 0.0005612373352050781, ""fold_b_lcb"": -0.002708793836645782, ""fold_b_query_after"": 1.2825875282287598, ""fold_b_utility"": -0.22152042388916016, ""harm_lcb_max"": -0.0021255259914323686, ""harm_mean"": 0.000995162408798933, ""harm_se_mean"": 0.0017409807769581676, ""harm_ucb_max"": 0.004983700956217944, ""local_trainability"": -0.007304012775421143, ""query_after"": 1.2341508269309998, ""query_before"": 1.2268468141555786, ""system_utility"": -0.1170351505279541}}, ""status"": ""ok"", ""statusquo_loss"": 1.1171156764030457}, ""utility_status"": ""ok""}"
71,C1,C,1,adapter_3,reuse,safe_existing_reuse,1.088564395904541,4,True,589824,2371596,0,69917199,740355,23691808,1136,52.87084954045713,575139328,0.0,46.86363383382559,4.518412176519632,1.0996110439300537,-0.03174543380737305,-0.008523643016815186,-0.02322179079055786,False,,"{""best_reuse"": ""adapter_3"", ""best_reuse_utility"": -0.008523643016815186, ""decision"": ""reuse"", ""fresh_advantage"": -0.02322179079055786, ""fresh_positive"": false, ""fresh_utility"": -0.03174543380737305, ""full_batch_guards"": {""adapter_1"": {""crossfit_feasible"": true, ""crossfit_utility"": -0.11740100383758545, ""crossfit_utility_positive"": false, ""full_batch_cur_after"": 1.210789442062378, ""full_batch_cur_before"": 1.2213345766067505, ""full_batch_gain"": 0.010545134544372559, ""full_batch_harm"": -0.0023183999583125114, ""full_batch_harm_lcb"": -0.006080815629102289, ""full_batch_harm_se"": 0.0019195998320356011, ""full_batch_harm_ucb"": 0.0014440157124772667, ""full_batch_safe"": true}, ""adapter_2"": {""crossfit_feasible"": true, ""crossfit_utility"": -0.08595144748687744, ""crossfit_utility_positive"": false, ""full_batch_cur_after"": 1.17583167552948, ""full_batch_cur_before"": 1.1764954328536987, ""full_batch_gain"": 0.00066375732421875, ""full_batch_harm"": -0.0006859069690108299, ""full_batch_harm_lcb"": -0.0028244667034596203, ""full_batch_harm_se"": 0.0010911019053310156, ""full_batch_harm_ucb"": 0.0014526527654379604, ""full_batch_safe"": true}, ""adapter_3"": {""crossfit_feasible"": true, ""crossfit_utility"": -0.008523643016815186, ""crossfit_utility_positive"": false, ""full_batch_cur_after"": 1.0939655303955078, ""full_batch_cur_before"": 1.0996110439300537, ""full_batch_gain"": 0.0056455135345458984, ""full_batch_harm"": -0.0038247965276241302, ""full_batch_harm_lcb"": -0.011971257440745831, ""full_batch_harm_se"": 0.004156357608735561, ""full_batch_harm_ucb"": 0.004321664385497571, ""full_batch_safe"": true}, ""default"": {""crossfit_feasible"": true, ""crossfit_utility"": -0.08318036794662476, ""crossfit_utility_positive"": false, ""full_batch_cur_after"": 1.1742169857025146, ""full_batch_cur_before"": 1.1737709045410156, ""full_batch_gain"": -0.00044608116149902344, ""full_batch_harm"": 0.0013258196413516998, ""full_batch_harm_lcb"": -0.0016915170056745412, ""full_batch_harm_se"": 0.0015394574729725718, ""full_batch_harm_ucb"": 0.00434315628837794, ""full_batch_safe"": true}}, ""guarded_best_reuse"": ""adapter_3"", ""num_adapters"": 4, ""pending_after"": false, ""pending_before"": false, ""policy_version"": ""cau_v1"", ""reason"": ""safe_existing_reuse"", ""utility"": {""batch_n"": 16, ""best_reuse"": ""adapter_3"", ""best_reuse_query_after"": 1.108134686946869, ""best_reuse_utility"": -0.008523643016815186, ""defer_utility"": 0.0, ""fold_a_fresh_utility"": -0.0859830379486084, ""fold_a_query_n"": 8, ""fold_a_support_n"": 8, ""fold_b_fresh_utility"": 0.022492170333862305, ""fold_b_query_n"": 8, ""fold_b_support_n"": 8, ""fresh_advantage"": -0.02322179079055786, ""fresh_local_trainability"": -0.03617703914642334, ""fresh_positive"": false, ""fresh_query_after"": 1.1313564777374268, ""fresh_query_before"": 1.0951794385910034, ""fresh_utility"": -0.03174543380737305, ""reuse_profiles"": {""adapter_1"": {""feasible_both"": true, ""fold_a_harm"": -0.0018756827339529991, ""fold_a_lcb"": -0.005846578506752849, ""fold_a_query_after"": 1.1480460166931152, ""fold_a_utility"": -0.07738232612609863, ""fold_b_harm"": -0.0021226145327091217, ""fold_b_lcb"": -0.004965874245390296, ""fold_b_query_after"": 1.285978078842163, ""fold_b_utility"": -0.15741968154907227, ""harm_lcb_max"": -0.004965874245390296, ""harm_mean"": -0.0019991486333310604, ""harm_se_mean"": 0.0017383049707859755, ""harm_ucb_max"": 0.0020952130388468505, ""local_trainability"": 0.004322528839111328, ""query_after"": 1.2170120477676392, ""query_before"": 1.2213345766067505, ""system_utility"": -0.11740100383758545}, ""adapter_2"": {""feasible_both"": true, ""fold_a_harm"": -0.001021326519548893, ""fold_a_lcb"": -0.004262705650180578, ""fold_a_query_after"": 1.0296730995178223, ""fold_a_utility"": 0.040990591049194336, ""fold_b_harm"": 0.001620706170797348, ""fold_b_lcb"": -0.0015141266398131848, ""fold_b_query_after"": 1.34145188331604, ""fold_b_utility"": -0.21289348602294922, ""harm_lcb_max"": -0.0015141266398131848, ""harm_mean"": 0.0002996898256242275, ""harm_se_mean"": 0.001626584678888321, ""harm_ucb_max"": 0.0047555389814078804, ""local_trainability"": -0.009067058563232422, ""query_after"": 1.1855624914169312, ""query_before"": 1.1764954328536987, ""system_utility"": -0.08595144748687744}, ""adapter_3"": {""feasible_both"": true, ""fold_a_harm"": -0.0030723586678504944, ""fold_a_lcb"": -0.007989283595234155, ""fold_a_query_after"": 1.0626044273376465, ""fold_a_utility"": 0.008059263229370117, ""fold_b_harm"": -0.004041258245706558, ""fold_b_lcb"": -0.015467363987118005, ""fold_b_query_after"": 1.1536649465560913, ""fold_b_utility"": -0.02510654926300049, ""harm_lcb_max"": -0.007989283595234155, ""harm_mean"": -0.0035568084567785263, ""harm_se_mean"": 0.004169140476733446, ""harm_ucb_max"": 0.0073848474957048885, ""local_trainability"": -0.008523643016815186, ""query_after"": 1.108134686946869, ""query_before"": 1.0996110439300537, ""system_utility"": -0.008523643016815186}, ""default"": {""feasible_both"": true, ""fold_a_harm"": 0.0019184909760951996, ""fold_a_lcb"": -0.0038667862769216294, ""fold_a_query_after"": 1.3803651332855225, ""fold_a_utility"": -0.30970144271850586, ""fold_b_harm"": 0.0011177677661180496, ""fold_b_lcb"": -0.0016216195980086924, ""fold_b_query_after"": 0.9852176904678345, ""fold_b_utility"": 0.14334070682525635, ""harm_lcb_max"": -0.0016216195980086924, ""harm_mean"": 0.0015181293711066246, ""harm_se_mean"": 0.002174659341108054, ""harm_ucb_max"": 0.0077037682291120286, ""local_trainability"": -0.009020477533340454, ""query_after"": 1.1827914118766785, ""query_before"": 1.173770934343338, ""system_utility"": -0.08318036794662476}}, ""status"": ""ok"", ""statusquo_loss"": 1.0996110439300537}, ""utility_status"": ""ok""}"
72,C1,C,1,adapter_3,reuse,safe_existing_reuse,1.1410377025604248,4,True,589824,2371596,0,69917199,740355,23691808,1152,53.97059178352356,575139328,0.0,47.95477315783501,4.518412176519632,1.1295222043991089,-0.0062313079833984375,-0.0050896406173706055,-0.001141667366027832,False,,"{""best_reuse"": ""adapter_3"", ""best_reuse_utility"": -0.0050896406173706055, ""decision"": ""reuse"", ""fresh_advantage"": -0.001141667366027832, ""fresh_positive"": false, ""fresh_utility"": -0.0062313079833984375, ""full_batch_guards"": {""adapter_1"": {""crossfit_feasible"": true, ""crossfit_utility"": -0.049990713596343994, ""crossfit_utility_positive"": false, ""full_batch_cur_after"": 1.1728911399841309, ""full_batch_cur_before"": 1.1807689666748047, ""full_batch_gain"": 0.007877826690673828, ""full_batch_harm"": -0.0018595429137349129, ""full_batch_harm_lcb"": -0.005511997411958873, ""full_batch_harm_se"": 0.0018634971929714084, ""full_batch_harm_ucb"": 0.0017929115844890473, ""full_batch_safe"": true}, ""adapter_2"": {""crossfit_feasible"": true, ""crossfit_utility"": -0.14299142360687256, ""crossfit_utility_positive"": false, ""full_batch_cur_after"": 1.2640838623046875, ""full_batch_cur_before"": 1.264936089515686, ""full_batch_gain"": 0.0008522272109985352, ""full_batch_harm"": -0.0008487943559885025, ""full_batch_harm_lcb"": -0.002738211436662823, ""full_batch_harm_se"": 0.00096398830646649, ""full_batch_harm_ucb"": 0.001040622724685818, ""full_batch_safe"": true}, ""adapter_3"": {""crossfit_feasible"": true, ""crossfit_utility"": -0.0050896406173706055, ""crossfit_utility_positive"": false, ""full_batch_cur_after"": 1.122088074684143, ""full_batch_cur_before"": 1.1295220851898193, ""full_batch_gain"": 0.0074340105056762695, ""full_batch_harm"": -0.0028281603008508682, ""full_batch_harm_lcb"": -0.010494381505995989, ""full_batch_harm_se"": 0.003911337349563837, ""full_batch_harm_ucb"": 0.004838060904294252, ""full_batch_safe"": true}, ""default"": {""crossfit_feasible"": true, ""crossfit_utility"": -0.021706819534301758, ""crossfit_utility_positive"": false, ""full_batch_cur_after"": 1.1424119472503662, ""full_batch_cur_before"": 1.1423988342285156, ""full_batch_gain"": -1.3113021850585938e-05, ""full_batch_harm"": 0.0010676495730876923, ""full_batch_harm_lcb"": -0.002075327909551561, ""full_batch_harm_se"": 0.001603559940122068, ""full_batch_harm_ucb"": 0.004210627055726945, ""full_batch_safe"": true}}, ""guarded_best_reuse"": ""adapter_3"", ""num_adapters"": 4, ""pending_after"": false, ""pending_before"": false, ""policy_version"": ""cau_v1"", ""reason"": ""safe_existing_reuse"", ""utility"": {""batch_n"": 16, ""best_reuse"": ""adapter_3"", ""best_reuse_query_after"": 1.1346118450164795, ""best_reuse_utility"": -0.0050896406173706055, ""defer_utility"": 0.0, ""fold_a_fresh_utility"": 0.02929210662841797, ""fold_a_query_n"": 8, ""fold_a_support_n"": 8, ""fold_b_fresh_utility"": -0.041754722595214844, ""fold_b_query_n"": 8, ""fold_b_support_n"": 8, ""fresh_advantage"": -0.001141667366027832, ""fresh_local_trainability"": -0.03218579292297363, ""fresh_positive"": false, ""fresh_query_after"": 1.1357535123825073, ""fresh_query_before"": 1.1035677194595337, ""fresh_utility"": -0.0062313079833984375, ""reuse_profiles"": {""adapter_1"": {""feasible_both"": true, ""fold_a_harm"": -0.0016815895214676857, ""fold_a_lcb"": -0.0036862047109752893, ""fold_a_query_after"": 1.300778865814209, ""fold_a_utility"": -0.18252873420715332, ""fold_b_harm"": -0.0017172843217849731, ""fold_b_lcb"": -0.005755359549075365, ""fold_b_query_after"": 1.0582469701766968, ""fold_b_utility"": 0.08254730701446533, ""harm_lcb_max"": -0.0036862047109752893, ""harm_mean"": -0.0016994369216263294, ""harm_se_mean"": 0.0015415026573464274, ""harm_ucb_max"": 0.0023207909055054186, ""local_trainability"": 0.0012561678886413574, ""query_after"": 1.1795129179954529, ""query_before"": 1.1807690858840942, ""system_utility"": -0.049990713596343994}, ""adapter_2"": {""feasible_both"": true, ""fold_a_harm"": 0.00017994362860918045, ""fold_a_lcb"": -0.001209459041710943, ""fold_a_query_after"": 1.3360315561294556, ""fold_a_utility"": -0.2177814245223999, ""fold_b_harm"": -0.0006597572937607765, ""fold_b_lcb"": -0.004250759733840823, ""fold_b_query_after"": 1.2089956998825073, ""fold_b_utility"": -0.06820142269134521, ""harm_lcb_max"": -0.001209459041710943, ""harm_mean"": -0.00023990683257579803, ""harm_se_mean"": 0.0012705115077551454, ""harm_ucb_max"": 0.00293124514631927, ""local_trainability"": -0.00757753849029541, ""query_after"": 1.2725136280059814, ""query_before"": 1.264936089515686, ""system_utility"": -0.14299142360687256}, ""adapter_3"": {""feasible_both"": true, ""fold_a_harm"": -0.002289299853146076, ""fold_a_lcb"": -0.01248011976480484, ""fold_a_query_after"": 1.134760856628418, ""fold_a_utility"": -0.016510725021362305, ""fold_b_harm"": -0.002731834538280964, ""fold_b_lcb"": -0.006773314578458667, ""fold_b_query_after"": 1.134462833404541, ""fold_b_utility"": 0.006331443786621094, ""harm_lcb_max"": -0.006773314578458667, ""harm_mean"": -0.00251056719571352, ""harm_se_mean"": 0.0036306887632235885, ""harm_ucb_max"": 0.007901520058512688, ""local_trainability"": -0.0050896406173706055, ""query_after"": 1.1346118450164795, ""query_before"": 1.1295222043991089, ""system_utility"": -0.0050896406173706055}, ""default"": {""feasible_both"": true, ""fold_a_harm"": 0.0007172897458076477, ""fold_a_lcb"": -0.001962086935527623, ""fold_a_query_after"": 0.9754025936126709, ""fold_a_utility"": 0.14284753799438477, ""fold_b_harm"": 0.0024252543225884438, ""fold_b_lcb"": -0.003594356747344136, ""fold_b_query_after"": 1.3270554542541504, ""fold_b_utility"": -0.18626117706298828, ""harm_lcb_max"": -0.001962086935527623, ""harm_mean"": 0.0015712720341980457, ""harm_se_mean"": 0.0022191295283846557, ""harm_ucb_max"": 0.008444865392521024, ""local_trainability"": -0.008830040693283081, ""query_after"": 1.1512290239334106, ""query_before"": 1.1423989832401276, ""system_utility"": -0.021706819534301758}}, ""status"": ""ok"", ""statusquo_loss"": 1.1295222043991089}, ""utility_status"": ""ok""}"
73,B2,B,2,default,reuse,safe_existing_reuse,1.04270601272583,4,True,589824,2371596,0,69917199,740355,23691808,1168,57.088153099641204,575139328,0.0,49.05868601426482,6.523260671645403,1.1320205330848694,0.05135476589202881,0.09137311577796936,-0.04001834988594055,False,,"{""best_reuse"": ""default"", ""best_reuse_utility"": 0.09137311577796936, ""decision"": ""reuse"", ""fresh_advantage"": -0.04001834988594055, ""fresh_positive"": false, ""fresh_utility"": 0.05135476589202881, ""full_batch_guards"": {""adapter_1"": {""crossfit_feasible"": true, ""crossfit_utility"": -0.12071812152862549, ""crossfit_utility_positive"": false, ""full_batch_cur_after"": 1.2502117156982422, ""full_batch_cur_before"": 1.2616698741912842, ""full_batch_gain"": 0.011458158493041992, ""full_batch_harm"": -0.001915127970278263, ""full_batch_harm_lcb"": -0.005988101502880454, ""full_batch_harm_se"": 0.0020780477207154036, ""full_batch_harm_ucb"": 0.002157845562323928, ""full_batch_safe"": true}, ""adapter_2"": {""crossfit_feasible"": true, ""crossfit_utility"": -0.15522700548171997, ""crossfit_utility_positive"": false, ""full_batch_cur_after"": 1.284048080444336, ""full_batch_cur_before"": 1.2877110242843628, ""full_batch_gain"": 0.0036629438400268555, ""full_batch_harm"": -0.0009876228868961334, ""full_batch_harm_lcb"": -0.004180735452100634, ""full_batch_harm_se"": 0.0016291390638798475, ""full_batch_harm_ucb"": 0.0022054896783083675, ""full_batch_safe"": true}, ""adapter_3"": {""crossfit_feasible"": true, ""crossfit_utility"": 0.0024404525756835938, ""crossfit_utility_positive"": true, ""full_batch_cur_after"": 1.1242141723632812, ""full_batch_cur_before"": 1.1320204734802246, ""full_batch_gain"": 0.007806301116943359, ""full_batch_harm"": -0.002984544262290001, ""full_batch_harm_lcb"": -0.009338005883619188, ""full_batch_harm_se"": 0.0032415620516985655, ""full_batch_harm_ucb"": 0.003368917359039187, ""full_batch_safe"": true}, ""default"": {""crossfit_feasible"": true, ""crossfit_utility"": 0.09137311577796936, ""crossfit_utility_positive"": true, ""full_batch_cur_after"": 1.0360944271087646, ""full_batch_cur_before"": 1.0385949611663818, ""full_batch_gain"": 0.0025005340576171875, ""full_batch_harm"": 0.0017502903938293457, ""full_batch_harm_lcb"": -0.003037057239562273, ""full_batch_harm_se"": 0.002442524302750826, ""full_batch_harm_ucb"": 0.006537638027220964, ""full_batch_safe"": true}}, ""guarded_best_reuse"": ""default"", ""num_adapters"": 4, ""pending_after"": false, ""pending_before"": false, ""policy_version"": ""cau_v1"", ""reason"": ""safe_existing_reuse"", ""utility"": {""batch_n"": 16, ""best_reuse"": ""default"", ""best_reuse_query_after"": 1.0406474173069, ""best_reuse_utility"": 0.09137311577796936, ""defer_utility"": 0.0, ""fold_a_fresh_utility"": 0.05215322971343994, ""fold_a_query_n"": 8, ""fold_a_support_n"": 8, ""fold_b_fresh_utility"": 0.050556302070617676, ""fold_b_query_n"": 8, ""fold_b_support_n"": 8, ""fresh_advantage"": -0.04001834988594055, ""fresh_local_trainability"": 0.0045261383056640625, ""fresh_positive"": false, ""fresh_query_after"": 1.0806657671928406, ""fresh_query_before"": 1.0851919054985046, ""fresh_utility"": 0.05135476589202881, ""reuse_profiles"": {""adapter_1"": {""feasible_both"": true, ""fold_a_harm"": -0.001718420535326004, ""fold_a_lcb"": -0.005347891291603446, ""fold_a_query_after"": 1.2671716213226318, ""fold_a_utility"": -0.15581166744232178, ""fold_b_harm"": -0.0018969308584928513, ""fold_b_lcb"": -0.0057813696656376125, ""fold_b_query_after"": 1.238305687904358, ""fold_b_utility"": -0.0856245756149292, ""harm_lcb_max"": -0.005347891291603446, ""harm_mean"": -0.0018076756969094276, ""harm_se_mean"": 0.001916813664138317, ""harm_ucb_max"": 0.00198750794865191, ""local_trainability"": 0.008931279182434082, ""query_after"": 1.2527386546134949, ""query_before"": 1.261669933795929, ""system_utility"": -0.12071812152862549}, ""adapter_2"": {""feasible_both"": true, ""fold_a_harm"": -0.0007273713126778603, ""fold_a_lcb"": -0.0032529753539711236, ""fold_a_query_after"": 1.3160746097564697, ""fold_a_utility"": -0.20471465587615967, ""fold_b_harm"": -0.0006881589069962502, ""fold_b_lcb"": -0.004059489537030458, ""fold_b_query_after"": 1.258420467376709, ""fold_b_utility"": -0.10573935508728027, ""harm_lcb_max"": -0.0032529753539711236, ""harm_mean"": -0.0007077651098370552, ""harm_se_mean"": 0.0015043200692161918, ""harm_ucb_max"": 0.002683171723037958, ""local_trainability"": 0.0004634261131286621, ""query_after"": 1.2872475385665894, ""query_before"": 1.287710964679718, ""system_utility"": -0.15522700548171997}, ""adapter_3"": {""feasible_both"": true, ""fold_a_harm"": -0.0026150839403271675, ""fold_a_lcb"": -0.009184117540717126, ""fold_a_query_after"": 1.1106394529342651, ""fold_a_utility"": 0.0007205009460449219, ""fold_b_harm"": -0.0028648655861616135, ""fold_b_lcb"": -0.008860192093998194, ""fold_b_query_after"": 1.1485207080841064, ""fold_b_utility"": 0.004160404205322266, ""harm_lcb_max"": -0.008860192093998194, ""harm_mean"": -0.0027399747632443905, ""harm_se_mean"": 0.003205193905159831, ""harm_ucb_max"": 0.00395394966006279, ""local_trainability"": 0.0024404525756835938, ""query_after"": 1.1295800805091858, ""query_before"": 1.1320205330848694, ""system_utility"": 0.0024404525756835938}, ""default"": {""feasible_both"": true, ""fold_a_harm"": 0.0010634688660502434, ""fold_a_lcb"": -0.002938325321301818, ""fold_a_query_after"": 0.9449990391731262, ""fold_a_utility"": 0.16636091470718384, ""fold_b_harm"": 0.0025685783475637436, ""fold_b_lcb"": -0.0035421357676386836, ""fold_b_query_after"": 1.1362957954406738, ""fold_b_utility"": 0.016385316848754883, ""harm_lcb_max"": -0.002938325321301818, ""harm_mean"": 0.0018160236068069935, ""harm_se_mean"": 0.002579721505753696, ""harm_ucb_max"": 0.00867929246276617, ""local_trainability"": -0.0020524263381958008, ""query_after"": 1.0406474173069, ""query_before"": 1.0385949909687042, ""system_utility"": 0.09137311577796936}}, ""status"": ""ok"", ""statusquo_loss"": 1.1320205330848694}, ""utility_status"": ""ok""}"
74,B2,B,2,default,reuse,safe_existing_reuse,1.0748364925384521,4,True,589824,2371596,0,69917199,740355,23691808,1184,58.35115120373666,575139328,0.0,50.31272851675749,6.523260671645403,1.0872241854667664,-0.017904818058013916,-0.005435198545455933,-0.012469619512557983,False,,"{""best_reuse"": ""default"", ""best_reuse_utility"": -0.005435198545455933, ""decision"": ""reuse"", ""fresh_advantage"": -0.012469619512557983, ""fresh_positive"": false, ""fresh_utility"": -0.017904818058013916, ""full_batch_guards"": {""adapter_1"": {""crossfit_feasible"": true, ""crossfit_utility"": -0.12217849493026733, ""crossfit_utility_positive"": false, ""full_batch_cur_after"": 1.2051746845245361, ""full_batch_cur_before"": 1.2158329486846924, ""full_batch_gain"": 0.01065826416015625, ""full_batch_harm"": -0.0017016036435961723, ""full_batch_harm_lcb"": -0.005735259139910341, ""full_batch_harm_se"": 0.0020579874981194735, ""full_batch_harm_ucb"": 0.002332051852717996, ""full_batch_safe"": true}, ""adapter_2"": {""crossfit_feasible"": true, ""crossfit_utility"": -0.23323452472686768, ""crossfit_utility_positive"": false, ""full_batch_cur_after"": 1.3149739503860474, ""full_batch_cur_before"": 1.3184865713119507, ""full_batch_gain"": 0.0035126209259033203, ""full_batch_harm"": -0.0011318512260913849, ""full_batch_harm_lcb"": -0.003543314402922988, ""full_batch_harm_se"": 0.001230338355526328, ""full_batch_harm_ucb"": 0.0012796119507402183, ""full_batch_safe"": true}, ""adapter_3"": {""crossfit_feasible"": true, ""crossfit_utility"": -0.06507235765457153, ""crossfit_utility_positive"": false, ""full_batch_cur_after"": 1.1435880661010742, ""full_batch_cur_before"": 1.1532320976257324, ""full_batch_gain"": 0.009644031524658203, ""full_batch_harm"": -0.002767537720501423, ""full_batch_harm_lcb"": -0.01058388466015458, ""full_batch_harm_se"": 0.003987932112067938, ""full_batch_harm_ucb"": 0.0050488092191517345, ""full_batch_safe"": true}, ""default"": {""crossfit_feasible"": true, ""crossfit_utility"": -0.005435198545455933, ""crossfit_utility_positive"": false, ""full_batch_cur_after"": 1.0855491161346436, ""full_batch_cur_before"": 1.0872241258621216, ""full_batch_gain"": 0.0016750097274780273, ""full_batch_harm"": -0.00017481017857789993, ""full_batch_harm_lcb"": -0.003154227267950773, ""full_batch_harm_se"": 0.001520110759884119, ""full_batch_harm_ucb"": 0.002804606910794973, ""full_batch_safe"": true}}, ""guarded_best_reuse"": ""default"", ""num_adapters"": 4, ""pending_after"": false, ""pending_before"": false, ""policy_version"": ""cau_v1"", ""reason"": ""safe_existing_reuse"", ""utility"": {""batch_n"": 16, ""best_reuse"": ""default"", ""best_reuse_query_after"": 1.0926593840122223, ""best_reuse_utility"": -0.005435198545455933, ""defer_utility"": 0.0, ""fold_a_fresh_utility"": 0.07082009315490723, ""fold_a_query_n"": 8, ""fold_a_support_n"": 8, ""fold_b_fresh_utility"": -0.10662972927093506, ""fold_b_query_n"": 8, ""fold_b_support_n"": 8, ""fresh_advantage"": -0.012469619512557983, ""fresh_local_trainability"": -0.010716557502746582, ""fresh_positive"": false, ""fresh_query_after"": 1.1051290035247803, ""fresh_query_before"": 1.0944124460220337, ""fresh_utility"": -0.017904818058013916, ""reuse_profiles"": {""adapter_1"": {""feasible_both"": true, ""fold_a_harm"": -0.0016838116571307182, ""fold_a_lcb"": -0.00583635495044291, ""fold_a_query_after"": 1.1019251346588135, ""fold_a_utility"": 0.09232163429260254, ""fold_b_harm"": -0.0017332667484879494, ""fold_b_lcb"": -0.004634219580329954, ""fold_b_query_after"": 1.316880226135254, ""fold_b_utility"": -0.3366786241531372, ""harm_lcb_max"": -0.004634219580329954, ""harm_mean"": -0.0017085392028093338, ""harm_se_mean"": 0.001799361256416887, ""harm_ucb_max"": 0.002468731636181474, ""local_trainability"": 0.006430327892303467, ""query_after"": 1.2094026803970337, ""query_before"": 1.2158330082893372, ""system_utility"": -0.12217849493026733}, ""adapter_2"": {""feasible_both"": true, ""fold_a_harm"": -0.0007934542372822762, ""fold_a_lcb"": -0.004456989322789013, ""fold_a_query_after"": 1.277076244354248, ""fold_a_utility"": -0.08282947540283203, ""fold_b_harm"": -0.0007600411772727966, ""fold_b_lcb"": -0.002062754600774497, ""fold_b_query_after"": 1.36384117603302, ""fold_b_utility"": -0.3836395740509033, ""harm_lcb_max"": -0.002062754600774497, ""harm_mean"": -0.0007767477072775364, ""harm_se_mean"": 0.0012669001298490912, ""harm_ucb_max"": 0.002870080848224461, ""local_trainability"": -0.001972019672393799, ""query_after"": 1.320458710193634, ""query_before"": 1.3184866905212402, ""system_utility"": -0.23323452472686768}, ""adapter_3"": {""feasible_both"": true, ""fold_a_harm"": -0.0029288865625858307, ""fold_a_lcb"": -0.008869622433558107, ""fold_a_query_after"": 1.1451088190078735, ""fold_a_utility"": 0.04913794994354248, ""fold_b_harm"": -0.0023020869120955467, ""fold_b_lcb"": -0.011319256275892257, ""fold_b_query_after"": 1.1594842672348022, ""fold_b_utility"": -0.17928266525268555, ""harm_lcb_max"": -0.008869622433558107, ""harm_mean"": -0.0026154867373406887, ""harm_se_mean"": 0.0038157921517267823, ""harm_ucb_max"": 0.006715082451701163, ""local_trainability"": 0.000935673713684082, ""query_after"": 1.152296543121338, ""query_before"": 1.153232216835022, ""system_utility"": -0.06507235765457153}, ""default"": {""feasible_both"": true, ""fold_a_harm"": 0.0003140503540635109, ""fold_a_lcb"": -0.004963323827832937, ""fold_a_query_after"": 1.2054738998413086, ""fold_a_utility"": -0.011227130889892578, ""fold_b_harm"": 0.00024228543043136597, ""fold_b_lcb"": -0.0020274476753547785, ""fold_b_query_after"": 0.979844868183136, ""fold_b_utility"": 0.0003567337989807129, ""harm_lcb_max"": -0.0020274476753547785, ""harm_mean"": 0.00027816789224743843, ""harm_se_mean"": 0.0019252824713476002, ""harm_ucb_max"": 0.005591424535959959, ""local_trainability"": -0.005435198545455933, ""query_after"": 1.0926593840122223, ""query_before"": 1.0872241854667664, ""system_utility"": -0.005435198545455933}}, ""status"": ""ok"", ""statusquo_loss"": 1.0872241854667664}, ""utility_status"": ""ok""}"
75,B2,B,2,adapter_3,reuse,safe_existing_reuse,1.0744571685791016,4,True,589824,2371596,0,69917199,740355,23691808,1200,59.4086906965822,575139328,0.0,51.361330799758434,6.523260671645403,1.2801564931869507,0.16882723569869995,0.2004069685935974,-0.03157973289489746,False,,"{""best_reuse"": ""adapter_3"", ""best_reuse_utility"": 0.2004069685935974, ""decision"": ""reuse"", ""fresh_advantage"": -0.03157973289489746, ""fresh_positive"": false, ""fresh_utility"": 0.16882723569869995, ""full_batch_guards"": {""adapter_1"": {""crossfit_feasible"": true, ""crossfit_utility"": 0.08399248123168945, ""crossfit_utility_positive"": true, ""full_batch_cur_after"": 1.1916770935058594, ""full_batch_cur_before"": 1.2013212442398071, ""full_batch_gain"": 0.009644150733947754, ""full_batch_harm"": -0.0021774405613541603, ""full_batch_harm_lcb"": -0.005751914987340569, ""full_batch_harm_se"": 0.0018237114418298006, ""full_batch_harm_ucb"": 0.0013970338646322488, ""full_batch_safe"": true}, ""adapter_2"": {""crossfit_feasible"": true, ""crossfit_utility"": 0.17952674627304077, ""crossfit_utility_positive"": true, ""full_batch_cur_after"": 1.0954939126968384, ""full_batch_cur_before"": 1.097464680671692, ""full_batch_gain"": 0.0019707679748535156, ""full_batch_harm"": 0.00011453963816165924, ""full_batch_harm_lcb"": -0.0015879945829510688, ""full_batch_harm_se"": 0.0008686399087309837, ""full_batch_harm_ucb"": 0.0018170738592743873, ""full_batch_safe"": true}, ""adapter_3"": {""crossfit_feasible"": true, ""crossfit_utility"": 0.2004069685935974, ""crossfit_utility_positive"": true, ""full_batch_cur_after"": 1.0721890926361084, ""full_batch_cur_before"": 1.0774909257888794, ""full_batch_gain"": 0.005301833152770996, ""full_batch_harm"": -0.0015216553583741188, ""full_batch_harm_lcb"": -0.008879334619268774, ""full_batch_harm_se"": 0.0037539179902523756, ""full_batch_harm_ucb"": 0.0058360239025205375, ""full_batch_safe"": true}, ""default"": {""crossfit_feasible"": true, ""crossfit_utility"": -0.003002643585205078, ""crossfit_utility_positive"": false, ""full_batch_cur_after"": 1.2780559062957764, ""full_batch_cur_before"": 1.2801564931869507, ""full_batch_gain"": 0.0021005868911743164, ""full_batch_harm"": -0.00016110297292470932, ""full_batch_harm_lcb"": -0.0013100699963979423, ""full_batch_harm_se"": 0.0005862076650373638, ""full_batch_harm_ucb"": 0.0009878640505485237, ""full_batch_safe"": true}}, ""guarded_best_reuse"": ""adapter_3"", ""num_adapters"": 4, ""pending_after"": false, ""pending_before"": false, ""policy_version"": ""cau_v1"", ""reason"": ""safe_existing_reuse"", ""utility"": {""batch_n"": 16, ""best_reuse"": ""adapter_3"", ""best_reuse_query_after"": 1.0797495245933533, ""best_reuse_utility"": 0.2004069685935974, ""defer_utility"": 0.0, ""fold_a_fresh_utility"": 0.2382599115371704, ""fold_a_query_n"": 8, ""fold_a_support_n"": 8, ""fold_b_fresh_utility"": 0.09939455986022949, ""fold_b_query_n"": 8, ""fold_b_support_n"": 8, ""fresh_advantage"": -0.03157973289489746, ""fresh_local_trainability"": -0.006154894828796387, ""fresh_positive"": false, ""fresh_query_after"": 1.1113292574882507, ""fresh_query_before"": 1.1051743626594543, ""fresh_utility"": 0.16882723569869995, ""reuse_profiles"": {""adapter_1"": {""feasible_both"": true, ""fold_a_harm"": -0.0021634120494127274, ""fold_a_lcb"": -0.0058955937484279275, ""fold_a_query_after"": 1.0753822326660156, ""fold_a_utility"": 0.30577850341796875, ""fold_b_harm"": -0.0015970366075634956, ""fold_b_lcb"": -0.0038168443227186797, ""fold_b_query_after"": 1.3169457912445068, ""fold_b_utility"": -0.13779354095458984, ""harm_lcb_max"": -0.0038168443227186797, ""harm_mean"": -0.0018802243284881115, ""harm_se_mean"": 0.0015183646464720368, ""harm_ucb_max"": 0.0015687696496024727, ""local_trainability"": 0.0051572322845458984, ""query_after"": 1.1961640119552612, ""query_before"": 1.2013212442398071, ""system_utility"": 0.08399248123168945}, ""adapter_2"": {""feasible_both"": true, ""fold_a_harm"": 0.00025524571537971497, ""fold_a_lcb"": -0.003753815358504653, ""fold_a_query_after"": 1.170227289199829, ""fold_a_utility"": 0.21093344688415527, ""fold_b_harm"": 0.00036187469959259033, ""fold_b_lcb"": -0.0013263867795467376, ""fold_b_query_after"": 1.0310322046279907, ""fold_b_utility"": 0.14812004566192627, ""harm_lcb_max"": -0.0013263867795467376, ""harm_mean"": 0.00030856020748615265, ""harm_se_mean"": 0.0014533986104652286, ""harm_ucb_max"": 0.004264306789264083, ""local_trainability"": -0.0031650662422180176, ""query_after"": 1.10062974691391, ""query_before"": 1.097464680671692, ""system_utility"": 0.17952674627304077}, ""adapter_3"": {""feasible_both"": true, ""fold_a_harm"": -0.00186199601739645, ""fold_a_lcb"": -0.005690867602825165, ""fold_a_query_after"": 1.1027517318725586, ""fold_a_utility"": 0.2784090042114258, ""fold_b_harm"": -0.0016739536076784134, ""fold_b_lcb"": -0.010654448103159665, ""fold_b_query_after"": 1.056747317314148, ""fold_b_utility"": 0.12240493297576904, ""harm_lcb_max"": -0.005690867602825165, ""harm_mean"": -0.0017679748125374317, ""harm_se_mean"": 0.003267695428803563, ""harm_ucb_max"": 0.0073065408878028384, ""local_trainability"": -0.002258598804473877, ""query_after"": 1.0797495245933533, ""query_before"": 1.0774909257888794, ""system_utility"": 0.2004069685935974}, ""default"": {""feasible_both"": true, ""fold_a_harm"": 0.00044229906052351, ""fold_a_lcb"": -0.0018433918524533512, ""fold_a_query_after"": 1.3861539363861084, ""fold_a_utility"": -0.0049932003021240234, ""fold_b_harm"": -0.0004927841946482658, ""fold_b_lcb"": -0.0012294759403448552, ""fold_b_query_after"": 1.1801643371582031, ""fold_b_utility"": -0.0010120868682861328, ""harm_lcb_max"": -0.0012294759403448552, ""harm_mean"": -2.524256706237793e-05, ""harm_se_mean"": 0.000771015984355472, ""harm_ucb_max"": 0.002727989973500371, ""local_trainability"": -0.003002643585205078, ""query_after"": 1.2831591367721558, ""query_before"": 1.2801564931869507, ""system_utility"": -0.003002643585205078}}, ""status"": ""ok"", ""statusquo_loss"": 1.2801564931869507}, ""utility_status"": ""ok""}"
76,B2,B,2,adapter_1,reuse,safe_existing_reuse,1.0351736545562744,4,True,589824,2371596,0,69917199,740355,23691808,1216,60.52526083961129,575139328,0.0,52.46761144697666,6.523260671645403,1.1435803771018982,0.04559248685836792,0.08504322171211243,-0.03945073485374451,False,,"{""best_reuse"": ""adapter_1"", ""best_reuse_utility"": 0.08504322171211243, ""decision"": ""reuse"", ""fresh_advantage"": -0.03945073485374451, ""fresh_positive"": false, ""fresh_utility"": 0.04559248685836792, ""full_batch_guards"": {""adapter_1"": {""crossfit_feasible"": true, ""crossfit_utility"": 0.08504322171211243, ""crossfit_utility_positive"": true, ""full_batch_cur_after"": 1.0534336566925049, ""full_batch_cur_before"": 1.0605173110961914, ""full_batch_gain"": 0.0070836544036865234, ""full_batch_harm"": -0.00158662348985672, ""full_batch_harm_lcb"": -0.0051212468650192015, ""full_batch_harm_se"": 0.0018033792730420828, ""full_batch_harm_ucb"": 0.001947999885305762, ""full_batch_safe"": true}, ""adapter_2"": {""crossfit_feasible"": true, ""crossfit_utility"": -0.21209007501602173, ""crossfit_utility_positive"": false, ""full_batch_cur_after"": 1.351540207862854, ""full_batch_cur_before"": 1.353724718093872, ""full_batch_gain"": 0.0021845102310180664, ""full_batch_harm"": -0.0008983621373772621, ""full_batch_harm_lcb"": -0.0022475435445085167, ""full_batch_harm_se"": 0.0006883578607812524, ""full_batch_harm_ucb"": 0.00045081926975399245, ""full_batch_safe"": true}, ""adapter_3"": {""crossfit_feasible"": true, ""crossfit_utility"": 0.008276104927062988, ""crossfit_utility_positive"": true, ""full_batch_cur_after"": 1.1296385526657104, ""full_batch_cur_before"": 1.143580436706543, ""full_batch_gain"": 0.01394188404083252, ""full_batch_harm"": -0.0022198157384991646, ""full_batch_harm_lcb"": -0.011365644223988057, ""full_batch_harm_se"": 0.004666239023208618, ""full_batch_harm_ucb"": 0.0069260127469897275, ""full_batch_safe"": true}, ""default"": {""crossfit_feasible"": true, ""crossfit_utility"": -0.041856586933135986, ""crossfit_utility_positive"": false, ""full_batch_cur_after"": 1.1814860105514526, ""full_batch_cur_before"": 1.1839182376861572, ""full_batch_gain"": 0.00243222713470459, ""full_batch_harm"": -0.0005506249144673347, ""full_batch_harm_lcb"": -0.0024241057503968477, ""full_batch_harm_se"": 0.0009558575693517923, ""full_batch_harm_ucb"": 0.0013228559214621782, ""full_batch_safe"": true}}, ""guarded_best_reuse"": ""adapter_1"", ""num_adapters"": 4, ""pending_after"": false, ""pending_before"": false, ""policy_version"": ""cau_v1"", ""reason"": ""safe_existing_reuse"", ""utility"": {""batch_n"": 16, ""best_reuse"": ""adapter_1"", ""best_reuse_query_after"": 1.0585371553897858, ""best_reuse_utility"": 0.08504322171211243, ""defer_utility"": 0.0, ""fold_a_fresh_utility"": 0.061310529708862305, ""fold_a_query_n"": 8, ""fold_a_support_n"": 8, ""fold_b_fresh_utility"": 0.029874444007873535, ""fold_b_query_n"": 8, ""fold_b_support_n"": 8, ""fresh_advantage"": -0.03945073485374451, ""fresh_local_trainability"": 0.010740935802459717, ""fresh_positive"": false, ""fresh_query_after"": 1.0979878902435303, ""fresh_query_before"": 1.10872882604599, ""fresh_utility"": 0.04559248685836792, ""reuse_profiles"": {""adapter_1"": {""feasible_both"": true, ""fold_a_harm"": -0.0008209869265556335, ""fold_a_lcb"": -0.0022143423696979877, ""fold_a_query_after"": 1.1398077011108398, ""fold_a_utility"": -0.0017719268798828125, ""fold_b_harm"": -0.001781148836016655, ""fold_b_lcb"": -0.0056636020727455615, ""fold_b_query_after"": 0.9772666096687317, ""fold_b_utility"": 0.17185837030410767, ""harm_lcb_max"": -0.0022143423696979877, ""harm_mean"": -0.0013010678812861443, ""harm_se_mean"": 0.0013458695611916482, ""harm_ucb_max"": 0.0021013044007122516, ""local_trainability"": 0.0019801557064056396, ""query_after"": 1.0585371553897858, ""query_before"": 1.0605173110961914, ""system_utility"": 0.08504322171211243}, ""adapter_2"": {""feasible_both"": true, ""fold_a_harm"": -0.0003237184137105942, ""fold_a_lcb"": -0.0012117264489643275, ""fold_a_query_after"": 1.3788905143737793, ""fold_a_utility"": -0.24085474014282227, ""fold_b_harm"": -0.0010632183402776718, ""fold_b_lcb"": -0.00339060737285763, ""fold_b_query_after"": 1.3324503898620605, ""fold_b_utility"": -0.1833254098892212, ""harm_lcb_max"": -0.0012117264489643275, ""harm_mean"": -0.000693468376994133, ""harm_se_mean"": 0.0008202543540392071, ""harm_ucb_max"": 0.0012641706923022865, ""local_trainability"": -0.0019456744194030762, ""query_after"": 1.35567045211792, ""query_before"": 1.3537247776985168, ""system_utility"": -0.21209007501602173}, ""adapter_3"": {""feasible_both"": true, ""fold_a_harm"": -0.002636726014316082, ""fold_a_lcb"": -0.012505055703222752, ""fold_a_query_after"": 1.136828899383545, ""fold_a_utility"": 0.0012068748474121094, ""fold_b_harm"": -0.0019881129264831543, ""fold_b_lcb"": -0.009288761457428336, ""fold_b_query_after"": 1.1337796449661255, ""fold_b_utility"": 0.015345335006713867, ""harm_lcb_max"": -0.009288761457428336, ""harm_mean"": -0.002312419470399618, ""harm_se_mean"": 0.004379841382615268, ""harm_ucb_max"": 0.007231603674590588, ""local_trainability"": 0.008276104927062988, ""query_after"": 1.1353042721748352, ""query_before"": 1.1435803771018982, ""system_utility"": 0.008276104927062988}, ""default"": {""feasible_both"": true, ""fold_a_harm"": -0.0007431842386722565, ""fold_a_lcb"": -0.00229502959176898, ""fold_a_query_after"": 1.0730769634246826, ""fold_a_utility"": 0.06495881080627441, ""fold_b_harm"": -3.410410135984421e-05, ""fold_b_lcb"": -0.002476203292608261, ""fold_b_query_after"": 1.2977969646453857, ""fold_b_utility"": -0.1486719846725464, ""harm_lcb_max"": -0.00229502959176898, ""harm_mean"": -0.00038864417001605034, ""harm_se_mean"": 0.0010188634041696787, ""harm_ucb_max"": 0.0024079950898885727, ""local_trainability"": -0.001518845558166504, ""query_after"": 1.1854369640350342, ""query_before"": 1.1839181184768677, ""system_utility"": -0.041856586933135986}}, ""status"": ""ok"", ""statusquo_loss"": 1.1435803771018982}, ""utility_status"": ""ok""}"
77,B2,B,2,adapter_3,reuse,safe_existing_reuse,1.0868854522705078,4,True,589824,2371596,0,69917199,740355,23691808,1232,61.66318241134286,575139328,0.0,53.59658223949373,6.523260671645403,1.2122364044189453,0.0911409854888916,0.12035107612609863,-0.02921009063720703,False,,"{""best_reuse"": ""adapter_3"", ""best_reuse_utility"": 0.12035107612609863, ""decision"": ""reuse"", ""fresh_advantage"": -0.02921009063720703, ""fresh_positive"": false, ""fresh_utility"": 0.0911409854888916, ""full_batch_guards"": {""adapter_1"": {""crossfit_feasible"": true, ""crossfit_utility"": 0.0037648677825927734, ""crossfit_utility_positive"": true, ""full_batch_cur_after"": 1.2029697895050049, ""full_batch_cur_before"": 1.2122364044189453, ""full_batch_gain"": 0.00926661491394043, ""full_batch_harm"": -0.0019619762897491455, ""full_batch_harm_lcb"": -0.006350694308057427, ""full_batch_harm_se"": 0.002239141846075654, ""full_batch_harm_ucb"": 0.0024267417285591363, ""full_batch_safe"": true}, ""adapter_2"": {""crossfit_feasible"": true, ""crossfit_utility"": 0.08619648218154907, ""crossfit_utility_positive"": true, ""full_batch_cur_after"": 1.1179319620132446, ""full_batch_cur_before"": 1.1195451021194458, ""full_batch_gain"": 0.0016131401062011719, ""full_batch_harm"": -0.00030634738504886627, ""full_batch_harm_lcb"": -0.0017831489234231411, ""full_batch_harm_se"": 0.0007534701726399362, ""full_batch_harm_ucb"": 0.0011704541533254086, ""full_batch_safe"": true}, ""adapter_3"": {""crossfit_feasible"": true, ""crossfit_utility"": 0.12035107612609863, ""crossfit_utility_positive"": true, ""full_batch_cur_after"": 1.0828087329864502, ""full_batch_cur_before"": 1.0892972946166992, ""full_batch_gain"": 0.0064885616302490234, ""full_batch_harm"": -0.0033241035416722298, ""full_batch_harm_lcb"": -0.01091934071853757, ""full_batch_harm_se"": 0.003875121008604765, ""full_batch_harm_ucb"": 0.00427113363519311, ""full_batch_safe"": true}, ""default"": {""crossfit_feasible"": true, ""crossfit_utility"": -0.05347496271133423, ""crossfit_utility_positive"": false, ""full_batch_cur_after"": 1.2605197429656982, ""full_batch_cur_before"": 1.2649564743041992, ""full_batch_gain"": 0.0044367313385009766, ""full_batch_harm"": -0.00024619512259960175, ""full_batch_harm_lcb"": -0.001391938275191933, ""full_batch_harm_se"": 0.000584562832955271, ""full_batch_harm_ucb"": 0.0008995480299927295, ""full_batch_safe"": true}}, ""guarded_best_reuse"": ""adapter_3"", ""num_adapters"": 4, ""pending_after"": false, ""pending_before"": false, ""policy_version"": ""cau_v1"", ""reason"": ""safe_existing_reuse"", ""utility"": {""batch_n"": 16, ""best_reuse"": ""adapter_3"", ""best_reuse_query_after"": 1.0918853282928467, ""best_reuse_utility"": 0.12035107612609863, ""defer_utility"": 0.0, ""fold_a_fresh_utility"": 0.1677842140197754, ""fold_a_query_n"": 8, ""fold_a_support_n"": 8, ""fold_b_fresh_utility"": 0.014497756958007812, ""fold_b_query_n"": 8, ""fold_b_support_n"": 8, ""fresh_advantage"": -0.02921009063720703, ""fresh_local_trainability"": -0.01164555549621582, ""fresh_positive"": false, ""fresh_query_after"": 1.1210954189300537, ""fresh_query_before"": 1.109449863433838, ""fresh_utility"": 0.0911409854888916, ""reuse_profiles"": {""adapter_1"": {""feasible_both"": true, ""fold_a_harm"": -0.0018461039289832115, ""fold_a_lcb"": -0.005057173334062099, ""fold_a_query_after"": 1.2643623352050781, ""fold_a_utility"": 0.007488250732421875, ""fold_b_harm"": -0.001846199855208397, ""fold_b_lcb"": -0.006984715079888701, ""fold_b_query_after"": 1.152580738067627, ""fold_b_utility"": 4.1484832763671875e-05, ""harm_lcb_max"": -0.005057173334062099, ""harm_mean"": -0.0018461518920958042, ""harm_se_mean"": 0.002129996079020202, ""harm_ucb_max"": 0.0032923153694719076, ""local_trainability"": 0.0037648677825927734, ""query_after"": 1.2084715366363525, ""query_before"": 1.2122364044189453, ""system_utility"": 0.0037648677825927734}, ""adapter_2"": {""feasible_both"": true, ""fold_a_harm"": 0.0013023046776652336, ""fold_a_lcb"": -0.0018887680117040872, ""fold_a_query_after"": 1.2314174175262451, ""fold_a_utility"": 0.04043316841125488, ""fold_b_harm"": -0.0006548268720507622, ""fold_b_lcb"": -0.0038797608157619835, ""fold_b_query_after"": 1.0206624269485474, ""fold_b_utility"": 0.13195979595184326, ""harm_lcb_max"": -0.0018887680117040872, ""harm_mean"": 0.0003237389028072357, ""harm_se_mean"": 0.0016367363859899342, ""harm_ucb_max"": 0.0044933773670345544, ""local_trainability"": -0.00649493932723999, ""query_after"": 1.1260399222373962, ""query_before"": 1.1195449829101562, ""system_utility"": 0.08619648218154907}, ""adapter_3"": {""feasible_both"": true, ""fold_a_harm"": -0.0039761681109666824, ""fold_a_lcb"": -0.012952634878456593, ""fold_a_query_after"": 1.137131690979004, ""fold_a_utility"": 0.1347188949584961, ""fold_b_harm"": -0.0022575315088033676, ""fold_b_lcb"": -0.007524445280432701, ""fold_b_query_after"": 1.0466389656066895, ""fold_b_utility"": 0.10598325729370117, ""harm_lcb_max"": -0.007524445280432701, ""harm_mean"": -0.003116849809885025, ""harm_se_mean"": 0.0036335154436528683, ""harm_ucb_max"": 0.005000298656523228, ""local_trainability"": -0.0025879740715026855, ""query_after"": 1.0918853282928467, ""query_before"": 1.089297354221344, ""system_utility"": 0.12035107612609863}, ""default"": {""feasible_both"": true, ""fold_a_harm"": -0.00033965427428483963, ""fold_a_lcb"": -0.0013281499245204032, ""fold_a_query_after"": 1.1128987073898315, ""fold_a_utility"": 0.15895187854766846, ""fold_b_harm"": 8.502509444952011e-05, ""fold_b_lcb"": -0.00176085923332721, ""fold_b_query_after"": 1.4185240268707275, ""fold_b_utility"": -0.2659018039703369, ""harm_lcb_max"": -0.0013281499245204032, ""harm_mean"": -0.00012731458991765976, ""harm_se_mean"": 0.0007230561168398708, ""harm_ucb_max"": 0.0019309094222262502, ""local_trainability"": -0.0007549524307250977, ""query_after"": 1.2657113671302795, ""query_before"": 1.2649564146995544, ""system_utility"": -0.05347496271133423}}, ""status"": ""ok"", ""statusquo_loss"": 1.2122364044189453}, ""utility_status"": ""ok""}"
78,B2,B,2,adapter_2,reuse,pending_fresh_safe_existing_reuse,1.0542960166931152,4,True,589824,2371596,0,69917199,740355,23691808,1248,62.78549895435572,575139328,0.0,54.70993071235716,6.523260671645403,1.0752877593040466,0.029991865158081055,0.009672105312347412,0.020319759845733643,True,,"{""best_reuse"": ""adapter_2"", ""best_reuse_utility"": 0.009672105312347412, ""decision"": ""reuse"", ""fresh_advantage"": 0.020319759845733643, ""fresh_positive"": true, ""fresh_utility"": 0.029991865158081055, ""full_batch_guards"": {""adapter_1"": {""crossfit_feasible"": true, ""crossfit_utility"": -0.32423973083496094, ""crossfit_utility_positive"": false, ""full_batch_cur_after"": 1.3980696201324463, ""full_batch_cur_before"": 1.416750431060791, ""full_batch_gain"": 0.018680810928344727, ""full_batch_harm"": -0.0021636448800563812, ""full_batch_harm_lcb"": -0.007187313726171851, ""full_batch_harm_se"": 0.0025630963500589132, ""full_batch_harm_ucb"": 0.0028600239660590884, ""full_batch_safe"": true}, ""adapter_2"": {""crossfit_feasible"": true, ""crossfit_utility"": 0.009672105312347412, ""crossfit_utility_positive"": true, ""full_batch_cur_after"": 1.060866355895996, ""full_batch_cur_before"": 1.0688189268112183, ""full_batch_gain"": 0.007952570915222168, ""full_batch_harm"": 0.0005655158311128616, ""full_batch_harm_lcb"": -0.004798117717728019, ""full_batch_harm_se"": 0.002736547729000449, ""full_batch_harm_ucb"": 0.005929149379953742, ""full_batch_safe"": true}, ""adapter_3"": {""crossfit_feasible"": true, ""crossfit_utility"": -0.0038892030715942383, ""crossfit_utility_positive"": false, ""full_batch_cur_after"": 1.075136661529541, ""full_batch_cur_before"": 1.0752876996994019, ""full_batch_gain"": 0.00015103816986083984, ""full_batch_harm"": -0.001744813285768032, ""full_batch_harm_lcb"": -0.005108547545969486, ""full_batch_harm_se"": 0.0017161909490823746, ""full_batch_harm_ucb"": 0.0016189209744334222, ""full_batch_safe"": true}, ""default"": {""crossfit_feasible"": true, ""crossfit_utility"": -0.03357422351837158, ""crossfit_utility_positive"": false, ""full_batch_cur_after"": 1.1065037250518799, ""full_batch_cur_before"": 1.113425850868225, ""full_batch_gain"": 0.006922125816345215, ""full_batch_harm"": 0.0003323368728160858, ""full_batch_harm_lcb"": -0.002609364418312907, ""full_batch_harm_se"": 0.0015008680056780577, ""full_batch_harm_ucb"": 0.003274038163945079, ""full_batch_safe"": true}}, ""guarded_best_reuse"": ""adapter_2"", ""num_adapters"": 4, ""pending_after"": true, ""pending_before"": false, ""policy_version"": ""cau_v1"", ""reason"": ""pending_fresh_safe_existing_reuse"", ""utility"": {""batch_n"": 16, ""best_reuse"": ""adapter_2"", ""best_reuse_query_after"": 1.0656156539916992, ""best_reuse_utility"": 0.009672105312347412, ""defer_utility"": 0.0, ""fold_a_fresh_utility"": 0.027119159698486328, ""fold_a_query_n"": 8, ""fold_a_support_n"": 8, ""fold_b_fresh_utility"": 0.03286457061767578, ""fold_b_query_n"": 8, ""fold_b_support_n"": 8, ""fresh_advantage"": 0.020319759845733643, ""fresh_local_trainability"": 0.025083184242248535, ""fresh_positive"": true, ""fresh_query_after"": 1.0452958941459656, ""fresh_query_before"": 1.0703790783882141, ""fresh_utility"": 0.029991865158081055, ""reuse_profiles"": {""adapter_1"": {""feasible_both"": true, ""fold_a_harm"": -0.002194983884692192, ""fold_a_lcb"": -0.00725970808416605, ""fold_a_query_after"": 1.307945966720581, ""fold_a_utility"": -0.22489488124847412, ""fold_b_harm"": -0.0021347440779209137, ""fold_b_lcb"": -0.00689816583879292, ""fold_b_query_after"": 1.491109013557434, ""fold_b_utility"": -0.42358458042144775, ""harm_lcb_max"": -0.00689816583879292, ""harm_mean"": -0.002164863981306553, ""harm_se_mean"": 0.0025071800919249654, ""harm_ucb_max"": 0.002869740314781666, ""local_trainability"": 0.017222881317138672, ""query_after"": 1.3995274901390076, ""query_before"": 1.4167503714561462, ""system_utility"": -0.32423973083496094}, ""adapter_2"": {""feasible_both"": true, ""fold_a_harm"": 0.0012383311986923218, ""fold_a_lcb"": -0.0047693700995296235, ""fold_a_query_after"": 1.1019766330718994, ""fold_a_utility"": -0.01892554759979248, ""fold_b_harm"": 0.00045713409781455994, ""fold_b_lcb"": -0.003569799391552806, ""fold_b_query_after"": 1.029254674911499, ""fold_b_utility"": 0.038269758224487305, ""harm_lcb_max"": -0.003569799391552806, ""harm_mean"": 0.0008477326482534409, ""harm_se_mean"": 0.0025598558131605387, ""harm_ucb_max"": 0.007246032496914267, ""local_trainability"": 0.003203272819519043, ""query_after"": 1.0656156539916992, ""query_before"": 1.0688189268112183, ""system_utility"": 0.009672105312347412}, ""adapter_3"": {""feasible_both"": true, ""fold_a_harm"": -0.0015177326276898384, ""fold_a_lcb"": -0.004889909555204212, ""fold_a_query_after"": 1.0841354131698608, ""fold_a_utility"": -0.0010843276977539062, ""fold_b_harm"": -0.001645122654736042, ""fold_b_lcb"": -0.006122209737077356, ""fold_b_query_after"": 1.074218511581421, ""fold_b_utility"": -0.00669407844543457, ""harm_lcb_max"": -0.004889909555204212, ""harm_mean"": -0.0015814276412129402, ""harm_se_mean"": 0.0020023632678203285, ""harm_ucb_max"": 0.0028319644276052717, ""local_trainability"": -0.0038892030715942383, ""query_after"": 1.0791769623756409, ""query_before"": 1.0752877593040466, ""system_utility"": -0.0038892030715942383}, ""default"": {""feasible_both"": true, ""fold_a_harm"": 0.0005266796797513962, ""fold_a_lcb"": -0.0028060279320925472, ""fold_a_query_after"": 1.1466280221939087, ""fold_a_utility"": -0.06357693672180176, ""fold_b_harm"": 6.975606083869934e-05, ""fold_b_lcb"": -0.002192042749375105, ""fold_b_query_after"": 1.0710959434509277, ""fold_b_utility"": -0.0035715103149414062, ""harm_lcb_max"": -0.002192042749375105, ""harm_mean"": 0.00029821787029504776, ""harm_se_mean"": 0.0014271700056269765, ""harm_ucb_max"": 0.0038593872915953396, ""local_trainability"": 0.004563868045806885, ""query_after"": 1.1088619828224182, ""query_before"": 1.113425850868225, ""system_utility"": -0.03357422351837158}}, ""status"": ""ok"", ""statusquo_loss"": 1.0752877593040466}, ""utility_status"": ""ok""}"
79,B2,B,2,adapter_3,reuse,safe_existing_reuse,1.1227504014968872,4,True,589824,2371596,0,69917199,740355,23691808,1264,63.92175238765776,575139328,0.0,55.837097972631454,6.523260671645403,1.204389750957489,0.06711524724960327,0.0800015926361084,-0.012886345386505127,False,,"{""best_reuse"": ""adapter_3"", ""best_reuse_utility"": 0.0800015926361084, ""decision"": ""reuse"", ""fresh_advantage"": -0.012886345386505127, ""fresh_positive"": false, ""fresh_utility"": 0.06711524724960327, ""full_batch_guards"": {""adapter_1"": {""crossfit_feasible"": true, ""crossfit_utility"": -0.0717509388923645, ""crossfit_utility_positive"": false, ""full_batch_cur_after"": 1.2699525356292725, ""full_batch_cur_before"": 1.283087134361267, ""full_batch_gain"": 0.013134598731994629, ""full_batch_harm"": -0.0021747807040810585, ""full_batch_harm_lcb"": -0.007049141135066748, ""full_batch_harm_se"": 0.0024869185872375965, ""full_batch_harm_ucb"": 0.002699579726904631, ""full_batch_safe"": true}, ""adapter_2"": {""crossfit_feasible"": true, ""crossfit_utility"": -0.003396749496459961, ""crossfit_utility_positive"": false, ""full_batch_cur_after"": 1.1986305713653564, ""full_batch_cur_before"": 1.2043895721435547, ""full_batch_gain"": 0.005759000778198242, ""full_batch_harm"": -0.0017492519691586494, ""full_batch_harm_lcb"": -0.005717502292245626, ""full_batch_harm_se"": 0.00202461751177907, ""full_batch_harm_ucb"": 0.0022189983539283274, ""full_batch_safe"": true}, ""adapter_3"": {""crossfit_feasible"": true, ""crossfit_utility"": 0.0800015926361084, ""crossfit_utility_positive"": true, ""full_batch_cur_after"": 1.1135443449020386, ""full_batch_cur_before"": 1.1156691312789917, ""full_batch_gain"": 0.002124786376953125, ""full_batch_harm"": -0.0023558055981993675, ""full_batch_harm_lcb"": -0.007749147862195969, ""full_batch_harm_se"": 0.0027517052367329597, ""full_batch_harm_ucb"": 0.0030375366657972337, ""full_batch_safe"": true}, ""default"": {""crossfit_feasible"": true, ""crossfit_utility"": 0.021008312702178955, ""crossfit_utility_positive"": true, ""full_batch_cur_after"": 1.1749000549316406, ""full_batch_cur_before"": 1.1785359382629395, ""full_batch_gain"": 0.003635883331298828, ""full_batch_harm"": -0.00025262217968702316, ""full_batch_harm_lcb"": -0.001600282008294016, ""full_batch_harm_se"": 0.0006875815452076495, ""full_batch_harm_ucb"": 0.0010950376489199697, ""full_batch_safe"": true}}, ""guarded_best_reuse"": ""adapter_3"", ""num_adapters"": 4, ""pending_after"": false, ""pending_before"": true, ""policy_version"": ""cau_v1"", ""reason"": ""safe_existing_reuse"", ""utility"": {""batch_n"": 16, ""best_reuse"": ""adapter_3"", ""best_reuse_query_after"": 1.1243881583213806, ""best_reuse_utility"": 0.0800015926361084, ""defer_utility"": 0.0, ""fold_a_fresh_utility"": 0.04290902614593506, ""fold_a_query_n"": 8, ""fold_a_support_n"": 8, ""fold_b_fresh_utility"": 0.09132146835327148, ""fold_b_query_n"": 8, ""fold_b_support_n"": 8, ""fresh_advantage"": -0.012886345386505127, ""fresh_local_trainability"": -0.03219199180603027, ""fresh_positive"": false, ""fresh_query_after"": 1.1372745037078857, ""fresh_query_before"": 1.1050825119018555, ""fresh_utility"": 0.06711524724960327, ""reuse_profiles"": {""adapter_1"": {""feasible_both"": true, ""fold_a_harm"": -0.001985400915145874, ""fold_a_lcb"": -0.007360534891486168, ""fold_a_query_after"": 1.1016048192977905, ""fold_a_utility"": 0.11100900173187256, ""fold_b_harm"": -0.0020295707508921623, ""fold_b_lcb"": -0.005275651179254055, ""fold_b_query_after"": 1.4506765604019165, ""fold_b_utility"": -0.25451087951660156, ""harm_lcb_max"": -0.005275651179254055, ""harm_mean"": -0.002007485833019018, ""harm_se_mean"": 0.0021992893889546394, ""harm_ucb_max"": 0.00338973306119442, ""local_trainability"": 0.006946384906768799, ""query_after"": 1.2761406898498535, ""query_before"": 1.2830870747566223, ""system_utility"": -0.0717509388923645}, ""adapter_2"": {""feasible_both"": true, ""fold_a_harm"": -0.0014184070751070976, ""fold_a_lcb"": -0.007360871136188507, ""fold_a_query_after"": 1.2256478071212769, ""fold_a_utility"": -0.01303398609161377, ""fold_b_harm"": -0.0010239481925964355, ""fold_b_lcb"": -0.0032293905271217225, ""fold_b_query_after"": 1.189925193786621, ""fold_b_utility"": 0.006240487098693848, ""harm_lcb_max"": -0.0032293905271217225, ""harm_mean"": -0.0012211776338517666, ""harm_se_mean"": 0.0020785475498996675, ""harm_ucb_max"": 0.004524056985974312, ""local_trainability"": -0.003396749496459961, ""query_after"": 1.207786500453949, ""query_before"": 1.204389750957489, ""system_utility"": -0.003396749496459961}, ""adapter_3"": {""feasible_both"": true, ""fold_a_harm"": -0.0020957253873348236, ""fold_a_lcb"": -0.005182551294565201, ""fold_a_query_after"": 1.082985281944275, ""fold_a_utility"": 0.12962853908538818, ""fold_b_harm"": -0.001961350440979004, ""fold_b_lcb"": -0.010506667774170636, ""fold_b_query_after"": 1.1657910346984863, ""fold_b_utility"": 0.030374646186828613, ""harm_lcb_max"": -0.005182551294565201, ""harm_mean"": -0.0020285379141569138, ""harm_se_mean"": 0.0029673834796994925, ""harm_ucb_max"": 0.0065839668922126286, ""local_trainability"": -0.008719027042388916, ""query_after"": 1.1243881583213806, ""query_before"": 1.1156691312789917, ""system_utility"": 0.0800015926361084}, ""default"": {""feasible_both"": true, ""fold_a_harm"": 0.00043990369886159897, ""fold_a_lcb"": -0.002938628559932113, ""fold_a_query_after"": 1.3657257556915283, ""fold_a_utility"": -0.15311193466186523, ""fold_b_harm"": -0.0005258237943053246, ""fold_b_lcb"": -0.001220230956096202, ""fold_b_query_after"": 1.0010371208190918, ""fold_b_utility"": 0.19512856006622314, ""harm_lcb_max"": -0.001220230956096202, ""harm_mean"": -4.296004772186279e-05, ""harm_se_mean"": 0.0010390151583123952, ""harm_ucb_max"": 0.0038184359576553108, ""local_trainability"": -0.004845380783081055, ""query_after"": 1.18338143825531, ""query_before"": 1.178536057472229, ""system_utility"": 0.021008312702178955}}, ""status"": ""ok"", ""statusquo_loss"": 1.204389750957489}, ""utility_status"": ""ok""}"
80,B2,B,2,adapter_3,reuse,safe_existing_reuse,1.0810267925262451,4,True,589824,2371596,0,69917199,740355,23691808,1280,65.0424755550921,575139328,0.0,56.94854353182018,6.523260671645403,1.0822723507881165,-0.016778171062469482,0.001082003116607666,-0.01786017417907715,False,,"{""best_reuse"": ""adapter_3"", ""best_reuse_utility"": 0.001082003116607666, ""decision"": ""reuse"", ""fresh_advantage"": -0.01786017417907715, ""fresh_positive"": false, ""fresh_utility"": -0.016778171062469482, ""full_batch_guards"": {""adapter_1"": {""crossfit_feasible"": true, ""crossfit_utility"": -0.13404053449630737, ""crossfit_utility_positive"": false, ""full_batch_cur_after"": 1.2140885591506958, ""full_batch_cur_before"": 1.2234424352645874, ""full_batch_gain"": 0.009353876113891602, ""full_batch_harm"": -0.0021931957453489304, ""full_batch_harm_lcb"": -0.006794846225529909, ""full_batch_harm_se"": 0.0023477808572351933, ""full_batch_harm_ucb"": 0.0024084547348320485, ""full_batch_safe"": true}, ""adapter_2"": {""crossfit_feasible"": true, ""crossfit_utility"": -0.04629993438720703, ""crossfit_utility_positive"": false, ""full_batch_cur_after"": 1.1251144409179688, ""full_batch_cur_before"": 1.1280527114868164, ""full_batch_gain"": 0.0029382705688476562, ""full_batch_harm"": -0.0014040088281035423, ""full_batch_harm_lcb"": -0.004436409980989993, ""full_batch_harm_se"": 0.0015471434453502297, ""full_batch_harm_ucb"": 0.0016283923247829078, ""full_batch_safe"": true}, ""adapter_3"": {""crossfit_feasible"": true, ""crossfit_utility"": 0.001082003116607666, ""crossfit_utility_positive"": true, ""full_batch_cur_after"": 1.0778793096542358, ""full_batch_cur_before"": 1.0822724103927612, ""full_batch_gain"": 0.004393100738525391, ""full_batch_harm"": 0.0005571274086833, ""full_batch_harm_lcb"": -0.0037753461673855782, ""full_batch_harm_se"": 0.0022104457020759583, ""full_batch_harm_ucb"": 0.004889600984752178, ""full_batch_safe"": true}, ""default"": {""crossfit_feasible"": true, ""crossfit_utility"": -0.1852702498435974, ""crossfit_utility_positive"": false, ""full_batch_cur_after"": 1.264406442642212, ""full_batch_cur_before"": 1.2686327695846558, ""full_batch_gain"": 0.004226326942443848, ""full_batch_harm"": -0.0002713846042752266, ""full_batch_harm_lcb"": -0.0013364796456880868, ""full_batch_harm_se"": 0.0005434158374555409, ""full_batch_harm_ucb"": 0.0007937104371376336, ""full_batch_safe"": true}}, ""guarded_best_reuse"": ""adapter_3"", ""num_adapters"": 4, ""pending_after"": false, ""pending_before"": false, ""policy_version"": ""cau_v1"", ""reason"": ""safe_existing_reuse"", ""utility"": {""batch_n"": 16, ""best_reuse"": ""adapter_3"", ""best_reuse_query_after"": 1.0811903476715088, ""best_reuse_utility"": 0.001082003116607666, ""defer_utility"": 0.0, ""fold_a_fresh_utility"": -0.022879600524902344, ""fold_a_query_n"": 8, ""fold_a_support_n"": 8, ""fold_b_fresh_utility"": -0.010676741600036621, ""fold_b_query_n"": 8, ""fold_b_support_n"": 8, ""fresh_advantage"": -0.01786017417907715, ""fresh_local_trainability"": 0.011998295783996582, ""fresh_positive"": false, ""fresh_query_after"": 1.099050521850586, ""fresh_query_before"": 1.1110488176345825, ""fresh_utility"": -0.016778171062469482, ""reuse_profiles"": {""adapter_1"": {""feasible_both"": true, ""fold_a_harm"": -0.0020924806594848633, ""fold_a_lcb"": -0.006563773490488529, ""fold_a_query_after"": 1.2064788341522217, ""fold_a_utility"": -0.13129305839538574, ""fold_b_harm"": -0.002130347304046154, ""fold_b_lcb"": -0.0063898727297782894, ""fold_b_query_after"": 1.226146936416626, ""fold_b_utility"": -0.136788010597229, ""harm_lcb_max"": -0.0063898727297782894, ""harm_mean"": -0.0021114139817655087, ""harm_se_mean"": 0.0022272495552897453, ""harm_ucb_max"": 0.0023788121715188027, ""local_trainability"": 0.007129549980163574, ""query_after"": 1.2163128852844238, ""query_before"": 1.2234424352645874, ""system_utility"": -0.13404053449630737}, ""adapter_2"": {""feasible_both"": true, ""fold_a_harm"": -0.0011690277606248856, ""fold_a_lcb"": -0.004549691393040121, ""fold_a_query_after"": 1.1386905908584595, ""fold_a_utility"": -0.06350481510162354, ""fold_b_harm"": -0.0011374661698937416, ""fold_b_lcb"": -0.003974430561065674, ""fold_b_query_after"": 1.1184539794921875, ""fold_b_utility"": -0.029095053672790527, ""harm_lcb_max"": -0.003974430561065674, ""harm_mean"": -0.0011532469652593136, ""harm_se_mean"": 0.0015861295978538692, ""harm_ucb_max"": 0.0022116358717903495, ""local_trainability"": -0.0005195140838623047, ""query_after"": 1.1285722851753235, ""query_before"": 1.1280527710914612, ""system_utility"": -0.04629993438720703}, ""adapter_3"": {""feasible_both"": true, ""fold_a_harm"": 0.00040354765951633453, ""fold_a_lcb"": -0.0036022888589650392, ""fold_a_query_after"": 1.0735993385314941, ""fold_a_utility"": 0.0015864372253417969, ""fold_b_harm"": 0.0006440803408622742, ""fold_b_lcb"": -0.004040221162140369, ""fold_b_query_after"": 1.0887813568115234, ""fold_b_utility"": 0.0005775690078735352, ""harm_lcb_max"": -0.0036022888589650392, ""harm_mean"": 0.0005238140001893044, ""harm_se_mean"": 0.002216871944256127, ""harm_ucb_max"": 0.005328381843864917, ""local_trainability"": 0.001082003116607666, ""query_after"": 1.0811903476715088, ""query_before"": 1.0822723507881165, ""system_utility"": 0.001082003116607666}, ""default"": {""feasible_both"": true, ""fold_a_harm"": -0.00020633451640605927, ""fold_a_lcb"": -0.0014507032698020338, ""fold_a_query_after"": 1.2690258026123047, ""fold_a_utility"": -0.19384002685546875, ""fold_b_harm"": -0.00044348835945129395, ""fold_b_lcb"": -0.0013534651044756173, ""fold_b_query_after"": 1.266059398651123, ""fold_b_utility"": -0.17670047283172607, ""harm_lcb_max"": -0.0013534651044756173, ""harm_mean"": -0.0003249114379286766, ""harm_se_mean"": 0.0005495779332704842, ""harm_ucb_max"": 0.0010380342369899153, ""local_trainability"": 0.0010901689529418945, ""query_after"": 1.2675426006317139, ""query_before"": 1.2686327695846558, ""system_utility"": -0.1852702498435974}}, ""status"": ""ok"", ""statusquo_loss"": 1.0822723507881165}, ""utility_status"": ""ok""}"
81,B2,B,2,adapter_1,reuse,safe_existing_reuse,1.0504966974258423,4,True,589824,2371596,0,69917199,740355,23691808,1296,66.19517004862428,575139328,0.0,58.09187441132963,6.523260671645403,1.1892647743225098,0.08841001987457275,0.1328435242176056,-0.04443350434303284,False,,"{""best_reuse"": ""adapter_1"", ""best_reuse_utility"": 0.1328435242176056, ""decision"": ""reuse"", ""fresh_advantage"": -0.04443350434303284, ""fresh_positive"": false, ""fresh_utility"": 0.08841001987457275, ""full_batch_guards"": {""adapter_1"": {""crossfit_feasible"": true, ""crossfit_utility"": 0.1328435242176056, ""crossfit_utility_positive"": true, ""full_batch_cur_after"": 1.0479525327682495, ""full_batch_cur_before"": 1.0616106986999512, ""full_batch_gain"": 0.01365816593170166, ""full_batch_harm"": -0.0011422596871852875, ""full_batch_harm_lcb"": -0.006791108036413788, ""full_batch_harm_se"": 0.0028820654843002558, ""full_batch_harm_ucb"": 0.004506588662043213, ""full_batch_safe"": true}, ""adapter_2"": {""crossfit_feasible"": true, ""crossfit_utility"": -0.2818920612335205, ""crossfit_utility_positive"": false, ""full_batch_cur_after"": 1.4647505283355713, ""full_batch_cur_before"": 1.4721953868865967, ""full_batch_gain"": 0.007444858551025391, ""full_batch_harm"": -0.0021762503311038017, ""full_batch_harm_lcb"": -0.0058419019589200614, ""full_batch_harm_se"": 0.0018702304223552346, ""full_batch_harm_ucb"": 0.001489401296712458, ""full_batch_safe"": true}, ""adapter_3"": {""crossfit_feasible"": true, ""crossfit_utility"": 0.003507077693939209, ""crossfit_utility_positive"": true, ""full_batch_cur_after"": 1.1773669719696045, ""full_batch_cur_before"": 1.1892647743225098, ""full_batch_gain"": 0.011897802352905273, ""full_batch_harm"": -0.005390617996454239, ""full_batch_harm_lcb"": -0.010580046605318784, ""full_batch_harm_se"": 0.002647667657583952, ""full_batch_harm_ucb"": -0.00020118938758969303, ""full_batch_safe"": true}, ""default"": {""crossfit_feasible"": true, ""crossfit_utility"": 0.08417618274688721, ""crossfit_utility_positive"": true, ""full_batch_cur_after"": 1.0950868129730225, ""full_batch_cur_before"": 1.1003062725067139, ""full_batch_gain"": 0.005219459533691406, ""full_batch_harm"": -0.00042889080941677094, ""full_batch_harm_lcb"": -0.003762976820580661, ""full_batch_harm_se"": 0.0017010642914101481, ""full_batch_harm_ucb"": 0.002905195201747119, ""full_batch_safe"": true}}, ""guarded_best_reuse"": ""adapter_1"", ""num_adapters"": 4, ""pending_after"": false, ""pending_before"": false, ""policy_version"": ""cau_v1"", ""reason"": ""safe_existing_reuse"", ""utility"": {""batch_n"": 16, ""best_reuse"": ""adapter_1"", ""best_reuse_query_after"": 1.0564212501049042, ""best_reuse_utility"": 0.1328435242176056, ""defer_utility"": 0.0, ""fold_a_fresh_utility"": -0.03174257278442383, ""fold_a_query_n"": 8, ""fold_a_support_n"": 8, ""fold_b_fresh_utility"": 0.20856261253356934, ""fold_b_query_n"": 8, ""fold_b_support_n"": 8, ""fresh_advantage"": -0.04443350434303284, ""fresh_local_trainability"": 0.0068100690841674805, ""fresh_positive"": false, ""fresh_query_after"": 1.100854754447937, ""fresh_query_before"": 1.1076648235321045, ""fresh_utility"": 0.08841001987457275, ""reuse_profiles"": {""adapter_1"": {""feasible_both"": true, ""fold_a_harm"": -0.0011935718357563019, ""fold_a_lcb"": -0.006894465312361717, ""fold_a_query_after"": 0.9881451725959778, ""fold_a_utility"": 0.11395829916000366, ""fold_b_harm"": -0.0010109702125191689, ""fold_b_lcb"": -0.0043124209484085435, ""fold_b_query_after"": 1.1246973276138306, ""fold_b_utility"": 0.15172874927520752, ""harm_lcb_max"": -0.0043124209484085435, ""harm_mean"": -0.0011022710241377354, ""harm_se_mean"": 0.002296516380738467, ""harm_ucb_max"": 0.004507321640849113, ""local_trainability"": 0.005189359188079834, ""query_after"": 1.0564212501049042, ""query_before"": 1.061610609292984, ""system_utility"": 0.1328435242176056}, ""adapter_2"": {""feasible_both"": true, ""fold_a_harm"": -0.002180330455303192, ""fold_a_lcb"": -0.0065894568152725696, ""fold_a_query_after"": 1.3230791091918945, ""fold_a_utility"": -0.22097563743591309, ""fold_b_harm"": -0.001633073203265667, ""fold_b_lcb"": -0.003954843450337649, ""fold_b_query_after"": 1.619234561920166, ""fold_b_utility"": -0.34280848503112793, ""harm_lcb_max"": -0.003954843450337649, ""harm_mean"": -0.0019067018292844296, ""harm_se_mean"": 0.0017170654609799385, ""harm_ucb_max"": 0.0022287959046661853, ""local_trainability"": 0.001038670539855957, ""query_after"": 1.4711568355560303, ""query_before"": 1.4721955060958862, ""system_utility"": -0.2818920612335205}, ""adapter_3"": {""feasible_both"": true, ""fold_a_harm"": -0.00505891814827919, ""fold_a_lcb"": -0.009574802573770285, ""fold_a_query_after"": 1.094377040863037, ""fold_a_utility"": 0.007726430892944336, ""fold_b_harm"": -0.004812370054423809, ""fold_b_lcb"": -0.010946026155725121, ""fold_b_query_after"": 1.277138352394104, ""fold_b_utility"": -0.000712275505065918, ""harm_lcb_max"": -0.009574802573770285, ""harm_mean"": -0.0049356441013514996, ""harm_se_mean"": 0.00271671952214092, ""harm_ucb_max"": 0.0013212860468775033, ""local_trainability"": 0.003507077693939209, ""query_after"": 1.1857576966285706, ""query_before"": 1.1892647743225098, ""system_utility"": 0.003507077693939209}, ""default"": {""feasible_both"": true, ""fold_a_harm"": 8.560903370380402e-05, ""fold_a_lcb"": -0.004779374813660979, ""fold_a_query_after"": 1.3331376314163208, ""fold_a_utility"": -0.23103415966033936, ""fold_b_harm"": -0.0006099902093410492, ""fold_b_lcb"": -0.0023851563315838574, ""fold_b_query_after"": 0.8770395517349243, ""fold_b_utility"": 0.39938652515411377, ""harm_lcb_max"": -0.0023851563315838574, ""harm_mean"": -0.0002621905878186226, ""harm_se_mean"": 0.0016939158085733652, ""harm_ucb_max"": 0.004950592881068587, ""local_trainability"": -0.004782378673553467, ""query_after"": 1.1050885915756226, ""query_before"": 1.100306212902069, ""system_utility"": 0.08417618274688721}}, ""status"": ""ok"", ""statusquo_loss"": 1.1892647743225098}, ""utility_status"": ""ok""}"
82,B2,B,2,adapter_2,reuse,safe_existing_reuse,1.0547678470611572,4,True,589824,2371596,0,69917199,740355,23691808,1312,67.31670353189111,575139328,0.0,59.20367008075118,6.523260671645403,1.443308711051941,0.39242053031921387,0.3988755941390991,-0.006455063819885254,False,,"{""best_reuse"": ""adapter_2"", ""best_reuse_utility"": 0.3988755941390991, ""decision"": ""reuse"", ""fresh_advantage"": -0.006455063819885254, ""fresh_positive"": false, ""fresh_utility"": 0.39242053031921387, ""full_batch_guards"": {""adapter_1"": {""crossfit_feasible"": true, ""crossfit_utility"": 0.016963422298431396, ""crossfit_utility_positive"": true, ""full_batch_cur_after"": 1.4228434562683105, ""full_batch_cur_before"": 1.443308711051941, ""full_batch_gain"": 0.02046525478363037, ""full_batch_harm"": -0.001468171365559101, ""full_batch_harm_lcb"": -0.008039508154615758, ""full_batch_harm_se"": 0.0033527228515595198, ""full_batch_harm_ucb"": 0.005103165423497557, ""full_batch_safe"": true}, ""adapter_2"": {""crossfit_feasible"": true, ""crossfit_utility"": 0.3988755941390991, ""crossfit_utility_positive"": true, ""full_batch_cur_after"": 1.0384358167648315, ""full_batch_cur_before"": 1.0505955219268799, ""full_batch_gain"": 0.01215970516204834, ""full_batch_harm"": -0.0007540425285696983, ""full_batch_harm_lcb"": -0.007248840164393187, ""full_batch_harm_se"": 0.003313672263175249, ""full_batch_harm_ucb"": 0.00574075510725379, ""full_batch_safe"": true}, ""adapter_3"": {""crossfit_feasible"": true, ""crossfit_utility"": 0.3463219404220581, ""crossfit_utility_positive"": true, ""full_batch_cur_after"": 1.0915827751159668, ""full_batch_cur_before"": 1.093588948249817, ""full_batch_gain"": 0.0020061731338500977, ""full_batch_harm"": -0.0009484793990850449, ""full_batch_harm_lcb"": -0.00245476296171546, ""full_batch_harm_se"": 0.0007685120217502117, ""full_batch_harm_ucb"": 0.00055780416354537, ""full_batch_safe"": true}, ""default"": {""crossfit_feasible"": true, ""crossfit_utility"": 0.3344833254814148, ""crossfit_utility_positive"": true, ""full_batch_cur_after"": 1.1046618223190308, ""full_batch_cur_before"": 1.1113308668136597, ""full_batch_gain"": 0.006669044494628906, ""full_batch_harm"": 0.0004432164132595062, ""full_batch_harm_lcb"": -0.0025319529883563517, ""full_batch_harm_se"": 0.0015179435722529888, ""full_batch_harm_ucb"": 0.003418385814875364, ""full_batch_safe"": true}}, ""guarded_best_reuse"": ""adapter_2"", ""num_adapters"": 4, ""pending_after"": false, ""pending_before"": false, ""policy_version"": ""cau_v1"", ""reason"": ""safe_existing_reuse"", ""utility"": {""batch_n"": 16, ""best_reuse"": ""adapter_2"", ""best_reuse_query_after"": 1.0444331169128418, ""best_reuse_utility"": 0.3988755941390991, ""defer_utility"": 0.0, ""fold_a_fresh_utility"": 0.3464329242706299, ""fold_a_query_n"": 8, ""fold_a_support_n"": 8, ""fold_b_fresh_utility"": 0.43840813636779785, ""fold_b_query_n"": 8, ""fold_b_support_n"": 8, ""fresh_advantage"": -0.006455063819885254, ""fresh_local_trainability"": 0.01434791088104248, ""fresh_positive"": false, ""fresh_query_after"": 1.050888180732727, ""fresh_query_before"": 1.0652360916137695, ""fresh_utility"": 0.39242053031921387, ""reuse_profiles"": {""adapter_1"": {""feasible_both"": true, ""fold_a_harm"": -0.0014771679416298866, ""fold_a_lcb"": -0.007428320413455367, ""fold_a_query_after"": 1.3715356588363647, ""fold_a_utility"": 0.02033078670501709, ""fold_b_harm"": -0.0014148838818073273, ""fold_b_lcb"": -0.008553849207237361, ""fold_b_query_after"": 1.4811549186706543, ""fold_b_utility"": 0.013596057891845703, ""harm_lcb_max"": -0.007428320413455367, ""harm_mean"": -0.001446025911718607, ""harm_se_mean"": 0.003339315764605999, ""harm_ucb_max"": 0.005724081443622708, ""local_trainability"": 0.016963422298431396, ""query_after"": 1.4263452887535095, ""query_before"": 1.443308711051941, ""system_utility"": 0.016963422298431396}, ""adapter_2"": {""feasible_both"": true, ""fold_a_harm"": 0.0005149133503437042, ""fold_a_lcb"": -0.006177197322249413, ""fold_a_query_after"": 1.179826259613037, ""fold_a_utility"": 0.21204018592834473, ""fold_b_harm"": -0.0013326732441782951, ""fold_b_lcb"": -0.007378949644044041, ""fold_b_query_after"": 0.9090399742126465, ""fold_b_utility"": 0.5857110023498535, ""harm_lcb_max"": -0.006177197322249413, ""harm_mean"": -0.00040887994691729546, ""harm_se_mean"": 0.003249588538892567, ""harm_ucb_max"": 0.007207024022936821, ""local_trainability"": 0.006162434816360474, ""query_after"": 1.0444331169128418, ""query_before"": 1.0505955517292023, ""system_utility"": 0.3988755941390991}, ""adapter_3"": {""feasible_both"": true, ""fold_a_harm"": -0.0002049170434474945, ""fold_a_lcb"": -0.003544224132783711, ""fold_a_query_after"": 1.1429073810577393, ""fold_a_utility"": 0.24895906448364258, ""fold_b_harm"": -0.0020973561331629753, ""fold_b_lcb"": -0.0030420987855177373, ""fold_b_query_after"": 1.0510661602020264, ""fold_b_utility"": 0.44368481636047363, ""harm_lcb_max"": -0.0030420987855177373, ""harm_mean"": -0.001151136588305235, ""harm_se_mean"": 0.001092869832064025, ""harm_ucb_max"": 0.003134390045888722, ""local_trainability"": -0.003397822380065918, ""query_after"": 1.0969867706298828, ""query_before"": 1.093588948249817, ""system_utility"": 0.3463219404220581}, ""default"": {""feasible_both"": true, ""fold_a_harm"": 0.0003343150019645691, ""fold_a_lcb"": -0.0023049838235601784, ""fold_a_query_after"": 0.9953474998474121, ""fold_a_utility"": 0.3965189456939697, ""fold_b_harm"": 0.000719643197953701, ""fold_b_lcb"": -0.002588621499016881, ""fold_b_query_after"": 1.2223032712936401, ""fold_b_utility"": 0.27244770526885986, ""harm_lcb_max"": -0.0023049838235601784, ""harm_mean"": 0.0005269790999591351, ""harm_se_mean"": 0.0015172355924732983, ""harm_ucb_max"": 0.004027907894924283, ""local_trainability"": 0.0025054216384887695, ""query_after"": 1.1088253855705261, ""query_before"": 1.111330807209015, ""system_utility"": 0.3344833254814148}}, ""status"": ""ok"", ""statusquo_loss"": 1.443308711051941}, ""utility_status"": ""ok""}"
83,B2,B,2,adapter_1,reuse,safe_existing_reuse,1.0398128032684326,4,True,589824,2371596,0,69917199,740355,23691808,1328,68.48938338458538,575139328,0.0,60.36670909821987,6.523260671645403,1.1568924188613892,0.056853652000427246,0.11316466331481934,-0.05631101131439209,False,,"{""best_reuse"": ""adapter_1"", ""best_reuse_utility"": 0.11316466331481934, ""decision"": ""reuse"", ""fresh_advantage"": -0.05631101131439209, ""fresh_positive"": false, ""fresh_utility"": 0.056853652000427246, ""full_batch_guards"": {""adapter_1"": {""crossfit_feasible"": true, ""crossfit_utility"": 0.11316466331481934, ""crossfit_utility_positive"": true, ""full_batch_cur_after"": 1.0401313304901123, ""full_batch_cur_before"": 1.041086196899414, ""full_batch_gain"": 0.0009548664093017578, ""full_batch_harm"": -0.001218295656144619, ""full_batch_harm_lcb"": -0.004709896589629352, ""full_batch_harm_se"": 0.0017814290476962924, ""full_batch_harm_ucb"": 0.002273305277340114, ""full_batch_safe"": true}, ""adapter_2"": {""crossfit_feasible"": true, ""crossfit_utility"": -0.008528947830200195, ""crossfit_utility_positive"": false, ""full_batch_cur_after"": 1.1621887683868408, ""full_batch_cur_before"": 1.1568924188613892, ""full_batch_gain"": -0.00529634952545166, ""full_batch_harm"": -0.0007849466055631638, ""full_batch_harm_lcb"": -0.0038997719762846827, ""full_batch_harm_se"": 0.0015891966177150607, ""full_batch_harm_ucb"": 0.002329878765158355, ""full_batch_safe"": true}, ""adapter_3"": {""crossfit_feasible"": true, ""crossfit_utility"": 0.10721534490585327, ""crossfit_utility_positive"": true, ""full_batch_cur_after"": 1.0462455749511719, ""full_batch_cur_before"": 1.0604491233825684, ""full_batch_gain"": 0.014203548431396484, ""full_batch_harm"": -0.002774907276034355, ""full_batch_harm_lcb"": -0.009632999952882528, ""full_batch_harm_se"": 0.0034990268759429455, ""full_batch_harm_ucb"": 0.0040831854008138175, ""full_batch_safe"": true}, ""default"": {""crossfit_feasible"": true, ""crossfit_utility"": -0.28523343801498413, ""crossfit_utility_positive"": false, ""full_batch_cur_after"": 1.4393994808197021, ""full_batch_cur_before"": 1.4439873695373535, ""full_batch_gain"": 0.004587888717651367, ""full_batch_harm"": -0.0005797063931822777, ""full_batch_harm_lcb"": -0.0013058952311985196, ""full_batch_harm_se"": 0.0003705045091919601, ""full_batch_harm_ucb"": 0.00014648244483396412, ""full_batch_safe"": true}}, ""guarded_best_reuse"": ""adapter_1"", ""num_adapters"": 4, ""pending_after"": false, ""pending_before"": false, ""policy_version"": ""cau_v1"", ""reason"": ""safe_existing_reuse"", ""utility"": {""batch_n"": 16, ""best_reuse"": ""adapter_1"", ""best_reuse_query_after"": 1.0437277555465698, ""best_reuse_utility"": 0.11316466331481934, ""defer_utility"": 0.0, ""fold_a_fresh_utility"": 0.007974028587341309, ""fold_a_query_n"": 8, ""fold_a_support_n"": 8, ""fold_b_fresh_utility"": 0.10573327541351318, ""fold_b_query_n"": 8, ""fold_b_support_n"": 8, ""fresh_advantage"": -0.05631101131439209, ""fresh_local_trainability"": 0.04474997520446777, ""fresh_positive"": false, ""fresh_query_after"": 1.100038766860962, ""fresh_query_before"": 1.1447887420654297, ""fresh_utility"": 0.056853652000427246, ""reuse_profiles"": {""adapter_1"": {""feasible_both"": true, ""fold_a_harm"": -0.0012220684438943863, ""fold_a_lcb"": -0.005564348939806223, ""fold_a_query_after"": 1.0098648071289062, ""fold_a_utility"": 0.09657812118530273, ""fold_b_harm"": -0.001239248551428318, ""fold_b_lcb"": -0.004656245475634932, ""fold_b_query_after"": 1.0775907039642334, ""fold_b_utility"": 0.12975120544433594, ""harm_lcb_max"": -0.004656245475634932, ""harm_mean"": -0.0012306584976613522, ""harm_se_mean"": 0.001979407505132258, ""harm_ucb_max"": 0.00312021205201745, ""local_trainability"": -0.0026415586471557617, ""query_after"": 1.0437277555465698, ""query_before"": 1.041086196899414, ""system_utility"": 0.11316466331481934}, ""adapter_2"": {""feasible_both"": true, ""fold_a_harm"": -0.0010130684822797775, ""fold_a_lcb"": -0.004606706788763404, ""fold_a_query_after"": 1.1171984672546387, ""fold_a_utility"": -0.010755538940429688, ""fold_b_harm"": -0.0004629194736480713, ""fold_b_lcb"": -0.0035743605671450496, ""fold_b_query_after"": 1.21364426612854, ""fold_b_utility"": -0.006302356719970703, ""harm_lcb_max"": -0.0035743605671450496, ""harm_mean"": -0.0007379939779639244, ""harm_se_mean"": 0.0017104794387705624, ""harm_ucb_max"": 0.002648521619848907, ""local_trainability"": -0.008528947830200195, ""query_after"": 1.1654213666915894, ""query_before"": 1.1568924188613892, ""system_utility"": -0.008528947830200195}, ""adapter_3"": {""feasible_both"": true, ""fold_a_harm"": -0.003036065027117729, ""fold_a_lcb"": -0.009186575431376695, ""fold_a_query_after"": 1.0100408792495728, ""fold_a_utility"": 0.09640204906463623, ""fold_b_harm"": -0.00230485200881958, ""fold_b_lcb"": -0.009172024643048643, ""fold_b_query_after"": 1.089313268661499, ""fold_b_utility"": 0.11802864074707031, ""harm_lcb_max"": -0.009172024643048643, ""harm_mean"": -0.0026704585179686546, ""harm_se_mean"": 0.003320837509818375, ""harm_ucb_max"": 0.004562320625409484, ""local_trainability"": 0.010772109031677246, ""query_after"": 1.0496770739555359, ""query_before"": 1.0604491829872131, ""system_utility"": 0.10721534490585327}, ""default"": {""feasible_both"": true, ""fold_a_harm"": -0.0006038416177034378, ""fold_a_lcb"": -0.0013346724852453917, ""fold_a_query_after"": 1.5159382820129395, ""fold_a_utility"": -0.40949535369873047, ""fold_b_harm"": -0.000505407340824604, ""fold_b_lcb"": -0.0012822364387102426, ""fold_b_query_after"": 1.3683134317398071, ""fold_b_utility"": -0.1609715223312378, ""harm_lcb_max"": -0.0012822364387102426, ""harm_mean"": -0.0005546244792640209, ""harm_se_mean"": 0.0003846071340376511, ""harm_ucb_max"": 0.0002714217570610344, ""local_trainability"": 0.0018613934516906738, ""query_after"": 1.4421258568763733, ""query_before"": 1.443987250328064, ""system_utility"": -0.28523343801498413}}, ""status"": ""ok"", ""statusquo_loss"": 1.1568924188613892}, ""utility_status"": ""ok""}"
84,B2,B,2,adapter_1,reuse,pending_fresh_safe_existing_reuse,1.1413094997406006,4,True,589824,2371596,0,69917199,740355,23691808,1344,69.63664992712438,575139328,0.0,61.503240179270506,6.523260671645403,1.134265124797821,0.03618103265762329,0.0058727264404296875,0.030308306217193604,True,,"{""best_reuse"": ""adapter_1"", ""best_reuse_utility"": 0.0058727264404296875, ""decision"": ""reuse"", ""fresh_advantage"": 0.030308306217193604, ""fresh_positive"": true, ""fresh_utility"": 0.03618103265762329, ""full_batch_guards"": {""adapter_1"": {""crossfit_feasible"": true, ""crossfit_utility"": 0.0058727264404296875, ""crossfit_utility_positive"": true, ""full_batch_cur_after"": 1.1237497329711914, ""full_batch_cur_before"": 1.1342650651931763, ""full_batch_gain"": 0.010515332221984863, ""full_batch_harm"": -0.0019119633361697197, ""full_batch_harm_lcb"": -0.007242923732846975, ""full_batch_harm_se"": 0.002719877753406763, ""full_batch_harm_ucb"": 0.0034189970605075356, ""full_batch_safe"": true}, ""adapter_2"": {""crossfit_feasible"": true, ""crossfit_utility"": -0.16654986143112183, ""crossfit_utility_positive"": false, ""full_batch_cur_after"": 1.296523928642273, ""full_batch_cur_before"": 1.3067829608917236, ""full_batch_gain"": 0.010259032249450684, ""full_batch_harm"": -0.001780891790986061, ""full_batch_harm_lcb"": -0.007258214876055717, ""full_batch_harm_se"": 0.002794552594423294, ""full_batch_harm_ucb"": 0.003696431294083595, ""full_batch_safe"": true}, ""adapter_3"": {""crossfit_feasible"": true, ""crossfit_utility"": -0.012939155101776123, ""crossfit_utility_positive"": false, ""full_batch_cur_after"": 1.1413543224334717, ""full_batch_cur_before"": 1.1485610008239746, ""full_batch_gain"": 0.00720667839050293, ""full_batch_harm"": -0.0046287355944514275, ""full_batch_harm_lcb"": -0.00905466103926301, ""full_batch_harm_se"": 0.002258125226944685, ""full_batch_harm_ucb"": -0.0002028101496398451, ""full_batch_safe"": true}, ""default"": {""crossfit_feasible"": true, ""crossfit_utility"": -0.01068335771560669, ""crossfit_utility_positive"": false, ""full_batch_cur_after"": 1.139141321182251, ""full_batch_cur_before"": 1.1427786350250244, ""full_batch_gain"": 0.0036373138427734375, ""full_batch_harm"": -0.0004965160042047501, ""full_batch_harm_lcb"": -0.002116791890002787, ""full_batch_harm_se"": 0.0008266713703051209, ""full_batch_harm_ucb"": 0.0011237598815932869, ""full_batch_safe"": true}}, ""guarded_best_reuse"": ""adapter_1"", ""num_adapters"": 4, ""pending_after"": true, ""pending_before"": false, ""policy_version"": ""cau_v1"", ""reason"": ""pending_fresh_safe_existing_reuse"", ""utility"": {""batch_n"": 16, ""best_reuse"": ""adapter_1"", ""best_reuse_query_after"": 1.1283923983573914, ""best_reuse_utility"": 0.0058727264404296875, ""defer_utility"": 0.0, ""fold_a_fresh_utility"": 0.0939333438873291, ""fold_a_query_n"": 8, ""fold_a_support_n"": 8, ""fold_b_fresh_utility"": -0.02157127857208252, ""fold_b_query_n"": 8, ""fold_b_support_n"": 8, ""fresh_advantage"": 0.030308306217193604, ""fresh_local_trainability"": 0.00025588274002075195, ""fresh_positive"": true, ""fresh_query_after"": 1.0980840921401978, ""fresh_query_before"": 1.0983399748802185, ""fresh_utility"": 0.03618103265762329, ""reuse_profiles"": {""adapter_1"": {""feasible_both"": true, ""fold_a_harm"": -0.0019916780292987823, ""fold_a_lcb"": -0.006388574717566371, ""fold_a_query_after"": 1.1827330589294434, ""fold_a_utility"": 0.00723719596862793, ""fold_b_harm"": -0.0017619924619793892, ""fold_b_lcb"": -0.006985304914414883, ""fold_b_query_after"": 1.0740517377853394, ""fold_b_utility"": 0.004508256912231445, ""harm_lcb_max"": -0.006388574717566371, ""harm_mean"": -0.0018768352456390858, ""harm_se_mean"": 0.0024541349848732352, ""harm_ucb_max"": 0.0034613199904561043, ""local_trainability"": 0.0058727264404296875, ""query_after"": 1.1283923983573914, ""query_before"": 1.134265124797821, ""system_utility"": 0.0058727264404296875}, ""adapter_2"": {""feasible_both"": true, ""fold_a_harm"": -0.0015830881893634796, ""fold_a_lcb"": -0.006415759399533272, ""fold_a_query_after"": 1.3498544692993164, ""fold_a_utility"": -0.15988421440124512, ""fold_b_harm"": -0.0016399389132857323, ""fold_b_lcb"": -0.0074788598809391255, ""fold_b_query_after"": 1.2517755031585693, ""fold_b_utility"": -0.17321550846099854, ""harm_lcb_max"": -0.006415759399533272, ""harm_mean"": -0.001611513551324606, ""harm_se_mean"": 0.0027223449433222413, ""harm_ucb_max"": 0.004198982054367661, ""local_trainability"": 0.005967855453491211, ""query_after"": 1.3008149862289429, ""query_before"": 1.306782841682434, ""system_utility"": -0.16654986143112183}, ""adapter_3"": {""feasible_both"": true, ""fold_a_harm"": -0.004124541766941547, ""fold_a_lcb"": -0.008802489535883069, ""fold_a_query_after"": 1.2011672258377075, ""fold_a_utility"": -0.01119697093963623, ""fold_b_harm"": -0.004264945164322853, ""fold_b_lcb"": -0.008089012317359447, ""fold_b_query_after"": 1.0932413339614868, ""fold_b_utility"": -0.014681339263916016, ""harm_lcb_max"": -0.008089012317359447, ""harm_mean"": -0.0041947434656322, ""harm_se_mean"": 0.0021688813576474786, ""harm_ucb_max"": 0.0005534060019999742, ""local_trainability"": 0.0013567209243774414, ""query_after"": 1.1472042798995972, ""query_before"": 1.1485610008239746, ""system_utility"": -0.012939155101776123}, ""default"": {""feasible_both"": true, ""fold_a_harm"": -0.00038909912109375, ""fold_a_lcb"": -0.0015938671305775643, ""fold_a_query_after"": 1.0541560649871826, ""fold_a_utility"": 0.13581418991088867, ""fold_b_harm"": -5.676969885826111e-05, ""fold_b_lcb"": -0.002590976357460022, ""fold_b_query_after"": 1.2357409000396729, ""fold_b_utility"": -0.15718090534210205, ""harm_lcb_max"": -0.0015938671305775643, ""harm_mean"": -0.00022293440997600555, ""harm_se_mean"": 0.0009538200683891773, ""harm_ucb_max"": 0.0024774369597435, ""local_trainability"": -0.0021699070930480957, ""query_after"": 1.1449484825134277, ""query_before"": 1.1427785754203796, ""system_utility"": -0.01068335771560669}}, ""status"": ""ok"", ""statusquo_loss"": 1.134265124797821}, ""utility_status"": ""ok""}"
85,B2,B,2,adapter_1,reuse,safe_existing_reuse,1.0972380638122559,4,True,589824,2371596,0,69917199,740355,23691808,1344,70.83179562725127,575139328,0.0,62.68850582651794,6.523260671645403,1.0948387384414673,-0.03404897451400757,0.003783702850341797,-0.037832677364349365,False,,"{""best_reuse"": ""adapter_1"", ""best_reuse_utility"": 0.003783702850341797, ""decision"": ""reuse"", ""fresh_advantage"": -0.037832677364349365, ""fresh_positive"": false, ""fresh_utility"": -0.03404897451400757, ""full_batch_guards"": {""adapter_1"": {""crossfit_feasible"": true, ""crossfit_utility"": 0.003783702850341797, ""crossfit_utility_positive"": true, ""full_batch_cur_after"": 1.0851266384124756, ""full_batch_cur_before"": 1.0948386192321777, ""full_batch_gain"": 0.009711980819702148, ""full_batch_harm"": -0.003031703643500805, ""full_batch_harm_lcb"": -0.009663027385249733, ""full_batch_harm_se"": 0.003383328439667821, ""full_batch_harm_ucb"": 0.0035996200982481236, ""full_batch_safe"": true}, ""adapter_2"": {""crossfit_feasible"": true, ""crossfit_utility"": -0.20521116256713867, ""crossfit_utility_positive"": false, ""full_batch_cur_after"": 1.2956247329711914, ""full_batch_cur_before"": 1.3004482984542847, ""full_batch_gain"": 0.004823565483093262, ""full_batch_harm"": -0.001655876636505127, ""full_batch_harm_lcb"": -0.006314413184300065, ""full_batch_harm_se"": 0.0023768043611198664, ""full_batch_harm_ucb"": 0.0030026599112898114, ""full_batch_safe"": true}, ""adapter_3"": {""crossfit_feasible"": true, ""crossfit_utility"": -0.03129565715789795, ""crossfit_utility_positive"": false, ""full_batch_cur_after"": 1.1188454627990723, ""full_batch_cur_before"": 1.1275129318237305, ""full_batch_gain"": 0.008667469024658203, ""full_batch_harm"": -0.004573474638164043, ""full_batch_harm_lcb"": -0.009656340042129159, ""full_batch_harm_se"": 0.002593298675492406, ""full_batch_harm_ucb"": 0.000509390765801072, ""full_batch_safe"": true}, ""default"": {""crossfit_feasible"": true, ""crossfit_utility"": -0.13760244846343994, ""crossfit_utility_positive"": false, ""full_batch_cur_after"": 1.2268028259277344, ""full_batch_cur_before"": 1.2299631834030151, ""full_batch_gain"": 0.0031603574752807617, ""full_batch_harm"": -0.0004443516954779625, ""full_batch_harm_lcb"": -0.0014885494182817639, ""full_batch_harm_se"": 0.0005327539402060211, ""full_batch_harm_ucb"": 0.0005998460273258389, ""full_batch_safe"": true}}, ""guarded_best_reuse"": ""adapter_1"", ""num_adapters"": 4, ""pending_after"": false, ""pending_before"": true, ""policy_version"": ""cau_v1"", ""reason"": ""safe_existing_reuse"", ""utility"": {""batch_n"": 16, ""best_reuse"": ""adapter_1"", ""best_reuse_query_after"": 1.0910550355911255, ""best_reuse_utility"": 0.003783702850341797, ""defer_utility"": 0.0, ""fold_a_fresh_utility"": 0.07447481155395508, ""fold_a_query_n"": 8, ""fold_a_support_n"": 8, ""fold_b_fresh_utility"": -0.14257276058197021, ""fold_b_query_n"": 8, ""fold_b_support_n"": 8, ""fresh_advantage"": -0.037832677364349365, ""fresh_local_trainability"": -0.006186187267303467, ""fresh_positive"": false, ""fresh_query_after"": 1.1288877129554749, ""fresh_query_before"": 1.1227015256881714, ""fresh_utility"": -0.03404897451400757, ""reuse_profiles"": {""adapter_1"": {""feasible_both"": true, ""fold_a_harm"": -0.0020164698362350464, ""fold_a_lcb"": -0.008606834970414638, ""fold_a_query_after"": 1.1911699771881104, ""fold_a_utility"": 0.0026788711547851562, ""fold_b_harm"": -0.0032090460881590843, ""fold_b_lcb"": -0.009345071092247963, ""fold_b_query_after"": 0.9909400939941406, ""fold_b_utility"": 0.0048885345458984375, ""harm_lcb_max"": -0.008606834970414638, ""harm_mean"": -0.0026127579621970654, ""harm_se_mean"": 0.003246528096497059, ""harm_ucb_max"": 0.0045738952979445455, ""local_trainability"": 0.003783702850341797, ""query_after"": 1.0910550355911255, ""query_before"": 1.0948387384414673, ""system_utility"": 0.003783702850341797}, ""adapter_2"": {""feasible_both"": true, ""fold_a_harm"": -0.001787584275007248, ""fold_a_lcb"": -0.006716284807771444, ""fold_a_query_after"": 1.1319239139556885, ""fold_a_utility"": 0.06192493438720703, ""fold_b_harm"": -0.0008894037455320358, ""fold_b_lcb"": -0.005686091911047697, ""fold_b_query_after"": 1.4681758880615234, ""fold_b_utility"": -0.4723472595214844, ""harm_lcb_max"": -0.005686091911047697, ""harm_mean"": -0.0013384940102696419, ""harm_se_mean"": 0.002480966504663229, ""harm_ucb_max"": 0.003907284419983626, ""local_trainability"": 0.00039833784103393555, ""query_after"": 1.300049901008606, ""query_before"": 1.30044823884964, ""system_utility"": -0.20521116256713867}, ""adapter_3"": {""feasible_both"": true, ""fold_a_harm"": -0.004993199370801449, ""fold_a_lcb"": -0.01022311883047223, ""fold_a_query_after"": 1.083056926727295, ""fold_a_utility"": 0.11079192161560059, ""fold_b_harm"": -0.002005969174206257, ""fold_b_lcb"": -0.00560747081413865, ""fold_b_query_after"": 1.1692118644714355, ""fold_b_utility"": -0.17338323593139648, ""harm_lcb_max"": -0.00560747081413865, ""harm_mean"": -0.003499584272503853, ""harm_se_mean"": 0.0022529135458171368, ""harm_ucb_max"": 0.0015955324657261371, ""local_trainability"": 0.0013785362243652344, ""query_after"": 1.1261343955993652, ""query_before"": 1.1275129318237305, ""system_utility"": -0.03129565715789795}, ""default"": {""feasible_both"": true, ""fold_a_harm"": -0.0005535893142223358, ""fold_a_lcb"": -0.003117878665216267, ""fold_a_query_after"": 1.288241982460022, ""fold_a_utility"": -0.09439313411712646, ""fold_b_harm"": -0.00014633126556873322, ""fold_b_lcb"": -0.0012871655961498617, ""fold_b_query_after"": 1.1766403913497925, ""fold_b_utility"": -0.18081176280975342, ""harm_lcb_max"": -0.0012871655961498617, ""harm_mean"": -0.0003499602898955345, ""harm_se_mean"": 0.000945184612646699, ""harm_ucb_max"": 0.0020107000367715956, ""local_trainability"": -0.0024781227111816406, ""query_after"": 1.2324411869049072, ""query_before"": 1.2299630641937256, ""system_utility"": -0.13760244846343994}}, ""status"": ""ok"", ""statusquo_loss"": 1.0948387384414673}, ""utility_status"": ""ok""}"
86,B2,B,2,default,reuse,pending_fresh_safe_existing_reuse,1.110274076461792,4,True,589824,2371596,0,69917199,740355,23691808,1360,72.00386120937765,575139328,0.0,63.85052777081728,6.523260671645403,1.2498775124549866,0.13684111833572388,0.12958163022994995,0.007259488105773926,True,,"{""best_reuse"": ""default"", ""best_reuse_utility"": 0.12958163022994995, ""decision"": ""reuse"", ""fresh_advantage"": 0.007259488105773926, ""fresh_positive"": true, ""fresh_utility"": 0.13684111833572388, ""full_batch_guards"": {""adapter_1"": {""crossfit_feasible"": true, ""crossfit_utility"": 0.014080703258514404, ""crossfit_utility_positive"": true, ""full_batch_cur_after"": 1.2312403917312622, ""full_batch_cur_before"": 1.2498775720596313, ""full_batch_gain"": 0.01863718032836914, ""full_batch_harm"": -0.0038615046069025993, ""full_batch_harm_lcb"": -0.012015327326953412, ""full_batch_harm_se"": 0.004160113632678986, ""full_batch_harm_ucb"": 0.004292318113148213, ""full_batch_safe"": true}, ""adapter_2"": {""crossfit_feasible"": true, ""crossfit_utility"": 0.03593474626541138, ""crossfit_utility_positive"": true, ""full_batch_cur_after"": 1.2074030637741089, ""full_batch_cur_before"": 1.2158291339874268, ""full_batch_gain"": 0.008426070213317871, ""full_batch_harm"": -0.0015978524461388588, ""full_batch_harm_lcb"": -0.0074172937404364345, ""full_batch_harm_se"": 0.0029691027011722326, ""full_batch_harm_ucb"": 0.004221588848158717, ""full_batch_safe"": true}, ""adapter_3"": {""crossfit_feasible"": true, ""crossfit_utility"": 0.10951882600784302, ""crossfit_utility_positive"": true, ""full_batch_cur_after"": 1.1326591968536377, ""full_batch_cur_before"": 1.135336995124817, ""full_batch_gain"": 0.0026777982711791992, ""full_batch_harm"": -0.0036348681896924973, ""full_batch_harm_lcb"": -0.006401078323833645, ""full_batch_harm_se"": 0.001411331701092422, ""full_batch_harm_ucb"": -0.00086865805555135, ""full_batch_safe"": true}, ""default"": {""crossfit_feasible"": true, ""crossfit_utility"": 0.12958163022994995, ""crossfit_utility_positive"": true, ""full_batch_cur_after"": 1.112987756729126, ""full_batch_cur_before"": 1.1165788173675537, ""full_batch_gain"": 0.0035910606384277344, ""full_batch_harm"": -9.557511657476425e-05, ""full_batch_harm_lcb"": -0.0014044461585581303, ""full_batch_harm_se"": 0.0006677913479506969, ""full_batch_harm_ucb"": 0.0012132959254086018, ""full_batch_safe"": true}}, ""guarded_best_reuse"": ""default"", ""num_adapters"": 4, ""pending_after"": true, ""pending_before"": false, ""policy_version"": ""cau_v1"", ""reason"": ""pending_fresh_safe_existing_reuse"", ""utility"": {""batch_n"": 16, ""best_reuse"": ""default"", ""best_reuse_query_after"": 1.1202958822250366, ""best_reuse_utility"": 0.12958163022994995, ""defer_utility"": 0.0, ""fold_a_fresh_utility"": 0.2908221483230591, ""fold_a_query_n"": 8, ""fold_a_support_n"": 8, ""fold_b_fresh_utility"": -0.017139911651611328, ""fold_b_query_n"": 8, ""fold_b_support_n"": 8, ""fresh_advantage"": 0.007259488105773926, ""fresh_local_trainability"": -0.018920063972473145, ""fresh_positive"": true, ""fresh_query_after"": 1.1130363941192627, ""fresh_query_before"": 1.0941163301467896, ""fresh_utility"": 0.13684111833572388, ""reuse_profiles"": {""adapter_1"": {""feasible_both"": true, ""fold_a_harm"": -0.0034713298082351685, ""fold_a_lcb"": -0.010477980207651854, ""fold_a_query_after"": 1.3620023727416992, ""fold_a_utility"": 0.02281010150909424, ""fold_b_harm"": -0.003931132145226002, ""fold_b_lcb"": -0.012025374062359333, ""fold_b_query_after"": 1.1095912456512451, ""fold_b_utility"": 0.00535130500793457, ""harm_lcb_max"": -0.010477980207651854, ""harm_mean"": -0.003701230976730585, ""harm_se_mean"": 0.003852268448099494, ""harm_ucb_max"": 0.00416310977190733, ""local_trainability"": 0.014080703258514404, ""query_after"": 1.2357968091964722, ""query_before"": 1.2498775124549866, ""system_utility"": 0.014080703258514404}, ""adapter_2"": {""feasible_both"": true, ""fold_a_harm"": -0.0015650810673832893, ""fold_a_lcb"": -0.006263261027634144, ""fold_a_query_after"": 1.1707494258880615, ""fold_a_utility"": 0.21406304836273193, ""fold_b_harm"": -0.0006950497627258301, ""fold_b_lcb"": -0.007885323213413358, ""fold_b_query_after"": 1.2571361064910889, ""fold_b_utility"": -0.14219355583190918, ""harm_lcb_max"": -0.006263261027634144, ""harm_mean"": -0.0011300654150545597, ""harm_se_mean"": 0.0030327687272801995, ""harm_ucb_max"": 0.006495223687961698, ""local_trainability"": 0.0018863081932067871, ""query_after"": 1.2139427661895752, ""query_before"": 1.215829074382782, ""system_utility"": 0.03593474626541138}, ""adapter_3"": {""feasible_both"": true, ""fold_a_harm"": -0.004062165506184101, ""fold_a_lcb"": -0.008591315513476729, ""fold_a_query_after"": 1.1638799905776978, ""fold_a_utility"": 0.2209324836730957, ""fold_b_harm"": -0.002183099277317524, ""fold_b_lcb"": -0.0034591744095087053, ""fold_b_query_after"": 1.1168373823165894, ""fold_b_utility"": -0.001894831657409668, ""harm_lcb_max"": -0.0034591744095087053, ""harm_mean"": -0.0031226323917508125, ""harm_se_mean"": 0.0014809247804805636, ""harm_ucb_max"": 0.0004669845011085272, ""local_trainability"": -0.005021572113037109, ""query_after"": 1.1403586864471436, ""query_before"": 1.1353371143341064, ""system_utility"": 0.10951882600784302}, ""default"": {""feasible_both"": true, ""fold_a_harm"": -0.0002187546342611313, ""fold_a_lcb"": -0.0012899209302850068, ""fold_a_query_after"": 1.0193167924880981, ""fold_a_utility"": 0.3654956817626953, ""fold_b_harm"": 0.00041821040213108063, ""fold_b_lcb"": -0.0027013263059780003, ""fold_b_query_after"": 1.221274971961975, ""fold_b_utility"": -0.10633242130279541, ""harm_lcb_max"": -0.0012899209302850068, ""harm_mean"": 9.972788393497467e-05, ""harm_se_mean"": 0.0010690568888094276, ""harm_ucb_max"": 0.0035377471102401616, ""local_trainability"": -0.00371706485748291, ""query_after"": 1.1202958822250366, ""query_before"": 1.1165788173675537, ""system_utility"": 0.12958163022994995}}, ""status"": ""ok"", ""statusquo_loss"": 1.2498775124549866}, ""utility_status"": ""ok""}"
87,B2,B,2,adapter_4,spawn,confirmed_fresh,1.0955612659454346,5,True,737280,2964495,0,70657554,740355,29614760,1376,72.89547316730022,575139328,0.0,64.73168682679534,6.523260671645403,1.1715785264968872,0.08451664447784424,0.05602538585662842,0.02849125862121582,True,,"{""best_reuse"": ""adapter_3"", ""best_reuse_utility"": 0.05602538585662842, ""decision"": ""spawn"", ""fresh_advantage"": 0.02849125862121582, ""fresh_positive"": true, ""fresh_utility"": 0.08451664447784424, ""full_batch_guards"": {}, ""guarded_best_reuse"": null, ""num_adapters"": 5, ""pending_after"": false, ""pending_before"": true, ""policy_version"": ""cau_v1"", ""reason"": ""confirmed_fresh"", ""utility"": {""batch_n"": 16, ""best_reuse"": ""adapter_3"", ""best_reuse_query_after"": 1.1155531406402588, ""best_reuse_utility"": 0.05602538585662842, ""defer_utility"": 0.0, ""fold_a_fresh_utility"": 0.06687712669372559, ""fold_a_query_n"": 8, ""fold_a_support_n"": 8, ""fold_b_fresh_utility"": 0.10215616226196289, ""fold_b_query_n"": 8, ""fold_b_support_n"": 8, ""fresh_advantage"": 0.02849125862121582, ""fresh_local_trainability"": 0.005711615085601807, ""fresh_positive"": true, ""fresh_query_after"": 1.087061882019043, ""fresh_query_before"": 1.0927734971046448, ""fresh_utility"": 0.08451664447784424, ""reuse_profiles"": {""adapter_1"": {""feasible_both"": true, ""fold_a_harm"": -0.004274833016097546, ""fold_a_lcb"": -0.011889954190701246, ""fold_a_query_after"": 1.2448333501815796, ""fold_a_utility"": -0.0856398344039917, ""fold_b_harm"": -0.003664599731564522, ""fold_b_lcb"": -0.011746472790837287, ""fold_b_query_after"": 1.2950282096862793, ""fold_b_utility"": -0.11106467247009277, ""harm_lcb_max"": -0.011746472790837287, ""harm_mean"": -0.003969716373831034, ""harm_se_mean"": 0.004004335263743997, ""harm_ucb_max"": 0.0044172733277082436, ""local_trainability"": 0.018710672855377197, ""query_after"": 1.2699307799339294, ""query_before"": 1.2886414527893066, ""system_utility"": -0.09835225343704224}, ""adapter_2"": {""feasible_both"": true, ""fold_a_harm"": -0.0005479222163558006, ""fold_a_lcb"": -0.006721525657922029, ""fold_a_query_after"": 1.2250418663024902, ""fold_a_utility"": -0.06584835052490234, ""fold_b_harm"": -0.0014300569891929626, ""fold_b_lcb"": -0.007533410666510463, ""fold_b_query_after"": 1.0769376754760742, ""fold_b_utility"": 0.1070258617401123, ""harm_lcb_max"": -0.006721525657922029, ""harm_mean"": -0.0009889896027743816, ""harm_se_mean"": 0.0031318768160417676, ""harm_ucb_max"": 0.005625681225210428, ""local_trainability"": 0.0039051175117492676, ""query_after"": 1.1509897708892822, ""query_before"": 1.1548948884010315, ""system_utility"": 0.02058875560760498}, ""adapter_3"": {""feasible_both"": true, ""fold_a_harm"": -0.001605018973350525, ""fold_a_lcb"": -0.004003321528434753, ""fold_a_query_after"": 1.1403236389160156, ""fold_a_utility"": 0.018869876861572266, ""fold_b_harm"": -0.003281252458691597, ""fold_b_lcb"": -0.005194968704599887, ""fold_b_query_after"": 1.090782642364502, ""fold_b_utility"": 0.09318089485168457, ""harm_lcb_max"": -0.004003321528434753, ""harm_mean"": -0.002443135716021061, ""harm_se_mean"": 0.0011000047961715609, ""harm_ucb_max"": 0.0007932835817337034, ""local_trainability"": -0.001774132251739502, ""query_after"": 1.1155531406402588, ""query_before"": 1.1137790083885193, ""system_utility"": 0.05602538585662842}, ""default"": {""feasible_both"": true, ""fold_a_harm"": -0.0005698446184396744, ""fold_a_lcb"": -0.0029362792475149035, ""fold_a_query_after"": 1.1564544439315796, ""fold_a_utility"": 0.0027390718460083008, ""fold_b_harm"": -0.0002775099128484726, ""fold_b_lcb"": -0.002064330708235502, ""fold_b_query_after"": 1.1787173748016357, ""fold_b_utility"": 0.005246162414550781, ""harm_lcb_max"": -0.002064330708235502, ""harm_mean"": -0.0004236772656440735, ""harm_se_mean"": 0.0010595039348118007, ""harm_ucb_max"": 0.0017965900106355548, ""local_trainability"": 0.003992617130279541, ""query_after"": 1.1675859093666077, ""query_before"": 1.1715785264968872, ""system_utility"": 0.003992617130279541}}, ""status"": ""ok"", ""statusquo_loss"": 1.1715785264968872}, ""utility_status"": ""ok""}"
88,B2,B,2,adapter_4,warmup,existing_warmup,1.0988810062408447,5,True,737280,2964495,0,70657554,740355,29614760,1392,72.92831698432565,575139328,0.0,64.7537479698658,6.523260671645403,,,,,,,"{""best_reuse"": null, ""best_reuse_utility"": null, ""decision"": ""warmup"", ""fresh_positive"": null, ""fresh_utility"": null, ""full_batch_guards"": {}, ""guarded_best_reuse"": null, ""num_adapters"": 5, ""pending_after"": false, ""pending_before"": false, ""policy_version"": ""cau_v1"", ""reason"": ""existing_warmup"", ""utility_status"": ""warmup""}"
89,B2,B,2,adapter_4,warmup,existing_warmup,1.1315374374389648,5,True,737280,2964495,0,70657554,740355,29614760,1408,72.95840997248888,575139328,0.0,64.7742079962045,6.523260671645403,,,,,,,"{""best_reuse"": null, ""best_reuse_utility"": null, ""decision"": ""warmup"", ""fresh_positive"": null, ""fresh_utility"": null, ""full_batch_guards"": {}, ""guarded_best_reuse"": null, ""num_adapters"": 5, ""pending_after"": false, ""pending_before"": false, ""policy_version"": ""cau_v1"", ""reason"": ""existing_warmup"", ""utility_status"": ""warmup""}"
90,B2,B,2,adapter_4,warmup,existing_warmup,1.1896134614944458,5,True,737280,2964495,0,70657554,740355,29614760,1424,72.98863602802157,575139328,0.0,64.79488061927259,6.523260671645403,,,,,,,"{""best_reuse"": null, ""best_reuse_utility"": null, ""decision"": ""warmup"", ""fresh_positive"": null, ""fresh_utility"": null, ""full_batch_guards"": {}, ""guarded_best_reuse"": null, ""num_adapters"": 5, ""pending_after"": false, ""pending_before"": false, ""policy_version"": ""cau_v1"", ""reason"": ""existing_warmup"", ""utility_status"": ""warmup""}"
