step,segment,concept,occurrence,adapter,decision,reason,loss,num_adapters,train_executed,lora_parameters,private_head_parameters,unwrapped_shared_head_parameters,total_unique_parameters,currently_trainable_parameters,optimizer_state_bytes,replay_items,elapsed_seconds,gpu_peak_allocated_bytes,component_audit_seconds,live_training_seconds,evaluation_seconds,statusquo_loss,fresh_utility,best_reuse_utility,fresh_advantage,fresh_positive,fresh_feasible_both,info
1,A1,A,1,default,warmup,existing_warmup,1.1371089220046997,1,True,147456,592899,0,67696134,740355,5922952,16,1.5402077659964561,529030144,0.0,0.4287519473582506,0.0,,,,,,,"{""best_reuse"": null, ""best_reuse_utility"": null, ""decision"": ""warmup"", ""fresh_positive"": null, ""fresh_utility"": null, ""full_batch_guards"": {}, ""guarded_best_reuse"": null, ""num_adapters"": 1, ""pending_after"": false, ""pending_before"": false, ""policy_version"": ""cau_v1"", ""reason"": ""existing_warmup"", ""utility_status"": ""warmup""}"
2,A1,A,1,default,warmup,existing_warmup,1.1143701076507568,1,True,147456,592899,0,67696134,740355,5922952,32,1.5687979646027088,537726976,0.0,0.45204425416886806,0.0,,,,,,,"{""best_reuse"": null, ""best_reuse_utility"": null, ""decision"": ""warmup"", ""fresh_positive"": null, ""fresh_utility"": null, ""full_batch_guards"": {}, ""guarded_best_reuse"": null, ""num_adapters"": 1, ""pending_after"": false, ""pending_before"": false, ""policy_version"": ""cau_v1"", ""reason"": ""existing_warmup"", ""utility_status"": ""warmup""}"
3,A1,A,1,default,warmup,existing_warmup,1.0865799188613892,1,True,147456,592899,0,67696134,740355,5922952,48,1.5916744768619537,537726976,0.0,0.4715860188007355,0.0,,,,,,,"{""best_reuse"": null, ""best_reuse_utility"": null, ""decision"": ""warmup"", ""fresh_positive"": null, ""fresh_utility"": null, ""full_batch_guards"": {}, ""guarded_best_reuse"": null, ""num_adapters"": 1, ""pending_after"": false, ""pending_before"": false, ""policy_version"": ""cau_v1"", ""reason"": ""existing_warmup"", ""utility_status"": ""warmup""}"
4,A1,A,1,default,warmup,existing_warmup,1.08525812625885,1,True,147456,592899,0,67696134,740355,5922952,64,1.6131687685847282,537726976,0.0,0.490285636857152,0.0,,,,,,,"{""best_reuse"": null, ""best_reuse_utility"": null, ""decision"": ""warmup"", ""fresh_positive"": null, ""fresh_utility"": null, ""full_batch_guards"": {}, ""guarded_best_reuse"": null, ""num_adapters"": 1, ""pending_after"": false, ""pending_before"": false, ""policy_version"": ""cau_v1"", ""reason"": ""existing_warmup"", ""utility_status"": ""warmup""}"
5,A1,A,1,default,reuse,safe_existing_reuse,1.058112382888794,1,True,147456,592899,0,67696134,740355,5922952,80,1.9868033919483423,542438400,0.0,0.8610020205378532,0.0,1.05921071767807,-0.029134154319763184,0.006912946701049805,-0.03604710102081299,False,,"{""best_reuse"": ""default"", ""best_reuse_utility"": 0.006912946701049805, ""decision"": ""reuse"", ""fresh_advantage"": -0.03604710102081299, ""fresh_positive"": false, ""fresh_utility"": -0.029134154319763184, ""full_batch_guards"": {""default"": {""crossfit_feasible"": true, ""crossfit_utility"": 0.006912946701049805, ""crossfit_utility_positive"": true, ""full_batch_cur_after"": 1.0465019941329956, ""full_batch_cur_before"": 1.0592107772827148, ""full_batch_gain"": 0.012708783149719238, ""full_batch_harm"": -0.006500056013464928, ""full_batch_harm_lcb"": -0.01467125555500388, ""full_batch_harm_se"": 0.004168979357928038, ""full_batch_harm_ucb"": 0.0016711435280740254, ""full_batch_safe"": true}}, ""guarded_best_reuse"": ""default"", ""num_adapters"": 1, ""pending_after"": false, ""pending_before"": false, ""policy_version"": ""cau_v1"", ""reason"": ""safe_existing_reuse"", ""utility"": {""batch_n"": 16, ""best_reuse"": ""default"", ""best_reuse_query_after"": 1.0522977709770203, ""best_reuse_utility"": 0.006912946701049805, ""defer_utility"": 0.0, ""fold_a_fresh_utility"": -0.00403749942779541, ""fold_a_query_n"": 8, ""fold_a_support_n"": 8, ""fold_b_fresh_utility"": -0.05423080921173096, ""fold_b_query_n"": 8, ""fold_b_support_n"": 8, ""fresh_advantage"": -0.03604710102081299, ""fresh_local_trainability"": 0.03778088092803955, ""fresh_positive"": false, ""fresh_query_after"": 1.0883448719978333, ""fresh_query_before"": 1.1261257529258728, ""fresh_utility"": -0.029134154319763184, ""reuse_profiles"": {""default"": {""feasible_both"": true, ""fold_a_harm"": -0.006635904312133789, ""fold_a_lcb"": -0.015139195639640092, ""fold_a_query_after"": 1.0811353921890259, ""fold_a_utility"": 0.0033670663833618164, ""fold_b_harm"": -0.005736136808991432, ""fold_b_lcb"": -0.01205378514714539, ""fold_b_query_after"": 1.0234601497650146, ""fold_b_utility"": 0.010458827018737793, ""harm_lcb_max"": -0.01205378514714539, ""harm_mean"": -0.006186020560562611, ""harm_se_mean"": 0.003780851955525577, ""harm_ucb_max"": 0.001867387015372514, ""local_trainability"": 0.006912946701049805, ""query_after"": 1.0522977709770203, ""query_before"": 1.05921071767807, ""system_utility"": 0.006912946701049805}}, ""status"": ""ok"", ""statusquo_loss"": 1.05921071767807}, ""utility_status"": ""ok""}"
6,A1,A,1,default,reuse,safe_existing_reuse,1.0775773525238037,1,True,147456,592899,0,67696134,740355,5922952,96,2.366232108324766,542438400,0.0,1.2369481176137924,0.0,1.0832003951072693,-0.029730141162872314,-0.0041114091873168945,-0.02561873197555542,False,,"{""best_reuse"": ""default"", ""best_reuse_utility"": -0.0041114091873168945, ""decision"": ""reuse"", ""fresh_advantage"": -0.02561873197555542, ""fresh_positive"": false, ""fresh_utility"": -0.029730141162872314, ""full_batch_guards"": {""default"": {""crossfit_feasible"": true, ""crossfit_utility"": -0.0041114091873168945, ""crossfit_utility_positive"": false, ""full_batch_cur_after"": 1.0797923803329468, ""full_batch_cur_before"": 1.083200454711914, ""full_batch_gain"": 0.003408074378967285, ""full_batch_harm"": -0.004397450014948845, ""full_batch_harm_lcb"": -0.010874754916876554, ""full_batch_harm_se"": 0.003304747398942709, ""full_batch_harm_ucb"": 0.0020798548869788644, ""full_batch_safe"": true}}, ""guarded_best_reuse"": ""default"", ""num_adapters"": 1, ""pending_after"": false, ""pending_before"": false, ""policy_version"": ""cau_v1"", ""reason"": ""safe_existing_reuse"", ""utility"": {""batch_n"": 16, ""best_reuse"": ""default"", ""best_reuse_query_after"": 1.0873118042945862, ""best_reuse_utility"": -0.0041114091873168945, ""defer_utility"": 0.0, ""fold_a_fresh_utility"": 0.025393366813659668, ""fold_a_query_n"": 8, ""fold_a_support_n"": 8, ""fold_b_fresh_utility"": -0.0848536491394043, ""fold_b_query_n"": 8, ""fold_b_support_n"": 8, ""fresh_advantage"": -0.02561873197555542, ""fresh_local_trainability"": -0.00656890869140625, ""fresh_positive"": false, ""fresh_query_after"": 1.1129305362701416, ""fresh_query_before"": 1.1063616275787354, ""fresh_utility"": -0.029730141162872314, ""reuse_profiles"": {""default"": {""feasible_both"": true, ""fold_a_harm"": -0.003837771713733673, ""fold_a_lcb"": -0.012435060702264309, ""fold_a_query_after"": 1.1373732089996338, ""fold_a_utility"": -0.010251879692077637, ""fold_b_harm"": -0.004787782207131386, ""fold_b_lcb"": -0.010511614019051194, ""fold_b_query_after"": 1.0372503995895386, ""fold_b_utility"": 0.0020290613174438477, ""harm_lcb_max"": -0.010511614019051194, ""harm_mean"": -0.0043127769604325294, ""harm_se_mean"": 0.003653347142972052, ""harm_ucb_max"": 0.0047595172747969625, ""local_trainability"": -0.0041114091873168945, ""query_after"": 1.0873118042945862, ""query_before"": 1.0832003951072693, ""system_utility"": -0.0041114091873168945}}, ""status"": ""ok"", ""statusquo_loss"": 1.0832003951072693}, ""utility_status"": ""ok""}"
7,A1,A,1,default,reuse,safe_existing_reuse,1.1104521751403809,1,True,147456,592899,0,67696134,740355,5922952,112,2.757594805210829,542438400,0.0,1.6245227251201868,0.0,1.0945798754692078,-0.01422804594039917,-0.0030327439308166504,-0.01119530200958252,False,,"{""best_reuse"": ""default"", ""best_reuse_utility"": -0.0030327439308166504, ""decision"": ""reuse"", ""fresh_advantage"": -0.01119530200958252, ""fresh_positive"": false, ""fresh_utility"": -0.01422804594039917, ""full_batch_guards"": {""default"": {""crossfit_feasible"": true, ""crossfit_utility"": -0.0030327439308166504, ""crossfit_utility_positive"": false, ""full_batch_cur_after"": 1.0902581214904785, ""full_batch_cur_before"": 1.0945799350738525, ""full_batch_gain"": 0.0043218135833740234, ""full_batch_harm"": -0.004132898524403572, ""full_batch_harm_lcb"": -0.0098460522480309, ""full_batch_harm_se"": 0.0029148743487894535, ""full_batch_harm_ucb"": 0.0015802551992237564, ""full_batch_safe"": true}}, ""guarded_best_reuse"": ""default"", ""num_adapters"": 1, ""pending_after"": false, ""pending_before"": false, ""policy_version"": ""cau_v1"", ""reason"": ""safe_existing_reuse"", ""utility"": {""batch_n"": 16, ""best_reuse"": ""default"", ""best_reuse_query_after"": 1.0976126194000244, ""best_reuse_utility"": -0.0030327439308166504, ""defer_utility"": 0.0, ""fold_a_fresh_utility"": 0.003931999206542969, ""fold_a_query_n"": 8, ""fold_a_support_n"": 8, ""fold_b_fresh_utility"": -0.03238809108734131, ""fold_b_query_n"": 8, ""fold_b_support_n"": 8, ""fresh_advantage"": -0.01119530200958252, ""fresh_local_trainability"": -0.004815220832824707, ""fresh_positive"": false, ""fresh_query_after"": 1.108807921409607, ""fresh_query_before"": 1.1039927005767822, ""fresh_utility"": -0.01422804594039917, ""reuse_profiles"": {""default"": {""feasible_both"": true, ""fold_a_harm"": -0.0015692170709371567, ""fold_a_lcb"": -0.006910708155483007, ""fold_a_query_after"": 1.1226495504379272, ""fold_a_utility"": -0.005107879638671875, ""fold_b_harm"": -0.005141077563166618, ""fold_b_lcb"": -0.011751906257122755, ""fold_b_query_after"": 1.0725756883621216, ""fold_b_utility"": -0.0009576082229614258, ""harm_lcb_max"": -0.006910708155483007, ""harm_mean"": -0.0033551473170518875, ""harm_se_mean"": 0.003049061167985201, ""harm_ucb_max"": 0.003772274013608694, ""local_trainability"": -0.0030327439308166504, ""query_after"": 1.0976126194000244, ""query_before"": 1.0945798754692078, ""system_utility"": -0.0030327439308166504}}, ""status"": ""ok"", ""statusquo_loss"": 1.0945798754692078}, ""utility_status"": ""ok""}"
8,A1,A,1,default,reuse,pending_fresh_safe_existing_reuse,1.1869022846221924,1,True,147456,592899,0,67696134,740355,5922952,128,3.1195824667811394,546122752,0.0,1.982905412092805,0.0,1.202911913394928,0.1123814582824707,-0.0012818574905395508,0.11366331577301025,True,,"{""best_reuse"": ""default"", ""best_reuse_utility"": -0.0012818574905395508, ""decision"": ""reuse"", ""fresh_advantage"": 0.11366331577301025, ""fresh_positive"": true, ""fresh_utility"": 0.1123814582824707, ""full_batch_guards"": {""default"": {""crossfit_feasible"": true, ""crossfit_utility"": -0.0012818574905395508, ""crossfit_utility_positive"": false, ""full_batch_cur_after"": 1.1979045867919922, ""full_batch_cur_before"": 1.2029119729995728, ""full_batch_gain"": 0.005007386207580566, ""full_batch_harm"": -0.004566590301692486, ""full_batch_harm_lcb"": -0.008208140591159463, ""full_batch_harm_se"": 0.001857933821156621, ""full_batch_harm_ucb"": -0.0009250400122255086, ""full_batch_safe"": true}}, ""guarded_best_reuse"": ""default"", ""num_adapters"": 1, ""pending_after"": true, ""pending_before"": false, ""policy_version"": ""cau_v1"", ""reason"": ""pending_fresh_safe_existing_reuse"", ""utility"": {""batch_n"": 16, ""best_reuse"": ""default"", ""best_reuse_query_after"": 1.2041937708854675, ""best_reuse_utility"": -0.0012818574905395508, ""defer_utility"": 0.0, ""fold_a_fresh_utility"": 0.2039806842803955, ""fold_a_query_n"": 8, ""fold_a_support_n"": 8, ""fold_b_fresh_utility"": 0.0207822322845459, ""fold_b_query_n"": 8, ""fold_b_support_n"": 8, ""fresh_advantage"": 0.11366331577301025, ""fresh_local_trainability"": -0.0027469992637634277, ""fresh_positive"": true, ""fresh_query_after"": 1.0905304551124573, ""fresh_query_before"": 1.0877834558486938, ""fresh_utility"": 0.1123814582824707, ""reuse_profiles"": {""default"": {""feasible_both"": true, ""fold_a_harm"": -0.0043118176981806755, ""fold_a_lcb"": -0.008959006238728761, ""fold_a_query_after"": 1.2823482751846313, ""fold_a_utility"": -0.005355954170227051, ""fold_b_harm"": -0.003875979222357273, ""fold_b_lcb"": -0.006637478931806981, ""fold_b_query_after"": 1.1260392665863037, ""fold_b_utility"": 0.0027922391891479492, ""harm_lcb_max"": -0.006637478931806981, ""harm_mean"": -0.004093898460268974, ""harm_se_mean"": 0.0018899714923463762, ""harm_ucb_max"": 0.00033537084236741083, ""local_trainability"": -0.0012818574905395508, ""query_after"": 1.2041937708854675, ""query_before"": 1.202911913394928, ""system_utility"": -0.0012818574905395508}}, ""status"": ""ok"", ""statusquo_loss"": 1.202911913394928}, ""utility_status"": ""ok""}"
9,A1,A,1,adapter_1,spawn,confirmed_fresh,1.0972554683685303,2,True,294912,1185798,0,68436489,740355,11845904,144,3.4332329966127872,546122752,0.0,2.2893330920487642,0.0,1.156881034374237,0.05106765031814575,0.0013785362243652344,0.04968911409378052,True,,"{""best_reuse"": ""default"", ""best_reuse_utility"": 0.0013785362243652344, ""decision"": ""spawn"", ""fresh_advantage"": 0.04968911409378052, ""fresh_positive"": true, ""fresh_utility"": 0.05106765031814575, ""full_batch_guards"": {}, ""guarded_best_reuse"": null, ""num_adapters"": 2, ""pending_after"": false, ""pending_before"": true, ""policy_version"": ""cau_v1"", ""reason"": ""confirmed_fresh"", ""utility"": {""batch_n"": 16, ""best_reuse"": ""default"", ""best_reuse_query_after"": 1.1555024981498718, ""best_reuse_utility"": 0.0013785362243652344, ""defer_utility"": 0.0, ""fold_a_fresh_utility"": 0.12850558757781982, ""fold_a_query_n"": 8, ""fold_a_support_n"": 8, ""fold_b_fresh_utility"": -0.02637028694152832, ""fold_b_query_n"": 8, ""fold_b_support_n"": 8, ""fresh_advantage"": 0.04968911409378052, ""fresh_local_trainability"": -0.012582957744598389, ""fresh_positive"": true, ""fresh_query_after"": 1.1058133840560913, ""fresh_query_before"": 1.093230426311493, ""fresh_utility"": 0.05106765031814575, ""reuse_profiles"": {""default"": {""feasible_both"": true, ""fold_a_harm"": -0.0025059999898076057, ""fold_a_lcb"": -0.0050165739795193075, ""fold_a_query_after"": 1.2145874500274658, ""fold_a_utility"": 0.0026448965072631836, ""fold_b_harm"": -0.0042325640097260475, ""fold_b_lcb"": -0.008344807205721736, ""fold_b_query_after"": 1.0964175462722778, ""fold_b_utility"": 0.00011217594146728516, ""harm_lcb_max"": -0.0050165739795193075, ""harm_mean"": -0.0033692819997668266, ""harm_se_mean"": 0.0016894941800273955, ""harm_ucb_max"": 4.573999904096057e-06, ""local_trainability"": 0.0013785362243652344, ""query_after"": 1.1555024981498718, ""query_before"": 1.156881034374237, ""system_utility"": 0.0013785362243652344}}, ""status"": ""ok"", ""statusquo_loss"": 1.156881034374237}, ""utility_status"": ""ok""}"
10,A1,A,1,adapter_1,warmup,existing_warmup,1.1217235326766968,2,True,294912,1185798,0,68436489,740355,11845904,160,3.4632836040109396,546122752,0.0,2.3139045499265194,0.0,,,,,,,"{""best_reuse"": null, ""best_reuse_utility"": null, ""decision"": ""warmup"", ""fresh_positive"": null, ""fresh_utility"": null, ""full_batch_guards"": {}, ""guarded_best_reuse"": null, ""num_adapters"": 2, ""pending_after"": false, ""pending_before"": false, ""policy_version"": ""cau_v1"", ""reason"": ""existing_warmup"", ""utility_status"": ""warmup""}"
11,A1,A,1,adapter_1,warmup,existing_warmup,1.085540533065796,2,True,294912,1185798,0,68436489,740355,11845904,176,3.487867396324873,546122752,0.0,2.334659108892083,0.0,,,,,,,"{""best_reuse"": null, ""best_reuse_utility"": null, ""decision"": ""warmup"", ""fresh_positive"": null, ""fresh_utility"": null, ""full_batch_guards"": {}, ""guarded_best_reuse"": null, ""num_adapters"": 2, ""pending_after"": false, ""pending_before"": false, ""policy_version"": ""cau_v1"", ""reason"": ""existing_warmup"", ""utility_status"": ""warmup""}"
12,A1,A,1,adapter_1,warmup,existing_warmup,1.0233668088912964,2,True,294912,1185798,0,68436489,740355,11845904,192,3.5110946390777826,546122752,0.0,2.353938575834036,0.0,,,,,,,"{""best_reuse"": null, ""best_reuse_utility"": null, ""decision"": ""warmup"", ""fresh_positive"": null, ""fresh_utility"": null, ""full_batch_guards"": {}, ""guarded_best_reuse"": null, ""num_adapters"": 2, ""pending_after"": false, ""pending_before"": false, ""policy_version"": ""cau_v1"", ""reason"": ""existing_warmup"", ""utility_status"": ""warmup""}"
13,A1,A,1,adapter_1,reuse,pending_fresh_safe_existing_reuse,1.118119478225708,2,True,294912,1185798,0,68436489,740355,11845904,208,4.077501304447651,546122752,0.0,2.917138362303376,0.0,1.1128592491149902,0.043138086795806885,0.0033652782440185547,0.03977280855178833,True,,"{""best_reuse"": ""adapter_1"", ""best_reuse_utility"": 0.0033652782440185547, ""decision"": ""reuse"", ""fresh_advantage"": 0.03977280855178833, ""fresh_positive"": true, ""fresh_utility"": 0.043138086795806885, ""full_batch_guards"": {""adapter_1"": {""crossfit_feasible"": true, ""crossfit_utility"": 0.0033652782440185547, ""crossfit_utility_positive"": true, ""full_batch_cur_after"": 1.0997744798660278, ""full_batch_cur_before"": 1.1128592491149902, ""full_batch_gain"": 0.013084769248962402, ""full_batch_harm"": -0.005534232594072819, ""full_batch_harm_lcb"": -0.013321288377046585, ""full_batch_harm_se"": 0.003972987644374371, ""full_batch_harm_ucb"": 0.002252823188900947, ""full_batch_safe"": true}, ""default"": {""crossfit_feasible"": true, ""crossfit_utility"": -0.043987154960632324, ""crossfit_utility_positive"": false, ""full_batch_cur_after"": 1.1519885063171387, ""full_batch_cur_before"": 1.169722080230713, ""full_batch_gain"": 0.01773357391357422, ""full_batch_harm"": -0.005255220457911491, ""full_batch_harm_lcb"": -0.011563505446538329, ""full_batch_harm_se"": 0.003218512749299407, ""full_batch_harm_ucb"": 0.001053064530715346, ""full_batch_safe"": true}}, ""guarded_best_reuse"": ""adapter_1"", ""num_adapters"": 2, ""pending_after"": true, ""pending_before"": false, ""policy_version"": ""cau_v1"", ""reason"": ""pending_fresh_safe_existing_reuse"", ""utility"": {""batch_n"": 16, ""best_reuse"": ""adapter_1"", ""best_reuse_query_after"": 1.1094939708709717, ""best_reuse_utility"": 0.0033652782440185547, ""defer_utility"": 0.0, ""fold_a_fresh_utility"": 0.06291615962982178, ""fold_a_query_n"": 8, ""fold_a_support_n"": 8, ""fold_b_fresh_utility"": 0.023360013961791992, ""fold_b_query_n"": 8, ""fold_b_support_n"": 8, ""fresh_advantage"": 0.03977280855178833, ""fresh_local_trainability"": 0.013458847999572754, ""fresh_positive"": true, ""fresh_query_after"": 1.0697211623191833, ""fresh_query_before"": 1.083180010318756, ""fresh_utility"": 0.043138086795806885, ""reuse_profiles"": {""adapter_1"": {""feasible_both"": true, ""fold_a_harm"": -0.006521192379295826, ""fold_a_lcb"": -0.015245535969734192, ""fold_a_query_after"": 1.161487102508545, ""fold_a_utility"": -0.004820585250854492, ""fold_b_harm"": -0.004072957672178745, ""fold_b_lcb"": -0.009064457630738616, ""fold_b_query_after"": 1.0575008392333984, ""fold_b_utility"": 0.011551141738891602, ""harm_lcb_max"": -0.009064457630738616, ""harm_mean"": -0.005297075025737286, ""harm_se_mean"": 0.003498939680866897, ""harm_ucb_max"": 0.0022031512111425396, ""local_trainability"": 0.0033652782440185547, ""query_after"": 1.1094939708709717, ""query_before"": 1.1128592491149902, ""system_utility"": 0.0033652782440185547}, ""default"": {""feasible_both"": true, ""fold_a_harm"": -0.0052026985213160515, ""fold_a_lcb"": -0.011075463173910977, ""fold_a_query_after"": 1.0834271907806396, ""fold_a_utility"": 0.07323932647705078, ""fold_b_harm"": -0.004457325674593449, ""fold_b_lcb"": -0.010817031050100921, ""fold_b_query_after"": 1.2302656173706055, ""fold_b_utility"": -0.16121363639831543, ""harm_lcb_max"": -0.010817031050100921, ""harm_mean"": -0.00483001209795475, ""harm_se_mean"": 0.003120528068393469, ""harm_ucb_max"": 0.0019023797009140248, ""local_trainability"": 0.012875616550445557, ""query_after"": 1.1568464040756226, ""query_before"": 1.1697220206260681, ""system_utility"": -0.043987154960632324}}, ""status"": ""ok"", ""statusquo_loss"": 1.1128592491149902}, ""utility_status"": ""ok""}"
14,A1,A,1,adapter_1,reuse,safe_existing_reuse,1.0741444826126099,2,True,294912,1185798,0,68436489,740355,11845904,224,4.636797709390521,546122752,0.0,3.472692985087633,0.0,1.0667072534561157,-0.011557936668395996,-0.0015630722045898438,-0.009994864463806152,False,,"{""best_reuse"": ""adapter_1"", ""best_reuse_utility"": -0.0015630722045898438, ""decision"": ""reuse"", ""fresh_advantage"": -0.009994864463806152, ""fresh_positive"": false, ""fresh_utility"": -0.011557936668395996, ""full_batch_guards"": {""adapter_1"": {""crossfit_feasible"": true, ""crossfit_utility"": -0.0015630722045898438, ""crossfit_utility_positive"": false, ""full_batch_cur_after"": 1.0616058111190796, ""full_batch_cur_before"": 1.0667072534561157, ""full_batch_gain"": 0.005101442337036133, ""full_batch_harm"": -0.0026986422017216682, ""full_batch_harm_lcb"": -0.007511811833828688, ""full_batch_harm_se"": 0.0024556987918913364, ""full_batch_harm_ucb"": 0.002114527430385351, ""full_batch_safe"": true}, ""default"": {""crossfit_feasible"": true, ""crossfit_utility"": -0.07895892858505249, ""crossfit_utility_positive"": false, ""full_batch_cur_after"": 1.140809416770935, ""full_batch_cur_before"": 1.1449275016784668, ""full_batch_gain"": 0.004118084907531738, ""full_batch_harm"": -0.002278408035635948, ""full_batch_harm_lcb"": -0.00454496975056827, ""full_batch_harm_se"": 0.0011564090382307768, ""full_batch_harm_ucb"": -1.18463207036258e-05, ""full_batch_safe"": true}}, ""guarded_best_reuse"": ""adapter_1"", ""num_adapters"": 2, ""pending_after"": false, ""pending_before"": true, ""policy_version"": ""cau_v1"", ""reason"": ""safe_existing_reuse"", ""utility"": {""batch_n"": 16, ""best_reuse"": ""adapter_1"", ""best_reuse_query_after"": 1.0682703256607056, ""best_reuse_utility"": -0.0015630722045898438, ""defer_utility"": 0.0, ""fold_a_fresh_utility"": 0.000331878662109375, ""fold_a_query_n"": 8, ""fold_a_support_n"": 8, ""fold_b_fresh_utility"": -0.023447751998901367, ""fold_b_query_n"": 8, ""fold_b_support_n"": 8, ""fresh_advantage"": -0.009994864463806152, ""fresh_local_trainability"": 0.014274060726165771, ""fresh_positive"": false, ""fresh_query_after"": 1.0782651901245117, ""fresh_query_before"": 1.0925392508506775, ""fresh_utility"": -0.011557936668395996, ""reuse_profiles"": {""adapter_1"": {""feasible_both"": true, ""fold_a_harm"": -0.00273271556943655, ""fold_a_lcb"": -0.007850078605115413, ""fold_a_query_after"": 1.081932544708252, ""fold_a_utility"": 0.001142263412475586, ""fold_b_harm"": -0.0032128384336829185, ""fold_b_lcb"": -0.008422611495479942, ""fold_b_query_after"": 1.0546081066131592, ""fold_b_utility"": -0.0042684078216552734, ""harm_lcb_max"": -0.007850078605115413, ""harm_mean"": -0.0029727770015597343, ""harm_se_mean"": 0.0026344734942540526, ""harm_ucb_max"": 0.002384647466242313, ""local_trainability"": -0.0015630722045898438, ""query_after"": 1.0682703256607056, ""query_before"": 1.0667072534561157, ""system_utility"": -0.0015630722045898438}, ""default"": {""feasible_both"": true, ""fold_a_harm"": -0.0017546787858009338, ""fold_a_lcb"": -0.0033262298186309634, ""fold_a_query_after"": 1.1492071151733398, ""fold_a_utility"": -0.0661323070526123, ""fold_b_harm"": -0.003523874096572399, ""fold_b_lcb"": -0.00674725622870028, ""fold_b_query_after"": 1.1421252489089966, ""fold_b_utility"": -0.09178555011749268, ""harm_lcb_max"": -0.0033262298186309634, ""harm_mean"": -0.0026392764411866665, ""harm_se_mean"": 0.0012231972359586507, ""harm_ucb_max"": -0.0001831277529709041, ""local_trainability"": -0.000738680362701416, ""query_after"": 1.1456661820411682, ""query_before"": 1.1449275016784668, ""system_utility"": -0.07895892858505249}}, ""status"": ""ok"", ""statusquo_loss"": 1.0667072534561157}, ""utility_status"": ""ok""}"
15,A1,A,1,default,reuse,safe_existing_reuse,1.0559074878692627,2,True,294912,1185798,0,68436489,740355,11845904,240,5.237800011411309,546122752,0.0,4.069931069388986,0.0,1.1666129231452942,0.05462181568145752,0.11138159036636353,-0.056759774684906006,False,,"{""best_reuse"": ""default"", ""best_reuse_utility"": 0.11138159036636353, ""decision"": ""reuse"", ""fresh_advantage"": -0.056759774684906006, ""fresh_positive"": false, ""fresh_utility"": 0.05462181568145752, ""full_batch_guards"": {""adapter_1"": {""crossfit_feasible"": true, ""crossfit_utility"": -0.005095839500427246, ""crossfit_utility_positive"": false, ""full_batch_cur_after"": 1.1655762195587158, ""full_batch_cur_before"": 1.1666128635406494, ""full_batch_gain"": 0.0010366439819335938, ""full_batch_harm"": -0.0014038635417819023, ""full_batch_harm_lcb"": -0.0026637722016312182, ""full_batch_harm_se"": 0.0006428105407394469, ""full_batch_harm_ucb"": -0.00014395488193258638, ""full_batch_safe"": true}, ""default"": {""crossfit_feasible"": true, ""crossfit_utility"": 0.11138159036636353, ""crossfit_utility_positive"": true, ""full_batch_cur_after"": 1.0491113662719727, ""full_batch_cur_before"": 1.051311731338501, ""full_batch_gain"": 0.0022003650665283203, ""full_batch_harm"": -0.0016243625432252884, ""full_batch_harm_lcb"": -0.004451533704996109, ""full_batch_harm_se"": 0.0014424342662096024, ""full_batch_harm_ucb"": 0.0012028086185455322, ""full_batch_safe"": true}}, ""guarded_best_reuse"": ""default"", ""num_adapters"": 2, ""pending_after"": false, ""pending_before"": false, ""policy_version"": ""cau_v1"", ""reason"": ""safe_existing_reuse"", ""utility"": {""batch_n"": 16, ""best_reuse"": ""default"", ""best_reuse_query_after"": 1.0552313327789307, ""best_reuse_utility"": 0.11138159036636353, ""defer_utility"": 0.0, ""fold_a_fresh_utility"": 0.06362009048461914, ""fold_a_query_n"": 8, ""fold_a_support_n"": 8, ""fold_b_fresh_utility"": 0.0456235408782959, ""fold_b_query_n"": 8, ""fold_b_support_n"": 8, ""fresh_advantage"": -0.056759774684906006, ""fresh_local_trainability"": 0.0032545924186706543, ""fresh_positive"": false, ""fresh_query_after"": 1.1119911074638367, ""fresh_query_before"": 1.1152456998825073, ""fresh_utility"": 0.05462181568145752, ""reuse_profiles"": {""adapter_1"": {""feasible_both"": true, ""fold_a_harm"": -0.0004583485424518585, ""fold_a_lcb"": -0.0037390500446781516, ""fold_a_query_after"": 1.187845230102539, ""fold_a_utility"": -0.005548596382141113, ""fold_b_harm"": -0.00268628541380167, ""fold_b_lcb"": -0.004174846927635372, ""fold_b_query_after"": 1.1555722951889038, ""fold_b_utility"": -0.004643082618713379, ""harm_lcb_max"": -0.0037390500446781516, ""harm_mean"": -0.0015723169781267643, ""harm_se_mean"": 0.0012166487285867333, ""harm_ucb_max"": 0.0028223529597744346, ""local_trainability"": -0.005095839500427246, ""query_after"": 1.1717087626457214, ""query_before"": 1.1666129231452942, ""system_utility"": -0.005095839500427246}, ""default"": {""feasible_both"": true, ""fold_a_harm"": -0.000627223402261734, ""fold_a_lcb"": -0.0018274994636885821, ""fold_a_query_after"": 1.0667697191238403, ""fold_a_utility"": 0.11552691459655762, ""fold_b_harm"": -0.002983556129038334, ""fold_b_lcb"": -0.008639186723157763, ""fold_b_query_after"": 1.043692946434021, ""fold_b_utility"": 0.10723626613616943, ""harm_lcb_max"": -0.0018274994636885821, ""harm_mean"": -0.001805389765650034, ""harm_se_mean"": 0.0017489557794760913, ""harm_ucb_max"": 0.002672074465081096, ""local_trainability"": -0.003919482231140137, ""query_after"": 1.0552313327789307, ""query_before"": 1.0513118505477905, ""system_utility"": 0.11138159036636353}}, ""status"": ""ok"", ""statusquo_loss"": 1.1666129231452942}, ""utility_status"": ""ok""}"
16,A1,A,1,adapter_1,reuse,safe_existing_reuse,1.0809139013290405,2,True,294912,1185798,0,68436489,740355,11845904,256,5.874664844945073,551558144,0.0,4.70274731144309,0.0,1.1553938388824463,0.012186706066131592,0.05534970760345459,-0.043163001537323,False,,"{""best_reuse"": ""adapter_1"", ""best_reuse_utility"": 0.05534970760345459, ""decision"": ""reuse"", ""fresh_advantage"": -0.043163001537323, ""fresh_positive"": false, ""fresh_utility"": 0.012186706066131592, ""full_batch_guards"": {""adapter_1"": {""crossfit_feasible"": true, ""crossfit_utility"": 0.05534970760345459, ""crossfit_utility_positive"": true, ""full_batch_cur_after"": 1.0846030712127686, ""full_batch_cur_before"": 1.089317798614502, ""full_batch_gain"": 0.0047147274017333984, ""full_batch_harm"": -0.0021054865792393684, ""full_batch_harm_lcb"": -0.0062470364477485415, ""full_batch_harm_se"": 0.002113035647198558, ""full_batch_harm_ucb"": 0.0020360632892698046, ""full_batch_safe"": true}, ""default"": {""crossfit_feasible"": true, ""crossfit_utility"": -0.0085335373878479, ""crossfit_utility_positive"": false, ""full_batch_cur_after"": 1.150546669960022, ""full_batch_cur_before"": 1.1553938388824463, ""full_batch_gain"": 0.004847168922424316, ""full_batch_harm"": -0.0024378271773457527, ""full_batch_harm_lcb"": -0.004674036954529583, ""full_batch_harm_se"": 0.001140923355706036, ""full_batch_harm_ucb"": -0.00020161740016192212, ""full_batch_safe"": true}}, ""guarded_best_reuse"": ""adapter_1"", ""num_adapters"": 2, ""pending_after"": false, ""pending_before"": false, ""policy_version"": ""cau_v1"", ""reason"": ""safe_existing_reuse"", ""utility"": {""batch_n"": 16, ""best_reuse"": ""adapter_1"", ""best_reuse_query_after"": 1.1000441312789917, ""best_reuse_utility"": 0.05534970760345459, ""defer_utility"": 0.0, ""fold_a_fresh_utility"": 0.1798720359802246, ""fold_a_query_n"": 8, ""fold_a_support_n"": 8, ""fold_b_fresh_utility"": -0.15549862384796143, ""fold_b_query_n"": 8, ""fold_b_support_n"": 8, ""fresh_advantage"": -0.043163001537323, ""fresh_local_trainability"": -0.046530187129974365, ""fresh_positive"": false, ""fresh_query_after"": 1.1432071328163147, ""fresh_query_before"": 1.0966769456863403, ""fresh_utility"": 0.012186706066131592, ""reuse_profiles"": {""adapter_1"": {""feasible_both"": true, ""fold_a_harm"": -0.0017357589676976204, ""fold_a_lcb"": -0.00313554948894307, ""fold_a_query_after"": 0.9974305629730225, ""fold_a_utility"": 0.3022153377532959, ""fold_b_harm"": -0.002658422105014324, ""fold_b_lcb"": -0.010500157512724399, ""fold_b_query_after"": 1.202657699584961, ""fold_b_utility"": -0.19151592254638672, ""harm_lcb_max"": -0.00313554948894307, ""harm_mean"": -0.0021970905363559723, ""harm_se_mean"": 0.0023575321247335523, ""harm_ucb_max"": 0.0051833133026957506, ""local_trainability"": -0.010726451873779297, ""query_after"": 1.1000441312789917, ""query_before"": 1.0893176794052124, ""system_utility"": 0.05534970760345459}, ""default"": {""feasible_both"": true, ""fold_a_harm"": 0.000897836871445179, ""fold_a_lcb"": -0.0026646648067981003, ""fold_a_query_after"": 1.313242793083191, ""fold_a_utility"": -0.013596892356872559, ""fold_b_harm"": -0.00288525503128767, ""fold_b_lcb"": -0.005714148450642824, ""fold_b_query_after"": 1.0146119594573975, ""fold_b_utility"": -0.003470182418823242, ""harm_lcb_max"": -0.0026646648067981003, ""harm_mean"": -0.0009937090799212456, ""harm_se_mean"": 0.0016304579330608249, ""harm_ucb_max"": 0.004460338549688458, ""local_trainability"": -0.0085335373878479, ""query_after"": 1.1639273762702942, ""query_before"": 1.1553938388824463, ""system_utility"": -0.0085335373878479}}, ""status"": ""ok"", ""statusquo_loss"": 1.1553938388824463}, ""utility_status"": ""ok""}"
17,A1,A,1,default,reuse,safe_existing_reuse,1.077561855316162,2,True,294912,1185798,0,68436489,740355,11845904,272,6.454834116622806,551558144,0.0,5.278817132115364,0.0,1.142302930355072,0.030410587787628174,0.06784921884536743,-0.03743863105773926,False,,"{""best_reuse"": ""default"", ""best_reuse_utility"": 0.06784921884536743, ""decision"": ""reuse"", ""fresh_advantage"": -0.03743863105773926, ""fresh_positive"": false, ""fresh_utility"": 0.030410587787628174, ""full_batch_guards"": {""adapter_1"": {""crossfit_feasible"": true, ""crossfit_utility"": -0.002630770206451416, ""crossfit_utility_positive"": false, ""full_batch_cur_after"": 1.1366174221038818, ""full_batch_cur_before"": 1.1423029899597168, ""full_batch_gain"": 0.005685567855834961, ""full_batch_harm"": -0.001560114324092865, ""full_batch_harm_lcb"": -0.0023705752473324538, ""full_batch_harm_se"": 0.0004135004710406065, ""full_batch_harm_ucb"": -0.0007496534008532762, ""full_batch_safe"": true}, ""default"": {""crossfit_feasible"": true, ""crossfit_utility"": 0.06784921884536743, ""crossfit_utility_positive"": true, ""full_batch_cur_after"": 1.0665080547332764, ""full_batch_cur_before"": 1.0720428228378296, ""full_batch_gain"": 0.005534768104553223, ""full_batch_harm"": -0.0005618464201688766, ""full_batch_harm_lcb"": -0.0033933782158419488, ""full_batch_harm_se"": 0.001444659079425037, ""full_batch_harm_ucb"": 0.0022696853755041955, ""full_batch_safe"": true}}, ""guarded_best_reuse"": ""default"", ""num_adapters"": 2, ""pending_after"": false, ""pending_before"": false, ""policy_version"": ""cau_v1"", ""reason"": ""safe_existing_reuse"", ""utility"": {""batch_n"": 16, ""best_reuse"": ""default"", ""best_reuse_query_after"": 1.0744537115097046, ""best_reuse_utility"": 0.06784921884536743, ""defer_utility"": 0.0, ""fold_a_fresh_utility"": 0.01111757755279541, ""fold_a_query_n"": 8, ""fold_a_support_n"": 8, ""fold_b_fresh_utility"": 0.04970359802246094, ""fold_b_query_n"": 8, ""fold_b_support_n"": 8, ""fresh_advantage"": -0.03743863105773926, ""fresh_local_trainability"": -0.0023810863494873047, ""fresh_positive"": false, ""fresh_query_after"": 1.1118923425674438, ""fresh_query_before"": 1.1095112562179565, ""fresh_utility"": 0.030410587787628174, ""reuse_profiles"": {""adapter_1"": {""feasible_both"": true, ""fold_a_harm"": -0.0009948285296559334, ""fold_a_lcb"": -0.002837903692852706, ""fold_a_query_after"": 1.113344430923462, ""fold_a_utility"": -0.0014089345932006836, ""fold_b_harm"": -0.0022621741518378258, ""fold_b_lcb"": -0.004772564689628779, ""fold_b_query_after"": 1.176522970199585, ""fold_b_utility"": -0.0038526058197021484, ""harm_lcb_max"": -0.002837903692852706, ""harm_mean"": -0.0016285013407468796, ""harm_se_mean"": 0.0011105779849458486, ""harm_ucb_max"": 0.0008482466335408389, ""local_trainability"": -0.002630770206451416, ""query_after"": 1.1449337005615234, ""query_before"": 1.142302930355072, ""system_utility"": -0.002630770206451416}, ""default"": {""feasible_both"": true, ""fold_a_harm"": 0.0008081449195742607, ""fold_a_lcb"": -0.002314087664708495, ""fold_a_query_after"": 1.1389398574829102, ""fold_a_utility"": -0.027004361152648926, ""fold_b_harm"": -0.0014668852090835571, ""fold_b_lcb"": -0.00502268108073622, ""fold_b_query_after"": 1.009967565536499, ""fold_b_utility"": 0.1627027988433838, ""harm_lcb_max"": -0.002314087664708495, ""harm_mean"": -0.0003293701447546482, ""harm_se_mean"": 0.0017035786877386272, ""harm_ucb_max"": 0.0039303775038570165, ""local_trainability"": -0.002410888671875, ""query_after"": 1.0744537115097046, ""query_before"": 1.0720428228378296, ""system_utility"": 0.06784921884536743}}, ""status"": ""ok"", ""statusquo_loss"": 1.142302930355072}, ""utility_status"": ""ok""}"
18,A1,A,1,default,reuse,pending_fresh_safe_existing_reuse,1.1128817796707153,2,True,294912,1185798,0,68436489,740355,11845904,288,7.019408941268921,551558144,0.0,5.838911931961775,0.0,1.1218539476394653,0.022824406623840332,0.003576040267944336,0.019248366355895996,True,,"{""best_reuse"": ""default"", ""best_reuse_utility"": 0.003576040267944336, ""decision"": ""reuse"", ""fresh_advantage"": 0.019248366355895996, ""fresh_positive"": true, ""fresh_utility"": 0.022824406623840332, ""full_batch_guards"": {""adapter_1"": {""crossfit_feasible"": true, ""crossfit_utility"": -0.015265464782714844, ""crossfit_utility_positive"": false, ""full_batch_cur_after"": 1.1292155981063843, ""full_batch_cur_before"": 1.1344032287597656, ""full_batch_gain"": 0.005187630653381348, ""full_batch_harm"": -0.002860806882381439, ""full_batch_harm_lcb"": -0.006171502089127898, ""full_batch_harm_se"": 0.0016891302075237036, ""full_batch_harm_ucb"": 0.00044988832436501994, ""full_batch_safe"": true}, ""default"": {""crossfit_feasible"": true, ""crossfit_utility"": 0.003576040267944336, ""crossfit_utility_positive"": true, ""full_batch_cur_after"": 1.1119027137756348, ""full_batch_cur_before"": 1.1218539476394653, ""full_batch_gain"": 0.009951233863830566, ""full_batch_harm"": -0.003847573883831501, ""full_batch_harm_lcb"": -0.008765913946554064, ""full_batch_harm_se"": 0.002509357174858451, ""full_batch_harm_ucb"": 0.0010707661788910625, ""full_batch_safe"": true}}, ""guarded_best_reuse"": ""default"", ""num_adapters"": 2, ""pending_after"": true, ""pending_before"": false, ""policy_version"": ""cau_v1"", ""reason"": ""pending_fresh_safe_existing_reuse"", ""utility"": {""batch_n"": 16, ""best_reuse"": ""default"", ""best_reuse_query_after"": 1.118277907371521, ""best_reuse_utility"": 0.003576040267944336, ""defer_utility"": 0.0, ""fold_a_fresh_utility"": 0.10487842559814453, ""fold_a_query_n"": 8, ""fold_a_support_n"": 8, ""fold_b_fresh_utility"": -0.05922961235046387, ""fold_b_query_n"": 8, ""fold_b_support_n"": 8, ""fresh_advantage"": 0.019248366355895996, ""fresh_local_trainability"": -0.00044548511505126953, ""fresh_positive"": true, ""fresh_query_after"": 1.099029541015625, ""fresh_query_before"": 1.0985840559005737, ""fresh_utility"": 0.022824406623840332, ""reuse_profiles"": {""adapter_1"": {""feasible_both"": true, ""fold_a_harm"": -0.0020139645785093307, ""fold_a_lcb"": -0.0030330131878145037, ""fold_a_query_after"": 1.1074299812316895, ""fold_a_utility"": 0.08301305770874023, ""fold_b_harm"": -0.0032296059653162956, ""fold_b_lcb"": -0.008307837611064316, ""fold_b_query_after"": 1.166808843612671, ""fold_b_utility"": -0.11354398727416992, ""harm_lcb_max"": -0.0030330131878145037, ""harm_mean"": -0.002621785271912813, ""harm_se_mean"": 0.0015554286364931613, ""harm_ucb_max"": 0.0018486256804317236, ""local_trainability"": -0.0027161836624145508, ""query_after"": 1.1371194124221802, ""query_before"": 1.1344032287597656, ""system_utility"": -0.015265464782714844}, ""default"": {""feasible_both"": true, ""fold_a_harm"": -0.0024091433733701706, ""fold_a_lcb"": -0.006747907251119614, ""fold_a_query_after"": 1.1862996816635132, ""fold_a_utility"": 0.004143357276916504, ""fold_b_harm"": -0.003992682322859764, ""fold_b_lcb"": -0.00858767468482256, ""fold_b_query_after"": 1.0502561330795288, ""fold_b_utility"": 0.003008723258972168, ""harm_lcb_max"": -0.006747907251119614, ""harm_mean"": -0.0032009128481149673, ""harm_se_mean"": 0.0022790194489061832, ""harm_ucb_max"": 0.0019296205043792727, ""local_trainability"": 0.003576040267944336, ""query_after"": 1.118277907371521, ""query_before"": 1.1218539476394653, ""system_utility"": 0.003576040267944336}}, ""status"": ""ok"", ""statusquo_loss"": 1.1218539476394653}, ""utility_status"": ""ok""}"
19,B1,B,1,adapter_1,reuse,safe_existing_reuse,1.0547468662261963,2,True,294912,1185798,0,68436489,740355,11845904,304,8.702921841293573,551558144,0.0,6.424028655514121,1.094329096376896,1.1869476437568665,0.08640366792678833,0.1281852424144745,-0.04178157448768616,False,,"{""best_reuse"": ""adapter_1"", ""best_reuse_utility"": 0.1281852424144745, ""decision"": ""reuse"", ""fresh_advantage"": -0.04178157448768616, ""fresh_positive"": false, ""fresh_utility"": 0.08640366792678833, ""full_batch_guards"": {""adapter_1"": {""crossfit_feasible"": true, ""crossfit_utility"": 0.1281852424144745, ""crossfit_utility_positive"": true, ""full_batch_cur_after"": 1.0462086200714111, ""full_batch_cur_before"": 1.056178331375122, ""full_batch_gain"": 0.009969711303710938, ""full_batch_harm"": -0.0020628878846764565, ""full_batch_harm_lcb"": -0.007375728525221348, ""full_batch_harm_se"": 0.0027106329798698425, ""full_batch_harm_ucb"": 0.003249952755868435, ""full_batch_safe"": true}, ""default"": {""crossfit_feasible"": true, ""crossfit_utility"": 0.00019872188568115234, ""crossfit_utility_positive"": true, ""full_batch_cur_after"": 1.1806421279907227, ""full_batch_cur_before"": 1.1869475841522217, ""full_batch_gain"": 0.0063054561614990234, ""full_batch_harm"": -0.001993628218770027, ""full_batch_harm_lcb"": -0.006558957044035196, ""full_batch_harm_se"": 0.0023292494006454945, ""full_batch_harm_ucb"": 0.002571700606495142, ""full_batch_safe"": true}}, ""guarded_best_reuse"": ""adapter_1"", ""num_adapters"": 2, ""pending_after"": false, ""pending_before"": true, ""policy_version"": ""cau_v1"", ""reason"": ""safe_existing_reuse"", ""utility"": {""batch_n"": 16, ""best_reuse"": ""adapter_1"", ""best_reuse_query_after"": 1.058762401342392, ""best_reuse_utility"": 0.1281852424144745, ""defer_utility"": 0.0, ""fold_a_fresh_utility"": -0.04814505577087402, ""fold_a_query_n"": 8, ""fold_a_support_n"": 8, ""fold_b_fresh_utility"": 0.22095239162445068, ""fold_b_query_n"": 8, ""fold_b_support_n"": 8, ""fresh_advantage"": -0.04178157448768616, ""fresh_local_trainability"": -0.01489490270614624, ""fresh_positive"": false, ""fresh_query_after"": 1.1005439758300781, ""fresh_query_before"": 1.0856490731239319, ""fresh_utility"": 0.08640366792678833, ""reuse_profiles"": {""adapter_1"": {""feasible_both"": true, ""fold_a_harm"": -0.0021366747096180916, ""fold_a_lcb"": -0.008988760020583868, ""fold_a_query_after"": 1.129258155822754, ""fold_a_utility"": -0.058794498443603516, ""fold_b_harm"": -0.0016563571989536285, ""fold_b_lcb"": -0.0028894337336532773, ""fold_b_query_after"": 0.98826664686203, ""fold_b_utility"": 0.3151649832725525, ""harm_lcb_max"": -0.0028894337336532773, ""harm_mean"": -0.00189651595428586, ""harm_se_mean"": 0.002062541287159547, ""harm_ucb_max"": 0.004715410601347685, ""local_trainability"": -0.002584010362625122, ""query_after"": 1.058762401342392, ""query_before"": 1.0561783909797668, ""system_utility"": 0.1281852424144745}, ""default"": {""feasible_both"": true, ""fold_a_harm"": -0.0022173533216118813, ""fold_a_lcb"": -0.007044784286990762, ""fold_a_query_after"": 1.07120680809021, ""fold_a_utility"": -0.0007431507110595703, ""fold_b_harm"": -0.0016407473012804985, ""fold_b_lcb"": -0.0055729338061064485, ""fold_b_query_after"": 1.3022910356521606, ""fold_b_utility"": 0.001140594482421875, ""harm_lcb_max"": -0.0055729338061064485, ""harm_mean"": -0.0019290503114461899, ""harm_se_mean"": 0.0022345962934195995, ""harm_ucb_max"": 0.0026100776437669995, ""local_trainability"": 0.00019872188568115234, ""query_after"": 1.1867489218711853, ""query_before"": 1.1869476437568665, ""system_utility"": 0.00019872188568115234}}, ""status"": ""ok"", ""statusquo_loss"": 1.1869476437568665}, ""utility_status"": ""ok""}"
20,B1,B,1,adapter_1,reuse,safe_existing_reuse,1.0511412620544434,2,True,294912,1185798,0,68436489,740355,11845904,320,9.335284488275647,551558144,0.0,7.05228822119534,1.094329096376896,1.0496054887771606,-0.00688701868057251,0.011606574058532715,-0.018493592739105225,False,,"{""best_reuse"": ""adapter_1"", ""best_reuse_utility"": 0.011606574058532715, ""decision"": ""reuse"", ""fresh_advantage"": -0.018493592739105225, ""fresh_positive"": false, ""fresh_utility"": -0.00688701868057251, ""full_batch_guards"": {""adapter_1"": {""crossfit_feasible"": true, ""crossfit_utility"": 0.011606574058532715, ""crossfit_utility_positive"": true, ""full_batch_cur_after"": 1.0332319736480713, ""full_batch_cur_before"": 1.0496056079864502, ""full_batch_gain"": 0.016373634338378906, ""full_batch_harm"": -0.004421100951731205, ""full_batch_harm_lcb"": -0.010299420729279519, ""full_batch_harm_se"": 0.0029991427436470985, ""full_batch_harm_ucb"": 0.001457218825817108, ""full_batch_safe"": true}, ""default"": {""crossfit_feasible"": true, ""crossfit_utility"": -0.12057232856750488, ""crossfit_utility_positive"": false, ""full_batch_cur_after"": 1.1661975383758545, ""full_batch_cur_before"": 1.168299674987793, ""full_batch_gain"": 0.0021021366119384766, ""full_batch_harm"": -0.0020142607390880585, ""full_batch_harm_lcb"": -0.004698904133401811, ""full_batch_harm_se"": 0.0013697160175070167, ""full_batch_harm_ucb"": 0.0006703826552256942, ""full_batch_safe"": true}}, ""guarded_best_reuse"": ""adapter_1"", ""num_adapters"": 2, ""pending_after"": false, ""pending_before"": false, ""policy_version"": ""cau_v1"", ""reason"": ""safe_existing_reuse"", ""utility"": {""batch_n"": 16, ""best_reuse"": ""adapter_1"", ""best_reuse_query_after"": 1.037998914718628, ""best_reuse_utility"": 0.011606574058532715, ""defer_utility"": 0.0, ""fold_a_fresh_utility"": -0.008995890617370605, ""fold_a_query_n"": 8, ""fold_a_support_n"": 8, ""fold_b_fresh_utility"": -0.004778146743774414, ""fold_b_query_n"": 8, ""fold_b_support_n"": 8, ""fresh_advantage"": -0.018493592739105225, ""fresh_local_trainability"": 0.039986610412597656, ""fresh_positive"": false, ""fresh_query_after"": 1.0564925074577332, ""fresh_query_before"": 1.0964791178703308, ""fresh_utility"": -0.00688701868057251, ""reuse_profiles"": {""adapter_1"": {""feasible_both"": true, ""fold_a_harm"": -0.004144633188843727, ""fold_a_lcb"": -0.00960945598781109, ""fold_a_query_after"": 1.0428366661071777, ""fold_a_utility"": 0.009694337844848633, ""fold_b_harm"": -0.004659763537347317, ""fold_b_lcb"": -0.010200270749628544, ""fold_b_query_after"": 1.0331611633300781, ""fold_b_utility"": 0.013518810272216797, ""harm_lcb_max"": -0.00960945598781109, ""harm_mean"": -0.004402198363095522, ""harm_se_mean"": 0.0028074821457266808, ""harm_ucb_max"": 0.0013201896101236342, ""local_trainability"": 0.011606574058532715, ""query_after"": 1.037998914718628, ""query_before"": 1.0496054887771606, ""system_utility"": 0.011606574058532715}, ""default"": {""feasible_both"": true, ""fold_a_harm"": -0.001783846877515316, ""fold_a_lcb"": -0.004078948143869638, ""fold_a_query_after"": 1.1918811798095703, ""fold_a_utility"": -0.13935017585754395, ""fold_b_harm"": -0.002180749550461769, ""fold_b_lcb"": -0.005541699631139636, ""fold_b_query_after"": 1.1484744548797607, ""fold_b_utility"": -0.10179448127746582, ""harm_lcb_max"": -0.004078948143869638, ""harm_mean"": -0.0019822982139885426, ""harm_se_mean"": 0.0014428702415898442, ""harm_ucb_max"": 0.0011802005302160978, ""local_trainability"": -0.0018782615661621094, ""query_after"": 1.1701778173446655, ""query_before"": 1.1682995557785034, ""system_utility"": -0.12057232856750488}}, ""status"": ""ok"", ""statusquo_loss"": 1.0496054887771606}, ""utility_status"": ""ok""}"
21,B1,B,1,adapter_1,reuse,pending_fresh_safe_existing_reuse,1.1152210235595703,2,True,294912,1185798,0,68436489,740355,11845904,336,9.944411553442478,555008512,0.0,7.657007632777095,1.094329096376896,1.1125280857086182,0.021565675735473633,-0.005948185920715332,0.027513861656188965,True,,"{""best_reuse"": ""adapter_1"", ""best_reuse_utility"": -0.005948185920715332, ""decision"": ""reuse"", ""fresh_advantage"": 0.027513861656188965, ""fresh_positive"": true, ""fresh_utility"": 0.021565675735473633, ""full_batch_guards"": {""adapter_1"": {""crossfit_feasible"": true, ""crossfit_utility"": -0.005948185920715332, ""crossfit_utility_positive"": false, ""full_batch_cur_after"": 1.112445592880249, ""full_batch_cur_before"": 1.1125280857086182, ""full_batch_gain"": 8.249282836914062e-05, ""full_batch_harm"": -0.003529319539666176, ""full_batch_harm_lcb"": -0.006851130928844214, ""full_batch_harm_se"": 0.0016948017291724682, ""full_batch_harm_ucb"": -0.00020750815048813835, ""full_batch_safe"": true}, ""default"": {""crossfit_feasible"": true, ""crossfit_utility"": -0.03519630432128906, ""crossfit_utility_positive"": false, ""full_batch_cur_after"": 1.1443731784820557, ""full_batch_cur_before"": 1.1564769744873047, ""full_batch_gain"": 0.012103796005249023, ""full_batch_harm"": -0.0023582689464092255, ""full_batch_harm_lcb"": -0.008280793791636824, ""full_batch_harm_se"": 0.003021696349605918, ""full_batch_harm_ucb"": 0.0035642558988183736, ""full_batch_safe"": true}}, ""guarded_best_reuse"": ""adapter_1"", ""num_adapters"": 2, ""pending_after"": true, ""pending_before"": false, ""policy_version"": ""cau_v1"", ""reason"": ""pending_fresh_safe_existing_reuse"", ""utility"": {""batch_n"": 16, ""best_reuse"": ""adapter_1"", ""best_reuse_query_after"": 1.1184762716293335, ""best_reuse_utility"": -0.005948185920715332, ""defer_utility"": 0.0, ""fold_a_fresh_utility"": -0.011047840118408203, ""fold_a_query_n"": 8, ""fold_a_support_n"": 8, ""fold_b_fresh_utility"": 0.05417919158935547, ""fold_b_query_n"": 8, ""fold_b_support_n"": 8, ""fresh_advantage"": 0.027513861656188965, ""fresh_local_trainability"": 0.0018124580383300781, ""fresh_positive"": true, ""fresh_query_after"": 1.0909624099731445, ""fresh_query_before"": 1.0927748680114746, ""fresh_utility"": 0.021565675735473633, ""reuse_profiles"": {""adapter_1"": {""feasible_both"": true, ""fold_a_harm"": -0.0028820475563406944, ""fold_a_lcb"": -0.006016178959980607, ""fold_a_query_after"": 1.0740649700164795, ""fold_a_utility"": -0.003155231475830078, ""fold_b_harm"": -0.003883722238242626, ""fold_b_lcb"": -0.008982692621648311, ""fold_b_query_after"": 1.1628875732421875, ""fold_b_utility"": -0.008741140365600586, ""harm_lcb_max"": -0.006016178959980607, ""harm_mean"": -0.0033828848972916603, ""harm_se_mean"": 0.002100281068123877, ""harm_ucb_max"": 0.001215248145163059, ""local_trainability"": -0.005948185920715332, ""query_after"": 1.1184762716293335, ""query_before"": 1.1125280857086182, ""system_utility"": -0.005948185920715332}, ""default"": {""feasible_both"": true, ""fold_a_harm"": -0.002554205246269703, ""fold_a_lcb"": -0.0083151828777045, ""fold_a_query_after"": 1.1843149662017822, ""fold_a_utility"": -0.11340522766113281, ""fold_b_harm"": -0.002224060706794262, ""fold_b_lcb"": -0.008009917521849274, ""fold_b_query_after"": 1.1111338138580322, ""fold_b_utility"": 0.04301261901855469, ""harm_lcb_max"": -0.008009917521849274, ""harm_mean"": -0.0023891329765319824, ""harm_se_mean"": 0.002945621032267809, ""harm_ucb_max"": 0.003561796108260751, ""local_trainability"": 0.008752584457397461, ""query_after"": 1.1477243900299072, ""query_before"": 1.1564769744873047, ""system_utility"": -0.03519630432128906}}, ""status"": ""ok"", ""statusquo_loss"": 1.1125280857086182}, ""utility_status"": ""ok""}"
22,B1,B,1,default,reuse,safe_existing_reuse,1.0723695755004883,2,True,294912,1185798,0,68436489,740355,11845904,352,10.545159677043557,555008512,0.0,8.252831207588315,1.094329096376896,1.1613414287567139,0.052650392055511475,0.08384037017822266,-0.03118997812271118,False,,"{""best_reuse"": ""default"", ""best_reuse_utility"": 0.08384037017822266, ""decision"": ""reuse"", ""fresh_advantage"": -0.03118997812271118, ""fresh_positive"": false, ""fresh_utility"": 0.052650392055511475, ""full_batch_guards"": {""adapter_1"": {""crossfit_feasible"": true, ""crossfit_utility"": 0.00025707483291625977, ""crossfit_utility_positive"": true, ""full_batch_cur_after"": 1.1551215648651123, ""full_batch_cur_before"": 1.1613414287567139, ""full_batch_gain"": 0.0062198638916015625, ""full_batch_harm"": -0.0028219064697623253, ""full_batch_harm_lcb"": -0.00408433245960623, ""full_batch_harm_se"": 0.0006440948927775025, ""full_batch_harm_ucb"": -0.0015594804799184203, ""full_batch_safe"": true}, ""default"": {""crossfit_feasible"": true, ""crossfit_utility"": 0.08384037017822266, ""crossfit_utility_positive"": true, ""full_batch_cur_after"": 1.072455883026123, ""full_batch_cur_before"": 1.0781466960906982, ""full_batch_gain"": 0.005690813064575195, ""full_batch_harm"": -0.0017698640003800392, ""full_batch_harm_lcb"": -0.006675880383700132, ""full_batch_harm_se"": 0.002503069583326578, ""full_batch_harm_ucb"": 0.0031361523829400535, ""full_batch_safe"": true}}, ""guarded_best_reuse"": ""default"", ""num_adapters"": 2, ""pending_after"": false, ""pending_before"": true, ""policy_version"": ""cau_v1"", ""reason"": ""safe_existing_reuse"", ""utility"": {""batch_n"": 16, ""best_reuse"": ""default"", ""best_reuse_query_after"": 1.0775010585784912, ""best_reuse_utility"": 0.08384037017822266, ""defer_utility"": 0.0, ""fold_a_fresh_utility"": 0.07696259021759033, ""fold_a_query_n"": 8, ""fold_a_support_n"": 8, ""fold_b_fresh_utility"": 0.028338193893432617, ""fold_b_query_n"": 8, ""fold_b_support_n"": 8, ""fresh_advantage"": -0.03118997812271118, ""fresh_local_trainability"": 0.006958186626434326, ""fresh_positive"": false, ""fresh_query_after"": 1.1086910367012024, ""fresh_query_before"": 1.1156492233276367, ""fresh_utility"": 0.052650392055511475, ""reuse_profiles"": {""adapter_1"": {""feasible_both"": true, ""fold_a_harm"": -0.002717232331633568, ""fold_a_lcb"": -0.004279586353804916, ""fold_a_query_after"": 1.1821925640106201, ""fold_a_utility"": -0.0008497238159179688, ""fold_b_harm"": -0.002736136317253113, ""fold_b_lcb"": -0.004273044599685818, ""fold_b_query_after"": 1.139976143836975, ""fold_b_utility"": 0.0013638734817504883, ""harm_lcb_max"": -0.004273044599685818, ""harm_mean"": -0.0027266843244433403, ""harm_se_mean"": 0.0007906281389296055, ""harm_ucb_max"": -0.0011548783094622195, ""local_trainability"": 0.00025707483291625977, ""query_after"": 1.1610843539237976, ""query_before"": 1.1613414287567139, ""system_utility"": 0.00025707483291625977}, ""default"": {""feasible_both"": true, ""fold_a_harm"": -0.0017813267186284065, ""fold_a_lcb"": -0.004814526024274528, ""fold_a_query_after"": 1.0515249967575073, ""fold_a_utility"": 0.12981784343719482, ""fold_b_harm"": -0.0017927950248122215, ""fold_b_lcb"": -0.007600940791890025, ""fold_b_query_after"": 1.103477120399475, ""fold_b_utility"": 0.03786289691925049, ""harm_lcb_max"": -0.004814526024274528, ""harm_mean"": -0.001787060871720314, ""harm_se_mean"": 0.002255445171613246, ""harm_ucb_max"": 0.004015350742265582, ""local_trainability"": 0.0006456971168518066, ""query_after"": 1.0775010585784912, ""query_before"": 1.078146755695343, ""system_utility"": 0.08384037017822266}}, ""status"": ""ok"", ""statusquo_loss"": 1.1613414287567139}, ""utility_status"": ""ok""}"
23,B1,B,1,adapter_1,reuse,safe_existing_reuse,1.0901765823364258,2,True,294912,1185798,0,68436489,740355,11845904,368,11.12241636775434,555008512,0.0,8.82571480050683,1.094329096376896,1.1380407810211182,0.02380579710006714,0.04385429620742798,-0.02004849910736084,False,,"{""best_reuse"": ""adapter_1"", ""best_reuse_utility"": 0.04385429620742798, ""decision"": ""reuse"", ""fresh_advantage"": -0.02004849910736084, ""fresh_positive"": false, ""fresh_utility"": 0.02380579710006714, ""full_batch_guards"": {""adapter_1"": {""crossfit_feasible"": true, ""crossfit_utility"": 0.04385429620742798, ""crossfit_utility_positive"": true, ""full_batch_cur_after"": 1.0858714580535889, ""full_batch_cur_before"": 1.0907442569732666, ""full_batch_gain"": 0.004872798919677734, ""full_batch_harm"": -0.002710375003516674, ""full_batch_harm_lcb"": -0.005884346505627035, ""full_batch_harm_se"": 0.0016193732153624296, ""full_batch_harm_ucb"": 0.00046359649859368775, ""full_batch_safe"": true}, ""default"": {""crossfit_feasible"": true, ""crossfit_utility"": -0.004616081714630127, ""crossfit_utility_positive"": false, ""full_batch_cur_after"": 1.134993553161621, ""full_batch_cur_before"": 1.1380407810211182, ""full_batch_gain"": 0.0030472278594970703, ""full_batch_harm"": -0.0029666488990187645, ""full_batch_harm_lcb"": -0.0058887520944699645, ""full_batch_harm_se"": 0.0014908689772710204, ""full_batch_harm_ucb"": -4.454570356756445e-05, ""full_batch_safe"": true}}, ""guarded_best_reuse"": ""adapter_1"", ""num_adapters"": 2, ""pending_after"": false, ""pending_before"": false, ""policy_version"": ""cau_v1"", ""reason"": ""safe_existing_reuse"", ""utility"": {""batch_n"": 16, ""best_reuse"": ""adapter_1"", ""best_reuse_query_after"": 1.0941864848136902, ""best_reuse_utility"": 0.04385429620742798, ""defer_utility"": 0.0, ""fold_a_fresh_utility"": -8.463859558105469e-05, ""fold_a_query_n"": 8, ""fold_a_support_n"": 8, ""fold_b_fresh_utility"": 0.04769623279571533, ""fold_b_query_n"": 8, ""fold_b_support_n"": 8, ""fresh_advantage"": -0.02004849910736084, ""fresh_local_trainability"": -0.014892280101776123, ""fresh_positive"": false, ""fresh_query_after"": 1.114234983921051, ""fresh_query_before"": 1.099342703819275, ""fresh_utility"": 0.02380579710006714, ""reuse_profiles"": {""adapter_1"": {""feasible_both"": true, ""fold_a_harm"": -0.002834356389939785, ""fold_a_lcb"": -0.0072569673787802455, ""fold_a_query_after"": 1.153426170349121, ""fold_a_utility"": -0.03656911849975586, ""fold_b_harm"": -0.002516276203095913, ""fold_b_lcb"": -0.004395486945286393, ""fold_b_query_after"": 1.0349467992782593, ""fold_b_utility"": 0.12427771091461182, ""harm_lcb_max"": -0.004395486945286393, ""harm_mean"": -0.002675316296517849, ""harm_se_mean"": 0.0016076075844466686, ""harm_ucb_max"": 0.0015882545989006755, ""local_trainability"": -0.003442227840423584, ""query_after"": 1.0941864848136902, ""query_before"": 1.0907442569732666, ""system_utility"": 0.04385429620742798}, ""default"": {""feasible_both"": true, ""fold_a_harm"": -0.0026085618883371353, ""fold_a_lcb"": -0.004826189628802239, ""fold_a_query_after"": 1.1146957874298096, ""fold_a_utility"": 0.002161264419555664, ""fold_b_harm"": -0.005209050141274929, ""fold_b_lcb"": -0.01000486211851239, ""fold_b_query_after"": 1.170617938041687, ""fold_b_utility"": -0.011393427848815918, ""harm_lcb_max"": -0.004826189628802239, ""harm_mean"": -0.003908806014806032, ""harm_se_mean"": 0.001789142785128206, ""harm_ucb_max"": -0.0003909341478720309, ""local_trainability"": -0.004616081714630127, ""query_after"": 1.1426568627357483, ""query_before"": 1.1380407810211182, ""system_utility"": -0.004616081714630127}}, ""status"": ""ok"", ""statusquo_loss"": 1.1380407810211182}, ""utility_status"": ""ok""}"
24,B1,B,1,adapter_1,reuse,pending_fresh_safe_existing_reuse,1.098985195159912,2,True,294912,1185798,0,68436489,740355,11845904,384,11.741934420540929,555008512,0.0,9.433013513684273,1.094329096376896,1.0949668288230896,0.018100857734680176,-0.0029361844062805176,0.021037042140960693,True,,"{""best_reuse"": ""adapter_1"", ""best_reuse_utility"": -0.0029361844062805176, ""decision"": ""reuse"", ""fresh_advantage"": 0.021037042140960693, ""fresh_positive"": true, ""fresh_utility"": 0.018100857734680176, ""full_batch_guards"": {""adapter_1"": {""crossfit_feasible"": true, ""crossfit_utility"": -0.0029361844062805176, ""crossfit_utility_positive"": false, ""full_batch_cur_after"": 1.090043544769287, ""full_batch_cur_before"": 1.0949667692184448, ""full_batch_gain"": 0.004923224449157715, ""full_batch_harm"": -0.0009980527684092522, ""full_batch_harm_lcb"": -0.003530947882682085, ""full_batch_harm_se"": 0.0012922934256494045, ""full_batch_harm_ucb"": 0.0015348423458635806, ""full_batch_safe"": true}, ""default"": {""crossfit_feasible"": true, ""crossfit_utility"": -0.09498012065887451, ""crossfit_utility_positive"": false, ""full_batch_cur_after"": 1.1845431327819824, ""full_batch_cur_before"": 1.2039339542388916, ""full_batch_gain"": 0.01939082145690918, ""full_batch_harm"": -0.006055500358343124, ""full_batch_harm_lcb"": -0.012091923747211695, ""full_batch_harm_se"": 0.0030798078514635563, ""full_batch_harm_ucb"": -1.907696947455427e-05, ""full_batch_safe"": true}}, ""guarded_best_reuse"": ""adapter_1"", ""num_adapters"": 2, ""pending_after"": true, ""pending_before"": false, ""policy_version"": ""cau_v1"", ""reason"": ""pending_fresh_safe_existing_reuse"", ""utility"": {""batch_n"": 16, ""best_reuse"": ""adapter_1"", ""best_reuse_query_after"": 1.0979030132293701, ""best_reuse_utility"": -0.0029361844062805176, ""defer_utility"": 0.0, ""fold_a_fresh_utility"": 0.019904136657714844, ""fold_a_query_n"": 8, ""fold_a_support_n"": 8, ""fold_b_fresh_utility"": 0.016297578811645508, ""fold_b_query_n"": 8, ""fold_b_support_n"": 8, ""fresh_advantage"": 0.021037042140960693, ""fresh_local_trainability"": 0.003863215446472168, ""fresh_positive"": true, ""fresh_query_after"": 1.0768659710884094, ""fresh_query_before"": 1.0807291865348816, ""fresh_utility"": 0.018100857734680176, ""reuse_profiles"": {""adapter_1"": {""feasible_both"": true, ""fold_a_harm"": -0.0008377563208341599, ""fold_a_lcb"": -0.003981265677139163, ""fold_a_query_after"": 1.113729476928711, ""fold_a_utility"": -0.0005218982696533203, ""fold_b_harm"": -0.001913263462483883, ""fold_b_lcb"": -0.0032451717532239856, ""fold_b_query_after"": 1.0820765495300293, ""fold_b_utility"": -0.005350470542907715, ""harm_lcb_max"": -0.0032451717532239856, ""harm_mean"": -0.0013755098916590214, ""harm_se_mean"": 0.0011416881752666086, ""harm_ucb_max"": 0.002305753035470843, ""local_trainability"": -0.0029361844062805176, ""query_after"": 1.0979030132293701, ""query_before"": 1.0949668288230896, ""system_utility"": -0.0029361844062805176}, ""default"": {""feasible_both"": true, ""fold_a_harm"": -0.006180907599627972, ""fold_a_lcb"": -0.012362757250666618, ""fold_a_query_after"": 1.1263376474380493, ""fold_a_utility"": -0.0131300687789917, ""fold_b_harm"": -0.0051848627626895905, ""fold_b_lcb"": -0.010108942771330474, ""fold_b_query_after"": 1.253556251525879, ""fold_b_utility"": -0.17683017253875732, ""harm_lcb_max"": -0.010108942771330474, ""harm_mean"": -0.005682885181158781, ""harm_se_mean"": 0.0028331453213468194, ""harm_ucb_max"": 9.420514106746325e-07, ""local_trainability"": 0.013987064361572266, ""query_after"": 1.1899469494819641, ""query_before"": 1.2039340138435364, ""system_utility"": -0.09498012065887451}}, ""status"": ""ok"", ""statusquo_loss"": 1.0949668288230896}, ""utility_status"": ""ok""}"
25,B1,B,1,default,reuse,safe_existing_reuse,1.0579140186309814,2,True,294912,1185798,0,68436489,740355,11845904,400,12.368152387440205,555008512,0.0,10.052907621487975,1.094329096376896,1.1593269109725952,0.038892388343811035,0.10346734523773193,-0.0645749568939209,False,,"{""best_reuse"": ""default"", ""best_reuse_utility"": 0.10346734523773193, ""decision"": ""reuse"", ""fresh_advantage"": -0.0645749568939209, ""fresh_positive"": false, ""fresh_utility"": 0.038892388343811035, ""full_batch_guards"": {""adapter_1"": {""crossfit_feasible"": true, ""crossfit_utility"": -0.00019466876983642578, ""crossfit_utility_positive"": false, ""full_batch_cur_after"": 1.1500906944274902, ""full_batch_cur_before"": 1.1593269109725952, ""full_batch_gain"": 0.00923621654510498, ""full_batch_harm"": -0.0017982739955186844, ""full_batch_harm_lcb"": -0.0036234905477613207, ""full_batch_harm_se"": 0.0009312329348176718, ""full_batch_harm_ucb"": 2.6942556723952163e-05, ""full_batch_safe"": true}, ""default"": {""crossfit_feasible"": true, ""crossfit_utility"": 0.10346734523773193, ""crossfit_utility_positive"": true, ""full_batch_cur_after"": 1.0459551811218262, ""full_batch_cur_before"": 1.0490243434906006, ""full_batch_gain"": 0.003069162368774414, ""full_batch_harm"": -0.004282014444470406, ""full_batch_harm_lcb"": -0.007461265437304973, ""full_batch_harm_se"": 0.0016220668330788612, ""full_batch_harm_ucb"": -0.0011027634516358378, ""full_batch_safe"": true}}, ""guarded_best_reuse"": ""default"", ""num_adapters"": 2, ""pending_after"": false, ""pending_before"": true, ""policy_version"": ""cau_v1"", ""reason"": ""safe_existing_reuse"", ""utility"": {""batch_n"": 16, ""best_reuse"": ""default"", ""best_reuse_query_after"": 1.0558595657348633, ""best_reuse_utility"": 0.10346734523773193, ""defer_utility"": 0.0, ""fold_a_fresh_utility"": 0.1056210994720459, ""fold_a_query_n"": 8, ""fold_a_support_n"": 8, ""fold_b_fresh_utility"": -0.027836322784423828, ""fold_b_query_n"": 8, ""fold_b_support_n"": 8, ""fresh_advantage"": -0.0645749568939209, ""fresh_local_trainability"": -0.007043719291687012, ""fresh_positive"": false, ""fresh_query_after"": 1.1204345226287842, ""fresh_query_before"": 1.1133908033370972, ""fresh_utility"": 0.038892388343811035, ""reuse_profiles"": {""adapter_1"": {""feasible_both"": true, ""fold_a_harm"": -0.0016240449622273445, ""fold_a_lcb"": -0.0032051783916540446, ""fold_a_query_after"": 1.240234613418579, ""fold_a_utility"": -0.001903533935546875, ""fold_b_harm"": -0.0017219232395291328, ""fold_b_lcb"": -0.003538618518505245, ""fold_b_query_after"": 1.0788085460662842, ""fold_b_utility"": 0.0015141963958740234, ""harm_lcb_max"": -0.0032051783916540446, ""harm_mean"": -0.0016729841008782387, ""harm_se_mean"": 0.0008667930378578603, ""harm_ucb_max"": 9.477203944697967e-05, ""local_trainability"": -0.00019466876983642578, ""query_after"": 1.1595215797424316, ""query_before"": 1.1593269109725952, ""system_utility"": -0.00019466876983642578}, ""default"": {""feasible_both"": true, ""fold_a_harm"": -0.0040179891511797905, ""fold_a_lcb"": -0.007901437226682902, ""fold_a_query_after"": 0.9445416927337646, ""fold_a_utility"": 0.2937893867492676, ""fold_b_harm"": -0.004970156587660313, ""fold_b_lcb"": -0.009467565761879087, ""fold_b_query_after"": 1.167177438735962, ""fold_b_utility"": -0.08685469627380371, ""harm_lcb_max"": -0.007901437226682902, ""harm_mean"": -0.004494072869420052, ""harm_se_mean"": 0.0021379737881943583, ""harm_ucb_max"": -0.0001345410756766795, ""local_trainability"": -0.006835281848907471, ""query_after"": 1.0558595657348633, ""query_before"": 1.0490242838859558, ""system_utility"": 0.10346734523773193}}, ""status"": ""ok"", ""statusquo_loss"": 1.1593269109725952}, ""utility_status"": ""ok""}"
26,B1,B,1,default,reuse,safe_existing_reuse,1.0751936435699463,2,True,294912,1185798,0,68436489,740355,11845904,416,12.97951670922339,555008512,0.0,10.659161165356636,1.094329096376896,1.0881491303443909,-0.0687212347984314,-0.00910639762878418,-0.05961483716964722,False,,"{""best_reuse"": ""default"", ""best_reuse_utility"": -0.00910639762878418, ""decision"": ""reuse"", ""fresh_advantage"": -0.05961483716964722, ""fresh_positive"": false, ""fresh_utility"": -0.0687212347984314, ""full_batch_guards"": {""adapter_1"": {""crossfit_feasible"": true, ""crossfit_utility"": -0.054600298404693604, ""crossfit_utility_positive"": false, ""full_batch_cur_after"": 1.1278417110443115, ""full_batch_cur_before"": 1.1349561214447021, ""full_batch_gain"": 0.007114410400390625, ""full_batch_harm"": -0.0017496421933174133, ""full_batch_harm_lcb"": -0.003358242642134428, ""full_batch_harm_se"": 0.0008207145147025585, ""full_batch_harm_ucb"": -0.00014104174450039857, ""full_batch_safe"": true}, ""default"": {""crossfit_feasible"": true, ""crossfit_utility"": -0.00910639762878418, ""crossfit_utility_positive"": false, ""full_batch_cur_after"": 1.0845041275024414, ""full_batch_cur_before"": 1.0881491899490356, ""full_batch_gain"": 0.0036450624465942383, ""full_batch_harm"": -0.0001741396263241768, ""full_batch_harm_lcb"": -0.002175581599585712, ""full_batch_harm_se"": 0.0010211438639089465, ""full_batch_harm_ucb"": 0.0018273023469373584, ""full_batch_safe"": true}}, ""guarded_best_reuse"": ""default"", ""num_adapters"": 2, ""pending_after"": false, ""pending_before"": false, ""policy_version"": ""cau_v1"", ""reason"": ""safe_existing_reuse"", ""utility"": {""batch_n"": 16, ""best_reuse"": ""default"", ""best_reuse_query_after"": 1.097255527973175, ""best_reuse_utility"": -0.00910639762878418, ""defer_utility"": 0.0, ""fold_a_fresh_utility"": 0.018531203269958496, ""fold_a_query_n"": 8, ""fold_a_support_n"": 8, ""fold_b_fresh_utility"": -0.1559736728668213, ""fold_b_query_n"": 8, ""fold_b_support_n"": 8, ""fresh_advantage"": -0.05961483716964722, ""fresh_local_trainability"": -0.051871299743652344, ""fresh_positive"": false, ""fresh_query_after"": 1.1568703651428223, ""fresh_query_before"": 1.10499906539917, ""fresh_utility"": -0.0687212347984314, ""reuse_profiles"": {""adapter_1"": {""feasible_both"": true, ""fold_a_harm"": -0.0031613418832421303, ""fold_a_lcb"": -0.004885219389107078, ""fold_a_query_after"": 1.1155662536621094, ""fold_a_utility"": 0.024188876152038574, ""fold_b_harm"": 0.0008034901693463326, ""fold_b_lcb"": -0.003551409719511867, ""fold_b_query_after"": 1.1699326038360596, ""fold_b_utility"": -0.13338947296142578, ""harm_lcb_max"": -0.003551409719511867, ""harm_mean"": -0.0011789258569478989, ""harm_se_mean"": 0.0015507085190620273, ""harm_ucb_max"": 0.005158390058204532, ""local_trainability"": -0.007793307304382324, ""query_after"": 1.1427494287490845, ""query_before"": 1.1349561214447021, ""system_utility"": -0.054600298404693604}, ""default"": {""feasible_both"": true, ""fold_a_harm"": -0.00024637579917907715, ""fold_a_lcb"": -0.0018804822256788612, ""fold_a_query_after"": 1.1424064636230469, ""fold_a_utility"": -0.0026513338088989258, ""fold_b_harm"": -0.0003042193129658699, ""fold_b_lcb"": -0.005242468928918242, ""fold_b_query_after"": 1.0521045923233032, ""fold_b_utility"": -0.015561461448669434, ""harm_lcb_max"": -0.0018804822256788612, ""harm_mean"": -0.0002752975560724735, ""harm_se_mean"": 0.0016766214394010603, ""harm_ucb_max"": 0.004634030302986502, ""local_trainability"": -0.00910639762878418, ""query_after"": 1.097255527973175, ""query_before"": 1.0881491303443909, ""system_utility"": -0.00910639762878418}}, ""status"": ""ok"", ""statusquo_loss"": 1.0881491303443909}, ""utility_status"": ""ok""}"
27,B1,B,1,adapter_1,reuse,safe_existing_reuse,1.105694055557251,2,True,294912,1185798,0,68436489,740355,11845904,432,13.576027983799577,555008512,0.0,11.250965029001236,1.094329096376896,1.1661731004714966,0.06326061487197876,0.06883543729782104,-0.005574822425842285,False,,"{""best_reuse"": ""adapter_1"", ""best_reuse_utility"": 0.06883543729782104, ""decision"": ""reuse"", ""fresh_advantage"": -0.005574822425842285, ""fresh_positive"": false, ""fresh_utility"": 0.06326061487197876, ""full_batch_guards"": {""adapter_1"": {""crossfit_feasible"": true, ""crossfit_utility"": 0.06883543729782104, ""crossfit_utility_positive"": true, ""full_batch_cur_after"": 1.0907961130142212, ""full_batch_cur_before"": 1.0982117652893066, ""full_batch_gain"": 0.007415652275085449, ""full_batch_harm"": 0.00010906532406806946, ""full_batch_harm_lcb"": -0.0036981447879225015, ""full_batch_harm_se"": 0.0019424541387706995, ""full_batch_harm_ucb"": 0.003916275436058641, ""full_batch_safe"": true}, ""default"": {""crossfit_feasible"": true, ""crossfit_utility"": 0.0020008087158203125, ""crossfit_utility_positive"": true, ""full_batch_cur_after"": 1.158597469329834, ""full_batch_cur_before"": 1.166172981262207, ""full_batch_gain"": 0.007575511932373047, ""full_batch_harm"": -0.0010120756924152374, ""full_batch_harm_lcb"": -0.003978971503674984, ""full_batch_harm_se"": 0.0015137223526835442, ""full_batch_harm_ucb"": 0.0019548201188445092, ""full_batch_safe"": true}}, ""guarded_best_reuse"": ""adapter_1"", ""num_adapters"": 2, ""pending_after"": false, ""pending_before"": false, ""policy_version"": ""cau_v1"", ""reason"": ""safe_existing_reuse"", ""utility"": {""batch_n"": 16, ""best_reuse"": ""adapter_1"", ""best_reuse_query_after"": 1.0973376631736755, ""best_reuse_utility"": 0.06883543729782104, ""defer_utility"": 0.0, ""fold_a_fresh_utility"": 0.04333353042602539, ""fold_a_query_n"": 8, ""fold_a_support_n"": 8, ""fold_b_fresh_utility"": 0.08318769931793213, ""fold_b_query_n"": 8, ""fold_b_support_n"": 8, ""fresh_advantage"": -0.005574822425842285, ""fresh_local_trainability"": -0.008384943008422852, ""fresh_positive"": false, ""fresh_query_after"": 1.1029124855995178, ""fresh_query_before"": 1.094527542591095, ""fresh_utility"": 0.06326061487197876, ""reuse_profiles"": {""adapter_1"": {""feasible_both"": true, ""fold_a_harm"": -0.0012278100475668907, ""fold_a_lcb"": -0.0034309615148231387, ""fold_a_query_after"": 1.1218299865722656, ""fold_a_utility"": 0.02038860321044922, ""fold_b_harm"": 0.0001141885295510292, ""fold_b_lcb"": -0.004097599238157272, ""fold_b_query_after"": 1.0728453397750854, ""fold_b_utility"": 0.11728227138519287, ""harm_lcb_max"": -0.0034309615148231387, ""harm_mean"": -0.0005568107590079308, ""harm_se_mean"": 0.001636464090552181, ""harm_ucb_max"": 0.0043259762972593305, ""local_trainability"": 0.0008741617202758789, ""query_after"": 1.0973376631736755, ""query_before"": 1.0982118248939514, ""system_utility"": 0.06883543729782104}, ""default"": {""feasible_both"": true, ""fold_a_harm"": -0.0005520889535546303, ""fold_a_lcb"": -0.0027312105009332298, ""fold_a_query_after"": 1.1376430988311768, ""fold_a_utility"": 0.004575490951538086, ""fold_b_harm"": -0.0017450470477342606, ""fold_b_lcb"": -0.005259892069734633, ""fold_b_query_after"": 1.1907014846801758, ""fold_b_utility"": -0.0005738735198974609, ""harm_lcb_max"": -0.0027312105009332298, ""harm_mean"": -0.0011485680006444454, ""harm_se_mean"": 0.0014525424921885133, ""harm_ucb_max"": 0.0017697979742661118, ""local_trainability"": 0.0020008087158203125, ""query_after"": 1.1641722917556763, ""query_before"": 1.1661731004714966, ""system_utility"": 0.0020008087158203125}}, ""status"": ""ok"", ""statusquo_loss"": 1.1661731004714966}, ""utility_status"": ""ok""}"
28,B1,B,1,adapter_1,reuse,safe_existing_reuse,1.0880948305130005,2,True,294912,1185798,0,68436489,740355,11845904,448,14.196554504334927,555008512,0.0,11.866649640724063,1.094329096376896,1.0767500400543213,-0.020308613777160645,-0.0011477470397949219,-0.019160866737365723,False,,"{""best_reuse"": ""adapter_1"", ""best_reuse_utility"": -0.0011477470397949219, ""decision"": ""reuse"", ""fresh_advantage"": -0.019160866737365723, ""fresh_positive"": false, ""fresh_utility"": -0.020308613777160645, ""full_batch_guards"": {""adapter_1"": {""crossfit_feasible"": true, ""crossfit_utility"": -0.0011477470397949219, ""crossfit_utility_positive"": false, ""full_batch_cur_after"": 1.0730031728744507, ""full_batch_cur_before"": 1.0767500400543213, ""full_batch_gain"": 0.0037468671798706055, ""full_batch_harm"": -0.0018875794485211372, ""full_batch_harm_lcb"": -0.003591072000563145, ""full_batch_harm_se"": 0.0008691288530826569, ""full_batch_harm_ucb"": -0.00018408689647912983, ""full_batch_safe"": true}, ""default"": {""crossfit_feasible"": true, ""crossfit_utility"": -0.0844794511795044, ""crossfit_utility_positive"": false, ""full_batch_cur_after"": 1.157318353652954, ""full_batch_cur_before"": 1.1614024639129639, ""full_batch_gain"": 0.004084110260009766, ""full_batch_harm"": -0.00028104521334171295, ""full_batch_harm_lcb"": -0.002266525044105947, ""full_batch_harm_se"": 0.0010129999136552215, ""full_batch_harm_ucb"": 0.001704434617422521, ""full_batch_safe"": true}}, ""guarded_best_reuse"": ""adapter_1"", ""num_adapters"": 2, ""pending_after"": false, ""pending_before"": false, ""policy_version"": ""cau_v1"", ""reason"": ""safe_existing_reuse"", ""utility"": {""batch_n"": 16, ""best_reuse"": ""adapter_1"", ""best_reuse_query_after"": 1.0778977870941162, ""best_reuse_utility"": -0.0011477470397949219, ""defer_utility"": 0.0, ""fold_a_fresh_utility"": -0.022291183471679688, ""fold_a_query_n"": 8, ""fold_a_support_n"": 8, ""fold_b_fresh_utility"": -0.0183260440826416, ""fold_b_query_n"": 8, ""fold_b_support_n"": 8, ""fresh_advantage"": -0.019160866737365723, ""fresh_local_trainability"": 0.0010699629783630371, ""fresh_positive"": false, ""fresh_query_after"": 1.097058653831482, ""fresh_query_before"": 1.098128616809845, ""fresh_utility"": -0.020308613777160645, ""reuse_profiles"": {""adapter_1"": {""feasible_both"": true, ""fold_a_harm"": -0.0014868518337607384, ""fold_a_lcb"": -0.0046714724460616705, ""fold_a_query_after"": 1.0776262283325195, ""fold_a_utility"": -0.003311634063720703, ""fold_b_harm"": -0.0015757177025079727, ""fold_b_lcb"": -0.0030390948499552906, ""fold_b_query_after"": 1.078169345855713, ""fold_b_utility"": 0.0010161399841308594, ""harm_lcb_max"": -0.0030390948499552906, ""harm_mean"": -0.0015312847681343555, ""harm_se_mean"": 0.0011857137142214924, ""harm_ucb_max"": 0.0016977687785401938, ""local_trainability"": -0.0011477470397949219, ""query_after"": 1.0778977870941162, ""query_before"": 1.0767500400543213, ""system_utility"": -0.0011477470397949219}, ""default"": {""feasible_both"": true, ""fold_a_harm"": -0.000655418261885643, ""fold_a_lcb"": -0.0027008008491247893, ""fold_a_query_after"": 1.1404848098754883, ""fold_a_utility"": -0.06617021560668945, ""fold_b_harm"": -0.00018982216715812683, ""fold_b_lcb"": -0.0017321496969088912, ""fold_b_query_after"": 1.181974172592163, ""fold_b_utility"": -0.10278868675231934, ""harm_lcb_max"": -0.0017321496969088912, ""harm_mean"": -0.0004226202145218849, ""harm_se_mean"": 0.0009152321727015078, ""harm_ucb_max"": 0.0013899643253535033, ""local_trainability"": 0.0001729726791381836, ""query_after"": 1.1612294912338257, ""query_before"": 1.1614024639129639, ""system_utility"": -0.0844794511795044}}, ""status"": ""ok"", ""statusquo_loss"": 1.0767500400543213}, ""utility_status"": ""ok""}"
29,B1,B,1,adapter_1,reuse,safe_existing_reuse,1.034682273864746,2,True,294912,1185798,0,68436489,740355,11845904,464,14.8127719219774,555008512,0.0,12.47803777270019,1.094329096376896,1.036904513835907,-0.0310097336769104,0.003920614719390869,-0.03493034839630127,False,,"{""best_reuse"": ""adapter_1"", ""best_reuse_utility"": 0.003920614719390869, ""decision"": ""reuse"", ""fresh_advantage"": -0.03493034839630127, ""fresh_positive"": false, ""fresh_utility"": -0.0310097336769104, ""full_batch_guards"": {""adapter_1"": {""crossfit_feasible"": true, ""crossfit_utility"": 0.003920614719390869, ""crossfit_utility_positive"": true, ""full_batch_cur_after"": 1.0285518169403076, ""full_batch_cur_before"": 1.0369045734405518, ""full_batch_gain"": 0.00835275650024414, ""full_batch_harm"": -0.0006946567445993423, ""full_batch_harm_lcb"": -0.004441565251909196, ""full_batch_harm_se"": 0.001911688013933599, ""full_batch_harm_ucb"": 0.0030522517627105117, ""full_batch_safe"": true}, ""default"": {""crossfit_feasible"": true, ""crossfit_utility"": -0.19614732265472412, ""crossfit_utility_positive"": false, ""full_batch_cur_after"": 1.2289873361587524, ""full_batch_cur_before"": 1.2391464710235596, ""full_batch_gain"": 0.010159134864807129, ""full_batch_harm"": -0.0008180849254131317, ""full_batch_harm_lcb"": -0.0038660550769418476, ""full_batch_harm_se"": 0.001555086812004447, ""full_batch_harm_ucb"": 0.002229885226115584, ""full_batch_safe"": true}}, ""guarded_best_reuse"": ""adapter_1"", ""num_adapters"": 2, ""pending_after"": false, ""pending_before"": false, ""policy_version"": ""cau_v1"", ""reason"": ""safe_existing_reuse"", ""utility"": {""batch_n"": 16, ""best_reuse"": ""adapter_1"", ""best_reuse_query_after"": 1.0329838991165161, ""best_reuse_utility"": 0.003920614719390869, ""defer_utility"": 0.0, ""fold_a_fresh_utility"": -0.016730189323425293, ""fold_a_query_n"": 8, ""fold_a_support_n"": 8, ""fold_b_fresh_utility"": -0.04528927803039551, ""fold_b_query_n"": 8, ""fold_b_support_n"": 8, ""fresh_advantage"": -0.03493034839630127, ""fresh_local_trainability"": 0.01588386297225952, ""fresh_positive"": false, ""fresh_query_after"": 1.0679142475128174, ""fresh_query_before"": 1.083798110485077, ""fresh_utility"": -0.0310097336769104, ""reuse_profiles"": {""adapter_1"": {""feasible_both"": true, ""fold_a_harm"": -0.0011364826932549477, ""fold_a_lcb"": -0.0037158342683687806, ""fold_a_query_after"": 1.036149024963379, ""fold_a_utility"": 0.005299687385559082, ""fold_b_harm"": -0.0005985582247376442, ""fold_b_lcb"": -0.0044468761701136825, ""fold_b_query_after"": 1.0298187732696533, ""fold_b_utility"": 0.0025415420532226562, ""harm_lcb_max"": -0.0037158342683687806, ""harm_mean"": -0.0008675204589962959, ""harm_se_mean"": 0.0016397116123698652, ""harm_ucb_max"": 0.003249759720638394, ""local_trainability"": 0.003920614719390869, ""query_after"": 1.0329838991165161, ""query_before"": 1.036904513835907, ""system_utility"": 0.003920614719390869}, ""default"": {""feasible_both"": true, ""fold_a_harm"": -0.0005249418318271637, ""fold_a_lcb"": -0.0031082821171730755, ""fold_a_query_after"": 1.2046023607254028, ""fold_a_utility"": -0.16315364837646484, ""fold_b_harm"": -0.0012954892590641975, ""fold_b_lcb"": -0.004553267029114068, ""fold_b_query_after"": 1.2615013122558594, ""fold_b_utility"": -0.2291409969329834, ""harm_lcb_max"": -0.0031082821171730755, ""harm_mean"": -0.0009102155454456806, ""harm_se_mean"": 0.0014900811365805566, ""harm_ucb_max"": 0.002058398453518748, ""local_trainability"": 0.006094634532928467, ""query_after"": 1.233051836490631, ""query_before"": 1.2391464710235596, ""system_utility"": -0.19614732265472412}}, ""status"": ""ok"", ""statusquo_loss"": 1.036904513835907}, ""utility_status"": ""ok""}"
30,B1,B,1,default,reuse,safe_existing_reuse,1.0703680515289307,2,True,294912,1185798,0,68436489,740355,11845904,480,15.445321487262845,555008512,0.0,13.105376604944468,1.094329096376896,1.1706393361091614,0.036326587200164795,0.09781891107559204,-0.061492323875427246,False,,"{""best_reuse"": ""default"", ""best_reuse_utility"": 0.09781891107559204, ""decision"": ""reuse"", ""fresh_advantage"": -0.061492323875427246, ""fresh_positive"": false, ""fresh_utility"": 0.036326587200164795, ""full_batch_guards"": {""adapter_1"": {""crossfit_feasible"": true, ""crossfit_utility"": -0.0023857951164245605, ""crossfit_utility_positive"": false, ""full_batch_cur_after"": 1.1636474132537842, ""full_batch_cur_before"": 1.1706392765045166, ""full_batch_gain"": 0.006991863250732422, ""full_batch_harm"": -0.002010153606534004, ""full_batch_harm_lcb"": -0.004989473265595734, ""full_batch_harm_se"": 0.001520061050541699, ""full_batch_harm_ucb"": 0.0009691660525277257, ""full_batch_safe"": true}, ""default"": {""crossfit_feasible"": true, ""crossfit_utility"": 0.09781891107559204, ""crossfit_utility_positive"": true, ""full_batch_cur_after"": 1.062509536743164, ""full_batch_cur_before"": 1.0662665367126465, ""full_batch_gain"": 0.003756999969482422, ""full_batch_harm"": -0.001115303486585617, ""full_batch_harm_lcb"": -0.0019416541641112416, ""full_batch_harm_se"": 0.00042160748853348196, ""full_batch_harm_ucb"": -0.0002889528090599925, ""full_batch_safe"": true}}, ""guarded_best_reuse"": ""default"", ""num_adapters"": 2, ""pending_after"": false, ""pending_before"": false, ""policy_version"": ""cau_v1"", ""reason"": ""safe_existing_reuse"", ""utility"": {""batch_n"": 16, ""best_reuse"": ""default"", ""best_reuse_query_after"": 1.0728204250335693, ""best_reuse_utility"": 0.09781891107559204, ""defer_utility"": 0.0, ""fold_a_fresh_utility"": 0.09613609313964844, ""fold_a_query_n"": 8, ""fold_a_support_n"": 8, ""fold_b_fresh_utility"": -0.023482918739318848, ""fold_b_query_n"": 8, ""fold_b_support_n"": 8, ""fresh_advantage"": -0.061492323875427246, ""fresh_local_trainability"": -0.013741075992584229, ""fresh_positive"": false, ""fresh_query_after"": 1.1343127489089966, ""fresh_query_before"": 1.1205716729164124, ""fresh_utility"": 0.036326587200164795, ""reuse_profiles"": {""adapter_1"": {""feasible_both"": true, ""fold_a_harm"": -0.001198863610625267, ""fold_a_lcb"": -0.0024779008980840445, ""fold_a_query_after"": 1.2428619861602783, ""fold_a_utility"": -0.0014507770538330078, ""fold_b_harm"": -0.0017004245892167091, ""fold_b_lcb"": -0.0057124236319214105, ""fold_b_query_after"": 1.1031882762908936, ""fold_b_utility"": -0.0033208131790161133, ""harm_lcb_max"": -0.0024779008980840445, ""harm_mean"": -0.001449644099920988, ""harm_se_mean"": 0.0013497541658580303, ""harm_ucb_max"": 0.0023115744534879922, ""local_trainability"": -0.0023857951164245605, ""query_after"": 1.173025131225586, ""query_before"": 1.1706393361091614, ""system_utility"": -0.0023857951164245605}, ""default"": {""feasible_both"": true, ""fold_a_harm"": -0.00048612523823976517, ""fold_a_lcb"": -0.0022151692886836823, ""fold_a_query_after"": 0.9663699865341187, ""fold_a_utility"": 0.27504122257232666, ""fold_b_harm"": -0.0021729683503508568, ""fold_b_lcb"": -0.005570526444353163, ""fold_b_query_after"": 1.17927086353302, ""fold_b_utility"": -0.07940340042114258, ""harm_lcb_max"": -0.0022151692886836823, ""harm_mean"": -0.001329546794295311, ""harm_se_mean"": 0.0013078066695015877, ""harm_ucb_max"": 0.0012429188122041522, ""local_trainability"": -0.006553918123245239, ""query_after"": 1.0728204250335693, ""query_before"": 1.066266506910324, ""system_utility"": 0.09781891107559204}}, ""status"": ""ok"", ""statusquo_loss"": 1.1706393361091614}, ""utility_status"": ""ok""}"
31,B1,B,1,default,reuse,pending_fresh_safe_existing_reuse,1.1257052421569824,2,True,294912,1185798,0,68436489,740355,11845904,496,16.084900932386518,555008512,0.0,13.738873230293393,1.094329096376896,1.1203845739364624,0.024185359477996826,-0.00031757354736328125,0.024502933025360107,True,,"{""best_reuse"": ""default"", ""best_reuse_utility"": -0.00031757354736328125, ""decision"": ""reuse"", ""fresh_advantage"": 0.024502933025360107, ""fresh_positive"": true, ""fresh_utility"": 0.024185359477996826, ""full_batch_guards"": {""adapter_1"": {""crossfit_feasible"": true, ""crossfit_utility"": -0.015592694282531738, ""crossfit_utility_positive"": false, ""full_batch_cur_after"": 1.1310796737670898, ""full_batch_cur_before"": 1.137650728225708, ""full_batch_gain"": 0.006571054458618164, ""full_batch_harm"": -0.00011951662600040436, ""full_batch_harm_lcb"": -0.004994065072387457, ""full_batch_harm_se"": 0.002487014513462782, ""full_batch_harm_ucb"": 0.004755031820386648, ""full_batch_safe"": true}, ""default"": {""crossfit_feasible"": true, ""crossfit_utility"": -0.00031757354736328125, ""crossfit_utility_positive"": false, ""full_batch_cur_after"": 1.1161595582962036, ""full_batch_cur_before"": 1.1203845739364624, ""full_batch_gain"": 0.004225015640258789, ""full_batch_harm"": -0.0014228187501430511, ""full_batch_harm_lcb"": -0.0032025004364550115, ""full_batch_harm_se"": 0.000908000860363245, ""full_batch_harm_ucb"": 0.000356862936168909, ""full_batch_safe"": true}}, ""guarded_best_reuse"": ""default"", ""num_adapters"": 2, ""pending_after"": true, ""pending_before"": false, ""policy_version"": ""cau_v1"", ""reason"": ""pending_fresh_safe_existing_reuse"", ""utility"": {""batch_n"": 16, ""best_reuse"": ""default"", ""best_reuse_query_after"": 1.1207021474838257, ""best_reuse_utility"": -0.00031757354736328125, ""defer_utility"": 0.0, ""fold_a_fresh_utility"": 0.01641261577606201, ""fold_a_query_n"": 8, ""fold_a_support_n"": 8, ""fold_b_fresh_utility"": 0.03195810317993164, ""fold_b_query_n"": 8, ""fold_b_support_n"": 8, ""fresh_advantage"": 0.024502933025360107, ""fresh_local_trainability"": -0.0019953250885009766, ""fresh_positive"": true, ""fresh_query_after"": 1.0961992144584656, ""fresh_query_before"": 1.0942038893699646, ""fresh_utility"": 0.024185359477996826, ""reuse_profiles"": {""adapter_1"": {""feasible_both"": true, ""fold_a_harm"": -0.0003204531967639923, ""fold_a_lcb"": -0.004392049014568329, ""fold_a_query_after"": 1.1480755805969238, ""fold_a_utility"": -0.031188130378723145, ""fold_b_harm"": -0.00025895610451698303, ""fold_b_lcb"": -0.0045223979093134406, ""fold_b_query_after"": 1.1238789558410645, ""fold_b_utility"": 2.7418136596679688e-06, ""harm_lcb_max"": -0.004392049014568329, ""harm_mean"": -0.00028970465064048767, ""harm_se_mean"": 0.002126285107806325, ""harm_ucb_max"": 0.0040044857002794745, ""local_trainability"": 0.0016734600067138672, ""query_after"": 1.1359772682189941, ""query_before"": 1.137650728225708, ""system_utility"": -0.015592694282531738}, ""default"": {""feasible_both"": true, ""fold_a_harm"": -0.0011818921193480492, ""fold_a_lcb"": -0.002361160654108971, ""fold_a_query_after"": 1.117265224456787, ""fold_a_utility"": -0.0003777742385864258, ""fold_b_harm"": -0.001356205902993679, ""fold_b_lcb"": -0.0025955763901583852, ""fold_b_query_after"": 1.1241390705108643, ""fold_b_utility"": -0.0002573728561401367, ""harm_lcb_max"": -0.002361160654108971, ""harm_mean"": -0.001269049011170864, ""harm_se_mean"": 0.0006169997504912317, ""harm_ucb_max"": -2.6235845871269616e-06, ""local_trainability"": -0.00031757354736328125, ""query_after"": 1.1207021474838257, ""query_before"": 1.1203845739364624, ""system_utility"": -0.00031757354736328125}}, ""status"": ""ok"", ""statusquo_loss"": 1.1203845739364624}, ""utility_status"": ""ok""}"
32,B1,B,1,adapter_1,reuse,safe_existing_reuse,1.111057996749878,2,True,294912,1185798,0,68436489,740355,11845904,512,16.713061144575477,555008512,0.0,14.361780090257525,1.094329096376896,1.1396842002868652,0.039609313011169434,0.04304707050323486,-0.0034377574920654297,False,,"{""best_reuse"": ""adapter_1"", ""best_reuse_utility"": 0.04304707050323486, ""decision"": ""reuse"", ""fresh_advantage"": -0.0034377574920654297, ""fresh_positive"": false, ""fresh_utility"": 0.039609313011169434, ""full_batch_guards"": {""adapter_1"": {""crossfit_feasible"": true, ""crossfit_utility"": 0.04304707050323486, ""crossfit_utility_positive"": true, ""full_batch_cur_after"": 1.0898946523666382, ""full_batch_cur_before"": 1.0955984592437744, ""full_batch_gain"": 0.0057038068771362305, ""full_batch_harm"": -0.0001083100214600563, ""full_batch_harm_lcb"": -0.004247647514566779, ""full_batch_harm_se"": 0.002111906884238124, ""full_batch_harm_ucb"": 0.0040310274716466666, ""full_batch_safe"": true}, ""default"": {""crossfit_feasible"": true, ""crossfit_utility"": 0.0039786696434021, ""crossfit_utility_positive"": true, ""full_batch_cur_after"": 1.1306664943695068, ""full_batch_cur_before"": 1.1396842002868652, ""full_batch_gain"": 0.009017705917358398, ""full_batch_harm"": -0.001281900331377983, ""full_batch_harm_lcb"": -0.004874164345674217, ""full_batch_harm_se"": 0.0018327877623960376, ""full_batch_harm_ucb"": 0.0023103636829182503, ""full_batch_safe"": true}}, ""guarded_best_reuse"": ""adapter_1"", ""num_adapters"": 2, ""pending_after"": false, ""pending_before"": true, ""policy_version"": ""cau_v1"", ""reason"": ""safe_existing_reuse"", ""utility"": {""batch_n"": 16, ""best_reuse"": ""adapter_1"", ""best_reuse_query_after"": 1.0966371297836304, ""best_reuse_utility"": 0.04304707050323486, ""defer_utility"": 0.0, ""fold_a_fresh_utility"": 0.10344910621643066, ""fold_a_query_n"": 8, ""fold_a_support_n"": 8, ""fold_b_fresh_utility"": -0.024230480194091797, ""fold_b_query_n"": 8, ""fold_b_support_n"": 8, ""fresh_advantage"": -0.0034377574920654297, ""fresh_local_trainability"": -0.013416647911071777, ""fresh_positive"": false, ""fresh_query_after"": 1.1000748872756958, ""fresh_query_before"": 1.086658239364624, ""fresh_utility"": 0.039609313011169434, ""reuse_profiles"": {""adapter_1"": {""feasible_both"": true, ""fold_a_harm"": -0.0014004167169332504, ""fold_a_lcb"": -0.003958833096548915, ""fold_a_query_after"": 1.069145917892456, ""fold_a_utility"": 0.12385106086730957, ""fold_b_harm"": 0.0008059302344918251, ""fold_b_lcb"": -0.004158173324540258, ""fold_b_query_after"": 1.1241283416748047, ""fold_b_utility"": -0.037756919860839844, ""harm_lcb_max"": -0.003958833096548915, ""harm_mean"": -0.00029724324122071266, ""harm_se_mean"": 0.0019190101884305477, ""harm_ucb_max"": 0.005770033793523908, ""local_trainability"": -0.0010386109352111816, ""query_after"": 1.0966371297836304, ""query_before"": 1.0955985188484192, ""system_utility"": 0.04304707050323486}, ""default"": {""feasible_both"": true, ""fold_a_harm"": -0.0015192627906799316, ""fold_a_lcb"": -0.00391661819536239, ""fold_a_query_after"": 1.1864869594573975, ""fold_a_utility"": 0.006510019302368164, ""fold_b_harm"": -0.0010407846421003342, ""fold_b_lcb"": -0.004745638621971011, ""fold_b_query_after"": 1.0849241018295288, ""fold_b_utility"": 0.0014473199844360352, ""harm_lcb_max"": -0.00391661819536239, ""harm_mean"": -0.001280023716390133, ""harm_se_mean"": 0.0015566860674880445, ""harm_ucb_max"": 0.0026640693377703428, ""local_trainability"": 0.0039786696434021, ""query_after"": 1.1357055306434631, ""query_before"": 1.1396842002868652, ""system_utility"": 0.0039786696434021}}, ""status"": ""ok"", ""statusquo_loss"": 1.1396842002868652}, ""utility_status"": ""ok""}"
33,B1,B,1,adapter_1,reuse,safe_existing_reuse,1.032209038734436,2,True,294912,1185798,0,68436489,740355,11845904,528,17.356091430410743,555008512,0.0,14.9992118421942,1.094329096376896,1.057637244462967,-0.023715466260910034,0.0018328726291656494,-0.025548338890075684,False,,"{""best_reuse"": ""adapter_1"", ""best_reuse_utility"": 0.0018328726291656494, ""decision"": ""reuse"", ""fresh_advantage"": -0.025548338890075684, ""fresh_positive"": false, ""fresh_utility"": -0.023715466260910034, ""full_batch_guards"": {""adapter_1"": {""crossfit_feasible"": true, ""crossfit_utility"": 0.0018328726291656494, ""crossfit_utility_positive"": true, ""full_batch_cur_after"": 1.0464706420898438, ""full_batch_cur_before"": 1.0576372146606445, ""full_batch_gain"": 0.011166572570800781, ""full_batch_harm"": 0.002194676548242569, ""full_batch_harm_lcb"": -0.0037404001504182816, ""full_batch_harm_se"": 0.0030281003564596176, ""full_batch_harm_ucb"": 0.00812975324690342, ""full_batch_safe"": true}, ""default"": {""crossfit_feasible"": true, ""crossfit_utility"": -0.18805411458015442, ""crossfit_utility_positive"": false, ""full_batch_cur_after"": 1.239969253540039, ""full_batch_cur_before"": 1.2558366060256958, ""full_batch_gain"": 0.01586735248565674, ""full_batch_harm"": -0.0012477179989218712, ""full_batch_harm_lcb"": -0.0053738022316247224, ""full_batch_harm_se"": 0.002105145016685128, ""full_batch_harm_ucb"": 0.00287836623378098, ""full_batch_safe"": true}}, ""guarded_best_reuse"": ""adapter_1"", ""num_adapters"": 2, ""pending_after"": false, ""pending_before"": false, ""policy_version"": ""cau_v1"", ""reason"": ""safe_existing_reuse"", ""utility"": {""batch_n"": 16, ""best_reuse"": ""adapter_1"", ""best_reuse_query_after"": 1.0558043718338013, ""best_reuse_utility"": 0.0018328726291656494, ""defer_utility"": 0.0, ""fold_a_fresh_utility"": 0.04213380813598633, ""fold_a_query_n"": 8, ""fold_a_support_n"": 8, ""fold_b_fresh_utility"": -0.0895647406578064, ""fold_b_query_n"": 8, ""fold_b_support_n"": 8, ""fresh_advantage"": -0.025548338890075684, ""fresh_local_trainability"": 0.004310667514801025, ""fresh_positive"": false, ""fresh_query_after"": 1.081352710723877, ""fresh_query_before"": 1.085663378238678, ""fresh_utility"": -0.023715466260910034, ""reuse_profiles"": {""adapter_1"": {""feasible_both"": true, ""fold_a_harm"": 0.002243609167635441, ""fold_a_lcb"": -0.0034640615340322256, ""fold_a_query_after"": 1.1532236337661743, ""fold_a_utility"": 0.00044333934783935547, ""fold_b_harm"": 0.0006114616990089417, ""fold_b_lcb"": -0.0044638698548078535, ""fold_b_query_after"": 0.9583851099014282, ""fold_b_utility"": 0.0032224059104919434, ""harm_lcb_max"": -0.0034640615340322256, ""harm_mean"": 0.0014275354333221912, ""harm_se_mean"": 0.002750765881501138, ""harm_ucb_max"": 0.007951279869303107, ""local_trainability"": 0.0018328726291656494, ""query_after"": 1.0558043718338013, ""query_before"": 1.057637244462967, ""system_utility"": 0.0018328726291656494}, ""default"": {""feasible_both"": true, ""fold_a_harm"": -0.0013176929205656052, ""fold_a_lcb"": -0.005475458204746246, ""fold_a_query_after"": 1.1389334201812744, ""fold_a_utility"": 0.014733552932739258, ""fold_b_harm"": -0.0007080957293510437, ""fold_b_lcb"": -0.003870238233357668, ""fold_b_query_after"": 1.3524492979049683, ""fold_b_utility"": -0.3908417820930481, ""harm_lcb_max"": -0.003870238233357668, ""harm_mean"": -0.0010128943249583244, ""harm_se_mean"": 0.0018673234153538942, ""harm_ucb_max"": 0.0028400723636150356, ""local_trainability"": 0.010145187377929688, ""query_after"": 1.2456913590431213, ""query_before"": 1.255836546421051, ""system_utility"": -0.18805411458015442}}, ""status"": ""ok"", ""statusquo_loss"": 1.057637244462967}, ""utility_status"": ""ok""}"
34,B1,B,1,default,reuse,pending_fresh_safe_existing_reuse,1.1391767263412476,2,True,294912,1185798,0,68436489,740355,11845904,544,18.00172714702785,555008512,0.0,15.639338858425617,1.094329096376896,1.1277711391448975,0.03389739990234375,-4.5299530029296875e-05,0.03394269943237305,True,,"{""best_reuse"": ""default"", ""best_reuse_utility"": -4.5299530029296875e-05, ""decision"": ""reuse"", ""fresh_advantage"": 0.03394269943237305, ""fresh_positive"": true, ""fresh_utility"": 0.03389739990234375, ""full_batch_guards"": {""adapter_1"": {""crossfit_feasible"": true, ""crossfit_utility"": -0.010010480880737305, ""crossfit_utility_positive"": false, ""full_batch_cur_after"": 1.1327195167541504, ""full_batch_cur_before"": 1.1277711391448975, ""full_batch_gain"": -0.00494837760925293, ""full_batch_harm"": -0.0001099947839975357, ""full_batch_harm_lcb"": -0.0027314170869067313, ""full_batch_harm_se"": 0.0013374603586271405, ""full_batch_harm_ucb"": 0.00251142751891166, ""full_batch_safe"": true}, ""default"": {""crossfit_feasible"": true, ""crossfit_utility"": -4.5299530029296875e-05, ""crossfit_utility_positive"": false, ""full_batch_cur_after"": 1.1234253644943237, ""full_batch_cur_before"": 1.1300933361053467, ""full_batch_gain"": 0.006667971611022949, ""full_batch_harm"": -0.0011144867166876793, ""full_batch_harm_lcb"": -0.004155367957428098, ""full_batch_harm_se"": 0.0015514700207859278, ""full_batch_harm_ucb"": 0.0019263945240527392, ""full_batch_safe"": true}}, ""guarded_best_reuse"": ""default"", ""num_adapters"": 2, ""pending_after"": true, ""pending_before"": false, ""policy_version"": ""cau_v1"", ""reason"": ""pending_fresh_safe_existing_reuse"", ""utility"": {""batch_n"": 16, ""best_reuse"": ""default"", ""best_reuse_query_after"": 1.1278164386749268, ""best_reuse_utility"": -4.5299530029296875e-05, ""defer_utility"": 0.0, ""fold_a_fresh_utility"": 0.07361102104187012, ""fold_a_query_n"": 8, ""fold_a_support_n"": 8, ""fold_b_fresh_utility"": -0.005816221237182617, ""fold_b_query_n"": 8, ""fold_b_support_n"": 8, ""fresh_advantage"": 0.03394269943237305, ""fresh_local_trainability"": 0.01459193229675293, ""fresh_positive"": true, ""fresh_query_after"": 1.0938737392425537, ""fresh_query_before"": 1.1084656715393066, ""fresh_utility"": 0.03389739990234375, ""reuse_profiles"": {""adapter_1"": {""feasible_both"": true, ""fold_a_harm"": -0.0002689668908715248, ""fold_a_lcb"": -0.0030296390131115914, ""fold_a_query_after"": 1.1768333911895752, ""fold_a_utility"": -0.0045430660247802734, ""fold_b_harm"": 0.0011455034837126732, ""fold_b_lcb"": -0.002980877375230193, ""fold_b_query_after"": 1.0987298488616943, ""fold_b_utility"": -0.015477895736694336, ""harm_lcb_max"": -0.002980877375230193, ""harm_mean"": 0.0004382682964205742, ""harm_se_mean"": 0.0017569012707099319, ""harm_ucb_max"": 0.0052718843426555395, ""local_trainability"": -0.010010480880737305, ""query_after"": 1.1377816200256348, ""query_before"": 1.1277711391448975, ""system_utility"": -0.010010480880737305}, ""default"": {""feasible_both"": true, ""fold_a_harm"": -0.0010781921446323395, ""fold_a_lcb"": -0.00408630303107202, ""fold_a_query_after"": 1.0977935791015625, ""fold_a_utility"": 0.07449674606323242, ""fold_b_harm"": -0.0013500833883881569, ""fold_b_lcb"": -0.00354999546892941, ""fold_b_query_after"": 1.157839298248291, ""fold_b_utility"": -0.07458734512329102, ""harm_lcb_max"": -0.00354999546892941, ""harm_mean"": -0.0012141377665102482, ""harm_se_mean"": 0.0013285772874951363, ""harm_ucb_max"": 0.0019299187418073413, ""local_trainability"": 0.002276897430419922, ""query_after"": 1.1278164386749268, ""query_before"": 1.1300933361053467, ""system_utility"": -4.5299530029296875e-05}}, ""status"": ""ok"", ""statusquo_loss"": 1.1277711391448975}, ""utility_status"": ""ok""}"
35,B1,B,1,default,reuse,safe_existing_reuse,0.9922717809677124,2,True,294912,1185798,0,68436489,740355,11845904,560,18.635078199207783,555008512,0.0,16.26694195345044,1.094329096376896,0.982944130897522,-0.0906517505645752,0.00215718150138855,-0.09280893206596375,False,,"{""best_reuse"": ""default"", ""best_reuse_utility"": 0.00215718150138855, ""decision"": ""reuse"", ""fresh_advantage"": -0.09280893206596375, ""fresh_positive"": false, ""fresh_utility"": -0.0906517505645752, ""full_batch_guards"": {""adapter_1"": {""crossfit_feasible"": true, ""crossfit_utility"": -0.25495022535324097, ""crossfit_utility_positive"": false, ""full_batch_cur_after"": 1.235776662826538, ""full_batch_cur_before"": 1.2415335178375244, ""full_batch_gain"": 0.005756855010986328, ""full_batch_harm"": 0.0015038158744573593, ""full_batch_harm_lcb"": -0.0032575733121484518, ""full_batch_harm_se"": 0.002429280197247863, ""full_batch_harm_ucb"": 0.00626520506106317, ""full_batch_safe"": true}, ""default"": {""crossfit_feasible"": true, ""crossfit_utility"": 0.00215718150138855, ""crossfit_utility_positive"": true, ""full_batch_cur_after"": 0.9777826070785522, ""full_batch_cur_before"": 0.9829440712928772, ""full_batch_gain"": 0.005161464214324951, ""full_batch_harm"": -0.0012562274932861328, ""full_batch_harm_lcb"": -0.003080579151865095, ""full_batch_harm_se"": 0.0009307916625402868, ""full_batch_harm_ucb"": 0.0005681241652928293, ""full_batch_safe"": true}}, ""guarded_best_reuse"": ""default"", ""num_adapters"": 2, ""pending_after"": false, ""pending_before"": true, ""policy_version"": ""cau_v1"", ""reason"": ""safe_existing_reuse"", ""utility"": {""batch_n"": 16, ""best_reuse"": ""default"", ""best_reuse_query_after"": 0.9807869493961334, ""best_reuse_utility"": 0.00215718150138855, ""defer_utility"": 0.0, ""fold_a_fresh_utility"": -0.07446253299713135, ""fold_a_query_n"": 8, ""fold_a_support_n"": 8, ""fold_b_fresh_utility"": -0.10684096813201904, ""fold_b_query_n"": 8, ""fold_b_support_n"": 8, ""fresh_advantage"": -0.09280893206596375, ""fresh_local_trainability"": 0.05124247074127197, ""fresh_positive"": false, ""fresh_query_after"": 1.0735958814620972, ""fresh_query_before"": 1.1248383522033691, ""fresh_utility"": -0.0906517505645752, ""reuse_profiles"": {""adapter_1"": {""feasible_both"": true, ""fold_a_harm"": 0.0020210333168506622, ""fold_a_lcb"": -0.0031496348232030865, ""fold_a_query_after"": 1.2192797660827637, ""fold_a_utility"": -0.2190026044845581, ""fold_b_harm"": 0.0009698774665594101, ""fold_b_lcb"": -0.003425337122753262, ""fold_b_query_after"": 1.2565089464187622, ""fold_b_utility"": -0.29089784622192383, ""harm_lcb_max"": -0.0031496348232030865, ""harm_mean"": 0.0014954553917050362, ""harm_se_mean"": 0.002440276206471026, ""harm_ucb_max"": 0.007191701456904411, ""local_trainability"": 0.0036391615867614746, ""query_after"": 1.237894356250763, ""query_before"": 1.2415335178375244, ""system_utility"": -0.25495022535324097}, ""default"": {""feasible_both"": true, ""fold_a_harm"": -0.0009720912203192711, ""fold_a_lcb"": -0.0021138051617890594, ""fold_a_query_after"": 0.9970278739929199, ""fold_a_utility"": 0.0032492876052856445, ""fold_b_harm"": -0.0015901876613497734, ""fold_b_lcb"": -0.004362401738762855, ""fold_b_query_after"": 0.9645460247993469, ""fold_b_utility"": 0.001065075397491455, ""harm_lcb_max"": -0.0021138051617890594, ""harm_mean"": -0.0012811394408345222, ""harm_se_mean"": 0.0009984510252252221, ""harm_ucb_max"": 0.0011820264160633085, ""local_trainability"": 0.00215718150138855, ""query_after"": 0.9807869493961334, ""query_before"": 0.982944130897522, ""system_utility"": 0.00215718150138855}}, ""status"": ""ok"", ""statusquo_loss"": 0.982944130897522}, ""utility_status"": ""ok""}"
36,B1,B,1,adapter_1,reuse,safe_existing_reuse,1.1016981601715088,2,True,294912,1185798,0,68436489,740355,11845904,576,19.262873988598585,555008512,0.0,16.88835938461125,1.094329096376896,1.1672906279563904,0.03839939832687378,0.07221391797065735,-0.03381451964378357,False,,"{""best_reuse"": ""adapter_1"", ""best_reuse_utility"": 0.07221391797065735, ""decision"": ""reuse"", ""fresh_advantage"": -0.03381451964378357, ""fresh_positive"": false, ""fresh_utility"": 0.03839939832687378, ""full_batch_guards"": {""adapter_1"": {""crossfit_feasible"": true, ""crossfit_utility"": 0.07221391797065735, ""crossfit_utility_positive"": true, ""full_batch_cur_after"": 1.0875499248504639, ""full_batch_cur_before"": 1.0932104587554932, ""full_batch_gain"": 0.005660533905029297, ""full_batch_harm"": 0.0027205422520637512, ""full_batch_harm_lcb"": -0.0039523757901042695, ""full_batch_harm_se"": 0.0034045500215142965, ""full_batch_harm_ucb"": 0.009393460294231772, ""full_batch_safe"": true}, ""default"": {""crossfit_feasible"": true, ""crossfit_utility"": -0.0016484260559082031, ""crossfit_utility_positive"": false, ""full_batch_cur_after"": 1.162463903427124, ""full_batch_cur_before"": 1.1672905683517456, ""full_batch_gain"": 0.004826664924621582, ""full_batch_harm"": -0.000718054361641407, ""full_batch_harm_lcb"": -0.002927112798206508, ""full_batch_harm_se"": 0.0011270706309005618, ""full_batch_harm_ucb"": 0.0014910040749236942, ""full_batch_safe"": true}}, ""guarded_best_reuse"": ""adapter_1"", ""num_adapters"": 2, ""pending_after"": false, ""pending_before"": false, ""policy_version"": ""cau_v1"", ""reason"": ""safe_existing_reuse"", ""utility"": {""batch_n"": 16, ""best_reuse"": ""adapter_1"", ""best_reuse_query_after"": 1.095076709985733, ""best_reuse_utility"": 0.07221391797065735, ""defer_utility"": 0.0, ""fold_a_fresh_utility"": -0.08094906806945801, ""fold_a_query_n"": 8, ""fold_a_support_n"": 8, ""fold_b_fresh_utility"": 0.15774786472320557, ""fold_b_query_n"": 8, ""fold_b_support_n"": 8, ""fresh_advantage"": -0.03381451964378357, ""fresh_local_trainability"": -0.028081297874450684, ""fresh_positive"": false, ""fresh_query_after"": 1.1288912296295166, ""fresh_query_before"": 1.100809931755066, ""fresh_utility"": 0.03839939832687378, ""reuse_profiles"": {""adapter_1"": {""feasible_both"": true, ""fold_a_harm"": 0.002056037075817585, ""fold_a_lcb"": -0.0052528549265116456, ""fold_a_query_after"": 1.23289155960083, ""fold_a_utility"": -0.1649022102355957, ""fold_b_harm"": 0.0021938038989901543, ""fold_b_lcb"": -0.0030675173271447415, ""fold_b_query_after"": 0.957261860370636, ""fold_b_utility"": 0.3093300461769104, ""harm_lcb_max"": -0.0030675173271447415, ""harm_mean"": 0.0021249204874038696, ""harm_se_mean"": 0.0032066870480775833, ""harm_ucb_max"": 0.009364929078146816, ""local_trainability"": -0.0018662214279174805, ""query_after"": 1.095076709985733, ""query_before"": 1.0932104885578156, ""system_utility"": 0.07221391797065735}, ""default"": {""feasible_both"": true, ""fold_a_harm"": -0.0007898146286606789, ""fold_a_lcb"": -0.003599300249479711, ""fold_a_query_after"": 1.0696991682052612, ""fold_a_utility"": -0.0017098188400268555, ""fold_b_harm"": -0.0007673678919672966, ""fold_b_lcb"": -0.0016426610434427857, ""fold_b_query_after"": 1.268178939819336, ""fold_b_utility"": -0.0015870332717895508, ""harm_lcb_max"": -0.0016426610434427857, ""harm_mean"": -0.0007785912603139877, ""harm_se_mean"": 0.0009399945847690105, ""harm_ucb_max"": 0.002019670992158353, ""local_trainability"": -0.0016484260559082031, ""query_after"": 1.1689390540122986, ""query_before"": 1.1672906279563904, ""system_utility"": -0.0016484260559082031}}, ""status"": ""ok"", ""statusquo_loss"": 1.1672906279563904}, ""utility_status"": ""ok""}"
37,A2,A,2,adapter_1,reuse,pending_fresh_safe_existing_reuse,1.1151230335235596,2,True,294912,1185798,0,68436489,740355,11845904,592,21.122395150363445,555008512,0.0,17.50506693124771,2.3315203990787268,1.1119726300239563,0.053371965885162354,-0.007753193378448486,0.06112515926361084,True,,"{""best_reuse"": ""adapter_1"", ""best_reuse_utility"": -0.007753193378448486, ""decision"": ""reuse"", ""fresh_advantage"": 0.06112515926361084, ""fresh_positive"": true, ""fresh_utility"": 0.053371965885162354, ""full_batch_guards"": {""adapter_1"": {""crossfit_feasible"": true, ""crossfit_utility"": -0.007753193378448486, ""crossfit_utility_positive"": false, ""full_batch_cur_after"": 1.1176142692565918, ""full_batch_cur_before"": 1.1119725704193115, ""full_batch_gain"": -0.0056416988372802734, ""full_batch_harm"": 0.0001818053424358368, ""full_batch_harm_lcb"": -0.003162883915938437, ""full_batch_harm_se"": 0.0017064741114154458, ""full_batch_harm_ucb"": 0.0035264946008101107, ""full_batch_safe"": true}, ""default"": {""crossfit_feasible"": true, ""crossfit_utility"": -0.012592494487762451, ""crossfit_utility_positive"": false, ""full_batch_cur_after"": 1.1224220991134644, ""full_batch_cur_before"": 1.1345820426940918, ""full_batch_gain"": 0.012159943580627441, ""full_batch_harm"": -0.001424354501068592, ""full_batch_harm_lcb"": -0.005625626184046269, ""full_batch_harm_se"": 0.002143505960702896, ""full_batch_harm_ucb"": 0.0027769171819090844, ""full_batch_safe"": true}}, ""guarded_best_reuse"": ""adapter_1"", ""num_adapters"": 2, ""pending_after"": true, ""pending_before"": false, ""policy_version"": ""cau_v1"", ""reason"": ""pending_fresh_safe_existing_reuse"", ""utility"": {""batch_n"": 16, ""best_reuse"": ""adapter_1"", ""best_reuse_query_after"": 1.1197258234024048, ""best_reuse_utility"": -0.007753193378448486, ""defer_utility"": 0.0, ""fold_a_fresh_utility"": 0.049303650856018066, ""fold_a_query_n"": 8, ""fold_a_support_n"": 8, ""fold_b_fresh_utility"": 0.05744028091430664, ""fold_b_query_n"": 8, ""fold_b_support_n"": 8, ""fresh_advantage"": 0.06112515926361084, ""fresh_local_trainability"": 0.04389148950576782, ""fresh_positive"": true, ""fresh_query_after"": 1.058600664138794, ""fresh_query_before"": 1.1024921536445618, ""fresh_utility"": 0.053371965885162354, ""reuse_profiles"": {""adapter_1"": {""feasible_both"": true, ""fold_a_harm"": 0.00028033554553985596, ""fold_a_lcb"": -0.003174580936320126, ""fold_a_query_after"": 1.1212949752807617, ""fold_a_utility"": -0.004643559455871582, ""fold_b_harm"": 0.0002382015809416771, ""fold_b_lcb"": -0.0035789665021002293, ""fold_b_query_after"": 1.1181566715240479, ""fold_b_utility"": -0.01086282730102539, ""harm_lcb_max"": -0.003174580936320126, ""harm_mean"": 0.0002592685632407665, ""harm_se_mean"": 0.0018551236134953797, ""harm_ucb_max"": 0.004055369663983583, ""local_trainability"": -0.007753193378448486, ""query_after"": 1.1197258234024048, ""query_before"": 1.1119726300239563, ""system_utility"": -0.007753193378448486}, ""default"": {""feasible_both"": true, ""fold_a_harm"": -0.0014286302030086517, ""fold_a_lcb"": -0.005547986952587962, ""fold_a_query_after"": 1.1210952997207642, ""fold_a_utility"": -0.0044438838958740234, ""fold_b_harm"": -0.001284823752939701, ""fold_b_lcb"": -0.005026440448127687, ""fold_b_query_after"": 1.1280349493026733, ""fold_b_utility"": -0.02074110507965088, ""harm_lcb_max"": -0.005026440448127687, ""harm_mean"": -0.0013567269779741764, ""harm_se_mean"": 0.002005350368563086, ""harm_ucb_max"": 0.0026907265465706586, ""local_trainability"": 0.010016977787017822, ""query_after"": 1.1245651245117188, ""query_before"": 1.1345821022987366, ""system_utility"": -0.012592494487762451}}, ""status"": ""ok"", ""statusquo_loss"": 1.1119726300239563}, ""utility_status"": ""ok""}"
38,A2,A,2,default,reuse,safe_existing_reuse,1.0857574939727783,2,True,294912,1185798,0,68436489,740355,11845904,608,21.76214073225856,555008512,0.0,18.139388237148523,2.3315203990787268,1.1891676187515259,0.0857313871383667,0.09855318069458008,-0.012821793556213379,False,,"{""best_reuse"": ""default"", ""best_reuse_utility"": 0.09855318069458008, ""decision"": ""reuse"", ""fresh_advantage"": -0.012821793556213379, ""fresh_positive"": false, ""fresh_utility"": 0.0857313871383667, ""full_batch_guards"": {""adapter_1"": {""crossfit_feasible"": true, ""crossfit_utility"": 0.00031107664108276367, ""crossfit_utility_positive"": true, ""full_batch_cur_after"": 1.1859800815582275, ""full_batch_cur_before"": 1.1891676187515259, ""full_batch_gain"": 0.00318753719329834, ""full_batch_harm"": -0.0008626850321888924, ""full_batch_harm_lcb"": -0.003767041079699993, ""full_batch_harm_se"": 0.0014818143099546432, ""full_batch_harm_ucb"": 0.0020416710153222085, ""full_batch_safe"": true}, ""default"": {""crossfit_feasible"": true, ""crossfit_utility"": 0.09855318069458008, ""crossfit_utility_positive"": true, ""full_batch_cur_after"": 1.0873889923095703, ""full_batch_cur_before"": 1.0910837650299072, ""full_batch_gain"": 0.003694772720336914, ""full_batch_harm"": -0.0012441594153642654, ""full_batch_harm_lcb"": -0.004102780488319695, ""full_batch_harm_se"": 0.0014584801392629743, ""full_batch_harm_ucb"": 0.001614461657591164, ""full_batch_safe"": true}}, ""guarded_best_reuse"": ""default"", ""num_adapters"": 2, ""pending_after"": false, ""pending_before"": true, ""policy_version"": ""cau_v1"", ""reason"": ""safe_existing_reuse"", ""utility"": {""batch_n"": 16, ""best_reuse"": ""default"", ""best_reuse_query_after"": 1.0906144380569458, ""best_reuse_utility"": 0.09855318069458008, ""defer_utility"": 0.0, ""fold_a_fresh_utility"": 0.06859230995178223, ""fold_a_query_n"": 8, ""fold_a_support_n"": 8, ""fold_b_fresh_utility"": 0.10287046432495117, ""fold_b_query_n"": 8, ""fold_b_support_n"": 8, ""fresh_advantage"": -0.012821793556213379, ""fresh_local_trainability"": 0.00466233491897583, ""fresh_positive"": false, ""fresh_query_after"": 1.1034362316131592, ""fresh_query_before"": 1.108098566532135, ""fresh_utility"": 0.0857313871383667, ""reuse_profiles"": {""adapter_1"": {""feasible_both"": true, ""fold_a_harm"": -0.0006361659616231918, ""fold_a_lcb"": -0.0030405972711741924, ""fold_a_query_after"": 1.1680454015731812, ""fold_a_utility"": 0.0017088651657104492, ""fold_b_harm"": -0.000656522810459137, ""fold_b_lcb"": -0.003466007290408015, ""fold_b_query_after"": 1.209667682647705, ""fold_b_utility"": -0.0010867118835449219, ""harm_lcb_max"": -0.0030405972711741924, ""harm_mean"": -0.0006463443860411644, ""harm_se_mean"": 0.0013300805585458875, ""harm_ucb_max"": 0.002152961669489741, ""local_trainability"": 0.00031107664108276367, ""query_after"": 1.1888565421104431, ""query_before"": 1.1891676187515259, ""system_utility"": 0.00031107664108276367}, ""default"": {""feasible_both"": true, ""fold_a_harm"": -0.001143018715083599, ""fold_a_lcb"": -0.0037752373004332185, ""fold_a_query_after"": 1.0856454372406006, ""fold_a_utility"": 0.08410882949829102, ""fold_b_harm"": -0.0010556206107139587, ""fold_b_lcb"": -0.0034270648006349803, ""fold_b_query_after"": 1.095583438873291, ""fold_b_utility"": 0.11299753189086914, ""harm_lcb_max"": -0.0034270648006349803, ""harm_mean"": -0.001099319662898779, ""harm_se_mean"": 0.0012764445855282247, ""harm_ucb_max"": 0.0014891998702660204, ""local_trainability"": 0.00046944618225097656, ""query_after"": 1.0906144380569458, ""query_before"": 1.0910838842391968, ""system_utility"": 0.09855318069458008}}, ""status"": ""ok"", ""statusquo_loss"": 1.1891676187515259}, ""utility_status"": ""ok""}"
39,A2,A,2,adapter_1,reuse,safe_existing_reuse,1.084718942642212,2,True,294912,1185798,0,68436489,740355,11845904,624,22.39351332373917,555008512,0.0,18.764434220269322,2.3315203990787268,1.1534615755081177,0.03176480531692505,0.06751182675361633,-0.035747021436691284,False,,"{""best_reuse"": ""adapter_1"", ""best_reuse_utility"": 0.06751182675361633, ""decision"": ""reuse"", ""fresh_advantage"": -0.035747021436691284, ""fresh_positive"": false, ""fresh_utility"": 0.03176480531692505, ""full_batch_guards"": {""adapter_1"": {""crossfit_feasible"": true, ""crossfit_utility"": 0.06751182675361633, ""crossfit_utility_positive"": true, ""full_batch_cur_after"": 1.0781314373016357, ""full_batch_cur_before"": 1.080049753189087, ""full_batch_gain"": 0.0019183158874511719, ""full_batch_harm"": -0.0007129348814487457, ""full_batch_harm_lcb"": -0.00273804466240108, ""full_batch_harm_se"": 0.001033219275996089, ""full_batch_harm_ucb"": 0.0013121748995035885, ""full_batch_safe"": true}, ""default"": {""crossfit_feasible"": true, ""crossfit_utility"": -4.684925079345703e-05, ""crossfit_utility_positive"": false, ""full_batch_cur_after"": 1.1468946933746338, ""full_batch_cur_before"": 1.1534616947174072, ""full_batch_gain"": 0.0065670013427734375, ""full_batch_harm"": -0.00099277775734663, ""full_batch_harm_lcb"": -0.005433963481336832, ""full_batch_harm_se"": 0.0022659110836684704, ""full_batch_harm_ucb"": 0.003448407966643572, ""full_batch_safe"": true}}, ""guarded_best_reuse"": ""adapter_1"", ""num_adapters"": 2, ""pending_after"": false, ""pending_before"": false, ""policy_version"": ""cau_v1"", ""reason"": ""safe_existing_reuse"", ""utility"": {""batch_n"": 16, ""best_reuse"": ""adapter_1"", ""best_reuse_query_after"": 1.0859497487545013, ""best_reuse_utility"": 0.06751182675361633, ""defer_utility"": 0.0, ""fold_a_fresh_utility"": 0.15848255157470703, ""fold_a_query_n"": 8, ""fold_a_support_n"": 8, ""fold_b_fresh_utility"": -0.09495294094085693, ""fold_b_query_n"": 8, ""fold_b_support_n"": 8, ""fresh_advantage"": -0.035747021436691284, ""fresh_local_trainability"": -0.03589510917663574, ""fresh_positive"": false, ""fresh_query_after"": 1.1216967701911926, ""fresh_query_before"": 1.0858016610145569, ""fresh_utility"": 0.03176480531692505, ""reuse_profiles"": {""adapter_1"": {""feasible_both"": true, ""fold_a_harm"": -0.0008316664025187492, ""fold_a_lcb"": -0.0033168781641870738, ""fold_a_query_after"": 0.9379364848136902, ""fold_a_utility"": 0.31024235486984253, ""fold_b_harm"": 0.0009665675461292267, ""fold_b_lcb"": -0.002985153393819928, ""fold_b_query_after"": 1.2339630126953125, ""fold_b_utility"": -0.17521870136260986, ""harm_lcb_max"": -0.002985153393819928, ""harm_mean"": 6.745057180523872e-05, ""harm_se_mean"": 0.0016420746687799692, ""harm_ucb_max"": 0.004918288486078381, ""local_trainability"": -0.005899995565414429, ""query_after"": 1.0859497487545013, ""query_before"": 1.080049753189087, ""system_utility"": 0.06751182675361633}, ""default"": {""feasible_both"": true, ""fold_a_harm"": -0.0012747468426823616, ""fold_a_lcb"": -0.005494412546977401, ""fold_a_query_after"": 1.2500450611114502, ""fold_a_utility"": -0.0018662214279174805, ""fold_b_harm"": -0.0007681669667363167, ""fold_b_lcb"": -0.004423480941914022, ""fold_b_query_after"": 1.056971788406372, ""fold_b_utility"": 0.0017725229263305664, ""harm_lcb_max"": -0.004423480941914022, ""harm_mean"": -0.0010214569047093391, ""harm_se_mean"": 0.002008923387620598, ""harm_ucb_max"": 0.0029449188616126774, ""local_trainability"": -4.684925079345703e-05, ""query_after"": 1.1535084247589111, ""query_before"": 1.1534615755081177, ""system_utility"": -4.684925079345703e-05}}, ""status"": ""ok"", ""statusquo_loss"": 1.1534615755081177}, ""utility_status"": ""ok""}"
40,A2,A,2,default,reuse,safe_existing_reuse,1.0631870031356812,2,True,294912,1185798,0,68436489,740355,11845904,640,23.01946834102273,555008512,0.0,19.38490210287273,2.3315203990787268,1.2036492228507996,0.07360225915908813,0.14398342370986938,-0.07038116455078125,False,,"{""best_reuse"": ""default"", ""best_reuse_utility"": 0.14398342370986938, ""decision"": ""reuse"", ""fresh_advantage"": -0.07038116455078125, ""fresh_positive"": false, ""fresh_utility"": 0.07360225915908813, ""full_batch_guards"": {""adapter_1"": {""crossfit_feasible"": true, ""crossfit_utility"": 0.004225432872772217, ""crossfit_utility_positive"": true, ""full_batch_cur_after"": 1.194711446762085, ""full_batch_cur_before"": 1.2036492824554443, ""full_batch_gain"": 0.008937835693359375, ""full_batch_harm"": -0.0014977315440773964, ""full_batch_harm_lcb"": -0.005305259274318814, ""full_batch_harm_se"": 0.0019426161888986826, ""full_batch_harm_ucb"": 0.0023097961861640215, ""full_batch_safe"": true}, ""default"": {""crossfit_feasible"": true, ""crossfit_utility"": 0.14398342370986938, ""crossfit_utility_positive"": true, ""full_batch_cur_after"": 1.0541995763778687, ""full_batch_cur_before"": 1.0572011470794678, ""full_batch_gain"": 0.003001570701599121, ""full_batch_harm"": -0.0010129576548933983, ""full_batch_harm_lcb"": -0.0035717240534722805, ""full_batch_harm_se"": 0.0013054930604994297, ""full_batch_harm_ucb"": 0.001545808743685484, ""full_batch_safe"": true}}, ""guarded_best_reuse"": ""default"", ""num_adapters"": 2, ""pending_after"": false, ""pending_before"": false, ""policy_version"": ""cau_v1"", ""reason"": ""safe_existing_reuse"", ""utility"": {""batch_n"": 16, ""best_reuse"": ""default"", ""best_reuse_query_after"": 1.0596657991409302, ""best_reuse_utility"": 0.14398342370986938, ""defer_utility"": 0.0, ""fold_a_fresh_utility"": -0.021199703216552734, ""fold_a_query_n"": 8, ""fold_a_support_n"": 8, ""fold_b_fresh_utility"": 0.168404221534729, ""fold_b_query_n"": 8, ""fold_b_support_n"": 8, ""fresh_advantage"": -0.07038116455078125, ""fresh_local_trainability"": -0.013766884803771973, ""fresh_positive"": false, ""fresh_query_after"": 1.1300469636917114, ""fresh_query_before"": 1.1162800788879395, ""fresh_utility"": 0.07360225915908813, ""reuse_profiles"": {""adapter_1"": {""feasible_both"": true, ""fold_a_harm"": -0.0013485485687851906, ""fold_a_lcb"": -0.005419185599312186, ""fold_a_query_after"": 1.0902016162872314, ""fold_a_utility"": 0.0013190507888793945, ""fold_b_harm"": -0.0014100093394517899, ""fold_b_lcb"": -0.003688452076166868, ""fold_b_query_after"": 1.3086459636688232, ""fold_b_utility"": 0.007131814956665039, ""harm_lcb_max"": -0.003688452076166868, ""harm_mean"": -0.0013792789541184902, ""harm_se_mean"": 0.0016196632059291005, ""harm_ucb_max"": 0.0027220884617418046, ""local_trainability"": 0.004225432872772217, ""query_after"": 1.1994237899780273, ""query_before"": 1.2036492228507996, ""system_utility"": 0.004225432872772217}, ""default"": {""feasible_both"": true, ""fold_a_harm"": -0.0008628163486719131, ""fold_a_lcb"": -0.002880020127631724, ""fold_a_query_after"": 1.1368365287780762, ""fold_a_utility"": -0.04531586170196533, ""fold_b_harm"": -0.0010762885212898254, ""fold_b_lcb"": -0.004977060481905937, ""fold_b_query_after"": 0.9824950695037842, ""fold_b_utility"": 0.3332827091217041, ""harm_lcb_max"": -0.002880020127631724, ""harm_mean"": -0.0009695524349808693, ""harm_se_mean"": 0.0015096876886673272, ""harm_ucb_max"": 0.0028244834393262863, ""local_trainability"": -0.002464771270751953, ""query_after"": 1.0596657991409302, ""query_before"": 1.0572010278701782, ""system_utility"": 0.14398342370986938}}, ""status"": ""ok"", ""statusquo_loss"": 1.2036492228507996}, ""utility_status"": ""ok""}"
41,A2,A,2,default,reuse,safe_existing_reuse,1.0690468549728394,2,True,294912,1185798,0,68436489,740355,11845904,656,23.647969864308834,555008512,0.0,20.007672898471355,2.3315203990787268,1.0575322210788727,-0.07019290328025818,-0.002654433250427246,-0.06753847002983093,False,,"{""best_reuse"": ""default"", ""best_reuse_utility"": -0.002654433250427246, ""decision"": ""reuse"", ""fresh_advantage"": -0.06753847002983093, ""fresh_positive"": false, ""fresh_utility"": -0.07019290328025818, ""full_batch_guards"": {""adapter_1"": {""crossfit_feasible"": true, ""crossfit_utility"": -0.17992833256721497, ""crossfit_utility_positive"": false, ""full_batch_cur_after"": 1.232534646987915, ""full_batch_cur_before"": 1.2425751686096191, ""full_batch_gain"": 0.010040521621704102, ""full_batch_harm"": -0.0016604261472821236, ""full_batch_harm_lcb"": -0.005223628776147961, ""full_batch_harm_se"": 0.00181796052493155, ""full_batch_harm_ucb"": 0.0019027764815837144, ""full_batch_safe"": true}, ""default"": {""crossfit_feasible"": true, ""crossfit_utility"": -0.002654433250427246, ""crossfit_utility_positive"": false, ""full_batch_cur_after"": 1.0541762113571167, ""full_batch_cur_before"": 1.0575321912765503, ""full_batch_gain"": 0.0033559799194335938, ""full_batch_harm"": -0.0005894424393773079, ""full_batch_harm_lcb"": -0.003675533626228571, ""full_batch_harm_se"": 0.001574536319822073, ""full_batch_harm_ucb"": 0.0024966487474739553, ""full_batch_safe"": true}}, ""guarded_best_reuse"": ""default"", ""num_adapters"": 2, ""pending_after"": false, ""pending_before"": false, ""policy_version"": ""cau_v1"", ""reason"": ""safe_existing_reuse"", ""utility"": {""batch_n"": 16, ""best_reuse"": ""default"", ""best_reuse_query_after"": 1.0601866543293, ""best_reuse_utility"": -0.002654433250427246, ""defer_utility"": 0.0, ""fold_a_fresh_utility"": -0.14932817220687866, ""fold_a_query_n"": 8, ""fold_a_support_n"": 8, ""fold_b_fresh_utility"": 0.008942365646362305, ""fold_b_query_n"": 8, ""fold_b_support_n"": 8, ""fresh_advantage"": -0.06753847002983093, ""fresh_local_trainability"": -0.007843255996704102, ""fresh_positive"": false, ""fresh_query_after"": 1.1277251243591309, ""fresh_query_before"": 1.1198818683624268, ""fresh_utility"": -0.07019290328025818, ""reuse_profiles"": {""adapter_1"": {""feasible_both"": true, ""fold_a_harm"": -0.001859460026025772, ""fold_a_lcb"": -0.004357192381285131, ""fold_a_query_after"": 1.3245129585266113, ""fold_a_utility"": -0.3362199664115906, ""fold_b_harm"": -0.0012801289558410645, ""fold_b_lcb"": -0.005078978999517858, ""fold_b_query_after"": 1.150408148765564, ""fold_b_utility"": -0.023636698722839355, ""harm_lcb_max"": -0.004357192381285131, ""harm_mean"": -0.0015697944909334183, ""harm_se_mean"": 0.0016062710201367736, ""harm_ucb_max"": 0.002518721087835729, ""local_trainability"": 0.005114614963531494, ""query_after"": 1.2374605536460876, ""query_before"": 1.2425751686096191, ""system_utility"": -0.17992833256721497}, ""default"": {""feasible_both"": true, ""fold_a_harm"": -0.0005511278286576271, ""fold_a_lcb"": -0.004954587714746594, ""fold_a_query_after"": 0.9936897158622742, ""fold_a_utility"": -0.005396723747253418, ""fold_b_harm"": -0.0006461115553975105, ""fold_b_lcb"": -0.002618662132881582, ""fold_b_query_after"": 1.1266835927963257, ""fold_b_utility"": 8.785724639892578e-05, ""harm_lcb_max"": -0.002618662132881582, ""harm_mean"": -0.0005986196920275688, ""harm_se_mean"": 0.0016265332815237343, ""harm_ucb_max"": 0.00385233205743134, ""local_trainability"": -0.002654433250427246, ""query_after"": 1.0601866543293, ""query_before"": 1.0575322210788727, ""system_utility"": -0.002654433250427246}}, ""status"": ""ok"", ""statusquo_loss"": 1.0575322210788727}, ""utility_status"": ""ok""}"
42,A2,A,2,default,reuse,safe_existing_reuse,1.0565390586853027,2,True,294912,1185798,0,68436489,740355,11845904,672,24.281628396362066,555008512,0.0,20.635053511708975,2.3315203990787268,1.0347980856895447,-0.07985222339630127,-0.0025058984756469727,-0.0773463249206543,False,,"{""best_reuse"": ""default"", ""best_reuse_utility"": -0.0025058984756469727, ""decision"": ""reuse"", ""fresh_advantage"": -0.0773463249206543, ""fresh_positive"": false, ""fresh_utility"": -0.07985222339630127, ""full_batch_guards"": {""adapter_1"": {""crossfit_feasible"": true, ""crossfit_utility"": -0.2251068353652954, ""crossfit_utility_positive"": false, ""full_batch_cur_after"": 1.2560935020446777, ""full_batch_cur_before"": 1.266930341720581, ""full_batch_gain"": 0.01083683967590332, ""full_batch_harm"": -0.0012306161224842072, ""full_batch_harm_lcb"": -0.004844882502220571, ""full_batch_harm_se"": 0.0018440134590491652, ""full_batch_harm_ucb"": 0.002383650257252157, ""full_batch_safe"": true}, ""default"": {""crossfit_feasible"": true, ""crossfit_utility"": -0.0025058984756469727, ""crossfit_utility_positive"": false, ""full_batch_cur_after"": 1.0323295593261719, ""full_batch_cur_before"": 1.0347981452941895, ""full_batch_gain"": 0.002468585968017578, ""full_batch_harm"": -0.0008614277467131615, ""full_batch_harm_lcb"": -0.00345451015047729, ""full_batch_harm_se"": 0.0013230012264102697, ""full_batch_harm_ucb"": 0.001731654657050967, ""full_batch_safe"": true}}, ""guarded_best_reuse"": ""default"", ""num_adapters"": 2, ""pending_after"": false, ""pending_before"": false, ""policy_version"": ""cau_v1"", ""reason"": ""safe_existing_reuse"", ""utility"": {""batch_n"": 16, ""best_reuse"": ""default"", ""best_reuse_query_after"": 1.0373039841651917, ""best_reuse_utility"": -0.0025058984756469727, ""defer_utility"": 0.0, ""fold_a_fresh_utility"": -0.08308732509613037, ""fold_a_query_n"": 8, ""fold_a_support_n"": 8, ""fold_b_fresh_utility"": -0.07661712169647217, ""fold_b_query_n"": 8, ""fold_b_support_n"": 8, ""fresh_advantage"": -0.0773463249206543, ""fresh_local_trainability"": 0.0030483603477478027, ""fresh_positive"": false, ""fresh_query_after"": 1.114650309085846, ""fresh_query_before"": 1.1176986694335938, ""fresh_utility"": -0.07985222339630127, ""reuse_profiles"": {""adapter_1"": {""feasible_both"": true, ""fold_a_harm"": -0.0017598997801542282, ""fold_a_lcb"": -0.0047707854909822345, ""fold_a_query_after"": 1.292313575744629, ""fold_a_utility"": -0.267406702041626, ""fold_b_harm"": -0.0007628863677382469, ""fold_b_lcb"": -0.004752767132595181, ""fold_b_query_after"": 1.2274962663650513, ""fold_b_utility"": -0.18280696868896484, ""harm_lcb_max"": -0.004752767132595181, ""harm_mean"": -0.0012613930739462376, ""harm_se_mean"": 0.0017859098152257502, ""harm_ucb_max"": 0.0032269943971186873, ""local_trainability"": 0.007025420665740967, ""query_after"": 1.25990492105484, ""query_before"": 1.266930341720581, ""system_utility"": -0.2251068353652954}, ""default"": {""feasible_both"": true, ""fold_a_harm"": -0.0009118467569351196, ""fold_a_lcb"": -0.005385213233530521, ""fold_a_query_after"": 1.0315194129943848, ""fold_a_utility"": -0.006612539291381836, ""fold_b_harm"": -0.0008089952170848846, ""fold_b_lcb"": -0.0027920917700976133, ""fold_b_query_after"": 1.0430885553359985, ""fold_b_utility"": 0.0016007423400878906, ""harm_lcb_max"": -0.0027920917700976133, ""harm_mean"": -0.0008604209870100021, ""harm_se_mean"": 0.0016470568953081965, ""harm_ucb_max"": 0.003561519719660282, ""local_trainability"": -0.0025058984756469727, ""query_after"": 1.0373039841651917, ""query_before"": 1.0347980856895447, ""system_utility"": -0.0025058984756469727}}, ""status"": ""ok"", ""statusquo_loss"": 1.0347980856895447}, ""utility_status"": ""ok""}"
43,A2,A,2,default,reuse,pending_fresh_safe_existing_reuse,1.082229733467102,2,True,294912,1185798,0,68436489,740355,11845904,688,24.90768596716225,555008512,0.0,21.255396053195,2.3315203990787268,1.104384958744049,0.0010945796966552734,3.9517879486083984e-05,0.0010550618171691895,True,,"{""best_reuse"": ""default"", ""best_reuse_utility"": 3.9517879486083984e-05, ""decision"": ""reuse"", ""fresh_advantage"": 0.0010550618171691895, ""fresh_positive"": true, ""fresh_utility"": 0.0010945796966552734, ""full_batch_guards"": {""adapter_1"": {""crossfit_feasible"": true, ""crossfit_utility"": -0.026493549346923828, ""crossfit_utility_positive"": false, ""full_batch_cur_after"": 1.1283578872680664, ""full_batch_cur_before"": 1.1330403089523315, ""full_batch_gain"": 0.004682421684265137, ""full_batch_harm"": -0.0016626277938485146, ""full_batch_harm_lcb"": -0.004679731703363358, ""full_batch_harm_se"": 0.0015393387293443084, ""full_batch_harm_ucb"": 0.0013544761156663297, ""full_batch_safe"": true}, ""default"": {""crossfit_feasible"": true, ""crossfit_utility"": 3.9517879486083984e-05, ""crossfit_utility_positive"": true, ""full_batch_cur_after"": 1.1023666858673096, ""full_batch_cur_before"": 1.1043850183486938, ""full_batch_gain"": 0.0020183324813842773, ""full_batch_harm"": -0.0005582477897405624, ""full_batch_harm_lcb"": -0.003023849134333432, ""full_batch_harm_se"": 0.0012579598696902394, ""full_batch_harm_ucb"": 0.001907353554852307, ""full_batch_safe"": true}}, ""guarded_best_reuse"": ""default"", ""num_adapters"": 2, ""pending_after"": true, ""pending_before"": false, ""policy_version"": ""cau_v1"", ""reason"": ""pending_fresh_safe_existing_reuse"", ""utility"": {""batch_n"": 16, ""best_reuse"": ""default"", ""best_reuse_query_after"": 1.104345440864563, ""best_reuse_utility"": 3.9517879486083984e-05, ""defer_utility"": 0.0, ""fold_a_fresh_utility"": 0.048161983489990234, ""fold_a_query_n"": 8, ""fold_a_support_n"": 8, ""fold_b_fresh_utility"": -0.04597282409667969, ""fold_b_query_n"": 8, ""fold_b_support_n"": 8, ""fresh_advantage"": 0.0010550618171691895, ""fresh_local_trainability"": -0.0037990212440490723, ""fresh_positive"": true, ""fresh_query_after"": 1.1032903790473938, ""fresh_query_before"": 1.0994913578033447, ""fresh_utility"": 0.0010945796966552734, ""reuse_profiles"": {""adapter_1"": {""feasible_both"": true, ""fold_a_harm"": -0.001594584435224533, ""fold_a_lcb"": -0.004956550574861466, ""fold_a_query_after"": 1.0845533609390259, ""fold_a_utility"": 0.06071937084197998, ""fold_b_harm"": -0.0013266270980238914, ""fold_b_lcb"": -0.0032493932964280246, ""fold_b_query_after"": 1.17720365524292, ""fold_b_utility"": -0.11370646953582764, ""harm_lcb_max"": -0.0032493932964280246, ""harm_mean"": -0.0014606057666242123, ""harm_se_mean"": 0.001348146004602313, ""harm_ucb_max"": 0.0017673817044124005, ""local_trainability"": 0.0021618008613586426, ""query_after"": 1.130878508090973, ""query_before"": 1.1330403089523315, ""system_utility"": -0.026493549346923828}, ""default"": {""feasible_both"": true, ""fold_a_harm"": -0.0010509351268410683, ""fold_a_lcb"": -0.003276418442837894, ""fold_a_query_after"": 1.1462914943695068, ""fold_a_utility"": -0.0010187625885009766, ""fold_b_harm"": -0.0003044353798031807, ""fold_b_lcb"": -0.002834682990796864, ""fold_b_query_after"": 1.0623993873596191, ""fold_b_utility"": 0.0010977983474731445, ""harm_lcb_max"": -0.002834682990796864, ""harm_mean"": -0.0006776852533221245, ""harm_se_mean"": 0.0012131966650485992, ""harm_ucb_max"": 0.0022258122311905027, ""local_trainability"": 3.9517879486083984e-05, ""query_after"": 1.104345440864563, ""query_before"": 1.104384958744049, ""system_utility"": 3.9517879486083984e-05}}, ""status"": ""ok"", ""statusquo_loss"": 1.104384958744049}, ""utility_status"": ""ok""}"
44,A2,A,2,default,reuse,safe_existing_reuse,1.0923407077789307,2,True,294912,1185798,0,68436489,740355,11845904,704,25.579210717231035,555008512,0.0,21.921089701354504,2.3315203990787268,1.0932505130767822,-0.0090104341506958,0.0035449862480163574,-0.012555420398712158,False,,"{""best_reuse"": ""default"", ""best_reuse_utility"": 0.0035449862480163574, ""decision"": ""reuse"", ""fresh_advantage"": -0.012555420398712158, ""fresh_positive"": false, ""fresh_utility"": -0.0090104341506958, ""full_batch_guards"": {""adapter_1"": {""crossfit_feasible"": true, ""crossfit_utility"": -0.07207596302032471, ""crossfit_utility_positive"": false, ""full_batch_cur_after"": 1.163038730621338, ""full_batch_cur_before"": 1.1684328317642212, ""full_batch_gain"": 0.005394101142883301, ""full_batch_harm"": -0.0017857328057289124, ""full_batch_harm_lcb"": -0.00468529514502734, ""full_batch_harm_se"": 0.0014793685404583812, ""full_batch_harm_ucb"": 0.0011138295335695147, ""full_batch_safe"": true}, ""default"": {""crossfit_feasible"": true, ""crossfit_utility"": 0.0035449862480163574, ""crossfit_utility_positive"": true, ""full_batch_cur_after"": 1.0874180793762207, ""full_batch_cur_before"": 1.0932505130767822, ""full_batch_gain"": 0.0058324337005615234, ""full_batch_harm"": 0.0002819281071424484, ""full_batch_harm_lcb"": -0.0036939487047493455, ""full_batch_harm_se"": 0.0020285085774958134, ""full_batch_harm_ucb"": 0.004257804919034242, ""full_batch_safe"": true}}, ""guarded_best_reuse"": ""default"", ""num_adapters"": 2, ""pending_after"": false, ""pending_before"": true, ""policy_version"": ""cau_v1"", ""reason"": ""safe_existing_reuse"", ""utility"": {""batch_n"": 16, ""best_reuse"": ""default"", ""best_reuse_query_after"": 1.0897055268287659, ""best_reuse_utility"": 0.0035449862480163574, ""defer_utility"": 0.0, ""fold_a_fresh_utility"": -0.03394484519958496, ""fold_a_query_n"": 8, ""fold_a_support_n"": 8, ""fold_b_fresh_utility"": 0.01592397689819336, ""fold_b_query_n"": 8, ""fold_b_support_n"": 8, ""fresh_advantage"": -0.012555420398712158, ""fresh_local_trainability"": 0.003466963768005371, ""fresh_positive"": false, ""fresh_query_after"": 1.102260947227478, ""fresh_query_before"": 1.1057279109954834, ""fresh_utility"": -0.0090104341506958, ""reuse_profiles"": {""adapter_1"": {""feasible_both"": true, ""fold_a_harm"": -0.0018396563827991486, ""fold_a_lcb"": -0.004298941413871944, ""fold_a_query_after"": 1.1970279216766357, ""fold_a_utility"": -0.12047982215881348, ""fold_b_harm"": -0.0014722729101777077, ""fold_b_lcb"": -0.004566387836821378, ""fold_b_query_after"": 1.1336250305175781, ""fold_b_utility"": -0.023672103881835938, ""harm_lcb_max"": -0.004298941413871944, ""harm_mean"": -0.0016559646464884281, ""harm_se_mean"": 0.0014166836626827717, ""harm_ucb_max"": 0.001621842016465962, ""local_trainability"": 0.003106355667114258, ""query_after"": 1.165326476097107, ""query_before"": 1.1684328317642212, ""system_utility"": -0.07207596302032471}, ""default"": {""feasible_both"": true, ""fold_a_harm"": 0.00017529819160699844, ""fold_a_lcb"": -0.003808561060577631, ""fold_a_query_after"": 1.0747987031936646, ""fold_a_utility"": 0.0017493963241577148, ""fold_b_harm"": -0.00013848580420017242, ""fold_b_lcb"": -0.00312849176581949, ""fold_b_query_after"": 1.1046123504638672, ""fold_b_utility"": 0.005340576171875, ""harm_lcb_max"": -0.00312849176581949, ""harm_mean"": 1.840619370341301e-05, ""harm_se_mean"": 0.0017790472484193742, ""harm_ucb_max"": 0.004159157443791628, ""local_trainability"": 0.0035449862480163574, ""query_after"": 1.0897055268287659, ""query_before"": 1.0932505130767822, ""system_utility"": 0.0035449862480163574}}, ""status"": ""ok"", ""statusquo_loss"": 1.0932505130767822}, ""utility_status"": ""ok""}"
45,A2,A,2,default,reuse,safe_existing_reuse,1.0814356803894043,2,True,294912,1185798,0,68436489,740355,11845904,720,26.243730556219816,555008512,0.0,22.579215386882424,2.3315203990787268,1.1019564270973206,-0.004381000995635986,-0.006727755069732666,0.0023467540740966797,False,,"{""best_reuse"": ""default"", ""best_reuse_utility"": -0.006727755069732666, ""decision"": ""reuse"", ""fresh_advantage"": 0.0023467540740966797, ""fresh_positive"": false, ""fresh_utility"": -0.004381000995635986, ""full_batch_guards"": {""adapter_1"": {""crossfit_feasible"": true, ""crossfit_utility"": -0.09589767456054688, ""crossfit_utility_positive"": false, ""full_batch_cur_after"": 1.1925170421600342, ""full_batch_cur_before"": 1.2033312320709229, ""full_batch_gain"": 0.010814189910888672, ""full_batch_harm"": -0.0005578044801950455, ""full_batch_harm_lcb"": -0.004621532401069999, ""full_batch_harm_se"": 0.002073330571874976, ""full_batch_harm_ucb"": 0.0035059234406799077, ""full_batch_safe"": true}, ""default"": {""crossfit_feasible"": true, ""crossfit_utility"": -0.006727755069732666, ""crossfit_utility_positive"": false, ""full_batch_cur_after"": 1.1024744510650635, ""full_batch_cur_before"": 1.1019564867019653, ""full_batch_gain"": -0.0005179643630981445, ""full_batch_harm"": -0.0003063427284359932, ""full_batch_harm_lcb"": -0.0017215327150188386, ""full_batch_harm_se"": 0.0007220357074402273, ""full_batch_harm_ucb"": 0.0011088472581468522, ""full_batch_safe"": true}}, ""guarded_best_reuse"": ""default"", ""num_adapters"": 2, ""pending_after"": false, ""pending_before"": false, ""policy_version"": ""cau_v1"", ""reason"": ""safe_existing_reuse"", ""utility"": {""batch_n"": 16, ""best_reuse"": ""default"", ""best_reuse_query_after"": 1.1086841821670532, ""best_reuse_utility"": -0.006727755069732666, ""defer_utility"": 0.0, ""fold_a_fresh_utility"": 0.10972905158996582, ""fold_a_query_n"": 8, ""fold_a_support_n"": 8, ""fold_b_fresh_utility"": -0.11849105358123779, ""fold_b_query_n"": 8, ""fold_b_support_n"": 8, ""fresh_advantage"": 0.0023467540740966797, ""fresh_local_trainability"": -0.0033266544342041016, ""fresh_positive"": false, ""fresh_query_after"": 1.1063374280929565, ""fresh_query_before"": 1.1030107736587524, ""fresh_utility"": -0.004381000995635986, ""reuse_profiles"": {""adapter_1"": {""feasible_both"": true, ""fold_a_harm"": -0.0006803190335631371, ""fold_a_lcb"": -0.004926314195618033, ""fold_a_query_after"": 1.0567622184753418, ""fold_a_utility"": 0.13750052452087402, ""fold_b_harm"": 3.31411138176918e-05, ""fold_b_lcb"": -0.002782895383425057, ""fold_b_query_after"": 1.338945984840393, ""fold_b_utility"": -0.3292958736419678, ""harm_lcb_max"": -0.002782895383425057, ""harm_mean"": -0.0003235889598727226, ""harm_se_mean"": 0.001801538688596338, ""harm_ucb_max"": 0.003565676128491759, ""local_trainability"": 0.0054770708084106445, ""query_after"": 1.1978541016578674, ""query_before"": 1.203331172466278, ""system_utility"": -0.09589767456054688}, ""default"": {""feasible_both"": true, ""fold_a_harm"": -0.0006600627675652504, ""fold_a_lcb"": -0.0018565365369431674, ""fold_a_query_after"": 1.1963951587677002, ""fold_a_utility"": -0.002132415771484375, ""fold_b_harm"": 0.0005598356947302818, ""fold_b_lcb"": -0.0032377418223768473, ""fold_b_query_after"": 1.0209732055664062, ""fold_b_utility"": -0.011323094367980957, ""harm_lcb_max"": -0.0018565365369431674, ""harm_mean"": -5.0113536417484283e-05, ""harm_se_mean"": 0.0012739926751237363, ""harm_ucb_max"": 0.004357413211837411, ""local_trainability"": -0.006727755069732666, ""query_after"": 1.1086841821670532, ""query_before"": 1.1019564270973206, ""system_utility"": -0.006727755069732666}}, ""status"": ""ok"", ""statusquo_loss"": 1.1019564270973206}, ""utility_status"": ""ok""}"
46,A2,A,2,adapter_1,reuse,safe_existing_reuse,1.114726185798645,2,True,294912,1185798,0,68436489,740355,11845904,736,26.88136519677937,555008512,0.0,23.209475042298436,2.3315203990787268,1.13448965549469,-0.0341835618019104,0.009009599685668945,-0.043193161487579346,False,,"{""best_reuse"": ""adapter_1"", ""best_reuse_utility"": 0.009009599685668945, ""decision"": ""reuse"", ""fresh_advantage"": -0.043193161487579346, ""fresh_positive"": false, ""fresh_utility"": -0.0341835618019104, ""full_batch_guards"": {""adapter_1"": {""crossfit_feasible"": true, ""crossfit_utility"": 0.009009599685668945, ""crossfit_utility_positive"": true, ""full_batch_cur_after"": 1.1149646043777466, ""full_batch_cur_before"": 1.1196577548980713, ""full_batch_gain"": 0.004693150520324707, ""full_batch_harm"": -0.001102895475924015, ""full_batch_harm_lcb"": -0.004285349575802684, ""full_batch_harm_se"": 0.0016237010713666677, ""full_batch_harm_ucb"": 0.0020795586239546536, ""full_batch_safe"": true}, ""default"": {""crossfit_feasible"": true, ""crossfit_utility"": -0.004717886447906494, ""crossfit_utility_positive"": false, ""full_batch_cur_after"": 1.1302423477172852, ""full_batch_cur_before"": 1.1344897747039795, ""full_batch_gain"": 0.004247426986694336, ""full_batch_harm"": -0.000487341545522213, ""full_batch_harm_lcb"": -0.003105230573564768, ""full_batch_harm_se"": 0.0013356576673686504, ""full_batch_harm_ucb"": 0.002130547482520342, ""full_batch_safe"": true}}, ""guarded_best_reuse"": ""adapter_1"", ""num_adapters"": 2, ""pending_after"": false, ""pending_before"": false, ""policy_version"": ""cau_v1"", ""reason"": ""safe_existing_reuse"", ""utility"": {""batch_n"": 16, ""best_reuse"": ""adapter_1"", ""best_reuse_query_after"": 1.125480055809021, ""best_reuse_utility"": 0.009009599685668945, ""defer_utility"": 0.0, ""fold_a_fresh_utility"": -0.10057234764099121, ""fold_a_query_n"": 8, ""fold_a_support_n"": 8, ""fold_b_fresh_utility"": 0.03220522403717041, ""fold_b_query_n"": 8, ""fold_b_support_n"": 8, ""fresh_advantage"": -0.043193161487579346, ""fresh_local_trainability"": -0.07093805074691772, ""fresh_positive"": false, ""fresh_query_after"": 1.1686732172966003, ""fresh_query_before"": 1.0977351665496826, ""fresh_utility"": -0.0341835618019104, ""reuse_profiles"": {""adapter_1"": {""feasible_both"": true, ""fold_a_harm"": -0.0013334834948182106, ""fold_a_lcb"": -0.0025163698429241776, ""fold_a_query_after"": 1.2426505088806152, ""fold_a_utility"": -0.15729618072509766, ""fold_b_harm"": -0.00023496150970458984, ""fold_b_lcb"": -0.004255638010799884, ""fold_b_query_after"": 1.0083096027374268, ""fold_b_utility"": 0.17531538009643555, ""harm_lcb_max"": -0.0025163698429241776, ""harm_mean"": -0.0007842225022614002, ""harm_se_mean"": 0.0013274395023472607, ""harm_ucb_max"": 0.0037857149913907047, ""local_trainability"": -0.005822360515594482, ""query_after"": 1.125480055809021, ""query_before"": 1.1196576952934265, ""system_utility"": 0.009009599685668945}, ""default"": {""feasible_both"": true, ""fold_a_harm"": -0.0003660200163722038, ""fold_a_lcb"": -0.003873673905618489, ""fold_a_query_after"": 1.0927234888076782, ""fold_a_utility"": -0.0073691606521606445, ""fold_b_harm"": -0.0006372611969709396, ""fold_b_lcb"": -0.00229207567172125, ""fold_b_query_after"": 1.1856915950775146, ""fold_b_utility"": -0.0020666122436523438, ""harm_lcb_max"": -0.00229207567172125, ""harm_mean"": -0.0005016406066715717, ""harm_se_mean"": 0.0013169562153052539, ""harm_ucb_max"": 0.003141633872874081, ""local_trainability"": -0.004717886447906494, ""query_after"": 1.1392075419425964, ""query_before"": 1.13448965549469, ""system_utility"": -0.004717886447906494}}, ""status"": ""ok"", ""statusquo_loss"": 1.13448965549469}, ""utility_status"": ""ok""}"
47,A2,A,2,adapter_1,reuse,safe_existing_reuse,1.057613492012024,2,True,294912,1185798,0,68436489,740355,11845904,752,27.50499569065869,555008512,0.0,23.826862312853336,2.3315203990787268,1.0577760934829712,-0.027564406394958496,-0.0016939640045166016,-0.025870442390441895,False,,"{""best_reuse"": ""adapter_1"", ""best_reuse_utility"": -0.0016939640045166016, ""decision"": ""reuse"", ""fresh_advantage"": -0.025870442390441895, ""fresh_positive"": false, ""fresh_utility"": -0.027564406394958496, ""full_batch_guards"": {""adapter_1"": {""crossfit_feasible"": true, ""crossfit_utility"": -0.0016939640045166016, ""crossfit_utility_positive"": false, ""full_batch_cur_after"": 1.0552287101745605, ""full_batch_cur_before"": 1.0577760934829712, ""full_batch_gain"": 0.0025473833084106445, ""full_batch_harm"": 3.8251280784606934e-05, ""full_batch_harm_lcb"": -0.0033687310852110386, ""full_batch_harm_se"": 0.0017382563091814518, ""full_batch_harm_ucb"": 0.0034452336467802524, ""full_batch_safe"": true}, ""default"": {""crossfit_feasible"": true, ""crossfit_utility"": -0.13788753747940063, ""crossfit_utility_positive"": false, ""full_batch_cur_after"": 1.1928471326828003, ""full_batch_cur_before"": 1.1998398303985596, ""full_batch_gain"": 0.006992697715759277, ""full_batch_harm"": -0.00046965572983026505, ""full_batch_harm_lcb"": -0.0032447557523846626, ""full_batch_harm_se"": 0.0014158673584461212, ""full_batch_harm_ucb"": 0.0023054442927241325, ""full_batch_safe"": true}}, ""guarded_best_reuse"": ""adapter_1"", ""num_adapters"": 2, ""pending_after"": false, ""pending_before"": false, ""policy_version"": ""cau_v1"", ""reason"": ""safe_existing_reuse"", ""utility"": {""batch_n"": 16, ""best_reuse"": ""adapter_1"", ""best_reuse_query_after"": 1.0594700574874878, ""best_reuse_utility"": -0.0016939640045166016, ""defer_utility"": 0.0, ""fold_a_fresh_utility"": -0.06644535064697266, ""fold_a_query_n"": 8, ""fold_a_support_n"": 8, ""fold_b_fresh_utility"": 0.011316537857055664, ""fold_b_query_n"": 8, ""fold_b_support_n"": 8, ""fresh_advantage"": -0.025870442390441895, ""fresh_local_trainability"": -0.0034212470054626465, ""fresh_positive"": false, ""fresh_query_after"": 1.0853404998779297, ""fresh_query_before"": 1.081919252872467, ""fresh_utility"": -0.027564406394958496, ""reuse_profiles"": {""adapter_1"": {""feasible_both"": true, ""fold_a_harm"": -0.001779644750058651, ""fold_a_lcb"": -0.004784990395419299, ""fold_a_query_after"": 1.0071523189544678, ""fold_a_utility"": -0.0024061203002929688, ""fold_b_harm"": 0.0007359348237514496, ""fold_b_lcb"": -0.003017032160423696, ""fold_b_query_after"": 1.1117877960205078, ""fold_b_utility"": -0.0009818077087402344, ""harm_lcb_max"": -0.003017032160423696, ""harm_mean"": -0.0005218549631536007, ""harm_se_mean"": 0.0017240593442693353, ""harm_ucb_max"": 0.004488901807926595, ""local_trainability"": -0.0016939640045166016, ""query_after"": 1.0594700574874878, ""query_before"": 1.0577760934829712, ""system_utility"": -0.0016939640045166016}, ""default"": {""feasible_both"": true, ""fold_a_harm"": -0.00032896362245082855, ""fold_a_lcb"": -0.003333121621981263, ""fold_a_query_after"": 1.2399611473083496, ""fold_a_utility"": -0.2352149486541748, ""fold_b_harm"": -0.000559469684958458, ""fold_b_lcb"": -0.0031849242793396113, ""fold_b_query_after"": 1.151366114616394, ""fold_b_utility"": -0.040560126304626465, ""harm_lcb_max"": -0.0031849242793396113, ""harm_mean"": -0.00044421665370464325, ""harm_se_mean"": 0.0014361256617121398, ""harm_ucb_max"": 0.002675194377079606, ""local_trainability"": 0.004176318645477295, ""query_after"": 1.1956636309623718, ""query_before"": 1.1998399496078491, ""system_utility"": -0.13788753747940063}}, ""status"": ""ok"", ""statusquo_loss"": 1.0577760934829712}, ""utility_status"": ""ok""}"
48,A2,A,2,adapter_1,reuse,safe_existing_reuse,1.0671443939208984,2,True,294912,1185798,0,68436489,740355,11845904,768,28.11580566316843,555008512,0.0,24.431589825078845,2.3315203990787268,1.0727022588253021,-0.02411016821861267,0.0013955533504486084,-0.02550572156906128,False,,"{""best_reuse"": ""adapter_1"", ""best_reuse_utility"": 0.0013955533504486084, ""decision"": ""reuse"", ""fresh_advantage"": -0.02550572156906128, ""fresh_positive"": false, ""fresh_utility"": -0.02411016821861267, ""full_batch_guards"": {""adapter_1"": {""crossfit_feasible"": true, ""crossfit_utility"": 0.0013955533504486084, ""crossfit_utility_positive"": true, ""full_batch_cur_after"": 1.0658378601074219, ""full_batch_cur_before"": 1.072702169418335, ""full_batch_gain"": 0.006864309310913086, ""full_batch_harm"": -0.0009307526051998138, ""full_batch_harm_lcb"": -0.005881906831637025, ""full_batch_harm_se"": 0.002526099095121026, ""full_batch_harm_ucb"": 0.004020401621237397, ""full_batch_safe"": true}, ""default"": {""crossfit_feasible"": true, ""crossfit_utility"": -0.10631218552589417, ""crossfit_utility_positive"": false, ""full_batch_cur_after"": 1.174967885017395, ""full_batch_cur_before"": 1.1812617778778076, ""full_batch_gain"": 0.006293892860412598, ""full_batch_harm"": -0.000605621375143528, ""full_batch_harm_lcb"": -0.003027693503536284, ""full_batch_harm_se"": 0.0012357510859146714, ""full_batch_harm_ucb"": 0.001816450753249228, ""full_batch_safe"": true}}, ""guarded_best_reuse"": ""adapter_1"", ""num_adapters"": 2, ""pending_after"": false, ""pending_before"": false, ""policy_version"": ""cau_v1"", ""reason"": ""safe_existing_reuse"", ""utility"": {""batch_n"": 16, ""best_reuse"": ""adapter_1"", ""best_reuse_query_after"": 1.0713067054748535, ""best_reuse_utility"": 0.0013955533504486084, ""defer_utility"": 0.0, ""fold_a_fresh_utility"": 0.08307290077209473, ""fold_a_query_n"": 8, ""fold_a_support_n"": 8, ""fold_b_fresh_utility"": -0.13129323720932007, ""fold_b_query_n"": 8, ""fold_b_support_n"": 8, ""fresh_advantage"": -0.02550572156906128, ""fresh_local_trainability"": -0.006065726280212402, ""fresh_positive"": false, ""fresh_query_after"": 1.0968124270439148, ""fresh_query_before"": 1.0907467007637024, ""fresh_utility"": -0.02411016821861267, ""reuse_profiles"": {""adapter_1"": {""feasible_both"": true, ""fold_a_harm"": -0.00018361490219831467, ""fold_a_lcb"": -0.0034941081749275326, ""fold_a_query_after"": 1.189549207687378, ""fold_a_utility"": 0.005009889602661133, ""fold_b_harm"": -0.00138942152261734, ""fold_b_lcb"": -0.0064954730588942765, ""fold_b_query_after"": 0.9530642032623291, ""fold_b_utility"": -0.002218782901763916, ""harm_lcb_max"": -0.0034941081749275326, ""harm_mean"": -0.0007865182124078274, ""harm_se_mean"": 0.0021470777573995292, ""harm_ucb_max"": 0.0037166300136595963, ""local_trainability"": 0.0013955533504486084, ""query_after"": 1.0713067054748535, ""query_before"": 1.0727022588253021, ""system_utility"": 0.0013955533504486084}, ""default"": {""feasible_both"": true, ""fold_a_harm"": -0.0005425577983260155, ""fold_a_lcb"": -0.0033533697947859763, ""fold_a_query_after"": 1.1118800640106201, ""fold_a_utility"": 0.08267903327941895, ""fold_b_harm"": -0.0006643021479249001, ""fold_b_lcb"": -0.0022779981791973113, ""fold_b_query_after"": 1.2461488246917725, ""fold_b_utility"": -0.2953034043312073, ""harm_lcb_max"": -0.0022779981791973113, ""harm_mean"": -0.0006034299731254578, ""harm_se_mean"": 0.001128701027482748, ""harm_ucb_max"": 0.0022682541981339454, ""local_trainability"": 0.002247452735900879, ""query_after"": 1.1790144443511963, ""query_before"": 1.1812618970870972, ""system_utility"": -0.10631218552589417}}, ""status"": ""ok"", ""statusquo_loss"": 1.0727022588253021}, ""utility_status"": ""ok""}"
49,A2,A,2,adapter_1,reuse,safe_existing_reuse,0.9629147052764893,2,True,294912,1185798,0,68436489,740355,11845904,784,28.72387135028839,555008512,0.0,25.033577911555767,2.3315203990787268,0.9676375985145569,-0.057003021240234375,-0.001984208822250366,-0.05501881241798401,False,,"{""best_reuse"": ""adapter_1"", ""best_reuse_utility"": -0.001984208822250366, ""decision"": ""reuse"", ""fresh_advantage"": -0.05501881241798401, ""fresh_positive"": false, ""fresh_utility"": -0.057003021240234375, ""full_batch_guards"": {""adapter_1"": {""crossfit_feasible"": true, ""crossfit_utility"": -0.001984208822250366, ""crossfit_utility_positive"": false, ""full_batch_cur_after"": 0.9676063656806946, ""full_batch_cur_before"": 0.9676375985145569, ""full_batch_gain"": 3.123283386230469e-05, ""full_batch_harm"": 0.00028602126985788345, ""full_batch_harm_lcb"": -0.0029158155294135213, ""full_batch_harm_se"": 0.0016335902037099004, ""full_batch_harm_ucb"": 0.003487858069129288, ""full_batch_safe"": true}, ""default"": {""crossfit_feasible"": true, ""crossfit_utility"": -0.27724891901016235, ""crossfit_utility_positive"": false, ""full_batch_cur_after"": 1.2439725399017334, ""full_batch_cur_before"": 1.2550314664840698, ""full_batch_gain"": 0.011058926582336426, ""full_batch_harm"": -0.0003826143220067024, ""full_batch_harm_lcb"": -0.0037468172516673805, ""full_batch_harm_se"": 0.001716430066153407, ""full_batch_harm_ucb"": 0.0029815886076539756, ""full_batch_safe"": true}}, ""guarded_best_reuse"": ""adapter_1"", ""num_adapters"": 2, ""pending_after"": false, ""pending_before"": false, ""policy_version"": ""cau_v1"", ""reason"": ""safe_existing_reuse"", ""utility"": {""batch_n"": 16, ""best_reuse"": ""adapter_1"", ""best_reuse_query_after"": 0.9696218073368073, ""best_reuse_utility"": -0.001984208822250366, ""defer_utility"": 0.0, ""fold_a_fresh_utility"": -0.09502315521240234, ""fold_a_query_n"": 8, ""fold_a_support_n"": 8, ""fold_b_fresh_utility"": -0.018982887268066406, ""fold_b_query_n"": 8, ""fold_b_support_n"": 8, ""fresh_advantage"": -0.05501881241798401, ""fresh_local_trainability"": 0.03683948516845703, ""fresh_positive"": false, ""fresh_query_after"": 1.0246406197547913, ""fresh_query_before"": 1.0614801049232483, ""fresh_utility"": -0.057003021240234375, ""reuse_profiles"": {""adapter_1"": {""feasible_both"": true, ""fold_a_harm"": -0.00016541685909032822, ""fold_a_lcb"": -0.003117574225179851, ""fold_a_query_after"": 0.9264939427375793, ""fold_a_utility"": -0.0027264952659606934, ""fold_b_harm"": 0.00023790355771780014, ""fold_b_lcb"": -0.0030403970973566174, ""fold_b_query_after"": 1.0127496719360352, ""fold_b_utility"": -0.001241922378540039, ""harm_lcb_max"": -0.0030403970973566174, ""harm_mean"": 3.624334931373596e-05, ""harm_se_mean"": 0.0015894025564193726, ""harm_ucb_max"": 0.0035162042127922176, ""local_trainability"": -0.001984208822250366, ""query_after"": 0.9696218073368073, ""query_before"": 0.9676375985145569, ""system_utility"": -0.001984208822250366}, ""default"": {""feasible_both"": true, ""fold_a_harm"": -0.0003285640850663185, ""fold_a_lcb"": -0.0037309209071099757, ""fold_a_query_after"": 1.2668240070343018, ""fold_a_utility"": -0.3430565595626831, ""fold_b_harm"": -0.00038338731974363327, ""fold_b_lcb"": -0.003647009311243892, ""fold_b_query_after"": 1.2229490280151367, ""fold_b_utility"": -0.2114412784576416, ""harm_lcb_max"": -0.003647009311243892, ""harm_mean"": -0.0003559757024049759, ""harm_se_mean"": 0.001700504799373448, ""harm_ucb_max"": 0.0030737927369773386, ""local_trainability"": 0.010145068168640137, ""query_after"": 1.2448865175247192, ""query_before"": 1.2550315856933594, ""system_utility"": -0.27724891901016235}}, ""status"": ""ok"", ""statusquo_loss"": 0.9676375985145569}, ""utility_status"": ""ok""}"
50,A2,A,2,adapter_1,reuse,safe_existing_reuse,1.0413885116577148,2,True,294912,1185798,0,68436489,740355,11845904,800,29.35946142859757,555008512,0.0,25.662351734936237,2.3315203990787268,1.046252965927124,-0.03953099250793457,-0.0011330246925354004,-0.03839796781539917,False,,"{""best_reuse"": ""adapter_1"", ""best_reuse_utility"": -0.0011330246925354004, ""decision"": ""reuse"", ""fresh_advantage"": -0.03839796781539917, ""fresh_positive"": false, ""fresh_utility"": -0.03953099250793457, ""full_batch_guards"": {""adapter_1"": {""crossfit_feasible"": true, ""crossfit_utility"": -0.0011330246925354004, ""crossfit_utility_positive"": false, ""full_batch_cur_after"": 1.0432229042053223, ""full_batch_cur_before"": 1.0462528467178345, ""full_batch_gain"": 0.003029942512512207, ""full_batch_harm"": 0.0014472128823399544, ""full_batch_harm_lcb"": -0.002660545324906707, ""full_batch_harm_se"": 0.002095795003697276, ""full_batch_harm_ucb"": 0.005554971089586616, ""full_batch_safe"": true}, ""default"": {""crossfit_feasible"": true, ""crossfit_utility"": -0.1298537254333496, ""crossfit_utility_positive"": false, ""full_batch_cur_after"": 1.173411250114441, ""full_batch_cur_before"": 1.1802582740783691, ""full_batch_gain"": 0.006847023963928223, ""full_batch_harm"": -0.0005976622924208641, ""full_batch_harm_lcb"": -0.00324810354039073, ""full_batch_harm_se"": 0.0013522659428417683, ""full_batch_harm_ucb"": 0.002052778955549002, ""full_batch_safe"": true}}, ""guarded_best_reuse"": ""adapter_1"", ""num_adapters"": 2, ""pending_after"": false, ""pending_before"": false, ""policy_version"": ""cau_v1"", ""reason"": ""safe_existing_reuse"", ""utility"": {""batch_n"": 16, ""best_reuse"": ""adapter_1"", ""best_reuse_query_after"": 1.0473859906196594, ""best_reuse_utility"": -0.0011330246925354004, ""defer_utility"": 0.0, ""fold_a_fresh_utility"": -0.09603190422058105, ""fold_a_query_n"": 8, ""fold_a_support_n"": 8, ""fold_b_fresh_utility"": 0.016969919204711914, ""fold_b_query_n"": 8, ""fold_b_support_n"": 8, ""fresh_advantage"": -0.03839796781539917, ""fresh_local_trainability"": -0.006128907203674316, ""fresh_positive"": false, ""fresh_query_after"": 1.0857839584350586, ""fresh_query_before"": 1.0796550512313843, ""fresh_utility"": -0.03953099250793457, ""reuse_profiles"": {""adapter_1"": {""feasible_both"": true, ""fold_a_harm"": -0.00041954778134822845, ""fold_a_lcb"": -0.002359579908661544, ""fold_a_query_after"": 0.9731827974319458, ""fold_a_utility"": 0.0017157793045043945, ""fold_b_harm"": 0.0018648738041520119, ""fold_b_lcb"": -0.002846245905384421, ""fold_b_query_after"": 1.121589183807373, ""fold_b_utility"": -0.003981828689575195, ""harm_lcb_max"": -0.002359579908661544, ""harm_mean"": 0.0007226630114018917, ""harm_se_mean"": 0.0016967224073596299, ""harm_ucb_max"": 0.006575993513688445, ""local_trainability"": -0.0011330246925354004, ""query_after"": 1.0473859906196594, ""query_before"": 1.046252965927124, ""system_utility"": -0.0011330246925354004}, ""default"": {""feasible_both"": true, ""fold_a_harm"": -0.0004503680393099785, ""fold_a_lcb"": -0.0031168410228565335, ""fold_a_query_after"": 1.2141292095184326, ""fold_a_utility"": -0.23923063278198242, ""fold_b_harm"": -0.0005785180255770683, ""fold_b_lcb"": -0.0030808891588822006, ""fold_b_query_after"": 1.1380841732025146, ""fold_b_utility"": -0.020476818084716797, ""harm_lcb_max"": -0.0030808891588822006, ""harm_mean"": -0.0005144430324435234, ""harm_se_mean"": 0.0013185826828703284, ""harm_ucb_max"": 0.0022161049442365765, ""local_trainability"": 0.004151582717895508, ""query_after"": 1.1761066913604736, ""query_before"": 1.1802582740783691, ""system_utility"": -0.1298537254333496}}, ""status"": ""ok"", ""statusquo_loss"": 1.046252965927124}, ""utility_status"": ""ok""}"
51,A2,A,2,default,reuse,safe_existing_reuse,1.0989813804626465,2,True,294912,1185798,0,68436489,740355,11845904,816,29.992317251861095,555008512,0.0,26.287956677377224,2.3315203990787268,1.1634460091590881,0.037918806076049805,0.06716841459274292,-0.029249608516693115,False,,"{""best_reuse"": ""default"", ""best_reuse_utility"": 0.06716841459274292, ""decision"": ""reuse"", ""fresh_advantage"": -0.029249608516693115, ""fresh_positive"": false, ""fresh_utility"": 0.037918806076049805, ""full_batch_guards"": {""adapter_1"": {""crossfit_feasible"": true, ""crossfit_utility"": -0.007232785224914551, ""crossfit_utility_positive"": false, ""full_batch_cur_after"": 1.1643667221069336, ""full_batch_cur_before"": 1.163446068763733, ""full_batch_gain"": -0.0009206533432006836, ""full_batch_harm"": -0.00018881727010011673, ""full_batch_harm_lcb"": -0.002095763136167079, ""full_batch_harm_se"": 0.0009729315643198788, ""full_batch_harm_ucb"": 0.0017181285959668457, ""full_batch_safe"": true}, ""default"": {""crossfit_feasible"": true, ""crossfit_utility"": 0.06716841459274292, ""crossfit_utility_positive"": true, ""full_batch_cur_after"": 1.0897799730300903, ""full_batch_cur_before"": 1.0962727069854736, ""full_batch_gain"": 0.006492733955383301, ""full_batch_harm"": -0.00027910061180591583, ""full_batch_harm_lcb"": -0.0038157417299225925, ""full_batch_harm_se"": 0.0018044087337329984, ""full_batch_harm_ucb"": 0.003257540506310761, ""full_batch_safe"": true}}, ""guarded_best_reuse"": ""default"", ""num_adapters"": 2, ""pending_after"": false, ""pending_before"": false, ""policy_version"": ""cau_v1"", ""reason"": ""safe_existing_reuse"", ""utility"": {""batch_n"": 16, ""best_reuse"": ""default"", ""best_reuse_query_after"": 1.0962775945663452, ""best_reuse_utility"": 0.06716841459274292, ""defer_utility"": 0.0, ""fold_a_fresh_utility"": 0.14041459560394287, ""fold_a_query_n"": 8, ""fold_a_support_n"": 8, ""fold_b_fresh_utility"": -0.06457698345184326, ""fold_b_query_n"": 8, ""fold_b_support_n"": 8, ""fresh_advantage"": -0.029249608516693115, ""fresh_local_trainability"": -0.02207714319229126, ""fresh_positive"": false, ""fresh_query_after"": 1.1255272030830383, ""fresh_query_before"": 1.103450059890747, ""fresh_utility"": 0.037918806076049805, ""reuse_profiles"": {""adapter_1"": {""feasible_both"": true, ""fold_a_harm"": 0.000451577827334404, ""fold_a_lcb"": -0.001259116695728153, ""fold_a_query_after"": 1.293488621711731, ""fold_a_utility"": -0.004365086555480957, ""fold_b_harm"": 0.00016611628234386444, ""fold_b_lcb"": -0.0033793421648442745, ""fold_b_query_after"": 1.0478689670562744, ""fold_b_utility"": -0.010100483894348145, ""harm_lcb_max"": -0.001259116695728153, ""harm_mean"": 0.0003088470548391342, ""harm_se_mean"": 0.001340855349553749, ""harm_ucb_max"": 0.0037115747295320034, ""local_trainability"": -0.007232785224914551, ""query_after"": 1.1706787943840027, ""query_before"": 1.1634460091590881, ""system_utility"": -0.007232785224914551}, ""default"": {""feasible_both"": true, ""fold_a_harm"": -0.00035616103559732437, ""fold_a_lcb"": -0.004036082439124584, ""fold_a_query_after"": 1.019883394241333, ""fold_a_utility"": 0.269240140914917, ""fold_b_harm"": -0.0004776306450366974, ""fold_b_lcb"": -0.001893951348029077, ""fold_b_query_after"": 1.1726717948913574, ""fold_b_utility"": -0.13490331172943115, ""harm_lcb_max"": -0.001893951348029077, ""harm_mean"": -0.0004168958403170109, ""harm_se_mean"": 0.001300061761867255, ""harm_ucb_max"": 0.0033237603679299355, ""local_trainability"": -4.947185516357422e-06, ""query_after"": 1.0962775945663452, ""query_before"": 1.0962726473808289, ""system_utility"": 0.06716841459274292}}, ""status"": ""ok"", ""statusquo_loss"": 1.1634460091590881}, ""utility_status"": ""ok""}"
52,A2,A,2,default,reuse,safe_existing_reuse,1.0527920722961426,2,True,294912,1185798,0,68436489,740355,11845904,832,30.60113813728094,555008512,0.0,26.890493912622333,2.3315203990787268,1.0349077880382538,-0.09247800707817078,-0.005456507205963135,-0.08702149987220764,False,,"{""best_reuse"": ""default"", ""best_reuse_utility"": -0.005456507205963135, ""decision"": ""reuse"", ""fresh_advantage"": -0.08702149987220764, ""fresh_positive"": false, ""fresh_utility"": -0.09247800707817078, ""full_batch_guards"": {""adapter_1"": {""crossfit_feasible"": true, ""crossfit_utility"": -0.21573308110237122, ""crossfit_utility_positive"": false, ""full_batch_cur_after"": 1.2461426258087158, ""full_batch_cur_before"": 1.2521063089370728, ""full_batch_gain"": 0.005963683128356934, ""full_batch_harm"": 0.0003987317904829979, ""full_batch_harm_lcb"": -0.003392347558401525, ""full_batch_harm_se"": 0.0019342241575941443, ""full_batch_harm_ucb"": 0.004189811139367521, ""full_batch_safe"": true}, ""default"": {""crossfit_feasible"": true, ""crossfit_utility"": -0.005456507205963135, ""crossfit_utility_positive"": false, ""full_batch_cur_after"": 1.0344127416610718, ""full_batch_cur_before"": 1.0349078178405762, ""full_batch_gain"": 0.0004950761795043945, ""full_batch_harm"": -0.0010783243924379349, ""full_batch_harm_lcb"": -0.0034279761370271445, ""full_batch_harm_se"": 0.0011988019105046988, ""full_batch_harm_ucb"": 0.0012713273521512748, ""full_batch_safe"": true}}, ""guarded_best_reuse"": ""default"", ""num_adapters"": 2, ""pending_after"": false, ""pending_before"": false, ""policy_version"": ""cau_v1"", ""reason"": ""safe_existing_reuse"", ""utility"": {""batch_n"": 16, ""best_reuse"": ""default"", ""best_reuse_query_after"": 1.040364295244217, ""best_reuse_utility"": -0.005456507205963135, ""defer_utility"": 0.0, ""fold_a_fresh_utility"": -0.17278164625167847, ""fold_a_query_n"": 8, ""fold_a_support_n"": 8, ""fold_b_fresh_utility"": -0.012174367904663086, ""fold_b_query_n"": 8, ""fold_b_support_n"": 8, ""fresh_advantage"": -0.08702149987220764, ""fresh_local_trainability"": -0.012561202049255371, ""fresh_positive"": false, ""fresh_query_after"": 1.1273857951164246, ""fresh_query_before"": 1.1148245930671692, ""fresh_utility"": -0.09247800707817078, ""reuse_profiles"": {""adapter_1"": {""feasible_both"": true, ""fold_a_harm"": 0.0015362510457634926, ""fold_a_lcb"": -0.0037690288200974463, ""fold_a_query_after"": 1.3458621501922607, ""fold_a_utility"": -0.3740749955177307, ""fold_b_harm"": -4.5894645154476166e-05, ""fold_b_lcb"": -0.0030542241223156454, ""fold_b_query_after"": 1.1554195880889893, ""fold_b_utility"": -0.05739116668701172, ""harm_lcb_max"": -0.0030542241223156454, ""harm_mean"": 0.0007451782003045082, ""harm_se_mean"": 0.0021208187099546194, ""harm_ucb_max"": 0.0068415309116244315, ""local_trainability"": 0.0014653801918029785, ""query_after"": 1.250640869140625, ""query_before"": 1.252106249332428, ""system_utility"": -0.21573308110237122}, ""default"": {""feasible_both"": true, ""fold_a_harm"": -0.000618581660091877, ""fold_a_lcb"": -0.0025023634126409887, ""fold_a_query_after"": 0.9751175045967102, ""fold_a_utility"": -0.0033303499221801758, ""fold_b_harm"": -0.001508527435362339, ""fold_b_lcb"": -0.005548564046621323, ""fold_b_query_after"": 1.1056110858917236, ""fold_b_utility"": -0.007582664489746094, ""harm_lcb_max"": -0.0025023634126409887, ""harm_mean"": -0.001063554547727108, ""harm_se_mean"": 0.0015111781540326774, ""harm_ucb_max"": 0.002531509175896645, ""local_trainability"": -0.005456507205963135, ""query_after"": 1.040364295244217, ""query_before"": 1.0349077880382538, ""system_utility"": -0.005456507205963135}}, ""status"": ""ok"", ""statusquo_loss"": 1.0349077880382538}, ""utility_status"": ""ok""}"
53,A2,A,2,default,reuse,safe_existing_reuse,1.107926607131958,2,True,294912,1185798,0,68436489,740355,11845904,848,31.20659466460347,555008512,0.0,27.48966859281063,2.3315203990787268,1.111520528793335,-0.0026232004165649414,-0.0009695887565612793,-0.0016536116600036621,False,,"{""best_reuse"": ""default"", ""best_reuse_utility"": -0.0009695887565612793, ""decision"": ""reuse"", ""fresh_advantage"": -0.0016536116600036621, ""fresh_positive"": false, ""fresh_utility"": -0.0026232004165649414, ""full_batch_guards"": {""adapter_1"": {""crossfit_feasible"": true, ""crossfit_utility"": -0.03258407115936279, ""crossfit_utility_positive"": false, ""full_batch_cur_after"": 1.1400840282440186, ""full_batch_cur_before"": 1.145859956741333, ""full_batch_gain"": 0.005775928497314453, ""full_batch_harm"": 0.0009634029120206833, ""full_batch_harm_lcb"": -0.0033008365891873835, ""full_batch_harm_se"": 0.0021756323985755444, ""full_batch_harm_ucb"": 0.00522764241322875, ""full_batch_safe"": true}, ""default"": {""crossfit_feasible"": true, ""crossfit_utility"": -0.0009695887565612793, ""crossfit_utility_positive"": false, ""full_batch_cur_after"": 1.108447551727295, ""full_batch_cur_before"": 1.111520528793335, ""full_batch_gain"": 0.003072977066040039, ""full_batch_harm"": -0.0007692119106650352, ""full_batch_harm_lcb"": -0.0021956873848102986, ""full_batch_harm_se"": 0.0007277936092577875, ""full_batch_harm_ucb"": 0.0006572635634802281, ""full_batch_safe"": true}}, ""guarded_best_reuse"": ""default"", ""num_adapters"": 2, ""pending_after"": false, ""pending_before"": false, ""policy_version"": ""cau_v1"", ""reason"": ""safe_existing_reuse"", ""utility"": {""batch_n"": 16, ""best_reuse"": ""default"", ""best_reuse_query_after"": 1.1124901175498962, ""best_reuse_utility"": -0.0009695887565612793, ""defer_utility"": 0.0, ""fold_a_fresh_utility"": -0.08811259269714355, ""fold_a_query_n"": 8, ""fold_a_support_n"": 8, ""fold_b_fresh_utility"": 0.08286619186401367, ""fold_b_query_n"": 8, ""fold_b_support_n"": 8, ""fresh_advantage"": -0.0016536116600036621, ""fresh_local_trainability"": -0.006757497787475586, ""fresh_positive"": false, ""fresh_query_after"": 1.1141437292099, ""fresh_query_before"": 1.1073862314224243, ""fresh_utility"": -0.0026232004165649414, ""reuse_profiles"": {""adapter_1"": {""feasible_both"": true, ""fold_a_harm"": 0.001920362003147602, ""fold_a_lcb"": -0.0024045047070831056, ""fold_a_query_after"": 1.2391786575317383, ""fold_a_utility"": -0.18827033042907715, ""fold_b_harm"": 0.00070237647742033, ""fold_b_lcb"": -0.003491890262812376, ""fold_b_query_after"": 1.0490305423736572, ""fold_b_utility"": 0.12310218811035156, ""harm_lcb_max"": -0.0024045047070831056, ""harm_mean"": 0.001311369240283966, ""harm_se_mean"": 0.0021732483291998506, ""harm_ucb_max"": 0.00624522871337831, ""local_trainability"": 0.0017552971839904785, ""query_after"": 1.1441045999526978, ""query_before"": 1.1458598971366882, ""system_utility"": -0.03258407115936279}, ""default"": {""feasible_both"": true, ""fold_a_harm"": -0.0010587852448225021, ""fold_a_lcb"": -0.0033538075629621746, ""fold_a_query_after"": 1.0523561239242554, ""fold_a_utility"": -0.0014477968215942383, ""fold_b_harm"": -0.0006872331723570824, ""fold_b_lcb"": -0.001450722588924691, ""fold_b_query_after"": 1.172624111175537, ""fold_b_utility"": -0.0004913806915283203, ""harm_lcb_max"": -0.001450722588924691, ""harm_mean"": -0.0008730092085897923, ""harm_se_mean"": 0.0007802325853845105, ""harm_ucb_max"": 0.0012362370733171703, ""local_trainability"": -0.0009695887565612793, ""query_after"": 1.1124901175498962, ""query_before"": 1.111520528793335, ""system_utility"": -0.0009695887565612793}}, ""status"": ""ok"", ""statusquo_loss"": 1.111520528793335}, ""utility_status"": ""ok""}"
54,A2,A,2,default,reuse,safe_existing_reuse,1.0872571468353271,2,True,294912,1185798,0,68436489,740355,11845904,864,31.81043455377221,555008512,0.0,28.087180664762855,2.3315203990787268,1.078774631023407,-0.05200713872909546,-0.00445130467414856,-0.0475558340549469,False,,"{""best_reuse"": ""default"", ""best_reuse_utility"": -0.00445130467414856, ""decision"": ""reuse"", ""fresh_advantage"": -0.0475558340549469, ""fresh_positive"": false, ""fresh_utility"": -0.05200713872909546, ""full_batch_guards"": {""adapter_1"": {""crossfit_feasible"": true, ""crossfit_utility"": -0.1338905692100525, ""crossfit_utility_positive"": false, ""full_batch_cur_after"": 1.2061572074890137, ""full_batch_cur_before"": 1.2174931764602661, ""full_batch_gain"": 0.011335968971252441, ""full_batch_harm"": 0.0009128870442509651, ""full_batch_harm_lcb"": -0.0038820044789463284, ""full_batch_harm_se"": 0.002446373226121068, ""full_batch_harm_ucb"": 0.005707778567448259, ""full_batch_safe"": true}, ""default"": {""crossfit_feasible"": true, ""crossfit_utility"": -0.00445130467414856, ""crossfit_utility_positive"": false, ""full_batch_cur_after"": 1.075204610824585, ""full_batch_cur_before"": 1.0787746906280518, ""full_batch_gain"": 0.003570079803466797, ""full_batch_harm"": 0.0001777559518814087, ""full_batch_harm_lcb"": -0.001595766176469624, ""full_batch_harm_se"": 0.0009048582287505269, ""full_batch_harm_ucb"": 0.0019512780802324414, ""full_batch_safe"": true}}, ""guarded_best_reuse"": ""default"", ""num_adapters"": 2, ""pending_after"": false, ""pending_before"": false, ""policy_version"": ""cau_v1"", ""reason"": ""safe_existing_reuse"", ""utility"": {""batch_n"": 16, ""best_reuse"": ""default"", ""best_reuse_query_after"": 1.0832259356975555, ""best_reuse_utility"": -0.00445130467414856, ""defer_utility"": 0.0, ""fold_a_fresh_utility"": -0.1898747682571411, ""fold_a_query_n"": 8, ""fold_a_support_n"": 8, ""fold_b_fresh_utility"": 0.0858604907989502, ""fold_b_query_n"": 8, ""fold_b_support_n"": 8, ""fresh_advantage"": -0.0475558340549469, ""fresh_local_trainability"": -0.012761592864990234, ""fresh_positive"": false, ""fresh_query_after"": 1.1307817697525024, ""fresh_query_before"": 1.1180201768875122, ""fresh_utility"": -0.05200713872909546, ""reuse_profiles"": {""adapter_1"": {""feasible_both"": true, ""fold_a_harm"": 0.0025512268766760826, ""fold_a_lcb"": -0.0029786004219204184, ""fold_a_query_after"": 1.3507812023162842, ""fold_a_utility"": -0.38076770305633545, ""fold_b_harm"": 0.00034686923027038574, ""fold_b_lcb"": -0.004034466445446015, ""fold_b_query_after"": 1.0745491981506348, ""fold_b_utility"": 0.11298656463623047, ""harm_lcb_max"": -0.0029786004219204184, ""harm_mean"": 0.0014490480534732342, ""harm_se_mean"": 0.002528357901610434, ""harm_ucb_max"": 0.008081054175272584, ""local_trainability"": 0.004827976226806641, ""query_after"": 1.2126652002334595, ""query_before"": 1.2174931764602661, ""system_utility"": -0.1338905692100525}, ""default"": {""feasible_both"": true, ""fold_a_harm"": -0.0002491036430001259, ""fold_a_lcb"": -0.002997458246536553, ""fold_a_query_after"": 0.9775664210319519, ""fold_a_utility"": -0.007552921772003174, ""fold_b_harm"": -0.00023883488029241562, ""fold_b_lcb"": -0.0013626519916579128, ""fold_b_query_after"": 1.1888854503631592, ""fold_b_utility"": -0.0013496875762939453, ""harm_lcb_max"": -0.0013626519916579128, ""harm_mean"": -0.00024396926164627075, ""harm_se_mean"": 0.0009877989068627357, ""harm_ucb_max"": 0.0024992509605363013, ""local_trainability"": -0.00445130467414856, ""query_after"": 1.0832259356975555, ""query_before"": 1.078774631023407, ""system_utility"": -0.00445130467414856}}, ""status"": ""ok"", ""statusquo_loss"": 1.078774631023407}, ""utility_status"": ""ok""}"
55,C1,C,1,default,reuse,safe_existing_reuse,1.0604437589645386,2,True,294912,1185798,0,68436489,740355,11845904,880,33.69137738831341,555008512,0.0,28.70664960704744,3.586502658203244,1.0577604174613953,-0.044691503047943115,-0.0007901787757873535,-0.04390132427215576,False,,"{""best_reuse"": ""default"", ""best_reuse_utility"": -0.0007901787757873535, ""decision"": ""reuse"", ""fresh_advantage"": -0.04390132427215576, ""fresh_positive"": false, ""fresh_utility"": -0.044691503047943115, ""full_batch_guards"": {""adapter_1"": {""crossfit_feasible"": true, ""crossfit_utility"": -0.1528601050376892, ""crossfit_utility_positive"": false, ""full_batch_cur_after"": 1.2087681293487549, ""full_batch_cur_before"": 1.2101812362670898, ""full_batch_gain"": 0.001413106918334961, ""full_batch_harm"": -0.00013151578605175018, ""full_batch_harm_lcb"": -0.0029743027221411466, ""full_batch_harm_se"": 0.0014504014980047941, ""full_batch_harm_ucb"": 0.0027112711500376463, ""full_batch_safe"": true}, ""default"": {""crossfit_feasible"": true, ""crossfit_utility"": -0.0007901787757873535, ""crossfit_utility_positive"": false, ""full_batch_cur_after"": 1.055507779121399, ""full_batch_cur_before"": 1.05776047706604, ""full_batch_gain"": 0.0022526979446411133, ""full_batch_harm"": -0.0004205489531159401, ""full_batch_harm_lcb"": -0.0007826812763232737, ""full_batch_harm_se"": 0.00018476138939149678, ""full_batch_harm_ucb"": -5.841662990860644e-05, ""full_batch_safe"": true}}, ""guarded_best_reuse"": ""default"", ""num_adapters"": 2, ""pending_after"": false, ""pending_before"": false, ""policy_version"": ""cau_v1"", ""reason"": ""safe_existing_reuse"", ""utility"": {""batch_n"": 16, ""best_reuse"": ""default"", ""best_reuse_query_after"": 1.0585505962371826, ""best_reuse_utility"": -0.0007901787757873535, ""defer_utility"": 0.0, ""fold_a_fresh_utility"": -0.012270927429199219, ""fold_a_query_n"": 8, ""fold_a_support_n"": 8, ""fold_b_fresh_utility"": -0.07711207866668701, ""fold_b_query_n"": 8, ""fold_b_support_n"": 8, ""fresh_advantage"": -0.04390132427215576, ""fresh_local_trainability"": 0.015842676162719727, ""fresh_positive"": false, ""fresh_query_after"": 1.1024519205093384, ""fresh_query_before"": 1.118294596672058, ""fresh_utility"": -0.044691503047943115, ""reuse_profiles"": {""adapter_1"": {""feasible_both"": true, ""fold_a_harm"": -0.00014273636043071747, ""fold_a_lcb"": -0.002772233057767153, ""fold_a_query_after"": 1.188960313796997, ""fold_a_utility"": -0.11019670963287354, ""fold_b_harm"": 0.00027993787080049515, ""fold_b_lcb"": -0.003041267488151789, ""fold_b_query_after"": 1.2322807312011719, ""fold_b_utility"": -0.19552350044250488, ""harm_lcb_max"": -0.002772233057767153, ""harm_mean"": 6.860075518488884e-05, ""harm_se_mean"": 0.001518036238849163, ""harm_ucb_max"": 0.003601143229752779, ""local_trainability"": -0.0004391670227050781, ""query_after"": 1.2106205224990845, ""query_before"": 1.2101813554763794, ""system_utility"": -0.1528601050376892}, ""default"": {""feasible_both"": true, ""fold_a_harm"": -0.0006007030606269836, ""fold_a_lcb"": -0.001104498200584203, ""fold_a_query_after"": 1.078589677810669, ""fold_a_utility"": 0.00017392635345458984, ""fold_b_harm"": -6.62878155708313e-05, ""fold_b_lcb"": -0.0016888019745238125, ""fold_b_query_after"": 1.0385115146636963, ""fold_b_utility"": -0.0017542839050292969, ""harm_lcb_max"": -0.001104498200584203, ""harm_mean"": -0.00033349543809890747, ""harm_se_mean"": 0.0005424258415587246, ""harm_ucb_max"": 0.00155622634338215, ""local_trainability"": -0.0007901787757873535, ""query_after"": 1.0585505962371826, ""query_before"": 1.0577604174613953, ""system_utility"": -0.0007901787757873535}}, ""status"": ""ok"", ""statusquo_loss"": 1.0577604174613953}, ""utility_status"": ""ok""}"
56,C1,C,1,default,reuse,pending_fresh_safe_existing_reuse,1.1154993772506714,2,True,294912,1185798,0,68436489,740355,11845904,896,34.34073905274272,555008512,0.0,29.34940547309816,3.586502658203244,1.122839629650116,0.03208810091018677,0.002601802349090576,0.02948629856109619,True,,"{""best_reuse"": ""default"", ""best_reuse_utility"": 0.002601802349090576, ""decision"": ""reuse"", ""fresh_advantage"": 0.02948629856109619, ""fresh_positive"": true, ""fresh_utility"": 0.03208810091018677, ""full_batch_guards"": {""adapter_1"": {""crossfit_feasible"": true, ""crossfit_utility"": -0.005564630031585693, ""crossfit_utility_positive"": false, ""full_batch_cur_after"": 1.125856637954712, ""full_batch_cur_before"": 1.125521183013916, ""full_batch_gain"": -0.00033545494079589844, ""full_batch_harm"": 2.736784517765045e-05, ""full_batch_harm_lcb"": -0.0019143767282366751, ""full_batch_harm_se"": 0.0009906860068440437, ""full_batch_harm_ucb"": 0.001969112418591976, ""full_batch_safe"": true}, ""default"": {""crossfit_feasible"": true, ""crossfit_utility"": 0.002601802349090576, ""crossfit_utility_positive"": true, ""full_batch_cur_after"": 1.117161512374878, ""full_batch_cur_before"": 1.1228396892547607, ""full_batch_gain"": 0.0056781768798828125, ""full_batch_harm"": -0.0010813018307089806, ""full_batch_harm_lcb"": -0.002825983332004398, ""full_batch_harm_se"": 0.0008901436231099069, ""full_batch_harm_ucb"": 0.000663379670586437, ""full_batch_safe"": true}}, ""guarded_best_reuse"": ""default"", ""num_adapters"": 2, ""pending_after"": true, ""pending_before"": false, ""policy_version"": ""cau_v1"", ""reason"": ""pending_fresh_safe_existing_reuse"", ""utility"": {""batch_n"": 16, ""best_reuse"": ""default"", ""best_reuse_query_after"": 1.1202378273010254, ""best_reuse_utility"": 0.002601802349090576, ""defer_utility"": 0.0, ""fold_a_fresh_utility"": 0.0720982551574707, ""fold_a_query_n"": 8, ""fold_a_support_n"": 8, ""fold_b_fresh_utility"": -0.007922053337097168, ""fold_b_query_n"": 8, ""fold_b_support_n"": 8, ""fresh_advantage"": 0.02948629856109619, ""fresh_local_trainability"": 0.006119728088378906, ""fresh_positive"": true, ""fresh_query_after"": 1.0907515287399292, ""fresh_query_before"": 1.096871256828308, ""fresh_utility"": 0.03208810091018677, ""reuse_profiles"": {""adapter_1"": {""feasible_both"": true, ""fold_a_harm"": -2.9492191970348358e-05, ""fold_a_lcb"": -0.0018404338345862925, ""fold_a_query_after"": 1.0964441299438477, ""fold_a_utility"": 0.06055593490600586, ""fold_b_harm"": 0.0004944233223795891, ""fold_b_lcb"": -0.0020987836644053457, ""fold_b_query_after"": 1.1603643894195557, ""fold_b_utility"": -0.07168519496917725, ""harm_lcb_max"": -0.0018404338345862925, ""harm_mean"": 0.00023246556520462036, ""harm_se_mean"": 0.0011235073034185916, ""harm_ucb_max"": 0.003087630309164524, ""local_trainability"": -0.002883017063140869, ""query_after"": 1.1284042596817017, ""query_before"": 1.1255212426185608, ""system_utility"": -0.005564630031585693}, ""default"": {""feasible_both"": true, ""fold_a_harm"": -0.0010908320546150208, ""fold_a_lcb"": -0.0029498157394118605, ""fold_a_query_after"": 1.155036449432373, ""fold_a_utility"": 0.0019636154174804688, ""fold_b_harm"": -0.0008573448285460472, ""fold_b_lcb"": -0.0023407140141353013, ""fold_b_query_after"": 1.0854392051696777, ""fold_b_utility"": 0.0032399892807006836, ""harm_lcb_max"": -0.0023407140141353013, ""harm_mean"": -0.000974088441580534, ""harm_se_mean"": 0.0008526410383637995, ""harm_ucb_max"": 0.0007681516301818192, ""local_trainability"": 0.002601802349090576, ""query_after"": 1.1202378273010254, ""query_before"": 1.122839629650116, ""system_utility"": 0.002601802349090576}}, ""status"": ""ok"", ""statusquo_loss"": 1.122839629650116}, ""utility_status"": ""ok""}"
57,C1,C,1,default,reuse,safe_existing_reuse,1.0983376502990723,2,True,294912,1185798,0,68436489,740355,11845904,912,34.977622186765075,555008512,0.0,29.978682653978467,3.586502658203244,1.0709280371665955,-0.030286014080047607,0.0007680058479309082,-0.031054019927978516,False,,"{""best_reuse"": ""default"", ""best_reuse_utility"": 0.0007680058479309082, ""decision"": ""reuse"", ""fresh_advantage"": -0.031054019927978516, ""fresh_positive"": false, ""fresh_utility"": -0.030286014080047607, ""full_batch_guards"": {""adapter_1"": {""crossfit_feasible"": true, ""crossfit_utility"": -0.08722567558288574, ""crossfit_utility_positive"": false, ""full_batch_cur_after"": 1.155945897102356, ""full_batch_cur_before"": 1.1591116189956665, ""full_batch_gain"": 0.003165721893310547, ""full_batch_harm"": 8.531659841537476e-05, ""full_batch_harm_lcb"": -0.0033248024759814144, ""full_batch_harm_se"": 0.0017398566706106067, ""full_batch_harm_ucb"": 0.003495435672812164, ""full_batch_safe"": true}, ""default"": {""crossfit_feasible"": true, ""crossfit_utility"": 0.0007680058479309082, ""crossfit_utility_positive"": true, ""full_batch_cur_after"": 1.0681267976760864, ""full_batch_cur_before"": 1.0709279775619507, ""full_batch_gain"": 0.002801179885864258, ""full_batch_harm"": -0.0008750427514314651, ""full_batch_harm_lcb"": -0.0024990789452567696, ""full_batch_harm_se"": 0.0008285898948088288, ""full_batch_harm_ucb"": 0.0007489934423938393, ""full_batch_safe"": true}}, ""guarded_best_reuse"": ""default"", ""num_adapters"": 2, ""pending_after"": false, ""pending_before"": true, ""policy_version"": ""cau_v1"", ""reason"": ""safe_existing_reuse"", ""utility"": {""batch_n"": 16, ""best_reuse"": ""default"", ""best_reuse_query_after"": 1.0701600313186646, ""best_reuse_utility"": 0.0007680058479309082, ""defer_utility"": 0.0, ""fold_a_fresh_utility"": -0.03682553768157959, ""fold_a_query_n"": 8, ""fold_a_support_n"": 8, ""fold_b_fresh_utility"": -0.023746490478515625, ""fold_b_query_n"": 8, ""fold_b_support_n"": 8, ""fresh_advantage"": -0.031054019927978516, ""fresh_local_trainability"": 0.008266925811767578, ""fresh_positive"": false, ""fresh_query_after"": 1.101214051246643, ""fresh_query_before"": 1.1094809770584106, ""fresh_utility"": -0.030286014080047607, ""reuse_profiles"": {""adapter_1"": {""feasible_both"": true, ""fold_a_harm"": 0.00031780824065208435, ""fold_a_lcb"": -0.003024456212297082, ""fold_a_query_after"": 1.139214277267456, ""fold_a_utility"": -0.07336723804473877, ""fold_b_harm"": -1.0934658348560333e-05, ""fold_b_lcb"": -0.0030214749136939644, ""fold_b_query_after"": 1.1770931482315063, ""fold_b_utility"": -0.10108411312103271, ""harm_lcb_max"": -0.0030214749136939644, ""harm_mean"": 0.000153436791151762, ""harm_se_mean"": 0.0016206134459935129, ""harm_ucb_max"": 0.0036600726936012505, ""local_trainability"": 0.0009578466415405273, ""query_after"": 1.1581537127494812, ""query_before"": 1.1591115593910217, ""system_utility"": -0.08722567558288574}, ""default"": {""feasible_both"": true, ""fold_a_harm"": -0.0008070105686783791, ""fold_a_lcb"": -0.002616887893527746, ""fold_a_query_after"": 1.0650887489318848, ""fold_a_utility"": 0.0007582902908325195, ""fold_b_harm"": -0.0010204734280705452, ""fold_b_lcb"": -0.002964318343438208, ""fold_b_query_after"": 1.0752313137054443, ""fold_b_utility"": 0.0007777214050292969, ""harm_lcb_max"": -0.002616887893527746, ""harm_mean"": -0.0009137419983744621, ""harm_se_mean"": 0.0009575822041369975, ""harm_ucb_max"": 0.001002866756170988, ""local_trainability"": 0.0007680058479309082, ""query_after"": 1.0701600313186646, ""query_before"": 1.0709280371665955, ""system_utility"": 0.0007680058479309082}}, ""status"": ""ok"", ""statusquo_loss"": 1.0709280371665955}, ""utility_status"": ""ok""}"
58,C1,C,1,adapter_1,reuse,safe_existing_reuse,1.0795392990112305,2,True,294912,1185798,0,68436489,740355,11845904,928,35.64462492056191,555008512,0.0,30.63872197829187,3.586502658203244,1.1521326303482056,0.045572102069854736,0.060848742723464966,-0.01527664065361023,False,,"{""best_reuse"": ""adapter_1"", ""best_reuse_utility"": 0.060848742723464966, ""decision"": ""reuse"", ""fresh_advantage"": -0.01527664065361023, ""fresh_positive"": false, ""fresh_utility"": 0.045572102069854736, ""full_batch_guards"": {""adapter_1"": {""crossfit_feasible"": true, ""crossfit_utility"": 0.060848742723464966, ""crossfit_utility_positive"": true, ""full_batch_cur_after"": 1.0847163200378418, ""full_batch_cur_before"": 1.0943660736083984, ""full_batch_gain"": 0.00964975357055664, ""full_batch_harm"": 0.0018059257417917252, ""full_batch_harm_lcb"": -0.0035954701527953145, ""full_batch_harm_se"": 0.0027558142319321632, ""full_batch_harm_ucb"": 0.007207321636378765, ""full_batch_safe"": true}, ""default"": {""crossfit_feasible"": true, ""crossfit_utility"": 0.002419710159301758, ""crossfit_utility_positive"": true, ""full_batch_cur_after"": 1.1450765132904053, ""full_batch_cur_before"": 1.152132511138916, ""full_batch_gain"": 0.007055997848510742, ""full_batch_harm"": -0.001018657349050045, ""full_batch_harm_lcb"": -0.0034038629429414867, ""full_batch_harm_se"": 0.00121694162953645, ""full_batch_harm_ucb"": 0.0013665482448413967, ""full_batch_safe"": true}}, ""guarded_best_reuse"": ""adapter_1"", ""num_adapters"": 2, ""pending_after"": false, ""pending_before"": false, ""policy_version"": ""cau_v1"", ""reason"": ""safe_existing_reuse"", ""utility"": {""batch_n"": 16, ""best_reuse"": ""adapter_1"", ""best_reuse_query_after"": 1.0912838876247406, ""best_reuse_utility"": 0.060848742723464966, ""defer_utility"": 0.0, ""fold_a_fresh_utility"": -0.06835055351257324, ""fold_a_query_n"": 8, ""fold_a_support_n"": 8, ""fold_b_fresh_utility"": 0.15949475765228271, ""fold_b_query_n"": 8, ""fold_b_support_n"": 8, ""fresh_advantage"": -0.01527664065361023, ""fresh_local_trainability"": -0.008039474487304688, ""fresh_positive"": false, ""fresh_query_after"": 1.1065605282783508, ""fresh_query_before"": 1.0985210537910461, ""fresh_utility"": 0.045572102069854736, ""reuse_profiles"": {""adapter_1"": {""feasible_both"": true, ""fold_a_harm"": 0.0031493091955780983, ""fold_a_lcb"": -0.002508280500769615, ""fold_a_query_after"": 1.1962372064590454, ""fold_a_utility"": -0.13914215564727783, ""fold_b_harm"": 0.0008002063259482384, ""fold_b_lcb"": -0.0037960072234272954, ""fold_b_query_after"": 0.9863305687904358, ""fold_b_utility"": 0.26083964109420776, ""harm_lcb_max"": -0.002508280500769615, ""harm_mean"": 0.0019747577607631683, ""harm_se_mean"": 0.0026157661341130733, ""harm_ucb_max"": 0.008806898891925811, ""local_trainability"": 0.0030822455883026123, ""query_after"": 1.0912838876247406, ""query_before"": 1.0943661332130432, ""system_utility"": 0.060848742723464966}, ""default"": {""feasible_both"": true, ""fold_a_harm"": -0.0002701980993151665, ""fold_a_lcb"": -0.0031976309837773442, ""fold_a_query_after"": 1.0569391250610352, ""fold_a_utility"": 0.00015592575073242188, ""fold_b_harm"": -0.0015195170417428017, ""fold_b_lcb"": -0.0025792547850869594, ""fold_b_query_after"": 1.2424867153167725, ""fold_b_utility"": 0.004683494567871094, ""harm_lcb_max"": -0.0025792547850869594, ""harm_mean"": -0.0008948575705289841, ""harm_se_mean"": 0.0010171353642363101, ""harm_ucb_max"": 0.0026572347851470113, ""local_trainability"": 0.002419710159301758, ""query_after"": 1.1497129201889038, ""query_before"": 1.1521326303482056, ""system_utility"": 0.002419710159301758}}, ""status"": ""ok"", ""statusquo_loss"": 1.1521326303482056}, ""utility_status"": ""ok""}"
59,C1,C,1,default,reuse,safe_existing_reuse,1.1102330684661865,2,True,294912,1185798,0,68436489,740355,11845904,928,36.339009899646044,555008512,0.0,31.324299765750766,3.586502658203244,1.1438565850257874,-0.0196455717086792,0.04995584487915039,-0.06960141658782959,False,,"{""best_reuse"": ""default"", ""best_reuse_utility"": 0.04995584487915039, ""decision"": ""reuse"", ""fresh_advantage"": -0.06960141658782959, ""fresh_positive"": false, ""fresh_utility"": -0.0196455717086792, ""full_batch_guards"": {""adapter_1"": {""crossfit_feasible"": true, ""crossfit_utility"": -0.010025262832641602, ""crossfit_utility_positive"": false, ""full_batch_cur_after"": 1.1425604820251465, ""full_batch_cur_before"": 1.1438566446304321, ""full_batch_gain"": 0.0012961626052856445, ""full_batch_harm"": 0.0002934793010354042, ""full_batch_harm_lcb"": -0.0038618463464081283, ""full_batch_harm_se"": 0.002120064105838537, ""full_batch_harm_ucb"": 0.004448804948478937, ""full_batch_safe"": true}, ""default"": {""crossfit_feasible"": true, ""crossfit_utility"": 0.04995584487915039, ""crossfit_utility_positive"": true, ""full_batch_cur_after"": 1.0824497938156128, ""full_batch_cur_before"": 1.0904757976531982, ""full_batch_gain"": 0.00802600383758545, ""full_batch_harm"": 0.0016864314675331116, ""full_batch_harm_lcb"": -0.0011415259819477796, ""full_batch_harm_se"": 0.001442835433408618, ""full_batch_harm_ucb"": 0.004514388917014002, ""full_batch_safe"": true}}, ""guarded_best_reuse"": ""default"", ""num_adapters"": 2, ""pending_after"": false, ""pending_before"": false, ""policy_version"": ""cau_v1"", ""reason"": ""safe_existing_reuse"", ""utility"": {""batch_n"": 16, ""best_reuse"": ""default"", ""best_reuse_query_after"": 1.093900740146637, ""best_reuse_utility"": 0.04995584487915039, ""defer_utility"": 0.0, ""fold_a_fresh_utility"": 0.04399561882019043, ""fold_a_query_n"": 8, ""fold_a_support_n"": 8, ""fold_b_fresh_utility"": -0.08328676223754883, ""fold_b_query_n"": 8, ""fold_b_support_n"": 8, ""fresh_advantage"": -0.06960141658782959, ""fresh_local_trainability"": -0.06469851732254028, ""fresh_positive"": false, ""fresh_query_after"": 1.1635021567344666, ""fresh_query_before"": 1.0988036394119263, ""fresh_utility"": -0.0196455717086792, ""reuse_profiles"": {""adapter_1"": {""feasible_both"": true, ""fold_a_harm"": 0.0007621394470334053, ""fold_a_lcb"": -0.0017544355196878313, ""fold_a_query_after"": 1.2096322774887085, ""fold_a_utility"": 0.0032891035079956055, ""fold_b_harm"": 0.0018071215599775314, ""fold_b_lcb"": -0.004601277522742748, ""fold_b_query_after"": 1.0981314182281494, ""fold_b_utility"": -0.02333962917327881, ""harm_lcb_max"": -0.0017544355196878313, ""harm_mean"": 0.0012846305035054684, ""harm_se_mean"": 0.002276779094245285, ""harm_ucb_max"": 0.008215520642697812, ""local_trainability"": -0.010025262832641602, ""query_after"": 1.153881847858429, ""query_before"": 1.1438565850257874, ""system_utility"": -0.010025262832641602}, ""default"": {""feasible_both"": true, ""fold_a_harm"": 0.0031245090067386627, ""fold_a_lcb"": -0.0006921073514968156, ""fold_a_query_after"": 1.0475269556045532, ""fold_a_utility"": 0.16539442539215088, ""fold_b_harm"": -0.0017651459202170372, ""fold_b_lcb"": -0.0029652969422750176, ""fold_b_query_after"": 1.1402745246887207, ""fold_b_utility"": -0.0654827356338501, ""harm_lcb_max"": -0.0006921073514968156, ""harm_mean"": 0.0006796815432608128, ""harm_se_mean"": 0.0012797875970136374, ""harm_ucb_max"": 0.0069411253649741406, ""local_trainability"": -0.00342482328414917, ""query_after"": 1.093900740146637, ""query_before"": 1.0904759168624878, ""system_utility"": 0.04995584487915039}}, ""status"": ""ok"", ""statusquo_loss"": 1.1438565850257874}, ""utility_status"": ""ok""}"
60,C1,C,1,adapter_1,reuse,safe_existing_reuse,1.0987820625305176,2,True,294912,1185798,0,68436489,740355,11845904,944,36.99053728021681,555008512,0.0,31.96704244054854,3.586502658203244,1.152133285999298,0.031112849712371826,0.06354302167892456,-0.032430171966552734,False,,"{""best_reuse"": ""adapter_1"", ""best_reuse_utility"": 0.06354302167892456, ""decision"": ""reuse"", ""fresh_advantage"": -0.032430171966552734, ""fresh_positive"": false, ""fresh_utility"": 0.031112849712371826, ""full_batch_guards"": {""adapter_1"": {""crossfit_feasible"": true, ""crossfit_utility"": 0.06354302167892456, ""crossfit_utility_positive"": true, ""full_batch_cur_after"": 1.079847812652588, ""full_batch_cur_before"": 1.0849614143371582, ""full_batch_gain"": 0.0051136016845703125, ""full_batch_harm"": 0.002247363328933716, ""full_batch_harm_lcb"": -0.003541502188891172, ""full_batch_harm_se"": 0.0029535028152167797, ""full_batch_harm_ucb"": 0.008036228846758604, ""full_batch_safe"": true}, ""default"": {""crossfit_feasible"": true, ""crossfit_utility"": 0.003484666347503662, ""crossfit_utility_positive"": true, ""full_batch_cur_after"": 1.1417568922042847, ""full_batch_cur_before"": 1.1521332263946533, ""full_batch_gain"": 0.010376334190368652, ""full_batch_harm"": -0.0017698528245091438, ""full_batch_harm_lcb"": -0.00605793833732605, ""full_batch_harm_se"": 0.0021877987310290337, ""full_batch_harm_ucb"": 0.002518232688307762, ""full_batch_safe"": true}}, ""guarded_best_reuse"": ""adapter_1"", ""num_adapters"": 2, ""pending_after"": false, ""pending_before"": false, ""policy_version"": ""cau_v1"", ""reason"": ""safe_existing_reuse"", ""utility"": {""batch_n"": 16, ""best_reuse"": ""adapter_1"", ""best_reuse_query_after"": 1.0885902643203735, ""best_reuse_utility"": 0.06354302167892456, ""defer_utility"": 0.0, ""fold_a_fresh_utility"": 0.133070707321167, ""fold_a_query_n"": 8, ""fold_a_support_n"": 8, ""fold_b_fresh_utility"": -0.07084500789642334, ""fold_b_query_n"": 8, ""fold_b_support_n"": 8, ""fresh_advantage"": -0.032430171966552734, ""fresh_local_trainability"": -0.03592085838317871, ""fresh_positive"": false, ""fresh_query_after"": 1.1210204362869263, ""fresh_query_before"": 1.0850995779037476, ""fresh_utility"": 0.031112849712371826, ""reuse_profiles"": {""adapter_1"": {""feasible_both"": true, ""fold_a_harm"": 0.001279190182685852, ""fold_a_lcb"": -0.0047349223494529726, ""fold_a_query_after"": 1.0045502185821533, ""fold_a_utility"": 0.22293615341186523, ""fold_b_harm"": 0.0032470161095261574, ""fold_b_lcb"": -0.0021434447728097437, ""fold_b_query_after"": 1.1726303100585938, ""fold_b_utility"": -0.09585011005401611, ""harm_lcb_max"": -0.0021434447728097437, ""harm_mean"": 0.0022631031461060047, ""harm_se_mean"": 0.002909329952672124, ""harm_ucb_max"": 0.00863747699186206, ""local_trainability"": -0.003628969192504883, ""query_after"": 1.0885902643203735, ""query_before"": 1.0849612951278687, ""system_utility"": 0.06354302167892456}, ""default"": {""feasible_both"": true, ""fold_a_harm"": -0.0016655335202813148, ""fold_a_lcb"": -0.00383978218305856, ""fold_a_query_after"": 1.2160463333129883, ""fold_a_utility"": 0.011440038681030273, ""fold_b_harm"": -0.0013200100511312485, ""fold_b_lcb"": -0.006118172677233815, ""fold_b_query_after"": 1.0812509059906006, ""fold_b_utility"": -0.004470705986022949, ""harm_lcb_max"": -0.00383978218305856, ""harm_mean"": -0.0014927717857062817, ""harm_se_mean"": 0.0017786763492040336, ""harm_ucb_max"": 0.003478152574971318, ""local_trainability"": 0.003484666347503662, ""query_after"": 1.1486486196517944, ""query_before"": 1.152133285999298, ""system_utility"": 0.003484666347503662}}, ""status"": ""ok"", ""statusquo_loss"": 1.152133285999298}, ""utility_status"": ""ok""}"
61,C1,C,1,default,reuse,safe_existing_reuse,1.1139178276062012,2,True,294912,1185798,0,68436489,740355,11845904,944,37.642140064388514,555008512,0.0,32.611493876203895,3.586502658203244,1.124669373035431,-0.015103280544281006,0.01246720552444458,-0.027570486068725586,False,,"{""best_reuse"": ""default"", ""best_reuse_utility"": 0.01246720552444458, ""decision"": ""reuse"", ""fresh_advantage"": -0.027570486068725586, ""fresh_positive"": false, ""fresh_utility"": -0.015103280544281006, ""full_batch_guards"": {""adapter_1"": {""crossfit_feasible"": true, ""crossfit_utility"": -0.006393551826477051, ""crossfit_utility_positive"": false, ""full_batch_cur_after"": 1.1226617097854614, ""full_batch_cur_before"": 1.1246694326400757, ""full_batch_gain"": 0.002007722854614258, ""full_batch_harm"": -0.0002822820097208023, ""full_batch_harm_lcb"": -0.005080262096598744, ""full_batch_harm_se"": 0.0024479490239173174, ""full_batch_harm_ucb"": 0.0045156980771571395, ""full_batch_safe"": true}, ""default"": {""crossfit_feasible"": true, ""crossfit_utility"": 0.01246720552444458, ""crossfit_utility_positive"": true, ""full_batch_cur_after"": 1.1049154996871948, ""full_batch_cur_before"": 1.1097841262817383, ""full_batch_gain"": 0.004868626594543457, ""full_batch_harm"": -0.0005197422578930855, ""full_batch_harm_lcb"": -0.004313948047347367, ""full_batch_harm_se"": 0.001935819280333817, ""full_batch_harm_ucb"": 0.0032744635315611957, ""full_batch_safe"": true}}, ""guarded_best_reuse"": ""default"", ""num_adapters"": 2, ""pending_after"": false, ""pending_before"": false, ""policy_version"": ""cau_v1"", ""reason"": ""safe_existing_reuse"", ""utility"": {""batch_n"": 16, ""best_reuse"": ""default"", ""best_reuse_query_after"": 1.1122021675109863, ""best_reuse_utility"": 0.01246720552444458, ""defer_utility"": 0.0, ""fold_a_fresh_utility"": 0.07026779651641846, ""fold_a_query_n"": 8, ""fold_a_support_n"": 8, ""fold_b_fresh_utility"": -0.10047435760498047, ""fold_b_query_n"": 8, ""fold_b_support_n"": 8, ""fresh_advantage"": -0.027570486068725586, ""fresh_local_trainability"": -0.03974252939224243, ""fresh_positive"": false, ""fresh_query_after"": 1.139772653579712, ""fresh_query_before"": 1.1000301241874695, ""fresh_utility"": -0.015103280544281006, ""reuse_profiles"": {""adapter_1"": {""feasible_both"": true, ""fold_a_harm"": 0.0011235903948545456, ""fold_a_lcb"": -0.0030772126186639067, ""fold_a_query_after"": 1.234131097793579, ""fold_a_utility"": -0.004833102226257324, ""fold_b_harm"": -0.00032568443566560745, ""fold_b_lcb"": -0.005905607799068093, ""fold_b_query_after"": 1.0279947519302368, ""fold_b_utility"": -0.007954001426696777, ""harm_lcb_max"": -0.0030772126186639067, ""harm_mean"": 0.00039895297959446907, ""harm_se_mean"": 0.0024950832594186068, ""harm_ucb_max"": 0.005324393408372998, ""local_trainability"": -0.006393551826477051, ""query_after"": 1.131062924861908, ""query_before"": 1.124669373035431, ""system_utility"": -0.006393551826477051}, ""default"": {""feasible_both"": true, ""fold_a_harm"": -0.0006793951615691185, ""fold_a_lcb"": -0.00537952646613121, ""fold_a_query_after"": 1.045958399772644, ""fold_a_utility"": 0.18333959579467773, ""fold_b_harm"": -0.00024288613349199295, ""fold_b_lcb"": -0.0019423630507662893, ""fold_b_query_after"": 1.1784459352493286, ""fold_b_utility"": -0.15840518474578857, ""harm_lcb_max"": -0.0019423630507662893, ""harm_mean"": -0.0004611406475305557, ""harm_se_mean"": 0.0016325531178154051, ""harm_ucb_max"": 0.004020736142992973, ""local_trainability"": -0.002418041229248047, ""query_after"": 1.1122021675109863, ""query_before"": 1.1097841262817383, ""system_utility"": 0.01246720552444458}}, ""status"": ""ok"", ""statusquo_loss"": 1.124669373035431}, ""utility_status"": ""ok""}"
62,C1,C,1,default,reuse,safe_existing_reuse,1.0207524299621582,2,True,294912,1185798,0,68436489,740355,11845904,944,38.296945767477155,555008512,0.0,33.25847255811095,3.586502658203244,1.0099583268165588,0.009313046932220459,0.018824219703674316,-0.009511172771453857,False,,"{""best_reuse"": ""default"", ""best_reuse_utility"": 0.018824219703674316, ""decision"": ""reuse"", ""fresh_advantage"": -0.009511172771453857, ""fresh_positive"": false, ""fresh_utility"": 0.009313046932220459, ""full_batch_guards"": {""adapter_1"": {""crossfit_feasible"": true, ""crossfit_utility"": -0.24547141790390015, ""crossfit_utility_positive"": false, ""full_batch_cur_after"": 1.254220724105835, ""full_batch_cur_before"": 1.2438627481460571, ""full_batch_gain"": -0.010357975959777832, ""full_batch_harm"": -0.00040073972195386887, ""full_batch_harm_lcb"": -0.0035138905234634874, ""full_batch_harm_se"": 0.0015883422456681728, ""full_batch_harm_ucb"": 0.0027124110795557497, ""full_batch_safe"": true}, ""default"": {""crossfit_feasible"": true, ""crossfit_utility"": 0.018824219703674316, ""crossfit_utility_positive"": true, ""full_batch_cur_after"": 0.9899352788925171, ""full_batch_cur_before"": 1.009958267211914, ""full_batch_gain"": 0.020022988319396973, ""full_batch_harm"": 0.0034384233877062798, ""full_batch_harm_lcb"": -0.001590171735733747, ""full_batch_harm_se"": 0.0025656097568571568, ""full_batch_harm_ucb"": 0.008467018511146306, ""full_batch_safe"": true}}, ""guarded_best_reuse"": ""default"", ""num_adapters"": 2, ""pending_after"": false, ""pending_before"": false, ""policy_version"": ""cau_v1"", ""reason"": ""safe_existing_reuse"", ""utility"": {""batch_n"": 16, ""best_reuse"": ""default"", ""best_reuse_query_after"": 0.9911341071128845, ""best_reuse_utility"": 0.018824219703674316, ""defer_utility"": 0.0, ""fold_a_fresh_utility"": -0.04415392875671387, ""fold_a_query_n"": 8, ""fold_a_support_n"": 8, ""fold_b_fresh_utility"": 0.06278002262115479, ""fold_b_query_n"": 8, ""fold_b_support_n"": 8, ""fresh_advantage"": -0.009511172771453857, ""fresh_local_trainability"": 0.12140804529190063, ""fresh_positive"": false, ""fresh_query_after"": 1.0006452798843384, ""fresh_query_before"": 1.122053325176239, ""fresh_utility"": 0.009313046932220459, ""reuse_profiles"": {""adapter_1"": {""feasible_both"": true, ""fold_a_harm"": -0.00024004094302654266, ""fold_a_lcb"": -0.0030968128936365246, ""fold_a_query_after"": 1.287838339805603, ""fold_a_utility"": -0.3219759464263916, ""fold_b_harm"": -0.00047846417874097824, ""fold_b_lcb"": -0.0039520033122971655, ""fold_b_query_after"": 1.223021149635315, ""fold_b_utility"": -0.1689668893814087, ""harm_lcb_max"": -0.0030968128936365246, ""harm_mean"": -0.00035925256088376045, ""harm_se_mean"": 0.0016148752765730023, ""harm_ucb_max"": 0.002995074954815209, ""local_trainability"": -0.011567115783691406, ""query_after"": 1.255429744720459, ""query_before"": 1.2438626289367676, ""system_utility"": -0.24547141790390015}, ""default"": {""feasible_both"": true, ""fold_a_harm"": 0.003745565190911293, ""fold_a_lcb"": -0.0015300538763403891, ""fold_a_query_after"": 0.9489103555679321, ""fold_a_utility"": 0.016952037811279297, ""fold_b_harm"": 0.002991175279021263, ""fold_b_lcb"": -0.0016735561937093737, ""fold_b_query_after"": 1.033357858657837, ""fold_b_utility"": 0.020696401596069336, ""harm_lcb_max"": -0.0015300538763403891, ""harm_mean"": 0.003368370234966278, ""harm_se_mean"": 0.002535803709179163, ""harm_ucb_max"": 0.009021184258162975, ""local_trainability"": 0.018824219703674316, ""query_after"": 0.9911341071128845, ""query_before"": 1.0099583268165588, ""system_utility"": 0.018824219703674316}}, ""status"": ""ok"", ""statusquo_loss"": 1.0099583268165588}, ""utility_status"": ""ok""}"
63,C1,C,1,adapter_1,reuse,safe_existing_reuse,1.077488899230957,2,True,294912,1185798,0,68436489,740355,11845904,960,38.94816897623241,555008512,0.0,33.90196904912591,3.586502658203244,1.131368339061737,-0.001965165138244629,0.04207348823547363,-0.04403865337371826,False,,"{""best_reuse"": ""adapter_1"", ""best_reuse_utility"": 0.04207348823547363, ""decision"": ""reuse"", ""fresh_advantage"": -0.04403865337371826, ""fresh_positive"": false, ""fresh_utility"": -0.001965165138244629, ""full_batch_guards"": {""adapter_1"": {""crossfit_feasible"": true, ""crossfit_utility"": 0.04207348823547363, ""crossfit_utility_positive"": true, ""full_batch_cur_after"": 1.0807299613952637, ""full_batch_cur_before"": 1.0854628086090088, ""full_batch_gain"": 0.004732847213745117, ""full_batch_harm"": -0.0001306626945734024, ""full_batch_harm_lcb"": -0.005272489637136459, ""full_batch_harm_se"": 0.002623381093144417, ""full_batch_harm_ucb"": 0.005011164247989654, ""full_batch_safe"": true}, ""default"": {""crossfit_feasible"": true, ""crossfit_utility"": -0.0029249191284179688, ""crossfit_utility_positive"": false, ""full_batch_cur_after"": 1.1271103620529175, ""full_batch_cur_before"": 1.1313682794570923, ""full_batch_gain"": 0.004257917404174805, ""full_batch_harm"": 0.004265724681317806, ""full_batch_harm_lcb"": -0.0008467818982899186, ""full_batch_harm_se"": 0.0026084217242896557, ""full_batch_harm_ucb"": 0.009378231260925532, ""full_batch_safe"": true}}, ""guarded_best_reuse"": ""adapter_1"", ""num_adapters"": 2, ""pending_after"": false, ""pending_before"": false, ""policy_version"": ""cau_v1"", ""reason"": ""safe_existing_reuse"", ""utility"": {""batch_n"": 16, ""best_reuse"": ""adapter_1"", ""best_reuse_query_after"": 1.0892948508262634, ""best_reuse_utility"": 0.04207348823547363, ""defer_utility"": 0.0, ""fold_a_fresh_utility"": 0.06917166709899902, ""fold_a_query_n"": 8, ""fold_a_support_n"": 8, ""fold_b_fresh_utility"": -0.07310199737548828, ""fold_b_query_n"": 8, ""fold_b_support_n"": 8, ""fresh_advantage"": -0.04403865337371826, ""fresh_local_trainability"": -0.03741455078125, ""fresh_positive"": false, ""fresh_query_after"": 1.1333335041999817, ""fresh_query_before"": 1.0959189534187317, ""fresh_utility"": -0.001965165138244629, ""reuse_profiles"": {""adapter_1"": {""feasible_both"": true, ""fold_a_harm"": 5.046837031841278e-06, ""fold_a_lcb"": -0.006333514107391238, ""fold_a_query_after"": 1.0354124307632446, ""fold_a_utility"": 0.14474833011627197, ""fold_b_harm"": 0.0009994329884648323, ""fold_b_lcb"": -0.0027441574120894074, ""fold_b_query_after"": 1.1431772708892822, ""fold_b_utility"": -0.06060135364532471, ""harm_lcb_max"": -0.0027441574120894074, ""harm_mean"": 0.0005022399127483368, ""harm_se_mean"": 0.0025719773839227855, ""harm_ucb_max"": 0.006343607781454921, ""local_trainability"": -0.0038321614265441895, ""query_after"": 1.0892948508262634, ""query_before"": 1.0854626893997192, ""system_utility"": 0.04207348823547363}, ""default"": {""feasible_both"": true, ""fold_a_harm"": 0.0014997152611613274, ""fold_a_lcb"": -0.0014122880389913915, ""fold_a_query_after"": 1.1742388010025024, ""fold_a_utility"": 0.00592195987701416, ""fold_b_harm"": 0.005548733286559582, ""fold_b_lcb"": -0.0009686677251011131, ""fold_b_query_after"": 1.0943477153778076, ""fold_b_utility"": -0.011771798133850098, ""harm_lcb_max"": -0.0009686677251011131, ""harm_mean"": 0.0035242242738604546, ""harm_se_mean"": 0.002405460283625871, ""harm_ucb_max"": 0.012066134298220278, ""local_trainability"": -0.0029249191284179688, ""query_after"": 1.134293258190155, ""query_before"": 1.131368339061737, ""system_utility"": -0.0029249191284179688}}, ""status"": ""ok"", ""statusquo_loss"": 1.131368339061737}, ""utility_status"": ""ok""}"
64,C1,C,1,adapter_1,reuse,safe_existing_reuse,1.087719202041626,2,True,294912,1185798,0,68436489,740355,11845904,976,39.58929868414998,555008512,0.0,34.53551641665399,3.586502658203244,1.0857387781143188,-0.0256350040435791,0.0017790794372558594,-0.02741408348083496,False,,"{""best_reuse"": ""adapter_1"", ""best_reuse_utility"": 0.0017790794372558594, ""decision"": ""reuse"", ""fresh_advantage"": -0.02741408348083496, ""fresh_positive"": false, ""fresh_utility"": -0.0256350040435791, ""full_batch_guards"": {""adapter_1"": {""crossfit_feasible"": true, ""crossfit_utility"": 0.0017790794372558594, ""crossfit_utility_positive"": true, ""full_batch_cur_after"": 1.0786257982254028, ""full_batch_cur_before"": 1.0857387781143188, ""full_batch_gain"": 0.007112979888916016, ""full_batch_harm"": 0.00021752342581748962, ""full_batch_harm_lcb"": -0.005604866789653897, ""full_batch_harm_se"": 0.002970607252791524, ""full_batch_harm_ucb"": 0.006039913641288876, ""full_batch_safe"": true}, ""default"": {""crossfit_feasible"": true, ""crossfit_utility"": -0.04472625255584717, ""crossfit_utility_positive"": false, ""full_batch_cur_after"": 1.1249396800994873, ""full_batch_cur_before"": 1.1281521320343018, ""full_batch_gain"": 0.003212451934814453, ""full_batch_harm"": 0.0038031572476029396, ""full_batch_harm_lcb"": -0.0006252306513488291, ""full_batch_harm_se"": 0.0022593815810978413, ""full_batch_harm_ucb"": 0.00823154514655471, ""full_batch_safe"": true}}, ""guarded_best_reuse"": ""adapter_1"", ""num_adapters"": 2, ""pending_after"": false, ""pending_before"": false, ""policy_version"": ""cau_v1"", ""reason"": ""safe_existing_reuse"", ""utility"": {""batch_n"": 16, ""best_reuse"": ""adapter_1"", ""best_reuse_query_after"": 1.083959698677063, ""best_reuse_utility"": 0.0017790794372558594, ""defer_utility"": 0.0, ""fold_a_fresh_utility"": 0.026669979095458984, ""fold_a_query_n"": 8, ""fold_a_support_n"": 8, ""fold_b_fresh_utility"": -0.07793998718261719, ""fold_b_query_n"": 8, ""fold_b_support_n"": 8, ""fresh_advantage"": -0.02741408348083496, ""fresh_local_trainability"": -0.018546342849731445, ""fresh_positive"": false, ""fresh_query_after"": 1.111373782157898, ""fresh_query_before"": 1.0928274393081665, ""fresh_utility"": -0.0256350040435791, ""reuse_profiles"": {""adapter_1"": {""feasible_both"": true, ""fold_a_harm"": 0.0014599142596125603, ""fold_a_lcb"": -0.004779630107805133, ""fold_a_query_after"": 1.14985990524292, ""fold_a_utility"": 4.076957702636719e-05, ""fold_b_harm"": -0.0007006721571087837, ""fold_b_lcb"": -0.006127849435433745, ""fold_b_query_after"": 1.018059492111206, ""fold_b_utility"": 0.0035173892974853516, ""harm_lcb_max"": -0.004779630107805133, ""harm_mean"": 0.0003796210512518883, ""harm_se_mean"": 0.002976204501464963, ""harm_ucb_max"": 0.007699458627030253, ""local_trainability"": 0.0017790794372558594, ""query_after"": 1.083959698677063, ""query_before"": 1.0857387781143188, ""system_utility"": 0.0017790794372558594}, ""default"": {""feasible_both"": true, ""fold_a_harm"": 0.0038906121626496315, ""fold_a_lcb"": -0.0005342709831893441, ""fold_a_query_after"": 1.0688762664794922, ""fold_a_utility"": 0.0810244083404541, ""fold_b_harm"": 0.0026517920196056366, ""fold_b_lcb"": -0.0017940521053969863, ""fold_b_query_after"": 1.1920537948608398, ""fold_b_utility"": -0.17047691345214844, ""harm_lcb_max"": -0.0005342709831893441, ""harm_mean"": 0.003271202091127634, ""harm_se_mean"": 0.0022629406303167343, ""harm_ucb_max"": 0.008315495308488607, ""local_trainability"": -0.002312958240509033, ""query_after"": 1.130465030670166, ""query_before"": 1.128152072429657, ""system_utility"": -0.04472625255584717}}, ""status"": ""ok"", ""statusquo_loss"": 1.0857387781143188}, ""utility_status"": ""ok""}"
65,C1,C,1,default,reuse,safe_existing_reuse,1.070644497871399,2,True,294912,1185798,0,68436489,740355,11845904,976,40.265101024881005,555008512,0.0,35.20399499125779,3.586502658203244,1.1555558443069458,0.03372359275817871,0.0717882513999939,-0.038064658641815186,False,,"{""best_reuse"": ""default"", ""best_reuse_utility"": 0.0717882513999939, ""decision"": ""reuse"", ""fresh_advantage"": -0.038064658641815186, ""fresh_positive"": false, ""fresh_utility"": 0.03372359275817871, ""full_batch_guards"": {""adapter_1"": {""crossfit_feasible"": true, ""crossfit_utility"": 0.005623161792755127, ""crossfit_utility_positive"": true, ""full_batch_cur_after"": 1.145796298980713, ""full_batch_cur_before"": 1.1555559635162354, ""full_batch_gain"": 0.009759664535522461, ""full_batch_harm"": 0.0005727782845497131, ""full_batch_harm_lcb"": -0.005552868908271193, ""full_batch_harm_se"": 0.00312533020041883, ""full_batch_harm_ucb"": 0.00669842547737062, ""full_batch_safe"": true}, ""default"": {""crossfit_feasible"": true, ""crossfit_utility"": 0.0717882513999939, ""crossfit_utility_positive"": true, ""full_batch_cur_after"": 1.079253911972046, ""full_batch_cur_before"": 1.0804722309112549, ""full_batch_gain"": 0.0012183189392089844, ""full_batch_harm"": 0.0023516640067100525, ""full_batch_harm_lcb"": -0.0021021698601543905, ""full_batch_harm_se"": 0.002272364217787981, ""full_batch_harm_ucb"": 0.0068054978735744955, ""full_batch_safe"": true}}, ""guarded_best_reuse"": ""default"", ""num_adapters"": 2, ""pending_after"": false, ""pending_before"": false, ""policy_version"": ""cau_v1"", ""reason"": ""safe_existing_reuse"", ""utility"": {""batch_n"": 16, ""best_reuse"": ""default"", ""best_reuse_query_after"": 1.083767592906952, ""best_reuse_utility"": 0.0717882513999939, ""defer_utility"": 0.0, ""fold_a_fresh_utility"": -0.03822135925292969, ""fold_a_query_n"": 8, ""fold_a_support_n"": 8, ""fold_b_fresh_utility"": 0.10566854476928711, ""fold_b_query_n"": 8, ""fold_b_support_n"": 8, ""fresh_advantage"": -0.038064658641815186, ""fresh_local_trainability"": -0.005036592483520508, ""fresh_positive"": false, ""fresh_query_after"": 1.121832251548767, ""fresh_query_before"": 1.1167956590652466, ""fresh_utility"": 0.03372359275817871, ""reuse_profiles"": {""adapter_1"": {""feasible_both"": true, ""fold_a_harm"": 0.0008795512840151787, ""fold_a_lcb"": -0.0055911507178097964, ""fold_a_query_after"": 1.0726804733276367, ""fold_a_utility"": 0.00115203857421875, ""fold_b_harm"": 0.0004436885938048363, ""fold_b_lcb"": -0.004083767905831337, ""fold_b_query_after"": 1.2271848917007446, ""fold_b_utility"": 0.010094285011291504, ""harm_lcb_max"": -0.004083767905831337, ""harm_mean"": 0.0006616199389100075, ""harm_se_mean"": 0.0028056526789441705, ""harm_ucb_max"": 0.007350253285840154, ""local_trainability"": 0.005623161792755127, ""query_after"": 1.1499326825141907, ""query_before"": 1.1555558443069458, ""system_utility"": 0.005623161792755127}, ""default"": {""feasible_both"": true, ""fold_a_harm"": 0.0012331996113061905, ""fold_a_lcb"": -0.00258054768666625, ""fold_a_query_after"": 1.1397044658660889, ""fold_a_utility"": -0.0658719539642334, ""fold_b_harm"": 0.004495780915021896, ""fold_b_lcb"": -0.0013225906994193794, ""fold_b_query_after"": 1.027830719947815, ""fold_b_utility"": 0.2094484567642212, ""harm_lcb_max"": -0.0013225906994193794, ""harm_mean"": 0.0028644902631640434, ""harm_se_mean"": 0.0024571731919422746, ""harm_ucb_max"": 0.010314152529463171, ""local_trainability"": -0.0032953619956970215, ""query_after"": 1.083767592906952, ""query_before"": 1.0804722309112549, ""system_utility"": 0.0717882513999939}}, ""status"": ""ok"", ""statusquo_loss"": 1.1555558443069458}, ""utility_status"": ""ok""}"
66,C1,C,1,adapter_1,reuse,safe_existing_reuse,1.1093740463256836,2,True,294912,1185798,0,68436489,740355,11845904,992,40.93451677262783,555008512,0.0,35.86581601947546,3.586502658203244,1.1361417770385742,0.02418661117553711,0.04577171802520752,-0.02158510684967041,False,,"{""best_reuse"": ""adapter_1"", ""best_reuse_utility"": 0.04577171802520752, ""decision"": ""reuse"", ""fresh_advantage"": -0.02158510684967041, ""fresh_positive"": false, ""fresh_utility"": 0.02418661117553711, ""full_batch_guards"": {""adapter_1"": {""crossfit_feasible"": true, ""crossfit_utility"": 0.04577171802520752, ""crossfit_utility_positive"": true, ""full_batch_cur_after"": 1.0850369930267334, ""full_batch_cur_before"": 1.0903751850128174, ""full_batch_gain"": 0.005338191986083984, ""full_batch_harm"": 0.0015228856354951859, ""full_batch_harm_lcb"": -0.004276793962344527, ""full_batch_harm_se"": 0.0029590202029794455, ""full_batch_harm_ucb"": 0.007322565233334899, ""full_batch_safe"": true}, ""default"": {""crossfit_feasible"": true, ""crossfit_utility"": -0.0009875297546386719, ""crossfit_utility_positive"": false, ""full_batch_cur_after"": 1.1320321559906006, ""full_batch_cur_before"": 1.1361417770385742, ""full_batch_gain"": 0.004109621047973633, ""full_batch_harm"": 0.0005468539893627167, ""full_batch_harm_lcb"": -0.0027461123233661054, ""full_batch_harm_se"": 0.0016800848534330726, ""full_batch_harm_ucb"": 0.0038398203020915387, ""full_batch_safe"": true}}, ""guarded_best_reuse"": ""adapter_1"", ""num_adapters"": 2, ""pending_after"": false, ""pending_before"": false, ""policy_version"": ""cau_v1"", ""reason"": ""safe_existing_reuse"", ""utility"": {""batch_n"": 16, ""best_reuse"": ""adapter_1"", ""best_reuse_query_after"": 1.0903700590133667, ""best_reuse_utility"": 0.04577171802520752, ""defer_utility"": 0.0, ""fold_a_fresh_utility"": 0.01512157917022705, ""fold_a_query_n"": 8, ""fold_a_support_n"": 8, ""fold_b_fresh_utility"": 0.03325164318084717, ""fold_b_query_n"": 8, ""fold_b_support_n"": 8, ""fresh_advantage"": -0.02158510684967041, ""fresh_local_trainability"": -0.01060718297958374, ""fresh_positive"": false, ""fresh_query_after"": 1.111955165863037, ""fresh_query_before"": 1.1013479828834534, ""fresh_utility"": 0.02418661117553711, ""reuse_profiles"": {""adapter_1"": {""feasible_both"": true, ""fold_a_harm"": 0.0024788957089185715, ""fold_a_lcb"": -0.00436233171261847, ""fold_a_query_after"": 1.0887446403503418, ""fold_a_utility"": 0.02998065948486328, ""fold_b_harm"": 0.0004967972636222839, ""fold_b_lcb"": -0.003643080545589328, ""fold_b_query_after"": 1.0919954776763916, ""fold_b_utility"": 0.06156277656555176, ""harm_lcb_max"": -0.003643080545589328, ""harm_mean"": 0.0014878464862704277, ""harm_se_mean"": 0.0028013023547828197, ""harm_ucb_max"": 0.009320123130455613, ""local_trainability"": 5.125999450683594e-06, ""query_after"": 1.0903700590133667, ""query_before"": 1.0903751850128174, ""system_utility"": 0.04577171802520752}, ""default"": {""feasible_both"": true, ""fold_a_harm"": 5.9118494391441345e-05, ""fold_a_lcb"": -0.002397070899605751, ""fold_a_query_after"": 1.1150777339935303, ""fold_a_utility"": 0.0036475658416748047, ""fold_b_harm"": 0.0005389684811234474, ""fold_b_lcb"": -0.004170801807194948, ""fold_b_query_after"": 1.1591808795928955, ""fold_b_utility"": -0.0056226253509521484, ""harm_lcb_max"": -0.002397070899605751, ""harm_mean"": 0.0002990434877574444, ""harm_se_mean"": 0.0018280509393662214, ""harm_ucb_max"": 0.005248738769441843, ""local_trainability"": -0.0009875297546386719, ""query_after"": 1.137129306793213, ""query_before"": 1.1361417770385742, ""system_utility"": -0.0009875297546386719}}, ""status"": ""ok"", ""statusquo_loss"": 1.1361417770385742}, ""utility_status"": ""ok""}"
67,C1,C,1,adapter_1,reuse,pending_fresh_safe_existing_reuse,1.1174579858779907,2,True,294912,1185798,0,68436489,740355,11845904,1008,41.59539141505957,555008512,0.0,36.519428823143244,3.586502658203244,1.1136931777000427,0.014443278312683105,0.00033479928970336914,0.014108479022979736,True,,"{""best_reuse"": ""adapter_1"", ""best_reuse_utility"": 0.00033479928970336914, ""decision"": ""reuse"", ""fresh_advantage"": 0.014108479022979736, ""fresh_positive"": true, ""fresh_utility"": 0.014443278312683105, ""full_batch_guards"": {""adapter_1"": {""crossfit_feasible"": true, ""crossfit_utility"": 0.00033479928970336914, ""crossfit_utility_positive"": true, ""full_batch_cur_after"": 1.109492540359497, ""full_batch_cur_before"": 1.113693118095398, ""full_batch_gain"": 0.004200577735900879, ""full_batch_harm"": 0.001151587814092636, ""full_batch_harm_lcb"": -0.004456180538982153, ""full_batch_harm_se"": 0.002861106302589178, ""full_batch_harm_ucb"": 0.006759356167167425, ""full_batch_safe"": true}, ""default"": {""crossfit_feasible"": true, ""crossfit_utility"": -0.003790438175201416, ""crossfit_utility_positive"": false, ""full_batch_cur_after"": 1.114287257194519, ""full_batch_cur_before"": 1.118910551071167, ""full_batch_gain"": 0.004623293876647949, ""full_batch_harm"": 0.0006911680102348328, ""full_batch_harm_lcb"": -0.0029463057219982144, ""full_batch_harm_se"": 0.001855853945016861, ""full_batch_harm_ucb"": 0.00432864174246788, ""full_batch_safe"": true}}, ""guarded_best_reuse"": ""adapter_1"", ""num_adapters"": 2, ""pending_after"": true, ""pending_before"": false, ""policy_version"": ""cau_v1"", ""reason"": ""pending_fresh_safe_existing_reuse"", ""utility"": {""batch_n"": 16, ""best_reuse"": ""adapter_1"", ""best_reuse_query_after"": 1.1133583784103394, ""best_reuse_utility"": 0.00033479928970336914, ""defer_utility"": 0.0, ""fold_a_fresh_utility"": 0.028478503227233887, ""fold_a_query_n"": 8, ""fold_a_support_n"": 8, ""fold_b_fresh_utility"": 0.0004080533981323242, ""fold_b_query_n"": 8, ""fold_b_support_n"": 8, ""fresh_advantage"": 0.014108479022979736, ""fresh_local_trainability"": -0.00439375638961792, ""fresh_positive"": true, ""fresh_query_after"": 1.0992498993873596, ""fresh_query_before"": 1.0948561429977417, ""fresh_utility"": 0.014443278312683105, ""reuse_profiles"": {""adapter_1"": {""feasible_both"": true, ""fold_a_harm"": 0.0022242404520511627, ""fold_a_lcb"": -0.004097186904400587, ""fold_a_query_after"": 1.1339869499206543, ""fold_a_utility"": -0.004094481468200684, ""fold_b_harm"": 0.0006053196266293526, ""fold_b_lcb"": -0.003688012519851327, ""fold_b_query_after"": 1.0927298069000244, ""fold_b_utility"": 0.004764080047607422, ""harm_lcb_max"": -0.003688012519851327, ""harm_mean"": 0.0014147800393402576, ""harm_se_mean"": 0.0027078468119725585, ""harm_ucb_max"": 0.008545667808502912, ""local_trainability"": 0.00033479928970336914, ""query_after"": 1.1133583784103394, ""query_before"": 1.1136931777000427, ""system_utility"": 0.00033479928970336914}, ""default"": {""feasible_both"": true, ""fold_a_harm"": 0.0002783108502626419, ""fold_a_lcb"": -0.00261205630376935, ""fold_a_query_after"": 1.1080617904663086, ""fold_a_utility"": 0.02183067798614502, ""fold_b_harm"": 0.0010678023099899292, ""fold_b_lcb"": -0.003817798430100083, ""fold_b_query_after"": 1.1269054412841797, ""fold_b_utility"": -0.02941155433654785, ""harm_lcb_max"": -0.00261205630376935, ""harm_mean"": 0.0006730565801262856, ""harm_se_mean"": 0.0019836652791127563, ""harm_ucb_max"": 0.005953403050079941, ""local_trainability"": 0.0014268755912780762, ""query_after"": 1.1174836158752441, ""query_before"": 1.1189104914665222, ""system_utility"": -0.003790438175201416}}, ""status"": ""ok"", ""statusquo_loss"": 1.1136931777000427}, ""utility_status"": ""ok""}"
68,C1,C,1,adapter_1,reuse,safe_existing_reuse,1.0611169338226318,2,True,294912,1185798,0,68436489,740355,11845904,1024,42.25381135195494,555008512,0.0,37.17024035565555,3.586502658203244,1.0445823073387146,-0.04176175594329834,0.0010238885879516602,-0.04278564453125,False,,"{""best_reuse"": ""adapter_1"", ""best_reuse_utility"": 0.0010238885879516602, ""decision"": ""reuse"", ""fresh_advantage"": -0.04278564453125, ""fresh_positive"": false, ""fresh_utility"": -0.04176175594329834, ""full_batch_guards"": {""adapter_1"": {""crossfit_feasible"": true, ""crossfit_utility"": 0.0010238885879516602, ""crossfit_utility_positive"": true, ""full_batch_cur_after"": 1.0394704341888428, ""full_batch_cur_before"": 1.0445823669433594, ""full_batch_gain"": 0.0051119327545166016, ""full_batch_harm"": 0.0014519616961479187, ""full_batch_harm_lcb"": -0.0045747948717325924, ""full_batch_harm_se"": 0.0030748757999390364, ""full_batch_harm_ucb"": 0.00747871826402843, ""full_batch_safe"": true}, ""default"": {""crossfit_feasible"": true, ""crossfit_utility"": -0.1018175482749939, ""crossfit_utility_positive"": false, ""full_batch_cur_after"": 1.1434978246688843, ""full_batch_cur_before"": 1.1480627059936523, ""full_batch_gain"": 0.004564881324768066, ""full_batch_harm"": 0.0004267478361725807, ""full_batch_harm_lcb"": -0.0028433271450921892, ""full_batch_harm_se"": 0.0016684056026861072, ""full_batch_harm_ucb"": 0.0036968228174373507, ""full_batch_safe"": true}}, ""guarded_best_reuse"": ""adapter_1"", ""num_adapters"": 2, ""pending_after"": false, ""pending_before"": true, ""policy_version"": ""cau_v1"", ""reason"": ""safe_existing_reuse"", ""utility"": {""batch_n"": 16, ""best_reuse"": ""adapter_1"", ""best_reuse_query_after"": 1.043558418750763, ""best_reuse_utility"": 0.0010238885879516602, ""defer_utility"": 0.0, ""fold_a_fresh_utility"": -0.05564522743225098, ""fold_a_query_n"": 8, ""fold_a_support_n"": 8, ""fold_b_fresh_utility"": -0.027878284454345703, ""fold_b_query_n"": 8, ""fold_b_support_n"": 8, ""fresh_advantage"": -0.04278564453125, ""fresh_local_trainability"": 0.0074274539947509766, ""fresh_positive"": false, ""fresh_query_after"": 1.086344063282013, ""fresh_query_before"": 1.093771517276764, ""fresh_utility"": -0.04176175594329834, ""reuse_profiles"": {""adapter_1"": {""feasible_both"": true, ""fold_a_harm"": 0.0006508557125926018, ""fold_a_lcb"": -0.00536563484929502, ""fold_a_query_after"": 1.03299880027771, ""fold_a_utility"": 0.00019037723541259766, ""fold_b_harm"": 0.0019765784963965416, ""fold_b_lcb"": -0.004011485232040286, ""fold_b_query_after"": 1.054118037223816, ""fold_b_utility"": 0.0018573999404907227, ""harm_lcb_max"": -0.004011485232040286, ""harm_mean"": 0.0013137171044945717, ""harm_se_mean"": 0.0030623862985521555, ""harm_ucb_max"": 0.007964642224833368, ""local_trainability"": 0.0010238885879516602, ""query_after"": 1.043558418750763, ""query_before"": 1.0445823073387146, ""system_utility"": 0.0010238885879516602}, ""default"": {""feasible_both"": true, ""fold_a_harm"": 0.00011349096894264221, ""fold_a_lcb"": -0.003229740941897035, ""fold_a_query_after"": 1.1862201690673828, ""fold_a_utility"": -0.15303099155426025, ""fold_b_harm"": 0.0005582468584179878, ""fold_b_lcb"": -0.002581838062033057, ""fold_b_query_after"": 1.1065795421600342, ""fold_b_utility"": -0.05060410499572754, ""harm_lcb_max"": -0.002581838062033057, ""harm_mean"": 0.000335868913680315, ""harm_se_mean"": 0.0016539073549211025, ""harm_ucb_max"": 0.0036983317788690327, ""local_trainability"": 0.0016627907752990723, ""query_after"": 1.1463998556137085, ""query_before"": 1.1480626463890076, ""system_utility"": -0.1018175482749939}}, ""status"": ""ok"", ""statusquo_loss"": 1.0445823073387146}, ""utility_status"": ""ok""}"
69,C1,C,1,adapter_1,reuse,safe_existing_reuse,1.064737319946289,2,True,294912,1185798,0,68436489,740355,11845904,1024,42.919341737404466,555008512,0.0,37.82692997530103,3.586502658203244,1.0497501492500305,-0.0370061993598938,-0.005611598491668701,-0.0313946008682251,False,,"{""best_reuse"": ""adapter_1"", ""best_reuse_utility"": -0.005611598491668701, ""decision"": ""reuse"", ""fresh_advantage"": -0.0313946008682251, ""fresh_positive"": false, ""fresh_utility"": -0.0370061993598938, ""full_batch_guards"": {""adapter_1"": {""crossfit_feasible"": true, ""crossfit_utility"": -0.005611598491668701, ""crossfit_utility_positive"": false, ""full_batch_cur_after"": 1.0479151010513306, ""full_batch_cur_before"": 1.0497502088546753, ""full_batch_gain"": 0.0018351078033447266, ""full_batch_harm"": 0.001560409553349018, ""full_batch_harm_lcb"": -0.0029415475856512784, ""full_batch_harm_se"": 0.0022969169076532125, ""full_batch_harm_ucb"": 0.006062366692349315, ""full_batch_safe"": true}, ""default"": {""crossfit_feasible"": true, ""crossfit_utility"": -0.1169552206993103, ""crossfit_utility_positive"": false, ""full_batch_cur_after"": 1.1621359586715698, ""full_batch_cur_before"": 1.1687707901000977, ""full_batch_gain"": 0.006634831428527832, ""full_batch_harm"": 0.0009614443406462669, ""full_batch_harm_lcb"": -0.002828120617195964, ""full_batch_harm_se"": 0.001933451509103179, ""full_batch_harm_ucb"": 0.004751009298488498, ""full_batch_safe"": true}}, ""guarded_best_reuse"": ""adapter_1"", ""num_adapters"": 2, ""pending_after"": false, ""pending_before"": false, ""policy_version"": ""cau_v1"", ""reason"": ""safe_existing_reuse"", ""utility"": {""batch_n"": 16, ""best_reuse"": ""adapter_1"", ""best_reuse_query_after"": 1.0553617477416992, ""best_reuse_utility"": -0.005611598491668701, ""defer_utility"": 0.0, ""fold_a_fresh_utility"": -0.06845617294311523, ""fold_a_query_n"": 8, ""fold_a_support_n"": 8, ""fold_b_fresh_utility"": -0.005556225776672363, ""fold_b_query_n"": 8, ""fold_b_support_n"": 8, ""fresh_advantage"": -0.0313946008682251, ""fresh_local_trainability"": -0.0044577717781066895, ""fresh_positive"": false, ""fresh_query_after"": 1.0867563486099243, ""fresh_query_before"": 1.0822985768318176, ""fresh_utility"": -0.0370061993598938, ""reuse_profiles"": {""adapter_1"": {""feasible_both"": true, ""fold_a_harm"": 0.001855890266597271, ""fold_a_lcb"": -0.002908066334202886, ""fold_a_query_after"": 1.0283019542694092, ""fold_a_utility"": 0.0005168914794921875, ""fold_b_harm"": 0.00121986772865057, ""fold_b_lcb"": -0.004536485727876425, ""fold_b_query_after"": 1.0824215412139893, ""fold_b_utility"": -0.01174008846282959, ""harm_lcb_max"": -0.002908066334202886, ""harm_mean"": 0.0015378789976239204, ""harm_se_mean"": 0.0026837525656446815, ""harm_ucb_max"": 0.006976221185177565, ""local_trainability"": -0.005611598491668701, ""query_after"": 1.0553617477416992, ""query_before"": 1.0497501492500305, ""system_utility"": -0.005611598491668701}, ""default"": {""feasible_both"": true, ""fold_a_harm"": 0.001117887906730175, ""fold_a_lcb"": -0.0029019443504512306, ""fold_a_query_after"": 1.10943603515625, ""fold_a_utility"": -0.08061718940734863, ""fold_b_harm"": 3.8226135075092316e-05, ""fold_b_lcb"": -0.0029607605282217266, ""fold_b_query_after"": 1.2239747047424316, ""fold_b_utility"": -0.15329325199127197, ""harm_lcb_max"": -0.0029019443504512306, ""harm_mean"": 0.0005780570209026337, ""harm_se_mean"": 0.001790515030734241, ""harm_ucb_max"": 0.005137720163911581, ""local_trainability"": 0.002065420150756836, ""query_after"": 1.1667053699493408, ""query_before"": 1.1687707901000977, ""system_utility"": -0.1169552206993103}}, ""status"": ""ok"", ""statusquo_loss"": 1.0497501492500305}, ""utility_status"": ""ok""}"
70,C1,C,1,default,reuse,safe_existing_reuse,1.0624873638153076,2,True,294912,1185798,0,68436489,740355,11845904,1024,43.58305600658059,555008512,0.0,38.48317810893059,3.586502658203244,1.154296338558197,0.03270846605300903,0.10982728004455566,-0.07711881399154663,False,,"{""best_reuse"": ""default"", ""best_reuse_utility"": 0.10982728004455566, ""decision"": ""reuse"", ""fresh_advantage"": -0.07711881399154663, ""fresh_positive"": false, ""fresh_utility"": 0.03270846605300903, ""full_batch_guards"": {""adapter_1"": {""crossfit_feasible"": true, ""crossfit_utility"": 0.000988304615020752, ""crossfit_utility_positive"": true, ""full_batch_cur_after"": 1.1470959186553955, ""full_batch_cur_before"": 1.1542963981628418, ""full_batch_gain"": 0.007200479507446289, ""full_batch_harm"": 0.0034135598689317703, ""full_batch_harm_lcb"": -0.0013402630668133495, ""full_batch_harm_se"": 0.0024254198651760817, ""full_batch_harm_ucb"": 0.00816738280467689, ""full_batch_safe"": true}, ""default"": {""crossfit_feasible"": true, ""crossfit_utility"": 0.10982728004455566, ""crossfit_utility_positive"": true, ""full_batch_cur_after"": 1.0366146564483643, ""full_batch_cur_before"": 1.0391117334365845, ""full_batch_gain"": 0.002497076988220215, ""full_batch_harm"": -0.0014078831300139427, ""full_batch_harm_lcb"": -0.004050651113502682, ""full_batch_harm_se"": 0.0013483510119840503, ""full_batch_harm_ucb"": 0.001234884853474796, ""full_batch_safe"": true}}, ""guarded_best_reuse"": ""default"", ""num_adapters"": 2, ""pending_after"": false, ""pending_before"": false, ""policy_version"": ""cau_v1"", ""reason"": ""safe_existing_reuse"", ""utility"": {""batch_n"": 16, ""best_reuse"": ""default"", ""best_reuse_query_after"": 1.0444690585136414, ""best_reuse_utility"": 0.10982728004455566, ""defer_utility"": 0.0, ""fold_a_fresh_utility"": 0.11038458347320557, ""fold_a_query_n"": 8, ""fold_a_support_n"": 8, ""fold_b_fresh_utility"": -0.0449676513671875, ""fold_b_query_n"": 8, ""fold_b_support_n"": 8, ""fresh_advantage"": -0.07711881399154663, ""fresh_local_trainability"": -0.012894511222839355, ""fresh_positive"": false, ""fresh_query_after"": 1.121587872505188, ""fresh_query_before"": 1.1086933612823486, ""fresh_utility"": 0.03270846605300903, ""reuse_profiles"": {""adapter_1"": {""feasible_both"": true, ""fold_a_harm"": 0.00508476234972477, ""fold_a_lcb"": -0.0007367261219769711, ""fold_a_query_after"": 1.219132900238037, ""fold_a_utility"": -0.007037997245788574, ""fold_b_harm"": 0.001945515163242817, ""fold_b_lcb"": -0.001154081872664392, ""fold_b_query_after"": 1.0874831676483154, ""fold_b_utility"": 0.009014606475830078, ""harm_lcb_max"": -0.0007367261219769711, ""harm_mean"": 0.0035151387564837933, ""harm_se_mean"": 0.0022757871192879975, ""harm_ucb_max"": 0.01090625082142651, ""local_trainability"": 0.000988304615020752, ""query_after"": 1.1533080339431763, ""query_before"": 1.154296338558197, ""system_utility"": 0.000988304615020752}, ""default"": {""feasible_both"": true, ""fold_a_harm"": -0.0015234295278787613, ""fold_a_lcb"": -0.0030144967348314823, ""fold_a_query_after"": 1.0567398071289062, ""fold_a_utility"": 0.15535509586334229, ""fold_b_harm"": 0.0002220943570137024, ""fold_b_lcb"": -0.005452716089785099, ""fold_b_query_after"": 1.0321983098983765, ""fold_b_utility"": 0.06429946422576904, ""harm_lcb_max"": -0.0030144967348314823, ""harm_mean"": -0.0006506675854325294, ""harm_se_mean"": 0.001828030013712123, ""harm_ucb_max"": 0.005896904803812504, ""local_trainability"": -0.005357325077056885, ""query_after"": 1.0444690585136414, ""query_before"": 1.0391117334365845, ""system_utility"": 0.10982728004455566}}, ""status"": ""ok"", ""statusquo_loss"": 1.154296338558197}, ""utility_status"": ""ok""}"
71,C1,C,1,default,reuse,pending_fresh_safe_existing_reuse,1.1101073026657104,2,True,294912,1185798,0,68436489,740355,11845904,1024,44.24424987100065,555008512,0.0,39.13638799637556,3.586502658203244,1.1161417961120605,0.0029915571212768555,-0.0017431378364562988,0.004734694957733154,True,,"{""best_reuse"": ""default"", ""best_reuse_utility"": -0.0017431378364562988, ""decision"": ""reuse"", ""fresh_advantage"": 0.004734694957733154, ""fresh_positive"": true, ""fresh_utility"": 0.0029915571212768555, ""full_batch_guards"": {""adapter_1"": {""crossfit_feasible"": true, ""crossfit_utility"": -0.02218383550643921, ""crossfit_utility_positive"": false, ""full_batch_cur_after"": 1.133605718612671, ""full_batch_cur_before"": 1.1391425132751465, ""full_batch_gain"": 0.005536794662475586, ""full_batch_harm"": 0.0036344481632113457, ""full_batch_harm_lcb"": -0.0005345186404883857, ""full_batch_harm_se"": 0.0021270238794386387, ""full_batch_harm_ucb"": 0.007803414966911077, ""full_batch_safe"": true}, ""default"": {""crossfit_feasible"": true, ""crossfit_utility"": -0.0017431378364562988, ""crossfit_utility_positive"": false, ""full_batch_cur_after"": 1.1137199401855469, ""full_batch_cur_before"": 1.1161417961120605, ""full_batch_gain"": 0.002421855926513672, ""full_batch_harm"": 0.0006512319669127464, ""full_batch_harm_lcb"": -0.0009918977157212794, ""full_batch_harm_se"": 0.0008383314707316458, ""full_batch_harm_ucb"": 0.0022943616495467722, ""full_batch_safe"": true}}, ""guarded_best_reuse"": ""default"", ""num_adapters"": 2, ""pending_after"": true, ""pending_before"": false, ""policy_version"": ""cau_v1"", ""reason"": ""pending_fresh_safe_existing_reuse"", ""utility"": {""batch_n"": 16, ""best_reuse"": ""default"", ""best_reuse_query_after"": 1.1178849339485168, ""best_reuse_utility"": -0.0017431378364562988, ""defer_utility"": 0.0, ""fold_a_fresh_utility"": 0.0468592643737793, ""fold_a_query_n"": 8, ""fold_a_support_n"": 8, ""fold_b_fresh_utility"": -0.040876150131225586, ""fold_b_query_n"": 8, ""fold_b_support_n"": 8, ""fresh_advantage"": 0.004734694957733154, ""fresh_local_trainability"": -0.004226624965667725, ""fresh_positive"": true, ""fresh_query_after"": 1.1131502389907837, ""fresh_query_before"": 1.108923614025116, ""fresh_utility"": 0.0029915571212768555, ""reuse_profiles"": {""adapter_1"": {""feasible_both"": true, ""fold_a_harm"": 0.0047243088483810425, ""fold_a_lcb"": -0.00021585423499345755, ""fold_a_query_after"": 1.1569079160690308, ""fold_a_utility"": 0.002532362937927246, ""fold_b_harm"": 0.002353498712182045, ""fold_b_lcb"": -0.00040838067885488275, ""fold_b_query_after"": 1.1197433471679688, ""fold_b_utility"": -0.046900033950805664, ""harm_lcb_max"": -0.00021585423499345755, ""harm_mean"": 0.0035389037802815437, ""harm_se_mean"": 0.0019648067536763847, ""harm_ucb_max"": 0.009664471931755542, ""local_trainability"": 0.0008170008659362793, ""query_after"": 1.1383256316184998, ""query_before"": 1.139142632484436, ""system_utility"": -0.02218383550643921}, ""default"": {""feasible_both"": true, ""fold_a_harm"": -0.0008762478828430176, ""fold_a_lcb"": -0.001959148256573826, ""fold_a_query_after"": 1.1601531505584717, ""fold_a_utility"": -0.0007128715515136719, ""fold_b_harm"": 0.00215267576277256, ""fold_b_lcb"": -0.0011103954166173935, ""fold_b_query_after"": 1.075616717338562, ""fold_b_utility"": -0.0027734041213989258, ""harm_lcb_max"": -0.0011103954166173935, ""harm_mean"": 0.0006382139399647713, ""harm_se_mean"": 0.0011086662125308067, ""harm_ucb_max"": 0.005415746942162514, ""local_trainability"": -0.0017431378364562988, ""query_after"": 1.1178849339485168, ""query_before"": 1.1161417961120605, ""system_utility"": -0.0017431378364562988}}, ""status"": ""ok"", ""statusquo_loss"": 1.1161417961120605}, ""utility_status"": ""ok""}"
72,C1,C,1,adapter_2,spawn,confirmed_fresh,1.1113581657409668,3,True,442368,1778697,0,69176844,740355,17768856,1040,44.81655796058476,555008512,0.0,39.69884763658047,3.586502658203244,1.159530222415924,0.08705073595046997,0.003185749053955078,0.08386498689651489,True,,"{""best_reuse"": ""default"", ""best_reuse_utility"": 0.003185749053955078, ""decision"": ""spawn"", ""fresh_advantage"": 0.08386498689651489, ""fresh_positive"": true, ""fresh_utility"": 0.08705073595046997, ""full_batch_guards"": {}, ""guarded_best_reuse"": null, ""num_adapters"": 3, ""pending_after"": false, ""pending_before"": true, ""policy_version"": ""cau_v1"", ""reason"": ""confirmed_fresh"", ""utility"": {""batch_n"": 16, ""best_reuse"": ""default"", ""best_reuse_query_after"": 1.156344473361969, ""best_reuse_utility"": 0.003185749053955078, ""defer_utility"": 0.0, ""fold_a_fresh_utility"": 0.14927196502685547, ""fold_a_query_n"": 8, ""fold_a_support_n"": 8, ""fold_b_fresh_utility"": 0.024829506874084473, ""fold_b_query_n"": 8, ""fold_b_support_n"": 8, ""fresh_advantage"": 0.08386498689651489, ""fresh_local_trainability"": 0.013689160346984863, ""fresh_positive"": true, ""fresh_query_after"": 1.072479486465454, ""fresh_query_before"": 1.086168646812439, ""fresh_utility"": 0.08705073595046997, ""reuse_profiles"": {""adapter_1"": {""feasible_both"": false, ""fold_a_harm"": 0.006044982932507992, ""fold_a_lcb"": 0.0003357378300279379, ""fold_a_query_after"": 0.9447683095932007, ""fold_a_utility"": 0.26324450969696045, ""fold_b_harm"": 0.004632633179426193, ""fold_b_lcb"": -6.108141504228108e-05, ""fold_b_query_after"": 1.1005282402038574, ""fold_b_utility"": 0.01051938533782959, ""harm_lcb_max"": 0.0003357378300279379, ""harm_mean"": 0.0053388080559670925, ""harm_se_mean"": 0.0026538162492215633, ""harm_ucb_max"": 0.011754228034988046, ""local_trainability"": 0.002728074789047241, ""query_after"": 1.022648274898529, ""query_before"": 1.0253763496875763, ""system_utility"": 0.13688194751739502}, ""default"": {""feasible_both"": true, ""fold_a_harm"": -4.7252513468265533e-05, ""fold_a_lcb"": -0.0019158492842689155, ""fold_a_query_after"": 1.203455924987793, ""fold_a_utility"": 0.004556894302368164, ""fold_b_harm"": 0.0009249942377209663, ""fold_b_lcb"": -0.001427758620120585, ""fold_b_query_after"": 1.109233021736145, ""fold_b_utility"": 0.0018146038055419922, ""harm_lcb_max"": -0.001427758620120585, ""harm_mean"": 0.0004388708621263504, ""harm_se_mean"": 0.0010768749052658677, ""harm_ucb_max"": 0.0032777470955625177, ""local_trainability"": 0.003185749053955078, ""query_after"": 1.156344473361969, ""query_before"": 1.159530222415924, ""system_utility"": 0.003185749053955078}}, ""status"": ""ok"", ""statusquo_loss"": 1.159530222415924}, ""utility_status"": ""ok""}"
73,B2,B,2,adapter_2,warmup,existing_warmup,1.059718370437622,3,True,442368,1778697,0,69176844,740355,17768856,1056,46.59736182540655,555008512,0.0,39.720064748078585,5.338020987808704,,,,,,,"{""best_reuse"": null, ""best_reuse_utility"": null, ""decision"": ""warmup"", ""fresh_positive"": null, ""fresh_utility"": null, ""full_batch_guards"": {}, ""guarded_best_reuse"": null, ""num_adapters"": 3, ""pending_after"": false, ""pending_before"": false, ""policy_version"": ""cau_v1"", ""reason"": ""existing_warmup"", ""utility_status"": ""warmup""}"
74,B2,B,2,adapter_2,warmup,existing_warmup,1.128514289855957,3,True,442368,1778697,0,69176844,740355,17768856,1072,46.625605480745435,555008512,0.0,39.740717770531774,5.338020987808704,,,,,,,"{""best_reuse"": null, ""best_reuse_utility"": null, ""decision"": ""warmup"", ""fresh_positive"": null, ""fresh_utility"": null, ""full_batch_guards"": {}, ""guarded_best_reuse"": null, ""num_adapters"": 3, ""pending_after"": false, ""pending_before"": false, ""policy_version"": ""cau_v1"", ""reason"": ""existing_warmup"", ""utility_status"": ""warmup""}"
75,B2,B,2,adapter_2,warmup,existing_warmup,1.178585410118103,3,True,442368,1778697,0,69176844,740355,17768856,1088,46.659098176285625,555008512,0.0,39.763917312026024,5.338020987808704,,,,,,,"{""best_reuse"": null, ""best_reuse_utility"": null, ""decision"": ""warmup"", ""fresh_positive"": null, ""fresh_utility"": null, ""full_batch_guards"": {}, ""guarded_best_reuse"": null, ""num_adapters"": 3, ""pending_after"": false, ""pending_before"": false, ""policy_version"": ""cau_v1"", ""reason"": ""existing_warmup"", ""utility_status"": ""warmup""}"
76,B2,B,2,default,reuse,safe_existing_reuse,1.0573837757110596,3,True,442368,1778697,0,69176844,740355,17768856,1088,47.60099484398961,563894272,0.0,40.69771336950362,5.338020987808704,1.120629370212555,0.006137430667877197,0.0685495138168335,-0.0624120831489563,False,,"{""best_reuse"": ""default"", ""best_reuse_utility"": 0.0685495138168335, ""decision"": ""reuse"", ""fresh_advantage"": -0.0624120831489563, ""fresh_positive"": false, ""fresh_utility"": 0.006137430667877197, ""full_batch_guards"": {""adapter_1"": {""crossfit_feasible"": true, ""crossfit_utility"": 0.019000113010406494, ""crossfit_utility_positive"": true, ""full_batch_cur_after"": 1.09745454788208, ""full_batch_cur_before"": 1.103795051574707, ""full_batch_gain"": 0.006340503692626953, ""full_batch_harm"": 0.0036255279555916786, ""full_batch_harm_lcb"": -0.0011573223676532504, ""full_batch_harm_se"": 0.002440229756757617, ""full_batch_harm_ucb"": 0.008408378278836608, ""full_batch_safe"": true}, ""adapter_2"": {""crossfit_feasible"": true, ""crossfit_utility"": 0.0047054290771484375, ""crossfit_utility_positive"": true, ""full_batch_cur_after"": 1.1060400009155273, ""full_batch_cur_before"": 1.1206293106079102, ""full_batch_gain"": 0.014589309692382812, ""full_batch_harm"": -0.004774709232151508, ""full_batch_harm_lcb"": -0.012803958058357238, ""full_batch_harm_se"": 0.004096555523574352, ""full_batch_harm_ucb"": 0.0032545395940542215, ""full_batch_safe"": true}, ""default"": {""crossfit_feasible"": true, ""crossfit_utility"": 0.0685495138168335, ""crossfit_utility_positive"": true, ""full_batch_cur_after"": 1.0470571517944336, ""full_batch_cur_before"": 1.0506007671356201, ""full_batch_gain"": 0.0035436153411865234, ""full_batch_harm"": -0.0005849506705999374, ""full_batch_harm_lcb"": -0.0016629901388660073, ""full_batch_harm_se"": 0.0005500201368704438, ""full_batch_harm_ucb"": 0.0004930887976661324, ""full_batch_safe"": true}}, ""guarded_best_reuse"": ""default"", ""num_adapters"": 3, ""pending_after"": false, ""pending_before"": false, ""policy_version"": ""cau_v1"", ""reason"": ""safe_existing_reuse"", ""utility"": {""batch_n"": 16, ""best_reuse"": ""default"", ""best_reuse_query_after"": 1.0520798563957214, ""best_reuse_utility"": 0.0685495138168335, ""defer_utility"": 0.0, ""fold_a_fresh_utility"": 0.019188284873962402, ""fold_a_query_n"": 8, ""fold_a_support_n"": 8, ""fold_b_fresh_utility"": -0.006913423538208008, ""fold_b_query_n"": 8, ""fold_b_support_n"": 8, ""fresh_advantage"": -0.0624120831489563, ""fresh_local_trainability"": -0.002214670181274414, ""fresh_positive"": false, ""fresh_query_after"": 1.1144919395446777, ""fresh_query_before"": 1.1122772693634033, ""fresh_utility"": 0.006137430667877197, ""reuse_profiles"": {""adapter_1"": {""feasible_both"": true, ""fold_a_harm"": 0.003764335997402668, ""fold_a_lcb"": -0.0002271958347409963, ""fold_a_query_after"": 1.1265144348144531, ""fold_a_utility"": 0.01534426212310791, ""fold_b_harm"": 0.0036612609401345253, ""fold_b_lcb"": -0.001287908172234893, ""fold_b_query_after"": 1.0767440795898438, ""fold_b_utility"": 0.022655963897705078, ""harm_lcb_max"": -0.0002271958347409963, ""harm_mean"": 0.0037127984687685966, ""harm_se_mean"": 0.0022807910572737455, ""harm_ucb_max"": 0.008610430052503944, ""local_trainability"": 0.0021657347679138184, ""query_after"": 1.1016292572021484, ""query_before"": 1.1037949919700623, ""system_utility"": 0.019000113010406494}, ""adapter_2"": {""feasible_both"": true, ""fold_a_harm"": -0.003917754627764225, ""fold_a_lcb"": -0.007395754335448146, ""fold_a_query_after"": 1.13336181640625, ""fold_a_utility"": 0.008496880531311035, ""fold_b_harm"": -0.005001443438231945, ""fold_b_lcb"": -0.013629657309502363, ""fold_b_query_after"": 1.098486065864563, ""fold_b_utility"": 0.0009139776229858398, ""harm_lcb_max"": -0.007395754335448146, ""harm_mean"": -0.004459599032998085, ""harm_se_mean"": 0.0030883197905495763, ""harm_ucb_max"": 0.0036267704330384728, ""local_trainability"": 0.0047054290771484375, ""query_after"": 1.1159239411354065, ""query_before"": 1.120629370212555, ""system_utility"": 0.0047054290771484375}, ""default"": {""feasible_both"": true, ""fold_a_harm"": 0.0006155548617243767, ""fold_a_lcb"": -0.0013341532135382294, ""fold_a_query_after"": 0.978378415107727, ""fold_a_utility"": 0.16348028182983398, ""fold_b_harm"": -0.0018353872001171112, ""fold_b_lcb"": -0.002830767317209393, ""fold_b_query_after"": 1.1257812976837158, ""fold_b_utility"": -0.026381254196166992, ""harm_lcb_max"": -0.0013341532135382294, ""harm_mean"": -0.0006099161691963673, ""harm_se_mean"": 0.0007512980082537979, ""harm_ucb_max"": 0.002565262936986983, ""local_trainability"": -0.0014789998531341553, ""query_after"": 1.0520798563957214, ""query_before"": 1.0506008565425873, ""system_utility"": 0.0685495138168335}}, ""status"": ""ok"", ""statusquo_loss"": 1.120629370212555}, ""utility_status"": ""ok""}"
77,B2,B,2,adapter_2,reuse,safe_existing_reuse,1.0702824592590332,3,True,442368,1778697,0,69176844,740355,17768856,1104,48.52383016049862,563894272,0.0,41.61244475841522,5.338020987808704,1.1091590523719788,-0.024650216102600098,0.01918923854827881,-0.043839454650878906,False,,"{""best_reuse"": ""adapter_2"", ""best_reuse_utility"": 0.01918923854827881, ""decision"": ""reuse"", ""fresh_advantage"": -0.043839454650878906, ""fresh_positive"": false, ""fresh_utility"": -0.024650216102600098, ""full_batch_guards"": {""adapter_1"": {""crossfit_feasible"": true, ""crossfit_utility"": 0.008575260639190674, ""crossfit_utility_positive"": true, ""full_batch_cur_after"": 1.0910892486572266, ""full_batch_cur_before"": 1.0968835353851318, ""full_batch_gain"": 0.0057942867279052734, ""full_batch_harm"": 0.004788747988641262, ""full_batch_harm_lcb"": -0.00035511563532054403, ""full_batch_harm_se"": 0.002624420216307044, ""full_batch_harm_ucb"": 0.009932611612603068, ""full_batch_safe"": true}, ""adapter_2"": {""crossfit_feasible"": true, ""crossfit_utility"": 0.01918923854827881, ""crossfit_utility_positive"": true, ""full_batch_cur_after"": 1.0703197717666626, ""full_batch_cur_before"": 1.0798451900482178, ""full_batch_gain"": 0.009525418281555176, ""full_batch_harm"": -0.004179036244750023, ""full_batch_harm_lcb"": -0.011314245369285346, ""full_batch_harm_se"": 0.0036404128186404705, ""full_batch_harm_ucb"": 0.0029561728797852993, ""full_batch_safe"": true}, ""default"": {""crossfit_feasible"": true, ""crossfit_utility"": -0.003310859203338623, ""crossfit_utility_positive"": false, ""full_batch_cur_after"": 1.1044394969940186, ""full_batch_cur_before"": 1.1091591119766235, ""full_batch_gain"": 0.0047196149826049805, ""full_batch_harm"": -0.0006416086107492447, ""full_batch_harm_lcb"": -0.003215857986360788, ""full_batch_harm_se"": 0.0013133925385773182, ""full_batch_harm_ucb"": 0.0019326407648622987, ""full_batch_safe"": true}}, ""guarded_best_reuse"": ""adapter_2"", ""num_adapters"": 3, ""pending_after"": false, ""pending_before"": false, ""policy_version"": ""cau_v1"", ""reason"": ""safe_existing_reuse"", ""utility"": {""batch_n"": 16, ""best_reuse"": ""adapter_2"", ""best_reuse_query_after"": 1.0899698138237, ""best_reuse_utility"": 0.01918923854827881, ""defer_utility"": 0.0, ""fold_a_fresh_utility"": 0.08578288555145264, ""fold_a_query_n"": 8, ""fold_a_support_n"": 8, ""fold_b_fresh_utility"": -0.13508331775665283, ""fold_b_query_n"": 8, ""fold_b_support_n"": 8, ""fresh_advantage"": -0.043839454650878906, ""fresh_local_trainability"": -0.03113466501235962, ""fresh_positive"": false, ""fresh_query_after"": 1.1338092684745789, ""fresh_query_before"": 1.1026746034622192, ""fresh_utility"": -0.024650216102600098, ""reuse_profiles"": {""adapter_1"": {""feasible_both"": true, ""fold_a_harm"": 0.004932255484163761, ""fold_a_lcb"": -0.0006168388295918698, ""fold_a_query_after"": 1.0989174842834473, ""fold_a_utility"": 0.10952603816986084, ""fold_b_harm"": 0.003508186899125576, ""fold_b_lcb"": -7.458051200956092e-05, ""fold_b_query_after"": 1.102250099182129, ""fold_b_utility"": -0.09237551689147949, ""harm_lcb_max"": -7.458051200956092e-05, ""harm_mean"": 0.004220221191644669, ""harm_se_mean"": 0.002329556562472135, ""harm_ucb_max"": 0.010481349797919391, ""local_trainability"": -0.0037003159523010254, ""query_after"": 1.100583791732788, ""query_before"": 1.096883475780487, ""system_utility"": 0.008575260639190674}, ""adapter_2"": {""feasible_both"": true, ""fold_a_harm"": -0.003983179107308388, ""fold_a_lcb"": -0.012566896304488182, ""fold_a_query_after"": 1.0810176134109497, ""fold_a_utility"": 0.1274259090423584, ""fold_b_harm"": -0.004023265093564987, ""fold_b_lcb"": -0.0070466237096115944, ""fold_b_query_after"": 1.0989220142364502, ""fold_b_utility"": -0.08904743194580078, ""harm_lcb_max"": -0.0070466237096115944, ""harm_mean"": -0.0040032221004366875, ""harm_se_mean"": 0.002960988727863878, ""harm_ucb_max"": 0.004600538089871407, ""local_trainability"": -0.010124683380126953, ""query_after"": 1.0899698138237, ""query_before"": 1.079845130443573, ""system_utility"": 0.01918923854827881}, ""default"": {""feasible_both"": true, ""fold_a_harm"": -0.0020151231437921524, ""fold_a_lcb"": -0.004336096150800586, ""fold_a_query_after"": 1.2126691341400146, ""fold_a_utility"": -0.004225611686706543, ""fold_b_harm"": 0.00037385430186986923, ""fold_b_lcb"": -0.0021634365851059554, ""fold_b_query_after"": 1.0122706890106201, ""fold_b_utility"": -0.002396106719970703, ""harm_lcb_max"": -0.0021634365851059554, ""harm_mean"": -0.0008206344209611416, ""harm_se_mean"": 0.0012393530341796577, ""harm_ucb_max"": 0.002911145188845694, ""local_trainability"": -0.003310859203338623, ""query_after"": 1.1124699115753174, ""query_before"": 1.1091590523719788, ""system_utility"": -0.003310859203338623}}, ""status"": ""ok"", ""statusquo_loss"": 1.1091590523719788}, ""utility_status"": ""ok""}"
78,B2,B,2,default,reuse,safe_existing_reuse,1.0772838592529297,3,True,442368,1778697,0,69176844,740355,17768856,1104,49.44949218444526,563894272,0.0,42.52809235826135,5.338020987808704,1.182127594947815,0.05593842267990112,0.1049046516418457,-0.04896622896194458,False,,"{""best_reuse"": ""default"", ""best_reuse_utility"": 0.1049046516418457, ""decision"": ""reuse"", ""fresh_advantage"": -0.04896622896194458, ""fresh_positive"": false, ""fresh_utility"": 0.05593842267990112, ""full_batch_guards"": {""adapter_1"": {""crossfit_feasible"": true, ""crossfit_utility"": -0.001663506031036377, ""crossfit_utility_positive"": false, ""full_batch_cur_after"": 1.1756384372711182, ""full_batch_cur_before"": 1.177731990814209, ""full_batch_gain"": 0.0020935535430908203, ""full_batch_harm"": 0.0020022979006171227, ""full_batch_harm_lcb"": -0.0012392594339326025, ""full_batch_harm_se"": 0.0016538557829335332, ""full_batch_harm_ucb"": 0.005243855235166848, ""full_batch_safe"": true}, ""adapter_2"": {""crossfit_feasible"": true, ""crossfit_utility"": 0.001583695411682129, ""crossfit_utility_positive"": true, ""full_batch_cur_after"": 1.16441011428833, ""full_batch_cur_before"": 1.1821274757385254, ""full_batch_gain"": 0.017717361450195312, ""full_batch_harm"": -0.0035176044330000877, ""full_batch_harm_lcb"": -0.012417931351810694, ""full_batch_harm_se"": 0.004540983121842146, ""full_batch_harm_ucb"": 0.005382722485810518, ""full_batch_safe"": true}, ""default"": {""crossfit_feasible"": true, ""crossfit_utility"": 0.1049046516418457, ""crossfit_utility_positive"": true, ""full_batch_cur_after"": 1.0680512189865112, ""full_batch_cur_before"": 1.0730646848678589, ""full_batch_gain"": 0.005013465881347656, ""full_batch_harm"": 2.3793429136276245e-05, ""full_batch_harm_lcb"": -0.0024761914601549506, ""full_batch_harm_se"": 0.0012755024945363402, ""full_batch_harm_ucb"": 0.002523778318427503, ""full_batch_safe"": true}}, ""guarded_best_reuse"": ""default"", ""num_adapters"": 3, ""pending_after"": false, ""pending_before"": false, ""policy_version"": ""cau_v1"", ""reason"": ""safe_existing_reuse"", ""utility"": {""batch_n"": 16, ""best_reuse"": ""default"", ""best_reuse_query_after"": 1.0772229433059692, ""best_reuse_utility"": 0.1049046516418457, ""defer_utility"": 0.0, ""fold_a_fresh_utility"": -0.026644110679626465, ""fold_a_query_n"": 8, ""fold_a_support_n"": 8, ""fold_b_fresh_utility"": 0.1385209560394287, ""fold_b_query_n"": 8, ""fold_b_support_n"": 8, ""fresh_advantage"": -0.04896622896194458, ""fresh_local_trainability"": -0.027852356433868408, ""fresh_positive"": false, ""fresh_query_after"": 1.1261891722679138, ""fresh_query_before"": 1.0983368158340454, ""fresh_utility"": 0.05593842267990112, ""reuse_profiles"": {""adapter_1"": {""feasible_both"": true, ""fold_a_harm"": 0.001451987773180008, ""fold_a_lcb"": -0.00047445271164178846, ""fold_a_query_after"": 1.140486478805542, ""fold_a_utility"": -0.022345542907714844, ""fold_b_harm"": 0.0038214819505810738, ""fold_b_lcb"": -0.0011464786622673272, ""fold_b_query_after"": 1.2270957231521606, ""fold_b_utility"": 0.01901853084564209, ""harm_lcb_max"": -0.00047445271164178846, ""harm_mean"": 0.002636734861880541, ""harm_se_mean"": 0.0017587757902219892, ""harm_ucb_max"": 0.008789442563429475, ""local_trainability"": -0.006059169769287109, ""query_after"": 1.1837911009788513, ""query_before"": 1.1777319312095642, ""system_utility"": -0.001663506031036377}, ""adapter_2"": {""feasible_both"": true, ""fold_a_harm"": -0.00400982890278101, ""fold_a_lcb"": -0.010665930518880486, ""fold_a_query_after"": 1.105123519897461, ""fold_a_utility"": 0.013017416000366211, ""fold_b_harm"": -0.0021255118772387505, ""fold_b_lcb"": -0.013123519327491522, ""fold_b_query_after"": 1.2559642791748047, ""fold_b_utility"": -0.009850025177001953, ""harm_lcb_max"": -0.010665930518880486, ""harm_mean"": -0.00306767039000988, ""harm_se_mean"": 0.0045035992516204715, ""harm_ucb_max"": 0.008872495573014021, ""local_trainability"": 0.001583695411682129, ""query_after"": 1.1805438995361328, ""query_before"": 1.182127594947815, ""system_utility"": 0.001583695411682129}, ""default"": {""feasible_both"": true, ""fold_a_harm"": 0.0004603872075676918, ""fold_a_lcb"": -0.0024309642892330883, ""fold_a_query_after"": 0.9999088048934937, ""fold_a_utility"": 0.1182321310043335, ""fold_b_harm"": -0.0019770879298448563, ""fold_b_lcb"": -0.0032635753275826575, ""fold_b_query_after"": 1.1545370817184448, ""fold_b_utility"": 0.09157717227935791, ""harm_lcb_max"": -0.0024309642892330883, ""harm_mean"": -0.0007583503611385822, ""harm_se_mean"": 0.0010657752281986177, ""harm_ucb_max"": 0.003351738704368472, ""local_trainability"": -0.0041582584381103516, ""query_after"": 1.0772229433059692, ""query_before"": 1.0730646848678589, ""system_utility"": 0.1049046516418457}}, ""status"": ""ok"", ""statusquo_loss"": 1.182127594947815}, ""utility_status"": ""ok""}"
79,B2,B,2,default,reuse,pending_fresh_safe_existing_reuse,1.1119964122772217,3,True,442368,1778697,0,69176844,740355,17768856,1104,50.373986549675465,563894272,0.0,43.442202754318714,5.338020987808704,1.1026650071144104,0.00725102424621582,0.0051653385162353516,0.0020856857299804688,True,,"{""best_reuse"": ""default"", ""best_reuse_utility"": 0.0051653385162353516, ""decision"": ""reuse"", ""fresh_advantage"": 0.0020856857299804688, ""fresh_positive"": true, ""fresh_utility"": 0.00725102424621582, ""full_batch_guards"": {""adapter_1"": {""crossfit_feasible"": true, ""crossfit_utility"": -0.09829521179199219, ""crossfit_utility_positive"": false, ""full_batch_cur_after"": 1.1973552703857422, ""full_batch_cur_before"": 1.1968669891357422, ""full_batch_gain"": -0.00048828125, ""full_batch_harm"": 0.001745276153087616, ""full_batch_harm_lcb"": -0.0008312907861545682, ""full_batch_harm_se"": 0.0013145749690011144, ""full_batch_harm_ucb"": 0.004321843092329801, ""full_batch_safe"": true}, ""adapter_2"": {""crossfit_feasible"": true, ""crossfit_utility"": -0.08416390419006348, ""crossfit_utility_positive"": false, ""full_batch_cur_after"": 1.1796863079071045, ""full_batch_cur_before"": 1.1930402517318726, ""full_batch_gain"": 0.013353943824768066, ""full_batch_harm"": -0.0038704657927155495, ""full_batch_harm_lcb"": -0.011697828061878681, ""full_batch_harm_se"": 0.003993552178144455, ""full_batch_harm_ucb"": 0.0039568964764475825, ""full_batch_safe"": true}, ""default"": {""crossfit_feasible"": true, ""crossfit_utility"": 0.0051653385162353516, ""crossfit_utility_positive"": true, ""full_batch_cur_after"": 1.0938794612884521, ""full_batch_cur_before"": 1.1026650667190552, ""full_batch_gain"": 0.008785605430603027, ""full_batch_harm"": 0.0011226283386349678, ""full_batch_harm_lcb"": -0.0034594721905887122, ""full_batch_harm_se"": 0.0023378063924610615, ""full_batch_harm_ucb"": 0.005704728867858648, ""full_batch_safe"": true}}, ""guarded_best_reuse"": ""default"", ""num_adapters"": 3, ""pending_after"": true, ""pending_before"": false, ""policy_version"": ""cau_v1"", ""reason"": ""pending_fresh_safe_existing_reuse"", ""utility"": {""batch_n"": 16, ""best_reuse"": ""default"", ""best_reuse_query_after"": 1.097499668598175, ""best_reuse_utility"": 0.0051653385162353516, ""defer_utility"": 0.0, ""fold_a_fresh_utility"": 0.024290084838867188, ""fold_a_query_n"": 8, ""fold_a_support_n"": 8, ""fold_b_fresh_utility"": -0.009788036346435547, ""fold_b_query_n"": 8, ""fold_b_support_n"": 8, ""fresh_advantage"": 0.0020856857299804688, ""fresh_local_trainability"": 0.006750941276550293, ""fresh_positive"": true, ""fresh_query_after"": 1.0954139828681946, ""fresh_query_before"": 1.1021649241447449, ""fresh_utility"": 0.00725102424621582, ""reuse_profiles"": {""adapter_1"": {""feasible_both"": true, ""fold_a_harm"": 0.0016873767599463463, ""fold_a_lcb"": -0.0006405811104923487, ""fold_a_query_after"": 1.146788477897644, ""fold_a_utility"": -0.025448083877563477, ""fold_b_harm"": 0.002583758905529976, ""fold_b_lcb"": -0.0003578768996521831, ""fold_b_query_after"": 1.2551319599151611, ""fold_b_utility"": -0.1711423397064209, ""harm_lcb_max"": -0.0003578768996521831, ""harm_mean"": 0.002135567832738161, ""harm_se_mean"": 0.0013442841009236872, ""harm_ucb_max"": 0.005525394710712134, ""local_trainability"": -0.004093170166015625, ""query_after"": 1.2009602189064026, ""query_before"": 1.196867048740387, ""system_utility"": -0.09829521179199219}, ""adapter_2"": {""feasible_both"": true, ""fold_a_harm"": -0.0041025616228580475, ""fold_a_lcb"": -0.011303689768537878, ""fold_a_query_after"": 1.145630121231079, ""fold_a_utility"": -0.024289727210998535, ""fold_b_harm"": -0.0030959127470850945, ""fold_b_lcb"": -0.00960960821248591, ""fold_b_query_after"": 1.2280277013778687, ""fold_b_utility"": -0.14403808116912842, ""harm_lcb_max"": -0.00960960821248591, ""harm_mean"": -0.003599237184971571, ""harm_se_mean"": 0.003498679492622614, ""harm_ucb_max"": 0.0034177827183157206, ""local_trainability"": 0.006211400032043457, ""query_after"": 1.1868289113044739, ""query_before"": 1.1930403113365173, ""system_utility"": -0.08416390419006348}, ""default"": {""feasible_both"": true, ""fold_a_harm"": 0.0010091979056596756, ""fold_a_lcb"": -0.0035710256639868024, ""fold_a_query_after"": 1.1182790994644165, ""fold_a_utility"": 0.0030612945556640625, ""fold_b_harm"": 0.000827406533062458, ""fold_b_lcb"": -0.002769363005645573, ""fold_b_query_after"": 1.0767202377319336, ""fold_b_utility"": 0.007269382476806641, ""harm_lcb_max"": -0.002769363005645573, ""harm_mean"": 0.0009183022193610668, ""harm_se_mean"": 0.0020859676296822727, ""harm_ucb_max"": 0.005589421475306154, ""local_trainability"": 0.0051653385162353516, ""query_after"": 1.097499668598175, ""query_before"": 1.1026650071144104, ""system_utility"": 0.0051653385162353516}}, ""status"": ""ok"", ""statusquo_loss"": 1.1026650071144104}, ""utility_status"": ""ok""}"
80,B2,B,2,adapter_2,reuse,safe_existing_reuse,1.083336353302002,3,True,442368,1778697,0,69176844,740355,17768856,1120,51.294876750558615,563894272,0.0,44.35461550205946,5.338020987808704,1.18477064371109,0.07686680555343628,0.10495787858963013,-0.028091073036193848,False,,"{""best_reuse"": ""adapter_2"", ""best_reuse_utility"": 0.10495787858963013, ""decision"": ""reuse"", ""fresh_advantage"": -0.028091073036193848, ""fresh_positive"": false, ""fresh_utility"": 0.07686680555343628, ""full_batch_guards"": {""adapter_1"": {""crossfit_feasible"": true, ""crossfit_utility"": 0.1020013689994812, ""crossfit_utility_positive"": true, ""full_batch_cur_after"": 1.0763537883758545, ""full_batch_cur_before"": 1.0786232948303223, ""full_batch_gain"": 0.0022695064544677734, ""full_batch_harm"": 0.0031426064670085907, ""full_batch_harm_lcb"": -0.00021512065548449748, ""full_batch_harm_se"": 0.0017131260829046369, ""full_batch_harm_ucb"": 0.006500333589501679, ""full_batch_safe"": true}, ""adapter_2"": {""crossfit_feasible"": true, ""crossfit_utility"": 0.10495787858963013, ""crossfit_utility_positive"": true, ""full_batch_cur_after"": 1.0681109428405762, ""full_batch_cur_before"": 1.072285771369934, ""full_batch_gain"": 0.00417482852935791, ""full_batch_harm"": -0.0033211344853043556, ""full_batch_harm_lcb"": -0.006491078259423375, ""full_batch_harm_se"": 0.0016173182521015406, ""full_batch_harm_ucb"": -0.00015119071118533615, ""full_batch_safe"": true}, ""default"": {""crossfit_feasible"": true, ""crossfit_utility"": 0.0022980570793151855, ""crossfit_utility_positive"": true, ""full_batch_cur_after"": 1.1773523092269897, ""full_batch_cur_before"": 1.1847707033157349, ""full_batch_gain"": 0.007418394088745117, ""full_batch_harm"": 0.0016766749322414398, ""full_batch_harm_lcb"": -0.002863405523821711, ""full_batch_harm_se"": 0.002316367579624057, ""full_batch_harm_ucb"": 0.006216755388304591, ""full_batch_safe"": true}}, ""guarded_best_reuse"": ""adapter_2"", ""num_adapters"": 3, ""pending_after"": false, ""pending_before"": true, ""policy_version"": ""cau_v1"", ""reason"": ""safe_existing_reuse"", ""utility"": {""batch_n"": 16, ""best_reuse"": ""adapter_2"", ""best_reuse_query_after"": 1.07981276512146, ""best_reuse_utility"": 0.10495787858963013, ""defer_utility"": 0.0, ""fold_a_fresh_utility"": 0.13317632675170898, ""fold_a_query_n"": 8, ""fold_a_support_n"": 8, ""fold_b_fresh_utility"": 0.020557284355163574, ""fold_b_query_n"": 8, ""fold_b_support_n"": 8, ""fresh_advantage"": -0.028091073036193848, ""fresh_local_trainability"": -0.013861775398254395, ""fresh_positive"": false, ""fresh_query_after"": 1.1079038381576538, ""fresh_query_before"": 1.0940420627593994, ""fresh_utility"": 0.07686680555343628, ""reuse_profiles"": {""adapter_1"": {""feasible_both"": true, ""fold_a_harm"": 0.0021536946296691895, ""fold_a_lcb"": -0.0005211897613480688, ""fold_a_query_after"": 1.0458388328552246, ""fold_a_utility"": 0.19972681999206543, ""fold_b_harm"": 0.0052231308072805405, ""fold_b_lcb"": -5.9707229956984e-05, ""fold_b_query_after"": 1.1196997165679932, ""fold_b_utility"": 0.004275918006896973, ""harm_lcb_max"": -5.9707229956984e-05, ""harm_mean"": 0.003688412718474865, ""harm_se_mean"": 0.0020300312316976488, ""harm_ucb_max"": 0.010505968844518064, ""local_trainability"": -0.004146099090576172, ""query_after"": 1.0827692747116089, ""query_before"": 1.0786231756210327, ""system_utility"": 0.1020013689994812}, ""adapter_2"": {""feasible_both"": true, ""fold_a_harm"": -0.003791532479226589, ""fold_a_lcb"": -0.009820218486711382, ""fold_a_query_after"": 1.0297749042510986, ""fold_a_utility"": 0.2157907485961914, ""fold_b_harm"": -0.0018630260601639748, ""fold_b_lcb"": -0.005627247500233352, ""fold_b_query_after"": 1.1298506259918213, ""fold_b_utility"": -0.005874991416931152, ""harm_lcb_max"": -0.005627247500233352, ""harm_mean"": -0.002827279269695282, ""harm_se_mean"": 0.002498190675396472, ""harm_ucb_max"": 0.002237153528258204, ""local_trainability"": -0.007526993751525879, ""query_after"": 1.07981276512146, ""query_before"": 1.072285771369934, ""system_utility"": 0.10495787858963013}, ""default"": {""feasible_both"": true, ""fold_a_harm"": 0.0012273425236344337, ""fold_a_lcb"": -0.004076066315174103, ""fold_a_query_after"": 1.2470730543136597, ""fold_a_utility"": -0.001507401466369629, ""fold_b_harm"": 0.0014956044033169746, ""fold_b_lcb"": -0.0023715438321232794, ""fold_b_query_after"": 1.1178721189498901, ""fold_b_utility"": 0.006103515625, ""harm_lcb_max"": -0.0023715438321232794, ""harm_mean"": 0.0013614734634757042, ""harm_se_mean"": 0.002339427825063467, ""harm_ucb_max"": 0.00653075136244297, ""local_trainability"": 0.0022980570793151855, ""query_after"": 1.182472586631775, ""query_before"": 1.18477064371109, ""system_utility"": 0.0022980570793151855}}, ""status"": ""ok"", ""statusquo_loss"": 1.18477064371109}, ""utility_status"": ""ok""}"
81,B2,B,2,default,reuse,safe_existing_reuse,1.090407133102417,3,True,442368,1778697,0,69176844,740355,17768856,1120,52.19960222020745,563894272,0.0,45.250866159796715,5.338020987808704,1.1346856355667114,0.03401613235473633,0.05347400903701782,-0.019457876682281494,False,,"{""best_reuse"": ""default"", ""best_reuse_utility"": 0.05347400903701782, ""decision"": ""reuse"", ""fresh_advantage"": -0.019457876682281494, ""fresh_positive"": false, ""fresh_utility"": 0.03401613235473633, ""full_batch_guards"": {""adapter_1"": {""crossfit_feasible"": true, ""crossfit_utility"": -0.016422510147094727, ""crossfit_utility_positive"": false, ""full_batch_cur_after"": 1.1474483013153076, ""full_batch_cur_before"": 1.1526477336883545, ""full_batch_gain"": 0.005199432373046875, ""full_batch_harm"": 0.0030630426481366158, ""full_batch_harm_lcb"": -0.000986920902505517, ""full_batch_harm_se"": 0.002066307934001088, ""full_batch_harm_ucb"": 0.0071130061987787485, ""full_batch_safe"": true}, ""adapter_2"": {""crossfit_feasible"": true, ""crossfit_utility"": 0.00631791353225708, ""crossfit_utility_positive"": true, ""full_batch_cur_after"": 1.1225298643112183, ""full_batch_cur_before"": 1.1346855163574219, ""full_batch_gain"": 0.012155652046203613, ""full_batch_harm"": -0.0034548696130514145, ""full_batch_harm_lcb"": -0.009997056713327766, ""full_batch_harm_se"": 0.003337850561365485, ""full_batch_harm_ucb"": 0.0030873174872249366, ""full_batch_safe"": true}, ""default"": {""crossfit_feasible"": true, ""crossfit_utility"": 0.05347400903701782, ""crossfit_utility_positive"": true, ""full_batch_cur_after"": 1.0777933597564697, ""full_batch_cur_before"": 1.0810973644256592, ""full_batch_gain"": 0.003304004669189453, ""full_batch_harm"": 0.0006149820983409882, ""full_batch_harm_lcb"": -0.003674353808164597, ""full_batch_harm_se"": 0.0021884366869926453, ""full_batch_harm_ucb"": 0.004904318004846573, ""full_batch_safe"": true}}, ""guarded_best_reuse"": ""default"", ""num_adapters"": 3, ""pending_after"": false, ""pending_before"": false, ""policy_version"": ""cau_v1"", ""reason"": ""safe_existing_reuse"", ""utility"": {""batch_n"": 16, ""best_reuse"": ""default"", ""best_reuse_query_after"": 1.0812116265296936, ""best_reuse_utility"": 0.05347400903701782, ""defer_utility"": 0.0, ""fold_a_fresh_utility"": 0.04010581970214844, ""fold_a_query_n"": 8, ""fold_a_support_n"": 8, ""fold_b_fresh_utility"": 0.02792644500732422, ""fold_b_query_n"": 8, ""fold_b_support_n"": 8, ""fresh_advantage"": -0.019457876682281494, ""fresh_local_trainability"": 0.009235143661499023, ""fresh_positive"": false, ""fresh_query_after"": 1.100669503211975, ""fresh_query_before"": 1.1099046468734741, ""fresh_utility"": 0.03401613235473633, ""reuse_profiles"": {""adapter_1"": {""feasible_both"": true, ""fold_a_harm"": 0.0036544622853398323, ""fold_a_lcb"": -0.0005971035175025459, ""fold_a_query_after"": 1.1437186002731323, ""fold_a_utility"": 0.0034743547439575195, ""fold_b_harm"": 0.0031434381380677223, ""fold_b_lcb"": -0.0009866510052233936, ""fold_b_query_after"": 1.15849769115448, ""fold_b_utility"": -0.03631937503814697, ""harm_lcb_max"": -0.0005971035175025459, ""harm_mean"": 0.0033989502117037773, ""harm_se_mean"": 0.002138177282176912, ""harm_ucb_max"": 0.00790602808818221, ""local_trainability"": 0.0015395283699035645, ""query_after"": 1.1511081457138062, ""query_before"": 1.1526476740837097, ""system_utility"": -0.016422510147094727}, ""adapter_2"": {""feasible_both"": true, ""fold_a_harm"": -0.0032622739672660828, ""fold_a_lcb"": -0.008730087215080857, ""fold_a_query_after"": 1.140913724899292, ""fold_a_utility"": 0.0062792301177978516, ""fold_b_harm"": -0.003027725964784622, ""fold_b_lcb"": -0.008687079902738332, ""fold_b_query_after"": 1.1158217191696167, ""fold_b_utility"": 0.006356596946716309, ""harm_lcb_max"": -0.008687079902738332, ""harm_mean"": -0.0031449999660253525, ""harm_se_mean"": 0.0028385630575940013, ""harm_ucb_max"": 0.002631627973169088, ""local_trainability"": 0.00631791353225708, ""query_after"": 1.1283677220344543, ""query_before"": 1.1346856355667114, ""system_utility"": 0.00631791353225708}, ""default"": {""feasible_both"": true, ""fold_a_harm"": 0.0003830399364233017, ""fold_a_lcb"": -0.003742282195016742, ""fold_a_query_after"": 1.0877015590667725, ""fold_a_utility"": 0.05949139595031738, ""fold_b_harm"": 0.000513480044901371, ""fold_b_lcb"": -0.0033057527849450707, ""fold_b_query_after"": 1.0747216939926147, ""fold_b_utility"": 0.04745662212371826, ""harm_lcb_max"": -0.0033057527849450707, ""harm_mean"": 0.00044825999066233635, ""harm_se_mean"": 0.0020266721840016544, ""harm_ucb_max"": 0.004508362067863345, ""local_trainability"": -0.00011420249938964844, ""query_after"": 1.0812116265296936, ""query_before"": 1.081097424030304, ""system_utility"": 0.05347400903701782}}, ""status"": ""ok"", ""statusquo_loss"": 1.1346856355667114}, ""utility_status"": ""ok""}"
82,B2,B,2,adapter_2,reuse,safe_existing_reuse,1.074305772781372,3,True,442368,1778697,0,69176844,740355,17768856,1136,53.13407268002629,563894272,0.0,46.17699949257076,5.338020987808704,1.1091275215148926,-0.013356328010559082,0.030996382236480713,-0.044352710247039795,False,,"{""best_reuse"": ""adapter_2"", ""best_reuse_utility"": 0.030996382236480713, ""decision"": ""reuse"", ""fresh_advantage"": -0.044352710247039795, ""fresh_positive"": false, ""fresh_utility"": -0.013356328010559082, ""full_batch_guards"": {""adapter_1"": {""crossfit_feasible"": true, ""crossfit_utility"": 0.023188889026641846, ""crossfit_utility_positive"": true, ""full_batch_cur_after"": 1.077620267868042, ""full_batch_cur_before"": 1.0833791494369507, ""full_batch_gain"": 0.005758881568908691, ""full_batch_harm"": 0.004004994407296181, ""full_batch_harm_lcb"": -0.0008080232609063388, ""full_batch_harm_se"": 0.0024556212592869997, ""full_batch_harm_ucb"": 0.008818012075498701, ""full_batch_safe"": true}, ""adapter_2"": {""crossfit_feasible"": true, ""crossfit_utility"": 0.030996382236480713, ""crossfit_utility_positive"": true, ""full_batch_cur_after"": 1.0645657777786255, ""full_batch_cur_before"": 1.072837471961975, ""full_batch_gain"": 0.00827169418334961, ""full_batch_harm"": -0.0022103702649474144, ""full_batch_harm_lcb"": -0.00662853779271245, ""full_batch_harm_se"": 0.002254167106002569, ""full_batch_harm_ucb"": 0.002207797262817621, ""full_batch_safe"": true}, ""default"": {""crossfit_feasible"": true, ""crossfit_utility"": -0.004078686237335205, ""crossfit_utility_positive"": false, ""full_batch_cur_after"": 1.104939579963684, ""full_batch_cur_before"": 1.1091275215148926, ""full_batch_gain"": 0.004187941551208496, ""full_batch_harm"": -0.000747079961001873, ""full_batch_harm_lcb"": -0.003609814099036157, ""full_batch_harm_se"": 0.0014605786418542266, ""full_batch_harm_ucb"": 0.002115654177032411, ""full_batch_safe"": true}}, ""guarded_best_reuse"": ""adapter_2"", ""num_adapters"": 3, ""pending_after"": false, ""pending_before"": false, ""policy_version"": ""cau_v1"", ""reason"": ""safe_existing_reuse"", ""utility"": {""batch_n"": 16, ""best_reuse"": ""adapter_2"", ""best_reuse_query_after"": 1.0781311392784119, ""best_reuse_utility"": 0.030996382236480713, ""defer_utility"": 0.0, ""fold_a_fresh_utility"": -0.13387227058410645, ""fold_a_query_n"": 8, ""fold_a_support_n"": 8, ""fold_b_fresh_utility"": 0.10715961456298828, ""fold_b_query_n"": 8, ""fold_b_support_n"": 8, ""fresh_advantage"": -0.044352710247039795, ""fresh_local_trainability"": -0.017797648906707764, ""fresh_positive"": false, ""fresh_query_after"": 1.1224838495254517, ""fresh_query_before"": 1.104686200618744, ""fresh_utility"": -0.013356328010559082, ""reuse_profiles"": {""adapter_1"": {""feasible_both"": true, ""fold_a_harm"": 0.004731291905045509, ""fold_a_lcb"": -0.0001843780651688571, ""fold_a_query_after"": 1.1839685440063477, ""fold_a_utility"": -0.17677831649780273, ""fold_b_harm"": 0.0035959333181381226, ""fold_b_lcb"": -0.0011910291574895385, ""fold_b_query_after"": 0.9879087209701538, ""fold_b_utility"": 0.22315609455108643, ""harm_lcb_max"": -0.0001843780651688571, ""harm_mean"": 0.004163612611591816, ""harm_se_mean"": 0.002475161338225007, ""harm_ucb_max"": 0.009646961875259876, ""local_trainability"": -0.0025595128536224365, ""query_after"": 1.0859386324882507, ""query_before"": 1.0833791196346283, ""system_utility"": 0.023188889026641846}, ""adapter_2"": {""feasible_both"": true, ""fold_a_harm"": -0.002195194363594055, ""fold_a_lcb"": -0.004167225160636008, ""fold_a_query_after"": 1.1222834587097168, ""fold_a_utility"": -0.11509323120117188, ""fold_b_harm"": -0.00263100303709507, ""fold_b_lcb"": -0.009342995882034301, ""fold_b_query_after"": 1.033978819847107, ""fold_b_utility"": 0.1770859956741333, ""harm_lcb_max"": -0.004167225160636008, ""harm_mean"": -0.0024130987003445625, ""harm_se_mean"": 0.0022153121535666287, ""harm_ucb_max"": 0.0040809898078441615, ""local_trainability"": -0.005293667316436768, ""query_after"": 1.0781311392784119, ""query_before"": 1.072837471961975, ""system_utility"": 0.030996382236480713}, ""default"": {""feasible_both"": true, ""fold_a_harm"": -0.00039286818355321884, ""fold_a_lcb"": -0.0042320016678422685, ""fold_a_query_after"": 1.0118211507797241, ""fold_a_utility"": -0.004630923271179199, ""fold_b_harm"": -0.0012333402410149574, ""fold_b_lcb"": -0.003412320548668504, ""fold_b_query_after"": 1.2145912647247314, ""fold_b_utility"": -0.003526449203491211, ""harm_lcb_max"": -0.003412320548668504, ""harm_mean"": -0.0008131042122840881, ""harm_se_mean"": 0.0015352331101894379, ""harm_ucb_max"": 0.003446265300735831, ""local_trainability"": -0.004078686237335205, ""query_after"": 1.1132062077522278, ""query_before"": 1.1091275215148926, ""system_utility"": -0.004078686237335205}}, ""status"": ""ok"", ""statusquo_loss"": 1.1091275215148926}, ""utility_status"": ""ok""}"
83,B2,B,2,adapter_1,reuse,safe_existing_reuse,1.1069965362548828,3,True,442368,1778697,0,69176844,740355,17768856,1136,54.05640391074121,563894272,0.0,47.09069501236081,5.338020987808704,1.1221713423728943,-0.021623194217681885,0.007231175899505615,-0.0288543701171875,False,,"{""best_reuse"": ""adapter_1"", ""best_reuse_utility"": 0.007231175899505615, ""decision"": ""reuse"", ""fresh_advantage"": -0.0288543701171875, ""fresh_positive"": false, ""fresh_utility"": -0.021623194217681885, ""full_batch_guards"": {""adapter_1"": {""crossfit_feasible"": true, ""crossfit_utility"": 0.007231175899505615, ""crossfit_utility_positive"": true, ""full_batch_cur_after"": 1.107029676437378, ""full_batch_cur_before"": 1.110355257987976, ""full_batch_gain"": 0.0033255815505981445, ""full_batch_harm"": 0.0024474849924445152, ""full_batch_harm_lcb"": -0.0006039730273187161, ""full_batch_harm_se"": 0.0015568663366138935, ""full_batch_harm_ucb"": 0.005498943012207746, ""full_batch_safe"": true}, ""adapter_2"": {""crossfit_feasible"": true, ""crossfit_utility"": -0.005509376525878906, ""crossfit_utility_positive"": false, ""full_batch_cur_after"": 1.1156418323516846, ""full_batch_cur_before"": 1.122171401977539, ""full_batch_gain"": 0.006529569625854492, ""full_batch_harm"": -0.0037985285744071007, ""full_batch_harm_lcb"": -0.006956025911495089, ""full_batch_harm_se"": 0.001610968029126525, ""full_batch_harm_ucb"": -0.0006410312373191121, ""full_batch_safe"": true}, ""default"": {""crossfit_feasible"": true, ""crossfit_utility"": -0.06271690130233765, ""crossfit_utility_positive"": false, ""full_batch_cur_after"": 1.1773808002471924, ""full_batch_cur_before"": 1.1831867694854736, ""full_batch_gain"": 0.00580596923828125, ""full_batch_harm"": -0.0006437459960579872, ""full_batch_harm_lcb"": -0.004847864834591746, ""full_batch_harm_se"": 0.0021449585910886526, ""full_batch_harm_ucb"": 0.0035603728424757715, ""full_batch_safe"": true}}, ""guarded_best_reuse"": ""adapter_1"", ""num_adapters"": 3, ""pending_after"": false, ""pending_before"": false, ""policy_version"": ""cau_v1"", ""reason"": ""safe_existing_reuse"", ""utility"": {""batch_n"": 16, ""best_reuse"": ""adapter_1"", ""best_reuse_query_after"": 1.1149401664733887, ""best_reuse_utility"": 0.007231175899505615, ""defer_utility"": 0.0, ""fold_a_fresh_utility"": 0.04152178764343262, ""fold_a_query_n"": 8, ""fold_a_support_n"": 8, ""fold_b_fresh_utility"": -0.08476817607879639, ""fold_b_query_n"": 8, ""fold_b_support_n"": 8, ""fresh_advantage"": -0.0288543701171875, ""fresh_local_trainability"": -0.029346823692321777, ""fresh_positive"": false, ""fresh_query_after"": 1.1437945365905762, ""fresh_query_before"": 1.1144477128982544, ""fresh_utility"": -0.021623194217681885, ""reuse_profiles"": {""adapter_1"": {""feasible_both"": true, ""fold_a_harm"": 0.004519176669418812, ""fold_a_lcb"": -0.0006835417076945308, ""fold_a_query_after"": 1.1425625085830688, ""fold_a_utility"": 0.022658467292785645, ""fold_b_harm"": 0.0020567653700709343, ""fold_b_lcb"": -0.0001874092780053617, ""fold_b_query_after"": 1.0873178243637085, ""fold_b_utility"": -0.008196115493774414, ""harm_lcb_max"": -0.0001874092780053617, ""harm_mean"": 0.003287971019744873, ""harm_se_mean"": 0.0018997176084667444, ""harm_ucb_max"": 0.009721895046532154, ""local_trainability"": -0.004584908485412598, ""query_after"": 1.1149401664733887, ""query_before"": 1.110355257987976, ""system_utility"": 0.007231175899505615}, ""adapter_2"": {""feasible_both"": true, ""fold_a_harm"": -0.0006263731047511101, ""fold_a_lcb"": -0.007255322467535734, ""fold_a_query_after"": 1.178066611289978, ""fold_a_utility"": -0.012845635414123535, ""fold_b_harm"": -0.0046319300308823586, ""fold_b_lcb"": -0.00756721940357238, ""fold_b_query_after"": 1.0772948265075684, ""fold_b_utility"": 0.0018268823623657227, ""harm_lcb_max"": -0.007255322467535734, ""harm_mean"": -0.0026291515678167343, ""harm_se_mean"": 0.0024398568202741444, ""harm_ucb_max"": 0.006002576258033514, ""local_trainability"": -0.005509376525878906, ""query_after"": 1.1276807188987732, ""query_before"": 1.1221713423728943, ""system_utility"": -0.005509376525878906}, ""default"": {""feasible_both"": true, ""fold_a_harm"": -0.0007519582286477089, ""fold_a_lcb"": -0.002819602615199983, ""fold_a_query_after"": 1.2508964538574219, ""fold_a_utility"": -0.08567547798156738, ""fold_b_harm"": -0.0006462233141064644, ""fold_b_lcb"": -0.005904853912070394, ""fold_b_query_after"": 1.118880033493042, ""fold_b_utility"": -0.03975832462310791, ""harm_lcb_max"": -0.002819602615199983, ""harm_mean"": -0.0006990907713770866, ""harm_se_mean"": 0.0018689477001316845, ""harm_ucb_max"": 0.004612407283857465, ""local_trainability"": -0.00170135498046875, ""query_after"": 1.184888243675232, ""query_before"": 1.1831868886947632, ""system_utility"": -0.06271690130233765}}, ""status"": ""ok"", ""statusquo_loss"": 1.1221713423728943}, ""utility_status"": ""ok""}"
84,B2,B,2,adapter_1,reuse,safe_existing_reuse,1.1073198318481445,3,True,442368,1778697,0,69176844,740355,17768856,1136,54.93282524496317,563894272,0.0,47.9571705237031,5.338020987808704,1.0950132608413696,-0.01265406608581543,-0.004351556301116943,-0.008302509784698486,False,,"{""best_reuse"": ""adapter_1"", ""best_reuse_utility"": -0.004351556301116943, ""decision"": ""reuse"", ""fresh_advantage"": -0.008302509784698486, ""fresh_positive"": false, ""fresh_utility"": -0.01265406608581543, ""full_batch_guards"": {""adapter_1"": {""crossfit_feasible"": true, ""crossfit_utility"": -0.004351556301116943, ""crossfit_utility_positive"": false, ""full_batch_cur_after"": 1.093351125717163, ""full_batch_cur_before"": 1.0950133800506592, ""full_batch_gain"": 0.0016622543334960938, ""full_batch_harm"": -0.0015666726976633072, ""full_batch_harm_lcb"": -0.003900623330846429, ""full_batch_harm_se"": 0.0011907911393791437, ""full_batch_harm_ucb"": 0.0007672779355198146, ""full_batch_safe"": true}, ""adapter_2"": {""crossfit_feasible"": true, ""crossfit_utility"": -0.016289949417114258, ""crossfit_utility_positive"": false, ""full_batch_cur_after"": 1.103278398513794, ""full_batch_cur_before"": 1.1088831424713135, ""full_batch_gain"": 0.005604743957519531, ""full_batch_harm"": -0.003929894417524338, ""full_batch_harm_lcb"": -0.007190062310546637, ""full_batch_harm_se"": 0.0016633509658277035, ""full_batch_harm_ucb"": -0.0006697265245020389, ""full_batch_safe"": true}, ""default"": {""crossfit_feasible"": true, ""crossfit_utility"": -0.05933523178100586, ""crossfit_utility_positive"": false, ""full_batch_cur_after"": 1.14900803565979, ""full_batch_cur_before"": 1.1555510759353638, ""full_batch_gain"": 0.0065430402755737305, ""full_batch_harm"": -0.0006079105660319328, ""full_batch_harm_lcb"": -0.004930014545097947, ""full_batch_harm_se"": 0.0022051550913602114, ""full_batch_harm_ucb"": 0.003714193413034081, ""full_batch_safe"": true}}, ""guarded_best_reuse"": ""adapter_1"", ""num_adapters"": 3, ""pending_after"": false, ""pending_before"": false, ""policy_version"": ""cau_v1"", ""reason"": ""safe_existing_reuse"", ""utility"": {""batch_n"": 16, ""best_reuse"": ""adapter_1"", ""best_reuse_query_after"": 1.0993648171424866, ""best_reuse_utility"": -0.004351556301116943, ""defer_utility"": 0.0, ""fold_a_fresh_utility"": 0.01711404323577881, ""fold_a_query_n"": 8, ""fold_a_support_n"": 8, ""fold_b_fresh_utility"": -0.04242217540740967, ""fold_b_query_n"": 8, ""fold_b_support_n"": 8, ""fresh_advantage"": -0.008302509784698486, ""fresh_local_trainability"": -0.013595938682556152, ""fresh_positive"": false, ""fresh_query_after"": 1.107667326927185, ""fresh_query_before"": 1.094071388244629, ""fresh_utility"": -0.01265406608581543, ""reuse_profiles"": {""adapter_1"": {""feasible_both"": true, ""fold_a_harm"": -9.25753265619278e-05, ""fold_a_lcb"": -0.0021347837848588822, ""fold_a_query_after"": 1.1426353454589844, ""fold_a_utility"": -0.003035426139831543, ""fold_b_harm"": -0.0020220670849084854, ""fold_b_lcb"": -0.005842897361144423, ""fold_b_query_after"": 1.0560942888259888, ""fold_b_utility"": -0.005667686462402344, ""harm_lcb_max"": -0.0021347837848588822, ""harm_mean"": -0.0010573212057352066, ""harm_se_mean"": 0.0014956731465645134, ""harm_ucb_max"": 0.0019496331317350266, ""local_trainability"": -0.004351556301116943, ""query_after"": 1.0993648171424866, ""query_before"": 1.0950132608413696, ""system_utility"": -0.004351556301116943}, ""adapter_2"": {""feasible_both"": true, ""fold_a_harm"": -0.0029540350660681725, ""fold_a_lcb"": -0.0042570689599961044, ""fold_a_query_after"": 1.1251437664031982, ""fold_a_utility"": 0.01445615291595459, ""fold_b_harm"": -0.0031342944130301476, ""fold_b_lcb"": -0.009112572213634849, ""fold_b_query_after"": 1.0974626541137695, ""fold_b_utility"": -0.047036051750183105, ""harm_lcb_max"": -0.0042570689599961044, ""harm_mean"": -0.00304416473954916, ""harm_se_mean"": 0.0018574774730950594, ""harm_ucb_max"": 0.0028439833875745536, ""local_trainability"": -0.0024199485778808594, ""query_after"": 1.1113032102584839, ""query_before"": 1.108883261680603, ""system_utility"": -0.016289949417114258}, ""default"": {""feasible_both"": true, ""fold_a_harm"": -0.00046633556485176086, ""fold_a_lcb"": -0.004956849319860339, ""fold_a_query_after"": 1.0918240547180176, ""fold_a_utility"": 0.047775864601135254, ""fold_b_harm"": -0.0009738607332110405, ""fold_b_lcb"": -0.0045352014619857075, ""fold_b_query_after"": 1.2168729305267334, ""fold_b_utility"": -0.16644632816314697, ""harm_lcb_max"": -0.0045352014619857075, ""harm_mean"": -0.0007200981490314007, ""harm_se_mean"": 0.002054044511169195, ""harm_ucb_max"": 0.004024178190156817, ""local_trainability"": 0.0012025833129882812, ""query_after"": 1.1543484926223755, ""query_before"": 1.1555510759353638, ""system_utility"": -0.05933523178100586}}, ""status"": ""ok"", ""statusquo_loss"": 1.0950132608413696}, ""utility_status"": ""ok""}"
85,B2,B,2,default,reuse,safe_existing_reuse,1.0943832397460938,3,True,442368,1778697,0,69176844,740355,17768856,1136,55.81597791798413,563894272,0.0,48.83180092647672,5.338020987808704,1.113017499446869,-0.00799471139907837,0.01913386583328247,-0.02712857723236084,False,,"{""best_reuse"": ""default"", ""best_reuse_utility"": 0.01913386583328247, ""decision"": ""reuse"", ""fresh_advantage"": -0.02712857723236084, ""fresh_positive"": false, ""fresh_utility"": -0.00799471139907837, ""full_batch_guards"": {""adapter_1"": {""crossfit_feasible"": true, ""crossfit_utility"": 0.0022917985916137695, ""crossfit_utility_positive"": true, ""full_batch_cur_after"": 1.1046767234802246, ""full_batch_cur_before"": 1.1130174398422241, ""full_batch_gain"": 0.008340716361999512, ""full_batch_harm"": -0.004048630595207214, ""full_batch_harm_lcb"": -0.008123676404356957, ""full_batch_harm_se"": 0.0020791050046682358, ""full_batch_harm_ucb"": 2.6415213942527875e-05, ""full_batch_safe"": true}, ""adapter_2"": {""crossfit_feasible"": true, ""crossfit_utility"": 0.006305992603302002, ""crossfit_utility_positive"": true, ""full_batch_cur_after"": 1.0971332788467407, ""full_batch_cur_before"": 1.1065138578414917, ""full_batch_gain"": 0.009380578994750977, ""full_batch_harm"": -0.0018701627850532532, ""full_batch_harm_lcb"": -0.0087898035813123, ""full_batch_harm_se"": 0.0035304289776831865, ""full_batch_harm_ucb"": 0.005049478011205792, ""full_batch_safe"": true}, ""default"": {""crossfit_feasible"": true, ""crossfit_utility"": 0.01913386583328247, ""crossfit_utility_positive"": true, ""full_batch_cur_after"": 1.0869877338409424, ""full_batch_cur_before"": 1.0880992412567139, ""full_batch_gain"": 0.0011115074157714844, ""full_batch_harm"": -0.0007015252485871315, ""full_batch_harm_lcb"": -0.0028686576196923852, ""full_batch_harm_se"": 0.0011056797811761498, ""full_batch_harm_ucb"": 0.0014656071225181222, ""full_batch_safe"": true}}, ""guarded_best_reuse"": ""default"", ""num_adapters"": 3, ""pending_after"": false, ""pending_before"": false, ""policy_version"": ""cau_v1"", ""reason"": ""safe_existing_reuse"", ""utility"": {""batch_n"": 16, ""best_reuse"": ""default"", ""best_reuse_query_after"": 1.0938836336135864, ""best_reuse_utility"": 0.01913386583328247, ""defer_utility"": 0.0, ""fold_a_fresh_utility"": -0.047849297523498535, ""fold_a_query_n"": 8, ""fold_a_support_n"": 8, ""fold_b_fresh_utility"": 0.0318598747253418, ""fold_b_query_n"": 8, ""fold_b_support_n"": 8, ""fresh_advantage"": -0.02712857723236084, ""fresh_local_trainability"": -0.010798513889312744, ""fresh_positive"": false, ""fresh_query_after"": 1.1210122108459473, ""fresh_query_before"": 1.1102136969566345, ""fresh_utility"": -0.00799471139907837, ""reuse_profiles"": {""adapter_1"": {""feasible_both"": true, ""fold_a_harm"": -0.004062988795340061, ""fold_a_lcb"": -0.008435370922088622, ""fold_a_query_after"": 1.052743911743164, ""fold_a_utility"": 0.00019562244415283203, ""fold_b_harm"": -0.002405453473329544, ""fold_b_lcb"": -0.0046363045834004885, ""fold_b_query_after"": 1.1687074899673462, ""fold_b_utility"": 0.004387974739074707, ""harm_lcb_max"": -0.0046363045834004885, ""harm_mean"": -0.0032342211343348026, ""harm_se_mean"": 0.0016844982746988535, ""harm_ucb_max"": 0.0003093933314085003, ""local_trainability"": 0.0022917985916137695, ""query_after"": 1.1107257008552551, ""query_before"": 1.113017499446869, ""system_utility"": 0.0022917985916137695}, ""adapter_2"": {""feasible_both"": true, ""fold_a_harm"": -0.0015427246689796448, ""fold_a_lcb"": -0.009182031834498047, ""fold_a_query_after"": 1.0683317184448242, ""fold_a_utility"": -0.015392184257507324, ""fold_b_harm"": -0.0022756028920412064, ""fold_b_lcb"": -0.0051824711356312034, ""fold_b_query_after"": 1.1450912952423096, ""fold_b_utility"": 0.028004169464111328, ""harm_lcb_max"": -0.0051824711356312034, ""harm_mean"": -0.0019091637805104256, ""harm_se_mean"": 0.0026903508696705103, ""harm_ucb_max"": 0.006096582496538758, ""local_trainability"": -0.00019752979278564453, ""query_after"": 1.106711506843567, ""query_before"": 1.1065139770507812, ""system_utility"": 0.006305992603302002}, ""default"": {""feasible_both"": true, ""fold_a_harm"": -0.0007353499531745911, ""fold_a_lcb"": -0.0034004922257736326, ""fold_a_query_after"": 1.1328370571136475, ""fold_a_utility"": -0.07989752292633057, ""fold_b_harm"": -0.0007263636216521263, ""fold_b_lcb"": -0.004410360669717193, ""fold_b_query_after"": 1.0549302101135254, ""fold_b_utility"": 0.11816525459289551, ""harm_lcb_max"": -0.0034004922257736326, ""harm_mean"": -0.0007308567874133587, ""harm_se_mean"": 0.001619678398128599, ""harm_ucb_max"": 0.00295763342641294, ""local_trainability"": -0.005784392356872559, ""query_after"": 1.0938836336135864, ""query_before"": 1.0880992412567139, ""system_utility"": 0.01913386583328247}}, ""status"": ""ok"", ""statusquo_loss"": 1.113017499446869}, ""utility_status"": ""ok""}"
86,B2,B,2,adapter_2,reuse,pending_fresh_safe_existing_reuse,1.1294527053833008,3,True,442368,1778697,0,69176844,740355,17768856,1152,56.72725488618016,565467136,0.0,49.734536837786436,5.338020987808704,1.1869444251060486,0.16727006435394287,0.06152236461639404,0.10574769973754883,True,,"{""best_reuse"": ""adapter_2"", ""best_reuse_utility"": 0.06152236461639404, ""decision"": ""reuse"", ""fresh_advantage"": 0.10574769973754883, ""fresh_positive"": true, ""fresh_utility"": 0.16727006435394287, ""full_batch_guards"": {""adapter_1"": {""crossfit_feasible"": true, ""crossfit_utility"": 0.06036120653152466, ""crossfit_utility_positive"": true, ""full_batch_cur_after"": 1.1242709159851074, ""full_batch_cur_before"": 1.1278204917907715, ""full_batch_gain"": 0.0035495758056640625, ""full_batch_harm"": -0.0010987678542733192, ""full_batch_harm_lcb"": -0.002201740469317883, ""full_batch_harm_se"": 0.0005627411301247776, ""full_batch_harm_ucb"": 4.204760771244669e-06, ""full_batch_safe"": true}, ""adapter_2"": {""crossfit_feasible"": true, ""crossfit_utility"": 0.06152236461639404, ""crossfit_utility_positive"": true, ""full_batch_cur_after"": 1.1215687990188599, ""full_batch_cur_before"": 1.1305530071258545, ""full_batch_gain"": 0.008984208106994629, ""full_batch_harm"": -0.005119051784276962, ""full_batch_harm_lcb"": -0.008067258317023516, ""full_batch_harm_se"": 0.0015041870065033436, ""full_batch_harm_ucb"": -0.0021708452515304087, ""full_batch_safe"": true}, ""default"": {""crossfit_feasible"": true, ""crossfit_utility"": 0.014094412326812744, ""crossfit_utility_positive"": true, ""full_batch_cur_after"": 1.1709976196289062, ""full_batch_cur_before"": 1.1869444847106934, ""full_batch_gain"": 0.01594686508178711, ""full_batch_harm"": -0.0013173017650842667, ""full_batch_harm_lcb"": -0.005447230730205774, ""full_batch_harm_se"": 0.002107106614857912, ""full_batch_harm_ucb"": 0.002812627200037241, ""full_batch_safe"": true}}, ""guarded_best_reuse"": ""adapter_2"", ""num_adapters"": 3, ""pending_after"": true, ""pending_before"": false, ""policy_version"": ""cau_v1"", ""reason"": ""pending_fresh_safe_existing_reuse"", ""utility"": {""batch_n"": 16, ""best_reuse"": ""adapter_2"", ""best_reuse_query_after"": 1.1254220604896545, ""best_reuse_utility"": 0.06152236461639404, ""defer_utility"": 0.0, ""fold_a_fresh_utility"": 0.20394957065582275, ""fold_a_query_n"": 8, ""fold_a_support_n"": 8, ""fold_b_fresh_utility"": 0.130590558052063, ""fold_b_query_n"": 8, ""fold_b_support_n"": 8, ""fresh_advantage"": 0.10574769973754883, ""fresh_local_trainability"": 0.042430996894836426, ""fresh_positive"": true, ""fresh_query_after"": 1.0196743607521057, ""fresh_query_before"": 1.0621053576469421, ""fresh_utility"": 0.16727006435394287, ""reuse_profiles"": {""adapter_1"": {""feasible_both"": true, ""fold_a_harm"": -0.0014941375702619553, ""fold_a_lcb"": -0.002508169545326382, ""fold_a_query_after"": 1.1046390533447266, ""fold_a_utility"": 0.09761214256286621, ""fold_b_harm"": -0.0008555622771382332, ""fold_b_lcb"": -0.001816417609807104, ""fold_b_query_after"": 1.1485273838043213, ""fold_b_utility"": 0.023110270500183105, ""harm_lcb_max"": -0.001816417609807104, ""harm_mean"": -0.0011748499237000942, ""harm_se_mean"": 0.0005037977825850248, ""harm_ucb_max"": 0.0001052930555306375, ""local_trainability"": 0.0012372732162475586, ""query_after"": 1.126583218574524, ""query_before"": 1.1278204917907715, ""system_utility"": 0.06036120653152466}, ""adapter_2"": {""feasible_both"": true, ""fold_a_harm"": -0.0048692841082811356, ""fold_a_lcb"": -0.007782526393420994, ""fold_a_query_after"": 1.1322152614593506, ""fold_a_utility"": 0.07003593444824219, ""fold_b_harm"": -0.004791771061718464, ""fold_b_lcb"": -0.007504792460240424, ""fold_b_query_after"": 1.1186288595199585, ""fold_b_utility"": 0.0530087947845459, ""harm_lcb_max"": -0.007504792460240424, ""harm_mean"": -0.0048305275849998, ""harm_se_mean"": 0.0014352713478729129, ""harm_ucb_max"": -0.001956041823141277, ""local_trainability"": 0.0051310062408447266, ""query_after"": 1.1254220604896545, ""query_before"": 1.1305530667304993, ""system_utility"": 0.06152236461639404}, ""default"": {""feasible_both"": true, ""fold_a_harm"": -0.001254415139555931, ""fold_a_lcb"": -0.005208506351336837, ""fold_a_query_after"": 1.185140609741211, ""fold_a_utility"": 0.017110586166381836, ""fold_b_harm"": -0.0013285037130117416, ""fold_b_lcb"": -0.005456411056220531, ""fold_b_query_after"": 1.1605594158172607, ""fold_b_utility"": 0.011078238487243652, ""harm_lcb_max"": -0.005208506351336837, ""harm_mean"": -0.0012914594262838364, ""harm_se_mean"": 0.0020617343252524734, ""harm_ucb_max"": 0.002799403630197048, ""local_trainability"": 0.014094412326812744, ""query_after"": 1.1728500127792358, ""query_before"": 1.1869444251060486, ""system_utility"": 0.014094412326812744}}, ""status"": ""ok"", ""statusquo_loss"": 1.1869444251060486}, ""utility_status"": ""ok""}"
87,B2,B,2,default,reuse,safe_existing_reuse,1.11427903175354,3,True,442368,1778697,0,69176844,740355,17768856,1152,57.65608835965395,565467136,0.0,50.65463847666979,5.338020987808704,1.1437503695487976,0.008527517318725586,0.02980881929397583,-0.021281301975250244,False,,"{""best_reuse"": ""default"", ""best_reuse_utility"": 0.02980881929397583, ""decision"": ""reuse"", ""fresh_advantage"": -0.021281301975250244, ""fresh_positive"": false, ""fresh_utility"": 0.008527517318725586, ""full_batch_guards"": {""adapter_1"": {""crossfit_feasible"": true, ""crossfit_utility"": 0.013287246227264404, ""crossfit_utility_positive"": true, ""full_batch_cur_after"": 1.1236369609832764, ""full_batch_cur_before"": 1.1307753324508667, ""full_batch_gain"": 0.007138371467590332, ""full_batch_harm"": -0.0034546339884400368, ""full_batch_harm_lcb"": -0.006387827354483306, ""full_batch_harm_se"": 0.0014965272275730968, ""full_batch_harm_ucb"": -0.0005214406223967671, ""full_batch_safe"": true}, ""adapter_2"": {""crossfit_feasible"": true, ""crossfit_utility"": -0.0015267133712768555, ""crossfit_utility_positive"": false, ""full_batch_cur_after"": 1.1344915628433228, ""full_batch_cur_before"": 1.1437503099441528, ""full_batch_gain"": 0.009258747100830078, ""full_batch_harm"": -0.006046649068593979, ""full_batch_harm_lcb"": -0.011370765613391995, ""full_batch_harm_se"": 0.002716385992243886, ""full_batch_harm_ucb"": -0.000722532523795962, ""full_batch_safe"": true}, ""default"": {""crossfit_feasible"": true, ""crossfit_utility"": 0.02980881929397583, ""crossfit_utility_positive"": true, ""full_batch_cur_after"": 1.1061688661575317, ""full_batch_cur_before"": 1.111916422843933, ""full_batch_gain"": 0.005747556686401367, ""full_batch_harm"": -0.0010475963354110718, ""full_batch_harm_lcb"": -0.004396730195730924, ""full_batch_harm_se"": 0.0017087417654693127, ""full_batch_harm_ucb"": 0.002301537524908781, ""full_batch_safe"": true}}, ""guarded_best_reuse"": ""default"", ""num_adapters"": 3, ""pending_after"": false, ""pending_before"": true, ""policy_version"": ""cau_v1"", ""reason"": ""safe_existing_reuse"", ""utility"": {""batch_n"": 16, ""best_reuse"": ""default"", ""best_reuse_query_after"": 1.1139415502548218, ""best_reuse_utility"": 0.02980881929397583, ""defer_utility"": 0.0, ""fold_a_fresh_utility"": -0.06704998016357422, ""fold_a_query_n"": 8, ""fold_a_support_n"": 8, ""fold_b_fresh_utility"": 0.08410501480102539, ""fold_b_query_n"": 8, ""fold_b_support_n"": 8, ""fresh_advantage"": -0.021281301975250244, ""fresh_local_trainability"": -0.02926003932952881, ""fresh_positive"": false, ""fresh_query_after"": 1.135222852230072, ""fresh_query_before"": 1.1059628129005432, ""fresh_utility"": 0.008527517318725586, ""reuse_profiles"": {""adapter_1"": {""feasible_both"": true, ""fold_a_harm"": -0.0028020264580845833, ""fold_a_lcb"": -0.0050636310921981925, ""fold_a_query_after"": 1.0663731098175049, ""fold_a_utility"": 0.020737409591674805, ""fold_b_harm"": -0.0033702580258250237, ""fold_b_lcb"": -0.0073261276260018346, ""fold_b_query_after"": 1.1945531368255615, ""fold_b_utility"": 0.005837082862854004, ""harm_lcb_max"": -0.0050636310921981925, ""harm_mean"": -0.0030861422419548035, ""harm_se_mean"": 0.0015860903658904135, ""harm_ucb_max"": 0.0005856115743517873, ""local_trainability"": 0.0003122091293334961, ""query_after"": 1.1304631233215332, ""query_before"": 1.1307753324508667, ""system_utility"": 0.013287246227264404}, ""adapter_2"": {""feasible_both"": true, ""fold_a_harm"": -0.007352788001298904, ""fold_a_lcb"": -0.013422121843323111, ""fold_a_query_after"": 1.0903533697128296, ""fold_a_utility"": -0.0032428503036499023, ""fold_b_harm"": -0.002405255101621151, ""fold_b_lcb"": -0.0058011516323313115, ""fold_b_query_after"": 1.2002007961273193, ""fold_b_utility"": 0.0001894235610961914, ""harm_lcb_max"": -0.0058011516323313115, ""harm_mean"": -0.004879021551460028, ""harm_se_mean"": 0.0024145995848812163, ""harm_ucb_max"": 0.0009906414290890096, ""local_trainability"": -0.0015267133712768555, ""query_after"": 1.1452770829200745, ""query_before"": 1.1437503695487976, ""system_utility"": -0.0015267133712768555}, ""default"": {""feasible_both"": true, ""fold_a_harm"": -0.001248151995241642, ""fold_a_lcb"": -0.005261592185124755, ""fold_a_query_after"": 1.0719056129455566, ""fold_a_utility"": 0.015204906463623047, ""fold_b_harm"": -0.0005366364493966103, ""fold_b_lcb"": -0.0021408411255106332, ""fold_b_query_after"": 1.155977487564087, ""fold_b_utility"": 0.04441273212432861, ""harm_lcb_max"": -0.0021408411255106332, ""harm_mean"": -0.0008923942223191261, ""harm_se_mean"": 0.0014330726698972285, ""harm_ucb_max"": 0.0027652881946414708, ""local_trainability"": -0.0020251870155334473, ""query_after"": 1.1139415502548218, ""query_before"": 1.1119163632392883, ""system_utility"": 0.02980881929397583}}, ""status"": ""ok"", ""statusquo_loss"": 1.1437503695487976}, ""utility_status"": ""ok""}"
88,B2,B,2,default,reuse,safe_existing_reuse,1.0908563137054443,3,True,442368,1778697,0,69176844,740355,17768856,1152,58.603502068668604,565467136,0.0,51.59302144125104,5.338020987808704,1.0982375144958496,-0.031232774257659912,0.002369403839111328,-0.03360217809677124,False,,"{""best_reuse"": ""default"", ""best_reuse_utility"": 0.002369403839111328, ""decision"": ""reuse"", ""fresh_advantage"": -0.03360217809677124, ""fresh_positive"": false, ""fresh_utility"": -0.031232774257659912, ""full_batch_guards"": {""adapter_1"": {""crossfit_feasible"": true, ""crossfit_utility"": -0.08686196804046631, ""crossfit_utility_positive"": false, ""full_batch_cur_after"": 1.1794342994689941, ""full_batch_cur_before"": 1.18687105178833, ""full_batch_gain"": 0.0074367523193359375, ""full_batch_harm"": -0.0031527718529105186, ""full_batch_harm_lcb"": -0.0058572809910401695, ""full_batch_harm_se"": 0.001379851601086557, ""full_batch_harm_ucb"": -0.00044826271478086736, ""full_batch_safe"": true}, ""adapter_2"": {""crossfit_feasible"": true, ""crossfit_utility"": -0.07723325490951538, ""crossfit_utility_positive"": false, ""full_batch_cur_after"": 1.1667799949645996, ""full_batch_cur_before"": 1.1802453994750977, ""full_batch_gain"": 0.013465404510498047, ""full_batch_harm"": -0.0071783000603318214, ""full_batch_harm_lcb"": -0.013317411802709102, ""full_batch_harm_se"": 0.0031321998685598373, ""full_batch_harm_ucb"": -0.0010391883179545402, ""full_batch_safe"": true}, ""default"": {""crossfit_feasible"": true, ""crossfit_utility"": 0.002369403839111328, ""crossfit_utility_positive"": true, ""full_batch_cur_after"": 1.088858723640442, ""full_batch_cur_before"": 1.0982375144958496, ""full_batch_gain"": 0.009378790855407715, ""full_batch_harm"": -0.0008820509538054466, ""full_batch_harm_lcb"": -0.005529942726716399, ""full_batch_harm_se"": 0.002371373353525996, ""full_batch_harm_ucb"": 0.003765840819105506, ""full_batch_safe"": true}}, ""guarded_best_reuse"": ""default"", ""num_adapters"": 3, ""pending_after"": false, ""pending_before"": false, ""policy_version"": ""cau_v1"", ""reason"": ""safe_existing_reuse"", ""utility"": {""batch_n"": 16, ""best_reuse"": ""default"", ""best_reuse_query_after"": 1.0958681106567383, ""best_reuse_utility"": 0.002369403839111328, ""defer_utility"": 0.0, ""fold_a_fresh_utility"": 0.023444175720214844, ""fold_a_query_n"": 8, ""fold_a_support_n"": 8, ""fold_b_fresh_utility"": -0.08590972423553467, ""fold_b_query_n"": 8, ""fold_b_support_n"": 8, ""fresh_advantage"": -0.03360217809677124, ""fresh_local_trainability"": -0.016363561153411865, ""fresh_positive"": false, ""fresh_query_after"": 1.1294702887535095, ""fresh_query_before"": 1.1131067276000977, ""fresh_utility"": -0.031232774257659912, ""reuse_profiles"": {""adapter_1"": {""feasible_both"": true, ""fold_a_harm"": -0.0032978588715195656, ""fold_a_lcb"": -0.00614020976703614, ""fold_a_query_after"": 1.1100213527679443, ""fold_a_utility"": 0.052231788635253906, ""fold_b_harm"": -0.002138911746442318, ""fold_b_lcb"": -0.004054570551961661, ""fold_b_query_after"": 1.2601776123046875, ""fold_b_utility"": -0.22595572471618652, ""harm_lcb_max"": -0.004054570551961661, ""harm_mean"": -0.0027183853089809418, ""harm_se_mean"": 0.001213777984958142, ""harm_ucb_max"": -0.00022325294092297556, ""local_trainability"": 0.0017716288566589355, ""query_after"": 1.185099482536316, ""query_before"": 1.1868711113929749, ""system_utility"": -0.08686196804046631}, ""adapter_2"": {""feasible_both"": true, ""fold_a_harm"": -0.00721319206058979, ""fold_a_lcb"": -0.013496607448905705, ""fold_a_query_after"": 1.103827953338623, ""fold_a_utility"": 0.058425188064575195, ""fold_b_harm"": -0.0050161899998784065, ""fold_b_lcb"": -0.008471742859110235, ""fold_b_query_after"": 1.247113585472107, ""fold_b_utility"": -0.21289169788360596, ""harm_lcb_max"": -0.008471742859110235, ""harm_mean"": -0.0061146910302340984, ""harm_se_mean"": 0.002484430675394833, ""harm_ucb_max"": -0.0009297766722738748, ""local_trainability"": 0.004774749279022217, ""query_after"": 1.175470769405365, ""query_before"": 1.1802455186843872, ""system_utility"": -0.07723325490951538}, ""default"": {""feasible_both"": true, ""fold_a_harm"": -0.0006624059751629829, ""fold_a_lcb"": -0.005341496439650655, ""fold_a_query_after"": 1.161639928817749, ""fold_a_utility"": 0.0006132125854492188, ""fold_b_harm"": -0.0008684052154421806, ""fold_b_lcb"": -0.005012941882014275, ""fold_b_query_after"": 1.0300962924957275, ""fold_b_utility"": 0.0041255950927734375, ""harm_lcb_max"": -0.005012941882014275, ""harm_mean"": -0.0007654055953025818, ""harm_se_mean"": 0.0022509252885356545, ""harm_ucb_max"": 0.004016684489324689, ""local_trainability"": 0.002369403839111328, ""query_after"": 1.0958681106567383, ""query_before"": 1.0982375144958496, ""system_utility"": 0.002369403839111328}}, ""status"": ""ok"", ""statusquo_loss"": 1.0982375144958496}, ""utility_status"": ""ok""}"
89,B2,B,2,adapter_2,reuse,safe_existing_reuse,1.0668728351593018,3,True,442368,1778697,0,69176844,740355,17768856,1168,59.54998851194978,565467136,0.0,52.53012225404382,5.338020987808704,1.125545859336853,-0.005157649517059326,0.060173869132995605,-0.06533151865005493,False,,"{""best_reuse"": ""adapter_2"", ""best_reuse_utility"": 0.060173869132995605, ""decision"": ""reuse"", ""fresh_advantage"": -0.06533151865005493, ""fresh_positive"": false, ""fresh_utility"": -0.005157649517059326, ""full_batch_guards"": {""adapter_1"": {""crossfit_feasible"": true, ""crossfit_utility"": 0.032304584980010986, ""crossfit_utility_positive"": true, ""full_batch_cur_after"": 1.0837417840957642, ""full_batch_cur_before"": 1.0879842042922974, ""full_batch_gain"": 0.004242420196533203, ""full_batch_harm"": -0.002602909691631794, ""full_batch_harm_lcb"": -0.005777045022696256, ""full_batch_harm_se"": 0.0016194568015635014, ""full_batch_harm_ucb"": 0.0005712256394326686, ""full_batch_safe"": true}, ""adapter_2"": {""crossfit_feasible"": true, ""crossfit_utility"": 0.060173869132995605, ""crossfit_utility_positive"": true, ""full_batch_cur_after"": 1.0533453226089478, ""full_batch_cur_before"": 1.0586180686950684, ""full_batch_gain"": 0.0052727460861206055, ""full_batch_harm"": -0.004649372771382332, ""full_batch_harm_lcb"": -0.006570670213550329, ""full_batch_harm_se"": 0.0009802537970244884, ""full_batch_harm_ucb"": -0.0027280753292143346, ""full_batch_safe"": true}, ""default"": {""crossfit_feasible"": true, ""crossfit_utility"": -0.0005956888198852539, ""crossfit_utility_positive"": false, ""full_batch_cur_after"": 1.11823308467865, ""full_batch_cur_before"": 1.1255459785461426, ""full_batch_gain"": 0.007312893867492676, ""full_batch_harm"": -0.0008251583203673363, ""full_batch_harm_lcb"": -0.005727808680385351, ""full_batch_harm_se"": 0.002501352224498987, ""full_batch_harm_ucb"": 0.004077492039650679, ""full_batch_safe"": true}}, ""guarded_best_reuse"": ""adapter_2"", ""num_adapters"": 3, ""pending_after"": false, ""pending_before"": false, ""policy_version"": ""cau_v1"", ""reason"": ""safe_existing_reuse"", ""utility"": {""batch_n"": 16, ""best_reuse"": ""adapter_2"", ""best_reuse_query_after"": 1.0653719902038574, ""best_reuse_utility"": 0.060173869132995605, ""defer_utility"": 0.0, ""fold_a_fresh_utility"": 0.1400989294052124, ""fold_a_query_n"": 8, ""fold_a_support_n"": 8, ""fold_b_fresh_utility"": -0.15041422843933105, ""fold_b_query_n"": 8, ""fold_b_support_n"": 8, ""fresh_advantage"": -0.06533151865005493, ""fresh_local_trainability"": -0.03976845741271973, ""fresh_positive"": false, ""fresh_query_after"": 1.1307035088539124, ""fresh_query_before"": 1.0909350514411926, ""fresh_utility"": -0.005157649517059326, ""reuse_profiles"": {""adapter_1"": {""feasible_both"": true, ""fold_a_harm"": -0.00400431826710701, ""fold_a_lcb"": -0.008285004552453757, ""fold_a_query_after"": 1.0266592502593994, ""fold_a_utility"": 0.23242878913879395, ""fold_b_harm"": 0.0003189053386449814, ""fold_b_lcb"": -0.0013418159913271665, ""fold_b_query_after"": 1.1598232984542847, ""fold_b_utility"": -0.16781961917877197, ""harm_lcb_max"": -0.0013418159913271665, ""harm_mean"": -0.0018427064642310143, ""harm_se_mean"": 0.0015156652079895139, ""harm_ucb_max"": 0.0019796266686171295, ""local_trainability"": -0.005257129669189453, ""query_after"": 1.093241274356842, ""query_before"": 1.0879841446876526, ""system_utility"": 0.032304584980010986}, ""adapter_2"": {""feasible_both"": true, ""fold_a_harm"": -0.0037129921838641167, ""fold_a_lcb"": -0.008046507146209478, ""fold_a_query_after"": 1.0499571561813354, ""fold_a_utility"": 0.2091308832168579, ""fold_b_harm"": -0.00490737147629261, ""fold_b_lcb"": -0.009341059857979417, ""fold_b_query_after"": 1.0807868242263794, ""fold_b_utility"": -0.0887831449508667, ""harm_lcb_max"": -0.008046507146209478, ""harm_mean"": -0.004310181830078363, ""harm_se_mean"": 0.0022365314653143287, ""harm_ucb_max"": 0.0006205227784812448, ""local_trainability"": -0.006753861904144287, ""query_after"": 1.0653719902038574, ""query_before"": 1.0586181282997131, ""system_utility"": 0.060173869132995605}, ""default"": {""feasible_both"": true, ""fold_a_harm"": -0.0006118780001997948, ""fold_a_lcb"": -0.003230461818166077, ""fold_a_query_after"": 1.2524447441101074, ""fold_a_utility"": 0.0066432952880859375, ""fold_b_harm"": -0.0007190126925706863, ""fold_b_lcb"": -0.0063133762776851655, ""fold_b_query_after"": 0.9998383522033691, ""fold_b_utility"": -0.007834672927856445, ""harm_lcb_max"": -0.003230461818166077, ""harm_mean"": -0.0006654453463852406, ""harm_se_mean"": 0.0020951396436430514, ""harm_ucb_max"": 0.004875350892543793, ""local_trainability"": -0.0005956888198852539, ""query_after"": 1.1261415481567383, ""query_before"": 1.125545859336853, ""system_utility"": -0.0005956888198852539}}, ""status"": ""ok"", ""statusquo_loss"": 1.125545859336853}, ""utility_status"": ""ok""}"
90,B2,B,2,default,reuse,safe_existing_reuse,1.094292402267456,3,True,442368,1778697,0,69176844,740355,17768856,1168,60.49896151199937,565467136,0.0,53.46967201679945,5.338020987808704,1.14805668592453,0.03633028268814087,0.05557066202163696,-0.019240379333496094,False,,"{""best_reuse"": ""default"", ""best_reuse_utility"": 0.05557066202163696, ""decision"": ""reuse"", ""fresh_advantage"": -0.019240379333496094, ""fresh_positive"": false, ""fresh_utility"": 0.03633028268814087, ""full_batch_guards"": {""adapter_1"": {""crossfit_feasible"": true, ""crossfit_utility"": 0.017203152179718018, ""crossfit_utility_positive"": true, ""full_batch_cur_after"": 1.125717282295227, ""full_batch_cur_before"": 1.1331217288970947, ""full_batch_gain"": 0.007404446601867676, ""full_batch_harm"": -0.0035564005374908447, ""full_batch_harm_lcb"": -0.006627405313774943, ""full_batch_harm_se"": 0.0015668391715735197, ""full_batch_harm_ucb"": -0.0004853957612067461, ""full_batch_safe"": true}, ""adapter_2"": {""crossfit_feasible"": true, ""crossfit_utility"": 0.00170135498046875, ""crossfit_utility_positive"": true, ""full_batch_cur_after"": 1.1395561695098877, ""full_batch_cur_before"": 1.1480567455291748, ""full_batch_gain"": 0.00850057601928711, ""full_batch_harm"": -0.0014871926978230476, ""full_batch_harm_lcb"": -0.005437335129827261, ""full_batch_harm_se"": 0.0020153787918388844, ""full_batch_harm_ucb"": 0.0024629497341811654, ""full_batch_safe"": true}, ""default"": {""crossfit_feasible"": true, ""crossfit_utility"": 0.05557066202163696, ""crossfit_utility_positive"": true, ""full_batch_cur_after"": 1.0879127979278564, ""full_batch_cur_before"": 1.0944557189941406, ""full_batch_gain"": 0.00654292106628418, ""full_batch_harm"": -0.0007687369361519814, ""full_batch_harm_lcb"": -0.005627019312232732, ""full_batch_harm_se"": 0.0024787154980003834, ""full_batch_harm_ucb"": 0.00408954543992877, ""full_batch_safe"": true}}, ""guarded_best_reuse"": ""default"", ""num_adapters"": 3, ""pending_after"": false, ""pending_before"": false, ""policy_version"": ""cau_v1"", ""reason"": ""safe_existing_reuse"", ""utility"": {""batch_n"": 16, ""best_reuse"": ""default"", ""best_reuse_query_after"": 1.092486023902893, ""best_reuse_utility"": 0.05557066202163696, ""defer_utility"": 0.0, ""fold_a_fresh_utility"": 0.04833579063415527, ""fold_a_query_n"": 8, ""fold_a_support_n"": 8, ""fold_b_fresh_utility"": 0.024324774742126465, ""fold_b_query_n"": 8, ""fold_b_support_n"": 8, ""fresh_advantage"": -0.019240379333496094, ""fresh_local_trainability"": -0.0053525567054748535, ""fresh_positive"": false, ""fresh_query_after"": 1.1117264032363892, ""fresh_query_before"": 1.1063738465309143, ""fresh_utility"": 0.03633028268814087, ""reuse_profiles"": {""adapter_1"": {""feasible_both"": true, ""fold_a_harm"": -0.0038255276158452034, ""fold_a_lcb"": -0.007488511432893574, ""fold_a_query_after"": 1.1316907405853271, ""fold_a_utility"": 0.025998592376708984, ""fold_b_harm"": -0.0028822366148233414, ""fold_b_lcb"": -0.005029929927550256, ""fold_b_query_after"": 1.1300163269042969, ""fold_b_utility"": 0.00840771198272705, ""harm_lcb_max"": -0.005029929927550256, ""harm_mean"": -0.0033538821153342724, ""harm_se_mean"": 0.00148231559433043, ""harm_ucb_max"": -0.00016254379879683273, ""local_trainability"": 0.0022681355476379395, ""query_after"": 1.130853533744812, ""query_before"": 1.13312166929245, ""system_utility"": 0.017203152179718018}, ""adapter_2"": {""feasible_both"": true, ""fold_a_harm"": -0.0007878327742218971, ""fold_a_lcb"": -0.004277955824509263, ""fold_a_query_after"": 1.155657172203064, ""fold_a_utility"": 0.002032160758972168, ""fold_b_harm"": -0.0027570491656661034, ""fold_b_lcb"": -0.0070286728348582985, ""fold_b_query_after"": 1.1370534896850586, ""fold_b_utility"": 0.001370549201965332, ""harm_lcb_max"": -0.004277955824509263, ""harm_mean"": -0.0017724409699440002, ""harm_se_mean"": 0.0019800374284386635, ""harm_ucb_max"": 0.0027022902760654686, ""local_trainability"": 0.00170135498046875, ""query_after"": 1.1463553309440613, ""query_before"": 1.14805668592453, ""system_utility"": 0.00170135498046875}, ""default"": {""feasible_both"": true, ""fold_a_harm"": -0.000600641593337059, ""fold_a_lcb"": -0.004239969924092293, ""fold_a_query_after"": 1.1201138496398926, ""fold_a_utility"": 0.037575483322143555, ""fold_b_harm"": -0.0007239552214741707, ""fold_b_lcb"": -0.00619565655477345, ""fold_b_query_after"": 1.0648581981658936, ""fold_b_utility"": 0.07356584072113037, ""harm_lcb_max"": -0.004239969924092293, ""harm_mean"": -0.0006622984074056149, ""harm_se_mean"": 0.002324242261238396, ""harm_ucb_max"": 0.004747746111825109, ""local_trainability"": 0.0019698143005371094, ""query_after"": 1.092486023902893, ""query_before"": 1.0944558382034302, ""system_utility"": 0.05557066202163696}}, ""status"": ""ok"", ""statusquo_loss"": 1.14805668592453}, ""utility_status"": ""ok""}"
