step,segment,concept,occurrence,adapter,decision,reason,loss,num_adapters,train_executed,lora_parameters,private_head_parameters,unwrapped_shared_head_parameters,total_unique_parameters,currently_trainable_parameters,optimizer_state_bytes,replay_items,elapsed_seconds,gpu_peak_allocated_bytes,component_audit_seconds,live_training_seconds,evaluation_seconds,memory_budget,allocated_memory_slots,statusquo_loss,fresh_utility,best_reuse_utility,fresh_advantage,fresh_positive,fresh_feasible_both,info
1,B1,B,1,default,warmup,existing_warmup,4.346154689788818,1,True,147456,649805,0,67809946,206669,1653456,16,2.0790274469181895,450134528,0.0,0.4186286369804293,0.0,512,512,,,,,,,"{""best_reuse"": null, ""best_reuse_utility"": null, ""decision"": ""warmup"", ""fresh_positive"": null, ""fresh_utility"": null, ""full_batch_guards"": {}, ""guarded_best_reuse"": null, ""num_adapters"": 1, ""pending_after"": false, ""pending_before"": false, ""policy_version"": ""cau_v1"", ""reason"": ""existing_warmup"", ""utility_status"": ""warmup""}"
2,B1,B,1,default,warmup,existing_warmup,4.267744541168213,1,True,147456,649805,0,67809946,206669,1653456,32,2.1061487179249525,466695168,0.0,0.4412983790971339,0.0,512,512,,,,,,,"{""best_reuse"": null, ""best_reuse_utility"": null, ""decision"": ""warmup"", ""fresh_positive"": null, ""fresh_utility"": null, ""full_batch_guards"": {}, ""guarded_best_reuse"": null, ""num_adapters"": 1, ""pending_after"": false, ""pending_before"": false, ""policy_version"": ""cau_v1"", ""reason"": ""existing_warmup"", ""utility_status"": ""warmup""}"
3,B1,B,1,default,warmup,existing_warmup,4.2610063552856445,1,True,147456,649805,0,67809946,206669,1653456,48,2.131687160814181,466695168,0.0,0.4637952062766999,0.0,512,512,,,,,,,"{""best_reuse"": null, ""best_reuse_utility"": null, ""decision"": ""warmup"", ""fresh_positive"": null, ""fresh_utility"": null, ""full_batch_guards"": {}, ""guarded_best_reuse"": null, ""num_adapters"": 1, ""pending_after"": false, ""pending_before"": false, ""policy_version"": ""cau_v1"", ""reason"": ""existing_warmup"", ""utility_status"": ""warmup""}"
4,B1,B,1,default,warmup,existing_warmup,4.262241840362549,1,True,147456,649805,0,67809946,206669,1653456,64,2.1578620087821037,475226624,0.0,0.48697929130867124,0.0,512,512,,,,,,,"{""best_reuse"": null, ""best_reuse_utility"": null, ""decision"": ""warmup"", ""fresh_positive"": null, ""fresh_utility"": null, ""full_batch_guards"": {}, ""guarded_best_reuse"": null, ""num_adapters"": 1, ""pending_after"": false, ""pending_before"": false, ""policy_version"": ""cau_v1"", ""reason"": ""existing_warmup"", ""utility_status"": ""warmup""}"
5,B1,B,1,default,reuse,safe_existing_reuse,4.276516437530518,1,True,147456,649805,0,67809946,206669,1653456,80,2.5652472279034555,475226624,0.0,0.8916401523165405,0.0,512,512,4.257940292358398,-0.07125425338745117,0.022434234619140625,-0.0936884880065918,False,,"{""best_reuse"": ""default"", ""best_reuse_utility"": 0.022434234619140625, ""decision"": ""reuse"", ""fresh_advantage"": -0.0936884880065918, ""fresh_positive"": false, ""fresh_utility"": -0.07125425338745117, ""full_batch_guards"": {""default"": {""crossfit_feasible"": true, ""crossfit_utility"": 0.022434234619140625, ""crossfit_utility_positive"": true, ""full_batch_cur_after"": 4.233941078186035, ""full_batch_cur_before"": 4.257940292358398, ""full_batch_gain"": 0.02399921417236328, ""full_batch_harm"": -0.023119449615478516, ""full_batch_harm_lcb"": -0.0236680649232585, ""full_batch_harm_se"": 0.00027990576927550137, ""full_batch_harm_ucb"": -0.02257083430769853, ""full_batch_safe"": true}}, ""guarded_best_reuse"": ""default"", ""num_adapters"": 1, ""pending_after"": false, ""pending_before"": false, ""policy_version"": ""cau_v1"", ""reason"": ""safe_existing_reuse"", ""utility"": {""batch_n"": 16, ""best_reuse"": ""default"", ""best_reuse_query_after"": 4.235506057739258, ""best_reuse_utility"": 0.022434234619140625, ""budget_blocked_fresh"": false, ""defer_utility"": 0.0, ""fold_a_fresh_utility"": -0.06273603439331055, ""fold_a_query_n"": 8, ""fold_a_support_n"": 8, ""fold_b_fresh_utility"": -0.0797724723815918, ""fold_b_query_n"": 8, ""fold_b_support_n"": 8, ""fresh_advantage"": -0.0936884880065918, ""fresh_local_trainability"": 0.013148784637451172, ""fresh_positive"": false, ""fresh_query_after"": 4.32919454574585, ""fresh_query_before"": 4.342343330383301, ""fresh_utility"": -0.07125425338745117, ""max_adapters"": 8, ""reuse_profiles"": {""default"": {""feasible_both"": true, ""fold_a_harm"": -0.02279997617006302, ""fold_a_lcb"": -0.023497126097790897, ""fold_a_query_after"": 4.220920562744141, ""fold_a_utility"": 0.022019386291503906, ""fold_b_harm"": -0.022384099662303925, ""fold_b_lcb"": -0.02285183842817787, ""fold_b_query_after"": 4.250091552734375, ""fold_b_utility"": 0.022849082946777344, ""harm_lcb_max"": -0.02285183842817787, ""harm_mean"": -0.02259203791618347, ""harm_se_mean"": 0.0002971654830616899, ""harm_ucb_max"": -0.021916360896429978, ""local_trainability"": 0.022434234619140625, ""query_after"": 4.235506057739258, ""query_before"": 4.257940292358398, ""system_utility"": 0.022434234619140625}}, ""status"": ""ok"", ""statusquo_loss"": 4.257940292358398, ""total_memory_budget"": 512}, ""utility_status"": ""ok""}"
6,B1,B,1,default,reuse,safe_existing_reuse,4.21665620803833,1,True,147456,649805,0,67809946,206669,1653456,96,2.9717678448650986,475226624,0.0,1.294833257328719,0.0,512,512,4.190073728561401,-0.10152006149291992,0.02137923240661621,-0.12289929389953613,False,,"{""best_reuse"": ""default"", ""best_reuse_utility"": 0.02137923240661621, ""decision"": ""reuse"", ""fresh_advantage"": -0.12289929389953613, ""fresh_positive"": false, ""fresh_utility"": -0.10152006149291992, ""full_batch_guards"": {""default"": {""crossfit_feasible"": true, ""crossfit_utility"": 0.02137923240661621, ""crossfit_utility_positive"": true, ""full_batch_cur_after"": 4.1666412353515625, ""full_batch_cur_before"": 4.190073490142822, ""full_batch_gain"": 0.023432254791259766, ""full_batch_harm"": -0.023280419409275055, ""full_batch_harm_lcb"": -0.023684983859420753, ""full_batch_harm_se"": 0.00020641043374780566, ""full_batch_harm_ucb"": -0.022875854959129357, ""full_batch_safe"": true}}, ""guarded_best_reuse"": ""default"", ""num_adapters"": 1, ""pending_after"": false, ""pending_before"": false, ""policy_version"": ""cau_v1"", ""reason"": ""safe_existing_reuse"", ""utility"": {""batch_n"": 16, ""best_reuse"": ""default"", ""best_reuse_query_after"": 4.168694496154785, ""best_reuse_utility"": 0.02137923240661621, ""budget_blocked_fresh"": false, ""defer_utility"": 0.0, ""fold_a_fresh_utility"": -0.09766530990600586, ""fold_a_query_n"": 8, ""fold_a_support_n"": 8, ""fold_b_fresh_utility"": -0.10537481307983398, ""fold_b_query_n"": 8, ""fold_b_support_n"": 8, ""fresh_advantage"": -0.12289929389953613, ""fresh_local_trainability"": 0.008605718612670898, ""fresh_positive"": false, ""fresh_query_after"": 4.291593790054321, ""fresh_query_before"": 4.300199508666992, ""fresh_utility"": -0.10152006149291992, ""max_adapters"": 8, ""reuse_profiles"": {""default"": {""feasible_both"": true, ""fold_a_harm"": -0.022664036601781845, ""fold_a_lcb"": -0.02321341121569276, ""fold_a_query_after"": 4.19573974609375, ""fold_a_utility"": 0.02116107940673828, ""fold_b_harm"": -0.022364232689142227, ""fold_b_lcb"": -0.02283578957663849, ""fold_b_query_after"": 4.14164924621582, ""fold_b_utility"": 0.02159738540649414, ""harm_lcb_max"": -0.02283578957663849, ""harm_mean"": -0.022514134645462036, ""harm_se_mean"": 0.000260441709542647, ""harm_ucb_max"": -0.021892675801645965, ""local_trainability"": 0.02137923240661621, ""query_after"": 4.168694496154785, ""query_before"": 4.190073728561401, ""system_utility"": 0.02137923240661621}}, ""status"": ""ok"", ""statusquo_loss"": 4.190073728561401, ""total_memory_budget"": 512}, ""utility_status"": ""ok""}"
7,B1,B,1,default,reuse,safe_existing_reuse,4.1620941162109375,1,True,147456,649805,0,67809946,206669,1653456,112,3.3751965858973563,475226624,0.0,1.6949983974918723,0.0,512,512,4.174548625946045,-0.12487411499023438,0.022859573364257812,-0.1477336883544922,False,,"{""best_reuse"": ""default"", ""best_reuse_utility"": 0.022859573364257812, ""decision"": ""reuse"", ""fresh_advantage"": -0.1477336883544922, ""fresh_positive"": false, ""fresh_utility"": -0.12487411499023438, ""full_batch_guards"": {""default"": {""crossfit_feasible"": true, ""crossfit_utility"": 0.022859573364257812, ""crossfit_utility_positive"": true, ""full_batch_cur_after"": 4.150105953216553, ""full_batch_cur_before"": 4.174548625946045, ""full_batch_gain"": 0.024442672729492188, ""full_batch_harm"": -0.023275982588529587, ""full_batch_harm_lcb"": -0.023811307557625696, ""full_batch_harm_se"": 0.0002731249842327088, ""full_batch_harm_ucb"": -0.022740657619433478, ""full_batch_safe"": true}}, ""guarded_best_reuse"": ""default"", ""num_adapters"": 1, ""pending_after"": false, ""pending_before"": false, ""policy_version"": ""cau_v1"", ""reason"": ""safe_existing_reuse"", ""utility"": {""batch_n"": 16, ""best_reuse"": ""default"", ""best_reuse_query_after"": 4.151689052581787, ""best_reuse_utility"": 0.022859573364257812, ""budget_blocked_fresh"": false, ""defer_utility"": 0.0, ""fold_a_fresh_utility"": -0.1265716552734375, ""fold_a_query_n"": 8, ""fold_a_support_n"": 8, ""fold_b_fresh_utility"": -0.12317657470703125, ""fold_b_query_n"": 8, ""fold_b_support_n"": 8, ""fresh_advantage"": -0.1477336883544922, ""fresh_local_trainability"": 0.010796546936035156, ""fresh_positive"": false, ""fresh_query_after"": 4.299422740936279, ""fresh_query_before"": 4.3102192878723145, ""fresh_utility"": -0.12487411499023438, ""max_adapters"": 8, ""reuse_profiles"": {""default"": {""feasible_both"": true, ""fold_a_harm"": -0.02278972789645195, ""fold_a_lcb"": -0.02332341959583573, ""fold_a_query_after"": 4.165579795837402, ""fold_a_utility"": 0.022703170776367188, ""fold_b_harm"": -0.02259426936507225, ""fold_b_lcb"": -0.02312811103183776, ""fold_b_query_after"": 4.137798309326172, ""fold_b_utility"": 0.023015975952148438, ""harm_lcb_max"": -0.02312811103183776, ""harm_mean"": -0.0226919986307621, ""harm_se_mean"": 0.000272329940344207, ""harm_ucb_max"": -0.02206042769830674, ""local_trainability"": 0.022859573364257812, ""query_after"": 4.151689052581787, ""query_before"": 4.174548625946045, ""system_utility"": 0.022859573364257812}}, ""status"": ""ok"", ""statusquo_loss"": 4.174548625946045, ""total_memory_budget"": 512}, ""utility_status"": ""ok""}"
8,B1,B,1,default,reuse,safe_existing_reuse,4.134643077850342,1,True,147456,649805,0,67809946,206669,1653456,128,3.776971465907991,475226624,0.0,2.093462575459853,0.0,512,512,4.142288684844971,-0.13498330116271973,0.022640466690063477,-0.1576237678527832,False,,"{""best_reuse"": ""default"", ""best_reuse_utility"": 0.022640466690063477, ""decision"": ""reuse"", ""fresh_advantage"": -0.1576237678527832, ""fresh_positive"": false, ""fresh_utility"": -0.13498330116271973, ""full_batch_guards"": {""default"": {""crossfit_feasible"": true, ""crossfit_utility"": 0.022640466690063477, ""crossfit_utility_positive"": true, ""full_batch_cur_after"": 4.118517875671387, ""full_batch_cur_before"": 4.1422882080078125, ""full_batch_gain"": 0.02377033233642578, ""full_batch_harm"": -0.023547369986772537, ""full_batch_harm_lcb"": -0.023977115266607143, ""full_batch_harm_se"": 0.00021925779583398253, ""full_batch_harm_ucb"": -0.02311762470693793, ""full_batch_safe"": true}}, ""guarded_best_reuse"": ""default"", ""num_adapters"": 1, ""pending_after"": false, ""pending_before"": false, ""policy_version"": ""cau_v1"", ""reason"": ""safe_existing_reuse"", ""utility"": {""batch_n"": 16, ""best_reuse"": ""default"", ""best_reuse_query_after"": 4.119648218154907, ""best_reuse_utility"": 0.022640466690063477, ""budget_blocked_fresh"": false, ""defer_utility"": 0.0, ""fold_a_fresh_utility"": -0.13379192352294922, ""fold_a_query_n"": 8, ""fold_a_support_n"": 8, ""fold_b_fresh_utility"": -0.13617467880249023, ""fold_b_query_n"": 8, ""fold_b_support_n"": 8, ""fresh_advantage"": -0.1576237678527832, ""fresh_local_trainability"": 0.016782045364379883, ""fresh_positive"": false, ""fresh_query_after"": 4.27727198600769, ""fresh_query_before"": 4.29405403137207, ""fresh_utility"": -0.13498330116271973, ""max_adapters"": 8, ""reuse_profiles"": {""default"": {""feasible_both"": true, ""fold_a_harm"": -0.022963836789131165, ""fold_a_lcb"": -0.023325191780459137, ""fold_a_query_after"": 4.119356632232666, ""fold_a_utility"": 0.023149967193603516, ""fold_b_harm"": -0.023340582847595215, ""fold_b_lcb"": -0.02385994396288879, ""fold_b_query_after"": 4.119939804077148, ""fold_b_utility"": 0.022130966186523438, ""harm_lcb_max"": -0.023325191780459137, ""harm_mean"": -0.02315220981836319, ""harm_se_mean"": 0.00022467247617896646, ""harm_ucb_max"": -0.022602481797803192, ""local_trainability"": 0.022640466690063477, ""query_after"": 4.119648218154907, ""query_before"": 4.142288684844971, ""system_utility"": 0.022640466690063477}}, ""status"": ""ok"", ""statusquo_loss"": 4.142288684844971, ""total_memory_budget"": 512}, ""utility_status"": ""ok""}"
9,B1,B,1,default,reuse,safe_existing_reuse,4.140060901641846,1,True,147456,649805,0,67809946,206669,1653456,144,4.176542880944908,475226624,0.0,2.4896669373847544,0.0,512,512,4.128767013549805,-0.15671849250793457,0.02259039878845215,-0.17930889129638672,False,,"{""best_reuse"": ""default"", ""best_reuse_utility"": 0.02259039878845215, ""decision"": ""reuse"", ""fresh_advantage"": -0.17930889129638672, ""fresh_positive"": false, ""fresh_utility"": -0.15671849250793457, ""full_batch_guards"": {""default"": {""crossfit_feasible"": true, ""crossfit_utility"": 0.02259039878845215, ""crossfit_utility_positive"": true, ""full_batch_cur_after"": 4.104672431945801, ""full_batch_cur_before"": 4.128767013549805, ""full_batch_gain"": 0.024094581604003906, ""full_batch_harm"": -0.023267138749361038, ""full_batch_harm_lcb"": -0.023736774810822682, ""full_batch_harm_se"": 0.00023961023543961346, ""full_batch_harm_ucb"": -0.022797502687899394, ""full_batch_safe"": true}}, ""guarded_best_reuse"": ""default"", ""num_adapters"": 1, ""pending_after"": false, ""pending_before"": false, ""policy_version"": ""cau_v1"", ""reason"": ""safe_existing_reuse"", ""utility"": {""batch_n"": 16, ""best_reuse"": ""default"", ""best_reuse_query_after"": 4.1061766147613525, ""best_reuse_utility"": 0.02259039878845215, ""budget_blocked_fresh"": false, ""defer_utility"": 0.0, ""fold_a_fresh_utility"": -0.1624922752380371, ""fold_a_query_n"": 8, ""fold_a_support_n"": 8, ""fold_b_fresh_utility"": -0.15094470977783203, ""fold_b_query_n"": 8, ""fold_b_support_n"": 8, ""fresh_advantage"": -0.17930889129638672, ""fresh_local_trainability"": 0.010974645614624023, ""fresh_positive"": false, ""fresh_query_after"": 4.285485506057739, ""fresh_query_before"": 4.296460151672363, ""fresh_utility"": -0.15671849250793457, ""max_adapters"": 8, ""reuse_profiles"": {""default"": {""feasible_both"": true, ""fold_a_harm"": -0.022459425032138824, ""fold_a_lcb"": -0.023055019832681864, ""fold_a_query_after"": 4.12565803527832, ""fold_a_utility"": 0.021884918212890625, ""fold_b_harm"": -0.023005209863185883, ""fold_b_lcb"": -0.02336477996315807, ""fold_b_query_after"": 4.086695194244385, ""fold_b_utility"": 0.023295879364013672, ""harm_lcb_max"": -0.023055019832681864, ""harm_mean"": -0.022732317447662354, ""harm_se_mean"": 0.0002436645154375583, ""harm_ucb_max"": -0.021863830231595785, ""local_trainability"": 0.02259039878845215, ""query_after"": 4.1061766147613525, ""query_before"": 4.128767013549805, ""system_utility"": 0.02259039878845215}}, ""status"": ""ok"", ""statusquo_loss"": 4.128767013549805, ""total_memory_budget"": 512}, ""utility_status"": ""ok""}"
10,B1,B,1,default,reuse,safe_existing_reuse,4.072780132293701,1,True,147456,649805,0,67809946,206669,1653456,160,4.581582801882178,475226624,0.0,2.891223721439019,0.0,512,512,4.101823329925537,-0.18264055252075195,0.02236628532409668,-0.20500683784484863,False,,"{""best_reuse"": ""default"", ""best_reuse_utility"": 0.02236628532409668, ""decision"": ""reuse"", ""fresh_advantage"": -0.20500683784484863, ""fresh_positive"": false, ""fresh_utility"": -0.18264055252075195, ""full_batch_guards"": {""default"": {""crossfit_feasible"": true, ""crossfit_utility"": 0.02236628532409668, ""crossfit_utility_positive"": true, ""full_batch_cur_after"": 4.077973365783691, ""full_batch_cur_before"": 4.101822853088379, ""full_batch_gain"": 0.0238494873046875, ""full_batch_harm"": -0.02336305007338524, ""full_batch_harm_lcb"": -0.023790477589936927, ""full_batch_harm_se"": 0.00021807526354677975, ""full_batch_harm_ucb"": -0.02293562255683355, ""full_batch_safe"": true}}, ""guarded_best_reuse"": ""default"", ""num_adapters"": 1, ""pending_after"": false, ""pending_before"": false, ""policy_version"": ""cau_v1"", ""reason"": ""safe_existing_reuse"", ""utility"": {""batch_n"": 16, ""best_reuse"": ""default"", ""best_reuse_query_after"": 4.07945704460144, ""best_reuse_utility"": 0.02236628532409668, ""budget_blocked_fresh"": false, ""defer_utility"": 0.0, ""fold_a_fresh_utility"": -0.18577003479003906, ""fold_a_query_n"": 8, ""fold_a_support_n"": 8, ""fold_b_fresh_utility"": -0.17951107025146484, ""fold_b_query_n"": 8, ""fold_b_support_n"": 8, ""fresh_advantage"": -0.20500683784484863, ""fresh_local_trainability"": 0.011866331100463867, ""fresh_positive"": false, ""fresh_query_after"": 4.284463882446289, ""fresh_query_before"": 4.296330213546753, ""fresh_utility"": -0.18264055252075195, ""max_adapters"": 8, ""reuse_profiles"": {""default"": {""feasible_both"": true, ""fold_a_harm"": -0.02278459444642067, ""fold_a_lcb"": -0.023206620998098514, ""fold_a_query_after"": 4.068845748901367, ""fold_a_utility"": 0.022556304931640625, ""fold_b_harm"": -0.023239288479089737, ""fold_b_lcb"": -0.023688770013977775, ""fold_b_query_after"": 4.090068340301514, ""fold_b_utility"": 0.022176265716552734, ""harm_lcb_max"": -0.023206620998098514, ""harm_mean"": -0.023011941462755203, ""harm_se_mean"": 0.00022232349147088826, ""harm_ucb_max"": -0.022362567894742825, ""local_trainability"": 0.02236628532409668, ""query_after"": 4.07945704460144, ""query_before"": 4.101823329925537, ""system_utility"": 0.02236628532409668}}, ""status"": ""ok"", ""statusquo_loss"": 4.101823329925537, ""total_memory_budget"": 512}, ""utility_status"": ""ok""}"
11,B1,B,1,default,reuse,safe_existing_reuse,4.122758865356445,1,True,147456,649805,0,67809946,206669,1653456,176,4.9979583928361535,475226624,0.0,3.3039793733041734,0.0,512,512,4.114071846008301,-0.21878266334533691,0.02235126495361328,-0.2411339282989502,False,,"{""best_reuse"": ""default"", ""best_reuse_utility"": 0.02235126495361328, ""decision"": ""reuse"", ""fresh_advantage"": -0.2411339282989502, ""fresh_positive"": false, ""fresh_utility"": -0.21878266334533691, ""full_batch_guards"": {""default"": {""crossfit_feasible"": true, ""crossfit_utility"": 0.02235126495361328, ""crossfit_utility_positive"": true, ""full_batch_cur_after"": 4.090093612670898, ""full_batch_cur_before"": 4.114071846008301, ""full_batch_gain"": 0.023978233337402344, ""full_batch_harm"": -0.02372296154499054, ""full_batch_harm_lcb"": -0.024134997154469602, ""full_batch_harm_se"": 0.00021022224973421544, ""full_batch_harm_ucb"": -0.023310925935511477, ""full_batch_safe"": true}}, ""guarded_best_reuse"": ""default"", ""num_adapters"": 1, ""pending_after"": false, ""pending_before"": false, ""policy_version"": ""cau_v1"", ""reason"": ""safe_existing_reuse"", ""utility"": {""batch_n"": 16, ""best_reuse"": ""default"", ""best_reuse_query_after"": 4.0917205810546875, ""best_reuse_utility"": 0.02235126495361328, ""budget_blocked_fresh"": false, ""defer_utility"": 0.0, ""fold_a_fresh_utility"": -0.21397876739501953, ""fold_a_query_n"": 8, ""fold_a_support_n"": 8, ""fold_b_fresh_utility"": -0.2235865592956543, ""fold_b_query_n"": 8, ""fold_b_support_n"": 8, ""fresh_advantage"": -0.2411339282989502, ""fresh_local_trainability"": 0.005856990814208984, ""fresh_positive"": false, ""fresh_query_after"": 4.332854509353638, ""fresh_query_before"": 4.338711500167847, ""fresh_utility"": -0.21878266334533691, ""max_adapters"": 8, ""reuse_profiles"": {""default"": {""feasible_both"": true, ""fold_a_harm"": -0.023353606462478638, ""fold_a_lcb"": -0.023847840825328603, ""fold_a_query_after"": 4.103648662567139, ""fold_a_utility"": 0.022487163543701172, ""fold_b_harm"": -0.02276277169585228, ""fold_b_lcb"": -0.023258845426607878, ""fold_b_query_after"": 4.079792499542236, ""fold_b_utility"": 0.02221536636352539, ""harm_lcb_max"": -0.023258845426607878, ""harm_mean"": -0.02305818907916546, ""harm_se_mean"": 0.00025262961571570486, ""harm_ucb_max"": -0.02226669796509668, ""local_trainability"": 0.02235126495361328, ""query_after"": 4.0917205810546875, ""query_before"": 4.114071846008301, ""system_utility"": 0.02235126495361328}}, ""status"": ""ok"", ""statusquo_loss"": 4.114071846008301, ""total_memory_budget"": 512}, ""utility_status"": ""ok""}"
12,B1,B,1,default,reuse,safe_existing_reuse,4.028254985809326,1,True,147456,649805,0,67809946,206669,1653456,192,5.417365969857201,475226624,0.0,3.7196483272127807,0.0,512,512,4.035507678985596,-0.23763608932495117,0.02343606948852539,-0.26107215881347656,False,,"{""best_reuse"": ""default"", ""best_reuse_utility"": 0.02343606948852539, ""decision"": ""reuse"", ""fresh_advantage"": -0.26107215881347656, ""fresh_positive"": false, ""fresh_utility"": -0.23763608932495117, ""full_batch_guards"": {""default"": {""crossfit_feasible"": true, ""crossfit_utility"": 0.02343606948852539, ""crossfit_utility_positive"": true, ""full_batch_cur_after"": 4.01060152053833, ""full_batch_cur_before"": 4.035508155822754, ""full_batch_gain"": 0.024906635284423828, ""full_batch_harm"": -0.02363785356283188, ""full_batch_harm_lcb"": -0.024196921123657376, ""full_batch_harm_se"": 0.00028523855144158006, ""full_batch_harm_ucb"": -0.02307878600200638, ""full_batch_safe"": true}}, ""guarded_best_reuse"": ""default"", ""num_adapters"": 1, ""pending_after"": false, ""pending_before"": false, ""policy_version"": ""cau_v1"", ""reason"": ""safe_existing_reuse"", ""utility"": {""batch_n"": 16, ""best_reuse"": ""default"", ""best_reuse_query_after"": 4.01207160949707, ""best_reuse_utility"": 0.02343606948852539, ""budget_blocked_fresh"": false, ""defer_utility"": 0.0, ""fold_a_fresh_utility"": -0.23404502868652344, ""fold_a_query_n"": 8, ""fold_a_support_n"": 8, ""fold_b_fresh_utility"": -0.2412271499633789, ""fold_b_query_n"": 8, ""fold_b_support_n"": 8, ""fresh_advantage"": -0.26107215881347656, ""fresh_local_trainability"": 0.009425640106201172, ""fresh_positive"": false, ""fresh_query_after"": 4.273143768310547, ""fresh_query_before"": 4.282569408416748, ""fresh_utility"": -0.23763608932495117, ""max_adapters"": 8, ""reuse_profiles"": {""default"": {""feasible_both"": true, ""fold_a_harm"": -0.022848621010780334, ""fold_a_lcb"": -0.023391054798848926, ""fold_a_query_after"": 4.051022529602051, ""fold_a_utility"": 0.023331642150878906, ""fold_b_harm"": -0.023340366780757904, ""fold_b_lcb"": -0.023878577352734284, ""fold_b_query_after"": 3.97312068939209, ""fold_b_utility"": 0.023540496826171875, ""harm_lcb_max"": -0.023391054798848926, ""harm_mean"": -0.02309449389576912, ""harm_se_mean"": 0.0002756745816441253, ""harm_ucb_max"": -0.022306187222711743, ""local_trainability"": 0.02343606948852539, ""query_after"": 4.01207160949707, ""query_before"": 4.035507678985596, ""system_utility"": 0.02343606948852539}}, ""status"": ""ok"", ""statusquo_loss"": 4.035507678985596, ""total_memory_budget"": 512}, ""utility_status"": ""ok""}"
13,B1,B,1,default,reuse,safe_existing_reuse,4.031732559204102,1,True,147456,649805,0,67809946,206669,1653456,208,5.800635440973565,475226624,0.0,4.099185556173325,0.0,512,512,4.024290084838867,-0.25231242179870605,0.02387070655822754,-0.2761831283569336,False,,"{""best_reuse"": ""default"", ""best_reuse_utility"": 0.02387070655822754, ""decision"": ""reuse"", ""fresh_advantage"": -0.2761831283569336, ""fresh_positive"": false, ""fresh_utility"": -0.25231242179870605, ""full_batch_guards"": {""default"": {""crossfit_feasible"": true, ""crossfit_utility"": 0.02387070655822754, ""crossfit_utility_positive"": true, ""full_batch_cur_after"": 3.9991798400878906, ""full_batch_cur_before"": 4.024290084838867, ""full_batch_gain"": 0.025110244750976562, ""full_batch_harm"": -0.0241059772670269, ""full_batch_harm_lcb"": -0.024630072308937087, ""full_batch_harm_se"": 0.0002673954295460135, ""full_batch_harm_ucb"": -0.023581882225116715, ""full_batch_safe"": true}}, ""guarded_best_reuse"": ""default"", ""num_adapters"": 1, ""pending_after"": false, ""pending_before"": false, ""policy_version"": ""cau_v1"", ""reason"": ""safe_existing_reuse"", ""utility"": {""batch_n"": 16, ""best_reuse"": ""default"", ""best_reuse_query_after"": 4.00041937828064, ""best_reuse_utility"": 0.02387070655822754, ""budget_blocked_fresh"": false, ""defer_utility"": 0.0, ""fold_a_fresh_utility"": -0.2604637145996094, ""fold_a_query_n"": 8, ""fold_a_support_n"": 8, ""fold_b_fresh_utility"": -0.24416112899780273, ""fold_b_query_n"": 8, ""fold_b_support_n"": 8, ""fresh_advantage"": -0.2761831283569336, ""fresh_local_trainability"": 0.012599706649780273, ""fresh_positive"": false, ""fresh_query_after"": 4.276602506637573, ""fresh_query_before"": 4.2892022132873535, ""fresh_utility"": -0.25231242179870605, ""max_adapters"": 8, ""reuse_profiles"": {""default"": {""feasible_both"": true, ""fold_a_harm"": -0.023545503616333008, ""fold_a_lcb"": -0.024156173875089736, ""fold_a_query_after"": 3.998427391052246, ""fold_a_utility"": 0.023192405700683594, ""fold_b_harm"": -0.024019837379455566, ""fold_b_lcb"": -0.0245119210309349, ""fold_b_query_after"": 4.002411365509033, ""fold_b_utility"": 0.024549007415771484, ""harm_lcb_max"": -0.024156173875089736, ""harm_mean"": -0.023782670497894287, ""harm_se_mean"": 0.0002813147730194032, ""harm_ucb_max"": -0.02293483335757628, ""local_trainability"": 0.02387070655822754, ""query_after"": 4.00041937828064, ""query_before"": 4.024290084838867, ""system_utility"": 0.02387070655822754}}, ""status"": ""ok"", ""statusquo_loss"": 4.024290084838867, ""total_memory_budget"": 512}, ""utility_status"": ""ok""}"
14,B1,B,1,default,reuse,safe_existing_reuse,4.025936603546143,1,True,147456,649805,0,67809946,206669,1653456,224,6.193385237827897,475226624,0.0,4.488297522068024,0.0,512,512,4.035790205001831,-0.2781856060028076,0.024025678634643555,-0.30221128463745117,False,,"{""best_reuse"": ""default"", ""best_reuse_utility"": 0.024025678634643555, ""decision"": ""reuse"", ""fresh_advantage"": -0.30221128463745117, ""fresh_positive"": false, ""fresh_utility"": -0.2781856060028076, ""full_batch_guards"": {""default"": {""crossfit_feasible"": true, ""crossfit_utility"": 0.024025678634643555, ""crossfit_utility_positive"": true, ""full_batch_cur_after"": 4.010664463043213, ""full_batch_cur_before"": 4.03579044342041, ""full_batch_gain"": 0.025125980377197266, ""full_batch_harm"": -0.024669624865055084, ""full_batch_harm_lcb"": -0.025171297244960443, ""full_batch_harm_se"": 0.0002559552958700806, ""full_batch_harm_ucb"": -0.024167952485149725, ""full_batch_safe"": true}}, ""guarded_best_reuse"": ""default"", ""num_adapters"": 1, ""pending_after"": false, ""pending_before"": false, ""policy_version"": ""cau_v1"", ""reason"": ""safe_existing_reuse"", ""utility"": {""batch_n"": 16, ""best_reuse"": ""default"", ""best_reuse_query_after"": 4.0117645263671875, ""best_reuse_utility"": 0.024025678634643555, ""budget_blocked_fresh"": false, ""defer_utility"": 0.0, ""fold_a_fresh_utility"": -0.28150224685668945, ""fold_a_query_n"": 8, ""fold_a_support_n"": 8, ""fold_b_fresh_utility"": -0.2748689651489258, ""fold_b_query_n"": 8, ""fold_b_support_n"": 8, ""fresh_advantage"": -0.30221128463745117, ""fresh_local_trainability"": 0.014300823211669922, ""fresh_positive"": false, ""fresh_query_after"": 4.313975811004639, ""fresh_query_before"": 4.328276634216309, ""fresh_utility"": -0.2781856060028076, ""max_adapters"": 8, ""reuse_profiles"": {""default"": {""feasible_both"": true, ""fold_a_harm"": -0.024032175540924072, ""fold_a_lcb"": -0.024599829461658375, ""fold_a_query_after"": 4.016542434692383, ""fold_a_utility"": 0.023976802825927734, ""fold_b_harm"": -0.024310797452926636, ""fold_b_lcb"": -0.02478300007293001, ""fold_b_query_after"": 4.006986618041992, ""fold_b_utility"": 0.024074554443359375, ""harm_lcb_max"": -0.024599829461658375, ""harm_mean"": -0.024171486496925354, ""harm_se_mean"": 0.00026526952569838613, ""harm_ucb_max"": -0.02346452162018977, ""local_trainability"": 0.024025678634643555, ""query_after"": 4.0117645263671875, ""query_before"": 4.035790205001831, ""system_utility"": 0.024025678634643555}}, ""status"": ""ok"", ""statusquo_loss"": 4.035790205001831, ""total_memory_budget"": 512}, ""utility_status"": ""ok""}"
15,B1,B,1,default,reuse,safe_existing_reuse,4.003796100616455,1,True,147456,649805,0,67809946,206669,1653456,240,6.5835076288785785,475226624,0.0,4.874657910084352,0.0,512,512,3.99086594581604,-0.3057997226715088,0.024323225021362305,-0.3301229476928711,False,,"{""best_reuse"": ""default"", ""best_reuse_utility"": 0.024323225021362305, ""decision"": ""reuse"", ""fresh_advantage"": -0.3301229476928711, ""fresh_positive"": false, ""fresh_utility"": -0.3057997226715088, ""full_batch_guards"": {""default"": {""crossfit_feasible"": true, ""crossfit_utility"": 0.024323225021362305, ""crossfit_utility_positive"": true, ""full_batch_cur_after"": 3.9652528762817383, ""full_batch_cur_before"": 3.990865707397461, ""full_batch_gain"": 0.025612831115722656, ""full_batch_harm"": -0.024726830422878265, ""full_batch_harm_lcb"": -0.025228712608804927, ""full_batch_harm_se"": 0.00025606233975850046, ""full_batch_harm_ucb"": -0.024224948236951604, ""full_batch_safe"": true}}, ""guarded_best_reuse"": ""default"", ""num_adapters"": 1, ""pending_after"": false, ""pending_before"": false, ""policy_version"": ""cau_v1"", ""reason"": ""safe_existing_reuse"", ""utility"": {""batch_n"": 16, ""best_reuse"": ""default"", ""best_reuse_query_after"": 3.9665427207946777, ""best_reuse_utility"": 0.024323225021362305, ""budget_blocked_fresh"": false, ""defer_utility"": 0.0, ""fold_a_fresh_utility"": -0.2941107749938965, ""fold_a_query_n"": 8, ""fold_a_support_n"": 8, ""fold_b_fresh_utility"": -0.3174886703491211, ""fold_b_query_n"": 8, ""fold_b_support_n"": 8, ""fresh_advantage"": -0.3301229476928711, ""fresh_local_trainability"": 0.011772394180297852, ""fresh_positive"": false, ""fresh_query_after"": 4.296665668487549, ""fresh_query_before"": 4.308438062667847, ""fresh_utility"": -0.3057997226715088, ""max_adapters"": 8, ""reuse_profiles"": {""default"": {""feasible_both"": true, ""fold_a_harm"": -0.02410493791103363, ""fold_a_lcb"": -0.024665724363876505, ""fold_a_query_after"": 3.995816946029663, ""fold_a_utility"": 0.023908376693725586, ""fold_b_harm"": -0.02454013004899025, ""fold_b_lcb"": -0.024967727925977668, ""fold_b_query_after"": 3.9372684955596924, ""fold_b_utility"": 0.024738073348999023, ""harm_lcb_max"": -0.024665724363876505, ""harm_mean"": -0.02432253398001194, ""harm_se_mean"": 0.0002521388596505858, ""harm_ucb_max"": -0.023544151458190755, ""local_trainability"": 0.024323225021362305, ""query_after"": 3.9665427207946777, ""query_before"": 3.99086594581604, ""system_utility"": 0.024323225021362305}}, ""status"": ""ok"", ""statusquo_loss"": 3.99086594581604, ""total_memory_budget"": 512}, ""utility_status"": ""ok""}"
16,B1,B,1,default,reuse,safe_existing_reuse,4.021573066711426,1,True,147456,649805,0,67809946,206669,1653456,253,6.9760271199047565,475226624,0.0,5.263337824959308,0.0,512,512,4.009887658632719,-0.33158162923959583,0.023986082810621995,-0.3555677120502178,False,,"{""best_reuse"": ""default"", ""best_reuse_utility"": 0.023986082810621995, ""decision"": ""reuse"", ""fresh_advantage"": -0.3555677120502178, ""fresh_positive"": false, ""fresh_utility"": -0.33158162923959583, ""full_batch_guards"": {""default"": {""crossfit_feasible"": true, ""crossfit_utility"": 0.023986082810621995, ""crossfit_utility_positive"": true, ""full_batch_cur_after"": 3.984020709991455, ""full_batch_cur_before"": 4.0098876953125, ""full_batch_gain"": 0.025866985321044922, ""full_batch_harm"": -0.024869367480278015, ""full_batch_harm_lcb"": -0.025285193659365178, ""full_batch_harm_se"": 0.00021215621381998062, ""full_batch_harm_ucb"": -0.024453541301190852, ""full_batch_safe"": true}}, ""guarded_best_reuse"": ""default"", ""num_adapters"": 1, ""pending_after"": false, ""pending_before"": false, ""policy_version"": ""cau_v1"", ""reason"": ""safe_existing_reuse"", ""utility"": {""batch_n"": 13, ""best_reuse"": ""default"", ""best_reuse_query_after"": 3.985901575822097, ""best_reuse_utility"": 0.023986082810621995, ""budget_blocked_fresh"": false, ""defer_utility"": 0.0, ""fold_a_fresh_utility"": -0.3150520324707031, ""fold_a_query_n"": 6, ""fold_a_support_n"": 7, ""fold_b_fresh_utility"": -0.3457498550415039, ""fold_b_query_n"": 7, ""fold_b_support_n"": 6, ""fresh_advantage"": -0.3555677120502178, ""fresh_local_trainability"": 0.008204313424917368, ""fresh_positive"": false, ""fresh_query_after"": 4.3414692878723145, ""fresh_query_before"": 4.349673601297232, ""fresh_utility"": -0.33158162923959583, ""max_adapters"": 8, ""reuse_profiles"": {""default"": {""feasible_both"": true, ""fold_a_harm"": -0.024281244724988937, ""fold_a_lcb"": -0.024883878238033504, ""fold_a_query_after"": 4.030532360076904, ""fold_a_utility"": 0.023255348205566406, ""fold_b_harm"": -0.024317611008882523, ""fold_b_lcb"": -0.024632368870079517, ""fold_b_query_after"": 3.9476466178894043, ""fold_b_utility"": 0.0246124267578125, ""harm_lcb_max"": -0.024632368870079517, ""harm_mean"": -0.02429942786693573, ""harm_se_mean"": 0.0002340284117963165, ""harm_ucb_max"": -0.02367861121194437, ""local_trainability"": 0.023986082810621995, ""query_after"": 3.985901575822097, ""query_before"": 4.009887658632719, ""system_utility"": 0.023986082810621995}}, ""status"": ""ok"", ""statusquo_loss"": 4.009887658632719, ""total_memory_budget"": 512}, ""utility_status"": ""ok""}"
17,A1,A,1,default,reuse,pending_fresh_safe_existing_reuse,4.352224349975586,1,True,147456,649805,0,67809946,206669,1653456,269,8.359429018804803,482114048,0.0,5.671329258009791,0.9715794210787863,512,512,4.365584135055542,0.08912158012390137,-7.3909759521484375e-06,0.08912897109985352,True,,"{""best_reuse"": ""default"", ""best_reuse_utility"": -7.3909759521484375e-06, ""decision"": ""reuse"", ""fresh_advantage"": 0.08912897109985352, ""fresh_positive"": true, ""fresh_utility"": 0.08912158012390137, ""full_batch_guards"": {""default"": {""crossfit_feasible"": true, ""crossfit_utility"": -7.3909759521484375e-06, ""crossfit_utility_positive"": false, ""full_batch_cur_after"": 4.355447769165039, ""full_batch_cur_before"": 4.365584373474121, ""full_batch_gain"": 0.010136604309082031, ""full_batch_harm"": -0.022260289639234543, ""full_batch_harm_lcb"": -0.02264908058976289, ""full_batch_harm_se"": 0.00019836272986140102, ""full_batch_harm_ucb"": -0.021871498688706196, ""full_batch_safe"": true}}, ""guarded_best_reuse"": ""default"", ""num_adapters"": 1, ""pending_after"": true, ""pending_before"": false, ""policy_version"": ""cau_v1"", ""reason"": ""pending_fresh_safe_existing_reuse"", ""utility"": {""batch_n"": 16, ""best_reuse"": ""default"", ""best_reuse_query_after"": 4.365591526031494, ""best_reuse_utility"": -7.3909759521484375e-06, ""budget_blocked_fresh"": false, ""defer_utility"": 0.0, ""fold_a_fresh_utility"": 0.09344673156738281, ""fold_a_query_n"": 8, ""fold_a_support_n"": 8, ""fold_b_fresh_utility"": 0.08479642868041992, ""fold_b_query_n"": 8, ""fold_b_support_n"": 8, ""fresh_advantage"": 0.08912897109985352, ""fresh_local_trainability"": 0.011144638061523438, ""fresh_positive"": true, ""fresh_query_after"": 4.276462554931641, ""fresh_query_before"": 4.287607192993164, ""fresh_utility"": 0.08912158012390137, ""max_adapters"": 8, ""reuse_profiles"": {""default"": {""feasible_both"": true, ""fold_a_harm"": -0.0225619375705719, ""fold_a_lcb"": -0.022955117191886528, ""fold_a_query_after"": 4.366684913635254, ""fold_a_utility"": -4.1961669921875e-05, ""fold_b_harm"": -0.022530149668455124, ""fold_b_lcb"": -0.022906619363930077, ""fold_b_query_after"": 4.364498138427734, ""fold_b_utility"": 2.7179718017578125e-05, ""harm_lcb_max"": -0.022906619363930077, ""harm_mean"": -0.02254604361951351, ""harm_se_mean"": 0.00019633911142591387, ""harm_ucb_max"": -0.02215367997298017, ""local_trainability"": -7.3909759521484375e-06, ""query_after"": 4.365591526031494, ""query_before"": 4.365584135055542, ""system_utility"": -7.3909759521484375e-06}}, ""status"": ""ok"", ""statusquo_loss"": 4.365584135055542, ""total_memory_budget"": 512}, ""utility_status"": ""ok""}"
18,A1,A,1,adapter_1,spawn,confirmed_fresh,4.272310256958008,2,True,294912,1299610,0,68607207,206669,3306912,272,8.706306259846315,482114048,0.0,6.0140076640527695,0.9715794210787863,512,512,4.353856563568115,0.08004260063171387,0.007970333099365234,0.07207226753234863,True,,"{""best_reuse"": ""default"", ""best_reuse_utility"": 0.007970333099365234, ""decision"": ""spawn"", ""fresh_advantage"": 0.07207226753234863, ""fresh_positive"": true, ""fresh_utility"": 0.08004260063171387, ""full_batch_guards"": {}, ""guarded_best_reuse"": null, ""num_adapters"": 2, ""pending_after"": false, ""pending_before"": true, ""policy_version"": ""cau_v1"", ""reason"": ""confirmed_fresh"", ""utility"": {""batch_n"": 16, ""best_reuse"": ""default"", ""best_reuse_query_after"": 4.34588623046875, ""best_reuse_utility"": 0.007970333099365234, ""budget_blocked_fresh"": false, ""defer_utility"": 0.0, ""fold_a_fresh_utility"": 0.08032512664794922, ""fold_a_query_n"": 8, ""fold_a_support_n"": 8, ""fold_b_fresh_utility"": 0.07976007461547852, ""fold_b_query_n"": 8, ""fold_b_support_n"": 8, ""fresh_advantage"": 0.07207226753234863, ""fresh_local_trainability"": 0.012378454208374023, ""fresh_positive"": true, ""fresh_query_after"": 4.273813962936401, ""fresh_query_before"": 4.286192417144775, ""fresh_utility"": 0.08004260063171387, ""max_adapters"": 8, ""reuse_profiles"": {""default"": {""feasible_both"": true, ""fold_a_harm"": -0.020494598895311356, ""fold_a_lcb"": -0.020904856401612052, ""fold_a_query_after"": 4.369760513305664, ""fold_a_utility"": 0.007180690765380859, ""fold_b_harm"": -0.020357400178909302, ""fold_b_lcb"": -0.020839368076995015, ""fold_b_query_after"": 4.322011947631836, ""fold_b_utility"": 0.00875997543334961, ""harm_lcb_max"": -0.020839368076995015, ""harm_mean"": -0.02042599953711033, ""harm_se_mean"": 0.00022760852152714506, ""harm_ucb_max"": -0.01987543228082359, ""local_trainability"": 0.007970333099365234, ""query_after"": 4.34588623046875, ""query_before"": 4.353856563568115, ""system_utility"": 0.007970333099365234}}, ""status"": ""ok"", ""statusquo_loss"": 4.353856563568115, ""total_memory_budget"": 512}, ""utility_status"": ""ok""}"
19,A1,A,1,adapter_1,warmup,existing_warmup,4.334774494171143,2,True,294912,1299610,0,68607207,206669,3306912,288,8.73560880497098,482114048,0.0,6.039279389893636,0.9715794210787863,512,512,,,,,,,"{""best_reuse"": null, ""best_reuse_utility"": null, ""decision"": ""warmup"", ""fresh_positive"": null, ""fresh_utility"": null, ""full_batch_guards"": {}, ""guarded_best_reuse"": null, ""num_adapters"": 2, ""pending_after"": false, ""pending_before"": false, ""policy_version"": ""cau_v1"", ""reason"": ""existing_warmup"", ""utility_status"": ""warmup""}"
20,A1,A,1,adapter_1,warmup,existing_warmup,4.300249099731445,2,True,294912,1299610,0,68607207,206669,3306912,304,8.764804957900196,482114048,0.0,6.0647947017569095,0.9715794210787863,512,512,,,,,,,"{""best_reuse"": null, ""best_reuse_utility"": null, ""decision"": ""warmup"", ""fresh_positive"": null, ""fresh_utility"": null, ""full_batch_guards"": {}, ""guarded_best_reuse"": null, ""num_adapters"": 2, ""pending_after"": false, ""pending_before"": false, ""policy_version"": ""cau_v1"", ""reason"": ""existing_warmup"", ""utility_status"": ""warmup""}"
21,A1,A,1,adapter_1,warmup,existing_warmup,4.255009174346924,2,True,294912,1299610,0,68607207,206669,3306912,320,8.793875277973711,482114048,0.0,6.0901198387146,0.9715794210787863,512,512,,,,,,,"{""best_reuse"": null, ""best_reuse_utility"": null, ""decision"": ""warmup"", ""fresh_positive"": null, ""fresh_utility"": null, ""full_batch_guards"": {}, ""guarded_best_reuse"": null, ""num_adapters"": 2, ""pending_after"": false, ""pending_before"": false, ""policy_version"": ""cau_v1"", ""reason"": ""existing_warmup"", ""utility_status"": ""warmup""}"
22,A1,A,1,adapter_1,reuse,safe_existing_reuse,4.276634216308594,2,True,294912,1299610,0,68607207,206669,3306912,336,9.426254308782518,482114048,0.0,6.71879106760025,0.9715794210787863,512,512,4.278253555297852,-0.07626914978027344,0.020591259002685547,-0.09686040878295898,False,,"{""best_reuse"": ""adapter_1"", ""best_reuse_utility"": 0.020591259002685547, ""decision"": ""reuse"", ""fresh_advantage"": -0.09686040878295898, ""fresh_positive"": false, ""fresh_utility"": -0.07626914978027344, ""full_batch_guards"": {""adapter_1"": {""crossfit_feasible"": true, ""crossfit_utility"": 0.020591259002685547, ""crossfit_utility_positive"": true, ""full_batch_cur_after"": 4.255011081695557, ""full_batch_cur_before"": 4.278253555297852, ""full_batch_gain"": 0.023242473602294922, ""full_batch_harm"": -0.02361282706260681, ""full_batch_harm_lcb"": -0.02388539237959776, ""full_batch_harm_se"": 0.0001390639372402802, ""full_batch_harm_ucb"": -0.023340261745615862, ""full_batch_safe"": true}, ""default"": {""crossfit_feasible"": true, ""crossfit_utility"": -0.15569376945495605, ""crossfit_utility_positive"": false, ""full_batch_cur_after"": 4.427783966064453, ""full_batch_cur_before"": 4.4391279220581055, ""full_batch_gain"": 0.011343955993652344, ""full_batch_harm"": -0.019970279186964035, ""full_batch_harm_lcb"": -0.020434399626101368, ""full_batch_harm_se"": 0.0002367961424170062, ""full_batch_harm_ucb"": -0.019506158747826702, ""full_batch_safe"": true}}, ""guarded_best_reuse"": ""adapter_1"", ""num_adapters"": 2, ""pending_after"": false, ""pending_before"": false, ""policy_version"": ""cau_v1"", ""reason"": ""safe_existing_reuse"", ""utility"": {""batch_n"": 16, ""best_reuse"": ""adapter_1"", ""best_reuse_query_after"": 4.257662296295166, ""best_reuse_utility"": 0.020591259002685547, ""budget_blocked_fresh"": false, ""defer_utility"": 0.0, ""fold_a_fresh_utility"": -0.07260608673095703, ""fold_a_query_n"": 8, ""fold_a_support_n"": 8, ""fold_b_fresh_utility"": -0.07993221282958984, ""fold_b_query_n"": 8, ""fold_b_support_n"": 8, ""fresh_advantage"": -0.09686040878295898, ""fresh_local_trainability"": 0.0059201717376708984, ""fresh_positive"": false, ""fresh_query_after"": 4.354522705078125, ""fresh_query_before"": 4.360442876815796, ""fresh_utility"": -0.07626914978027344, ""max_adapters"": 8, ""reuse_profiles"": {""adapter_1"": {""feasible_both"": true, ""fold_a_harm"": -0.022899344563484192, ""fold_a_lcb"": -0.02341691479785368, ""fold_a_query_after"": 4.277444839477539, ""fold_a_utility"": 0.020166397094726562, ""fold_b_harm"": -0.022660762071609497, ""fold_b_lcb"": -0.023070270225871353, ""fold_b_query_after"": 4.237879753112793, ""fold_b_utility"": 0.02101612091064453, ""harm_lcb_max"": -0.023070270225871353, ""harm_mean"": -0.022780053317546844, ""harm_se_mean"": 0.0002364995889365673, ""harm_ucb_max"": -0.02225125391734764, ""local_trainability"": 0.020591259002685547, ""query_after"": 4.257662296295166, ""query_before"": 4.278253555297852, ""system_utility"": 0.020591259002685547}, ""default"": {""feasible_both"": true, ""fold_a_harm"": -0.02040988951921463, ""fold_a_lcb"": -0.02100432901759632, ""fold_a_query_after"": 4.458312034606934, ""fold_a_utility"": -0.16070079803466797, ""fold_b_harm"": -0.020181939005851746, ""fold_b_lcb"": -0.020715260435827075, ""fold_b_query_after"": 4.409582614898682, ""fold_b_utility"": -0.15068674087524414, ""harm_lcb_max"": -0.020715260435827075, ""harm_mean"": -0.020295914262533188, ""harm_se_mean"": 0.0002876941143767908, ""harm_ucb_max"": -0.019648617575876416, ""local_trainability"": 0.00518035888671875, ""query_after"": 4.433947324752808, ""query_before"": 4.439127683639526, ""system_utility"": -0.15569376945495605}}, ""status"": ""ok"", ""statusquo_loss"": 4.278253555297852, ""total_memory_budget"": 512}, ""utility_status"": ""ok""}"
23,A1,A,1,adapter_1,reuse,safe_existing_reuse,4.196346282958984,2,True,294912,1299610,0,68607207,206669,3306912,352,10.057156922994182,482114048,0.0,7.3454730964731425,0.9715794210787863,512,512,4.189323902130127,-0.10523200035095215,0.022096633911132812,-0.12732863426208496,False,,"{""best_reuse"": ""adapter_1"", ""best_reuse_utility"": 0.022096633911132812, ""decision"": ""reuse"", ""fresh_advantage"": -0.12732863426208496, ""fresh_positive"": false, ""fresh_utility"": -0.10523200035095215, ""full_batch_guards"": {""adapter_1"": {""crossfit_feasible"": true, ""crossfit_utility"": 0.022096633911132812, ""crossfit_utility_positive"": true, ""full_batch_cur_after"": 4.164978504180908, ""full_batch_cur_before"": 4.189323902130127, ""full_batch_gain"": 0.02434539794921875, ""full_batch_harm"": -0.023319751024246216, ""full_batch_harm_lcb"": -0.023792663408094085, ""full_batch_harm_se"": 0.0002412818284938112, ""full_batch_harm_ucb"": -0.022846838640398347, ""full_batch_safe"": true}, ""default"": {""crossfit_feasible"": true, ""crossfit_utility"": -0.17984509468078613, ""crossfit_utility_positive"": false, ""full_batch_cur_after"": 4.362274646759033, ""full_batch_cur_before"": 4.375387191772461, ""full_batch_gain"": 0.013112545013427734, ""full_batch_harm"": -0.020353231579065323, ""full_batch_harm_lcb"": -0.020782584456610492, ""full_batch_harm_se"": 0.00021905759058427066, ""full_batch_harm_ucb"": -0.019923878701520154, ""full_batch_safe"": true}}, ""guarded_best_reuse"": ""adapter_1"", ""num_adapters"": 2, ""pending_after"": false, ""pending_before"": false, ""policy_version"": ""cau_v1"", ""reason"": ""safe_existing_reuse"", ""utility"": {""batch_n"": 16, ""best_reuse"": ""adapter_1"", ""best_reuse_query_after"": 4.167227268218994, ""best_reuse_utility"": 0.022096633911132812, ""budget_blocked_fresh"": false, ""defer_utility"": 0.0, ""fold_a_fresh_utility"": -0.10682344436645508, ""fold_a_query_n"": 8, ""fold_a_support_n"": 8, ""fold_b_fresh_utility"": -0.10364055633544922, ""fold_b_query_n"": 8, ""fold_b_support_n"": 8, ""fresh_advantage"": -0.12732863426208496, ""fresh_local_trainability"": 0.0077686309814453125, ""fresh_positive"": false, ""fresh_query_after"": 4.294555902481079, ""fresh_query_before"": 4.302324533462524, ""fresh_utility"": -0.10523200035095215, ""max_adapters"": 8, ""reuse_profiles"": {""adapter_1"": {""feasible_both"": true, ""fold_a_harm"": -0.022595345973968506, ""fold_a_lcb"": -0.023031507193809374, ""fold_a_query_after"": 4.183825492858887, ""fold_a_utility"": 0.02237987518310547, ""fold_b_harm"": -0.022539421916007996, ""fold_b_lcb"": -0.02300013802712783, ""fold_b_query_after"": 4.150629043579102, ""fold_b_utility"": 0.021813392639160156, ""harm_lcb_max"": -0.02300013802712783, ""harm_mean"": -0.02256738394498825, ""harm_se_mean"": 0.000228795237489976, ""harm_ucb_max"": -0.02207870580488816, ""local_trainability"": 0.022096633911132812, ""query_after"": 4.167227268218994, ""query_before"": 4.189323902130127, ""system_utility"": 0.022096633911132812}, ""default"": {""feasible_both"": true, ""fold_a_harm"": -0.020711474120616913, ""fold_a_lcb"": -0.021279660656582565, ""fold_a_query_after"": 4.39980411529541, ""fold_a_utility"": -0.19359874725341797, ""fold_b_harm"": -0.02040322870016098, ""fold_b_lcb"": -0.0208340686163865, ""fold_b_query_after"": 4.338533878326416, ""fold_b_utility"": -0.1660914421081543, ""harm_lcb_max"": -0.0208340686163865, ""harm_mean"": -0.020557351410388947, ""harm_se_mean"": 0.00025485368678346276, ""harm_ucb_max"": -0.01997238878393546, ""local_trainability"": 0.0062181949615478516, ""query_after"": 4.369168996810913, ""query_before"": 4.375387191772461, ""system_utility"": -0.17984509468078613}}, ""status"": ""ok"", ""statusquo_loss"": 4.189323902130127, ""total_memory_budget"": 512}, ""utility_status"": ""ok""}"
24,A1,A,1,adapter_1,reuse,safe_existing_reuse,4.198369979858398,2,True,294912,1299610,0,68607207,206669,3306912,368,10.683565615909174,482114048,0.0,7.967623113421723,0.9715794210787863,512,512,4.184183359146118,-0.11376166343688965,0.022684335708618164,-0.1364459991455078,False,,"{""best_reuse"": ""adapter_1"", ""best_reuse_utility"": 0.022684335708618164, ""decision"": ""reuse"", ""fresh_advantage"": -0.1364459991455078, ""fresh_positive"": false, ""fresh_utility"": -0.11376166343688965, ""full_batch_guards"": {""adapter_1"": {""crossfit_feasible"": true, ""crossfit_utility"": 0.022684335708618164, ""crossfit_utility_positive"": true, ""full_batch_cur_after"": 4.160496711730957, ""full_batch_cur_before"": 4.184183120727539, ""full_batch_gain"": 0.02368640899658203, ""full_batch_harm"": -0.02318394184112549, ""full_batch_harm_lcb"": -0.02352411575091537, ""full_batch_harm_se"": 0.00017355811723973602, ""full_batch_harm_ucb"": -0.022843767931335607, ""full_batch_safe"": true}, ""default"": {""crossfit_feasible"": true, ""crossfit_utility"": -0.19902682304382324, ""crossfit_utility_positive"": false, ""full_batch_cur_after"": 4.379526138305664, ""full_batch_cur_before"": 4.391025066375732, ""full_batch_gain"": 0.01149892807006836, ""full_batch_harm"": -0.020121611654758453, ""full_batch_harm_lcb"": -0.020687596140196548, ""full_batch_harm_se"": 0.0002887675946112722, ""full_batch_harm_ucb"": -0.01955562716932036, ""full_batch_safe"": true}}, ""guarded_best_reuse"": ""adapter_1"", ""num_adapters"": 2, ""pending_after"": false, ""pending_before"": false, ""policy_version"": ""cau_v1"", ""reason"": ""safe_existing_reuse"", ""utility"": {""batch_n"": 16, ""best_reuse"": ""adapter_1"", ""best_reuse_query_after"": 4.1614990234375, ""best_reuse_utility"": 0.022684335708618164, ""budget_blocked_fresh"": false, ""defer_utility"": 0.0, ""fold_a_fresh_utility"": -0.11258602142333984, ""fold_a_query_n"": 8, ""fold_a_support_n"": 8, ""fold_b_fresh_utility"": -0.11493730545043945, ""fold_b_query_n"": 8, ""fold_b_support_n"": 8, ""fresh_advantage"": -0.1364459991455078, ""fresh_local_trainability"": 0.017423629760742188, ""fresh_positive"": false, ""fresh_query_after"": 4.297945022583008, ""fresh_query_before"": 4.31536865234375, ""fresh_utility"": -0.11376166343688965, ""max_adapters"": 8, ""reuse_profiles"": {""adapter_1"": {""feasible_both"": true, ""fold_a_harm"": -0.023157134652137756, ""fold_a_lcb"": -0.023483305635745636, ""fold_a_query_after"": 4.133174896240234, ""fold_a_utility"": 0.023324966430664062, ""fold_b_harm"": -0.022502802312374115, ""fold_b_lcb"": -0.022899322829325684, ""fold_b_query_after"": 4.189823150634766, ""fold_b_utility"": 0.022043704986572266, ""harm_lcb_max"": -0.022899322829325684, ""harm_mean"": -0.022829968482255936, ""harm_se_mean"": 0.00018436007667332888, ""harm_ucb_max"": -0.022106281795422546, ""local_trainability"": 0.022684335708618164, ""query_after"": 4.1614990234375, ""query_before"": 4.184183359146118, ""system_utility"": 0.022684335708618164}, ""default"": {""feasible_both"": true, ""fold_a_harm"": -0.020149394869804382, ""fold_a_lcb"": -0.020704600642202423, ""fold_a_query_after"": 4.354548454284668, ""fold_a_utility"": -0.19804859161376953, ""fold_b_harm"": -0.020115062594413757, ""fold_b_lcb"": -0.020728007520083337, ""fold_b_query_after"": 4.411871910095215, ""fold_b_utility"": -0.20000505447387695, ""harm_lcb_max"": -0.020704600642202423, ""harm_mean"": -0.02013222873210907, ""harm_se_mean"": 0.00029799762705806643, ""harm_ucb_max"": -0.019502117668744177, ""local_trainability"": 0.007814884185791016, ""query_after"": 4.383210182189941, ""query_before"": 4.391025066375732, ""system_utility"": -0.19902682304382324}}, ""status"": ""ok"", ""statusquo_loss"": 4.184183359146118, ""total_memory_budget"": 512}, ""utility_status"": ""ok""}"
25,A1,A,1,adapter_1,reuse,safe_existing_reuse,4.173247814178467,2,True,294912,1299610,0,68607207,206669,3306912,384,11.314296355936676,498580480,0.0,8.594007885316387,0.9715794210787863,512,512,4.164058685302734,-0.14617562294006348,0.022163867950439453,-0.16833949089050293,False,,"{""best_reuse"": ""adapter_1"", ""best_reuse_utility"": 0.022163867950439453, ""decision"": ""reuse"", ""fresh_advantage"": -0.16833949089050293, ""fresh_positive"": false, ""fresh_utility"": -0.14617562294006348, ""full_batch_guards"": {""adapter_1"": {""crossfit_feasible"": true, ""crossfit_utility"": 0.022163867950439453, ""crossfit_utility_positive"": true, ""full_batch_cur_after"": 4.140119552612305, ""full_batch_cur_before"": 4.164058685302734, ""full_batch_gain"": 0.023939132690429688, ""full_batch_harm"": -0.023484203964471817, ""full_batch_harm_lcb"": -0.023862913644406944, ""full_batch_harm_se"": 0.0001932192244566977, ""full_batch_harm_ucb"": -0.02310549428453669, ""full_batch_safe"": true}, ""default"": {""crossfit_feasible"": true, ""crossfit_utility"": -0.22285962104797363, ""crossfit_utility_positive"": false, ""full_batch_cur_after"": 4.382030010223389, ""full_batch_cur_before"": 4.393605709075928, ""full_batch_gain"": 0.011575698852539062, ""full_batch_harm"": -0.02018183469772339, ""full_batch_harm_lcb"": -0.020614430840942076, ""full_batch_harm_se"": 0.0002207123179687187, ""full_batch_harm_ucb"": -0.0197492385545047, ""full_batch_safe"": true}}, ""guarded_best_reuse"": ""adapter_1"", ""num_adapters"": 2, ""pending_after"": false, ""pending_before"": false, ""policy_version"": ""cau_v1"", ""reason"": ""safe_existing_reuse"", ""utility"": {""batch_n"": 16, ""best_reuse"": ""adapter_1"", ""best_reuse_query_after"": 4.141894817352295, ""best_reuse_utility"": 0.022163867950439453, ""budget_blocked_fresh"": false, ""defer_utility"": 0.0, ""fold_a_fresh_utility"": -0.15325546264648438, ""fold_a_query_n"": 8, ""fold_a_support_n"": 8, ""fold_b_fresh_utility"": -0.13909578323364258, ""fold_b_query_n"": 8, ""fold_b_support_n"": 8, ""fresh_advantage"": -0.16833949089050293, ""fresh_local_trainability"": 0.008677482604980469, ""fresh_positive"": false, ""fresh_query_after"": 4.310234308242798, ""fresh_query_before"": 4.318911790847778, ""fresh_utility"": -0.14617562294006348, ""max_adapters"": 8, ""reuse_profiles"": {""adapter_1"": {""feasible_both"": true, ""fold_a_harm"": -0.02280651032924652, ""fold_a_lcb"": -0.023276954782777467, ""fold_a_query_after"": 4.123857498168945, ""fold_a_utility"": 0.021879196166992188, ""fold_b_harm"": -0.02293015643954277, ""fold_b_lcb"": -0.023303377820993773, ""fold_b_query_after"": 4.1599321365356445, ""fold_b_utility"": 0.02244853973388672, ""harm_lcb_max"": -0.023276954782777467, ""harm_mean"": -0.022868333384394646, ""harm_se_mean"": 0.00021522087627090514, ""harm_ucb_max"": -0.022336065875715575, ""local_trainability"": 0.022163867950439453, ""query_after"": 4.141894817352295, ""query_before"": 4.164058685302734, ""system_utility"": 0.022163867950439453}, ""default"": {""feasible_both"": true, ""fold_a_harm"": -0.020347341895103455, ""fold_a_lcb"": -0.02077548316854518, ""fold_a_query_after"": 4.372137546539307, ""fold_a_utility"": -0.22640085220336914, ""fold_b_harm"": -0.020227745175361633, ""fold_b_lcb"": -0.020796160912141204, ""fold_b_query_after"": 4.401699066162109, ""fold_b_utility"": -0.21931838989257812, ""harm_lcb_max"": -0.02077548316854518, ""harm_mean"": -0.020287543535232544, ""harm_se_mean"": 0.00025422372709726915, ""harm_ucb_max"": -0.019659329438582063, ""local_trainability"": 0.0066874027252197266, ""query_after"": 4.386918306350708, ""query_before"": 4.393605709075928, ""system_utility"": -0.22285962104797363}}, ""status"": ""ok"", ""statusquo_loss"": 4.164058685302734, ""total_memory_budget"": 512}, ""utility_status"": ""ok""}"
26,A1,A,1,adapter_1,reuse,safe_existing_reuse,4.226653575897217,2,True,294912,1299610,0,68607207,206669,3306912,400,11.942764269886538,498580480,0.0,9.218011858407408,0.9715794210787863,512,512,4.221052169799805,-0.15867042541503906,0.022367238998413086,-0.18103766441345215,False,,"{""best_reuse"": ""adapter_1"", ""best_reuse_utility"": 0.022367238998413086, ""decision"": ""reuse"", ""fresh_advantage"": -0.18103766441345215, ""fresh_positive"": false, ""fresh_utility"": -0.15867042541503906, ""full_batch_guards"": {""adapter_1"": {""crossfit_feasible"": true, ""crossfit_utility"": 0.022367238998413086, ""crossfit_utility_positive"": true, ""full_batch_cur_after"": 4.197348117828369, ""full_batch_cur_before"": 4.221052169799805, ""full_batch_gain"": 0.023704051971435547, ""full_batch_harm"": -0.023485887795686722, ""full_batch_harm_lcb"": -0.02374592587351799, ""full_batch_harm_se"": 0.0001326724886894226, ""full_batch_harm_ucb"": -0.023225849717855452, ""full_batch_safe"": true}, ""default"": {""crossfit_feasible"": true, ""crossfit_utility"": -0.25156402587890625, ""crossfit_utility_positive"": false, ""full_batch_cur_after"": 4.467285633087158, ""full_batch_cur_before"": 4.477686882019043, ""full_batch_gain"": 0.010401248931884766, ""full_batch_harm"": -0.019746579229831696, ""full_batch_harm_lcb"": -0.020401006251340732, ""full_batch_harm_se"": 0.0003338913375046104, ""full_batch_harm_ucb"": -0.01909215220832266, ""full_batch_safe"": true}}, ""guarded_best_reuse"": ""adapter_1"", ""num_adapters"": 2, ""pending_after"": false, ""pending_before"": false, ""policy_version"": ""cau_v1"", ""reason"": ""safe_existing_reuse"", ""utility"": {""batch_n"": 16, ""best_reuse"": ""adapter_1"", ""best_reuse_query_after"": 4.198684930801392, ""best_reuse_utility"": 0.022367238998413086, ""budget_blocked_fresh"": false, ""defer_utility"": 0.0, ""fold_a_fresh_utility"": -0.15387916564941406, ""fold_a_query_n"": 8, ""fold_a_support_n"": 8, ""fold_b_fresh_utility"": -0.16346168518066406, ""fold_b_query_n"": 8, ""fold_b_support_n"": 8, ""fresh_advantage"": -0.18103766441345215, ""fresh_local_trainability"": 0.01353311538696289, ""fresh_positive"": false, ""fresh_query_after"": 4.379722595214844, ""fresh_query_before"": 4.393255710601807, ""fresh_utility"": -0.15867042541503906, ""max_adapters"": 8, ""reuse_profiles"": {""adapter_1"": {""feasible_both"": true, ""fold_a_harm"": -0.02308332547545433, ""fold_a_lcb"": -0.02344791668758262, ""fold_a_query_after"": 4.2403764724731445, ""fold_a_utility"": 0.02215576171875, ""fold_b_harm"": -0.022943317890167236, ""fold_b_lcb"": -0.02319950427627191, ""fold_b_query_after"": 4.156993389129639, ""fold_b_utility"": 0.022578716278076172, ""harm_lcb_max"": -0.02319950427627191, ""harm_mean"": -0.023013321682810783, ""harm_se_mean"": 0.00015836163220228627, ""harm_ucb_max"": -0.022687131504062562, ""local_trainability"": 0.022367238998413086, ""query_after"": 4.198684930801392, ""query_before"": 4.221052169799805, ""system_utility"": 0.022367238998413086}, ""default"": {""feasible_both"": true, ""fold_a_harm"": -0.019844260066747665, ""fold_a_lcb"": -0.020497081940993665, ""fold_a_query_after"": 4.508526802062988, ""fold_a_utility"": -0.24599456787109375, ""fold_b_harm"": -0.020028725266456604, ""fold_b_lcb"": -0.020680151000851764, ""fold_b_query_after"": 4.436705589294434, ""fold_b_utility"": -0.25713348388671875, ""harm_lcb_max"": -0.020497081940993665, ""harm_mean"": -0.019936492666602135, ""harm_se_mean"": 0.0003327162266941741, ""harm_ucb_max"": -0.019191438192501666, ""local_trainability"": 0.00507044792175293, ""query_after"": 4.472616195678711, ""query_before"": 4.477686643600464, ""system_utility"": -0.25156402587890625}}, ""status"": ""ok"", ""statusquo_loss"": 4.221052169799805, ""total_memory_budget"": 512}, ""utility_status"": ""ok""}"
27,A1,A,1,adapter_1,reuse,safe_existing_reuse,4.1486897468566895,2,True,294912,1299610,0,68607207,206669,3306912,416,12.586576613830402,498580480,0.0,9.857329250313342,0.9715794210787863,512,512,4.145031452178955,-0.18738174438476562,0.023306608200073242,-0.21068835258483887,False,,"{""best_reuse"": ""adapter_1"", ""best_reuse_utility"": 0.023306608200073242, ""decision"": ""reuse"", ""fresh_advantage"": -0.21068835258483887, ""fresh_positive"": false, ""fresh_utility"": -0.18738174438476562, ""full_batch_guards"": {""adapter_1"": {""crossfit_feasible"": true, ""crossfit_utility"": 0.023306608200073242, ""crossfit_utility_positive"": true, ""full_batch_cur_after"": 4.120708465576172, ""full_batch_cur_before"": 4.145031452178955, ""full_batch_gain"": 0.024322986602783203, ""full_batch_harm"": -0.023980282247066498, ""full_batch_harm_lcb"": -0.024278977084322834, ""full_batch_harm_se"": 0.00015239532513078302, ""full_batch_harm_ucb"": -0.023681587409810162, ""full_batch_safe"": true}, ""default"": {""crossfit_feasible"": true, ""crossfit_utility"": -0.2757833003997803, ""crossfit_utility_positive"": false, ""full_batch_cur_after"": 4.416226387023926, ""full_batch_cur_before"": 4.426657199859619, ""full_batch_gain"": 0.01043081283569336, ""full_batch_harm"": -0.019941918551921844, ""full_batch_harm_lcb"": -0.020466003097826615, ""full_batch_harm_se"": 0.00026739007444120944, ""full_batch_harm_ucb"": -0.019417834006017074, ""full_batch_safe"": true}}, ""guarded_best_reuse"": ""adapter_1"", ""num_adapters"": 2, ""pending_after"": false, ""pending_before"": false, ""policy_version"": ""cau_v1"", ""reason"": ""safe_existing_reuse"", ""utility"": {""batch_n"": 16, ""best_reuse"": ""adapter_1"", ""best_reuse_query_after"": 4.121724843978882, ""best_reuse_utility"": 0.023306608200073242, ""budget_blocked_fresh"": false, ""defer_utility"": 0.0, ""fold_a_fresh_utility"": -0.18711280822753906, ""fold_a_query_n"": 8, ""fold_a_support_n"": 8, ""fold_b_fresh_utility"": -0.1876506805419922, ""fold_b_query_n"": 8, ""fold_b_support_n"": 8, ""fresh_advantage"": -0.21068835258483887, ""fresh_local_trainability"": 0.015004158020019531, ""fresh_positive"": false, ""fresh_query_after"": 4.332413196563721, ""fresh_query_before"": 4.34741735458374, ""fresh_utility"": -0.18738174438476562, ""max_adapters"": 8, ""reuse_profiles"": {""adapter_1"": {""feasible_both"": true, ""fold_a_harm"": -0.023528125137090683, ""fold_a_lcb"": -0.02385404296161141, ""fold_a_query_after"": 4.135912895202637, ""fold_a_utility"": 0.023366928100585938, ""fold_b_harm"": -0.02352166920900345, ""fold_b_lcb"": -0.023832364117843098, ""fold_b_query_after"": 4.107536792755127, ""fold_b_utility"": 0.023246288299560547, ""harm_lcb_max"": -0.023832364117843098, ""harm_mean"": -0.023524897173047066, ""harm_se_mean"": 0.00016240120748989284, ""harm_ucb_max"": -0.023202207312569955, ""local_trainability"": 0.023306608200073242, ""query_after"": 4.121724843978882, ""query_before"": 4.145031452178955, ""system_utility"": 0.023306608200073242}, ""default"": {""feasible_both"": true, ""fold_a_harm"": -0.02018999680876732, ""fold_a_lcb"": -0.02070563321118243, ""fold_a_query_after"": 4.435479640960693, ""fold_a_utility"": -0.2761998176574707, ""fold_b_harm"": -0.019928522408008575, ""fold_b_lcb"": -0.020486256348667665, ""fold_b_query_after"": 4.406149864196777, ""fold_b_utility"": -0.27536678314208984, ""harm_lcb_max"": -0.020486256348667665, ""harm_mean"": -0.020059259608387947, ""harm_se_mean"": 0.0002738189650699496, ""harm_ucb_max"": -0.019370788467349485, ""local_trainability"": 0.005842447280883789, ""query_after"": 4.420814752578735, ""query_before"": 4.426657199859619, ""system_utility"": -0.2757833003997803}}, ""status"": ""ok"", ""statusquo_loss"": 4.145031452178955, ""total_memory_budget"": 512}, ""utility_status"": ""ok""}"
28,A1,A,1,adapter_1,reuse,safe_existing_reuse,4.096611022949219,2,True,294912,1299610,0,68607207,206669,3306912,432,13.220064281951636,498580480,0.0,10.486287226201966,0.9715794210787863,512,512,4.099071741104126,-0.21238493919372559,0.02380990982055664,-0.23619484901428223,False,,"{""best_reuse"": ""adapter_1"", ""best_reuse_utility"": 0.02380990982055664, ""decision"": ""reuse"", ""fresh_advantage"": -0.23619484901428223, ""fresh_positive"": false, ""fresh_utility"": -0.21238493919372559, ""full_batch_guards"": {""adapter_1"": {""crossfit_feasible"": true, ""crossfit_utility"": 0.02380990982055664, ""crossfit_utility_positive"": true, ""full_batch_cur_after"": 4.074206352233887, ""full_batch_cur_before"": 4.099071502685547, ""full_batch_gain"": 0.024865150451660156, ""full_batch_harm"": -0.024355556815862656, ""full_batch_harm_lcb"": -0.02470320157124661, ""full_batch_harm_se"": 0.0001773697731550783, ""full_batch_harm_ucb"": -0.0240079120604787, ""full_batch_safe"": true}, ""default"": {""crossfit_feasible"": true, ""crossfit_utility"": -0.29201173782348633, ""crossfit_utility_positive"": false, ""full_batch_cur_after"": 4.387477874755859, ""full_batch_cur_before"": 4.399086952209473, ""full_batch_gain"": 0.011609077453613281, ""full_batch_harm"": -0.020121980458498, ""full_batch_harm_lcb"": -0.020594353667111136, ""full_batch_harm_se"": 0.00024100673908833414, ""full_batch_harm_ucb"": -0.019649607249884866, ""full_batch_safe"": true}}, ""guarded_best_reuse"": ""adapter_1"", ""num_adapters"": 2, ""pending_after"": false, ""pending_before"": false, ""policy_version"": ""cau_v1"", ""reason"": ""safe_existing_reuse"", ""utility"": {""batch_n"": 16, ""best_reuse"": ""adapter_1"", ""best_reuse_query_after"": 4.075261831283569, ""best_reuse_utility"": 0.02380990982055664, ""budget_blocked_fresh"": false, ""defer_utility"": 0.0, ""fold_a_fresh_utility"": -0.21853017807006836, ""fold_a_query_n"": 8, ""fold_a_support_n"": 8, ""fold_b_fresh_utility"": -0.2062397003173828, ""fold_b_query_n"": 8, ""fold_b_support_n"": 8, ""fresh_advantage"": -0.23619484901428223, ""fresh_local_trainability"": 0.013343334197998047, ""fresh_positive"": false, ""fresh_query_after"": 4.311456680297852, ""fresh_query_before"": 4.32480001449585, ""fresh_utility"": -0.21238493919372559, ""max_adapters"": 8, ""reuse_profiles"": {""adapter_1"": {""feasible_both"": true, ""fold_a_harm"": -0.023572508245706558, ""fold_a_lcb"": -0.023946425557951442, ""fold_a_query_after"": 4.0642547607421875, ""fold_a_utility"": 0.02360677719116211, ""fold_b_harm"": -0.024304717779159546, ""fold_b_lcb"": -0.02468488406506367, ""fold_b_query_after"": 4.086268901824951, ""fold_b_utility"": 0.024013042449951172, ""harm_lcb_max"": -0.023946425557951442, ""harm_mean"": -0.023938613012433052, ""harm_se_mean"": 0.00019236826483393088, ""harm_ucb_max"": -0.023198590933461674, ""local_trainability"": 0.02380990982055664, ""query_after"": 4.075261831283569, ""query_before"": 4.099071741104126, ""system_utility"": 0.02380990982055664}, ""default"": {""feasible_both"": true, ""fold_a_harm"": -0.020397745072841644, ""fold_a_lcb"": -0.020968001945875586, ""fold_a_query_after"": 4.3851776123046875, ""fold_a_utility"": -0.2973160743713379, ""fold_b_harm"": -0.02011643350124359, ""fold_b_lcb"": -0.020602096677757798, ""fold_b_query_after"": 4.396989345550537, ""fold_b_utility"": -0.28670740127563477, ""harm_lcb_max"": -0.020602096677757798, ""harm_mean"": -0.020257089287042618, ""harm_se_mean"": 0.00026936735957860947, ""harm_ucb_max"": -0.019630770324729385, ""local_trainability"": 0.008002996444702148, ""query_after"": 4.391083478927612, ""query_before"": 4.3990864753723145, ""system_utility"": -0.29201173782348633}}, ""status"": ""ok"", ""statusquo_loss"": 4.099071741104126, ""total_memory_budget"": 512}, ""utility_status"": ""ok""}"
29,A1,A,1,adapter_1,reuse,safe_existing_reuse,4.080840110778809,2,True,294912,1299610,0,68607207,206669,3306912,448,13.880858095828444,498580480,0.0,11.142446435289457,0.9715794210787863,512,512,4.084192752838135,-0.2455122470855713,0.02393817901611328,-0.26945042610168457,False,,"{""best_reuse"": ""adapter_1"", ""best_reuse_utility"": 0.02393817901611328, ""decision"": ""reuse"", ""fresh_advantage"": -0.26945042610168457, ""fresh_positive"": false, ""fresh_utility"": -0.2455122470855713, ""full_batch_guards"": {""adapter_1"": {""crossfit_feasible"": true, ""crossfit_utility"": 0.02393817901611328, ""crossfit_utility_positive"": true, ""full_batch_cur_after"": 4.058332443237305, ""full_batch_cur_before"": 4.084192276000977, ""full_batch_gain"": 0.025859832763671875, ""full_batch_harm"": -0.02500118315219879, ""full_batch_harm_lcb"": -0.02547274525917601, ""full_batch_harm_se"": 0.00024059291172306985, ""full_batch_harm_ucb"": -0.024529621045221574, ""full_batch_safe"": true}, ""default"": {""crossfit_feasible"": true, ""crossfit_utility"": -0.32713794708251953, ""crossfit_utility_positive"": false, ""full_batch_cur_after"": 4.404404163360596, ""full_batch_cur_before"": 4.415761947631836, ""full_batch_gain"": 0.011357784271240234, ""full_batch_harm"": -0.019992198795080185, ""full_batch_harm_lcb"": -0.02046639705367852, ""full_batch_harm_se"": 0.00024193788703996688, ""full_batch_harm_ucb"": -0.01951800053648185, ""full_batch_safe"": true}}, ""guarded_best_reuse"": ""adapter_1"", ""num_adapters"": 2, ""pending_after"": false, ""pending_before"": false, ""policy_version"": ""cau_v1"", ""reason"": ""safe_existing_reuse"", ""utility"": {""batch_n"": 16, ""best_reuse"": ""adapter_1"", ""best_reuse_query_after"": 4.0602545738220215, ""best_reuse_utility"": 0.02393817901611328, ""budget_blocked_fresh"": false, ""defer_utility"": 0.0, ""fold_a_fresh_utility"": -0.24002981185913086, ""fold_a_query_n"": 8, ""fold_a_support_n"": 8, ""fold_b_fresh_utility"": -0.2509946823120117, ""fold_b_query_n"": 8, ""fold_b_support_n"": 8, ""fresh_advantage"": -0.26945042610168457, ""fresh_local_trainability"": 0.005911588668823242, ""fresh_positive"": false, ""fresh_query_after"": 4.329704999923706, ""fresh_query_before"": 4.335616588592529, ""fresh_utility"": -0.2455122470855713, ""max_adapters"": 8, ""reuse_profiles"": {""adapter_1"": {""feasible_both"": true, ""fold_a_harm"": -0.024375692009925842, ""fold_a_lcb"": -0.02484888051287271, ""fold_a_query_after"": 4.084954261779785, ""fold_a_utility"": 0.024526596069335938, ""fold_b_harm"": -0.02418139949440956, ""fold_b_lcb"": -0.024692748734960333, ""fold_b_query_after"": 4.035554885864258, ""fold_b_utility"": 0.023349761962890625, ""harm_lcb_max"": -0.024692748734960333, ""harm_mean"": -0.0242785457521677, ""harm_se_mean"": 0.00025115758762694895, ""harm_ucb_max"": -0.02367005025385879, ""local_trainability"": 0.02393817901611328, ""query_after"": 4.0602545738220215, ""query_before"": 4.084192752838135, ""system_utility"": 0.02393817901611328}, ""default"": {""feasible_both"": true, ""fold_a_harm"": -0.020309478044509888, ""fold_a_lcb"": -0.02089823241578415, ""fold_a_query_after"": 4.4453325271606445, ""fold_a_utility"": -0.33585166931152344, ""fold_b_harm"": -0.020162388682365417, ""fold_b_lcb"": -0.02069942033616826, ""fold_b_query_after"": 4.377328872680664, ""fold_b_utility"": -0.3184242248535156, ""harm_lcb_max"": -0.02069942033616826, ""harm_mean"": -0.020235933363437653, ""harm_se_mean"": 0.00028719031251966953, ""harm_ucb_max"": -0.019625357028562575, ""local_trainability"": 0.004431724548339844, ""query_after"": 4.411330699920654, ""query_before"": 4.415762424468994, ""system_utility"": -0.32713794708251953}}, ""status"": ""ok"", ""statusquo_loss"": 4.084192752838135, ""total_memory_budget"": 512}, ""utility_status"": ""ok""}"
30,A1,A,1,adapter_1,reuse,safe_existing_reuse,4.0566511154174805,2,True,294912,1299610,0,68607207,206669,3306912,464,14.506058348808438,498580480,0.0,11.762912140227854,0.9715794210787863,512,512,4.051204442977905,-0.2637929916381836,0.024406790733337402,-0.288199782371521,False,,"{""best_reuse"": ""adapter_1"", ""best_reuse_utility"": 0.024406790733337402, ""decision"": ""reuse"", ""fresh_advantage"": -0.288199782371521, ""fresh_positive"": false, ""fresh_utility"": -0.2637929916381836, ""full_batch_guards"": {""adapter_1"": {""crossfit_feasible"": true, ""crossfit_utility"": 0.024406790733337402, ""crossfit_utility_positive"": true, ""full_batch_cur_after"": 4.025381088256836, ""full_batch_cur_before"": 4.051204681396484, ""full_batch_gain"": 0.025823593139648438, ""full_batch_harm"": -0.025284919887781143, ""full_batch_harm_lcb"": -0.025700877495110033, ""full_batch_harm_se"": 0.00021222326904535294, ""full_batch_harm_ucb"": -0.024868962280452253, ""full_batch_safe"": true}, ""default"": {""crossfit_feasible"": true, ""crossfit_utility"": -0.3498067855834961, ""crossfit_utility_positive"": false, ""full_batch_cur_after"": 4.395442008972168, ""full_batch_cur_before"": 4.406800746917725, ""full_batch_gain"": 0.01135873794555664, ""full_batch_harm"": -0.019922882318496704, ""full_batch_harm_lcb"": -0.020402155310148374, ""full_batch_harm_se"": 0.00024452703655697405, ""full_batch_harm_ucb"": -0.019443609326845034, ""full_batch_safe"": true}}, ""guarded_best_reuse"": ""adapter_1"", ""num_adapters"": 2, ""pending_after"": false, ""pending_before"": false, ""policy_version"": ""cau_v1"", ""reason"": ""safe_existing_reuse"", ""utility"": {""batch_n"": 16, ""best_reuse"": ""adapter_1"", ""best_reuse_query_after"": 4.026797652244568, ""best_reuse_utility"": 0.024406790733337402, ""budget_blocked_fresh"": false, ""defer_utility"": 0.0, ""fold_a_fresh_utility"": -0.26236629486083984, ""fold_a_query_n"": 8, ""fold_a_support_n"": 8, ""fold_b_fresh_utility"": -0.26521968841552734, ""fold_b_query_n"": 8, ""fold_b_support_n"": 8, ""fresh_advantage"": -0.288199782371521, ""fresh_local_trainability"": 0.012875795364379883, ""fresh_positive"": false, ""fresh_query_after"": 4.314997434616089, ""fresh_query_before"": 4.327873229980469, ""fresh_utility"": -0.2637929916381836, ""max_adapters"": 8, ""reuse_profiles"": {""adapter_1"": {""feasible_both"": true, ""fold_a_harm"": -0.024775967001914978, ""fold_a_lcb"": -0.025316602892708033, ""fold_a_query_after"": 4.065392017364502, ""fold_a_utility"": 0.023931026458740234, ""fold_b_harm"": -0.02471102401614189, ""fold_b_lcb"": -0.025086180284852162, ""fold_b_query_after"": 3.988203287124634, ""fold_b_utility"": 0.02488255500793457, ""harm_lcb_max"": -0.025086180284852162, ""harm_mean"": -0.024743495509028435, ""harm_se_mean"": 0.00023362044885288924, ""harm_ucb_max"": -0.024235331111121923, ""local_trainability"": 0.024406790733337402, ""query_after"": 4.026797652244568, ""query_before"": 4.051204442977905, ""system_utility"": 0.024406790733337402}, ""default"": {""feasible_both"": true, ""fold_a_harm"": -0.02015480026602745, ""fold_a_lcb"": -0.02061430454486981, ""fold_a_query_after"": 4.438958644866943, ""fold_a_utility"": -0.34963560104370117, ""fold_b_harm"": -0.0199778713285923, ""fold_b_lcb"": -0.020547744755167515, ""fold_b_query_after"": 4.363063812255859, ""fold_b_utility"": -0.349977970123291, ""harm_lcb_max"": -0.020547744755167515, ""harm_mean"": -0.020066335797309875, ""harm_se_mean"": 0.00026259635342285037, ""harm_ucb_max"": -0.019407997902017086, ""local_trainability"": 0.005789995193481445, ""query_after"": 4.401011228561401, ""query_before"": 4.406801223754883, ""system_utility"": -0.3498067855834961}}, ""status"": ""ok"", ""statusquo_loss"": 4.051204442977905, ""total_memory_budget"": 512}, ""utility_status"": ""ok""}"
31,A1,A,1,adapter_1,reuse,safe_existing_reuse,4.023046493530273,2,True,294912,1299610,0,68607207,206669,3306912,480,15.137725861975923,498580480,0.0,12.389844456221908,0.9715794210787863,512,512,4.008508205413818,-0.29893040657043457,0.023113012313842773,-0.32204341888427734,False,,"{""best_reuse"": ""adapter_1"", ""best_reuse_utility"": 0.023113012313842773, ""decision"": ""reuse"", ""fresh_advantage"": -0.32204341888427734, ""fresh_positive"": false, ""fresh_utility"": -0.29893040657043457, ""full_batch_guards"": {""adapter_1"": {""crossfit_feasible"": true, ""crossfit_utility"": 0.023113012313842773, ""crossfit_utility_positive"": true, ""full_batch_cur_after"": 3.982799768447876, ""full_batch_cur_before"": 4.008508205413818, ""full_batch_gain"": 0.025708436965942383, ""full_batch_harm"": -0.025793321430683136, ""full_batch_harm_lcb"": -0.026190537222428246, ""full_batch_harm_se"": 0.0002026611182373017, ""full_batch_harm_ucb"": -0.025396105638938026, ""full_batch_safe"": true}, ""default"": {""crossfit_feasible"": true, ""crossfit_utility"": -0.3647582530975342, ""crossfit_utility_positive"": false, ""full_batch_cur_after"": 4.36469030380249, ""full_batch_cur_before"": 4.377612113952637, ""full_batch_gain"": 0.012921810150146484, ""full_batch_harm"": -0.020472977310419083, ""full_batch_harm_lcb"": -0.020921276219305583, ""full_batch_harm_se"": 0.000228723933105357, ""full_batch_harm_ucb"": -0.020024678401532582, ""full_batch_safe"": true}}, ""guarded_best_reuse"": ""adapter_1"", ""num_adapters"": 2, ""pending_after"": false, ""pending_before"": false, ""policy_version"": ""cau_v1"", ""reason"": ""safe_existing_reuse"", ""utility"": {""batch_n"": 16, ""best_reuse"": ""adapter_1"", ""best_reuse_query_after"": 3.9853951930999756, ""best_reuse_utility"": 0.023113012313842773, ""budget_blocked_fresh"": false, ""defer_utility"": 0.0, ""fold_a_fresh_utility"": -0.3093118667602539, ""fold_a_query_n"": 8, ""fold_a_support_n"": 8, ""fold_b_fresh_utility"": -0.28854894638061523, ""fold_b_query_n"": 8, ""fold_b_support_n"": 8, ""fresh_advantage"": -0.32204341888427734, ""fresh_local_trainability"": 0.0008990764617919922, ""fresh_positive"": false, ""fresh_query_after"": 4.307438611984253, ""fresh_query_before"": 4.308337688446045, ""fresh_utility"": -0.29893040657043457, ""max_adapters"": 8, ""reuse_profiles"": {""adapter_1"": {""feasible_both"": true, ""fold_a_harm"": -0.025110501796007156, ""fold_a_lcb"": -0.025369068037252872, ""fold_a_query_after"": 3.9059858322143555, ""fold_a_utility"": 0.024103641510009766, ""fold_b_harm"": -0.02493864670395851, ""fold_b_lcb"": -0.02553138607763685, ""fold_b_query_after"": 4.064804553985596, ""fold_b_utility"": 0.02212238311767578, ""harm_lcb_max"": -0.025369068037252872, ""harm_mean"": -0.025024574249982834, ""harm_se_mean"": 0.00021716979972552508, ""harm_ucb_max"": -0.02434590733028017, ""local_trainability"": 0.023113012313842773, ""query_after"": 3.9853951930999756, ""query_before"": 4.008508205413818, ""system_utility"": 0.023113012313842773}, ""default"": {""feasible_both"": true, ""fold_a_harm"": -0.020327363163232803, ""fold_a_lcb"": -0.02087473720428534, ""fold_a_query_after"": 4.2950758934021, ""fold_a_utility"": -0.3649864196777344, ""fold_b_harm"": -0.020558573305606842, ""fold_b_lcb"": -0.021049254542449488, ""fold_b_query_after"": 4.4514570236206055, ""fold_b_utility"": -0.364530086517334, ""harm_lcb_max"": -0.02087473720428534, ""harm_mean"": -0.020442968234419823, ""harm_se_mean"": 0.00026481001987122, ""harm_ucb_max"": -0.019779989122180267, ""local_trainability"": 0.0043451786041259766, ""query_after"": 4.3732664585113525, ""query_before"": 4.3776116371154785, ""system_utility"": -0.3647582530975342}}, ""status"": ""ok"", ""statusquo_loss"": 4.008508205413818, ""total_memory_budget"": 512}, ""utility_status"": ""ok""}"
32,A1,A,1,adapter_1,reuse,safe_existing_reuse,4.076575756072998,2,True,294912,1299610,0,68607207,206669,3306912,493,15.768994374899194,498580480,0.0,13.016197907039896,0.9715794210787863,512,512,4.070320936349722,-0.30507890994732195,0.02439601604755108,-0.32947492599487305,False,,"{""best_reuse"": ""adapter_1"", ""best_reuse_utility"": 0.02439601604755108, ""decision"": ""reuse"", ""fresh_advantage"": -0.32947492599487305, ""fresh_positive"": false, ""fresh_utility"": -0.30507890994732195, ""full_batch_guards"": {""adapter_1"": {""crossfit_feasible"": true, ""crossfit_utility"": 0.02439601604755108, ""crossfit_utility_positive"": true, ""full_batch_cur_after"": 4.044295787811279, ""full_batch_cur_before"": 4.070321083068848, ""full_batch_gain"": 0.02602529525756836, ""full_batch_harm"": -0.026186034083366394, ""full_batch_harm_lcb"": -0.026665435023605823, ""full_batch_harm_se"": 0.0002445923164486885, ""full_batch_harm_ucb"": -0.025706633143126965, ""full_batch_safe"": true}, ""default"": {""crossfit_feasible"": true, ""crossfit_utility"": -0.38749056596022385, ""crossfit_utility_positive"": false, ""full_batch_cur_after"": 4.45218563079834, ""full_batch_cur_before"": 4.462987422943115, ""full_batch_gain"": 0.01080179214477539, ""full_batch_harm"": -0.020134057849645615, ""full_batch_harm_lcb"": -0.020606731962761842, ""full_batch_harm_se"": 0.0002411602617939934, ""full_batch_harm_ucb"": -0.019661383736529387, ""full_batch_safe"": true}}, ""guarded_best_reuse"": ""adapter_1"", ""num_adapters"": 2, ""pending_after"": false, ""pending_before"": false, ""policy_version"": ""cau_v1"", ""reason"": ""safe_existing_reuse"", ""utility"": {""batch_n"": 13, ""best_reuse"": ""adapter_1"", ""best_reuse_query_after"": 4.045924920302171, ""best_reuse_utility"": 0.02439601604755108, ""budget_blocked_fresh"": false, ""defer_utility"": 0.0, ""fold_a_fresh_utility"": -0.3038449287414551, ""fold_a_query_n"": 6, ""fold_a_support_n"": 7, ""fold_b_fresh_utility"": -0.3061366081237793, ""fold_b_query_n"": 7, ""fold_b_support_n"": 6, ""fresh_advantage"": -0.32947492599487305, ""fresh_local_trainability"": 0.0075503129225510815, ""fresh_positive"": false, ""fresh_query_after"": 4.375399846297044, ""fresh_query_before"": 4.382950159219595, ""fresh_utility"": -0.30507890994732195, ""max_adapters"": 8, ""reuse_profiles"": {""adapter_1"": {""feasible_both"": true, ""fold_a_harm"": -0.025619249790906906, ""fold_a_lcb"": -0.02620207945234142, ""fold_a_query_after"": 4.077380657196045, ""fold_a_utility"": 0.024431705474853516, ""fold_b_harm"": -0.02552056312561035, ""fold_b_lcb"": -0.02589542502129916, ""fold_b_query_after"": 4.018962860107422, ""fold_b_utility"": 0.02436542510986328, ""harm_lcb_max"": -0.02589542502129916, ""harm_mean"": -0.02556990645825863, ""harm_se_mean"": 0.00024430907069472596, ""harm_ucb_max"": -0.02503642012947239, ""local_trainability"": 0.02439601604755108, ""query_after"": 4.045924920302171, ""query_before"": 4.070320936349722, ""system_utility"": 0.02439601604755108}, ""default"": {""feasible_both"": true, ""fold_a_harm"": -0.020321127027273178, ""fold_a_lcb"": -0.02088072503567673, ""fold_a_query_after"": 4.499939918518066, ""fold_a_utility"": -0.39812755584716797, ""fold_b_harm"": -0.02022920921444893, ""fold_b_lcb"": -0.0207786302047316, ""fold_b_query_after"": 4.421701431274414, ""fold_b_utility"": -0.3783731460571289, ""harm_lcb_max"": -0.0207786302047316, ""harm_mean"": -0.020275168120861053, ""harm_se_mean"": 0.00028291300986893475, ""harm_ucb_max"": -0.01967978822416626, ""local_trainability"": 0.005175957312950721, ""query_after"": 4.457811502309946, ""query_before"": 4.462987459622896, ""system_utility"": -0.38749056596022385}}, ""status"": ""ok"", ""statusquo_loss"": 4.070320936349722, ""total_memory_budget"": 512}, ""utility_status"": ""ok""}"
33,B2,B,2,default,reuse,safe_existing_reuse,3.8610782623291016,2,True,294912,1299610,0,68607207,206669,3306912,493,17.770645056851208,498580480,0.0,13.653679136186838,2.3307824020739645,512,512,4.312982797622681,0.07842016220092773,0.47943758964538574,-0.401017427444458,False,,"{""best_reuse"": ""default"", ""best_reuse_utility"": 0.47943758964538574, ""decision"": ""reuse"", ""fresh_advantage"": -0.401017427444458, ""fresh_positive"": false, ""fresh_utility"": 0.07842016220092773, ""full_batch_guards"": {""adapter_1"": {""crossfit_feasible"": true, ""crossfit_utility"": 0.00010895729064941406, ""crossfit_utility_positive"": true, ""full_batch_cur_after"": 4.303776741027832, ""full_batch_cur_before"": 4.312982559204102, ""full_batch_gain"": 0.009205818176269531, ""full_batch_harm"": -0.02325340360403061, ""full_batch_harm_lcb"": -0.023748657049145548, ""full_batch_harm_se"": 0.0002526803291402757, ""full_batch_harm_ucb"": -0.02275815015891567, ""full_batch_safe"": true}, ""default"": {""crossfit_feasible"": true, ""crossfit_utility"": 0.47943758964538574, ""crossfit_utility_positive"": true, ""full_batch_cur_after"": 3.8319501876831055, ""full_batch_cur_before"": 3.856017827987671, ""full_batch_gain"": 0.02406764030456543, ""full_batch_harm"": -0.022775933146476746, ""full_batch_harm_lcb"": -0.02360363957704976, ""full_batch_harm_se"": 0.00042229919927194715, ""full_batch_harm_ucb"": -0.02194822671590373, ""full_batch_safe"": true}}, ""guarded_best_reuse"": ""default"", ""num_adapters"": 2, ""pending_after"": false, ""pending_before"": false, ""policy_version"": ""cau_v1"", ""reason"": ""safe_existing_reuse"", ""utility"": {""batch_n"": 16, ""best_reuse"": ""default"", ""best_reuse_query_after"": 3.833545207977295, ""best_reuse_utility"": 0.47943758964538574, ""budget_blocked_fresh"": false, ""defer_utility"": 0.0, ""fold_a_fresh_utility"": 0.0751180648803711, ""fold_a_query_n"": 8, ""fold_a_support_n"": 8, ""fold_b_fresh_utility"": 0.08172225952148438, ""fold_b_query_n"": 8, ""fold_b_support_n"": 8, ""fresh_advantage"": -0.401017427444458, ""fresh_local_trainability"": 0.01026296615600586, ""fresh_positive"": false, ""fresh_query_after"": 4.234562635421753, ""fresh_query_before"": 4.244825601577759, ""fresh_utility"": 0.07842016220092773, ""max_adapters"": 8, ""reuse_profiles"": {""adapter_1"": {""feasible_both"": true, ""fold_a_harm"": -0.02375161647796631, ""fold_a_lcb"": -0.02425550020649098, ""fold_a_query_after"": 4.2878570556640625, ""fold_a_utility"": -0.00032329559326171875, ""fold_b_harm"": -0.023583661764860153, ""fold_b_lcb"": -0.02407784610055387, ""fold_b_query_after"": 4.337890625, ""fold_b_utility"": 0.0005412101745605469, ""harm_lcb_max"": -0.02407784610055387, ""harm_mean"": -0.02366763912141323, ""harm_se_mean"": 0.00025460920005571097, ""harm_ucb_max"": -0.023089477429166436, ""local_trainability"": 0.00010895729064941406, ""query_after"": 4.312873840332031, ""query_before"": 4.312982797622681, ""system_utility"": 0.00010895729064941406}, ""default"": {""feasible_both"": true, ""fold_a_harm"": -0.02232041209936142, ""fold_a_lcb"": -0.023138135402696207, ""fold_a_query_after"": 3.803861141204834, ""fold_a_utility"": 0.4836726188659668, ""fold_b_harm"": -0.022212814539670944, ""fold_b_lcb"": -0.023020721225766465, ""fold_b_query_after"": 3.863229274749756, ""fold_b_utility"": 0.4752025604248047, ""harm_lcb_max"": -0.023020721225766465, ""harm_mean"": -0.022266613319516182, ""harm_se_mean"": 0.000414701527915895, ""harm_ucb_max"": -0.021404907853575423, ""local_trainability"": 0.022472500801086426, ""query_after"": 3.833545207977295, ""query_before"": 3.8560177087783813, ""system_utility"": 0.47943758964538574}}, ""status"": ""ok"", ""statusquo_loss"": 4.312982797622681, ""total_memory_budget"": 512}, ""utility_status"": ""ok""}"
34,B2,B,2,default,reuse,safe_existing_reuse,3.8942060470581055,2,True,294912,1299610,0,68607207,206669,3306912,493,18.415038800798357,498580480,0.0,14.293092937208712,2.3307824020739645,512,512,3.897620439529419,-0.40406131744384766,0.02273118495941162,-0.4267925024032593,False,,"{""best_reuse"": ""default"", ""best_reuse_utility"": 0.02273118495941162, ""decision"": ""reuse"", ""fresh_advantage"": -0.4267925024032593, ""fresh_positive"": false, ""fresh_utility"": -0.40406131744384766, ""full_batch_guards"": {""adapter_1"": {""crossfit_feasible"": true, ""crossfit_utility"": -0.4878659248352051, ""crossfit_utility_positive"": false, ""full_batch_cur_after"": 4.375796318054199, ""full_batch_cur_before"": 4.384223937988281, ""full_batch_gain"": 0.008427619934082031, ""full_batch_harm"": -0.022985167801380157, ""full_batch_harm_lcb"": -0.023450606601545586, ""full_batch_harm_se"": 0.000237468775594607, ""full_batch_harm_ucb"": -0.02251972900121473, ""full_batch_safe"": true}, ""default"": {""crossfit_feasible"": true, ""crossfit_utility"": 0.02273118495941162, ""crossfit_utility_positive"": true, ""full_batch_cur_after"": 3.8731517791748047, ""full_batch_cur_before"": 3.89762020111084, ""full_batch_gain"": 0.024468421936035156, ""full_batch_harm"": -0.02356044203042984, ""full_batch_harm_lcb"": -0.02449559766566381, ""full_batch_harm_se"": 0.0004771202220581472, ""full_batch_harm_ucb"": -0.02262528639519587, ""full_batch_safe"": true}}, ""guarded_best_reuse"": ""default"", ""num_adapters"": 2, ""pending_after"": false, ""pending_before"": false, ""policy_version"": ""cau_v1"", ""reason"": ""safe_existing_reuse"", ""utility"": {""batch_n"": 16, ""best_reuse"": ""default"", ""best_reuse_query_after"": 3.8748892545700073, ""best_reuse_utility"": 0.02273118495941162, ""budget_blocked_fresh"": false, ""defer_utility"": 0.0, ""fold_a_fresh_utility"": -0.39592409133911133, ""fold_a_query_n"": 8, ""fold_a_support_n"": 8, ""fold_b_fresh_utility"": -0.412198543548584, ""fold_b_query_n"": 8, ""fold_b_support_n"": 8, ""fresh_advantage"": -0.4267925024032593, ""fresh_local_trainability"": 0.008936166763305664, ""fresh_positive"": false, ""fresh_query_after"": 4.301681756973267, ""fresh_query_before"": 4.310617923736572, ""fresh_utility"": -0.40406131744384766, ""max_adapters"": 8, ""reuse_profiles"": {""adapter_1"": {""feasible_both"": true, ""fold_a_harm"": -0.023238588124513626, ""fold_a_lcb"": -0.02369799323321786, ""fold_a_query_after"": 4.346487522125244, ""fold_a_utility"": -0.4750847816467285, ""fold_b_harm"": -0.023427393287420273, ""fold_b_lcb"": -0.023903186767711304, ""fold_b_query_after"": 4.424485206604004, ""fold_b_utility"": -0.5006470680236816, ""harm_lcb_max"": -0.02369799323321786, ""harm_mean"": -0.02333299070596695, ""harm_se_mean"": 0.00023857106862124056, ""harm_ucb_max"": -0.022779183015809393, ""local_trainability"": -0.0012621879577636719, ""query_after"": 4.385486364364624, ""query_before"": 4.38422417640686, ""system_utility"": -0.4878659248352051}, ""default"": {""feasible_both"": true, ""fold_a_harm"": -0.02278117462992668, ""fold_a_lcb"": -0.023659400844480843, ""fold_a_query_after"": 3.8479843139648438, ""fold_a_utility"": 0.023418426513671875, ""fold_b_harm"": -0.02321242168545723, ""fold_b_lcb"": -0.02418200752697885, ""fold_b_query_after"": 3.901794195175171, ""fold_b_utility"": 0.022043943405151367, ""harm_lcb_max"": -0.023659400844480843, ""harm_mean"": -0.022996798157691956, ""harm_se_mean"": 0.0004713806265499443, ""harm_ucb_max"": -0.02190294841537252, ""local_trainability"": 0.02273118495941162, ""query_after"": 3.8748892545700073, ""query_before"": 3.897620439529419, ""system_utility"": 0.02273118495941162}}, ""status"": ""ok"", ""statusquo_loss"": 3.897620439529419, ""total_memory_budget"": 512}, ""utility_status"": ""ok""}"
35,B2,B,2,default,reuse,safe_existing_reuse,3.898017644882202,2,True,294912,1299610,0,68607207,206669,3306912,493,19.063673069002107,498580480,0.0,14.936696131248027,2.3307824020739645,512,512,3.894994020462036,-0.43339037895202637,0.024102210998535156,-0.4574925899505615,False,,"{""best_reuse"": ""default"", ""best_reuse_utility"": 0.024102210998535156, ""decision"": ""reuse"", ""fresh_advantage"": -0.4574925899505615, ""fresh_positive"": false, ""fresh_utility"": -0.43339037895202637, ""full_batch_guards"": {""adapter_1"": {""crossfit_feasible"": true, ""crossfit_utility"": -0.5188157558441162, ""crossfit_utility_positive"": false, ""full_batch_cur_after"": 4.402971267700195, ""full_batch_cur_before"": 4.411699295043945, ""full_batch_gain"": 0.00872802734375, ""full_batch_harm"": -0.023051373660564423, ""full_batch_harm_lcb"": -0.0235215748520568, ""full_batch_harm_se"": 0.00023989856708794832, ""full_batch_harm_ucb"": -0.022581172469072045, ""full_batch_safe"": true}, ""default"": {""crossfit_feasible"": true, ""crossfit_utility"": 0.024102210998535156, ""crossfit_utility_positive"": true, ""full_batch_cur_after"": 3.8688716888427734, ""full_batch_cur_before"": 3.894994020462036, ""full_batch_gain"": 0.026122331619262695, ""full_batch_harm"": -0.024061646312475204, ""full_batch_harm_lcb"": -0.02517867729999125, ""full_batch_harm_se"": 0.0005699137691408396, ""full_batch_harm_ucb"": -0.02294461532495916, ""full_batch_safe"": true}}, ""guarded_best_reuse"": ""default"", ""num_adapters"": 2, ""pending_after"": false, ""pending_before"": false, ""policy_version"": ""cau_v1"", ""reason"": ""safe_existing_reuse"", ""utility"": {""batch_n"": 16, ""best_reuse"": ""default"", ""best_reuse_query_after"": 3.870891809463501, ""best_reuse_utility"": 0.024102210998535156, ""budget_blocked_fresh"": false, ""defer_utility"": 0.0, ""fold_a_fresh_utility"": -0.42142605781555176, ""fold_a_query_n"": 8, ""fold_a_support_n"": 8, ""fold_b_fresh_utility"": -0.445354700088501, ""fold_b_query_n"": 8, ""fold_b_support_n"": 8, ""fresh_advantage"": -0.4574925899505615, ""fresh_local_trainability"": 0.007387638092041016, ""fresh_positive"": false, ""fresh_query_after"": 4.3283843994140625, ""fresh_query_before"": 4.3357720375061035, ""fresh_utility"": -0.43339037895202637, ""max_adapters"": 8, ""reuse_profiles"": {""adapter_1"": {""feasible_both"": true, ""fold_a_harm"": -0.02330666407942772, ""fold_a_lcb"": -0.02377584467700217, ""fold_a_query_after"": 4.4178667068481445, ""fold_a_utility"": -0.5094587802886963, ""fold_b_harm"": -0.023500096052885056, ""fold_b_lcb"": -0.02396177671267651, ""fold_b_query_after"": 4.40975284576416, ""fold_b_utility"": -0.5281727313995361, ""harm_lcb_max"": -0.02377584467700217, ""harm_mean"": -0.023403380066156387, ""harm_se_mean"": 0.00023746460647089407, ""harm_ucb_max"": -0.022837483481853268, ""local_trainability"": -0.0021102428436279297, ""query_after"": 4.413809776306152, ""query_before"": 4.411699533462524, ""system_utility"": -0.5188157558441162}, ""default"": {""feasible_both"": true, ""fold_a_harm"": -0.023675743490457535, ""fold_a_lcb"": -0.024765729352366178, ""fold_a_query_after"": 3.884357452392578, ""fold_a_utility"": 0.024050474166870117, ""fold_b_harm"": -0.023253243416547775, ""fold_b_lcb"": -0.024345030598342417, ""fold_b_query_after"": 3.857426166534424, ""fold_b_utility"": 0.024153947830200195, ""harm_lcb_max"": -0.024345030598342417, ""harm_mean"": -0.023464493453502655, ""harm_se_mean"": 0.0005565747560467571, ""harm_ucb_max"": -0.022161456234753133, ""local_trainability"": 0.024102210998535156, ""query_after"": 3.870891809463501, ""query_before"": 3.894994020462036, ""system_utility"": 0.024102210998535156}}, ""status"": ""ok"", ""statusquo_loss"": 3.894994020462036, ""total_memory_budget"": 512}, ""utility_status"": ""ok""}"
36,B2,B,2,default,reuse,safe_existing_reuse,3.83219575881958,2,True,294912,1299610,0,68607207,206669,3306912,493,19.713371632853523,498580480,0.0,15.581186877330765,2.3307824020739645,512,512,3.8314099311828613,-0.46436047554016113,0.02394556999206543,-0.48830604553222656,False,,"{""best_reuse"": ""default"", ""best_reuse_utility"": 0.02394556999206543, ""decision"": ""reuse"", ""fresh_advantage"": -0.48830604553222656, ""fresh_positive"": false, ""fresh_utility"": -0.46436047554016113, ""full_batch_guards"": {""adapter_1"": {""crossfit_feasible"": true, ""crossfit_utility"": -0.5421521663665771, ""crossfit_utility_positive"": false, ""full_batch_cur_after"": 4.362311363220215, ""full_batch_cur_before"": 4.371376991271973, ""full_batch_gain"": 0.009065628051757812, ""full_batch_harm"": -0.0231001116335392, ""full_batch_harm_lcb"": -0.023566454944084398, ""full_batch_harm_se"": 0.0002379302604822442, ""full_batch_harm_ucb"": -0.022633768322994, ""full_batch_safe"": true}, ""default"": {""crossfit_feasible"": true, ""crossfit_utility"": 0.02394556999206543, ""crossfit_utility_positive"": true, ""full_batch_cur_after"": 3.805368661880493, ""full_batch_cur_before"": 3.8314099311828613, ""full_batch_gain"": 0.026041269302368164, ""full_batch_harm"": -0.024513784795999527, ""full_batch_harm_lcb"": -0.025904766658786684, ""full_batch_harm_se"": 0.0007096846238709986, ""full_batch_harm_ucb"": -0.02312280293321237, ""full_batch_safe"": true}}, ""guarded_best_reuse"": ""default"", ""num_adapters"": 2, ""pending_after"": false, ""pending_before"": false, ""policy_version"": ""cau_v1"", ""reason"": ""safe_existing_reuse"", ""utility"": {""batch_n"": 16, ""best_reuse"": ""default"", ""best_reuse_query_after"": 3.807464361190796, ""best_reuse_utility"": 0.02394556999206543, ""budget_blocked_fresh"": false, ""defer_utility"": 0.0, ""fold_a_fresh_utility"": -0.45883941650390625, ""fold_a_query_n"": 8, ""fold_a_support_n"": 8, ""fold_b_fresh_utility"": -0.469881534576416, ""fold_b_query_n"": 8, ""fold_b_support_n"": 8, ""fresh_advantage"": -0.48830604553222656, ""fresh_local_trainability"": 0.006766080856323242, ""fresh_positive"": false, ""fresh_query_after"": 4.2957704067230225, ""fresh_query_before"": 4.302536487579346, ""fresh_utility"": -0.46436047554016113, ""max_adapters"": 8, ""reuse_profiles"": {""adapter_1"": {""feasible_both"": true, ""fold_a_harm"": -0.023560255765914917, ""fold_a_lcb"": -0.024046648528892548, ""fold_a_query_after"": 4.4122843742370605, ""fold_a_utility"": -0.5410723686218262, ""fold_b_harm"": -0.023546479642391205, ""fold_b_lcb"": -0.024018953618360685, ""fold_b_query_after"": 4.334839820861816, ""fold_b_utility"": -0.5432319641113281, ""harm_lcb_max"": -0.024018953618360685, ""harm_mean"": -0.02355336770415306, ""harm_se_mean"": 0.00024460886197630316, ""harm_ucb_max"": -0.023073863002937286, ""local_trainability"": -0.0021848678588867188, ""query_after"": 4.3735620975494385, ""query_before"": 4.371377229690552, ""system_utility"": -0.5421521663665771}, ""default"": {""feasible_both"": true, ""fold_a_harm"": -0.02394411340355873, ""fold_a_lcb"": -0.025378866004757583, ""fold_a_query_after"": 3.8487071990966797, ""fold_a_utility"": 0.022504806518554688, ""fold_b_harm"": -0.023839496076107025, ""fold_b_lcb"": -0.025157690194901078, ""fold_b_query_after"": 3.766221523284912, ""fold_b_utility"": 0.025386333465576172, ""harm_lcb_max"": -0.025157690194901078, ""harm_mean"": -0.023891804739832878, ""harm_se_mean"": 0.0007022823265288025, ""harm_ucb_max"": -0.02250936080235988, ""local_trainability"": 0.02394556999206543, ""query_after"": 3.807464361190796, ""query_before"": 3.8314099311828613, ""system_utility"": 0.02394556999206543}}, ""status"": ""ok"", ""statusquo_loss"": 3.8314099311828613, ""total_memory_budget"": 512}, ""utility_status"": ""ok""}"
37,B2,B,2,default,reuse,safe_existing_reuse,3.7999112606048584,2,True,294912,1299610,0,68607207,206669,3306912,493,20.36750313686207,498580480,0.0,16.23012130218558,2.3307824020739645,512,512,3.80378520488739,-0.4889129400253296,0.0260847806930542,-0.5149977207183838,False,,"{""best_reuse"": ""default"", ""best_reuse_utility"": 0.0260847806930542, ""decision"": ""reuse"", ""fresh_advantage"": -0.5149977207183838, ""fresh_positive"": false, ""fresh_utility"": -0.4889129400253296, ""full_batch_guards"": {""adapter_1"": {""crossfit_feasible"": true, ""crossfit_utility"": -0.5696204900741577, ""crossfit_utility_positive"": false, ""full_batch_cur_after"": 4.36457633972168, ""full_batch_cur_before"": 4.373872756958008, ""full_batch_gain"": 0.009296417236328125, ""full_batch_harm"": -0.023290935903787613, ""full_batch_harm_lcb"": -0.02377361502032727, ""full_batch_harm_se"": 0.0002462648553773761, ""full_batch_harm_ucb"": -0.022808256787247957, ""full_batch_safe"": true}, ""default"": {""crossfit_feasible"": true, ""crossfit_utility"": 0.0260847806930542, ""crossfit_utility_positive"": true, ""full_batch_cur_after"": 3.7760045528411865, ""full_batch_cur_before"": 3.8037853240966797, ""full_batch_gain"": 0.027780771255493164, ""full_batch_harm"": -0.02612931653857231, ""full_batch_harm_lcb"": -0.027335607609711588, ""full_batch_harm_se"": 0.0006154546281322837, ""full_batch_harm_ucb"": -0.024923025467433035, ""full_batch_safe"": true}}, ""guarded_best_reuse"": ""default"", ""num_adapters"": 2, ""pending_after"": false, ""pending_before"": false, ""policy_version"": ""cau_v1"", ""reason"": ""safe_existing_reuse"", ""utility"": {""batch_n"": 16, ""best_reuse"": ""default"", ""best_reuse_query_after"": 3.777700424194336, ""best_reuse_utility"": 0.0260847806930542, ""budget_blocked_fresh"": false, ""defer_utility"": 0.0, ""fold_a_fresh_utility"": -0.4894750118255615, ""fold_a_query_n"": 8, ""fold_a_support_n"": 8, ""fold_b_fresh_utility"": -0.48835086822509766, ""fold_b_query_n"": 8, ""fold_b_support_n"": 8, ""fresh_advantage"": -0.5149977207183838, ""fresh_local_trainability"": 0.01134800910949707, ""fresh_positive"": false, ""fresh_query_after"": 4.29269814491272, ""fresh_query_before"": 4.304046154022217, ""fresh_utility"": -0.4889129400253296, ""max_adapters"": 8, ""reuse_profiles"": {""adapter_1"": {""feasible_both"": true, ""fold_a_harm"": -0.02378426119685173, ""fold_a_lcb"": -0.024268546373350547, ""fold_a_query_after"": 4.373180389404297, ""fold_a_utility"": -0.5737330913543701, ""fold_b_harm"": -0.02342088520526886, ""fold_b_lcb"": -0.02389765458588954, ""fold_b_query_after"": 4.373631000518799, ""fold_b_utility"": -0.5655078887939453, ""harm_lcb_max"": -0.02389765458588954, ""harm_mean"": -0.023602573201060295, ""harm_se_mean"": 0.00024516697885701433, ""harm_ucb_max"": -0.02294411582464818, ""local_trainability"": 0.00046706199645996094, ""query_after"": 4.373405694961548, ""query_before"": 4.373872756958008, ""system_utility"": -0.5696204900741577}, ""default"": {""feasible_both"": true, ""fold_a_harm"": -0.02549700066447258, ""fold_a_lcb"": -0.02669358795043081, ""fold_a_query_after"": 3.7738237380981445, ""fold_a_utility"": 0.025623559951782227, ""fold_b_harm"": -0.02560332417488098, ""fold_b_lcb"": -0.0267928061215207, ""fold_b_query_after"": 3.7815771102905273, ""fold_b_utility"": 0.026546001434326172, ""harm_lcb_max"": -0.02669358795043081, ""harm_mean"": -0.02555016241967678, ""harm_se_mean"": 0.0006086911307647824, ""harm_ucb_max"": -0.024300413378514348, ""local_trainability"": 0.0260847806930542, ""query_after"": 3.777700424194336, ""query_before"": 3.80378520488739, ""system_utility"": 0.0260847806930542}}, ""status"": ""ok"", ""statusquo_loss"": 3.80378520488739, ""total_memory_budget"": 512}, ""utility_status"": ""ok""}"
38,B2,B,2,default,reuse,safe_existing_reuse,3.8595409393310547,2,True,294912,1299610,0,68607207,206669,3306912,493,20.982047254918143,498580480,0.0,16.839461092371494,2.3307824020739645,512,512,3.826301336288452,-0.50089430809021,0.02583634853363037,-0.5267306566238403,False,,"{""best_reuse"": ""default"", ""best_reuse_utility"": 0.02583634853363037, ""decision"": ""reuse"", ""fresh_advantage"": -0.5267306566238403, ""fresh_positive"": false, ""fresh_utility"": -0.50089430809021, ""full_batch_guards"": {""adapter_1"": {""crossfit_feasible"": true, ""crossfit_utility"": -0.5874896049499512, ""crossfit_utility_positive"": false, ""full_batch_cur_after"": 4.403938293457031, ""full_batch_cur_before"": 4.41226863861084, ""full_batch_gain"": 0.008330345153808594, ""full_batch_harm"": -0.022985246032476425, ""full_batch_harm_lcb"": -0.02345308605057653, ""full_batch_harm_se"": 0.00023869388678576797, ""full_batch_harm_ucb"": -0.02251740601437632, ""full_batch_safe"": true}, ""default"": {""crossfit_feasible"": true, ""crossfit_utility"": 0.02583634853363037, ""crossfit_utility_positive"": true, ""full_batch_cur_after"": 3.79868221282959, ""full_batch_cur_before"": 3.826301336288452, ""full_batch_gain"": 0.027619123458862305, ""full_batch_harm"": -0.02650788426399231, ""full_batch_harm_lcb"": -0.027893749666400253, ""full_batch_harm_se"": 0.0007070741849020123, ""full_batch_harm_ucb"": -0.025122018861584366, ""full_batch_safe"": true}}, ""guarded_best_reuse"": ""default"", ""num_adapters"": 2, ""pending_after"": false, ""pending_before"": false, ""policy_version"": ""cau_v1"", ""reason"": ""safe_existing_reuse"", ""utility"": {""batch_n"": 16, ""best_reuse"": ""default"", ""best_reuse_query_after"": 3.8004649877548218, ""best_reuse_utility"": 0.02583634853363037, ""budget_blocked_fresh"": false, ""defer_utility"": 0.0, ""fold_a_fresh_utility"": -0.4958624839782715, ""fold_a_query_n"": 8, ""fold_a_support_n"": 8, ""fold_b_fresh_utility"": -0.5059261322021484, ""fold_b_query_n"": 8, ""fold_b_support_n"": 8, ""fresh_advantage"": -0.5267306566238403, ""fresh_local_trainability"": 0.00788736343383789, ""fresh_positive"": false, ""fresh_query_after"": 4.327195644378662, ""fresh_query_before"": 4.3350830078125, ""fresh_utility"": -0.50089430809021, ""max_adapters"": 8, ""reuse_profiles"": {""adapter_1"": {""feasible_both"": true, ""fold_a_harm"": -0.023325365036725998, ""fold_a_lcb"": -0.023784285988658668, ""fold_a_query_after"": 4.386354446411133, ""fold_a_utility"": -0.5817370414733887, ""fold_b_harm"": -0.023714009672403336, ""fold_b_lcb"": -0.024213739892002196, ""fold_b_query_after"": 4.441227436065674, ""fold_b_utility"": -0.5932421684265137, ""harm_lcb_max"": -0.023784285988658668, ""harm_mean"": -0.023519687354564667, ""harm_se_mean"": 0.00024455387028865516, ""harm_ucb_max"": -0.02286644408479333, ""local_trainability"": -0.0015223026275634766, ""query_after"": 4.413790941238403, ""query_before"": 4.41226863861084, ""system_utility"": -0.5874896049499512}, ""default"": {""feasible_both"": true, ""fold_a_harm"": -0.02606021985411644, ""fold_a_lcb"": -0.027449021856300534, ""fold_a_query_after"": 3.779167413711548, ""fold_a_utility"": 0.02544999122619629, ""fold_b_harm"": -0.02602969855070114, ""fold_b_lcb"": -0.0274037975887768, ""fold_b_query_after"": 3.8217625617980957, ""fold_b_utility"": 0.026222705841064453, ""harm_lcb_max"": -0.0274037975887768, ""harm_mean"": -0.02604495920240879, ""harm_se_mean"": 0.0007048216939438134, ""harm_ucb_max"": -0.024655599512625484, ""local_trainability"": 0.02583634853363037, ""query_after"": 3.8004649877548218, ""query_before"": 3.826301336288452, ""system_utility"": 0.02583634853363037}}, ""status"": ""ok"", ""statusquo_loss"": 3.826301336288452, ""total_memory_budget"": 512}, ""utility_status"": ""ok""}"
39,B2,B,2,default,reuse,safe_existing_reuse,3.808197259902954,2,True,294912,1299610,0,68607207,206669,3306912,493,21.65082664997317,498580480,0.0,17.502261859364808,2.3307824020739645,512,512,3.789975166320801,-0.5286157131195068,0.026584625244140625,-0.5552003383636475,False,,"{""best_reuse"": ""default"", ""best_reuse_utility"": 0.026584625244140625, ""decision"": ""reuse"", ""fresh_advantage"": -0.5552003383636475, ""fresh_positive"": false, ""fresh_utility"": -0.5286157131195068, ""full_batch_guards"": {""adapter_1"": {""crossfit_feasible"": true, ""crossfit_utility"": -0.6112124919891357, ""crossfit_utility_positive"": false, ""full_batch_cur_after"": 4.391547203063965, ""full_batch_cur_before"": 4.400174140930176, ""full_batch_gain"": 0.008626937866210938, ""full_batch_harm"": -0.022987741976976395, ""full_batch_harm_lcb"": -0.02344388847530354, ""full_batch_harm_se"": 0.00023272780526895076, ""full_batch_harm_ucb"": -0.02253159547864925, ""full_batch_safe"": true}, ""default"": {""crossfit_feasible"": true, ""crossfit_utility"": 0.026584625244140625, ""crossfit_utility_positive"": true, ""full_batch_cur_after"": 3.76155948638916, ""full_batch_cur_before"": 3.78997540473938, ""full_batch_gain"": 0.028415918350219727, ""full_batch_harm"": -0.02748725190758705, ""full_batch_harm_lcb"": -0.028809753039386123, ""full_batch_harm_se"": 0.0006747454754076898, ""full_batch_harm_ucb"": -0.02616475077578798, ""full_batch_safe"": true}}, ""guarded_best_reuse"": ""default"", ""num_adapters"": 2, ""pending_after"": false, ""pending_before"": false, ""policy_version"": ""cau_v1"", ""reason"": ""safe_existing_reuse"", ""utility"": {""batch_n"": 16, ""best_reuse"": ""default"", ""best_reuse_query_after"": 3.76339054107666, ""best_reuse_utility"": 0.026584625244140625, ""budget_blocked_fresh"": false, ""defer_utility"": 0.0, ""fold_a_fresh_utility"": -0.5337433815002441, ""fold_a_query_n"": 8, ""fold_a_support_n"": 8, ""fold_b_fresh_utility"": -0.5234880447387695, ""fold_b_query_n"": 8, ""fold_b_support_n"": 8, ""fresh_advantage"": -0.5552003383636475, ""fresh_local_trainability"": 0.008502006530761719, ""fresh_positive"": false, ""fresh_query_after"": 4.318590879440308, ""fresh_query_before"": 4.327092885971069, ""fresh_utility"": -0.5286157131195068, ""max_adapters"": 8, ""reuse_profiles"": {""adapter_1"": {""feasible_both"": true, ""fold_a_harm"": -0.023389816284179688, ""fold_a_lcb"": -0.023873670953325928, ""fold_a_query_after"": 4.399195194244385, ""fold_a_utility"": -0.6128730773925781, ""fold_b_harm"": -0.02351028099656105, ""fold_b_lcb"": -0.023968689697794615, ""fold_b_query_after"": 4.403180122375488, ""fold_b_utility"": -0.6095519065856934, ""harm_lcb_max"": -0.023873670953325928, ""harm_mean"": -0.02345004864037037, ""harm_se_mean"": 0.00024037330877035856, ""harm_ucb_max"": -0.022905961615033447, ""local_trainability"": -0.0010135173797607422, ""query_after"": 4.4011876583099365, ""query_before"": 4.400174140930176, ""system_utility"": -0.6112124919891357}, ""default"": {""feasible_both"": true, ""fold_a_harm"": -0.02717038244009018, ""fold_a_lcb"": -0.028445994721259922, ""fold_a_query_after"": 3.7602458000183105, ""fold_a_utility"": 0.026076316833496094, ""fold_b_harm"": -0.026620294898748398, ""fold_b_lcb"": -0.02795081372372806, ""fold_b_query_after"": 3.7665352821350098, ""fold_b_utility"": 0.027092933654785156, ""harm_lcb_max"": -0.02795081372372806, ""harm_mean"": -0.02689533866941929, ""harm_se_mean"": 0.0006648293638136238, ""harm_ucb_max"": -0.025289776073768734, ""local_trainability"": 0.026584625244140625, ""query_after"": 3.76339054107666, ""query_before"": 3.789975166320801, ""system_utility"": 0.026584625244140625}}, ""status"": ""ok"", ""statusquo_loss"": 3.789975166320801, ""total_memory_budget"": 512}, ""utility_status"": ""ok""}"
40,B2,B,2,default,reuse,safe_existing_reuse,3.8121659755706787,2,True,294912,1299610,0,68607207,206669,3306912,493,22.308664733776823,498580480,0.0,18.154744062339887,2.3307824020739645,512,512,3.7683770656585693,-0.5421972274780273,0.029210567474365234,-0.5714077949523926,False,,"{""best_reuse"": ""default"", ""best_reuse_utility"": 0.029210567474365234, ""decision"": ""reuse"", ""fresh_advantage"": -0.5714077949523926, ""fresh_positive"": false, ""fresh_utility"": -0.5421972274780273, ""full_batch_guards"": {""adapter_1"": {""crossfit_feasible"": true, ""crossfit_utility"": -0.6282737255096436, ""crossfit_utility_positive"": false, ""full_batch_cur_after"": 4.39204216003418, ""full_batch_cur_before"": 4.402017116546631, ""full_batch_gain"": 0.009974956512451172, ""full_batch_harm"": -0.023357093334197998, ""full_batch_harm_lcb"": -0.023830961168278007, ""full_batch_harm_se"": 0.00024176930310204625, ""full_batch_harm_ucb"": -0.02288322550011799, ""full_batch_safe"": true}, ""default"": {""crossfit_feasible"": true, ""crossfit_utility"": 0.029210567474365234, ""crossfit_utility_positive"": true, ""full_batch_cur_after"": 3.7383265495300293, ""full_batch_cur_before"": 3.7683773040771484, ""full_batch_gain"": 0.03005075454711914, ""full_batch_harm"": -0.02806083858013153, ""full_batch_harm_lcb"": -0.029661061048973352, ""full_batch_harm_se"": 0.000816440035123378, ""full_batch_harm_ucb"": -0.02646061611128971, ""full_batch_safe"": true}}, ""guarded_best_reuse"": ""default"", ""num_adapters"": 2, ""pending_after"": false, ""pending_before"": false, ""policy_version"": ""cau_v1"", ""reason"": ""safe_existing_reuse"", ""utility"": {""batch_n"": 16, ""best_reuse"": ""default"", ""best_reuse_query_after"": 3.739166498184204, ""best_reuse_utility"": 0.029210567474365234, ""budget_blocked_fresh"": false, ""defer_utility"": 0.0, ""fold_a_fresh_utility"": -0.5427060127258301, ""fold_a_query_n"": 8, ""fold_a_support_n"": 8, ""fold_b_fresh_utility"": -0.5416884422302246, ""fold_b_query_n"": 8, ""fold_b_support_n"": 8, ""fresh_advantage"": -0.5714077949523926, ""fresh_local_trainability"": 0.01842474937438965, ""fresh_positive"": false, ""fresh_query_after"": 4.310574293136597, ""fresh_query_before"": 4.328999042510986, ""fresh_utility"": -0.5421972274780273, ""max_adapters"": 8, ""reuse_profiles"": {""adapter_1"": {""feasible_both"": true, ""fold_a_harm"": -0.02387746050953865, ""fold_a_lcb"": -0.024377318278420716, ""fold_a_query_after"": 4.410962104797363, ""fold_a_utility"": -0.628507137298584, ""fold_b_harm"": -0.023527562618255615, ""fold_b_lcb"": -0.024003023164113985, ""fold_b_query_after"": 4.3823394775390625, ""fold_b_utility"": -0.6280403137207031, ""harm_lcb_max"": -0.024003023164113985, ""harm_mean"": -0.023702511563897133, ""harm_se_mean"": 0.0002488056925358251, ""harm_ucb_max"": -0.023052102072397246, ""local_trainability"": 0.005366086959838867, ""query_after"": 4.396650791168213, ""query_before"": 4.402016878128052, ""system_utility"": -0.6282737255096436}, ""default"": {""feasible_both"": true, ""fold_a_harm"": -0.02762496843934059, ""fold_a_lcb"": -0.029188223292585462, ""fold_a_query_after"": 3.752917766571045, ""fold_a_utility"": 0.029537200927734375, ""fold_b_harm"": -0.02816295251250267, ""fold_b_lcb"": -0.029785264623351394, ""fold_b_query_after"": 3.7254152297973633, ""fold_b_utility"": 0.028883934020996094, ""harm_lcb_max"": -0.029188223292585462, ""harm_mean"": -0.02789396047592163, ""harm_se_mean"": 0.0008126446336973459, ""harm_ucb_max"": -0.02606171358609572, ""local_trainability"": 0.029210567474365234, ""query_after"": 3.739166498184204, ""query_before"": 3.7683770656585693, ""system_utility"": 0.029210567474365234}}, ""status"": ""ok"", ""statusquo_loss"": 3.7683770656585693, ""total_memory_budget"": 512}, ""utility_status"": ""ok""}"
41,B2,B,2,default,reuse,safe_existing_reuse,3.740671157836914,2,True,294912,1299610,0,68607207,206669,3306912,493,22.94949298980646,498580480,0.0,18.790106593398377,2.3307824020739645,512,512,3.7426068782806396,-0.5680925846099854,0.0297243595123291,-0.5978169441223145,False,,"{""best_reuse"": ""default"", ""best_reuse_utility"": 0.0297243595123291, ""decision"": ""reuse"", ""fresh_advantage"": -0.5978169441223145, ""fresh_positive"": false, ""fresh_utility"": -0.5680925846099854, ""full_batch_guards"": {""adapter_1"": {""crossfit_feasible"": true, ""crossfit_utility"": -0.653489351272583, ""crossfit_utility_positive"": false, ""full_batch_cur_after"": 4.391738414764404, ""full_batch_cur_before"": 4.401008605957031, ""full_batch_gain"": 0.009270191192626953, ""full_batch_harm"": -0.023328673094511032, ""full_batch_harm_lcb"": -0.02382652783766389, ""full_batch_harm_se"": 0.0002540075220167637, ""full_batch_harm_ucb"": -0.022830818351358174, ""full_batch_safe"": true}, ""default"": {""crossfit_feasible"": true, ""crossfit_utility"": 0.0297243595123291, ""crossfit_utility_positive"": true, ""full_batch_cur_after"": 3.7119336128234863, ""full_batch_cur_before"": 3.7426068782806396, ""full_batch_gain"": 0.03067326545715332, ""full_batch_harm"": -0.029546231031417847, ""full_batch_harm_lcb"": -0.031281176346819844, ""full_batch_harm_se"": 0.0008851761813275516, ""full_batch_harm_ucb"": -0.027811285716015845, ""full_batch_safe"": true}}, ""guarded_best_reuse"": ""default"", ""num_adapters"": 2, ""pending_after"": false, ""pending_before"": false, ""policy_version"": ""cau_v1"", ""reason"": ""safe_existing_reuse"", ""utility"": {""batch_n"": 16, ""best_reuse"": ""default"", ""best_reuse_query_after"": 3.7128825187683105, ""best_reuse_utility"": 0.0297243595123291, ""budget_blocked_fresh"": false, ""defer_utility"": 0.0, ""fold_a_fresh_utility"": -0.5749931335449219, ""fold_a_query_n"": 8, ""fold_a_support_n"": 8, ""fold_b_fresh_utility"": -0.5611920356750488, ""fold_b_query_n"": 8, ""fold_b_support_n"": 8, ""fresh_advantage"": -0.5978169441223145, ""fresh_local_trainability"": 0.018030643463134766, ""fresh_positive"": false, ""fresh_query_after"": 4.310699462890625, ""fresh_query_before"": 4.32873010635376, ""fresh_utility"": -0.5680925846099854, ""max_adapters"": 8, ""reuse_profiles"": {""adapter_1"": {""feasible_both"": true, ""fold_a_harm"": -0.02348257228732109, ""fold_a_lcb"": -0.023974262281553818, ""fold_a_query_after"": 4.382463455200195, ""fold_a_utility"": -0.658961296081543, ""fold_b_harm"": -0.02358473837375641, ""fold_b_lcb"": -0.02409691748325713, ""fold_b_query_after"": 4.40972900390625, ""fold_b_utility"": -0.648017406463623, ""harm_lcb_max"": -0.023974262281553818, ""harm_mean"": -0.02353365533053875, ""harm_se_mean"": 0.00025608905707485974, ""harm_ucb_max"": -0.022990882293088363, ""local_trainability"": 0.004912376403808594, ""query_after"": 4.396096229553223, ""query_before"": 4.401008605957031, ""system_utility"": -0.653489351272583}, ""default"": {""feasible_both"": true, ""fold_a_harm"": -0.029142528772354126, ""fold_a_lcb"": -0.03086609949823469, ""fold_a_query_after"": 3.693392276763916, ""fold_a_utility"": 0.030109882354736328, ""fold_b_harm"": -0.029228437691926956, ""fold_b_lcb"": -0.030929349595680833, ""fold_b_query_after"": 3.732372760772705, ""fold_b_utility"": 0.029338836669921875, ""harm_lcb_max"": -0.03086609949823469, ""harm_mean"": -0.02918548323214054, ""harm_se_mean"": 0.0008735925075598061, ""harm_ucb_max"": -0.02741895804647356, ""local_trainability"": 0.0297243595123291, ""query_after"": 3.7128825187683105, ""query_before"": 3.7426068782806396, ""system_utility"": 0.0297243595123291}}, ""status"": ""ok"", ""statusquo_loss"": 3.7426068782806396, ""total_memory_budget"": 512}, ""utility_status"": ""ok""}"
42,B2,B,2,default,reuse,safe_existing_reuse,3.71358060836792,2,True,294912,1299610,0,68607207,206669,3306912,493,23.602958656847477,498580480,0.0,19.43803307460621,2.3307824020739645,512,512,3.671512484550476,-0.6386343240737915,0.0300523042678833,-0.6686866283416748,False,,"{""best_reuse"": ""default"", ""best_reuse_utility"": 0.0300523042678833, ""decision"": ""reuse"", ""fresh_advantage"": -0.6686866283416748, ""fresh_positive"": false, ""fresh_utility"": -0.6386343240737915, ""full_batch_guards"": {""adapter_1"": {""crossfit_feasible"": true, ""crossfit_utility"": -0.7206302881240845, ""crossfit_utility_positive"": false, ""full_batch_cur_after"": 4.3796210289001465, ""full_batch_cur_before"": 4.388197898864746, ""full_batch_gain"": 0.00857686996459961, ""full_batch_harm"": -0.022941429167985916, ""full_batch_harm_lcb"": -0.02338334890140686, ""full_batch_harm_se"": 0.00022546925174538046, ""full_batch_harm_ucb"": -0.02249950943456497, ""full_batch_safe"": true}, ""default"": {""crossfit_feasible"": true, ""crossfit_utility"": 0.0300523042678833, ""crossfit_utility_positive"": true, ""full_batch_cur_after"": 3.638756036758423, ""full_batch_cur_before"": 3.6715126037597656, ""full_batch_gain"": 0.03275656700134277, ""full_batch_harm"": -0.03274466097354889, ""full_batch_harm_lcb"": -0.03402310284087434, ""full_batch_harm_se"": 0.0006522662588395178, ""full_batch_harm_ucb"": -0.031466219106223436, ""full_batch_safe"": true}}, ""guarded_best_reuse"": ""default"", ""num_adapters"": 2, ""pending_after"": false, ""pending_before"": false, ""policy_version"": ""cau_v1"", ""reason"": ""safe_existing_reuse"", ""utility"": {""batch_n"": 16, ""best_reuse"": ""default"", ""best_reuse_query_after"": 3.6414601802825928, ""best_reuse_utility"": 0.0300523042678833, ""budget_blocked_fresh"": false, ""defer_utility"": 0.0, ""fold_a_fresh_utility"": -0.6466817855834961, ""fold_a_query_n"": 8, ""fold_a_support_n"": 8, ""fold_b_fresh_utility"": -0.6305868625640869, ""fold_b_query_n"": 8, ""fold_b_support_n"": 8, ""fresh_advantage"": -0.6686866283416748, ""fresh_local_trainability"": 0.00440526008605957, ""fresh_positive"": false, ""fresh_query_after"": 4.310146808624268, ""fresh_query_before"": 4.314552068710327, ""fresh_utility"": -0.6386343240737915, ""max_adapters"": 8, ""reuse_profiles"": {""adapter_1"": {""feasible_both"": true, ""fold_a_harm"": -0.02360266074538231, ""fold_a_lcb"": -0.024091484075179324, ""fold_a_query_after"": 4.452077865600586, ""fold_a_utility"": -0.7313966751098633, ""fold_b_harm"": -0.023359712213277817, ""fold_b_lcb"": -0.023810250536189414, ""fold_b_query_after"": 4.332207679748535, ""fold_b_utility"": -0.7098639011383057, ""harm_lcb_max"": -0.023810250536189414, ""harm_mean"": -0.023481186479330063, ""harm_se_mean"": 0.00023963307467056438, ""harm_ucb_max"": -0.02290917389036622, ""local_trainability"": -0.0039446353912353516, ""query_after"": 4.3921427726745605, ""query_before"": 4.388198137283325, ""system_utility"": -0.7206302881240845}, ""default"": {""feasible_both"": true, ""fold_a_harm"": -0.03181945160031319, ""fold_a_lcb"": -0.03300479504046962, ""fold_a_query_after"": 3.689175605773926, ""fold_a_utility"": 0.031505584716796875, ""fold_b_harm"": -0.031815968453884125, ""fold_b_lcb"": -0.03313177632866427, ""fold_b_query_after"": 3.5937447547912598, ""fold_b_utility"": 0.028599023818969727, ""harm_lcb_max"": -0.03300479504046962, ""harm_mean"": -0.031817710027098656, ""harm_se_mean"": 0.0006380488048307598, ""harm_ucb_max"": -0.030500160579103975, ""local_trainability"": 0.0300523042678833, ""query_after"": 3.6414601802825928, ""query_before"": 3.671512484550476, ""system_utility"": 0.0300523042678833}}, ""status"": ""ok"", ""statusquo_loss"": 3.671512484550476, ""total_memory_budget"": 512}, ""utility_status"": ""ok""}"
43,B2,B,2,default,reuse,safe_existing_reuse,3.6755294799804688,2,True,294912,1299610,0,68607207,206669,3306912,493,24.239385704975575,498580480,0.0,20.06890908558853,2.3307824020739645,512,512,3.6631587743759155,-0.6590267419815063,0.035115838050842285,-0.6941425800323486,False,,"{""best_reuse"": ""default"", ""best_reuse_utility"": 0.035115838050842285, ""decision"": ""reuse"", ""fresh_advantage"": -0.6941425800323486, ""fresh_positive"": false, ""fresh_utility"": -0.6590267419815063, ""full_batch_guards"": {""adapter_1"": {""crossfit_feasible"": true, ""crossfit_utility"": -0.7436014413833618, ""crossfit_utility_positive"": false, ""full_batch_cur_after"": 4.396338939666748, ""full_batch_cur_before"": 4.404540061950684, ""full_batch_gain"": 0.008201122283935547, ""full_batch_harm"": -0.022900518029928207, ""full_batch_harm_lcb"": -0.023364992338465528, ""full_batch_harm_se"": 0.00023697668802924454, ""full_batch_harm_ucb"": -0.022436043721390887, ""full_batch_safe"": true}, ""default"": {""crossfit_feasible"": true, ""crossfit_utility"": 0.035115838050842285, ""crossfit_utility_positive"": true, ""full_batch_cur_after"": 3.6258621215820312, ""full_batch_cur_before"": 3.663158893585205, ""full_batch_gain"": 0.03729677200317383, ""full_batch_harm"": -0.03403109684586525, ""full_batch_harm_lcb"": -0.036166747361421586, ""full_batch_harm_se"": 0.0010896176099777222, ""full_batch_harm_ucb"": -0.03189544633030891, ""full_batch_safe"": true}}, ""guarded_best_reuse"": ""default"", ""num_adapters"": 2, ""pending_after"": false, ""pending_before"": false, ""policy_version"": ""cau_v1"", ""reason"": ""safe_existing_reuse"", ""utility"": {""batch_n"": 16, ""best_reuse"": ""default"", ""best_reuse_query_after"": 3.6280429363250732, ""best_reuse_utility"": 0.035115838050842285, ""budget_blocked_fresh"": false, ""defer_utility"": 0.0, ""fold_a_fresh_utility"": -0.6570146083831787, ""fold_a_query_n"": 8, ""fold_a_support_n"": 8, ""fold_b_fresh_utility"": -0.661038875579834, ""fold_b_query_n"": 8, ""fold_b_support_n"": 8, ""fresh_advantage"": -0.6941425800323486, ""fresh_local_trainability"": 0.007374286651611328, ""fresh_positive"": false, ""fresh_query_after"": 4.322185516357422, ""fresh_query_before"": 4.329559803009033, ""fresh_utility"": -0.6590267419815063, ""max_adapters"": 8, ""reuse_profiles"": {""adapter_1"": {""feasible_both"": true, ""fold_a_harm"": -0.02334287390112877, ""fold_a_lcb"": -0.02382405602489598, ""fold_a_query_after"": 4.446271896362305, ""fold_a_utility"": -0.742135763168335, ""fold_b_harm"": -0.0235741063952446, ""fold_b_lcb"": -0.024070733333937822, ""fold_b_query_after"": 4.36724853515625, ""fold_b_utility"": -0.7450671195983887, ""harm_lcb_max"": -0.02382405602489598, ""harm_mean"": -0.023458490148186684, ""harm_se_mean"": 0.0002494410873623565, ""harm_ucb_max"": -0.022861691777361557, ""local_trainability"": -0.002220630645751953, ""query_after"": 4.406760215759277, ""query_before"": 4.404539585113525, ""system_utility"": -0.7436014413833618}, ""default"": {""feasible_both"": true, ""fold_a_harm"": -0.033461276441812515, ""fold_a_lcb"": -0.0354977853409946, ""fold_a_query_after"": 3.6682863235473633, ""fold_a_utility"": 0.035849809646606445, ""fold_b_harm"": -0.03323580324649811, ""fold_b_lcb"": -0.035412048432044686, ""fold_b_query_after"": 3.587799549102783, ""fold_b_utility"": 0.034381866455078125, ""harm_lcb_max"": -0.035412048432044686, ""harm_mean"": -0.03334853984415531, ""harm_se_mean"": 0.0010746821644715965, ""harm_ucb_max"": -0.03105955806095153, ""local_trainability"": 0.035115838050842285, ""query_after"": 3.6280429363250732, ""query_before"": 3.6631587743759155, ""system_utility"": 0.035115838050842285}}, ""status"": ""ok"", ""statusquo_loss"": 3.6631587743759155, ""total_memory_budget"": 512}, ""utility_status"": ""ok""}"
44,B2,B,2,default,reuse,safe_existing_reuse,3.603226661682129,2,True,294912,1299610,0,68607207,206669,3306912,493,24.872533390996978,498580480,0.0,20.696414672769606,2.3307824020739645,512,512,3.600898504257202,-0.7006630897521973,0.038468122482299805,-0.7391312122344971,False,,"{""best_reuse"": ""default"", ""best_reuse_utility"": 0.038468122482299805, ""decision"": ""reuse"", ""fresh_advantage"": -0.7391312122344971, ""fresh_positive"": false, ""fresh_utility"": -0.7006630897521973, ""full_batch_guards"": {""adapter_1"": {""crossfit_feasible"": true, ""crossfit_utility"": -0.7793750762939453, ""crossfit_utility_positive"": false, ""full_batch_cur_after"": 4.373030662536621, ""full_batch_cur_before"": 4.381381034851074, ""full_batch_gain"": 0.008350372314453125, ""full_batch_harm"": -0.023364625871181488, ""full_batch_harm_lcb"": -0.023840732149546965, ""full_batch_harm_se"": 0.00024291136651299894, ""full_batch_harm_ucb"": -0.02288851959281601, ""full_batch_safe"": true}, ""default"": {""crossfit_feasible"": true, ""crossfit_utility"": 0.038468122482299805, ""crossfit_utility_positive"": true, ""full_batch_cur_after"": 3.5606002807617188, ""full_batch_cur_before"": 3.600898504257202, ""full_batch_gain"": 0.0402982234954834, ""full_batch_harm"": -0.03680653125047684, ""full_batch_harm_lcb"": -0.03919053527992219, ""full_batch_harm_se"": 0.0012163285864517093, ""full_batch_harm_ucb"": -0.034422527221031486, ""full_batch_safe"": true}}, ""guarded_best_reuse"": ""default"", ""num_adapters"": 2, ""pending_after"": false, ""pending_before"": false, ""policy_version"": ""cau_v1"", ""reason"": ""safe_existing_reuse"", ""utility"": {""batch_n"": 16, ""best_reuse"": ""default"", ""best_reuse_query_after"": 3.5624303817749023, ""best_reuse_utility"": 0.038468122482299805, ""budget_blocked_fresh"": false, ""defer_utility"": 0.0, ""fold_a_fresh_utility"": -0.7040448188781738, ""fold_a_query_n"": 8, ""fold_a_support_n"": 8, ""fold_b_fresh_utility"": -0.6972813606262207, ""fold_b_query_n"": 8, ""fold_b_support_n"": 8, ""fresh_advantage"": -0.7391312122344971, ""fresh_local_trainability"": 0.011657953262329102, ""fresh_positive"": false, ""fresh_query_after"": 4.301561594009399, ""fresh_query_before"": 4.3132195472717285, ""fresh_utility"": -0.7006630897521973, ""max_adapters"": 8, ""reuse_profiles"": {""adapter_1"": {""feasible_both"": true, ""fold_a_harm"": -0.023324690759181976, ""fold_a_lcb"": -0.02382000444224104, ""fold_a_query_after"": 4.4033050537109375, ""fold_a_utility"": -0.7821898460388184, ""fold_b_harm"": -0.02374245598912239, ""fold_b_lcb"": -0.024217460301006213, ""fold_b_query_after"": 4.357242107391357, ""fold_b_utility"": -0.7765603065490723, ""harm_lcb_max"": -0.02382000444224104, ""harm_mean"": -0.023533573374152184, ""harm_se_mean"": 0.0002475301007507369, ""harm_ucb_max"": -0.02282937707612291, ""local_trainability"": 0.0011081695556640625, ""query_after"": 4.3802735805511475, ""query_before"": 4.3813817501068115, ""system_utility"": -0.7793750762939453}, ""default"": {""feasible_both"": true, ""fold_a_harm"": -0.037039950489997864, ""fold_a_lcb"": -0.03933709322940558, ""fold_a_query_after"": 3.5822935104370117, ""fold_a_utility"": 0.03882169723510742, ""fold_b_harm"": -0.03568157181143761, ""fold_b_lcb"": -0.03803904422093183, ""fold_b_query_after"": 3.542567253112793, ""fold_b_utility"": 0.03811454772949219, ""harm_lcb_max"": -0.03803904422093183, ""harm_mean"": -0.036360761150717735, ""harm_se_mean"": 0.0011874018236994743, ""harm_ucb_max"": -0.033324099401943384, ""local_trainability"": 0.038468122482299805, ""query_after"": 3.5624303817749023, ""query_before"": 3.600898504257202, ""system_utility"": 0.038468122482299805}}, ""status"": ""ok"", ""statusquo_loss"": 3.600898504257202, ""total_memory_budget"": 512}, ""utility_status"": ""ok""}"
45,B2,B,2,default,reuse,safe_existing_reuse,3.5333316326141357,2,True,294912,1299610,0,68607207,206669,3306912,493,25.519934048876166,498580480,0.0,21.337964076781645,2.3307824020739645,512,512,3.5435456037521362,-0.7238947153091431,0.0395963191986084,-0.7634910345077515,False,,"{""best_reuse"": ""default"", ""best_reuse_utility"": 0.0395963191986084, ""decision"": ""reuse"", ""fresh_advantage"": -0.7634910345077515, ""fresh_positive"": false, ""fresh_utility"": -0.7238947153091431, ""full_batch_guards"": {""adapter_1"": {""crossfit_feasible"": true, ""crossfit_utility"": -0.8074721097946167, ""crossfit_utility_positive"": false, ""full_batch_cur_after"": 4.344801902770996, ""full_batch_cur_before"": 4.354649543762207, ""full_batch_gain"": 0.009847640991210938, ""full_batch_harm"": -0.023434389382600784, ""full_batch_harm_lcb"": -0.023908935492509043, ""full_batch_harm_se"": 0.00024211536219809204, ""full_batch_harm_ucb"": -0.022959843272692525, ""full_batch_safe"": true}, ""default"": {""crossfit_feasible"": true, ""crossfit_utility"": 0.0395963191986084, ""crossfit_utility_positive"": true, ""full_batch_cur_after"": 3.501736640930176, ""full_batch_cur_before"": 3.543545722961426, ""full_batch_gain"": 0.04180908203125, ""full_batch_harm"": -0.03878684714436531, ""full_batch_harm_lcb"": -0.04196869749575853, ""full_batch_harm_se"": 0.0016233930364251137, ""full_batch_harm_ucb"": -0.03560499679297209, ""full_batch_safe"": true}}, ""guarded_best_reuse"": ""default"", ""num_adapters"": 2, ""pending_after"": false, ""pending_before"": false, ""policy_version"": ""cau_v1"", ""reason"": ""safe_existing_reuse"", ""utility"": {""batch_n"": 16, ""best_reuse"": ""default"", ""best_reuse_query_after"": 3.503949284553528, ""best_reuse_utility"": 0.0395963191986084, ""budget_blocked_fresh"": false, ""defer_utility"": 0.0, ""fold_a_fresh_utility"": -0.7476246356964111, ""fold_a_query_n"": 8, ""fold_a_support_n"": 8, ""fold_b_fresh_utility"": -0.700164794921875, ""fold_b_query_n"": 8, ""fold_b_support_n"": 8, ""fresh_advantage"": -0.7634910345077515, ""fresh_local_trainability"": 0.01701211929321289, ""fresh_positive"": false, ""fresh_query_after"": 4.267440319061279, ""fresh_query_before"": 4.284452438354492, ""fresh_utility"": -0.7238947153091431, ""max_adapters"": 8, ""reuse_profiles"": {""adapter_1"": {""feasible_both"": true, ""fold_a_harm"": -0.023562107235193253, ""fold_a_lcb"": -0.024041225924156605, ""fold_a_query_after"": 4.401351451873779, ""fold_a_utility"": -0.8347604274749756, ""fold_b_harm"": -0.02356700226664543, ""fold_b_lcb"": -0.024021641048020684, ""fold_b_query_after"": 4.300683975219727, ""fold_b_utility"": -0.7801837921142578, ""harm_lcb_max"": -0.024021641048020684, ""harm_mean"": -0.023564554750919342, ""harm_se_mean"": 0.0002382034363108687, ""harm_ucb_max"": -0.0230829885462299, ""local_trainability"": 0.003631591796875, ""query_after"": 4.351017713546753, ""query_before"": 4.354649305343628, ""system_utility"": -0.8074721097946167}, ""default"": {""feasible_both"": true, ""fold_a_harm"": -0.03818878158926964, ""fold_a_lcb"": -0.04125060509890318, ""fold_a_query_after"": 3.5235376358032227, ""fold_a_utility"": 0.043053388595581055, ""fold_b_harm"": -0.03836836665868759, ""fold_b_lcb"": -0.04156815331429243, ""fold_b_query_after"": 3.484360933303833, ""fold_b_utility"": 0.03613924980163574, ""harm_lcb_max"": -0.04125060509890318, ""harm_mean"": -0.038278574123978615, ""harm_se_mean"": 0.0015973495319485664, ""harm_ucb_max"": -0.035126958079636096, ""local_trainability"": 0.0395963191986084, ""query_after"": 3.503949284553528, ""query_before"": 3.5435456037521362, ""system_utility"": 0.0395963191986084}}, ""status"": ""ok"", ""statusquo_loss"": 3.5435456037521362, ""total_memory_budget"": 512}, ""utility_status"": ""ok""}"
46,B2,B,2,default,reuse,safe_existing_reuse,3.5149593353271484,2,True,294912,1299610,0,68607207,206669,3306912,493,26.162114067934453,498580480,0.0,21.9740843558684,2.3307824020739645,512,512,3.532966136932373,-0.7768995761871338,0.0392376184463501,-0.8161371946334839,False,,"{""best_reuse"": ""default"", ""best_reuse_utility"": 0.0392376184463501, ""decision"": ""reuse"", ""fresh_advantage"": -0.8161371946334839, ""fresh_positive"": false, ""fresh_utility"": -0.7768995761871338, ""full_batch_guards"": {""adapter_1"": {""crossfit_feasible"": true, ""crossfit_utility"": -0.8609788417816162, ""crossfit_utility_positive"": false, ""full_batch_cur_after"": 4.384495735168457, ""full_batch_cur_before"": 4.393522262573242, ""full_batch_gain"": 0.009026527404785156, ""full_batch_harm"": -0.023145608603954315, ""full_batch_harm_lcb"": -0.023606787851313128, ""full_batch_harm_se"": 0.00023529553436674178, ""full_batch_harm_ucb"": -0.022684429356595502, ""full_batch_safe"": true}, ""default"": {""crossfit_feasible"": true, ""crossfit_utility"": 0.0392376184463501, ""crossfit_utility_positive"": true, ""full_batch_cur_after"": 3.4909253120422363, ""full_batch_cur_before"": 3.532966136932373, ""full_batch_gain"": 0.04204082489013672, ""full_batch_harm"": -0.03979465737938881, ""full_batch_harm_lcb"": -0.043397757150232794, ""full_batch_harm_se"": 0.0018383162096142769, ""full_batch_harm_ucb"": -0.036191557608544825, ""full_batch_safe"": true}}, ""guarded_best_reuse"": ""default"", ""num_adapters"": 2, ""pending_after"": false, ""pending_before"": false, ""policy_version"": ""cau_v1"", ""reason"": ""safe_existing_reuse"", ""utility"": {""batch_n"": 16, ""best_reuse"": ""default"", ""best_reuse_query_after"": 3.493728518486023, ""best_reuse_utility"": 0.0392376184463501, ""budget_blocked_fresh"": false, ""defer_utility"": 0.0, ""fold_a_fresh_utility"": -0.7919437885284424, ""fold_a_query_n"": 8, ""fold_a_support_n"": 8, ""fold_b_fresh_utility"": -0.7618553638458252, ""fold_b_query_n"": 8, ""fold_b_support_n"": 8, ""fresh_advantage"": -0.8161371946334839, ""fresh_local_trainability"": 0.009776830673217773, ""fresh_positive"": false, ""fresh_query_after"": 4.309865713119507, ""fresh_query_before"": 4.319642543792725, ""fresh_utility"": -0.7768995761871338, ""max_adapters"": 8, ""reuse_profiles"": {""adapter_1"": {""feasible_both"": true, ""fold_a_harm"": -0.02349938079714775, ""fold_a_lcb"": -0.023992806682363154, ""fold_a_query_after"": 4.4432806968688965, ""fold_a_utility"": -0.8778140544891357, ""fold_b_harm"": -0.02376643568277359, ""fold_b_lcb"": -0.024246762952534483, ""fold_b_query_after"": 4.344609260559082, ""fold_b_utility"": -0.8441436290740967, ""harm_lcb_max"": -0.023992806682363154, ""harm_mean"": -0.02363290823996067, ""harm_se_mean"": 0.00024840641708578914, ""harm_ucb_max"": -0.023005954911932348, ""local_trainability"": -0.00042319297790527344, ""query_after"": 4.393944978713989, ""query_before"": 4.393521785736084, ""system_utility"": -0.8609788417816162}, ""default"": {""feasible_both"": true, ""fold_a_harm"": -0.03902615234255791, ""fold_a_lcb"": -0.04244441084098071, ""fold_a_query_after"": 3.5194108486175537, ""fold_a_utility"": 0.04605579376220703, ""fold_b_harm"": -0.039463263005018234, ""fold_b_lcb"": -0.043188992626965045, ""fold_b_query_after"": 3.468046188354492, ""fold_b_utility"": 0.032419443130493164, ""harm_lcb_max"": -0.04244441084098071, ""harm_mean"": -0.03924470767378807, ""harm_se_mean"": 0.001822445949073881, ""harm_ucb_max"": -0.035607893844135104, ""local_trainability"": 0.0392376184463501, ""query_after"": 3.493728518486023, ""query_before"": 3.532966136932373, ""system_utility"": 0.0392376184463501}}, ""status"": ""ok"", ""statusquo_loss"": 3.532966136932373, ""total_memory_budget"": 512}, ""utility_status"": ""ok""}"
47,B2,B,2,default,reuse,safe_existing_reuse,3.5327277183532715,2,True,294912,1299610,0,68607207,206669,3306912,493,26.80299544497393,498580480,0.0,22.609123408794403,2.3307824020739645,512,512,3.5337826013565063,-0.796021580696106,0.04124045372009277,-0.8372620344161987,False,,"{""best_reuse"": ""default"", ""best_reuse_utility"": 0.04124045372009277, ""decision"": ""reuse"", ""fresh_advantage"": -0.8372620344161987, ""fresh_positive"": false, ""fresh_utility"": -0.796021580696106, ""full_batch_guards"": {""adapter_1"": {""crossfit_feasible"": true, ""crossfit_utility"": -0.8835738897323608, ""crossfit_utility_positive"": false, ""full_batch_cur_after"": 4.410112380981445, ""full_batch_cur_before"": 4.418185234069824, ""full_batch_gain"": 0.008072853088378906, ""full_batch_harm"": -0.023186322301626205, ""full_batch_harm_lcb"": -0.023656466278480365, ""full_batch_harm_se"": 0.00023986937594600022, ""full_batch_harm_ucb"": -0.022716178324772046, ""full_batch_safe"": true}, ""default"": {""crossfit_feasible"": true, ""crossfit_utility"": 0.04124045372009277, ""crossfit_utility_positive"": true, ""full_batch_cur_after"": 3.4900429248809814, ""full_batch_cur_before"": 3.533782720565796, ""full_batch_gain"": 0.04373979568481445, ""full_batch_harm"": -0.03779073804616928, ""full_batch_harm_lcb"": -0.04135334856342524, ""full_batch_harm_se"": 0.0018176584271714091, ""full_batch_harm_ucb"": -0.03422812752891332, ""full_batch_safe"": true}}, ""guarded_best_reuse"": ""default"", ""num_adapters"": 2, ""pending_after"": false, ""pending_before"": false, ""policy_version"": ""cau_v1"", ""reason"": ""safe_existing_reuse"", ""utility"": {""batch_n"": 16, ""best_reuse"": ""default"", ""best_reuse_query_after"": 3.4925421476364136, ""best_reuse_utility"": 0.04124045372009277, ""budget_blocked_fresh"": false, ""defer_utility"": 0.0, ""fold_a_fresh_utility"": -0.7889208793640137, ""fold_a_query_n"": 8, ""fold_a_support_n"": 8, ""fold_b_fresh_utility"": -0.8031222820281982, ""fold_b_query_n"": 8, ""fold_b_support_n"": 8, ""fresh_advantage"": -0.8372620344161987, ""fresh_local_trainability"": 0.012256145477294922, ""fresh_positive"": false, ""fresh_query_after"": 4.329804182052612, ""fresh_query_before"": 4.342060327529907, ""fresh_utility"": -0.796021580696106, ""max_adapters"": 8, ""reuse_profiles"": {""adapter_1"": {""feasible_both"": true, ""fold_a_harm"": -0.023537632077932358, ""fold_a_lcb"": -0.024018317809095607, ""fold_a_query_after"": 4.442017555236816, ""fold_a_utility"": -0.8780617713928223, ""fold_b_harm"": -0.023266416043043137, ""fold_b_lcb"": -0.023734311849693768, ""fold_b_query_after"": 4.392695426940918, ""fold_b_utility"": -0.8890860080718994, ""harm_lcb_max"": -0.023734311849693768, ""harm_mean"": -0.023402024060487747, ""harm_se_mean"": 0.0002419850861770101, ""harm_ucb_max"": -0.022798520236392505, ""local_trainability"": 0.0008287429809570312, ""query_after"": 4.417356491088867, ""query_before"": 4.418185234069824, ""system_utility"": -0.8835738897323608}, ""default"": {""feasible_both"": true, ""fold_a_harm"": -0.036746613681316376, ""fold_a_lcb"": -0.0402548749698326, ""fold_a_query_after"": 3.5251100063323975, ""fold_a_utility"": 0.03884577751159668, ""fold_b_harm"": -0.037217047065496445, ""fold_b_lcb"": -0.04063668807037175, ""fold_b_query_after"": 3.4599742889404297, ""fold_b_utility"": 0.04363512992858887, ""harm_lcb_max"": -0.0402548749698326, ""harm_mean"": -0.03698183037340641, ""harm_se_mean"": 0.0017673220136202872, ""harm_ucb_max"": -0.03323835239280015, ""local_trainability"": 0.04124045372009277, ""query_after"": 3.4925421476364136, ""query_before"": 3.5337826013565063, ""system_utility"": 0.04124045372009277}}, ""status"": ""ok"", ""statusquo_loss"": 3.5337826013565063, ""total_memory_budget"": 512}, ""utility_status"": ""ok""}"
48,B2,B,2,default,reuse,safe_existing_reuse,3.474043607711792,2,True,294912,1299610,0,68607207,206669,3306912,493,27.449227833887562,498580480,0.0,23.249111943878233,2.3307824020739645,512,512,3.428530748073871,-0.8385634238903339,0.03354609929598295,-0.8721095231863168,False,,"{""best_reuse"": ""default"", ""best_reuse_utility"": 0.03354609929598295, ""decision"": ""reuse"", ""fresh_advantage"": -0.8721095231863168, ""fresh_positive"": false, ""fresh_utility"": -0.8385634238903339, ""full_batch_guards"": {""adapter_1"": {""crossfit_feasible"": true, ""crossfit_utility"": -0.9197070965400109, ""crossfit_utility_positive"": false, ""full_batch_cur_after"": 4.338326930999756, ""full_batch_cur_before"": 4.347104549407959, ""full_batch_gain"": 0.008777618408203125, ""full_batch_harm"": -0.02308216691017151, ""full_batch_harm_lcb"": -0.02353884060459677, ""full_batch_harm_se"": 0.0002329967828700319, ""full_batch_harm_ucb"": -0.022625493215746247, ""full_batch_safe"": true}, ""default"": {""crossfit_feasible"": true, ""crossfit_utility"": 0.03354609929598295, ""crossfit_utility_positive"": true, ""full_batch_cur_after"": 3.391716718673706, ""full_batch_cur_before"": 3.4285309314727783, ""full_batch_gain"": 0.036814212799072266, ""full_batch_harm"": -0.03444204479455948, ""full_batch_harm_lcb"": -0.03742424172814936, ""full_batch_harm_se"": 0.0015215290477499366, ""full_batch_harm_ucb"": -0.0314598478609696, ""full_batch_safe"": true}}, ""guarded_best_reuse"": ""default"", ""num_adapters"": 2, ""pending_after"": false, ""pending_before"": false, ""policy_version"": ""cau_v1"", ""reason"": ""safe_existing_reuse"", ""utility"": {""batch_n"": 13, ""best_reuse"": ""default"", ""best_reuse_query_after"": 3.3949846487778883, ""best_reuse_utility"": 0.03354609929598295, ""budget_blocked_fresh"": false, ""defer_utility"": 0.0, ""fold_a_fresh_utility"": -0.8172214031219482, ""fold_a_query_n"": 6, ""fold_a_support_n"": 7, ""fold_b_fresh_utility"": -0.8568565845489502, ""fold_b_query_n"": 7, ""fold_b_support_n"": 6, ""fresh_advantage"": -0.8721095231863168, ""fresh_local_trainability"": 0.008126368889441857, ""fresh_positive"": false, ""fresh_query_after"": 4.267094171964205, ""fresh_query_before"": 4.275220540853647, ""fresh_utility"": -0.8385634238903339, ""max_adapters"": 8, ""reuse_profiles"": {""adapter_1"": {""feasible_both"": true, ""fold_a_harm"": -0.023597173392772675, ""fold_a_lcb"": -0.02407043482584413, ""fold_a_query_after"": 4.345372676849365, ""fold_a_utility"": -0.8980371952056885, ""fold_b_harm"": -0.023436300456523895, ""fold_b_lcb"": -0.023907576804049313, ""fold_b_query_after"": 4.350693702697754, ""fold_b_utility"": -0.9382812976837158, ""harm_lcb_max"": -0.023907576804049313, ""harm_mean"": -0.023516736924648285, ""harm_se_mean"": 0.0002409535154583864, ""harm_ucb_max"": -0.022965024108998477, ""local_trainability"": -0.001132965087890625, ""query_after"": 4.348237844613882, ""query_before"": 4.3471048795259914, ""system_utility"": -0.9197070965400109}, ""default"": {""feasible_both"": true, ""fold_a_harm"": -0.0340302512049675, ""fold_a_lcb"": -0.03710173925384879, ""fold_a_query_after"": 3.4130401611328125, ""fold_a_utility"": 0.03429532051086426, ""fold_b_harm"": -0.03316766768693924, ""fold_b_lcb"": -0.03599704825785011, ""fold_b_query_after"": 3.3795084953308105, ""fold_b_utility"": 0.03290390968322754, ""harm_lcb_max"": -0.03599704825785011, ""harm_mean"": -0.03359895944595337, ""harm_se_mean"": 0.0015053236274980009, ""harm_ucb_max"": -0.03033828711602837, ""local_trainability"": 0.03354609929598295, ""query_after"": 3.3949846487778883, ""query_before"": 3.428530748073871, ""system_utility"": 0.03354609929598295}}, ""status"": ""ok"", ""statusquo_loss"": 3.428530748073871, ""total_memory_budget"": 512}, ""utility_status"": ""ok""}"
49,C1,C,1,adapter_1,reuse,pending_fresh_safe_existing_reuse,4.3510661125183105,2,True,294912,1299610,0,68607207,206669,3306912,509,29.469908449798822,498580480,0.0,23.886815072968602,3.7077518720179796,512,512,4.66054892539978,0.3585505485534668,0.2714345455169678,0.08711600303649902,True,,"{""best_reuse"": ""adapter_1"", ""best_reuse_utility"": 0.2714345455169678, ""decision"": ""reuse"", ""fresh_advantage"": 0.08711600303649902, ""fresh_positive"": true, ""fresh_utility"": 0.3585505485534668, ""full_batch_guards"": {""adapter_1"": {""crossfit_feasible"": true, ""crossfit_utility"": 0.2714345455169678, ""crossfit_utility_positive"": true, ""full_batch_cur_after"": 4.38259744644165, ""full_batch_cur_before"": 4.390861511230469, ""full_batch_gain"": 0.00826406478881836, ""full_batch_harm"": -0.023104581981897354, ""full_batch_harm_lcb"": -0.023575615067384207, ""full_batch_harm_se"": 0.0002403230027994141, ""full_batch_harm_ucb"": -0.0226335488964105, ""full_batch_safe"": true}, ""default"": {""crossfit_feasible"": true, ""crossfit_utility"": -0.010834217071533203, ""crossfit_utility_positive"": false, ""full_batch_cur_after"": 4.661290168762207, ""full_batch_cur_before"": 4.660549163818359, ""full_batch_gain"": -0.0007410049438476562, ""full_batch_harm"": -0.027692116796970367, ""full_batch_harm_lcb"": -0.029485068970825524, ""full_batch_harm_se"": 0.0009147715172730386, ""full_batch_harm_ucb"": -0.02589916462311521, ""full_batch_safe"": true}}, ""guarded_best_reuse"": ""adapter_1"", ""num_adapters"": 2, ""pending_after"": true, ""pending_before"": false, ""policy_version"": ""cau_v1"", ""reason"": ""pending_fresh_safe_existing_reuse"", ""utility"": {""batch_n"": 16, ""best_reuse"": ""adapter_1"", ""best_reuse_query_after"": 4.3891143798828125, ""best_reuse_utility"": 0.2714345455169678, ""budget_blocked_fresh"": false, ""defer_utility"": 0.0, ""fold_a_fresh_utility"": 0.34836435317993164, ""fold_a_query_n"": 8, ""fold_a_support_n"": 8, ""fold_b_fresh_utility"": 0.36873674392700195, ""fold_b_query_n"": 8, ""fold_b_support_n"": 8, ""fresh_advantage"": 0.08711600303649902, ""fresh_local_trainability"": 0.013828516006469727, ""fresh_positive"": true, ""fresh_query_after"": 4.3019983768463135, ""fresh_query_before"": 4.315826892852783, ""fresh_utility"": 0.3585505485534668, ""max_adapters"": 8, ""reuse_profiles"": {""adapter_1"": {""feasible_both"": true, ""fold_a_harm"": -0.02295588329434395, ""fold_a_lcb"": -0.023407500680768863, ""fold_a_query_after"": 4.379561424255371, ""fold_a_utility"": 0.263916015625, ""fold_b_harm"": -0.02350357174873352, ""fold_b_lcb"": -0.023991198990261184, ""fold_b_query_after"": 4.398667335510254, ""fold_b_utility"": 0.27895307540893555, ""harm_lcb_max"": -0.023407500680768863, ""harm_mean"": -0.023229727521538734, ""harm_se_mean"": 0.0002396032214164734, ""harm_ucb_max"": -0.022504265907919034, ""local_trainability"": 0.00174713134765625, ""query_after"": 4.3891143798828125, ""query_before"": 4.390861511230469, ""system_utility"": 0.2714345455169678}, ""default"": {""feasible_both"": true, ""fold_a_harm"": -0.02801091969013214, ""fold_a_lcb"": -0.029859166303649546, ""fold_a_query_after"": 4.655263900756836, ""fold_a_utility"": -0.011786460876464844, ""fold_b_harm"": -0.02820080891251564, ""fold_b_lcb"": -0.029990294210147112, ""fold_b_query_after"": 4.687502384185791, ""fold_b_utility"": -0.009881973266601562, ""harm_lcb_max"": -0.029859166303649546, ""harm_mean"": -0.02810586430132389, ""harm_se_mean"": 0.0009279928344767541, ""harm_ucb_max"": -0.026162673076614736, ""local_trainability"": -0.010834217071533203, ""query_after"": 4.6713831424713135, ""query_before"": 4.66054892539978, ""system_utility"": -0.010834217071533203}}, ""status"": ""ok"", ""statusquo_loss"": 4.66054892539978, ""total_memory_budget"": 512}, ""utility_status"": ""ok""}"
50,C1,C,1,adapter_2,spawn,confirmed_fresh,4.326730251312256,3,True,442368,1949415,0,69404468,206669,4960368,356,30.01255616778508,498580480,0.0,24.423262508120388,3.7077518720179796,512,510,4.397202014923096,0.08604764938354492,0.009563922882080078,0.07648372650146484,True,,"{""best_reuse"": ""adapter_1"", ""best_reuse_utility"": 0.009563922882080078, ""decision"": ""spawn"", ""fresh_advantage"": 0.07648372650146484, ""fresh_positive"": true, ""fresh_utility"": 0.08604764938354492, ""full_batch_guards"": {}, ""guarded_best_reuse"": null, ""num_adapters"": 3, ""pending_after"": false, ""pending_before"": true, ""policy_version"": ""cau_v1"", ""reason"": ""confirmed_fresh"", ""utility"": {""batch_n"": 16, ""best_reuse"": ""adapter_1"", ""best_reuse_query_after"": 4.387638092041016, ""best_reuse_utility"": 0.009563922882080078, ""budget_blocked_fresh"": false, ""defer_utility"": 0.0, ""fold_a_fresh_utility"": 0.0832052230834961, ""fold_a_query_n"": 8, ""fold_a_support_n"": 8, ""fold_b_fresh_utility"": 0.08889007568359375, ""fold_b_query_n"": 8, ""fold_b_support_n"": 8, ""fresh_advantage"": 0.07648372650146484, ""fresh_local_trainability"": 0.013313531875610352, ""fresh_positive"": true, ""fresh_query_after"": 4.311154365539551, ""fresh_query_before"": 4.324467897415161, ""fresh_utility"": 0.08604764938354492, ""max_adapters"": 8, ""reuse_profiles"": {""adapter_1"": {""feasible_both"": true, ""fold_a_harm"": -0.020309817045927048, ""fold_a_lcb"": -0.021160620278678835, ""fold_a_query_after"": 4.425083637237549, ""fold_a_utility"": 0.008547306060791016, ""fold_b_harm"": -0.02013026550412178, ""fold_b_lcb"": -0.02105990132433362, ""fold_b_query_after"": 4.350192546844482, ""fold_b_utility"": 0.01058053970336914, ""harm_lcb_max"": -0.02105990132433362, ""harm_mean"": -0.020220041275024414, ""harm_se_mean"": 0.00045419363596010953, ""harm_ucb_max"": -0.01920062968390994, ""local_trainability"": 0.009563922882080078, ""query_after"": 4.387638092041016, ""query_before"": 4.397202014923096, ""system_utility"": 0.009563922882080078}, ""default"": {""feasible_both"": true, ""fold_a_harm"": -0.028386976569890976, ""fold_a_lcb"": -0.030220615367870778, ""fold_a_query_after"": 4.690058708190918, ""fold_a_utility"": -0.2564277648925781, ""fold_b_harm"": -0.028362222015857697, ""fold_b_lcb"": -0.03021434348076582, ""fold_b_query_after"": 4.636035919189453, ""fold_b_utility"": -0.27526283264160156, ""harm_lcb_max"": -0.03021434348076582, ""harm_mean"": -0.028374599292874336, ""harm_se_mean"": 0.0009402449650224298, ""harm_ucb_max"": -0.026510100550949572, ""local_trainability"": -0.008182287216186523, ""query_after"": 4.6630473136901855, ""query_before"": 4.654865026473999, ""system_utility"": -0.26584529876708984}}, ""status"": ""ok"", ""statusquo_loss"": 4.397202014923096, ""total_memory_budget"": 512}, ""utility_status"": ""ok""}"
51,C1,C,1,adapter_2,warmup,existing_warmup,4.31287145614624,3,True,442368,1949415,0,69404468,206669,4960368,372,30.04526389297098,498580480,0.0,24.44977556122467,3.7077518720179796,512,510,,,,,,,"{""best_reuse"": null, ""best_reuse_utility"": null, ""decision"": ""warmup"", ""fresh_positive"": null, ""fresh_utility"": null, ""full_batch_guards"": {}, ""guarded_best_reuse"": null, ""num_adapters"": 3, ""pending_after"": false, ""pending_before"": false, ""policy_version"": ""cau_v1"", ""reason"": ""existing_warmup"", ""utility_status"": ""warmup""}"
52,C1,C,1,adapter_2,warmup,existing_warmup,4.300981044769287,3,True,442368,1949415,0,69404468,206669,4960368,388,30.07764239097014,498580480,0.0,24.47622707206756,3.7077518720179796,512,510,,,,,,,"{""best_reuse"": null, ""best_reuse_utility"": null, ""decision"": ""warmup"", ""fresh_positive"": null, ""fresh_utility"": null, ""full_batch_guards"": {}, ""guarded_best_reuse"": null, ""num_adapters"": 3, ""pending_after"": false, ""pending_before"": false, ""policy_version"": ""cau_v1"", ""reason"": ""existing_warmup"", ""utility_status"": ""warmup""}"
53,C1,C,1,adapter_2,warmup,existing_warmup,4.247556209564209,3,True,442368,1949415,0,69404468,206669,4960368,404,30.109980187844485,498580480,0.0,24.502682254184037,3.7077518720179796,512,510,,,,,,,"{""best_reuse"": null, ""best_reuse_utility"": null, ""decision"": ""warmup"", ""fresh_positive"": null, ""fresh_utility"": null, ""full_batch_guards"": {}, ""guarded_best_reuse"": null, ""num_adapters"": 3, ""pending_after"": false, ""pending_before"": false, ""policy_version"": ""cau_v1"", ""reason"": ""existing_warmup"", ""utility_status"": ""warmup""}"
54,C1,C,1,adapter_2,reuse,safe_existing_reuse,4.2667131423950195,3,True,442368,1949415,0,69404468,206669,4960368,420,31.05004373495467,498580480,0.0,25.436885917326435,3.7077518720179796,512,510,4.276117324829102,-0.0600433349609375,0.021030187606811523,-0.08107352256774902,False,,"{""best_reuse"": ""adapter_2"", ""best_reuse_utility"": 0.021030187606811523, ""decision"": ""reuse"", ""fresh_advantage"": -0.08107352256774902, ""fresh_positive"": false, ""fresh_utility"": -0.0600433349609375, ""full_batch_guards"": {""adapter_1"": {""crossfit_feasible"": true, ""crossfit_utility"": -0.13802099227905273, ""crossfit_utility_positive"": false, ""full_batch_cur_after"": 4.408647060394287, ""full_batch_cur_before"": 4.42054557800293, ""full_batch_gain"": 0.011898517608642578, ""full_batch_harm"": -0.02023790031671524, ""full_batch_harm_lcb"": -0.02075041187577881, ""full_batch_harm_se"": 0.0002614854893181473, ""full_batch_harm_ucb"": -0.01972538875765167, ""full_batch_safe"": true}, ""adapter_2"": {""crossfit_feasible"": true, ""crossfit_utility"": 0.021030187606811523, ""crossfit_utility_positive"": true, ""full_batch_cur_after"": 4.252936363220215, ""full_batch_cur_before"": 4.276117324829102, ""full_batch_gain"": 0.02318096160888672, ""full_batch_harm"": -0.023011334240436554, ""full_batch_harm_lcb"": -0.02332827179110609, ""full_batch_harm_se"": 0.00016170283197425306, ""full_batch_harm_ucb"": -0.022694396689767016, ""full_batch_safe"": true}, ""default"": {""crossfit_feasible"": true, ""crossfit_utility"": -0.37023115158081055, ""crossfit_utility_positive"": false, ""full_batch_cur_after"": 4.6343536376953125, ""full_batch_cur_before"": 4.639132976531982, ""full_batch_gain"": 0.004779338836669922, ""full_batch_harm"": -0.02677072212100029, ""full_batch_harm_lcb"": -0.0291525783482939, ""full_batch_harm_se"": 0.0012152327690273523, ""full_batch_harm_ucb"": -0.02438886589370668, ""full_batch_safe"": true}}, ""guarded_best_reuse"": ""adapter_2"", ""num_adapters"": 3, ""pending_after"": false, ""pending_before"": false, ""policy_version"": ""cau_v1"", ""reason"": ""safe_existing_reuse"", ""utility"": {""batch_n"": 16, ""best_reuse"": ""adapter_2"", ""best_reuse_query_after"": 4.25508713722229, ""best_reuse_utility"": 0.021030187606811523, ""budget_blocked_fresh"": false, ""defer_utility"": 0.0, ""fold_a_fresh_utility"": -0.05630683898925781, ""fold_a_query_n"": 8, ""fold_a_support_n"": 8, ""fold_b_fresh_utility"": -0.06377983093261719, ""fold_b_query_n"": 8, ""fold_b_support_n"": 8, ""fresh_advantage"": -0.08107352256774902, ""fresh_local_trainability"": 0.012197256088256836, ""fresh_positive"": false, ""fresh_query_after"": 4.336160659790039, ""fresh_query_before"": 4.348357915878296, ""fresh_utility"": -0.0600433349609375, ""max_adapters"": 8, ""reuse_profiles"": {""adapter_1"": {""feasible_both"": true, ""fold_a_harm"": -0.020399190485477448, ""fold_a_lcb"": -0.021051229380536825, ""fold_a_query_after"": 4.369256019592285, ""fold_a_utility"": -0.12694072723388672, ""fold_b_harm"": -0.020226024091243744, ""fold_b_lcb"": -0.020914866887032986, ""fold_b_query_after"": 4.459020614624023, ""fold_b_utility"": -0.14910125732421875, ""harm_lcb_max"": -0.020914866887032986, ""harm_mean"": -0.020312607288360596, ""harm_se_mean"": 0.00034206165582872927, ""harm_ucb_max"": -0.019537181295454502, ""local_trainability"": 0.006407022476196289, ""query_after"": 4.414138317108154, ""query_before"": 4.420545339584351, ""system_utility"": -0.13802099227905273}, ""adapter_2"": {""feasible_both"": true, ""fold_a_harm"": -0.022424615919589996, ""fold_a_lcb"": -0.022959472846705468, ""fold_a_query_after"": 4.222263813018799, ""fold_a_utility"": 0.02005147933959961, ""fold_b_harm"": -0.0222911536693573, ""fold_b_lcb"": -0.022530737770721315, ""fold_b_query_after"": 4.287910461425781, ""fold_b_utility"": 0.022008895874023438, ""harm_lcb_max"": -0.022530737770721315, ""harm_mean"": -0.022357884794473648, ""harm_se_mean"": 0.00019756148685701191, ""harm_ucb_max"": -0.021889758992474525, ""local_trainability"": 0.021030187606811523, ""query_after"": 4.25508713722229, ""query_before"": 4.276117324829102, ""system_utility"": 0.021030187606811523}, ""default"": {""feasible_both"": true, ""fold_a_harm"": -0.027341391891241074, ""fold_a_lcb"": -0.029772639581933616, ""fold_a_query_after"": 4.609789848327637, ""fold_a_utility"": -0.3674745559692383, ""fold_b_harm"": -0.02696741744875908, ""fold_b_lcb"": -0.02923175195697695, ""fold_b_query_after"": 4.6829071044921875, ""fold_b_utility"": -0.3729877471923828, ""harm_lcb_max"": -0.02923175195697695, ""harm_mean"": -0.027154404670000076, ""harm_se_mean"": 0.001197852601762861, ""harm_ucb_max"": -0.02470308294054121, ""local_trainability"": -0.0072154998779296875, ""query_after"": 4.646348476409912, ""query_before"": 4.639132976531982, ""system_utility"": -0.37023115158081055}}, ""status"": ""ok"", ""statusquo_loss"": 4.276117324829102, ""total_memory_budget"": 512}, ""utility_status"": ""ok""}"
55,C1,C,1,adapter_2,reuse,safe_existing_reuse,4.223302841186523,3,True,442368,1949415,0,69404468,206669,4960368,436,31.990850169910118,509299200,0.0,26.371184612391517,3.7077518720179796,512,510,4.230002164840698,-0.08698129653930664,0.02204418182373047,-0.10902547836303711,False,,"{""best_reuse"": ""adapter_2"", ""best_reuse_utility"": 0.02204418182373047, ""decision"": ""reuse"", ""fresh_advantage"": -0.10902547836303711, ""fresh_positive"": false, ""fresh_utility"": -0.08698129653930664, ""full_batch_guards"": {""adapter_1"": {""crossfit_feasible"": true, ""crossfit_utility"": -0.16547918319702148, ""crossfit_utility_positive"": false, ""full_batch_cur_after"": 4.3917717933654785, ""full_batch_cur_before"": 4.402924060821533, ""full_batch_gain"": 0.011152267456054688, ""full_batch_harm"": -0.019880671054124832, ""full_batch_harm_lcb"": -0.020457649477757512, ""full_batch_harm_se"": 0.00029437674675136805, ""full_batch_harm_ucb"": -0.019303692630492152, ""full_batch_safe"": true}, ""adapter_2"": {""crossfit_feasible"": true, ""crossfit_utility"": 0.02204418182373047, ""crossfit_utility_positive"": true, ""full_batch_cur_after"": 4.206399917602539, ""full_batch_cur_before"": 4.230002403259277, ""full_batch_gain"": 0.02360248565673828, ""full_batch_harm"": -0.022893935441970825, ""full_batch_harm_lcb"": -0.023252765716169962, ""full_batch_harm_se"": 0.00018307667050976306, ""full_batch_harm_ucb"": -0.02253510516777169, ""full_batch_safe"": true}, ""default"": {""crossfit_feasible"": true, ""crossfit_utility"": -0.43535709381103516, ""crossfit_utility_positive"": false, ""full_batch_cur_after"": 4.654644966125488, ""full_batch_cur_before"": 4.656659126281738, ""full_batch_gain"": 0.00201416015625, ""full_batch_harm"": -0.026216335594654083, ""full_batch_harm_lcb"": -0.028505510268732905, ""full_batch_harm_se"": 0.0011679462622851133, ""full_batch_harm_ucb"": -0.02392716092057526, ""full_batch_safe"": true}}, ""guarded_best_reuse"": ""adapter_2"", ""num_adapters"": 3, ""pending_after"": false, ""pending_before"": false, ""policy_version"": ""cau_v1"", ""reason"": ""safe_existing_reuse"", ""utility"": {""batch_n"": 16, ""best_reuse"": ""adapter_2"", ""best_reuse_query_after"": 4.207957983016968, ""best_reuse_utility"": 0.02204418182373047, ""budget_blocked_fresh"": false, ""defer_utility"": 0.0, ""fold_a_fresh_utility"": -0.09324073791503906, ""fold_a_query_n"": 8, ""fold_a_support_n"": 8, ""fold_b_fresh_utility"": -0.08072185516357422, ""fold_b_query_n"": 8, ""fold_b_support_n"": 8, ""fresh_advantage"": -0.10902547836303711, ""fresh_local_trainability"": 0.011593341827392578, ""fresh_positive"": false, ""fresh_query_after"": 4.316983461380005, ""fresh_query_before"": 4.3285768032073975, ""fresh_utility"": -0.08698129653930664, ""max_adapters"": 8, ""reuse_profiles"": {""adapter_1"": {""feasible_both"": true, ""fold_a_harm"": -0.019904974848031998, ""fold_a_lcb"": -0.02072461515548639, ""fold_a_query_after"": 4.397907257080078, ""fold_a_utility"": -0.1742095947265625, ""fold_b_harm"": -0.020057443529367447, ""fold_b_lcb"": -0.02062383484910242, ""fold_b_query_after"": 4.393055438995361, ""fold_b_utility"": -0.15674877166748047, ""harm_lcb_max"": -0.02062383484910242, ""harm_mean"": -0.019981209188699722, ""harm_se_mean"": 0.00035357949673198164, ""harm_ucb_max"": -0.019085334540577606, ""local_trainability"": 0.0074427127838134766, ""query_after"": 4.39548134803772, ""query_before"": 4.402924060821533, ""system_utility"": -0.16547918319702148}, ""adapter_2"": {""feasible_both"": true, ""fold_a_harm"": -0.022010087966918945, ""fold_a_lcb"": -0.0224222817865666, ""fold_a_query_after"": 4.201619625091553, ""fold_a_utility"": 0.02207803726196289, ""fold_b_harm"": -0.022603966295719147, ""fold_b_lcb"": -0.023081916362862102, ""fold_b_query_after"": 4.214296340942383, ""fold_b_utility"": 0.022010326385498047, ""harm_lcb_max"": -0.0224222817865666, ""harm_mean"": -0.022307027131319046, ""harm_se_mean"": 0.00022707752214046195, ""harm_ucb_max"": -0.021597894147271292, ""local_trainability"": 0.02204418182373047, ""query_after"": 4.207957983016968, ""query_before"": 4.230002164840698, ""system_utility"": 0.02204418182373047}, ""default"": {""feasible_both"": true, ""fold_a_harm"": -0.02671840786933899, ""fold_a_lcb"": -0.02898157001938671, ""fold_a_query_after"": 4.661497592926025, ""fold_a_utility"": -0.43779993057250977, ""fold_b_harm"": -0.026739880442619324, ""fold_b_lcb"": -0.029068945185281338, ""fold_b_query_after"": 4.669220924377441, ""fold_b_utility"": -0.43291425704956055, ""harm_lcb_max"": -0.02898157001938671, ""harm_mean"": -0.026729144155979156, ""harm_se_mean"": 0.0011714864522218704, ""harm_ucb_max"": -0.02441081569995731, ""local_trainability"": -0.008700132369995117, ""query_after"": 4.665359258651733, ""query_before"": 4.656659126281738, ""system_utility"": -0.43535709381103516}}, ""status"": ""ok"", ""statusquo_loss"": 4.230002164840698, ""total_memory_budget"": 512}, ""utility_status"": ""ok""}"
56,C1,C,1,adapter_2,reuse,safe_existing_reuse,4.2052903175354,3,True,442368,1949415,0,69404468,206669,4960368,452,32.93779652682133,509299200,0.0,27.31161014828831,3.7077518720179796,512,510,4.204347848892212,-0.1166527271270752,0.022635698318481445,-0.13928842544555664,False,,"{""best_reuse"": ""adapter_2"", ""best_reuse_utility"": 0.022635698318481445, ""decision"": ""reuse"", ""fresh_advantage"": -0.13928842544555664, ""fresh_positive"": false, ""fresh_utility"": -0.1166527271270752, ""full_batch_guards"": {""adapter_1"": {""crossfit_feasible"": true, ""crossfit_utility"": -0.1968395709991455, ""crossfit_utility_positive"": false, ""full_batch_cur_after"": 4.3959760665893555, ""full_batch_cur_before"": 4.407525539398193, ""full_batch_gain"": 0.01154947280883789, ""full_batch_harm"": -0.02002459019422531, ""full_batch_harm_lcb"": -0.02069026471232064, ""full_batch_harm_se"": 0.00033962985617108643, ""full_batch_harm_ucb"": -0.019358915676129983, ""full_batch_safe"": true}, ""adapter_2"": {""crossfit_feasible"": true, ""crossfit_utility"": 0.022635698318481445, ""crossfit_utility_positive"": true, ""full_batch_cur_after"": 4.180227279663086, ""full_batch_cur_before"": 4.204347610473633, ""full_batch_gain"": 0.024120330810546875, ""full_batch_harm"": -0.023283109068870544, ""full_batch_harm_lcb"": -0.023724412760930135, ""full_batch_harm_se"": 0.00022515494492836297, ""full_batch_harm_ucb"": -0.022841805376810954, ""full_batch_safe"": true}, ""default"": {""crossfit_feasible"": true, ""crossfit_utility"": -0.4344637393951416, ""crossfit_utility_positive"": false, ""full_batch_cur_after"": 4.627763748168945, ""full_batch_cur_before"": 4.631725788116455, ""full_batch_gain"": 0.003962039947509766, ""full_batch_harm"": -0.026283394545316696, ""full_batch_harm_lcb"": -0.028581185983493924, ""full_batch_harm_se"": 0.0011723425704985857, ""full_batch_harm_ucb"": -0.02398560310713947, ""full_batch_safe"": true}}, ""guarded_best_reuse"": ""adapter_2"", ""num_adapters"": 3, ""pending_after"": false, ""pending_before"": false, ""policy_version"": ""cau_v1"", ""reason"": ""safe_existing_reuse"", ""utility"": {""batch_n"": 16, ""best_reuse"": ""adapter_2"", ""best_reuse_query_after"": 4.1817121505737305, ""best_reuse_utility"": 0.022635698318481445, ""budget_blocked_fresh"": false, ""defer_utility"": 0.0, ""fold_a_fresh_utility"": -0.1114048957824707, ""fold_a_query_n"": 8, ""fold_a_support_n"": 8, ""fold_b_fresh_utility"": -0.12190055847167969, ""fold_b_query_n"": 8, ""fold_b_support_n"": 8, ""fresh_advantage"": -0.13928842544555664, ""fresh_local_trainability"": 0.011574983596801758, ""fresh_positive"": false, ""fresh_query_after"": 4.321000576019287, ""fresh_query_before"": 4.332575559616089, ""fresh_utility"": -0.1166527271270752, ""max_adapters"": 8, ""reuse_profiles"": {""adapter_1"": {""feasible_both"": true, ""fold_a_harm"": -0.01997535303235054, ""fold_a_lcb"": -0.020765532364603132, ""fold_a_query_after"": 4.375973224639893, ""fold_a_utility"": -0.19127368927001953, ""fold_b_harm"": -0.020205266773700714, ""fold_b_lcb"": -0.020965375563828274, ""fold_b_query_after"": 4.426401615142822, ""fold_b_utility"": -0.20240545272827148, ""harm_lcb_max"": -0.020765532364603132, ""harm_mean"": -0.020090309903025627, ""harm_se_mean"": 0.00039548166387248784, ""harm_ucb_max"": -0.019185173700097948, ""local_trainability"": 0.0063381195068359375, ""query_after"": 4.401187419891357, ""query_before"": 4.407525539398193, ""system_utility"": -0.1968395709991455}, ""adapter_2"": {""feasible_both"": true, ""fold_a_harm"": -0.022652946412563324, ""fold_a_lcb"": -0.023125324869179165, ""fold_a_query_after"": 4.162117958068848, ""fold_a_utility"": 0.02258157730102539, ""fold_b_harm"": -0.022701114416122437, ""fold_b_lcb"": -0.023185119566041978, ""fold_b_query_after"": 4.201306343078613, ""fold_b_utility"": 0.0226898193359375, ""harm_lcb_max"": -0.023125324869179165, ""harm_mean"": -0.02267703041434288, ""harm_se_mean"": 0.00024397540983045474, ""harm_ucb_max"": -0.022180567955947483, ""local_trainability"": 0.022635698318481445, ""query_after"": 4.1817121505737305, ""query_before"": 4.204347848892212, ""system_utility"": 0.022635698318481445}, ""default"": {""feasible_both"": true, ""fold_a_harm"": -0.02649204432964325, ""fold_a_lcb"": -0.028735332977958022, ""fold_a_query_after"": 4.588261604309082, ""fold_a_utility"": -0.403562068939209, ""fold_b_harm"": -0.027149129658937454, ""fold_b_lcb"": -0.02954529559239745, ""fold_b_query_after"": 4.689361572265625, ""fold_b_utility"": -0.4653654098510742, ""harm_lcb_max"": -0.028735332977958022, ""harm_mean"": -0.026820586994290352, ""harm_se_mean"": 0.0011835343320854008, ""harm_ucb_max"": -0.024248755681328477, ""local_trainability"": -0.0070858001708984375, ""query_after"": 4.6388115882873535, ""query_before"": 4.631725788116455, ""system_utility"": -0.4344637393951416}}, ""status"": ""ok"", ""statusquo_loss"": 4.204347848892212, ""total_memory_budget"": 512}, ""utility_status"": ""ok""}"
57,C1,C,1,adapter_2,reuse,safe_existing_reuse,4.161913871765137,3,True,442368,1949415,0,69404468,206669,4960368,468,33.880894157802686,509299200,0.0,28.24812609842047,3.7077518720179796,512,510,4.182006120681763,-0.1494901180267334,0.021769285202026367,-0.17125940322875977,False,,"{""best_reuse"": ""adapter_2"", ""best_reuse_utility"": 0.021769285202026367, ""decision"": ""reuse"", ""fresh_advantage"": -0.17125940322875977, ""fresh_positive"": false, ""fresh_utility"": -0.1494901180267334, ""full_batch_guards"": {""adapter_1"": {""crossfit_feasible"": true, ""crossfit_utility"": -0.22118139266967773, ""crossfit_utility_positive"": false, ""full_batch_cur_after"": 4.395318508148193, ""full_batch_cur_before"": 4.406656265258789, ""full_batch_gain"": 0.011337757110595703, ""full_batch_harm"": -0.020043175667524338, ""full_batch_harm_lcb"": -0.02056699456181377, ""full_batch_harm_se"": 0.0002672545379027724, ""full_batch_harm_ucb"": -0.019519356773234905, ""full_batch_safe"": true}, ""adapter_2"": {""crossfit_feasible"": true, ""crossfit_utility"": 0.021769285202026367, ""crossfit_utility_positive"": true, ""full_batch_cur_after"": 4.157869338989258, ""full_batch_cur_before"": 4.182005882263184, ""full_batch_gain"": 0.02413654327392578, ""full_batch_harm"": -0.023777656257152557, ""full_batch_harm_lcb"": -0.024256267772288995, ""full_batch_harm_se"": 0.00024418954853899777, ""full_batch_harm_ucb"": -0.02329904474201612, ""full_batch_safe"": true}, ""default"": {""crossfit_feasible"": true, ""crossfit_utility"": -0.4947011470794678, ""crossfit_utility_positive"": false, ""full_batch_cur_after"": 4.65789794921875, ""full_batch_cur_before"": 4.658022880554199, ""full_batch_gain"": 0.00012493133544921875, ""full_batch_harm"": -0.026022963225841522, ""full_batch_harm_lcb"": -0.028303625183179974, ""full_batch_harm_se"": 0.001163603039458394, ""full_batch_harm_ucb"": -0.02374230126850307, ""full_batch_safe"": true}}, ""guarded_best_reuse"": ""adapter_2"", ""num_adapters"": 3, ""pending_after"": false, ""pending_before"": false, ""policy_version"": ""cau_v1"", ""reason"": ""safe_existing_reuse"", ""utility"": {""batch_n"": 16, ""best_reuse"": ""adapter_2"", ""best_reuse_query_after"": 4.160236835479736, ""best_reuse_utility"": 0.021769285202026367, ""budget_blocked_fresh"": false, ""defer_utility"": 0.0, ""fold_a_fresh_utility"": -0.1494307518005371, ""fold_a_query_n"": 8, ""fold_a_support_n"": 8, ""fold_b_fresh_utility"": -0.1495494842529297, ""fold_b_query_n"": 8, ""fold_b_support_n"": 8, ""fresh_advantage"": -0.17125940322875977, ""fresh_local_trainability"": 0.001165151596069336, ""fresh_positive"": false, ""fresh_query_after"": 4.331496238708496, ""fresh_query_before"": 4.332661390304565, ""fresh_utility"": -0.1494901180267334, ""max_adapters"": 8, ""reuse_profiles"": {""adapter_1"": {""feasible_both"": true, ""fold_a_harm"": -0.02016187086701393, ""fold_a_lcb"": -0.020937513459939508, ""fold_a_query_after"": 4.425652503967285, ""fold_a_utility"": -0.2199416160583496, ""fold_b_harm"": -0.02014569193124771, ""fold_b_lcb"": -0.020844018096104266, ""fold_b_query_after"": 4.380722522735596, ""fold_b_utility"": -0.22242116928100586, ""harm_lcb_max"": -0.020844018096104266, ""harm_mean"": -0.02015378139913082, ""harm_se_mean"": 0.0003760124382097274, ""harm_ucb_max"": -0.019386228274088355, ""local_trainability"": 0.003468751907348633, ""query_after"": 4.40318751335144, ""query_before"": 4.406656265258789, ""system_utility"": -0.22118139266967773}, ""adapter_2"": {""feasible_both"": true, ""fold_a_harm"": -0.022700004279613495, ""fold_a_lcb"": -0.023259806275600568, ""fold_a_query_after"": 4.184317588806152, ""fold_a_utility"": 0.021393299102783203, ""fold_b_harm"": -0.0230720192193985, ""fold_b_lcb"": -0.023631135723553597, ""fold_b_query_after"": 4.13615608215332, ""fold_b_utility"": 0.02214527130126953, ""harm_lcb_max"": -0.023259806275600568, ""harm_mean"": -0.022886011749505997, ""harm_se_mean"": 0.0002854383928934112, ""harm_ucb_max"": -0.022140202283626422, ""local_trainability"": 0.021769285202026367, ""query_after"": 4.160236835479736, ""query_before"": 4.182006120681763, ""system_utility"": 0.021769285202026367}, ""default"": {""feasible_both"": true, ""fold_a_harm"": -0.027263030409812927, ""fold_a_lcb"": -0.029632743671536444, ""fold_a_query_after"": 4.729866027832031, ""fold_a_utility"": -0.5241551399230957, ""fold_b_harm"": -0.02640526369214058, ""fold_b_lcb"": -0.02857209761161357, ""fold_b_query_after"": 4.62354850769043, ""fold_b_utility"": -0.46524715423583984, ""harm_lcb_max"": -0.02857209761161357, ""harm_mean"": -0.026834147050976753, ""harm_se_mean"": 0.0011572824441827834, ""harm_ucb_max"": -0.02423842977266759, ""local_trainability"": -0.01868438720703125, ""query_after"": 4.6767072677612305, ""query_before"": 4.658022880554199, ""system_utility"": -0.4947011470794678}}, ""status"": ""ok"", ""statusquo_loss"": 4.182006120681763, ""total_memory_budget"": 512}, ""utility_status"": ""ok""}"
58,C1,C,1,adapter_2,reuse,safe_existing_reuse,4.14981746673584,3,True,442368,1949415,0,69404468,206669,4960368,484,34.83290894981474,509299200,0.0,29.193482796428725,3.7077518720179796,512,510,4.148527383804321,-0.16683745384216309,0.022550106048583984,-0.18938755989074707,False,,"{""best_reuse"": ""adapter_2"", ""best_reuse_utility"": 0.022550106048583984, ""decision"": ""reuse"", ""fresh_advantage"": -0.18938755989074707, ""fresh_positive"": false, ""fresh_utility"": -0.16683745384216309, ""full_batch_guards"": {""adapter_1"": {""crossfit_feasible"": true, ""crossfit_utility"": -0.2464745044708252, ""crossfit_utility_positive"": false, ""full_batch_cur_after"": 4.388191223144531, ""full_batch_cur_before"": 4.400856971740723, ""full_batch_gain"": 0.012665748596191406, ""full_batch_harm"": -0.019871290773153305, ""full_batch_harm_lcb"": -0.02058703317656182, ""full_batch_harm_se"": 0.000365174695616588, ""full_batch_harm_ucb"": -0.019155548369744792, ""full_batch_safe"": true}, ""adapter_2"": {""crossfit_feasible"": true, ""crossfit_utility"": 0.022550106048583984, ""crossfit_utility_positive"": true, ""full_batch_cur_after"": 4.124256134033203, ""full_batch_cur_before"": 4.148527145385742, ""full_batch_gain"": 0.024271011352539062, ""full_batch_harm"": -0.02361871674656868, ""full_batch_harm_lcb"": -0.024040039666579104, ""full_batch_harm_se"": 0.0002149606734747067, ""full_batch_harm_ucb"": -0.023197393826558256, ""full_batch_safe"": true}, ""default"": {""crossfit_feasible"": true, ""crossfit_utility"": -0.5366957187652588, ""crossfit_utility_positive"": false, ""full_batch_cur_after"": 4.670384883880615, ""full_batch_cur_before"": 4.672518730163574, ""full_batch_gain"": 0.0021338462829589844, ""full_batch_harm"": -0.026120085269212723, ""full_batch_harm_lcb"": -0.028307278472930193, ""full_batch_harm_se"": 0.0011159148998558521, ""full_batch_harm_ucb"": -0.023932892065495252, ""full_batch_safe"": true}}, ""guarded_best_reuse"": ""adapter_2"", ""num_adapters"": 3, ""pending_after"": false, ""pending_before"": false, ""policy_version"": ""cau_v1"", ""reason"": ""safe_existing_reuse"", ""utility"": {""batch_n"": 16, ""best_reuse"": ""adapter_2"", ""best_reuse_query_after"": 4.125977277755737, ""best_reuse_utility"": 0.022550106048583984, ""budget_blocked_fresh"": false, ""defer_utility"": 0.0, ""fold_a_fresh_utility"": -0.17727422714233398, ""fold_a_query_n"": 8, ""fold_a_support_n"": 8, ""fold_b_fresh_utility"": -0.1564006805419922, ""fold_b_query_n"": 8, ""fold_b_support_n"": 8, ""fresh_advantage"": -0.18938755989074707, ""fresh_local_trainability"": 0.010455131530761719, ""fresh_positive"": false, ""fresh_query_after"": 4.315364837646484, ""fresh_query_before"": 4.325819969177246, ""fresh_utility"": -0.16683745384216309, ""max_adapters"": 8, ""reuse_profiles"": {""adapter_1"": {""feasible_both"": true, ""fold_a_harm"": -0.020209722220897675, ""fold_a_lcb"": -0.020958072347566484, ""fold_a_query_after"": 4.405078411102295, ""fold_a_utility"": -0.2531261444091797, ""fold_b_harm"": -0.02027624472975731, ""fold_b_lcb"": -0.02102305068867281, ""fold_b_query_after"": 4.384925365447998, ""fold_b_utility"": -0.2398228645324707, ""harm_lcb_max"": -0.020958072347566484, ""harm_mean"": -0.020242983475327492, ""harm_se_mean"": 0.00038141736877150834, ""harm_ucb_max"": -0.019461372094228865, ""local_trainability"": 0.005855083465576172, ""query_after"": 4.3950018882751465, ""query_before"": 4.400856971740723, ""system_utility"": -0.2464745044708252}, ""adapter_2"": {""feasible_both"": true, ""fold_a_harm"": -0.023096412420272827, ""fold_a_lcb"": -0.0235177486599423, ""fold_a_query_after"": 4.129740238189697, ""fold_a_utility"": 0.02221202850341797, ""fold_b_harm"": -0.023090697824954987, ""fold_b_lcb"": -0.023542428043438122, ""fold_b_query_after"": 4.122214317321777, ""fold_b_utility"": 0.02288818359375, ""harm_lcb_max"": -0.0235177486599423, ""harm_mean"": -0.023093555122613907, ""harm_se_mean"": 0.000222721035243012, ""harm_ucb_max"": -0.02263896760647185, ""local_trainability"": 0.022550106048583984, ""query_after"": 4.125977277755737, ""query_before"": 4.148527383804321, ""system_utility"": 0.022550106048583984}, ""default"": {""feasible_both"": true, ""fold_a_harm"": -0.026843726634979248, ""fold_a_lcb"": -0.029127221601083875, ""fold_a_query_after"": 4.692461013793945, ""fold_a_utility"": -0.5405087471008301, ""fold_b_harm"": -0.02703161910176277, ""fold_b_lcb"": -0.029389992114156483, ""fold_b_query_after"": 4.677985191345215, ""fold_b_utility"": -0.5328826904296875, ""harm_lcb_max"": -0.029127221601083875, ""harm_mean"": -0.02693767286837101, ""harm_se_mean"": 0.0011841499945148826, ""harm_ucb_max"": -0.02456023166887462, ""local_trainability"": -0.012703895568847656, ""query_after"": 4.68522310256958, ""query_before"": 4.672519207000732, ""system_utility"": -0.5366957187652588}}, ""status"": ""ok"", ""statusquo_loss"": 4.148527383804321, ""total_memory_budget"": 512}, ""utility_status"": ""ok""}"
59,C1,C,1,adapter_2,reuse,safe_existing_reuse,4.133788585662842,3,True,442368,1949415,0,69404468,206669,4960368,500,35.7906834827736,509299200,0.0,30.144508123397827,3.7077518720179796,512,510,4.117785453796387,-0.17854809761047363,0.023318052291870117,-0.20186614990234375,False,,"{""best_reuse"": ""adapter_2"", ""best_reuse_utility"": 0.023318052291870117, ""decision"": ""reuse"", ""fresh_advantage"": -0.20186614990234375, ""fresh_positive"": false, ""fresh_utility"": -0.17854809761047363, ""full_batch_guards"": {""adapter_1"": {""crossfit_feasible"": true, ""crossfit_utility"": -0.25562334060668945, ""crossfit_utility_positive"": false, ""full_batch_cur_after"": 4.369340419769287, ""full_batch_cur_before"": 4.381346225738525, ""full_batch_gain"": 0.012005805969238281, ""full_batch_harm"": -0.02019624039530754, ""full_batch_harm_lcb"": -0.020816746951313688, ""full_batch_harm_se"": 0.0003165849775541574, ""full_batch_harm_ucb"": -0.019575733839301394, ""full_batch_safe"": true}, ""adapter_2"": {""crossfit_feasible"": true, ""crossfit_utility"": 0.023318052291870117, ""crossfit_utility_positive"": true, ""full_batch_cur_after"": 4.093372821807861, ""full_batch_cur_before"": 4.1177849769592285, ""full_batch_gain"": 0.024412155151367188, ""full_batch_harm"": -0.02380160614848137, ""full_batch_harm_lcb"": -0.02426762998686172, ""full_batch_harm_se"": 0.00023776726447977126, ""full_batch_harm_ucb"": -0.02333558231010102, ""full_batch_safe"": true}, ""default"": {""crossfit_feasible"": true, ""crossfit_utility"": -0.5301022529602051, ""crossfit_utility_positive"": false, ""full_batch_cur_after"": 4.6385345458984375, ""full_batch_cur_before"": 4.638463020324707, ""full_batch_gain"": -7.152557373046875e-05, ""full_batch_harm"": -0.026179123669862747, ""full_batch_harm_lcb"": -0.028404936469160022, ""full_batch_harm_se"": 0.00113561877515167, ""full_batch_harm_ucb"": -0.023953310870565472, ""full_batch_safe"": true}}, ""guarded_best_reuse"": ""adapter_2"", ""num_adapters"": 3, ""pending_after"": false, ""pending_before"": false, ""policy_version"": ""cau_v1"", ""reason"": ""safe_existing_reuse"", ""utility"": {""batch_n"": 16, ""best_reuse"": ""adapter_2"", ""best_reuse_query_after"": 4.094467401504517, ""best_reuse_utility"": 0.023318052291870117, ""budget_blocked_fresh"": false, ""defer_utility"": 0.0, ""fold_a_fresh_utility"": -0.18054485321044922, ""fold_a_query_n"": 8, ""fold_a_support_n"": 8, ""fold_b_fresh_utility"": -0.17655134201049805, ""fold_b_query_n"": 8, ""fold_b_support_n"": 8, ""fresh_advantage"": -0.20186614990234375, ""fresh_local_trainability"": 0.014792442321777344, ""fresh_positive"": false, ""fresh_query_after"": 4.29633355140686, ""fresh_query_before"": 4.311125993728638, ""fresh_utility"": -0.17854809761047363, ""max_adapters"": 8, ""reuse_profiles"": {""adapter_1"": {""feasible_both"": true, ""fold_a_harm"": -0.020273607224225998, ""fold_a_lcb"": -0.020843438951997088, ""fold_a_query_after"": 4.389788627624512, ""fold_a_utility"": -0.25792694091796875, ""fold_b_harm"": -0.0200611874461174, ""fold_b_lcb"": -0.020939014127943665, ""fold_b_query_after"": 4.357028961181641, ""fold_b_utility"": -0.25331974029541016, ""harm_lcb_max"": -0.020843438951997088, ""harm_mean"": -0.0201673973351717, ""harm_se_mean"": 0.0003693006146932021, ""harm_ucb_max"": -0.019183360764291137, ""local_trainability"": 0.007937431335449219, ""query_after"": 4.373408794403076, ""query_before"": 4.381346225738525, ""system_utility"": -0.25562334060668945}, ""adapter_2"": {""feasible_both"": true, ""fold_a_harm"": -0.02315453067421913, ""fold_a_lcb"": -0.02357872758875601, ""fold_a_query_after"": 4.108593940734863, ""fold_a_utility"": 0.023267745971679688, ""fold_b_harm"": -0.023554667830467224, ""fold_b_lcb"": -0.0240347970451694, ""fold_b_query_after"": 4.08034086227417, ""fold_b_utility"": 0.023368358612060547, ""harm_lcb_max"": -0.02357872758875601, ""harm_mean"": -0.023354599252343178, ""harm_se_mean"": 0.00023069544113241136, ""harm_ucb_max"": -0.022730333759682253, ""local_trainability"": 0.023318052291870117, ""query_after"": 4.094467401504517, ""query_before"": 4.117785453796387, ""system_utility"": 0.023318052291870117}, ""default"": {""feasible_both"": true, ""fold_a_harm"": -0.02657659351825714, ""fold_a_lcb"": -0.028673177217133344, ""fold_a_query_after"": 4.647909164428711, ""fold_a_utility"": -0.516047477722168, ""fold_b_harm"": -0.026756681501865387, ""fold_b_lcb"": -0.029055040408857168, ""fold_b_query_after"": 4.647866249084473, ""fold_b_utility"": -0.5441570281982422, ""harm_lcb_max"": -0.028673177217133344, ""harm_mean"": -0.026666637510061264, ""harm_se_mean"": 0.0011211588280275464, ""harm_ucb_max"": -0.024458322594873606, ""local_trainability"": -0.009424686431884766, ""query_after"": 4.647887706756592, ""query_before"": 4.638463020324707, ""system_utility"": -0.5301022529602051}}, ""status"": ""ok"", ""statusquo_loss"": 4.117785453796387, ""total_memory_budget"": 512}, ""utility_status"": ""ok""}"
60,C1,C,1,adapter_2,reuse,safe_existing_reuse,4.1406660079956055,3,True,442368,1949415,0,69404468,206669,4960368,510,36.74021999281831,509299200,0.0,31.087080941302702,3.7077518720179796,512,510,4.124917507171631,-0.2076127529144287,0.022333621978759766,-0.22994637489318848,False,,"{""best_reuse"": ""adapter_2"", ""best_reuse_utility"": 0.022333621978759766, ""decision"": ""reuse"", ""fresh_advantage"": -0.22994637489318848, ""fresh_positive"": false, ""fresh_utility"": -0.2076127529144287, ""full_batch_guards"": {""adapter_1"": {""crossfit_feasible"": true, ""crossfit_utility"": -0.28033971786499023, ""crossfit_utility_positive"": false, ""full_batch_cur_after"": 4.397518157958984, ""full_batch_cur_before"": 4.409830093383789, ""full_batch_gain"": 0.012311935424804688, ""full_batch_harm"": -0.019943077117204666, ""full_batch_harm_lcb"": -0.02073684665374458, ""full_batch_harm_se"": 0.00040498445741832256, ""full_batch_harm_ucb"": -0.019149307580664753, ""full_batch_safe"": true}, ""adapter_2"": {""crossfit_feasible"": true, ""crossfit_utility"": 0.022333621978759766, ""crossfit_utility_positive"": true, ""full_batch_cur_after"": 4.100407600402832, ""full_batch_cur_before"": 4.124917984008789, ""full_batch_gain"": 0.02451038360595703, ""full_batch_harm"": -0.02396337315440178, ""full_batch_harm_lcb"": -0.02443540087901056, ""full_batch_harm_se"": 0.00024083047173917294, ""full_batch_harm_ucb"": -0.023491345429793, ""full_batch_safe"": true}, ""default"": {""crossfit_feasible"": true, ""crossfit_utility"": -0.54791259765625, ""crossfit_utility_positive"": false, ""full_batch_cur_after"": 4.656479358673096, ""full_batch_cur_before"": 4.659978866577148, ""full_batch_gain"": 0.0034995079040527344, ""full_batch_harm"": -0.026415560394525528, ""full_batch_harm_lcb"": -0.02867061666212976, ""full_batch_harm_se"": 0.0011505389120429754, ""full_batch_harm_ucb"": -0.024160504126921296, ""full_batch_safe"": true}}, ""guarded_best_reuse"": ""adapter_2"", ""num_adapters"": 3, ""pending_after"": false, ""pending_before"": false, ""policy_version"": ""cau_v1"", ""reason"": ""safe_existing_reuse"", ""utility"": {""batch_n"": 16, ""best_reuse"": ""adapter_2"", ""best_reuse_query_after"": 4.102583885192871, ""best_reuse_utility"": 0.022333621978759766, ""budget_blocked_fresh"": false, ""defer_utility"": 0.0, ""fold_a_fresh_utility"": -0.20355224609375, ""fold_a_query_n"": 8, ""fold_a_support_n"": 8, ""fold_b_fresh_utility"": -0.21167325973510742, ""fold_b_query_n"": 8, ""fold_b_support_n"": 8, ""fresh_advantage"": -0.22994637489318848, ""fresh_local_trainability"": 0.0071299076080322266, ""fresh_positive"": false, ""fresh_query_after"": 4.33253026008606, ""fresh_query_before"": 4.339660167694092, ""fresh_utility"": -0.2076127529144287, ""max_adapters"": 8, ""reuse_profiles"": {""adapter_1"": {""feasible_both"": true, ""fold_a_harm"": -0.020075593143701553, ""fold_a_lcb"": -0.020966175495414064, ""fold_a_query_after"": 4.372392654418945, ""fold_a_utility"": -0.2651691436767578, ""fold_b_harm"": -0.02032671496272087, ""fold_b_lcb"": -0.02115266359760426, ""fold_b_query_after"": 4.438121795654297, ""fold_b_utility"": -0.29551029205322266, ""harm_lcb_max"": -0.020966175495414064, ""harm_mean"": -0.020201154053211212, ""harm_se_mean"": 0.00043789055780507624, ""harm_ucb_max"": -0.019185010791989043, ""local_trainability"": 0.004572868347167969, ""query_after"": 4.405257225036621, ""query_before"": 4.409830093383789, ""system_utility"": -0.28033971786499023}, ""adapter_2"": {""feasible_both"": true, ""fold_a_harm"": -0.023709073662757874, ""fold_a_lcb"": -0.024268142079235985, ""fold_a_query_after"": 4.085697174072266, ""fold_a_utility"": 0.021526336669921875, ""fold_b_harm"": -0.023032627999782562, ""fold_b_lcb"": -0.02342037277237978, ""fold_b_query_after"": 4.119470596313477, ""fold_b_utility"": 0.023140907287597656, ""harm_lcb_max"": -0.02342037277237978, ""harm_mean"": -0.023370850831270218, ""harm_se_mean"": 0.00024153397680493072, ""harm_ucb_max"": -0.022644883227185345, ""local_trainability"": 0.022333621978759766, ""query_after"": 4.102583885192871, ""query_before"": 4.124917507171631, ""system_utility"": 0.022333621978759766}, ""default"": {""feasible_both"": true, ""fold_a_harm"": -0.02716977894306183, ""fold_a_lcb"": -0.029605309232138097, ""fold_a_query_after"": 4.661052703857422, ""fold_a_utility"": -0.5538291931152344, ""fold_b_harm"": -0.027100324630737305, ""fold_b_lcb"": -0.029402862316928804, ""fold_b_query_after"": 4.68460750579834, ""fold_b_utility"": -0.5419960021972656, ""harm_lcb_max"": -0.029402862316928804, ""harm_mean"": -0.027135051786899567, ""harm_se_mean"": 0.0012086908100172877, ""harm_ucb_max"": -0.02473424865398556, ""local_trainability"": -0.012851476669311523, ""query_after"": 4.672830104827881, ""query_before"": 4.659978628158569, ""system_utility"": -0.54791259765625}}, ""status"": ""ok"", ""statusquo_loss"": 4.124917507171631, ""total_memory_budget"": 512}, ""utility_status"": ""ok""}"
61,C1,C,1,adapter_2,reuse,safe_existing_reuse,4.106790542602539,3,True,442368,1949415,0,69404468,206669,4960368,510,37.698312914930284,509299200,0.0,32.03822597116232,3.7077518720179796,512,510,4.091531276702881,-0.23321795463562012,0.02327585220336914,-0.25649380683898926,False,,"{""best_reuse"": ""adapter_2"", ""best_reuse_utility"": 0.02327585220336914, ""decision"": ""reuse"", ""fresh_advantage"": -0.25649380683898926, ""fresh_positive"": false, ""fresh_utility"": -0.23321795463562012, ""full_batch_guards"": {""adapter_1"": {""crossfit_feasible"": true, ""crossfit_utility"": -0.30901241302490234, ""crossfit_utility_positive"": false, ""full_batch_cur_after"": 4.395962715148926, ""full_batch_cur_before"": 4.408085823059082, ""full_batch_gain"": 0.01212310791015625, ""full_batch_harm"": -0.020129885524511337, ""full_batch_harm_lcb"": -0.020829914381029085, ""full_batch_harm_se"": 0.0003571575798559934, ""full_batch_harm_ucb"": -0.01942985666799359, ""full_batch_safe"": true}, ""adapter_2"": {""crossfit_feasible"": true, ""crossfit_utility"": 0.02327585220336914, ""crossfit_utility_positive"": true, ""full_batch_cur_after"": 4.0671467781066895, ""full_batch_cur_before"": 4.091531753540039, ""full_batch_gain"": 0.02438497543334961, ""full_batch_harm"": -0.024461396038532257, ""full_batch_harm_lcb"": -0.02493887173186522, ""full_batch_harm_se"": 0.00024361004761885852, ""full_batch_harm_ucb"": -0.023983920345199295, ""full_batch_safe"": true}, ""default"": {""crossfit_feasible"": true, ""crossfit_utility"": -0.558020830154419, ""crossfit_utility_positive"": false, ""full_batch_cur_after"": 4.640242576599121, ""full_batch_cur_before"": 4.6422576904296875, ""full_batch_gain"": 0.0020151138305664062, ""full_batch_harm"": -0.0265507772564888, ""full_batch_harm_lcb"": -0.028873401558957994, ""full_batch_harm_se"": 0.0011850123992189765, ""full_batch_harm_ucb"": -0.024228152954019606, ""full_batch_safe"": true}}, ""guarded_best_reuse"": ""adapter_2"", ""num_adapters"": 3, ""pending_after"": false, ""pending_before"": false, ""policy_version"": ""cau_v1"", ""reason"": ""safe_existing_reuse"", ""utility"": {""batch_n"": 16, ""best_reuse"": ""adapter_2"", ""best_reuse_query_after"": 4.068255424499512, ""best_reuse_utility"": 0.02327585220336914, ""budget_blocked_fresh"": false, ""defer_utility"": 0.0, ""fold_a_fresh_utility"": -0.23036527633666992, ""fold_a_query_n"": 8, ""fold_a_support_n"": 8, ""fold_b_fresh_utility"": -0.2360706329345703, ""fold_b_query_n"": 8, ""fold_b_support_n"": 8, ""fresh_advantage"": -0.25649380683898926, ""fresh_local_trainability"": 0.01410222053527832, ""fresh_positive"": false, ""fresh_query_after"": 4.324749231338501, ""fresh_query_before"": 4.338851451873779, ""fresh_utility"": -0.23321795463562012, ""max_adapters"": 8, ""reuse_profiles"": {""adapter_1"": {""feasible_both"": true, ""fold_a_harm"": -0.020124830305576324, ""fold_a_lcb"": -0.020838862145319582, ""fold_a_query_after"": 4.411073684692383, ""fold_a_utility"": -0.30771732330322266, ""fold_b_harm"": -0.02041998878121376, ""fold_b_lcb"": -0.021124263214878737, ""fold_b_query_after"": 4.390013694763184, ""fold_b_utility"": -0.31030750274658203, ""harm_lcb_max"": -0.020838862145319582, ""harm_mean"": -0.020272409543395042, ""harm_se_mean"": 0.0003618128248490393, ""harm_ucb_max"": -0.019410798465833067, ""local_trainability"": 0.00754237174987793, ""query_after"": 4.400543689727783, ""query_before"": 4.408086061477661, ""system_utility"": -0.30901241302490234}, ""adapter_2"": {""feasible_both"": true, ""fold_a_harm"": -0.024320945143699646, ""fold_a_lcb"": -0.02472315338323824, ""fold_a_query_after"": 4.079622268676758, ""fold_a_utility"": 0.023734092712402344, ""fold_b_harm"": -0.023761048913002014, ""fold_b_lcb"": -0.024297758556203915, ""fold_b_query_after"": 4.056888580322266, ""fold_b_utility"": 0.022817611694335938, ""harm_lcb_max"": -0.024297758556203915, ""harm_mean"": -0.02404099702835083, ""harm_se_mean"": 0.0002395198680460453, ""harm_ucb_max"": -0.023224339269800113, ""local_trainability"": 0.02327585220336914, ""query_after"": 4.068255424499512, ""query_before"": 4.091531276702881, ""system_utility"": 0.02327585220336914}, ""default"": {""feasible_both"": true, ""fold_a_harm"": -0.02621322125196457, ""fold_a_lcb"": -0.028400749643333258, ""fold_a_query_after"": 4.634585857391357, ""fold_a_utility"": -0.5312294960021973, ""fold_b_harm"": -0.027366969734430313, ""fold_b_lcb"": -0.029766088468022645, ""fold_b_query_after"": 4.664518356323242, ""fold_b_utility"": -0.5848121643066406, ""harm_lcb_max"": -0.028400749643333258, ""harm_mean"": -0.02679009549319744, ""harm_se_mean"": 0.0011700630420818925, ""harm_ucb_max"": -0.02402569286059588, ""local_trainability"": -0.007294654846191406, ""query_after"": 4.6495521068573, ""query_before"": 4.642257452011108, ""system_utility"": -0.558020830154419}}, ""status"": ""ok"", ""statusquo_loss"": 4.091531276702881, ""total_memory_budget"": 512}, ""utility_status"": ""ok""}"
62,C1,C,1,adapter_2,reuse,safe_existing_reuse,4.095985412597656,3,True,442368,1949415,0,69404468,206669,4960368,510,38.660116146784276,509299200,0.0,32.993107113288715,3.7077518720179796,512,510,4.0672948360443115,-0.26189732551574707,0.023968935012817383,-0.28586626052856445,False,,"{""best_reuse"": ""adapter_2"", ""best_reuse_utility"": 0.023968935012817383, ""decision"": ""reuse"", ""fresh_advantage"": -0.28586626052856445, ""fresh_positive"": false, ""fresh_utility"": -0.26189732551574707, ""full_batch_guards"": {""adapter_1"": {""crossfit_feasible"": true, ""crossfit_utility"": -0.33835530281066895, ""crossfit_utility_positive"": false, ""full_batch_cur_after"": 4.401299953460693, ""full_batch_cur_before"": 4.413372039794922, ""full_batch_gain"": 0.012072086334228516, ""full_batch_harm"": -0.02000543475151062, ""full_batch_harm_lcb"": -0.02060898272902705, ""full_batch_harm_se"": 0.0003079326415900141, ""full_batch_harm_ucb"": -0.019401886773994192, ""full_batch_safe"": true}, ""adapter_2"": {""crossfit_feasible"": true, ""crossfit_utility"": 0.023968935012817383, ""crossfit_utility_positive"": true, ""full_batch_cur_after"": 4.042236804962158, ""full_batch_cur_before"": 4.067295074462891, ""full_batch_gain"": 0.025058269500732422, ""full_batch_harm"": -0.024733029305934906, ""full_batch_harm_lcb"": -0.0251849930890603, ""full_batch_harm_se"": 0.00023059376690071076, ""full_batch_harm_ucb"": -0.024281065522809512, ""full_batch_safe"": true}, ""default"": {""crossfit_feasible"": true, ""crossfit_utility"": -0.5927572250366211, ""crossfit_utility_positive"": false, ""full_batch_cur_after"": 4.649642467498779, ""full_batch_cur_before"": 4.653111457824707, ""full_batch_gain"": 0.0034689903259277344, ""full_batch_harm"": -0.026232808828353882, ""full_batch_harm_lcb"": -0.028564030043780803, ""full_batch_harm_se"": 0.00118939857929945, ""full_batch_harm_ucb"": -0.02390158761292696, ""full_batch_safe"": true}}, ""guarded_best_reuse"": ""adapter_2"", ""num_adapters"": 3, ""pending_after"": false, ""pending_before"": false, ""policy_version"": ""cau_v1"", ""reason"": ""safe_existing_reuse"", ""utility"": {""batch_n"": 16, ""best_reuse"": ""adapter_2"", ""best_reuse_query_after"": 4.043325901031494, ""best_reuse_utility"": 0.023968935012817383, ""budget_blocked_fresh"": false, ""defer_utility"": 0.0, ""fold_a_fresh_utility"": -0.2610740661621094, ""fold_a_query_n"": 8, ""fold_a_support_n"": 8, ""fold_b_fresh_utility"": -0.26272058486938477, ""fold_b_query_n"": 8, ""fold_b_support_n"": 8, ""fresh_advantage"": -0.28586626052856445, ""fresh_local_trainability"": 0.012199878692626953, ""fresh_positive"": false, ""fresh_query_after"": 4.329192161560059, ""fresh_query_before"": 4.3413920402526855, ""fresh_utility"": -0.26189732551574707, ""max_adapters"": 8, ""reuse_profiles"": {""adapter_1"": {""feasible_both"": true, ""fold_a_harm"": -0.020388532429933548, ""fold_a_lcb"": -0.02113322452758439, ""fold_a_query_after"": 4.39497184753418, ""fold_a_utility"": -0.3382234573364258, ""fold_b_harm"": -0.020114444196224213, ""fold_b_lcb"": -0.02089445518096909, ""fold_b_query_after"": 4.416328430175781, ""fold_b_utility"": -0.3384871482849121, ""harm_lcb_max"": -0.02089445518096909, ""harm_mean"": -0.02025148831307888, ""harm_se_mean"": 0.0003889548679580912, ""harm_ucb_max"": -0.019334433211479336, ""local_trainability"": 0.007722139358520508, ""query_after"": 4.4056501388549805, ""query_before"": 4.413372278213501, ""system_utility"": -0.33835530281066895}, ""adapter_2"": {""feasible_both"": true, ""fold_a_harm"": -0.02438998594880104, ""fold_a_lcb"": -0.024938513694796712, ""fold_a_query_after"": 4.032876968383789, ""fold_a_utility"": 0.023871421813964844, ""fold_b_harm"": -0.02429869771003723, ""fold_b_lcb"": -0.024739047377952374, ""fold_b_query_after"": 4.053774833679199, ""fold_b_utility"": 0.024066448211669922, ""harm_lcb_max"": -0.024739047377952374, ""harm_mean"": -0.024344341829419136, ""harm_se_mean"": 0.0002522646464058198, ""harm_ucb_max"": -0.02384145820280537, ""local_trainability"": 0.023968935012817383, ""query_after"": 4.043325901031494, ""query_before"": 4.0672948360443115, ""system_utility"": 0.023968935012817383}, ""default"": {""feasible_both"": true, ""fold_a_harm"": -0.02687520906329155, ""fold_a_lcb"": -0.029229073585011065, ""fold_a_query_after"": 4.660290718078613, ""fold_a_utility"": -0.6035423278808594, ""fold_b_harm"": -0.026634395122528076, ""fold_b_lcb"": -0.028845154140144588, ""fold_b_query_after"": 4.659813404083252, ""fold_b_utility"": -0.5819721221923828, ""harm_lcb_max"": -0.028845154140144588, ""harm_mean"": -0.026754802092909813, ""harm_se_mean"": 0.0011644447804428637, ""harm_ucb_max"": -0.024423636104911564, ""local_trainability"": -0.006940603256225586, ""query_after"": 4.660052061080933, ""query_before"": 4.653111457824707, ""system_utility"": -0.5927572250366211}}, ""status"": ""ok"", ""statusquo_loss"": 4.0672948360443115, ""total_memory_budget"": 512}, ""utility_status"": ""ok""}"
63,C1,C,1,adapter_2,reuse,safe_existing_reuse,4.0521087646484375,3,True,442368,1949415,0,69404468,206669,4960368,510,39.61149695282802,509299200,0.0,33.93729572137818,3.7077518720179796,512,510,4.044849395751953,-0.2892475128173828,0.023048877716064453,-0.31229639053344727,False,,"{""best_reuse"": ""adapter_2"", ""best_reuse_utility"": 0.023048877716064453, ""decision"": ""reuse"", ""fresh_advantage"": -0.31229639053344727, ""fresh_positive"": false, ""fresh_utility"": -0.2892475128173828, ""full_batch_guards"": {""adapter_1"": {""crossfit_feasible"": true, ""crossfit_utility"": -0.36281299591064453, ""crossfit_utility_positive"": false, ""full_batch_cur_after"": 4.400623321533203, ""full_batch_cur_before"": 4.413258075714111, ""full_batch_gain"": 0.012634754180908203, ""full_batch_harm"": -0.020082272589206696, ""full_batch_harm_lcb"": -0.020678346555214375, ""full_batch_harm_se"": 0.0003041193704120815, ""full_batch_harm_ucb"": -0.019486198623199016, ""full_batch_safe"": true}, ""adapter_2"": {""crossfit_feasible"": true, ""crossfit_utility"": 0.023048877716064453, ""crossfit_utility_positive"": true, ""full_batch_cur_after"": 4.019647598266602, ""full_batch_cur_before"": 4.044849872589111, ""full_batch_gain"": 0.025202274322509766, ""full_batch_harm"": -0.02492445707321167, ""full_batch_harm_lcb"": -0.025309373229392803, ""full_batch_harm_se"": 0.00019638579396996647, ""full_batch_harm_ucb"": -0.024539540917030537, ""full_batch_safe"": true}, ""default"": {""crossfit_feasible"": true, ""crossfit_utility"": -0.6674888134002686, ""crossfit_utility_positive"": false, ""full_batch_cur_after"": 4.694682598114014, ""full_batch_cur_before"": 4.697254657745361, ""full_batch_gain"": 0.0025720596313476562, ""full_batch_harm"": -0.026020750403404236, ""full_batch_harm_lcb"": -0.028247321653179825, ""full_batch_harm_se"": 0.0011360057396814227, ""full_batch_harm_ucb"": -0.023794179153628647, ""full_batch_safe"": true}}, ""guarded_best_reuse"": ""adapter_2"", ""num_adapters"": 3, ""pending_after"": false, ""pending_before"": false, ""policy_version"": ""cau_v1"", ""reason"": ""safe_existing_reuse"", ""utility"": {""batch_n"": 16, ""best_reuse"": ""adapter_2"", ""best_reuse_query_after"": 4.021800518035889, ""best_reuse_utility"": 0.023048877716064453, ""budget_blocked_fresh"": false, ""defer_utility"": 0.0, ""fold_a_fresh_utility"": -0.2757530212402344, ""fold_a_query_n"": 8, ""fold_a_support_n"": 8, ""fold_b_fresh_utility"": -0.30274200439453125, ""fold_b_query_n"": 8, ""fold_b_support_n"": 8, ""fresh_advantage"": -0.31229639053344727, ""fresh_local_trainability"": 0.006178855895996094, ""fresh_positive"": false, ""fresh_query_after"": 4.334096908569336, ""fresh_query_before"": 4.340275764465332, ""fresh_utility"": -0.2892475128173828, ""max_adapters"": 8, ""reuse_profiles"": {""adapter_1"": {""feasible_both"": true, ""fold_a_harm"": -0.020384863018989563, ""fold_a_lcb"": -0.021156394771533086, ""fold_a_query_after"": 4.377720832824707, ""fold_a_utility"": -0.3509178161621094, ""fold_b_harm"": -0.019978534430265427, ""fold_b_lcb"": -0.020744271817384287, ""fold_b_query_after"": 4.437603950500488, ""fold_b_utility"": -0.3747081756591797, ""harm_lcb_max"": -0.020744271817384287, ""harm_mean"": -0.020181698724627495, ""harm_se_mean"": 0.0003921604948118329, ""harm_ucb_max"": -0.019212797043146566, ""local_trainability"": 0.005595684051513672, ""query_after"": 4.407662391662598, ""query_before"": 4.413258075714111, ""system_utility"": -0.36281299591064453}, ""adapter_2"": {""feasible_both"": true, ""fold_a_harm"": -0.024257678538560867, ""fold_a_lcb"": -0.024808443302754314, ""fold_a_query_after"": 4.004430294036865, ""fold_a_utility"": 0.022372722625732422, ""fold_b_harm"": -0.024173006415367126, ""fold_b_lcb"": -0.02455966348235961, ""fold_b_query_after"": 4.039170742034912, ""fold_b_utility"": 0.023725032806396484, ""harm_lcb_max"": -0.02455966348235961, ""harm_mean"": -0.024215342476963997, ""harm_se_mean"": 0.00023913822224130854, ""harm_ucb_max"": -0.02370691377436742, ""local_trainability"": 0.023048877716064453, ""query_after"": 4.021800518035889, ""query_before"": 4.044849395751953, ""system_utility"": 0.023048877716064453}, ""default"": {""feasible_both"": true, ""fold_a_harm"": -0.026621118187904358, ""fold_a_lcb"": -0.028871517423540355, ""fold_a_query_after"": 4.694986820220947, ""fold_a_utility"": -0.6681838035583496, ""fold_b_harm"": -0.027086488902568817, ""fold_b_lcb"": -0.029441219344735144, ""fold_b_query_after"": 4.729689598083496, ""fold_b_utility"": -0.6667938232421875, ""harm_lcb_max"": -0.028871517423540355, ""harm_mean"": -0.026853803545236588, ""harm_se_mean"": 0.0011747779790312052, ""harm_ucb_max"": -0.02437071895226836, ""local_trainability"": -0.01508331298828125, ""query_after"": 4.712338209152222, ""query_before"": 4.69725489616394, ""system_utility"": -0.6674888134002686}}, ""status"": ""ok"", ""statusquo_loss"": 4.044849395751953, ""total_memory_budget"": 512}, ""utility_status"": ""ok""}"
64,C1,C,1,adapter_2,reuse,safe_existing_reuse,3.988802194595337,3,True,442368,1949415,0,69404468,206669,4960368,510,40.556560922879726,509299200,0.0,34.8752084155567,3.7077518720179796,512,510,3.9885233548971324,-0.3110356514270489,0.023746215380155124,-0.33478186680720406,False,,"{""best_reuse"": ""adapter_2"", ""best_reuse_utility"": 0.023746215380155124, ""decision"": ""reuse"", ""fresh_advantage"": -0.33478186680720406, ""fresh_positive"": false, ""fresh_utility"": -0.3110356514270489, ""full_batch_guards"": {""adapter_1"": {""crossfit_feasible"": true, ""crossfit_utility"": -0.3874826981471135, ""crossfit_utility_positive"": false, ""full_batch_cur_after"": 4.3700385093688965, ""full_batch_cur_before"": 4.382413387298584, ""full_batch_gain"": 0.0123748779296875, ""full_batch_harm"": -0.0200069397687912, ""full_batch_harm_lcb"": -0.020755167765310036, ""full_batch_harm_se"": 0.00038174897781573236, ""full_batch_harm_ucb"": -0.019258711772272362, ""full_batch_safe"": true}, ""adapter_2"": {""crossfit_feasible"": true, ""crossfit_utility"": 0.023746215380155124, ""crossfit_utility_positive"": true, ""full_batch_cur_after"": 3.96299409866333, ""full_batch_cur_before"": 3.988523483276367, ""full_batch_gain"": 0.02552938461303711, ""full_batch_harm"": -0.025215260684490204, ""full_batch_harm_lcb"": -0.025632364039192907, ""full_batch_harm_se"": 0.00021280783403199166, ""full_batch_harm_ucb"": -0.0247981573297875, ""full_batch_safe"": true}, ""default"": {""crossfit_feasible"": true, ""crossfit_utility"": -0.6700968192173884, ""crossfit_utility_positive"": false, ""full_batch_cur_after"": 4.643425464630127, ""full_batch_cur_before"": 4.64504861831665, ""full_batch_gain"": 0.0016231536865234375, ""full_batch_harm"": -0.0265638530254364, ""full_batch_harm_lcb"": -0.028796293823979795, ""full_batch_harm_se"": 0.0011390004074200988, ""full_batch_harm_ucb"": -0.024331412226893008, ""full_batch_safe"": true}}, ""guarded_best_reuse"": ""adapter_2"", ""num_adapters"": 3, ""pending_after"": false, ""pending_before"": false, ""policy_version"": ""cau_v1"", ""reason"": ""safe_existing_reuse"", ""utility"": {""batch_n"": 13, ""best_reuse"": ""adapter_2"", ""best_reuse_query_after"": 3.9647771395169773, ""best_reuse_utility"": 0.023746215380155124, ""budget_blocked_fresh"": false, ""defer_utility"": 0.0, ""fold_a_fresh_utility"": -0.30947160720825195, ""fold_a_query_n"": 6, ""fold_a_support_n"": 7, ""fold_b_fresh_utility"": -0.3123762607574463, ""fold_b_query_n"": 7, ""fold_b_support_n"": 6, ""fresh_advantage"": -0.33478186680720406, ""fresh_local_trainability"": 0.008093577164870042, ""fresh_positive"": false, ""fresh_query_after"": 4.2995590063241815, ""fresh_query_before"": 4.307652583489051, ""fresh_utility"": -0.3110356514270489, ""max_adapters"": 8, ""reuse_profiles"": {""adapter_1"": {""feasible_both"": true, ""fold_a_harm"": -0.02012867107987404, ""fold_a_lcb"": -0.020975444759242238, ""fold_a_query_after"": 4.404068470001221, ""fold_a_utility"": -0.3871598243713379, ""fold_b_harm"": -0.020301423966884613, ""fold_b_lcb"": -0.02110235993633978, ""fold_b_query_after"": 4.35195255279541, ""fold_b_utility"": -0.3877594470977783, ""harm_lcb_max"": -0.020975444759242238, ""harm_mean"": -0.020215047523379326, ""harm_se_mean"": 0.00042033409408759326, ""harm_ucb_max"": -0.01928189740050584, ""local_trainability"": 0.0064076643723707935, ""query_after"": 4.376006053044246, ""query_before"": 4.3824137174166164, ""system_utility"": -0.3874826981471135}, ""adapter_2"": {""feasible_both"": true, ""fold_a_harm"": -0.024738989770412445, ""fold_a_lcb"": -0.025120235832873733, ""fold_a_query_after"": 3.992631196975708, ""fold_a_utility"": 0.024277448654174805, ""fold_b_harm"": -0.024625804275274277, ""fold_b_lcb"": -0.025164088376332074, ""fold_b_query_after"": 3.9409022331237793, ""fold_b_utility"": 0.02329087257385254, ""harm_lcb_max"": -0.025120235832873733, ""harm_mean"": -0.02468239702284336, ""harm_se_mean"": 0.0002345740213058889, ""harm_ucb_max"": -0.02408752017421648, ""local_trainability"": 0.023746215380155124, ""query_after"": 3.9647771395169773, ""query_before"": 3.9885233548971324, ""system_utility"": 0.023746215380155124}, ""default"": {""feasible_both"": true, ""fold_a_harm"": -0.026738151907920837, ""fold_a_lcb"": -0.028842177730984984, ""fold_a_query_after"": 4.641108989715576, ""fold_a_utility"": -0.6242003440856934, ""fold_b_harm"": -0.027615074068307877, ""fold_b_lcb"": -0.030067913639359175, ""fold_b_query_after"": 4.6736297607421875, ""fold_b_utility"": -0.7094366550445557, ""harm_lcb_max"": -0.028842177730984984, ""harm_mean"": -0.027176612988114357, ""harm_se_mean"": 0.001162465661764145, ""harm_ucb_max"": -0.02463412608485669, ""local_trainability"": -0.013571409078744741, ""query_after"": 4.658620174114521, ""query_before"": 4.645048765035776, ""system_utility"": -0.6700968192173884}}, ""status"": ""ok"", ""statusquo_loss"": 3.9885233548971324, ""total_memory_budget"": 512}, ""utility_status"": ""ok""}"
65,A2,A,2,adapter_1,reuse,safe_existing_reuse,4.0369791984558105,3,True,442368,1949415,0,69404468,206669,4960368,510,43.36004158179276,509299200,0.0,35.81111350050196,5.567991256015375,512,510,4.440008640289307,0.08316731452941895,0.46521198749542236,-0.3820446729660034,False,,"{""best_reuse"": ""adapter_1"", ""best_reuse_utility"": 0.46521198749542236, ""decision"": ""reuse"", ""fresh_advantage"": -0.3820446729660034, ""fresh_positive"": false, ""fresh_utility"": 0.08316731452941895, ""full_batch_guards"": {""adapter_1"": {""crossfit_feasible"": true, ""crossfit_utility"": 0.46521198749542236, ""crossfit_utility_positive"": true, ""full_batch_cur_after"": 3.9730658531188965, ""full_batch_cur_before"": 3.997375249862671, ""full_batch_gain"": 0.024309396743774414, ""full_batch_harm"": -0.022948361933231354, ""full_batch_harm_lcb"": -0.024032973612193018, ""full_batch_harm_se"": 0.0005533733055926859, ""full_batch_harm_ucb"": -0.02186375025426969, ""full_batch_safe"": true}, ""adapter_2"": {""crossfit_feasible"": true, ""crossfit_utility"": -0.0002989768981933594, ""crossfit_utility_positive"": false, ""full_batch_cur_after"": 4.431208610534668, ""full_batch_cur_before"": 4.440009117126465, ""full_batch_gain"": 0.008800506591796875, ""full_batch_harm"": -0.022377535700798035, ""full_batch_harm_lcb"": -0.02269854210782796, ""full_batch_harm_se"": 0.00016377877909690142, ""full_batch_harm_ucb"": -0.02205652929376811, ""full_batch_safe"": true}, ""default"": {""crossfit_feasible"": true, ""crossfit_utility"": -0.13310503959655762, ""crossfit_utility_positive"": false, ""full_batch_cur_after"": 4.562440395355225, ""full_batch_cur_before"": 4.57147741317749, ""full_batch_gain"": 0.009037017822265625, ""full_batch_harm"": -0.026778917759656906, ""full_batch_harm_lcb"": -0.029100158642977478, ""full_batch_harm_se"": 0.0011843065731227398, ""full_batch_harm_ucb"": -0.024457676876336334, ""full_batch_safe"": true}}, ""guarded_best_reuse"": ""adapter_1"", ""num_adapters"": 3, ""pending_after"": false, ""pending_before"": false, ""policy_version"": ""cau_v1"", ""reason"": ""safe_existing_reuse"", ""utility"": {""batch_n"": 16, ""best_reuse"": ""adapter_1"", ""best_reuse_query_after"": 3.9747966527938843, ""best_reuse_utility"": 0.46521198749542236, ""budget_blocked_fresh"": false, ""defer_utility"": 0.0, ""fold_a_fresh_utility"": 0.08385324478149414, ""fold_a_query_n"": 8, ""fold_a_support_n"": 8, ""fold_b_fresh_utility"": 0.08248138427734375, ""fold_b_query_n"": 8, ""fold_b_support_n"": 8, ""fresh_advantage"": -0.3820446729660034, ""fresh_local_trainability"": 0.010352373123168945, ""fresh_positive"": false, ""fresh_query_after"": 4.356841325759888, ""fresh_query_before"": 4.367193698883057, ""fresh_utility"": 0.08316731452941895, ""max_adapters"": 8, ""reuse_profiles"": {""adapter_1"": {""feasible_both"": true, ""fold_a_harm"": -0.022475741803646088, ""fold_a_lcb"": -0.023562152977101503, ""fold_a_query_after"": 4.040121078491211, ""fold_a_utility"": 0.4488363265991211, ""fold_b_harm"": -0.022251106798648834, ""fold_b_lcb"": -0.023303892421536146, ""fold_b_query_after"": 3.9094722270965576, ""fold_b_utility"": 0.48158764839172363, ""harm_lcb_max"": -0.023303892421536146, ""harm_mean"": -0.02236342430114746, ""harm_se_mean"": 0.0005457134684547782, ""harm_ucb_max"": -0.021198321175761523, ""local_trainability"": 0.02257859706878662, ""query_after"": 3.9747966527938843, ""query_before"": 3.997375249862671, ""system_utility"": 0.46521198749542236}, ""adapter_2"": {""feasible_both"": true, ""fold_a_harm"": -0.022856909781694412, ""fold_a_lcb"": -0.023203948079026305, ""fold_a_query_after"": 4.489809989929199, ""fold_a_utility"": -0.0008525848388671875, ""fold_b_harm"": -0.022849861532449722, ""fold_b_lcb"": -0.023202907024533488, ""fold_b_query_after"": 4.390805244445801, ""fold_b_utility"": 0.00025463104248046875, ""harm_lcb_max"": -0.023202907024533488, ""harm_mean"": -0.022853385657072067, ""harm_se_mean"": 0.0001785928034223616, ""harm_ucb_max"": -0.022496816040365956, ""local_trainability"": -0.0002989768981933594, ""query_after"": 4.4403076171875, ""query_before"": 4.440008640289307, ""system_utility"": -0.0002989768981933594}, ""default"": {""feasible_both"": true, ""fold_a_harm"": -0.027188628911972046, ""fold_a_lcb"": -0.029513764497824013, ""fold_a_query_after"": 4.6271867752075195, ""fold_a_utility"": -0.1382293701171875, ""fold_b_harm"": -0.027294304221868515, ""fold_b_lcb"": -0.02968229604884982, ""fold_b_query_after"": 4.519040584564209, ""fold_b_utility"": -0.12798070907592773, ""harm_lcb_max"": -0.029513764497824013, ""harm_mean"": -0.02724146656692028, ""harm_se_mean"": 0.0012023284216411412, ""harm_ucb_max"": -0.02486349332612008, ""local_trainability"": -0.0016362667083740234, ""query_after"": 4.573113679885864, ""query_before"": 4.57147741317749, ""system_utility"": -0.13310503959655762}}, ""status"": ""ok"", ""statusquo_loss"": 4.440008640289307, ""total_memory_budget"": 512}, ""utility_status"": ""ok""}"
66,A2,A,2,adapter_1,reuse,safe_existing_reuse,3.9222350120544434,3,True,442368,1949415,0,69404468,206669,4960368,510,44.30977374780923,509299200,0.0,36.75349948438816,5.567991256015375,512,510,3.913352608680725,-0.39263975620269775,0.023390769958496094,-0.41603052616119385,False,,"{""best_reuse"": ""adapter_1"", ""best_reuse_utility"": 0.023390769958496094, ""decision"": ""reuse"", ""fresh_advantage"": -0.41603052616119385, ""fresh_positive"": false, ""fresh_utility"": -0.39263975620269775, ""full_batch_guards"": {""adapter_1"": {""crossfit_feasible"": true, ""crossfit_utility"": 0.023390769958496094, ""crossfit_utility_positive"": true, ""full_batch_cur_after"": 3.8882980346679688, ""full_batch_cur_before"": 3.9133524894714355, ""full_batch_gain"": 0.025054454803466797, ""full_batch_harm"": -0.024149708449840546, ""full_batch_harm_lcb"": -0.025355443803127854, ""full_batch_harm_se"": 0.0006151710986159742, ""full_batch_harm_ucb"": -0.022943973096553237, ""full_batch_safe"": true}, ""adapter_2"": {""crossfit_feasible"": true, ""crossfit_utility"": -0.4729880094528198, ""crossfit_utility_positive"": false, ""full_batch_cur_after"": 4.377483367919922, ""full_batch_cur_before"": 4.384668827056885, ""full_batch_gain"": 0.007185459136962891, ""full_batch_harm"": -0.022222280502319336, ""full_batch_harm_lcb"": -0.02254711504210718, ""full_batch_harm_se"": 0.00016573190805502236, ""full_batch_harm_ucb"": -0.021897445962531494, ""full_batch_safe"": true}, ""default"": {""crossfit_feasible"": true, ""crossfit_utility"": -0.5472749471664429, ""crossfit_utility_positive"": false, ""full_batch_cur_after"": 4.450928688049316, ""full_batch_cur_before"": 4.45638370513916, ""full_batch_gain"": 0.00545501708984375, ""full_batch_harm"": -0.027095522731542587, ""full_batch_harm_lcb"": -0.029282177672721444, ""full_batch_harm_se"": 0.0011156402761116624, ""full_batch_harm_ucb"": -0.02490886779036373, ""full_batch_safe"": true}}, ""guarded_best_reuse"": ""adapter_1"", ""num_adapters"": 3, ""pending_after"": false, ""pending_before"": false, ""policy_version"": ""cau_v1"", ""reason"": ""safe_existing_reuse"", ""utility"": {""batch_n"": 16, ""best_reuse"": ""adapter_1"", ""best_reuse_query_after"": 3.889961838722229, ""best_reuse_utility"": 0.023390769958496094, ""budget_blocked_fresh"": false, ""defer_utility"": 0.0, ""fold_a_fresh_utility"": -0.39649462699890137, ""fold_a_query_n"": 8, ""fold_a_support_n"": 8, ""fold_b_fresh_utility"": -0.38878488540649414, ""fold_b_query_n"": 8, ""fold_b_support_n"": 8, ""fresh_advantage"": -0.41603052616119385, ""fresh_local_trainability"": 0.0074634552001953125, ""fresh_positive"": false, ""fresh_query_after"": 4.305992364883423, ""fresh_query_before"": 4.313455820083618, ""fresh_utility"": -0.39263975620269775, ""max_adapters"": 8, ""reuse_profiles"": {""adapter_1"": {""feasible_both"": true, ""fold_a_harm"": -0.02379128336906433, ""fold_a_lcb"": -0.025008371293079108, ""fold_a_query_after"": 3.856929302215576, ""fold_a_utility"": 0.02363753318786621, ""fold_b_harm"": -0.023476507514715195, ""fold_b_lcb"": -0.024643015987239777, ""fold_b_query_after"": 3.922994375228882, ""fold_b_utility"": 0.023144006729125977, ""harm_lcb_max"": -0.024643015987239777, ""harm_mean"": -0.023633895441889763, ""harm_se_mean"": 0.0006080603052396327, ""harm_ucb_max"": -0.022309999042190613, ""local_trainability"": 0.023390769958496094, ""query_after"": 3.889961838722229, ""query_before"": 3.913352608680725, ""system_utility"": 0.023390769958496094}, ""adapter_2"": {""feasible_both"": true, ""fold_a_harm"": -0.022855374962091446, ""fold_a_lcb"": -0.023205115296295844, ""fold_a_query_after"": 4.36308479309082, ""fold_a_utility"": -0.48251795768737793, ""fold_b_harm"": -0.022594813257455826, ""fold_b_lcb"": -0.02292059255181812, ""fold_b_query_after"": 4.4095964431762695, ""fold_b_utility"": -0.4634580612182617, ""harm_lcb_max"": -0.02292059255181812, ""harm_mean"": -0.022725094109773636, ""harm_se_mean"": 0.00017232643585884944, ""harm_ucb_max"": -0.022269033963093533, ""local_trainability"": -0.0016720294952392578, ""query_after"": 4.386340618133545, ""query_before"": 4.384668588638306, ""system_utility"": -0.4729880094528198}, ""default"": {""feasible_both"": true, ""fold_a_harm"": -0.02770397812128067, ""fold_a_lcb"": -0.029999223137274385, ""fold_a_query_after"": 4.478742599487305, ""fold_a_utility"": -0.5981757640838623, ""fold_b_harm"": -0.02722836658358574, ""fold_b_lcb"": -0.029486921899951994, ""fold_b_query_after"": 4.442512512207031, ""fold_b_utility"": -0.49637413024902344, ""harm_lcb_max"": -0.029486921899951994, ""harm_mean"": -0.027466172352433205, ""harm_se_mean"": 0.0011616837582550943, ""harm_ucb_max"": -0.024969811267219484, ""local_trainability"": -0.0042438507080078125, ""query_after"": 4.460627555847168, ""query_before"": 4.45638370513916, ""system_utility"": -0.5472749471664429}}, ""status"": ""ok"", ""statusquo_loss"": 3.913352608680725, ""total_memory_budget"": 512}, ""utility_status"": ""ok""}"
67,A2,A,2,adapter_1,reuse,safe_existing_reuse,3.922635078430176,3,True,442368,1949415,0,69404468,206669,4960368,510,45.2991322488524,509299200,0.0,37.735490874387324,5.567991256015375,512,510,3.924250602722168,-0.4074983596801758,0.0247952938079834,-0.4322936534881592,False,,"{""best_reuse"": ""adapter_1"", ""best_reuse_utility"": 0.0247952938079834, ""decision"": ""reuse"", ""fresh_advantage"": -0.4322936534881592, ""fresh_positive"": false, ""fresh_utility"": -0.4074983596801758, ""full_batch_guards"": {""adapter_1"": {""crossfit_feasible"": true, ""crossfit_utility"": 0.0247952938079834, ""crossfit_utility_positive"": true, ""full_batch_cur_after"": 3.897693157196045, ""full_batch_cur_before"": 3.924250602722168, ""full_batch_gain"": 0.026557445526123047, ""full_batch_harm"": -0.024170659482479095, ""full_batch_harm_lcb"": -0.02555657736491412, ""full_batch_harm_se"": 0.0007071009604260325, ""full_batch_harm_ucb"": -0.02278474160004407, ""full_batch_safe"": true}, ""adapter_2"": {""crossfit_feasible"": true, ""crossfit_utility"": -0.49065542221069336, ""crossfit_utility_positive"": false, ""full_batch_cur_after"": 4.405879974365234, ""full_batch_cur_before"": 4.414943695068359, ""full_batch_gain"": 0.009063720703125, ""full_batch_harm"": -0.022721823304891586, ""full_batch_harm_lcb"": -0.023068921155645513, ""full_batch_harm_se"": 0.00017709074018057436, ""full_batch_harm_ucb"": -0.02237472545413766, ""full_batch_safe"": true}, ""default"": {""crossfit_feasible"": true, ""crossfit_utility"": -0.5038256645202637, ""crossfit_utility_positive"": false, ""full_batch_cur_after"": 4.41676139831543, ""full_batch_cur_before"": 4.427822113037109, ""full_batch_gain"": 0.011060714721679688, ""full_batch_harm"": -0.027705375105142593, ""full_batch_harm_lcb"": -0.02999010358005762, ""full_batch_harm_se"": 0.0011656777933239937, ""full_batch_harm_ucb"": -0.025420646630227566, ""full_batch_safe"": true}}, ""guarded_best_reuse"": ""adapter_1"", ""num_adapters"": 3, ""pending_after"": false, ""pending_before"": false, ""policy_version"": ""cau_v1"", ""reason"": ""safe_existing_reuse"", ""utility"": {""batch_n"": 16, ""best_reuse"": ""adapter_1"", ""best_reuse_query_after"": 3.8994553089141846, ""best_reuse_utility"": 0.0247952938079834, ""budget_blocked_fresh"": false, ""defer_utility"": 0.0, ""fold_a_fresh_utility"": -0.40040063858032227, ""fold_a_query_n"": 8, ""fold_a_support_n"": 8, ""fold_b_fresh_utility"": -0.4145960807800293, ""fold_b_query_n"": 8, ""fold_b_support_n"": 8, ""fresh_advantage"": -0.4322936534881592, ""fresh_local_trainability"": 0.010945558547973633, ""fresh_positive"": false, ""fresh_query_after"": 4.331748962402344, ""fresh_query_before"": 4.342694520950317, ""fresh_utility"": -0.4074983596801758, ""max_adapters"": 8, ""reuse_profiles"": {""adapter_1"": {""feasible_both"": true, ""fold_a_harm"": -0.023848187178373337, ""fold_a_lcb"": -0.025197676392272116, ""fold_a_query_after"": 3.8804821968078613, ""fold_a_utility"": 0.02478504180908203, ""fold_b_harm"": -0.023530472069978714, ""fold_b_lcb"": -0.024906966022681446, ""fold_b_query_after"": 3.918428421020508, ""fold_b_utility"": 0.024805545806884766, ""harm_lcb_max"": -0.024906966022681446, ""harm_mean"": -0.023689329624176025, ""harm_se_mean"": 0.0006954038690309972, ""harm_ucb_max"": -0.022153978117275982, ""local_trainability"": 0.0247952938079834, ""query_after"": 3.8994553089141846, ""query_before"": 3.924250602722168, ""system_utility"": 0.0247952938079834}, ""adapter_2"": {""feasible_both"": true, ""fold_a_harm"": -0.022910788655281067, ""fold_a_lcb"": -0.023261077976203522, ""fold_a_query_after"": 4.3902974128723145, ""fold_a_utility"": -0.4850301742553711, ""fold_b_harm"": -0.023157738149166107, ""fold_b_lcb"": -0.023524891584529542, ""fold_b_query_after"": 4.439514636993408, ""fold_b_utility"": -0.4962806701660156, ""harm_lcb_max"": -0.023261077976203522, ""harm_mean"": -0.023034263402223587, ""harm_se_mean"": 0.00018302111129742116, ""harm_ucb_max"": -0.02256049933435861, ""local_trainability"": 3.7670135498046875e-05, ""query_after"": 4.414906024932861, ""query_before"": 4.414943695068359, ""system_utility"": -0.49065542221069336}, ""default"": {""feasible_both"": true, ""fold_a_harm"": -0.027964618057012558, ""fold_a_lcb"": -0.03032000153325498, ""fold_a_query_after"": 4.404891014099121, ""fold_a_utility"": -0.49962377548217773, ""fold_b_harm"": -0.028171177953481674, ""fold_b_lcb"": -0.030452094324864447, ""fold_b_query_after"": 4.451261520385742, ""fold_b_utility"": -0.5080275535583496, ""harm_lcb_max"": -0.03032000153325498, ""harm_mean"": -0.028067898005247116, ""harm_se_mean"": 0.0011827295529656112, ""harm_ucb_max"": -0.025609234580770135, ""local_trainability"": -0.0002541542053222656, ""query_after"": 4.428076267242432, ""query_before"": 4.427822113037109, ""system_utility"": -0.5038256645202637}}, ""status"": ""ok"", ""statusquo_loss"": 3.924250602722168, ""total_memory_budget"": 512}, ""utility_status"": ""ok""}"
68,A2,A,2,adapter_1,reuse,safe_existing_reuse,3.7966809272766113,3,True,442368,1949415,0,69404468,206669,4960368,510,46.28168302285485,509299200,0.0,38.710680266376585,5.567991256015375,512,510,3.8130804300308228,-0.44682013988494873,0.027295231819152832,-0.47411537170410156,False,,"{""best_reuse"": ""adapter_1"", ""best_reuse_utility"": 0.027295231819152832, ""decision"": ""reuse"", ""fresh_advantage"": -0.47411537170410156, ""fresh_positive"": false, ""fresh_utility"": -0.44682013988494873, ""full_batch_guards"": {""adapter_1"": {""crossfit_feasible"": true, ""crossfit_utility"": 0.027295231819152832, ""crossfit_utility_positive"": true, ""full_batch_cur_after"": 3.784445285797119, ""full_batch_cur_before"": 3.8130807876586914, ""full_batch_gain"": 0.028635501861572266, ""full_batch_harm"": -0.02521313726902008, ""full_batch_harm_lcb"": -0.026451561404392122, ""full_batch_harm_se"": 0.0006318490486592054, ""full_batch_harm_ucb"": -0.02397471313364804, ""full_batch_safe"": true}, ""adapter_2"": {""crossfit_feasible"": true, ""crossfit_utility"": -0.5339988470077515, ""crossfit_utility_positive"": false, ""full_batch_cur_after"": 4.3416748046875, ""full_batch_cur_before"": 4.351719379425049, ""full_batch_gain"": 0.010044574737548828, ""full_batch_harm"": -0.022809360176324844, ""full_batch_harm_lcb"": -0.023152526788180694, ""full_batch_harm_se"": 0.00017508500604890287, ""full_batch_harm_ucb"": -0.022466193564468995, ""full_batch_safe"": true}, ""default"": {""crossfit_feasible"": true, ""crossfit_utility"": -0.5897659063339233, ""crossfit_utility_positive"": false, ""full_batch_cur_after"": 4.396599769592285, ""full_batch_cur_before"": 4.403878688812256, ""full_batch_gain"": 0.007278919219970703, ""full_batch_harm"": -0.02746986225247383, ""full_batch_harm_lcb"": -0.02968540813308209, ""full_batch_harm_se"": 0.0011303805513307452, ""full_batch_harm_ucb"": -0.025254316371865572, ""full_batch_safe"": true}}, ""guarded_best_reuse"": ""adapter_1"", ""num_adapters"": 3, ""pending_after"": false, ""pending_before"": false, ""policy_version"": ""cau_v1"", ""reason"": ""safe_existing_reuse"", ""utility"": {""batch_n"": 16, ""best_reuse"": ""adapter_1"", ""best_reuse_query_after"": 3.78578519821167, ""best_reuse_utility"": 0.027295231819152832, ""budget_blocked_fresh"": false, ""defer_utility"": 0.0, ""fold_a_fresh_utility"": -0.45281171798706055, ""fold_a_query_n"": 8, ""fold_a_support_n"": 8, ""fold_b_fresh_utility"": -0.4408285617828369, ""fold_b_query_n"": 8, ""fold_b_support_n"": 8, ""fresh_advantage"": -0.47411537170410156, ""fresh_local_trainability"": 0.019291162490844727, ""fresh_positive"": false, ""fresh_query_after"": 4.2599005699157715, ""fresh_query_before"": 4.279191732406616, ""fresh_utility"": -0.44682013988494873, ""max_adapters"": 8, ""reuse_profiles"": {""adapter_1"": {""feasible_both"": true, ""fold_a_harm"": -0.024808689951896667, ""fold_a_lcb"": -0.026014889411162586, ""fold_a_query_after"": 3.7774815559387207, ""fold_a_utility"": 0.02809619903564453, ""fold_b_harm"": -0.02500319480895996, ""fold_b_lcb"": -0.026226798242423684, ""fold_b_query_after"": 3.794088840484619, ""fold_b_utility"": 0.026494264602661133, ""harm_lcb_max"": -0.026014889411162586, ""harm_mean"": -0.024905942380428314, ""harm_se_mean"": 0.0006198476767167449, ""harm_ucb_max"": -0.02360249049263075, ""local_trainability"": 0.027295231819152832, ""query_after"": 3.78578519821167, ""query_before"": 3.8130804300308228, ""system_utility"": 0.027295231819152832}, ""adapter_2"": {""feasible_both"": true, ""fold_a_harm"": -0.023000046610832214, ""fold_a_lcb"": -0.02334261061507277, ""fold_a_query_after"": 4.345972061157227, ""fold_a_utility"": -0.5403943061828613, ""fold_b_harm"": -0.02256741002202034, ""fold_b_lcb"": -0.022883572608116083, ""fold_b_query_after"": 4.348186492919922, ""fold_b_utility"": -0.5276033878326416, ""harm_lcb_max"": -0.022883572608116083, ""harm_mean"": -0.022783728316426277, ""harm_se_mean"": 0.00016804249753477052, ""harm_ucb_max"": -0.022251247435924597, ""local_trainability"": 0.004640102386474609, ""query_after"": 4.347079277038574, ""query_before"": 4.351719379425049, ""system_utility"": -0.5339988470077515}, ""default"": {""feasible_both"": true, ""fold_a_harm"": -0.02787112444639206, ""fold_a_lcb"": -0.0301451844163239, ""fold_a_query_after"": 4.438701629638672, ""fold_a_utility"": -0.6331238746643066, ""fold_b_harm"": -0.027174312621355057, ""fold_b_lcb"": -0.029379982673563062, ""fold_b_query_after"": 4.36699104309082, ""fold_b_utility"": -0.54640793800354, ""harm_lcb_max"": -0.029379982673563062, ""harm_mean"": -0.027522718533873558, ""harm_se_mean"": 0.0011427882709540427, ""harm_ucb_max"": -0.02496864256914705, ""local_trainability"": 0.0010323524475097656, ""query_after"": 4.402846336364746, ""query_before"": 4.403878688812256, ""system_utility"": -0.5897659063339233}}, ""status"": ""ok"", ""statusquo_loss"": 3.8130804300308228, ""total_memory_budget"": 512}, ""utility_status"": ""ok""}"
69,A2,A,2,adapter_1,reuse,safe_existing_reuse,3.867603302001953,3,True,442368,1949415,0,69404468,206669,4960368,510,47.41726250597276,509299200,0.0,39.838429236318916,5.567991256015375,512,510,3.8512977361679077,-0.4610210657119751,0.027141571044921875,-0.488162636756897,False,,"{""best_reuse"": ""adapter_1"", ""best_reuse_utility"": 0.027141571044921875, ""decision"": ""reuse"", ""fresh_advantage"": -0.488162636756897, ""fresh_positive"": false, ""fresh_utility"": -0.4610210657119751, ""full_batch_guards"": {""adapter_1"": {""crossfit_feasible"": true, ""crossfit_utility"": 0.027141571044921875, ""crossfit_utility_positive"": true, ""full_batch_cur_after"": 3.8227970600128174, ""full_batch_cur_before"": 3.851297616958618, ""full_batch_gain"": 0.02850055694580078, ""full_batch_harm"": -0.026289671659469604, ""full_batch_harm_lcb"": -0.02799947276711464, ""full_batch_harm_se"": 0.000872347503900528, ""full_batch_harm_ucb"": -0.02457987055182457, ""full_batch_safe"": true}, ""adapter_2"": {""crossfit_feasible"": true, ""crossfit_utility"": -0.5469523668289185, ""crossfit_utility_positive"": false, ""full_batch_cur_after"": 4.3918304443359375, ""full_batch_cur_before"": 4.401002883911133, ""full_batch_gain"": 0.009172439575195312, ""full_batch_harm"": -0.022491727024316788, ""full_batch_harm_lcb"": -0.02281928379437886, ""full_batch_harm_se"": 0.0001671208010520786, ""full_batch_harm_ucb"": -0.022164170254254715, ""full_batch_safe"": true}, ""default"": {""crossfit_feasible"": true, ""crossfit_utility"": -0.6388086080551147, ""crossfit_utility_positive"": false, ""full_batch_cur_after"": 4.4811553955078125, ""full_batch_cur_before"": 4.4899516105651855, ""full_batch_gain"": 0.008796215057373047, ""full_batch_harm"": -0.027193449437618256, ""full_batch_harm_lcb"": -0.02956542344763875, ""full_batch_harm_se"": 0.0012101908214390278, ""full_batch_harm_ucb"": -0.024821475427597762, ""full_batch_safe"": true}}, ""guarded_best_reuse"": ""adapter_1"", ""num_adapters"": 3, ""pending_after"": false, ""pending_before"": false, ""policy_version"": ""cau_v1"", ""reason"": ""safe_existing_reuse"", ""utility"": {""batch_n"": 16, ""best_reuse"": ""adapter_1"", ""best_reuse_query_after"": 3.824156165122986, ""best_reuse_utility"": 0.027141571044921875, ""budget_blocked_fresh"": false, ""defer_utility"": 0.0, ""fold_a_fresh_utility"": -0.45897912979125977, ""fold_a_query_n"": 8, ""fold_a_support_n"": 8, ""fold_b_fresh_utility"": -0.46306300163269043, ""fold_b_query_n"": 8, ""fold_b_support_n"": 8, ""fresh_advantage"": -0.488162636756897, ""fresh_local_trainability"": 0.015818357467651367, ""fresh_positive"": false, ""fresh_query_after"": 4.312318801879883, ""fresh_query_before"": 4.328137159347534, ""fresh_utility"": -0.4610210657119751, ""max_adapters"": 8, ""reuse_profiles"": {""adapter_1"": {""feasible_both"": true, ""fold_a_harm"": -0.02565077319741249, ""fold_a_lcb"": -0.02735259779728949, ""fold_a_query_after"": 3.8213350772857666, ""fold_a_utility"": 0.026444673538208008, ""fold_b_harm"": -0.02601708099246025, ""fold_b_lcb"": -0.027675588349811733, ""fold_b_query_after"": 3.826977252960205, ""fold_b_utility"": 0.027838468551635742, ""harm_lcb_max"": -0.02735259779728949, ""harm_mean"": -0.02583392709493637, ""harm_se_mean"": 0.0008572275401093066, ""harm_ucb_max"": -0.02394894859753549, ""local_trainability"": 0.027141571044921875, ""query_after"": 3.824156165122986, ""query_before"": 3.8512977361679077, ""system_utility"": 0.027141571044921875}, ""adapter_2"": {""feasible_both"": true, ""fold_a_harm"": -0.022800050675868988, ""fold_a_lcb"": -0.023130608761566692, ""fold_a_query_after"": 4.395052909851074, ""fold_a_utility"": -0.5472731590270996, ""fold_b_harm"": -0.022455260157585144, ""fold_b_lcb"": -0.02277553677849937, ""fold_b_query_after"": 4.401447296142578, ""fold_b_utility"": -0.5466315746307373, ""harm_lcb_max"": -0.02277553677849937, ""harm_mean"": -0.022627655416727066, ""harm_se_mean"": 0.0001660292618907988, ""harm_ucb_max"": -0.022134983536670916, ""local_trainability"": 0.0027527809143066406, ""query_after"": 4.398250102996826, ""query_before"": 4.401002883911133, ""system_utility"": -0.5469523668289185}, ""default"": {""feasible_both"": true, ""fold_a_harm"": -0.027560558170080185, ""fold_a_lcb"": -0.02985250698402524, ""fold_a_query_after"": 4.481354713439941, ""fold_a_utility"": -0.6335749626159668, ""fold_b_harm"": -0.02732192724943161, ""fold_b_lcb"": -0.029732893235050142, ""fold_b_query_after"": 4.4988579750061035, ""fold_b_utility"": -0.6440422534942627, ""harm_lcb_max"": -0.029732893235050142, ""harm_mean"": -0.027441242709755898, ""harm_se_mean"": 0.0011997231631539762, ""harm_ucb_max"": -0.024910961263813078, ""local_trainability"": -0.00015473365783691406, ""query_after"": 4.4901063442230225, ""query_before"": 4.4899516105651855, ""system_utility"": -0.6388086080551147}}, ""status"": ""ok"", ""statusquo_loss"": 3.8512977361679077, ""total_memory_budget"": 512}, ""utility_status"": ""ok""}"
70,A2,A,2,adapter_1,reuse,safe_existing_reuse,3.8067784309387207,3,True,442368,1949415,0,69404468,206669,4960368,510,48.41106114699505,509299200,0.0,40.824194599175826,5.567991256015375,512,510,3.8147480487823486,-0.4938395023345947,0.0287550687789917,-0.5225945711135864,False,,"{""best_reuse"": ""adapter_1"", ""best_reuse_utility"": 0.0287550687789917, ""decision"": ""reuse"", ""fresh_advantage"": -0.5225945711135864, ""fresh_positive"": false, ""fresh_utility"": -0.4938395023345947, ""full_batch_guards"": {""adapter_1"": {""crossfit_feasible"": true, ""crossfit_utility"": 0.0287550687789917, ""crossfit_utility_positive"": true, ""full_batch_cur_after"": 3.7844486236572266, ""full_batch_cur_before"": 3.8147478103637695, ""full_batch_gain"": 0.03029918670654297, ""full_batch_harm"": -0.028097204864025116, ""full_batch_harm_lcb"": -0.029853183261584492, ""full_batch_harm_se"": 0.0008959073456935585, ""full_batch_harm_ucb"": -0.02634122646646574, ""full_batch_safe"": true}, ""adapter_2"": {""crossfit_feasible"": true, ""crossfit_utility"": -0.575249433517456, ""crossfit_utility_positive"": false, ""full_batch_cur_after"": 4.382234573364258, ""full_batch_cur_before"": 4.390235424041748, ""full_batch_gain"": 0.008000850677490234, ""full_batch_harm"": -0.022404659539461136, ""full_batch_harm_lcb"": -0.022740401140181346, ""full_batch_harm_se"": 0.00017129673506133258, ""full_batch_harm_ucb"": -0.022068917938740926, ""full_batch_safe"": true}, ""default"": {""crossfit_feasible"": true, ""crossfit_utility"": -0.6361987590789795, ""crossfit_utility_positive"": false, ""full_batch_cur_after"": 4.441650867462158, ""full_batch_cur_before"": 4.448395252227783, ""full_batch_gain"": 0.006744384765625, ""full_batch_harm"": -0.027081314474344254, ""full_batch_harm_lcb"": -0.02933613321278244, ""full_batch_harm_se"": 0.0011504177236929536, ""full_batch_harm_ucb"": -0.024826495735906066, ""full_batch_safe"": true}}, ""guarded_best_reuse"": ""adapter_1"", ""num_adapters"": 3, ""pending_after"": false, ""pending_before"": false, ""policy_version"": ""cau_v1"", ""reason"": ""safe_existing_reuse"", ""utility"": {""batch_n"": 16, ""best_reuse"": ""adapter_1"", ""best_reuse_query_after"": 3.785992980003357, ""best_reuse_utility"": 0.0287550687789917, ""budget_blocked_fresh"": false, ""defer_utility"": 0.0, ""fold_a_fresh_utility"": -0.4926424026489258, ""fold_a_query_n"": 8, ""fold_a_support_n"": 8, ""fold_b_fresh_utility"": -0.49503660202026367, ""fold_b_query_n"": 8, ""fold_b_support_n"": 8, ""fresh_advantage"": -0.5225945711135864, ""fresh_local_trainability"": 0.01079106330871582, ""fresh_positive"": false, ""fresh_query_after"": 4.308587551116943, ""fresh_query_before"": 4.319378614425659, ""fresh_utility"": -0.4938395023345947, ""max_adapters"": 8, ""reuse_profiles"": {""adapter_1"": {""feasible_both"": true, ""fold_a_harm"": -0.02777108922600746, ""fold_a_lcb"": -0.029489681308623405, ""fold_a_query_after"": 3.8075966835021973, ""fold_a_utility"": 0.029218196868896484, ""fold_b_harm"": -0.027398835867643356, ""fold_b_lcb"": -0.029118645030539483, ""fold_b_query_after"": 3.7643892765045166, ""fold_b_utility"": 0.028291940689086914, ""harm_lcb_max"": -0.029118645030539483, ""harm_mean"": -0.02758496254682541, ""harm_se_mean"": 0.0008771431748755276, ""harm_ucb_max"": -0.02567902670474723, ""local_trainability"": 0.0287550687789917, ""query_after"": 3.785992980003357, ""query_before"": 3.8147480487823486, ""system_utility"": 0.0287550687789917}, ""adapter_2"": {""feasible_both"": true, ""fold_a_harm"": -0.022803477942943573, ""fold_a_lcb"": -0.023159262892440892, ""fold_a_query_after"": 4.409442901611328, ""fold_a_utility"": -0.5726280212402344, ""fold_b_harm"": -0.02290106937289238, ""fold_b_lcb"": -0.023247330395388417, ""fold_b_query_after"": 4.370552062988281, ""fold_b_utility"": -0.5778708457946777, ""harm_lcb_max"": -0.023159262892440892, ""harm_mean"": -0.022852273657917976, ""harm_se_mean"": 0.00017909336020238698, ""harm_ucb_max"": -0.022447692993446254, ""local_trainability"": 0.00023746490478515625, ""query_after"": 4.389997482299805, ""query_before"": 4.39023494720459, ""system_utility"": -0.575249433517456}, ""default"": {""feasible_both"": true, ""fold_a_harm"": -0.027466289699077606, ""fold_a_lcb"": -0.029713345956988633, ""fold_a_query_after"": 4.482517242431641, ""fold_a_utility"": -0.6457023620605469, ""fold_b_harm"": -0.027590520679950714, ""fold_b_lcb"": -0.02991591866593808, ""fold_b_query_after"": 4.419376373291016, ""fold_b_utility"": -0.6266951560974121, ""harm_lcb_max"": -0.029713345956988633, ""harm_mean"": -0.02752840518951416, ""harm_se_mean"": 0.001166442409157753, ""harm_ucb_max"": -0.02521923344116658, ""local_trainability"": -0.002552032470703125, ""query_after"": 4.450946807861328, ""query_before"": 4.448394775390625, ""system_utility"": -0.6361987590789795}}, ""status"": ""ok"", ""statusquo_loss"": 3.8147480487823486, ""total_memory_budget"": 512}, ""utility_status"": ""ok""}"
71,A2,A,2,adapter_1,reuse,safe_existing_reuse,3.8126559257507324,3,True,442368,1949415,0,69404468,206669,4960368,510,49.35939631680958,509299200,0.0,41.764359259279445,5.567991256015375,512,510,3.7991796731948853,-0.5188122987747192,0.02909064292907715,-0.5479029417037964,False,,"{""best_reuse"": ""adapter_1"", ""best_reuse_utility"": 0.02909064292907715, ""decision"": ""reuse"", ""fresh_advantage"": -0.5479029417037964, ""fresh_positive"": false, ""fresh_utility"": -0.5188122987747192, ""full_batch_guards"": {""adapter_1"": {""crossfit_feasible"": true, ""crossfit_utility"": 0.02909064292907715, ""crossfit_utility_positive"": true, ""full_batch_cur_after"": 3.7684988975524902, ""full_batch_cur_before"": 3.7991795539855957, ""full_batch_gain"": 0.03068065643310547, ""full_batch_harm"": -0.02856927365064621, ""full_batch_harm_lcb"": -0.030714661492966117, ""full_batch_harm_se"": 0.0010945856338366866, ""full_batch_harm_ucb"": -0.026423885808326303, ""full_batch_safe"": true}, ""adapter_2"": {""crossfit_feasible"": true, ""crossfit_utility"": -0.605333685874939, ""crossfit_utility_positive"": false, ""full_batch_cur_after"": 4.397104263305664, ""full_batch_cur_before"": 4.405381202697754, ""full_batch_gain"": 0.008276939392089844, ""full_batch_harm"": -0.021988507360219955, ""full_batch_harm_lcb"": -0.02229920098558068, ""full_batch_harm_se"": 0.00015851715579628944, ""full_batch_harm_ucb"": -0.02167781373485923, ""full_batch_safe"": true}, ""default"": {""crossfit_feasible"": true, ""crossfit_utility"": -0.7248426675796509, ""crossfit_utility_positive"": false, ""full_batch_cur_after"": 4.514786720275879, ""full_batch_cur_before"": 4.520930290222168, ""full_batch_gain"": 0.0061435699462890625, ""full_batch_harm"": -0.026794731616973877, ""full_batch_harm_lcb"": -0.02906523960176855, ""full_batch_harm_se"": 0.0011584224412217736, ""full_batch_harm_ucb"": -0.024524223632179203, ""full_batch_safe"": true}}, ""guarded_best_reuse"": ""adapter_1"", ""num_adapters"": 3, ""pending_after"": false, ""pending_before"": false, ""policy_version"": ""cau_v1"", ""reason"": ""safe_existing_reuse"", ""utility"": {""batch_n"": 16, ""best_reuse"": ""adapter_1"", ""best_reuse_query_after"": 3.770089030265808, ""best_reuse_utility"": 0.02909064292907715, ""budget_blocked_fresh"": false, ""defer_utility"": 0.0, ""fold_a_fresh_utility"": -0.5157849788665771, ""fold_a_query_n"": 8, ""fold_a_support_n"": 8, ""fold_b_fresh_utility"": -0.5218396186828613, ""fold_b_query_n"": 8, ""fold_b_support_n"": 8, ""fresh_advantage"": -0.5479029417037964, ""fresh_local_trainability"": 0.012809514999389648, ""fresh_positive"": false, ""fresh_query_after"": 4.3179919719696045, ""fresh_query_before"": 4.330801486968994, ""fresh_utility"": -0.5188122987747192, ""max_adapters"": 8, ""reuse_profiles"": {""adapter_1"": {""feasible_both"": true, ""fold_a_harm"": -0.02796889841556549, ""fold_a_lcb"": -0.030114514660090207, ""fold_a_query_after"": 3.800626277923584, ""fold_a_utility"": 0.028657197952270508, ""fold_b_harm"": -0.028115112334489822, ""fold_b_lcb"": -0.030205488102510572, ""fold_b_query_after"": 3.7395517826080322, ""fold_b_utility"": 0.02952408790588379, ""harm_lcb_max"": -0.030114514660090207, ""harm_mean"": -0.028042005375027657, ""harm_se_mean"": 0.0010806102072820067, ""harm_ucb_max"": -0.025823282171040775, ""local_trainability"": 0.02909064292907715, ""query_after"": 3.770089030265808, ""query_before"": 3.7991796731948853, ""system_utility"": 0.02909064292907715}, ""adapter_2"": {""feasible_both"": true, ""fold_a_harm"": -0.02241622656583786, ""fold_a_lcb"": -0.02273537115834188, ""fold_a_query_after"": 4.433017730712891, ""fold_a_utility"": -0.6037342548370361, ""fold_b_harm"": -0.02261911705136299, ""fold_b_lcb"": -0.022962334146723152, ""fold_b_query_after"": 4.376008987426758, ""fold_b_utility"": -0.6069331169128418, ""harm_lcb_max"": -0.02273537115834188, ""harm_mean"": -0.022517671808600426, ""harm_se_mean"": 0.0001689698183326982, ""harm_ucb_max"": -0.02209708197333384, ""local_trainability"": 0.0008676052093505859, ""query_after"": 4.404513359069824, ""query_before"": 4.405380964279175, ""system_utility"": -0.605333685874939}, ""default"": {""feasible_both"": true, ""fold_a_harm"": -0.027010340243577957, ""fold_a_lcb"": -0.029218076411634684, ""fold_a_query_after"": 4.583074569702148, ""fold_a_utility"": -0.753791093826294, ""fold_b_harm"": -0.02725961059331894, ""fold_b_lcb"": -0.029606511243619023, ""fold_b_query_after"": 4.464970111846924, ""fold_b_utility"": -0.6958942413330078, ""harm_lcb_max"": -0.029218076411634684, ""harm_mean"": -0.027134975418448448, ""harm_se_mean"": 0.001161897147540003, ""harm_ucb_max"": -0.02480260407552123, ""local_trainability"": -0.003092050552368164, ""query_after"": 4.524022340774536, ""query_before"": 4.520930290222168, ""system_utility"": -0.7248426675796509}}, ""status"": ""ok"", ""statusquo_loss"": 3.7991796731948853, ""total_memory_budget"": 512}, ""utility_status"": ""ok""}"
72,A2,A,2,adapter_1,reuse,safe_existing_reuse,3.757939338684082,3,True,442368,1949415,0,69404468,206669,4960368,510,50.30820457986556,509299200,0.0,42.7052542862948,5.567991256015375,512,510,3.7566102743148804,-0.560693621635437,0.032356858253479004,-0.593050479888916,False,,"{""best_reuse"": ""adapter_1"", ""best_reuse_utility"": 0.032356858253479004, ""decision"": ""reuse"", ""fresh_advantage"": -0.593050479888916, ""fresh_positive"": false, ""fresh_utility"": -0.560693621635437, ""full_batch_guards"": {""adapter_1"": {""crossfit_feasible"": true, ""crossfit_utility"": 0.032356858253479004, ""crossfit_utility_positive"": true, ""full_batch_cur_after"": 3.721900224685669, ""full_batch_cur_before"": 3.756610155105591, ""full_batch_gain"": 0.034709930419921875, ""full_batch_harm"": -0.03198691084980965, ""full_batch_harm_lcb"": -0.03370736334938556, ""full_batch_harm_se"": 0.0008777818875387311, ""full_batch_harm_ucb"": -0.030266458350233734, ""full_batch_safe"": true}, ""adapter_2"": {""crossfit_feasible"": true, ""crossfit_utility"": -0.6460236310958862, ""crossfit_utility_positive"": false, ""full_batch_cur_after"": 4.392143726348877, ""full_batch_cur_before"": 4.401073455810547, ""full_batch_gain"": 0.008929729461669922, ""full_batch_harm"": -0.02242528647184372, ""full_batch_harm_lcb"": -0.02276180463435594, ""full_batch_harm_se"": 0.00017169294005725533, ""full_batch_harm_ucb"": -0.0220887683093315, ""full_batch_safe"": true}, ""default"": {""crossfit_feasible"": true, ""crossfit_utility"": -0.7380894422531128, ""crossfit_utility_positive"": false, ""full_batch_cur_after"": 4.48223876953125, ""full_batch_cur_before"": 4.491247177124023, ""full_batch_gain"": 0.009008407592773438, ""full_batch_harm"": -0.026846423745155334, ""full_batch_harm_lcb"": -0.02926509767770767, ""full_batch_harm_se"": 0.0012340173125267029, ""full_batch_harm_ucb"": -0.024427749812602997, ""full_batch_safe"": true}}, ""guarded_best_reuse"": ""adapter_1"", ""num_adapters"": 3, ""pending_after"": false, ""pending_before"": false, ""policy_version"": ""cau_v1"", ""reason"": ""safe_existing_reuse"", ""utility"": {""batch_n"": 16, ""best_reuse"": ""adapter_1"", ""best_reuse_query_after"": 3.7242534160614014, ""best_reuse_utility"": 0.032356858253479004, ""budget_blocked_fresh"": false, ""defer_utility"": 0.0, ""fold_a_fresh_utility"": -0.532843828201294, ""fold_a_query_n"": 8, ""fold_a_support_n"": 8, ""fold_b_fresh_utility"": -0.5885434150695801, ""fold_b_query_n"": 8, ""fold_b_support_n"": 8, ""fresh_advantage"": -0.593050479888916, ""fresh_local_trainability"": 0.008837223052978516, ""fresh_positive"": false, ""fresh_query_after"": 4.317303895950317, ""fresh_query_before"": 4.326141119003296, ""fresh_utility"": -0.560693621635437, ""max_adapters"": 8, ""reuse_profiles"": {""adapter_1"": {""feasible_both"": true, ""fold_a_harm"": -0.031181346625089645, ""fold_a_lcb"": -0.03296090772142634, ""fold_a_query_after"": 3.773296356201172, ""fold_a_utility"": 0.029497385025024414, ""fold_b_harm"": -0.03138452768325806, ""fold_b_lcb"": -0.032938382907304914, ""fold_b_query_after"": 3.675210475921631, ""fold_b_utility"": 0.035216331481933594, ""harm_lcb_max"": -0.032938382907304914, ""harm_mean"": -0.03128293715417385, ""harm_se_mean"": 0.000850361306220293, ""harm_ucb_max"": -0.029401785528752954, ""local_trainability"": 0.032356858253479004, ""query_after"": 3.7242534160614014, ""query_before"": 3.7566102743148804, ""system_utility"": 0.032356858253479004}, ""adapter_2"": {""feasible_both"": true, ""fold_a_harm"": -0.022720489650964737, ""fold_a_lcb"": -0.023041290958062746, ""fold_a_query_after"": 4.423576831817627, ""fold_a_utility"": -0.6207830905914307, ""fold_b_harm"": -0.022825181484222412, ""fold_b_lcb"": -0.023193095594760963, ""fold_b_query_after"": 4.381690979003906, ""fold_b_utility"": -0.6712641716003418, ""harm_lcb_max"": -0.023041290958062746, ""harm_mean"": -0.022772835567593575, ""harm_se_mean"": 0.0001756927085807547, ""harm_ucb_max"": -0.022399688343866728, ""local_trainability"": -0.001560211181640625, ""query_after"": 4.402633905410767, ""query_before"": 4.401073694229126, ""system_utility"": -0.6460236310958862}, ""default"": {""feasible_both"": true, ""fold_a_harm"": -0.027429189532995224, ""fold_a_lcb"": -0.029844215190969407, ""fold_a_query_after"": 4.530472278594971, ""fold_a_utility"": -0.7276785373687744, ""fold_b_harm"": -0.027471408247947693, ""fold_b_lcb"": -0.029936396260745825, ""fold_b_query_after"": 4.458927154541016, ""fold_b_utility"": -0.7485003471374512, ""harm_lcb_max"": -0.029844215190969407, ""harm_mean"": -0.02745029889047146, ""harm_se_mean"": 0.0012449014466255903, ""harm_ucb_max"": -0.02500642023514956, ""local_trainability"": -0.003451824188232422, ""query_after"": 4.494699716567993, ""query_before"": 4.491247892379761, ""system_utility"": -0.7380894422531128}}, ""status"": ""ok"", ""statusquo_loss"": 3.7566102743148804, ""total_memory_budget"": 512}, ""utility_status"": ""ok""}"
73,A2,A,2,adapter_1,reuse,safe_existing_reuse,3.74010968208313,3,True,442368,1949415,0,69404468,206669,4960368,510,51.25078281899914,509299200,0.0,43.6397335161455,5.567991256015375,512,510,3.7325304746627808,-0.5814331769943237,0.034442901611328125,-0.6158760786056519,False,,"{""best_reuse"": ""adapter_1"", ""best_reuse_utility"": 0.034442901611328125, ""decision"": ""reuse"", ""fresh_advantage"": -0.6158760786056519, ""fresh_positive"": false, ""fresh_utility"": -0.5814331769943237, ""full_batch_guards"": {""adapter_1"": {""crossfit_feasible"": true, ""crossfit_utility"": 0.034442901611328125, ""crossfit_utility_positive"": true, ""full_batch_cur_after"": 3.696504592895508, ""full_batch_cur_before"": 3.732530355453491, ""full_batch_gain"": 0.0360257625579834, ""full_batch_harm"": -0.035132888704538345, ""full_batch_harm_lcb"": -0.0361524168215692, ""full_batch_harm_se"": 0.0005201674066483974, ""full_batch_harm_ucb"": -0.03411336058750749, ""full_batch_safe"": true}, ""adapter_2"": {""crossfit_feasible"": true, ""crossfit_utility"": -0.6665290594100952, ""crossfit_utility_positive"": false, ""full_batch_cur_after"": 4.39240837097168, ""full_batch_cur_before"": 4.401638507843018, ""full_batch_gain"": 0.00923013687133789, ""full_batch_harm"": -0.022653061896562576, ""full_batch_harm_lcb"": -0.023005565674975515, ""full_batch_harm_se"": 0.00017984886653721333, ""full_batch_harm_ucb"": -0.022300558118149637, ""full_batch_safe"": true}, ""default"": {""crossfit_feasible"": true, ""crossfit_utility"": -0.7660061120986938, ""crossfit_utility_positive"": false, ""full_batch_cur_after"": 4.491569519042969, ""full_batch_cur_before"": 4.498662948608398, ""full_batch_gain"": 0.0070934295654296875, ""full_batch_harm"": -0.02724481374025345, ""full_batch_harm_lcb"": -0.029634234393015504, ""full_batch_harm_se"": 0.0012190921697765589, ""full_batch_harm_ucb"": -0.024855393087491393, ""full_batch_safe"": true}}, ""guarded_best_reuse"": ""adapter_1"", ""num_adapters"": 3, ""pending_after"": false, ""pending_before"": false, ""policy_version"": ""cau_v1"", ""reason"": ""safe_existing_reuse"", ""utility"": {""batch_n"": 16, ""best_reuse"": ""adapter_1"", ""best_reuse_query_after"": 3.6980875730514526, ""best_reuse_utility"": 0.034442901611328125, ""budget_blocked_fresh"": false, ""defer_utility"": 0.0, ""fold_a_fresh_utility"": -0.5893335342407227, ""fold_a_query_n"": 8, ""fold_a_support_n"": 8, ""fold_b_fresh_utility"": -0.5735328197479248, ""fold_b_query_n"": 8, ""fold_b_support_n"": 8, ""fresh_advantage"": -0.6158760786056519, ""fresh_local_trainability"": 0.015170574188232422, ""fresh_positive"": false, ""fresh_query_after"": 4.3139636516571045, ""fresh_query_before"": 4.329134225845337, ""fresh_utility"": -0.5814331769943237, ""max_adapters"": 8, ""reuse_profiles"": {""adapter_1"": {""feasible_both"": true, ""fold_a_harm"": -0.034663621336221695, ""fold_a_lcb"": -0.03568156010704115, ""fold_a_query_after"": 3.6864004135131836, ""fold_a_utility"": 0.03566884994506836, ""fold_b_harm"": -0.034585464745759964, ""fold_b_lcb"": -0.03562899517361075, ""fold_b_query_after"": 3.7097747325897217, ""fold_b_utility"": 0.03321695327758789, ""harm_lcb_max"": -0.03562899517361075, ""harm_mean"": -0.03462454304099083, ""harm_se_mean"": 0.0005258849996607751, ""harm_ucb_max"": -0.03354193431790918, ""local_trainability"": 0.034442901611328125, ""query_after"": 3.6980875730514526, ""query_before"": 3.7325304746627808, ""system_utility"": 0.034442901611328125}, ""adapter_2"": {""feasible_both"": true, ""fold_a_harm"": -0.022956807166337967, ""fold_a_lcb"": -0.023311877046944575, ""fold_a_query_after"": 4.395942211151123, ""fold_a_utility"": -0.6738729476928711, ""fold_b_harm"": -0.02267473191022873, ""fold_b_lcb"": -0.023008160025929102, ""fold_b_query_after"": 4.402176856994629, ""fold_b_utility"": -0.6591851711273193, ""harm_lcb_max"": -0.023008160025929102, ""harm_mean"": -0.022815769538283348, ""harm_se_mean"": 0.00017563724395586178, ""harm_ucb_max"": -0.022341303794528356, ""local_trainability"": 0.0025787353515625, ""query_after"": 4.399059534072876, ""query_before"": 4.4016382694244385, ""system_utility"": -0.6665290594100952}, ""default"": {""feasible_both"": true, ""fold_a_harm"": -0.02785539999604225, ""fold_a_lcb"": -0.03031291234306991, ""fold_a_query_after"": 4.519891738891602, ""fold_a_utility"": -0.7978224754333496, ""fold_b_harm"": -0.027176201343536377, ""fold_b_lcb"": -0.029575120653025807, ""fold_b_query_after"": 4.477181434631348, ""fold_b_utility"": -0.7341897487640381, ""harm_lcb_max"": -0.029575120653025807, ""harm_mean"": -0.027515800669789314, ""harm_se_mean"": 0.0012388856266625226, ""harm_ucb_max"": -0.024777282034046947, ""local_trainability"": 0.00012636184692382812, ""query_after"": 4.498536586761475, ""query_before"": 4.498662948608398, ""system_utility"": -0.7660061120986938}}, ""status"": ""ok"", ""statusquo_loss"": 3.7325304746627808, ""total_memory_budget"": 512}, ""utility_status"": ""ok""}"
74,A2,A,2,adapter_1,reuse,safe_existing_reuse,3.7641918659210205,3,True,442368,1949415,0,69404468,206669,4960368,510,52.18714756495319,509299200,0.0,44.568025023210794,5.567991256015375,512,510,3.742608904838562,-0.5986515283584595,0.03491854667663574,-0.6335700750350952,False,,"{""best_reuse"": ""adapter_1"", ""best_reuse_utility"": 0.03491854667663574, ""decision"": ""reuse"", ""fresh_advantage"": -0.6335700750350952, ""fresh_positive"": false, ""fresh_utility"": -0.5986515283584595, ""full_batch_guards"": {""adapter_1"": {""crossfit_feasible"": true, ""crossfit_utility"": 0.03491854667663574, ""crossfit_utility_positive"": true, ""full_batch_cur_after"": 3.7062995433807373, ""full_batch_cur_before"": 3.7426090240478516, ""full_batch_gain"": 0.03630948066711426, ""full_batch_harm"": -0.03748413547873497, ""full_batch_harm_lcb"": -0.03861986213363707, ""full_batch_harm_se"": 0.0005794523749500513, ""full_batch_harm_ucb"": -0.03634840882383287, ""full_batch_safe"": true}, ""adapter_2"": {""crossfit_feasible"": true, ""crossfit_utility"": -0.6839834451675415, ""crossfit_utility_positive"": false, ""full_batch_cur_after"": 4.422513008117676, ""full_batch_cur_before"": 4.431779384613037, ""full_batch_gain"": 0.009266376495361328, ""full_batch_harm"": -0.0226672925055027, ""full_batch_harm_lcb"": -0.023013036228949204, ""full_batch_harm_se"": 0.00017639985890127718, ""full_batch_harm_ucb"": -0.022321548782056198, ""full_batch_safe"": true}, ""default"": {""crossfit_feasible"": true, ""crossfit_utility"": -0.7729188203811646, ""crossfit_utility_positive"": false, ""full_batch_cur_after"": 4.510282516479492, ""full_batch_cur_before"": 4.51906681060791, ""full_batch_gain"": 0.008784294128417969, ""full_batch_harm"": -0.027326203882694244, ""full_batch_harm_lcb"": -0.029517621728591622, ""full_batch_harm_se"": 0.0011180703295394778, ""full_batch_harm_ucb"": -0.025134786036796867, ""full_batch_safe"": true}}, ""guarded_best_reuse"": ""adapter_1"", ""num_adapters"": 3, ""pending_after"": false, ""pending_before"": false, ""policy_version"": ""cau_v1"", ""reason"": ""safe_existing_reuse"", ""utility"": {""batch_n"": 16, ""best_reuse"": ""adapter_1"", ""best_reuse_query_after"": 3.7076903581619263, ""best_reuse_utility"": 0.03491854667663574, ""budget_blocked_fresh"": false, ""defer_utility"": 0.0, ""fold_a_fresh_utility"": -0.5979304313659668, ""fold_a_query_n"": 8, ""fold_a_support_n"": 8, ""fold_b_fresh_utility"": -0.5993726253509521, ""fold_b_query_n"": 8, ""fold_b_support_n"": 8, ""fresh_advantage"": -0.6335700750350952, ""fresh_local_trainability"": 0.018561840057373047, ""fresh_positive"": false, ""fresh_query_after"": 4.3412604331970215, ""fresh_query_before"": 4.3598222732543945, ""fresh_utility"": -0.5986515283584595, ""max_adapters"": 8, ""reuse_profiles"": {""adapter_1"": {""feasible_both"": true, ""fold_a_harm"": -0.03717689588665962, ""fold_a_lcb"": -0.03829567309003323, ""fold_a_query_after"": 3.7210164070129395, ""fold_a_utility"": 0.03481101989746094, ""fold_b_harm"": -0.03621356934309006, ""fold_b_lcb"": -0.03728203588398173, ""fold_b_query_after"": 3.694364309310913, ""fold_b_utility"": 0.03502607345581055, ""harm_lcb_max"": -0.03728203588398173, ""harm_mean"": -0.03669523261487484, ""harm_se_mean"": 0.0005579703429248184, ""harm_ucb_max"": -0.03514510280219838, ""local_trainability"": 0.03491854667663574, ""query_after"": 3.7076903581619263, ""query_before"": 3.742608904838562, ""system_utility"": 0.03491854667663574}, ""adapter_2"": {""feasible_both"": true, ""fold_a_harm"": -0.02264685183763504, ""fold_a_lcb"": -0.02297771707409993, ""fold_a_query_after"": 4.438760757446289, ""fold_a_utility"": -0.6829333305358887, ""fold_b_harm"": -0.022636394947767258, ""fold_b_lcb"": -0.02294734826369677, ""fold_b_query_after"": 4.414423942565918, ""fold_b_utility"": -0.6850335597991943, ""harm_lcb_max"": -0.02294734826369677, ""harm_mean"": -0.02264162339270115, ""harm_se_mean"": 0.0001637292225495912, ""harm_ucb_max"": -0.02231598660117015, ""local_trainability"": 0.005187511444091797, ""query_after"": 4.4265923500061035, ""query_before"": 4.431779861450195, ""system_utility"": -0.6839834451675415}, ""default"": {""feasible_both"": true, ""fold_a_harm"": -0.02759908139705658, ""fold_a_lcb"": -0.029872859343886376, ""fold_a_query_after"": 4.531172752380371, ""fold_a_utility"": -0.7753453254699707, ""fold_b_harm"": -0.027595974504947662, ""fold_b_lcb"": -0.029877410884946585, ""fold_b_query_after"": 4.499882698059082, ""fold_b_utility"": -0.7704923152923584, ""harm_lcb_max"": -0.029872859343886376, ""harm_mean"": -0.02759752795100212, ""harm_se_mean"": 0.001162044471129775, ""harm_ucb_max"": -0.02531453812494874, ""local_trainability"": 0.0035390853881835938, ""query_after"": 4.515527725219727, ""query_before"": 4.51906681060791, ""system_utility"": -0.7729188203811646}}, ""status"": ""ok"", ""statusquo_loss"": 3.742608904838562, ""total_memory_budget"": 512}, ""utility_status"": ""ok""}"
75,A2,A,2,adapter_1,reuse,safe_existing_reuse,3.7430028915405273,3,True,442368,1949415,0,69404468,206669,4960368,510,53.13890659995377,509299200,0.0,45.51174175017513,5.567991256015375,512,510,3.689709424972534,-0.6397254467010498,0.038845181465148926,-0.6785706281661987,False,,"{""best_reuse"": ""adapter_1"", ""best_reuse_utility"": 0.038845181465148926, ""decision"": ""reuse"", ""fresh_advantage"": -0.6785706281661987, ""fresh_positive"": false, ""fresh_utility"": -0.6397254467010498, ""full_batch_guards"": {""adapter_1"": {""crossfit_feasible"": true, ""crossfit_utility"": 0.038845181465148926, ""crossfit_utility_positive"": true, ""full_batch_cur_after"": 3.649167537689209, ""full_batch_cur_before"": 3.689709424972534, ""full_batch_gain"": 0.040541887283325195, ""full_batch_harm"": -0.0381079763174057, ""full_batch_harm_lcb"": -0.039343562652356924, ""full_batch_harm_se"": 0.0006304011913016438, ""full_batch_harm_ucb"": -0.03687238998245448, ""full_batch_safe"": true}, ""adapter_2"": {""crossfit_feasible"": true, ""crossfit_utility"": -0.726994514465332, ""crossfit_utility_positive"": false, ""full_batch_cur_after"": 4.41218900680542, ""full_batch_cur_before"": 4.421245574951172, ""full_batch_gain"": 0.009056568145751953, ""full_batch_harm"": -0.022589780390262604, ""full_batch_harm_lcb"": -0.022939721574657596, ""full_batch_harm_se"": 0.00017854142060969025, ""full_batch_harm_ucb"": -0.022239839205867612, ""full_batch_safe"": true}, ""default"": {""crossfit_feasible"": true, ""crossfit_utility"": -0.8091099262237549, ""crossfit_utility_positive"": false, ""full_batch_cur_after"": 4.493844985961914, ""full_batch_cur_before"": 4.505453586578369, ""full_batch_gain"": 0.011608600616455078, ""full_batch_harm"": -0.027493372559547424, ""full_batch_harm_lcb"": -0.029920022999867797, ""full_batch_harm_se"": 0.0012380869593471289, ""full_batch_harm_ucb"": -0.02506672211922705, ""full_batch_safe"": true}}, ""guarded_best_reuse"": ""adapter_1"", ""num_adapters"": 3, ""pending_after"": false, ""pending_before"": false, ""policy_version"": ""cau_v1"", ""reason"": ""safe_existing_reuse"", ""utility"": {""batch_n"": 16, ""best_reuse"": ""adapter_1"", ""best_reuse_query_after"": 3.6508642435073853, ""best_reuse_utility"": 0.038845181465148926, ""budget_blocked_fresh"": false, ""defer_utility"": 0.0, ""fold_a_fresh_utility"": -0.6535646915435791, ""fold_a_query_n"": 8, ""fold_a_support_n"": 8, ""fold_b_fresh_utility"": -0.6258862018585205, ""fold_b_query_n"": 8, ""fold_b_support_n"": 8, ""fresh_advantage"": -0.6785706281661987, ""fresh_local_trainability"": 0.018386363983154297, ""fresh_positive"": false, ""fresh_query_after"": 4.329434871673584, ""fresh_query_before"": 4.347821235656738, ""fresh_utility"": -0.6397254467010498, ""max_adapters"": 8, ""reuse_profiles"": {""adapter_1"": {""feasible_both"": true, ""fold_a_harm"": -0.03723097965121269, ""fold_a_lcb"": -0.03832913083489984, ""fold_a_query_after"": 3.6408634185791016, ""fold_a_utility"": 0.04061484336853027, ""fold_b_harm"": -0.03774183243513107, ""fold_b_lcb"": -0.03903813656419516, ""fold_b_query_after"": 3.660865068435669, ""fold_b_utility"": 0.03707551956176758, ""harm_lcb_max"": -0.03832913083489984, ""harm_mean"": -0.03748640604317188, ""harm_se_mean"": 0.0006108304369263351, ""harm_ucb_max"": -0.036132828467525545, ""local_trainability"": 0.038845181465148926, ""query_after"": 3.6508642435073853, ""query_before"": 3.689709424972534, ""system_utility"": 0.038845181465148926}, ""adapter_2"": {""feasible_both"": true, ""fold_a_harm"": -0.02266222983598709, ""fold_a_lcb"": -0.02300086043367628, ""fold_a_query_after"": 4.419522762298584, ""fold_a_utility"": -0.7380445003509521, ""fold_b_harm"": -0.02288142219185829, ""fold_b_lcb"": -0.023233040740597063, ""fold_b_query_after"": 4.413885116577148, ""fold_b_utility"": -0.7159445285797119, ""harm_lcb_max"": -0.02300086043367628, ""harm_mean"": -0.02277182601392269, ""harm_se_mean"": 0.0001760839659254998, ""harm_ucb_max"": -0.022323599238297902, ""local_trainability"": 0.0045413970947265625, ""query_after"": 4.416703939437866, ""query_before"": 4.421245336532593, ""system_utility"": -0.726994514465332}, ""default"": {""feasible_both"": true, ""fold_a_harm"": -0.027556918561458588, ""fold_a_lcb"": -0.029958860035985708, ""fold_a_query_after"": 4.471774101257324, ""fold_a_utility"": -0.7902958393096924, ""fold_b_harm"": -0.027461547404527664, ""fold_b_lcb"": -0.029711834378540514, ""fold_b_query_after"": 4.525864601135254, ""fold_b_utility"": -0.8279240131378174, ""harm_lcb_max"": -0.029711834378540514, ""harm_mean"": -0.027509232982993126, ""harm_se_mean"": 0.0011867929715663195, ""harm_ucb_max"": -0.025154977086931467, ""local_trainability"": 0.006634235382080078, ""query_after"": 4.498819351196289, ""query_before"": 4.505453586578369, ""system_utility"": -0.8091099262237549}}, ""status"": ""ok"", ""statusquo_loss"": 3.689709424972534, ""total_memory_budget"": 512}, ""utility_status"": ""ok""}"
76,A2,A,2,adapter_1,reuse,safe_existing_reuse,3.6746397018432617,3,True,442368,1949415,0,69404468,206669,4960368,510,54.081977830966935,509299200,0.0,46.44644055515528,5.567991256015375,512,510,3.6436641216278076,-0.697068452835083,0.040323853492736816,-0.7373923063278198,False,,"{""best_reuse"": ""adapter_1"", ""best_reuse_utility"": 0.040323853492736816, ""decision"": ""reuse"", ""fresh_advantage"": -0.7373923063278198, ""fresh_positive"": false, ""fresh_utility"": -0.697068452835083, ""full_batch_guards"": {""adapter_1"": {""crossfit_feasible"": true, ""crossfit_utility"": 0.040323853492736816, ""crossfit_utility_positive"": true, ""full_batch_cur_after"": 3.601253032684326, ""full_batch_cur_before"": 3.6436638832092285, ""full_batch_gain"": 0.042410850524902344, ""full_batch_harm"": -0.03806513175368309, ""full_batch_harm_lcb"": -0.040929031176492575, ""full_batch_harm_se"": 0.0014611731749027967, ""full_batch_harm_ucb"": -0.035201232330873605, ""full_batch_safe"": true}, ""adapter_2"": {""crossfit_feasible"": true, ""crossfit_utility"": -0.7812790870666504, ""crossfit_utility_positive"": false, ""full_batch_cur_after"": 4.417318344116211, ""full_batch_cur_before"": 4.42672872543335, ""full_batch_gain"": 0.009410381317138672, ""full_batch_harm"": -0.022554118186235428, ""full_batch_harm_lcb"": -0.022895862617879174, ""full_batch_harm_se"": 0.0001743594038998708, ""full_batch_harm_ucb"": -0.02221237375459168, ""full_batch_safe"": true}, ""default"": {""crossfit_feasible"": true, ""crossfit_utility"": -0.8565208911895752, ""crossfit_utility_positive"": false, ""full_batch_cur_after"": 4.492122650146484, ""full_batch_cur_before"": 4.503361701965332, ""full_batch_gain"": 0.011239051818847656, ""full_batch_harm"": -0.027219153940677643, ""full_batch_harm_lcb"": -0.02957803464028984, ""full_batch_harm_se"": 0.0012035105610266328, ""full_batch_harm_ucb"": -0.024860273241065444, ""full_batch_safe"": true}}, ""guarded_best_reuse"": ""adapter_1"", ""num_adapters"": 3, ""pending_after"": false, ""pending_before"": false, ""policy_version"": ""cau_v1"", ""reason"": ""safe_existing_reuse"", ""utility"": {""batch_n"": 16, ""best_reuse"": ""adapter_1"", ""best_reuse_query_after"": 3.603340268135071, ""best_reuse_utility"": 0.040323853492736816, ""budget_blocked_fresh"": false, ""defer_utility"": 0.0, ""fold_a_fresh_utility"": -0.698077917098999, ""fold_a_query_n"": 8, ""fold_a_support_n"": 8, ""fold_b_fresh_utility"": -0.696058988571167, ""fold_b_query_n"": 8, ""fold_b_support_n"": 8, ""fresh_advantage"": -0.7373923063278198, ""fresh_local_trainability"": 0.013705253601074219, ""fresh_positive"": false, ""fresh_query_after"": 4.340732574462891, ""fresh_query_before"": 4.354437828063965, ""fresh_utility"": -0.697068452835083, ""max_adapters"": 8, ""reuse_profiles"": {""adapter_1"": {""feasible_both"": true, ""fold_a_harm"": -0.037439264357089996, ""fold_a_lcb"": -0.04023907836526632, ""fold_a_query_after"": 3.5962111949920654, ""fold_a_utility"": 0.040233612060546875, ""fold_b_harm"": -0.03735635057091713, ""fold_b_lcb"": -0.04019399241078645, ""fold_b_query_after"": 3.610469341278076, ""fold_b_utility"": 0.04041409492492676, ""harm_lcb_max"": -0.04019399241078645, ""harm_mean"": -0.03739780746400356, ""harm_se_mean"": 0.0014381264918483794, ""harm_ucb_max"": -0.03451870873104781, ""local_trainability"": 0.040323853492736816, ""query_after"": 3.603340268135071, ""query_before"": 3.6436641216278076, ""system_utility"": 0.040323853492736816}, ""adapter_2"": {""feasible_both"": true, ""fold_a_harm"": -0.022617612034082413, ""fold_a_lcb"": -0.022950099302688612, ""fold_a_query_after"": 4.417348861694336, ""fold_a_utility"": -0.7809040546417236, ""fold_b_harm"": -0.022841796278953552, ""fold_b_lcb"": -0.023173756494070403, ""fold_b_query_after"": 4.43253755569458, ""fold_b_utility"": -0.7816541194915771, ""harm_lcb_max"": -0.022950099302688612, ""harm_mean"": -0.022729704156517982, ""harm_se_mean"": 0.00016950190911302343, ""harm_ucb_max"": -0.022285124765476214, ""local_trainability"": 0.0017855167388916016, ""query_after"": 4.424943208694458, ""query_before"": 4.42672872543335, ""system_utility"": -0.7812790870666504}, ""default"": {""feasible_both"": true, ""fold_a_harm"": -0.027255728840827942, ""fold_a_lcb"": -0.02962745003402233, ""fold_a_query_after"": 4.459568977355957, ""fold_a_utility"": -0.8231241703033447, ""fold_b_harm"": -0.02790452167391777, ""fold_b_lcb"": -0.030373804378323255, ""fold_b_query_after"": 4.540801048278809, ""fold_b_utility"": -0.8899176120758057, ""harm_lcb_max"": -0.02962745003402233, ""harm_mean"": -0.027580125257372856, ""harm_se_mean"": 0.0012349499738775194, ""harm_ucb_max"": -0.024884007647633554, ""local_trainability"": 0.003176450729370117, ""query_after"": 4.500185012817383, ""query_before"": 4.503361463546753, ""system_utility"": -0.8565208911895752}}, ""status"": ""ok"", ""statusquo_loss"": 3.6436641216278076, ""total_memory_budget"": 512}, ""utility_status"": ""ok""}"
77,A2,A,2,adapter_1,reuse,safe_existing_reuse,3.55194091796875,3,True,442368,1949415,0,69404468,206669,4960368,510,55.069712491938844,509299200,0.0,47.426016866229475,5.567991256015375,512,510,3.563610076904297,-0.756845235824585,0.04029357433319092,-0.7971388101577759,False,,"{""best_reuse"": ""adapter_1"", ""best_reuse_utility"": 0.04029357433319092, ""decision"": ""reuse"", ""fresh_advantage"": -0.7971388101577759, ""fresh_positive"": false, ""fresh_utility"": -0.756845235824585, ""full_batch_guards"": {""adapter_1"": {""crossfit_feasible"": true, ""crossfit_utility"": 0.04029357433319092, ""crossfit_utility_positive"": true, ""full_batch_cur_after"": 3.5213935375213623, ""full_batch_cur_before"": 3.563610076904297, ""full_batch_gain"": 0.04221653938293457, ""full_batch_harm"": -0.03662639111280441, ""full_batch_harm_lcb"": -0.039891670332290234, ""full_batch_harm_se"": 0.0016659587854519486, ""full_batch_harm_ucb"": -0.03336111189331859, ""full_batch_safe"": true}, ""adapter_2"": {""crossfit_feasible"": true, ""crossfit_utility"": -0.8376028537750244, ""crossfit_utility_positive"": false, ""full_batch_cur_after"": 4.394698619842529, ""full_batch_cur_before"": 4.404155731201172, ""full_batch_gain"": 0.009457111358642578, ""full_batch_harm"": -0.022822104394435883, ""full_batch_harm_lcb"": -0.023197971368208527, ""full_batch_harm_se"": 0.00019176886416971684, ""full_batch_harm_ucb"": -0.022446237420663238, ""full_batch_safe"": true}, ""default"": {""crossfit_feasible"": true, ""crossfit_utility"": -0.8220674991607666, ""crossfit_utility_positive"": false, ""full_batch_cur_after"": 4.377714157104492, ""full_batch_cur_before"": 4.389264106750488, ""full_batch_gain"": 0.011549949645996094, ""full_batch_harm"": -0.027411315590143204, ""full_batch_harm_lcb"": -0.029752306533046065, ""full_batch_harm_se"": 0.0011943831341341138, ""full_batch_harm_ucb"": -0.025070324647240343, ""full_batch_safe"": true}}, ""guarded_best_reuse"": ""adapter_1"", ""num_adapters"": 3, ""pending_after"": false, ""pending_before"": false, ""policy_version"": ""cau_v1"", ""reason"": ""safe_existing_reuse"", ""utility"": {""batch_n"": 16, ""best_reuse"": ""adapter_1"", ""best_reuse_query_after"": 3.523316502571106, ""best_reuse_utility"": 0.04029357433319092, ""budget_blocked_fresh"": false, ""defer_utility"": 0.0, ""fold_a_fresh_utility"": -0.7563285827636719, ""fold_a_query_n"": 8, ""fold_a_support_n"": 8, ""fold_b_fresh_utility"": -0.757361888885498, ""fold_b_query_n"": 8, ""fold_b_support_n"": 8, ""fresh_advantage"": -0.7971388101577759, ""fresh_local_trainability"": 0.01537013053894043, ""fresh_positive"": false, ""fresh_query_after"": 4.320455312728882, ""fresh_query_before"": 4.335825443267822, ""fresh_utility"": -0.756845235824585, ""max_adapters"": 8, ""reuse_profiles"": {""adapter_1"": {""feasible_both"": true, ""fold_a_harm"": -0.03618388995528221, ""fold_a_lcb"": -0.03940849669743329, ""fold_a_query_after"": 3.5188639163970947, ""fold_a_utility"": 0.04293513298034668, ""fold_b_harm"": -0.036672744899988174, ""fold_b_lcb"": -0.0399808386946097, ""fold_b_query_after"": 3.527769088745117, ""fold_b_utility"": 0.037652015686035156, ""harm_lcb_max"": -0.03940849669743329, ""harm_mean"": -0.03642831742763519, ""harm_se_mean"": 0.0016665052389726043, ""harm_ucb_max"": -0.03295928321313113, ""local_trainability"": 0.04029357433319092, ""query_after"": 3.523316502571106, ""query_before"": 3.563610076904297, ""system_utility"": 0.04029357433319092}, ""adapter_2"": {""feasible_both"": true, ""fold_a_harm"": -0.02311304211616516, ""fold_a_lcb"": -0.02351066959090531, ""fold_a_query_after"": 4.399661064147949, ""fold_a_utility"": -0.8378620147705078, ""fold_b_harm"": -0.0224880613386631, ""fold_b_lcb"": -0.022813170457375236, ""fold_b_query_after"": 4.402764797210693, ""fold_b_utility"": -0.837343692779541, ""harm_lcb_max"": -0.022813170457375236, ""harm_mean"": -0.02280055172741413, ""harm_se_mean"": 0.0001843715799623169, ""harm_ucb_max"": -0.022162952219950967, ""local_trainability"": 0.0029430389404296875, ""query_after"": 4.401212930679321, ""query_before"": 4.404155969619751, ""system_utility"": -0.8376028537750244}, ""default"": {""feasible_both"": true, ""fold_a_harm"": -0.028001073747873306, ""fold_a_lcb"": -0.030422140997834503, ""fold_a_query_after"": 4.438465595245361, ""fold_a_utility"": -0.8766665458679199, ""fold_b_harm"": -0.02748631313443184, ""fold_b_lcb"": -0.02974261956755072, ""fold_b_query_after"": 4.332889556884766, ""fold_b_utility"": -0.7674684524536133, ""harm_lcb_max"": -0.02974261956755072, ""harm_mean"": -0.027743693441152573, ""harm_se_mean"": 0.0011932075722143054, ""harm_ucb_max"": -0.02523000670131296, ""local_trainability"": 0.003586292266845703, ""query_after"": 4.3856775760650635, ""query_before"": 4.389263868331909, ""system_utility"": -0.8220674991607666}}, ""status"": ""ok"", ""statusquo_loss"": 3.563610076904297, ""total_memory_budget"": 512}, ""utility_status"": ""ok""}"
78,A2,A,2,adapter_1,reuse,safe_existing_reuse,3.550351142883301,3,True,442368,1949415,0,69404468,206669,4960368,510,56.024152422789484,509299200,0.0,48.37193348724395,5.567991256015375,512,510,3.5507668256759644,-0.7545958757400513,0.03455924987792969,-0.789155125617981,False,,"{""best_reuse"": ""adapter_1"", ""best_reuse_utility"": 0.03455924987792969, ""decision"": ""reuse"", ""fresh_advantage"": -0.789155125617981, ""fresh_positive"": false, ""fresh_utility"": -0.7545958757400513, ""full_batch_guards"": {""adapter_1"": {""crossfit_feasible"": true, ""crossfit_utility"": 0.03455924987792969, ""crossfit_utility_positive"": true, ""full_batch_cur_after"": 3.5141448974609375, ""full_batch_cur_before"": 3.550766944885254, ""full_batch_gain"": 0.036622047424316406, ""full_batch_harm"": -0.037297483533620834, ""full_batch_harm_lcb"": -0.03900021729292348, ""full_batch_harm_se"": 0.0008687417139299214, ""full_batch_harm_ucb"": -0.03559474977431819, ""full_batch_safe"": true}, ""adapter_2"": {""crossfit_feasible"": true, ""crossfit_utility"": -0.8381377458572388, ""crossfit_utility_positive"": false, ""full_batch_cur_after"": 4.381847381591797, ""full_batch_cur_before"": 4.389934539794922, ""full_batch_gain"": 0.008087158203125, ""full_batch_harm"": -0.022386688739061356, ""full_batch_harm_lcb"": -0.022724918720196, ""full_batch_harm_se"": 0.00017256631690543145, ""full_batch_harm_ucb"": -0.02204845875792671, ""full_batch_safe"": true}, ""default"": {""crossfit_feasible"": true, ""crossfit_utility"": -0.9240137338638306, ""crossfit_utility_positive"": false, ""full_batch_cur_after"": 4.466294288635254, ""full_batch_cur_before"": 4.470871925354004, ""full_batch_gain"": 0.00457763671875, ""full_batch_harm"": -0.02700672671198845, ""full_batch_harm_lcb"": -0.0292839023983106, ""full_batch_harm_se"": 0.0011618243297562003, ""full_batch_harm_ucb"": -0.024729551025666298, ""full_batch_safe"": true}}, ""guarded_best_reuse"": ""adapter_1"", ""num_adapters"": 3, ""pending_after"": false, ""pending_before"": false, ""policy_version"": ""cau_v1"", ""reason"": ""safe_existing_reuse"", ""utility"": {""batch_n"": 16, ""best_reuse"": ""adapter_1"", ""best_reuse_query_after"": 3.5162075757980347, ""best_reuse_utility"": 0.03455924987792969, ""budget_blocked_fresh"": false, ""defer_utility"": 0.0, ""fold_a_fresh_utility"": -0.7701380252838135, ""fold_a_query_n"": 8, ""fold_a_support_n"": 8, ""fold_b_fresh_utility"": -0.7390537261962891, ""fold_b_query_n"": 8, ""fold_b_support_n"": 8, ""fresh_advantage"": -0.789155125617981, ""fresh_local_trainability"": 0.013006210327148438, ""fresh_positive"": false, ""fresh_query_after"": 4.305362701416016, ""fresh_query_before"": 4.318368911743164, ""fresh_utility"": -0.7545958757400513, ""max_adapters"": 8, ""reuse_profiles"": {""adapter_1"": {""feasible_both"": true, ""fold_a_harm"": -0.03700832277536392, ""fold_a_lcb"": -0.03863802213454619, ""fold_a_query_after"": 3.4835381507873535, ""fold_a_utility"": 0.0339510440826416, ""fold_b_harm"": -0.036743588745594025, ""fold_b_lcb"": -0.038515268026385455, ""fold_b_query_after"": 3.548877000808716, ""fold_b_utility"": 0.03516745567321777, ""harm_lcb_max"": -0.038515268026385455, ""harm_mean"": -0.03687595576047897, ""harm_se_mean"": 0.000867698632646352, ""harm_ucb_max"": -0.034971909464802595, ""local_trainability"": 0.03455924987792969, ""query_after"": 3.5162075757980347, ""query_before"": 3.5507668256759644, ""system_utility"": 0.03455924987792969}, ""adapter_2"": {""feasible_both"": true, ""fold_a_harm"": -0.02262590453028679, ""fold_a_lcb"": -0.02296175457071513, ""fold_a_query_after"": 4.371091365814209, ""fold_a_utility"": -0.8536021709442139, ""fold_b_harm"": -0.022862117737531662, ""fold_b_lcb"": -0.023210051446803846, ""fold_b_query_after"": 4.406717777252197, ""fold_b_utility"": -0.8226733207702637, ""harm_lcb_max"": -0.02296175457071513, ""harm_mean"": -0.022744011133909225, ""harm_se_mean"": 0.00017443463002564386, ""harm_ucb_max"": -0.02229005448985845, ""local_trainability"": 0.00102996826171875, ""query_after"": 4.388904571533203, ""query_before"": 4.389934539794922, ""system_utility"": -0.8381377458572388}, ""default"": {""feasible_both"": true, ""fold_a_harm"": -0.027296297252178192, ""fold_a_lcb"": -0.029539155564270912, ""fold_a_query_after"": 4.415807723999023, ""fold_a_utility"": -0.8983185291290283, ""fold_b_harm"": -0.027552641928195953, ""fold_b_lcb"": -0.029782638298347593, ""fold_b_query_after"": 4.533753395080566, ""fold_b_utility"": -0.9497089385986328, ""harm_lcb_max"": -0.029539155564270912, ""harm_mean"": -0.027424469590187073, ""harm_se_mean"": 0.001141034357715398, ""harm_ucb_max"": -0.025053438940085472, ""local_trainability"": -0.003908634185791016, ""query_after"": 4.474780559539795, ""query_before"": 4.470871925354004, ""system_utility"": -0.9240137338638306}}, ""status"": ""ok"", ""statusquo_loss"": 3.5507668256759644, ""total_memory_budget"": 512}, ""utility_status"": ""ok""}"
79,A2,A,2,adapter_1,reuse,safe_existing_reuse,3.540036201477051,3,True,442368,1949415,0,69404468,206669,4960368,510,56.9793950538151,509299200,0.0,49.31873350031674,5.567991256015375,512,510,3.503527879714966,-0.813596248626709,0.032833099365234375,-0.8464293479919434,False,,"{""best_reuse"": ""adapter_1"", ""best_reuse_utility"": 0.032833099365234375, ""decision"": ""reuse"", ""fresh_advantage"": -0.8464293479919434, ""fresh_positive"": false, ""fresh_utility"": -0.813596248626709, ""full_batch_guards"": {""adapter_1"": {""crossfit_feasible"": true, ""crossfit_utility"": 0.032833099365234375, ""crossfit_utility_positive"": true, ""full_batch_cur_after"": 3.466745376586914, ""full_batch_cur_before"": 3.503528118133545, ""full_batch_gain"": 0.03678274154663086, ""full_batch_harm"": -0.034110743552446365, ""full_batch_harm_lcb"": -0.03686684010084718, ""full_batch_harm_se"": 0.001406171708367765, ""full_batch_harm_ucb"": -0.03135464700404555, ""full_batch_safe"": true}, ""adapter_2"": {""crossfit_feasible"": true, ""crossfit_utility"": -0.8954589366912842, ""crossfit_utility_positive"": false, ""full_batch_cur_after"": 4.387624263763428, ""full_batch_cur_before"": 4.39630126953125, ""full_batch_gain"": 0.008677005767822266, ""full_batch_harm"": -0.0223076269030571, ""full_batch_harm_lcb"": -0.0226295452931663, ""full_batch_harm_se"": 0.00016424407658632845, ""full_batch_harm_ucb"": -0.021985708512947896, ""full_batch_safe"": true}, ""default"": {""crossfit_feasible"": true, ""crossfit_utility"": -0.9098508358001709, ""crossfit_utility_positive"": false, ""full_batch_cur_after"": 4.400176048278809, ""full_batch_cur_before"": 4.409344673156738, ""full_batch_gain"": 0.009168624877929688, ""full_batch_harm"": -0.027154546231031418, ""full_batch_harm_lcb"": -0.02944566380698234, ""full_batch_harm_se"": 0.0011689375387504697, ""full_batch_harm_ucb"": -0.024863428655080497, ""full_batch_safe"": true}}, ""guarded_best_reuse"": ""adapter_1"", ""num_adapters"": 3, ""pending_after"": false, ""pending_before"": false, ""policy_version"": ""cau_v1"", ""reason"": ""safe_existing_reuse"", ""utility"": {""batch_n"": 16, ""best_reuse"": ""adapter_1"", ""best_reuse_query_after"": 3.4706947803497314, ""best_reuse_utility"": 0.032833099365234375, ""budget_blocked_fresh"": false, ""defer_utility"": 0.0, ""fold_a_fresh_utility"": -0.795649528503418, ""fold_a_query_n"": 8, ""fold_a_support_n"": 8, ""fold_b_fresh_utility"": -0.83154296875, ""fold_b_query_n"": 8, ""fold_b_support_n"": 8, ""fresh_advantage"": -0.8464293479919434, ""fresh_local_trainability"": 0.0060918331146240234, ""fresh_positive"": false, ""fresh_query_after"": 4.317124128341675, ""fresh_query_before"": 4.323215961456299, ""fresh_utility"": -0.813596248626709, ""max_adapters"": 8, ""reuse_profiles"": {""adapter_1"": {""feasible_both"": true, ""fold_a_harm"": -0.033888109028339386, ""fold_a_lcb"": -0.036810630694963035, ""fold_a_query_after"": 3.464597225189209, ""fold_a_utility"": 0.028688907623291016, ""fold_b_harm"": -0.03260455280542374, ""fold_b_lcb"": -0.03515727304853499, ""fold_b_query_after"": 3.476792335510254, ""fold_b_utility"": 0.036977291107177734, ""harm_lcb_max"": -0.03515727304853499, ""harm_mean"": -0.03324633091688156, ""harm_se_mean"": 0.0013967453851364553, ""harm_ucb_max"": -0.030051832562312485, ""local_trainability"": 0.032833099365234375, ""query_after"": 3.4706947803497314, ""query_before"": 3.503527879714966, ""system_utility"": 0.032833099365234375}, ""adapter_2"": {""feasible_both"": true, ""fold_a_harm"": -0.022762198001146317, ""fold_a_lcb"": -0.023100057170959188, ""fold_a_query_after"": 4.368352890014648, ""fold_a_utility"": -0.8750667572021484, ""fold_b_harm"": -0.022871699184179306, ""fold_b_lcb"": -0.023204322216333822, ""fold_b_query_after"": 4.429620742797852, ""fold_b_utility"": -0.9158511161804199, ""harm_lcb_max"": -0.023100057170959188, ""harm_mean"": -0.02281694859266281, ""harm_se_mean"": 0.0001710413780529052, ""harm_ucb_max"": -0.022424338831333445, ""local_trainability"": -0.002685070037841797, ""query_after"": 4.39898681640625, ""query_before"": 4.396301746368408, ""system_utility"": -0.8954589366912842}, ""default"": {""feasible_both"": true, ""fold_a_harm"": -0.027557790279388428, ""fold_a_lcb"": -0.02989558450412005, ""fold_a_query_after"": 4.354153633117676, ""fold_a_utility"": -0.8608675003051758, ""fold_b_harm"": -0.02791457623243332, ""fold_b_lcb"": -0.03024896267801523, ""fold_b_query_after"": 4.472603797912598, ""fold_b_utility"": -0.958834171295166, ""harm_lcb_max"": -0.02989558450412005, ""harm_mean"": -0.027736183255910873, ""harm_se_mean"": 0.0011918828240595758, ""harm_ucb_max"": -0.025219996054656805, ""local_trainability"": -0.0040340423583984375, ""query_after"": 4.413378715515137, ""query_before"": 4.409344673156738, ""system_utility"": -0.9098508358001709}}, ""status"": ""ok"", ""statusquo_loss"": 3.503527879714966, ""total_memory_budget"": 512}, ""utility_status"": ""ok""}"
80,A2,A,2,adapter_1,reuse,safe_existing_reuse,3.4537713527679443,3,True,442368,1949415,0,69404468,206669,4960368,510,57.945830350974575,509299200,0.0,50.27645232225768,5.567991256015375,512,510,3.4606879491072435,-0.8504688372978797,0.031113716272207406,-0.8815825535700871,False,,"{""best_reuse"": ""adapter_1"", ""best_reuse_utility"": 0.031113716272207406, ""decision"": ""reuse"", ""fresh_advantage"": -0.8815825535700871, ""fresh_positive"": false, ""fresh_utility"": -0.8504688372978797, ""full_batch_guards"": {""adapter_1"": {""crossfit_feasible"": true, ""crossfit_utility"": 0.031113716272207406, ""crossfit_utility_positive"": true, ""full_batch_cur_after"": 3.426590919494629, ""full_batch_cur_before"": 3.4606878757476807, ""full_batch_gain"": 0.03409695625305176, ""full_batch_harm"": -0.03300756216049194, ""full_batch_harm_lcb"": -0.035865850783884524, ""full_batch_harm_se"": 0.0014583105221390724, ""full_batch_harm_ucb"": -0.030149273537099362, ""full_batch_safe"": true}, ""adapter_2"": {""crossfit_feasible"": true, ""crossfit_utility"": -0.9326379299163818, ""crossfit_utility_positive"": false, ""full_batch_cur_after"": 4.384749889373779, ""full_batch_cur_before"": 4.392425537109375, ""full_batch_gain"": 0.007675647735595703, ""full_batch_harm"": -0.022304248064756393, ""full_batch_harm_lcb"": -0.02262905639305245, ""full_batch_harm_se"": 0.0001657185348449275, ""full_batch_harm_ucb"": -0.021979439736460337, ""full_batch_safe"": true}, ""default"": {""crossfit_feasible"": true, ""crossfit_utility"": -1.0160430944882906, ""crossfit_utility_positive"": false, ""full_batch_cur_after"": 4.465902805328369, ""full_batch_cur_before"": 4.471114158630371, ""full_batch_gain"": 0.005211353302001953, ""full_batch_harm"": -0.026940569281578064, ""full_batch_harm_lcb"": -0.029151250948198138, ""full_batch_harm_se"": 0.0011278988095000386, ""full_batch_harm_ucb"": -0.02472988761495799, ""full_batch_safe"": true}}, ""guarded_best_reuse"": ""adapter_1"", ""num_adapters"": 3, ""pending_after"": false, ""pending_before"": false, ""policy_version"": ""cau_v1"", ""reason"": ""safe_existing_reuse"", ""utility"": {""batch_n"": 13, ""best_reuse"": ""adapter_1"", ""best_reuse_query_after"": 3.4295742328350363, ""best_reuse_utility"": 0.031113716272207406, ""budget_blocked_fresh"": false, ""defer_utility"": 0.0, ""fold_a_fresh_utility"": -0.8541994094848633, ""fold_a_query_n"": 6, ""fold_a_support_n"": 7, ""fold_b_fresh_utility"": -0.847271203994751, ""fold_b_query_n"": 7, ""fold_b_support_n"": 6, ""fresh_advantage"": -0.8815825535700871, ""fresh_local_trainability"": 0.009061739994929386, ""fresh_positive"": false, ""fresh_query_after"": 4.311156786405123, ""fresh_query_before"": 4.320218526400053, ""fresh_utility"": -0.8504688372978797, ""max_adapters"": 8, ""reuse_profiles"": {""adapter_1"": {""feasible_both"": true, ""fold_a_harm"": -0.0321311354637146, ""fold_a_lcb"": -0.03512285934761167, ""fold_a_query_after"": 3.421466827392578, ""fold_a_utility"": 0.02872753143310547, ""fold_b_harm"": -0.032343532890081406, ""fold_b_lcb"": -0.03509069254621863, ""fold_b_query_after"": 3.4365234375, ""fold_b_utility"": 0.03315901756286621, ""harm_lcb_max"": -0.03509069254621863, ""harm_mean"": -0.032237334176898, ""harm_se_mean"": 0.001464000903069973, ""harm_ucb_max"": -0.029139411579817535, ""local_trainability"": 0.031113716272207406, ""query_after"": 3.4295742328350363, ""query_before"": 3.4606879491072435, ""system_utility"": 0.031113716272207406}, ""adapter_2"": {""feasible_both"": true, ""fold_a_harm"": -0.02286350354552269, ""fold_a_lcb"": -0.02321874424291309, ""fold_a_query_after"": 4.386281967163086, ""fold_a_utility"": -0.9360876083374023, ""fold_b_harm"": -0.02262232080101967, ""fold_b_lcb"": -0.022955578242545016, ""fold_b_query_after"": 4.3993635177612305, ""fold_b_utility"": -0.9296810626983643, ""harm_lcb_max"": -0.022955578242545016, ""harm_mean"": -0.02274291217327118, ""harm_se_mean"": 0.00017563728033564985, ""harm_ucb_max"": -0.02228906335949432, ""local_trainability"": -0.0009008921109713041, ""query_after"": 4.393325879023625, ""query_before"": 4.392424986912654, ""system_utility"": -0.9326379299163818}, ""default"": {""feasible_both"": true, ""fold_a_harm"": -0.027673441916704178, ""fold_a_lcb"": -0.030029655261896552, ""fold_a_query_after"": 4.435845851898193, ""fold_a_utility"": -0.9856514930725098, ""fold_b_harm"": -0.02741721272468567, ""fold_b_lcb"": -0.029676669328473508, ""fold_b_query_after"": 4.511775493621826, ""fold_b_utility"": -1.04209303855896, ""harm_lcb_max"": -0.029676669328473508, ""harm_mean"": -0.027545327320694923, ""harm_se_mean"": 0.0011774668237194419, ""harm_ucb_max"": -0.02515775612089783, ""local_trainability"": -0.005617105043851412, ""query_after"": 4.476731043595534, ""query_before"": 4.4711139385516825, ""system_utility"": -1.0160430944882906}}, ""status"": ""ok"", ""statusquo_loss"": 3.4606879491072435, ""total_memory_budget"": 512}, ""utility_status"": ""ok""}"
