step,segment,concept,occurrence,adapter,decision,reason,loss,num_adapters,train_executed,lora_parameters,private_head_parameters,unwrapped_shared_head_parameters,total_unique_parameters,currently_trainable_parameters,optimizer_state_bytes,replay_items,elapsed_seconds,gpu_peak_allocated_bytes,component_audit_seconds,live_training_seconds,evaluation_seconds,statusquo_loss,fresh_utility,best_reuse_utility,fresh_advantage,fresh_positive,fresh_feasible_both,info
1,A1,A,1,default,warmup,existing_warmup,4.32242488861084,1,True,147456,649805,0,67809946,797261,6378200,16,2.284571047872305,397057536,0.0,0.4423415269702673,0.0,,,,,,,"{""best_reuse"": null, ""best_reuse_utility"": null, ""decision"": ""warmup"", ""fresh_positive"": null, ""fresh_utility"": null, ""full_batch_guards"": {}, ""guarded_best_reuse"": null, ""num_adapters"": 1, ""pending_after"": false, ""pending_before"": false, ""policy_version"": ""cau_v1"", ""reason"": ""existing_warmup"", ""utility_status"": ""warmup""}"
2,A1,A,1,default,warmup,existing_warmup,4.240264892578125,1,True,147456,649805,0,67809946,797261,6378200,32,2.311825281009078,397057536,0.0,0.4634182956069708,0.0,,,,,,,"{""best_reuse"": null, ""best_reuse_utility"": null, ""decision"": ""warmup"", ""fresh_positive"": null, ""fresh_utility"": null, ""full_batch_guards"": {}, ""guarded_best_reuse"": null, ""num_adapters"": 1, ""pending_after"": false, ""pending_before"": false, ""policy_version"": ""cau_v1"", ""reason"": ""existing_warmup"", ""utility_status"": ""warmup""}"
3,A1,A,1,default,warmup,existing_warmup,4.177577018737793,1,True,147456,649805,0,67809946,797261,6378200,48,2.334308320656419,416798720,0.0,0.48242706432938576,0.0,,,,,,,"{""best_reuse"": null, ""best_reuse_utility"": null, ""decision"": ""warmup"", ""fresh_positive"": null, ""fresh_utility"": null, ""full_batch_guards"": {}, ""guarded_best_reuse"": null, ""num_adapters"": 1, ""pending_after"": false, ""pending_before"": false, ""policy_version"": ""cau_v1"", ""reason"": ""existing_warmup"", ""utility_status"": ""warmup""}"
4,A1,A,1,default,warmup,existing_warmup,4.231990337371826,1,True,147456,649805,0,67809946,797261,6378200,64,2.3594914600253105,416798720,0.0,0.5047925673425198,0.0,,,,,,,"{""best_reuse"": null, ""best_reuse_utility"": null, ""decision"": ""warmup"", ""fresh_positive"": null, ""fresh_utility"": null, ""full_batch_guards"": {}, ""guarded_best_reuse"": null, ""num_adapters"": 1, ""pending_after"": false, ""pending_before"": false, ""policy_version"": ""cau_v1"", ""reason"": ""existing_warmup"", ""utility_status"": ""warmup""}"
5,A1,A,1,default,reuse,safe_existing_reuse,4.049771308898926,1,True,147456,649805,0,67809946,797261,6378200,80,2.6770029198378325,424957952,0.0,0.8194848895072937,0.0,4.027025938034058,-0.23186731338500977,0.0,-0.23186731338500977,False,,"{""best_reuse"": ""default"", ""best_reuse_utility"": 0.0, ""decision"": ""reuse"", ""fresh_advantage"": -0.23186731338500977, ""fresh_positive"": false, ""fresh_utility"": -0.23186731338500977, ""full_batch_guards"": {""default"": {""crossfit_feasible"": true, ""crossfit_utility"": 0.0, ""crossfit_utility_positive"": false, ""full_batch_cur_after"": 3.954400062561035, ""full_batch_cur_before"": 4.027026176452637, ""full_batch_gain"": 0.07262611389160156, ""full_batch_harm"": -0.0667215883731842, ""full_batch_harm_lcb"": -0.07077711617574095, ""full_batch_harm_se"": 0.0020691468380391598, ""full_batch_harm_ucb"": -0.06266606057062746, ""full_batch_safe"": true}}, ""guarded_best_reuse"": ""default"", ""num_adapters"": 1, ""pending_after"": false, ""pending_before"": false, ""policy_version"": ""cau_v1"", ""reason"": ""safe_existing_reuse"", ""utility"": {""batch_n"": 16, ""best_reuse"": ""default"", ""best_reuse_query_after"": 3.9678666591644287, ""best_reuse_query_before"": 4.027025938034058, ""best_reuse_utility"": 0.0, ""defer_utility"": 0.0, ""fold_a_query_n"": 8, ""fold_a_support_n"": 8, ""fold_b_query_n"": 8, ""fold_b_support_n"": 8, ""fresh_advantage"": -0.23186731338500977, ""fresh_local_trainability"": 0.03367328643798828, ""fresh_positive"": false, ""fresh_query_after"": 4.225219964981079, ""fresh_query_before"": 4.258893251419067, ""fresh_utility"": -0.23186731338500977, ""original_post_update_best_reuse"": ""default"", ""original_post_update_best_reuse_utility"": 0.059159278869628906, ""original_post_update_fold_a_fresh_utility"": -0.15947628021240234, ""original_post_update_fold_b_fresh_utility"": -0.23691177368164062, ""original_post_update_fresh_utility"": -0.19819402694702148, ""reuse_profiles"": {""default"": {""feasible_both"": true, ""fold_a_harm"": -0.06485520303249359, ""fold_a_lcb"": -0.06944755177013576, ""fold_a_query_after"": 4.041624069213867, ""fold_b_harm"": -0.06336279213428497, ""fold_b_lcb"": -0.06714487161487341, ""fold_b_query_after"": 3.8941092491149902, ""harm_lcb_max"": -0.06714487161487341, ""harm_mean"": -0.06410899758338928, ""harm_se_mean"": 0.0021363337291404605, ""harm_ucb_max"": -0.059580712653696535, ""local_trainability"": 0.059159278869628906, ""original_post_update_fold_a_utility"": 0.056088924407958984, ""original_post_update_fold_b_utility"": 0.06222963333129883, ""original_post_update_system_utility"": 0.059159278869628906, ""query_after"": 3.9678666591644287, ""query_before"": 4.027025938034058, ""system_utility"": 0.0}}, ""scoring_policy"": ""pre_update_query_loss_ablation"", ""status"": ""ok"", ""statusquo_loss"": 4.027025938034058}, ""utility_status"": ""ok""}"
6,A1,A,1,default,reuse,safe_existing_reuse,4.021472454071045,1,True,147456,649805,0,67809946,797261,6378200,96,2.9846581909805536,424957952,0.0,1.1234944704920053,0.0,4.023689031600952,-0.27495789527893066,0.0,-0.27495789527893066,False,,"{""best_reuse"": ""default"", ""best_reuse_utility"": 0.0, ""decision"": ""reuse"", ""fresh_advantage"": -0.27495789527893066, ""fresh_positive"": false, ""fresh_utility"": -0.27495789527893066, ""full_batch_guards"": {""default"": {""crossfit_feasible"": true, ""crossfit_utility"": 0.0, ""crossfit_utility_positive"": false, ""full_batch_cur_after"": 3.9550132751464844, ""full_batch_cur_before"": 4.023689270019531, ""full_batch_gain"": 0.06867599487304688, ""full_batch_harm"": -0.06792621314525604, ""full_batch_harm_lcb"": -0.07147653033025562, ""full_batch_harm_se"": 0.0018113863188773394, ""full_batch_harm_ucb"": -0.06437589596025646, ""full_batch_safe"": true}}, ""guarded_best_reuse"": ""default"", ""num_adapters"": 1, ""pending_after"": false, ""pending_before"": false, ""policy_version"": ""cau_v1"", ""reason"": ""safe_existing_reuse"", ""utility"": {""batch_n"": 16, ""best_reuse"": ""default"", ""best_reuse_query_after"": 3.9754527807235718, ""best_reuse_query_before"": 4.023689031600952, ""best_reuse_utility"": 0.0, ""defer_utility"": 0.0, ""fold_a_query_n"": 8, ""fold_a_support_n"": 8, ""fold_b_query_n"": 8, ""fold_b_support_n"": 8, ""fresh_advantage"": -0.27495789527893066, ""fresh_local_trainability"": -0.010076522827148438, ""fresh_positive"": false, ""fresh_query_after"": 4.308723449707031, ""fresh_query_before"": 4.298646926879883, ""fresh_utility"": -0.27495789527893066, ""original_post_update_best_reuse"": ""default"", ""original_post_update_best_reuse_utility"": 0.04823625087738037, ""original_post_update_fold_a_fresh_utility"": -0.28328895568847656, ""original_post_update_fold_b_fresh_utility"": -0.28677988052368164, ""original_post_update_fresh_utility"": -0.2850344181060791, ""reuse_profiles"": {""default"": {""feasible_both"": true, ""fold_a_harm"": -0.06575334072113037, ""fold_a_lcb"": -0.07016141611151397, ""fold_a_query_after"": 3.943596601486206, ""fold_b_harm"": -0.06349673867225647, ""fold_b_lcb"": -0.06782814850099385, ""fold_b_query_after"": 4.0073089599609375, ""harm_lcb_max"": -0.06782814850099385, ""harm_mean"": -0.06462503969669342, ""harm_se_mean"": 0.0022294605150818825, ""harm_ucb_max"": -0.05916532884351909, ""local_trainability"": 0.04823625087738037, ""original_post_update_fold_a_utility"": 0.04686474800109863, ""original_post_update_fold_b_utility"": 0.04960775375366211, ""original_post_update_system_utility"": 0.04823625087738037, ""query_after"": 3.9754527807235718, ""query_before"": 4.023689031600952, ""system_utility"": 0.0}}, ""scoring_policy"": ""pre_update_query_loss_ablation"", ""status"": ""ok"", ""statusquo_loss"": 4.023689031600952}, ""utility_status"": ""ok""}"
7,A1,A,1,default,reuse,safe_existing_reuse,4.054202079772949,1,True,147456,649805,0,67809946,797261,6378200,112,3.356368964537978,424957952,0.0,1.4904032405465841,0.0,4.0380425453186035,-0.29404187202453613,0.0,-0.29404187202453613,False,,"{""best_reuse"": ""default"", ""best_reuse_utility"": 0.0, ""decision"": ""reuse"", ""fresh_advantage"": -0.29404187202453613, ""fresh_positive"": false, ""fresh_utility"": -0.29404187202453613, ""full_batch_guards"": {""default"": {""crossfit_feasible"": true, ""crossfit_utility"": 0.0, ""crossfit_utility_positive"": false, ""full_batch_cur_after"": 3.967855453491211, ""full_batch_cur_before"": 4.038043022155762, ""full_batch_gain"": 0.07018756866455078, ""full_batch_harm"": -0.06895056366920471, ""full_batch_harm_lcb"": -0.07235348362475634, ""full_batch_harm_se"": 0.001736183650791645, ""full_batch_harm_ucb"": -0.06554764371365308, ""full_batch_safe"": true}}, ""guarded_best_reuse"": ""default"", ""num_adapters"": 1, ""pending_after"": false, ""pending_before"": false, ""policy_version"": ""cau_v1"", ""reason"": ""safe_existing_reuse"", ""utility"": {""batch_n"": 16, ""best_reuse"": ""default"", ""best_reuse_query_after"": 3.9738941192626953, ""best_reuse_query_before"": 4.0380425453186035, ""best_reuse_utility"": 0.0, ""defer_utility"": 0.0, ""fold_a_query_n"": 8, ""fold_a_support_n"": 8, ""fold_b_query_n"": 8, ""fold_b_support_n"": 8, ""fresh_advantage"": -0.29404187202453613, ""fresh_local_trainability"": 0.06501889228820801, ""fresh_positive"": false, ""fresh_query_after"": 4.267065525054932, ""fresh_query_before"": 4.33208441734314, ""fresh_utility"": -0.29404187202453613, ""original_post_update_best_reuse"": ""default"", ""original_post_update_best_reuse_utility"": 0.0641484260559082, ""original_post_update_fold_a_fresh_utility"": -0.27011966705322266, ""original_post_update_fold_b_fresh_utility"": -0.1879262924194336, ""original_post_update_fresh_utility"": -0.22902297973632812, ""reuse_profiles"": {""default"": {""feasible_both"": true, ""fold_a_harm"": -0.06661319732666016, ""fold_a_lcb"": -0.06934179297182709, ""fold_a_query_after"": 3.8924379348754883, ""fold_b_harm"": -0.06868333369493484, ""fold_b_lcb"": -0.07302767870947718, ""fold_b_query_after"": 4.055350303649902, ""harm_lcb_max"": -0.06934179297182709, ""harm_mean"": -0.0676482655107975, ""harm_se_mean"": 0.001804321596864611, ""harm_ucb_max"": -0.06388460168149322, ""local_trainability"": 0.0641484260559082, ""original_post_update_fold_a_utility"": 0.07097339630126953, ""original_post_update_fold_b_utility"": 0.057323455810546875, ""original_post_update_system_utility"": 0.0641484260559082, ""query_after"": 3.9738941192626953, ""query_before"": 4.0380425453186035, ""system_utility"": 0.0}}, ""scoring_policy"": ""pre_update_query_loss_ablation"", ""status"": ""ok"", ""statusquo_loss"": 4.0380425453186035}, ""utility_status"": ""ok""}"
8,A1,A,1,default,reuse,safe_existing_reuse,3.966667652130127,1,True,147456,649805,0,67809946,797261,6378200,128,3.662538092583418,435695616,0.0,1.793075380846858,0.0,3.93852162361145,-0.4038736820220947,0.0,-0.4038736820220947,False,,"{""best_reuse"": ""default"", ""best_reuse_utility"": 0.0, ""decision"": ""reuse"", ""fresh_advantage"": -0.4038736820220947, ""fresh_positive"": false, ""fresh_utility"": -0.4038736820220947, ""full_batch_guards"": {""default"": {""crossfit_feasible"": true, ""crossfit_utility"": 0.0, ""crossfit_utility_positive"": false, ""full_batch_cur_after"": 3.8668878078460693, ""full_batch_cur_before"": 3.9385218620300293, ""full_batch_gain"": 0.07163405418395996, ""full_batch_harm"": -0.07059738039970398, ""full_batch_harm_lcb"": -0.07324282554909586, ""full_batch_harm_se"": 0.0013497169129550457, ""full_batch_harm_ucb"": -0.0679519352503121, ""full_batch_safe"": true}}, ""guarded_best_reuse"": ""default"", ""num_adapters"": 1, ""pending_after"": false, ""pending_before"": false, ""policy_version"": ""cau_v1"", ""reason"": ""safe_existing_reuse"", ""utility"": {""batch_n"": 16, ""best_reuse"": ""default"", ""best_reuse_query_after"": 3.8781059980392456, ""best_reuse_query_before"": 3.93852162361145, ""best_reuse_utility"": 0.0, ""defer_utility"": 0.0, ""fold_a_query_n"": 8, ""fold_a_support_n"": 8, ""fold_b_query_n"": 8, ""fold_b_support_n"": 8, ""fresh_advantage"": -0.4038736820220947, ""fresh_local_trainability"": 0.03252983093261719, ""fresh_positive"": false, ""fresh_query_after"": 4.309865474700928, ""fresh_query_before"": 4.342395305633545, ""fresh_utility"": -0.4038736820220947, ""original_post_update_best_reuse"": ""default"", ""original_post_update_best_reuse_utility"": 0.06041562557220459, ""original_post_update_fold_a_fresh_utility"": -0.41607236862182617, ""original_post_update_fold_b_fresh_utility"": -0.3266153335571289, ""original_post_update_fresh_utility"": -0.37134385108947754, ""reuse_profiles"": {""default"": {""feasible_both"": true, ""fold_a_harm"": -0.06729014217853546, ""fold_a_lcb"": -0.07026695009786636, ""fold_a_query_after"": 3.879209280014038, ""fold_b_harm"": -0.06993668526411057, ""fold_b_lcb"": -0.07314562443643809, ""fold_b_query_after"": 3.877002716064453, ""harm_lcb_max"": -0.07026695009786636, ""harm_mean"": -0.06861341372132301, ""harm_se_mean"": 0.0015779967070557177, ""harm_ucb_max"": -0.06431333425920456, ""local_trainability"": 0.06041562557220459, ""original_post_update_fold_a_utility"": 0.05993819236755371, ""original_post_update_fold_b_utility"": 0.06089305877685547, ""original_post_update_system_utility"": 0.06041562557220459, ""query_after"": 3.8781059980392456, ""query_before"": 3.93852162361145, ""system_utility"": 0.0}}, ""scoring_policy"": ""pre_update_query_loss_ablation"", ""status"": ""ok"", ""statusquo_loss"": 3.93852162361145}, ""utility_status"": ""ok""}"
9,A1,A,1,default,reuse,safe_existing_reuse,3.8468637466430664,1,True,147456,649805,0,67809946,797261,6378200,144,3.984111884608865,465800192,0.0,2.11070460639894,0.0,3.8450894355773926,-0.4734187126159668,0.0,-0.4734187126159668,False,,"{""best_reuse"": ""default"", ""best_reuse_utility"": 0.0, ""decision"": ""reuse"", ""fresh_advantage"": -0.4734187126159668, ""fresh_positive"": false, ""fresh_utility"": -0.4734187126159668, ""full_batch_guards"": {""default"": {""crossfit_feasible"": true, ""crossfit_utility"": 0.0, ""crossfit_utility_positive"": false, ""full_batch_cur_after"": 3.766258955001831, ""full_batch_cur_before"": 3.8450894355773926, ""full_batch_gain"": 0.07883048057556152, ""full_batch_harm"": -0.07322560995817184, ""full_batch_harm_lcb"": -0.07636941662523895, ""full_batch_harm_se"": 0.001603982993401587, ""full_batch_harm_ucb"": -0.07008180329110474, ""full_batch_safe"": true}}, ""guarded_best_reuse"": ""default"", ""num_adapters"": 1, ""pending_after"": false, ""pending_before"": false, ""policy_version"": ""cau_v1"", ""reason"": ""safe_existing_reuse"", ""utility"": {""batch_n"": 16, ""best_reuse"": ""default"", ""best_reuse_query_after"": 3.777923345565796, ""best_reuse_query_before"": 3.8450894355773926, ""best_reuse_utility"": 0.0, ""defer_utility"": 0.0, ""fold_a_query_n"": 8, ""fold_a_support_n"": 8, ""fold_b_query_n"": 8, ""fold_b_support_n"": 8, ""fresh_advantage"": -0.4734187126159668, ""fresh_local_trainability"": 0.025000572204589844, ""fresh_positive"": false, ""fresh_query_after"": 4.2935075759887695, ""fresh_query_before"": 4.318508148193359, ""fresh_utility"": -0.4734187126159668, ""original_post_update_best_reuse"": ""default"", ""original_post_update_best_reuse_utility"": 0.06716609001159668, ""original_post_update_fold_a_fresh_utility"": -0.4814188480377197, ""original_post_update_fold_b_fresh_utility"": -0.4154174327850342, ""original_post_update_fresh_utility"": -0.44841814041137695, ""reuse_profiles"": {""default"": {""feasible_both"": true, ""fold_a_harm"": -0.07018260657787323, ""fold_a_lcb"": -0.07319329377729446, ""fold_a_query_after"": 3.7641220092773438, ""fold_b_harm"": -0.07174988836050034, ""fold_b_lcb"": -0.0756210077367723, ""fold_b_query_after"": 3.791724681854248, ""harm_lcb_max"": -0.07319329377729446, ""harm_mean"": -0.07096624746918678, ""harm_se_mean"": 0.0017555629019625485, ""harm_ucb_max"": -0.067171919378452, ""local_trainability"": 0.06716609001159668, ""original_post_update_fold_a_utility"": 0.07017731666564941, ""original_post_update_fold_b_utility"": 0.06415486335754395, ""original_post_update_system_utility"": 0.06716609001159668, ""query_after"": 3.777923345565796, ""query_before"": 3.8450894355773926, ""system_utility"": 0.0}}, ""scoring_policy"": ""pre_update_query_loss_ablation"", ""status"": ""ok"", ""statusquo_loss"": 3.8450894355773926}, ""utility_status"": ""ok""}"
10,A1,A,1,default,reuse,safe_existing_reuse,3.7144155502319336,1,True,147456,649805,0,67809946,797261,6378200,160,4.314399786293507,465800192,0.0,2.435682773590088,0.0,3.705215811729431,-0.5805050134658813,0.0,-0.5805050134658813,False,,"{""best_reuse"": ""default"", ""best_reuse_utility"": 0.0, ""decision"": ""reuse"", ""fresh_advantage"": -0.5805050134658813, ""fresh_positive"": false, ""fresh_utility"": -0.5805050134658813, ""full_batch_guards"": {""default"": {""crossfit_feasible"": true, ""crossfit_utility"": 0.0, ""crossfit_utility_positive"": false, ""full_batch_cur_after"": 3.622997760772705, ""full_batch_cur_before"": 3.7052159309387207, ""full_batch_gain"": 0.08221817016601562, ""full_batch_harm"": -0.0772368535399437, ""full_batch_harm_lcb"": -0.08062214066274465, ""full_batch_harm_se"": 0.0017271873075515032, ""full_batch_harm_ucb"": -0.07385156641714274, ""full_batch_safe"": true}}, ""guarded_best_reuse"": ""default"", ""num_adapters"": 1, ""pending_after"": false, ""pending_before"": false, ""policy_version"": ""cau_v1"", ""reason"": ""safe_existing_reuse"", ""utility"": {""batch_n"": 16, ""best_reuse"": ""default"", ""best_reuse_query_after"": 3.6293011903762817, ""best_reuse_query_before"": 3.705215811729431, ""best_reuse_utility"": 0.0, ""defer_utility"": 0.0, ""fold_a_query_n"": 8, ""fold_a_support_n"": 8, ""fold_b_query_n"": 8, ""fold_b_support_n"": 8, ""fresh_advantage"": -0.5805050134658813, ""fresh_local_trainability"": 0.055922508239746094, ""fresh_positive"": false, ""fresh_query_after"": 4.229798316955566, ""fresh_query_before"": 4.2857208251953125, ""fresh_utility"": -0.5805050134658813, ""original_post_update_best_reuse"": ""default"", ""original_post_update_best_reuse_utility"": 0.07591462135314941, ""original_post_update_fold_a_fresh_utility"": -0.5622549057006836, ""original_post_update_fold_b_fresh_utility"": -0.4869101047515869, ""original_post_update_fresh_utility"": -0.5245825052261353, ""reuse_profiles"": {""default"": {""feasible_both"": true, ""fold_a_harm"": -0.0755854994058609, ""fold_a_lcb"": -0.07856933736708015, ""fold_a_query_after"": 3.577146291732788, ""fold_b_harm"": -0.07600995898246765, ""fold_b_lcb"": -0.08014026762917638, ""fold_b_query_after"": 3.6814560890197754, ""harm_lcb_max"": -0.07856933736708015, ""harm_mean"": -0.07579772919416428, ""harm_se_mean"": 0.001814833318348974, ""harm_ucb_max"": -0.07187965033575892, ""local_trainability"": 0.07591462135314941, ""original_post_update_fold_a_utility"": 0.08085227012634277, ""original_post_update_fold_b_utility"": 0.07097697257995605, ""original_post_update_system_utility"": 0.07591462135314941, ""query_after"": 3.6293011903762817, ""query_before"": 3.705215811729431, ""system_utility"": 0.0}}, ""scoring_policy"": ""pre_update_query_loss_ablation"", ""status"": ""ok"", ""statusquo_loss"": 3.705215811729431}, ""utility_status"": ""ok""}"
11,A1,A,1,default,reuse,safe_existing_reuse,3.6892409324645996,1,True,147456,649805,0,67809946,797261,6378200,176,4.646612083539367,465800192,0.0,2.7639081925153732,0.0,3.6548898220062256,-0.65647292137146,0.0,-0.65647292137146,False,,"{""best_reuse"": ""default"", ""best_reuse_utility"": 0.0, ""decision"": ""reuse"", ""fresh_advantage"": -0.65647292137146, ""fresh_positive"": false, ""fresh_utility"": -0.65647292137146, ""full_batch_guards"": {""default"": {""crossfit_feasible"": true, ""crossfit_utility"": 0.0, ""crossfit_utility_positive"": false, ""full_batch_cur_after"": 3.5679430961608887, ""full_batch_cur_before"": 3.6548900604248047, ""full_batch_gain"": 0.08694696426391602, ""full_batch_harm"": -0.0812569260597229, ""full_batch_harm_lcb"": -0.08522969514131545, ""full_batch_harm_se"": 0.0020269230008125305, ""full_batch_harm_ucb"": -0.07728415697813035, ""full_batch_safe"": true}}, ""guarded_best_reuse"": ""default"", ""num_adapters"": 1, ""pending_after"": false, ""pending_before"": false, ""policy_version"": ""cau_v1"", ""reason"": ""safe_existing_reuse"", ""utility"": {""batch_n"": 16, ""best_reuse"": ""default"", ""best_reuse_query_after"": 3.5782363414764404, ""best_reuse_query_before"": 3.6548898220062256, ""best_reuse_utility"": 0.0, ""defer_utility"": 0.0, ""fold_a_query_n"": 8, ""fold_a_support_n"": 8, ""fold_b_query_n"": 8, ""fold_b_support_n"": 8, ""fresh_advantage"": -0.65647292137146, ""fresh_local_trainability"": 0.0352015495300293, ""fresh_positive"": false, ""fresh_query_after"": 4.276161193847656, ""fresh_query_before"": 4.3113627433776855, ""fresh_utility"": -0.65647292137146, ""original_post_update_best_reuse"": ""default"", ""original_post_update_best_reuse_utility"": 0.07665348052978516, ""original_post_update_fold_a_fresh_utility"": -0.6247119903564453, ""original_post_update_fold_b_fresh_utility"": -0.617830753326416, ""original_post_update_fresh_utility"": -0.6212713718414307, ""reuse_profiles"": {""default"": {""feasible_both"": true, ""fold_a_harm"": -0.07836839556694031, ""fold_a_lcb"": -0.08259210040792823, ""fold_a_query_after"": 3.5638303756713867, ""fold_b_harm"": -0.08069640398025513, ""fold_b_lcb"": -0.08457872533239424, ""fold_b_query_after"": 3.592642307281494, ""harm_lcb_max"": -0.08259210040792823, ""harm_mean"": -0.07953239977359772, ""harm_se_mean"": 0.002067863824777305, ""harm_ucb_max"": -0.07414469072595238, ""local_trainability"": 0.07665348052978516, ""original_post_update_fold_a_utility"": 0.07554912567138672, ""original_post_update_fold_b_utility"": 0.0777578353881836, ""original_post_update_system_utility"": 0.07665348052978516, ""query_after"": 3.5782363414764404, ""query_before"": 3.6548898220062256, ""system_utility"": 0.0}}, ""scoring_policy"": ""pre_update_query_loss_ablation"", ""status"": ""ok"", ""statusquo_loss"": 3.6548898220062256}, ""utility_status"": ""ok""}"
12,A1,A,1,default,reuse,safe_existing_reuse,3.772078275680542,1,True,147456,649805,0,67809946,797261,6378200,192,4.969524022191763,465800192,0.0,3.083049139007926,0.0,3.761906623840332,-0.5931172370910645,0.0,-0.5931172370910645,False,,"{""best_reuse"": ""default"", ""best_reuse_utility"": 0.0, ""decision"": ""reuse"", ""fresh_advantage"": -0.5931172370910645, ""fresh_positive"": false, ""fresh_utility"": -0.5931172370910645, ""full_batch_guards"": {""default"": {""crossfit_feasible"": true, ""crossfit_utility"": 0.0, ""crossfit_utility_positive"": false, ""full_batch_cur_after"": 3.676217555999756, ""full_batch_cur_before"": 3.761906623840332, ""full_batch_gain"": 0.08568906784057617, ""full_batch_harm"": -0.08345538377761841, ""full_batch_harm_lcb"": -0.0868390396842733, ""full_batch_harm_se"": 0.0017263550544157624, ""full_batch_harm_ucb"": -0.08007172787096352, ""full_batch_safe"": true}}, ""guarded_best_reuse"": ""default"", ""num_adapters"": 1, ""pending_after"": false, ""pending_before"": false, ""policy_version"": ""cau_v1"", ""reason"": ""safe_existing_reuse"", ""utility"": {""batch_n"": 16, ""best_reuse"": ""default"", ""best_reuse_query_after"": 3.6804096698760986, ""best_reuse_query_before"": 3.761906623840332, ""best_reuse_utility"": 0.0, ""defer_utility"": 0.0, ""fold_a_query_n"": 8, ""fold_a_support_n"": 8, ""fold_b_query_n"": 8, ""fold_b_support_n"": 8, ""fresh_advantage"": -0.5931172370910645, ""fresh_local_trainability"": 0.08049392700195312, ""fresh_positive"": false, ""fresh_query_after"": 4.274529933929443, ""fresh_query_before"": 4.3550238609313965, ""fresh_utility"": -0.5931172370910645, ""original_post_update_best_reuse"": ""default"", ""original_post_update_best_reuse_utility"": 0.0814969539642334, ""original_post_update_fold_a_fresh_utility"": -0.49967193603515625, ""original_post_update_fold_b_fresh_utility"": -0.5255746841430664, ""original_post_update_fresh_utility"": -0.5126233100891113, ""reuse_profiles"": {""default"": {""feasible_both"": true, ""fold_a_harm"": -0.0832953080534935, ""fold_a_lcb"": -0.08708694893866778, ""fold_a_query_after"": 3.7050881385803223, ""fold_b_harm"": -0.08172884583473206, ""fold_b_lcb"": -0.08461568541824818, ""fold_b_query_after"": 3.655731201171875, ""harm_lcb_max"": -0.08461568541824818, ""harm_mean"": -0.08251207694411278, ""harm_se_mean"": 0.0017036939971148968, ""harm_ucb_max"": -0.07884200625121593, ""local_trainability"": 0.0814969539642334, ""original_post_update_fold_a_utility"": 0.07979631423950195, ""original_post_update_fold_b_utility"": 0.08319759368896484, ""original_post_update_system_utility"": 0.0814969539642334, ""query_after"": 3.6804096698760986, ""query_before"": 3.761906623840332, ""system_utility"": 0.0}}, ""scoring_policy"": ""pre_update_query_loss_ablation"", ""status"": ""ok"", ""statusquo_loss"": 3.761906623840332}, ""utility_status"": ""ok""}"
13,A1,A,1,default,reuse,safe_existing_reuse,3.593141555786133,1,True,147456,649805,0,67809946,797261,6378200,208,5.292066756635904,465800192,0.0,3.401659406721592,0.0,3.5559908151626587,-0.758203387260437,0.0,-0.758203387260437,False,,"{""best_reuse"": ""default"", ""best_reuse_utility"": 0.0, ""decision"": ""reuse"", ""fresh_advantage"": -0.758203387260437, ""fresh_positive"": false, ""fresh_utility"": -0.758203387260437, ""full_batch_guards"": {""default"": {""crossfit_feasible"": true, ""crossfit_utility"": 0.0, ""crossfit_utility_positive"": false, ""full_batch_cur_after"": 3.4644641876220703, ""full_batch_cur_before"": 3.5559909343719482, ""full_batch_gain"": 0.09152674674987793, ""full_batch_harm"": -0.0883558839559555, ""full_batch_harm_lcb"": -0.09243746147491037, ""full_batch_harm_se"": 0.0020824375096708536, ""full_batch_harm_ucb"": -0.08427430643700064, ""full_batch_safe"": true}}, ""guarded_best_reuse"": ""default"", ""num_adapters"": 1, ""pending_after"": false, ""pending_before"": false, ""policy_version"": ""cau_v1"", ""reason"": ""safe_existing_reuse"", ""utility"": {""batch_n"": 16, ""best_reuse"": ""default"", ""best_reuse_query_after"": 3.473472833633423, ""best_reuse_query_before"": 3.5559908151626587, ""best_reuse_utility"": 0.0, ""defer_utility"": 0.0, ""fold_a_query_n"": 8, ""fold_a_support_n"": 8, ""fold_b_query_n"": 8, ""fold_b_support_n"": 8, ""fresh_advantage"": -0.758203387260437, ""fresh_local_trainability"": 0.03846883773803711, ""fresh_positive"": false, ""fresh_query_after"": 4.275725364685059, ""fresh_query_before"": 4.314194202423096, ""fresh_utility"": -0.758203387260437, ""original_post_update_best_reuse"": ""default"", ""original_post_update_best_reuse_utility"": 0.08251798152923584, ""original_post_update_fold_a_fresh_utility"": -0.6989903450012207, ""original_post_update_fold_b_fresh_utility"": -0.7404787540435791, ""original_post_update_fresh_utility"": -0.7197345495223999, ""reuse_profiles"": {""default"": {""feasible_both"": true, ""fold_a_harm"": -0.08523768186569214, ""fold_a_lcb"": -0.08953106512315571, ""fold_a_query_after"": 3.5284194946289062, ""fold_b_harm"": -0.08796810358762741, ""fold_b_lcb"": -0.09203195426613092, ""fold_b_query_after"": 3.4185261726379395, ""harm_lcb_max"": -0.08953106512315571, ""harm_mean"": -0.08660289272665977, ""harm_se_mean"": 0.0021319474326446652, ""harm_ucb_max"": -0.08094429860822856, ""local_trainability"": 0.08251798152923584, ""original_post_update_fold_a_utility"": 0.08071279525756836, ""original_post_update_fold_b_utility"": 0.08432316780090332, ""original_post_update_system_utility"": 0.08251798152923584, ""query_after"": 3.473472833633423, ""query_before"": 3.5559908151626587, ""system_utility"": 0.0}}, ""scoring_policy"": ""pre_update_query_loss_ablation"", ""status"": ""ok"", ""statusquo_loss"": 3.5559908151626587}, ""utility_status"": ""ok""}"
14,A1,A,1,default,reuse,safe_existing_reuse,3.528048515319824,1,True,147456,649805,0,67809946,797261,6378200,224,5.6168979704380035,465800192,0.0,3.7219181209802628,0.0,3.4977270364761353,-0.8638139963150024,0.0,-0.8638139963150024,False,,"{""best_reuse"": ""default"", ""best_reuse_utility"": 0.0, ""decision"": ""reuse"", ""fresh_advantage"": -0.8638139963150024, ""fresh_positive"": false, ""fresh_utility"": -0.8638139963150024, ""full_batch_guards"": {""default"": {""crossfit_feasible"": true, ""crossfit_utility"": 0.0, ""crossfit_utility_positive"": false, ""full_batch_cur_after"": 3.4097707271575928, ""full_batch_cur_before"": 3.4977269172668457, ""full_batch_gain"": 0.08795619010925293, ""full_batch_harm"": -0.09200620651245117, ""full_batch_harm_lcb"": -0.0954519832553342, ""full_batch_harm_se"": 0.001758049358613789, ""full_batch_harm_ucb"": -0.08856042976956814, ""full_batch_safe"": true}}, ""guarded_best_reuse"": ""default"", ""num_adapters"": 1, ""pending_after"": false, ""pending_before"": false, ""policy_version"": ""cau_v1"", ""reason"": ""safe_existing_reuse"", ""utility"": {""batch_n"": 16, ""best_reuse"": ""default"", ""best_reuse_query_after"": 3.4185421466827393, ""best_reuse_query_before"": 3.4977270364761353, ""best_reuse_utility"": 0.0, ""defer_utility"": 0.0, ""fold_a_query_n"": 8, ""fold_a_support_n"": 8, ""fold_b_query_n"": 8, ""fold_b_support_n"": 8, ""fresh_advantage"": -0.8638139963150024, ""fresh_local_trainability"": 0.0518646240234375, ""fresh_positive"": false, ""fresh_query_after"": 4.3096764087677, ""fresh_query_before"": 4.361541032791138, ""fresh_utility"": -0.8638139963150024, ""original_post_update_best_reuse"": ""default"", ""original_post_update_best_reuse_utility"": 0.079184889793396, ""original_post_update_fold_a_fresh_utility"": -0.8372275829315186, ""original_post_update_fold_b_fresh_utility"": -0.7866711616516113, ""original_post_update_fresh_utility"": -0.8119493722915649, ""reuse_profiles"": {""default"": {""feasible_both"": true, ""fold_a_harm"": -0.09044784307479858, ""fold_a_lcb"": -0.09410381670109928, ""fold_a_query_after"": 3.3705148696899414, ""fold_b_harm"": -0.09072034806013107, ""fold_b_lcb"": -0.09465917716734111, ""fold_b_query_after"": 3.466569423675537, ""harm_lcb_max"": -0.09410381670109928, ""harm_mean"": -0.09058409556746483, ""harm_se_mean"": 0.0019374496769160032, ""harm_ucb_max"": -0.08678151895292104, ""local_trainability"": 0.079184889793396, ""original_post_update_fold_a_utility"": 0.07792210578918457, ""original_post_update_fold_b_utility"": 0.08044767379760742, ""original_post_update_system_utility"": 0.079184889793396, ""query_after"": 3.4185421466827393, ""query_before"": 3.4977270364761353, ""system_utility"": 0.0}}, ""scoring_policy"": ""pre_update_query_loss_ablation"", ""status"": ""ok"", ""statusquo_loss"": 3.4977270364761353}, ""utility_status"": ""ok""}"
15,A1,A,1,default,reuse,safe_existing_reuse,3.455538749694824,1,True,147456,649805,0,67809946,797261,6378200,240,5.9364683125168085,465800192,0.0,4.037532264366746,0.0,3.420681595802307,-0.944999098777771,0.0,-0.944999098777771,False,,"{""best_reuse"": ""default"", ""best_reuse_utility"": 0.0, ""decision"": ""reuse"", ""fresh_advantage"": -0.944999098777771, ""fresh_positive"": false, ""fresh_utility"": -0.944999098777771, ""full_batch_guards"": {""default"": {""crossfit_feasible"": true, ""crossfit_utility"": 0.0, ""crossfit_utility_positive"": false, ""full_batch_cur_after"": 3.3251166343688965, ""full_batch_cur_before"": 3.4206817150115967, ""full_batch_gain"": 0.0955650806427002, ""full_batch_harm"": -0.09209777414798737, ""full_batch_harm_lcb"": -0.09505933296866714, ""full_batch_harm_se"": 0.0015109993983060122, ""full_batch_harm_ucb"": -0.08913621532730759, ""full_batch_safe"": true}}, ""guarded_best_reuse"": ""default"", ""num_adapters"": 1, ""pending_after"": false, ""pending_before"": false, ""policy_version"": ""cau_v1"", ""reason"": ""safe_existing_reuse"", ""utility"": {""batch_n"": 16, ""best_reuse"": ""default"", ""best_reuse_query_after"": 3.333797812461853, ""best_reuse_query_before"": 3.420681595802307, ""best_reuse_utility"": 0.0, ""defer_utility"": 0.0, ""fold_a_query_n"": 8, ""fold_a_support_n"": 8, ""fold_b_query_n"": 8, ""fold_b_support_n"": 8, ""fresh_advantage"": -0.944999098777771, ""fresh_local_trainability"": 0.04791450500488281, ""fresh_positive"": false, ""fresh_query_after"": 4.317766189575195, ""fresh_query_before"": 4.365680694580078, ""fresh_utility"": -0.944999098777771, ""original_post_update_best_reuse"": ""default"", ""original_post_update_best_reuse_utility"": 0.0868837833404541, ""original_post_update_fold_a_fresh_utility"": -0.9769613742828369, ""original_post_update_fold_b_fresh_utility"": -0.8172078132629395, ""original_post_update_fresh_utility"": -0.8970845937728882, ""reuse_profiles"": {""default"": {""feasible_both"": true, ""fold_a_harm"": -0.09001611173152924, ""fold_a_lcb"": -0.09279550074134021, ""fold_a_query_after"": 3.256488084793091, ""fold_b_harm"": -0.09098900109529495, ""fold_b_lcb"": -0.09445599825121462, ""fold_b_query_after"": 3.4111075401306152, ""harm_lcb_max"": -0.09279550074134021, ""harm_mean"": -0.0905025564134121, ""harm_se_mean"": 0.001593465858604759, ""harm_ucb_max"": -0.08723672272171826, ""local_trainability"": 0.0868837833404541, ""original_post_update_fold_a_utility"": 0.08835268020629883, ""original_post_update_fold_b_utility"": 0.08541488647460938, ""original_post_update_system_utility"": 0.0868837833404541, ""query_after"": 3.333797812461853, ""query_before"": 3.420681595802307, ""system_utility"": 0.0}}, ""scoring_policy"": ""pre_update_query_loss_ablation"", ""status"": ""ok"", ""statusquo_loss"": 3.420681595802307}, ""utility_status"": ""ok""}"
16,A1,A,1,default,reuse,safe_existing_reuse,3.2400591373443604,1,True,147456,649805,0,67809946,797261,6378200,253,6.246382720768452,465800192,0.0,4.343486417084932,0.0,3.203370589476365,-1.0737764468559856,0.0,-1.0737764468559856,False,,"{""best_reuse"": ""default"", ""best_reuse_utility"": 0.0, ""decision"": ""reuse"", ""fresh_advantage"": -1.0737764468559856, ""fresh_positive"": false, ""fresh_utility"": -1.0737764468559856, ""full_batch_guards"": {""default"": {""crossfit_feasible"": true, ""crossfit_utility"": 0.0, ""crossfit_utility_positive"": false, ""full_batch_cur_after"": 3.1009809970855713, ""full_batch_cur_before"": 3.203371047973633, ""full_batch_gain"": 0.10239005088806152, ""full_batch_harm"": -0.09258370101451874, ""full_batch_harm_lcb"": -0.09650966475717723, ""full_batch_harm_se"": 0.0020030427258461714, ""full_batch_harm_ucb"": -0.08865773727186024, ""full_batch_safe"": true}}, ""guarded_best_reuse"": ""default"", ""num_adapters"": 1, ""pending_after"": false, ""pending_before"": false, ""policy_version"": ""cau_v1"", ""reason"": ""safe_existing_reuse"", ""utility"": {""batch_n"": 13, ""best_reuse"": ""default"", ""best_reuse_query_after"": 3.1194710914905253, ""best_reuse_query_before"": 3.203370589476365, ""best_reuse_utility"": 0.0, ""defer_utility"": 0.0, ""fold_a_query_n"": 6, ""fold_a_support_n"": 7, ""fold_b_query_n"": 7, ""fold_b_support_n"": 6, ""fresh_advantage"": -1.0737764468559856, ""fresh_local_trainability"": -0.002162823310265174, ""fresh_positive"": false, ""fresh_query_after"": 4.279309859642615, ""fresh_query_before"": 4.277147036332351, ""fresh_utility"": -1.0737764468559856, ""original_post_update_best_reuse"": ""default"", ""original_post_update_best_reuse_utility"": 0.08389949798583984, ""original_post_update_fold_a_fresh_utility"": -0.9446098804473877, ""original_post_update_fold_b_fresh_utility"": -1.188507318496704, ""original_post_update_fresh_utility"": -1.0759392701662505, ""reuse_profiles"": {""default"": {""feasible_both"": true, ""fold_a_harm"": -0.0904696062207222, ""fold_a_lcb"": -0.09502092561684548, ""fold_a_query_after"": 3.3319523334503174, ""fold_b_harm"": -0.08878615498542786, ""fold_b_lcb"": -0.09194806749001146, ""fold_b_query_after"": 2.9373443126678467, ""harm_lcb_max"": -0.09194806749001146, ""harm_mean"": -0.08962788060307503, ""harm_se_mean"": 0.00196766119915992, ""harm_ucb_max"": -0.08562424248084426, ""local_trainability"": 0.08389949798583984, ""original_post_update_fold_a_utility"": 0.07944345474243164, ""original_post_update_fold_b_utility"": 0.08771896362304688, ""original_post_update_system_utility"": 0.08389949798583984, ""query_after"": 3.1194710914905253, ""query_before"": 3.203370589476365, ""system_utility"": 0.0}}, ""scoring_policy"": ""pre_update_query_loss_ablation"", ""status"": ""ok"", ""statusquo_loss"": 3.203370589476365}, ""utility_status"": ""ok""}"
17,B1,B,1,default,reuse,pending_fresh_safe_existing_reuse,4.826037406921387,1,True,147456,649805,0,67809946,797261,6378200,269,7.496797192841768,490118656,0.0,4.659090930595994,0.9306202922016382,4.816312789916992,0.48805761337280273,0.0,0.48805761337280273,True,,"{""best_reuse"": ""default"", ""best_reuse_utility"": 0.0, ""decision"": ""reuse"", ""fresh_advantage"": 0.48805761337280273, ""fresh_positive"": true, ""fresh_utility"": 0.48805761337280273, ""full_batch_guards"": {""default"": {""crossfit_feasible"": true, ""crossfit_utility"": 0.0, ""crossfit_utility_positive"": false, ""full_batch_cur_after"": 4.831377983093262, ""full_batch_cur_before"": 4.816312789916992, ""full_batch_gain"": -0.015065193176269531, ""full_batch_harm"": -0.07339433580636978, ""full_batch_harm_lcb"": -0.07623516364023089, ""full_batch_harm_se"": 0.001449401956051588, ""full_batch_harm_ucb"": -0.07055350797250867, ""full_batch_safe"": true}}, ""guarded_best_reuse"": ""default"", ""num_adapters"": 1, ""pending_after"": true, ""pending_before"": false, ""policy_version"": ""cau_v1"", ""reason"": ""pending_fresh_safe_existing_reuse"", ""utility"": {""batch_n"": 16, ""best_reuse"": ""default"", ""best_reuse_query_after"": 4.854250431060791, ""best_reuse_query_before"": 4.816312789916992, ""best_reuse_utility"": 0.0, ""defer_utility"": 0.0, ""fold_a_query_n"": 8, ""fold_a_support_n"": 8, ""fold_b_query_n"": 8, ""fold_b_support_n"": 8, ""fresh_advantage"": 0.48805761337280273, ""fresh_local_trainability"": 0.04880094528198242, ""fresh_positive"": true, ""fresh_query_after"": 4.279454231262207, ""fresh_query_before"": 4.3282551765441895, ""fresh_utility"": 0.48805761337280273, ""original_post_update_best_reuse"": ""default"", ""original_post_update_best_reuse_utility"": -0.03793764114379883, ""original_post_update_fold_a_fresh_utility"": 0.4459085464477539, ""original_post_update_fold_b_fresh_utility"": 0.6278085708618164, ""original_post_update_fresh_utility"": 0.5368585586547852, ""reuse_profiles"": {""default"": {""feasible_both"": true, ""fold_a_harm"": -0.07586486637592316, ""fold_a_lcb"": -0.07867173552513122, ""fold_a_query_after"": 4.795343399047852, ""fold_b_harm"": -0.07447535544633865, ""fold_b_lcb"": -0.07741957167163491, ""fold_b_query_after"": 4.9131574630737305, ""harm_lcb_max"": -0.07741957167163491, ""harm_mean"": -0.0751701109111309, ""harm_se_mean"": 0.0014671136159449816, ""harm_ucb_max"": -0.0715311392210424, ""local_trainability"": -0.03793764114379883, ""original_post_update_fold_a_utility"": -0.041184425354003906, ""original_post_update_fold_b_utility"": -0.03469085693359375, ""original_post_update_system_utility"": -0.03793764114379883, ""query_after"": 4.854250431060791, ""query_before"": 4.816312789916992, ""system_utility"": 0.0}}, ""scoring_policy"": ""pre_update_query_loss_ablation"", ""status"": ""ok"", ""statusquo_loss"": 4.816312789916992}, ""utility_status"": ""ok""}"
18,B1,B,1,adapter_1,spawn,confirmed_fresh,4.363697052001953,2,True,294912,1299610,0,68607207,797261,12756400,285,7.777537722140551,490118656,0.0,4.935579232871532,0.9306202922016382,4.892675876617432,0.5063083171844482,0.0,0.5063083171844482,True,,"{""best_reuse"": ""default"", ""best_reuse_utility"": 0.0, ""decision"": ""spawn"", ""fresh_advantage"": 0.5063083171844482, ""fresh_positive"": true, ""fresh_utility"": 0.5063083171844482, ""full_batch_guards"": {}, ""guarded_best_reuse"": null, ""num_adapters"": 2, ""pending_after"": false, ""pending_before"": true, ""policy_version"": ""cau_v1"", ""reason"": ""confirmed_fresh"", ""utility"": {""batch_n"": 16, ""best_reuse"": ""default"", ""best_reuse_query_after"": 4.907709836959839, ""best_reuse_query_before"": 4.892675876617432, ""best_reuse_utility"": 0.0, ""defer_utility"": 0.0, ""fold_a_query_n"": 8, ""fold_a_support_n"": 8, ""fold_b_query_n"": 8, ""fold_b_support_n"": 8, ""fresh_advantage"": 0.5063083171844482, ""fresh_local_trainability"": 0.038457393646240234, ""fresh_positive"": true, ""fresh_query_after"": 4.347910165786743, ""fresh_query_before"": 4.386367559432983, ""fresh_utility"": 0.5063083171844482, ""original_post_update_best_reuse"": ""default"", ""original_post_update_best_reuse_utility"": -0.015033960342407227, ""original_post_update_fold_a_fresh_utility"": 0.5760979652404785, ""original_post_update_fold_b_fresh_utility"": 0.5134334564208984, ""original_post_update_fresh_utility"": 0.5447657108306885, ""reuse_profiles"": {""default"": {""feasible_both"": true, ""fold_a_harm"": -0.05547348037362099, ""fold_a_lcb"": -0.0599845325294882, ""fold_a_query_after"": 4.939911365509033, ""fold_b_harm"": -0.054671358317136765, ""fold_b_lcb"": -0.058979239296168086, ""fold_b_query_after"": 4.8755083084106445, ""harm_lcb_max"": -0.058979239296168086, ""harm_mean"": -0.055072419345378876, ""harm_se_mean"": 0.0022497278405353427, ""harm_ucb_max"": -0.05036347733810544, ""local_trainability"": -0.015033960342407227, ""original_post_update_fold_a_utility"": -0.016248226165771484, ""original_post_update_fold_b_utility"": -0.013819694519042969, ""original_post_update_system_utility"": -0.015033960342407227, ""query_after"": 4.907709836959839, ""query_before"": 4.892675876617432, ""system_utility"": 0.0}}, ""scoring_policy"": ""pre_update_query_loss_ablation"", ""status"": ""ok"", ""statusquo_loss"": 4.892675876617432}, ""utility_status"": ""ok""}"
19,B1,B,1,adapter_1,warmup,existing_warmup,4.30280876159668,2,True,294912,1299610,0,68607207,797261,12756400,301,7.804757744073868,490118656,0.0,4.958594735711813,0.9306202922016382,,,,,,,"{""best_reuse"": null, ""best_reuse_utility"": null, ""decision"": ""warmup"", ""fresh_positive"": null, ""fresh_utility"": null, ""full_batch_guards"": {}, ""guarded_best_reuse"": null, ""num_adapters"": 2, ""pending_after"": false, ""pending_before"": false, ""policy_version"": ""cau_v1"", ""reason"": ""existing_warmup"", ""utility_status"": ""warmup""}"
20,B1,B,1,adapter_1,warmup,existing_warmup,4.262713432312012,2,True,294912,1299610,0,68607207,797261,12756400,317,7.828664939850569,490118656,0.0,4.978207373991609,0.9306202922016382,,,,,,,"{""best_reuse"": null, ""best_reuse_utility"": null, ""decision"": ""warmup"", ""fresh_positive"": null, ""fresh_utility"": null, ""full_batch_guards"": {}, ""guarded_best_reuse"": null, ""num_adapters"": 2, ""pending_after"": false, ""pending_before"": false, ""policy_version"": ""cau_v1"", ""reason"": ""existing_warmup"", ""utility_status"": ""warmup""}"
21,B1,B,1,adapter_1,warmup,existing_warmup,4.194390296936035,2,True,294912,1299610,0,68607207,797261,12756400,333,7.85094772092998,490118656,0.0,4.996360521763563,0.9306202922016382,,,,,,,"{""best_reuse"": null, ""best_reuse_utility"": null, ""decision"": ""warmup"", ""fresh_positive"": null, ""fresh_utility"": null, ""full_batch_guards"": {}, ""guarded_best_reuse"": null, ""num_adapters"": 2, ""pending_after"": false, ""pending_before"": false, ""policy_version"": ""cau_v1"", ""reason"": ""existing_warmup"", ""utility_status"": ""warmup""}"
22,B1,B,1,adapter_1,reuse,safe_existing_reuse,4.128284931182861,2,True,294912,1299610,0,68607207,797261,12756400,349,8.345870975404978,490118656,0.0,5.487493395805359,0.9306202922016382,4.125169038772583,-0.2346646785736084,0.0,-0.2346646785736084,False,,"{""best_reuse"": ""adapter_1"", ""best_reuse_utility"": 0.0, ""decision"": ""reuse"", ""fresh_advantage"": -0.2346646785736084, ""fresh_positive"": false, ""fresh_utility"": -0.2346646785736084, ""full_batch_guards"": {""adapter_1"": {""crossfit_feasible"": true, ""crossfit_utility"": 0.0, ""crossfit_utility_positive"": false, ""full_batch_cur_after"": 4.058058738708496, ""full_batch_cur_before"": 4.125169277191162, ""full_batch_gain"": 0.06711053848266602, ""full_batch_harm"": -0.0650114193558693, ""full_batch_harm_lcb"": -0.06797651167958975, ""full_batch_harm_se"": 0.001512802205979824, ""full_batch_harm_ucb"": -0.06204632703214884, ""full_batch_safe"": true}, ""default"": {""crossfit_feasible"": true, ""crossfit_utility"": -0.740497350692749, ""crossfit_utility_positive"": false, ""full_batch_cur_after"": 4.8608551025390625, ""full_batch_cur_before"": 4.86566686630249, ""full_batch_gain"": 0.004811763763427734, ""full_batch_harm"": -0.05265935882925987, ""full_batch_harm_lcb"": -0.05607766136527061, ""full_batch_harm_se"": 0.0017440319061279297, ""full_batch_harm_ucb"": -0.04924105629324913, ""full_batch_safe"": true}}, ""guarded_best_reuse"": ""adapter_1"", ""num_adapters"": 2, ""pending_after"": false, ""pending_before"": false, ""policy_version"": ""cau_v1"", ""reason"": ""safe_existing_reuse"", ""utility"": {""batch_n"": 16, ""best_reuse"": ""adapter_1"", ""best_reuse_query_after"": 4.073179483413696, ""best_reuse_query_before"": 4.125169038772583, ""best_reuse_utility"": 0.0, ""defer_utility"": 0.0, ""fold_a_query_n"": 8, ""fold_a_support_n"": 8, ""fold_b_query_n"": 8, ""fold_b_support_n"": 8, ""fresh_advantage"": -0.2346646785736084, ""fresh_local_trainability"": 0.018443584442138672, ""fresh_positive"": false, ""fresh_query_after"": 4.341390132904053, ""fresh_query_before"": 4.359833717346191, ""fresh_utility"": -0.2346646785736084, ""original_post_update_best_reuse"": ""adapter_1"", ""original_post_update_best_reuse_utility"": 0.05198955535888672, ""original_post_update_fold_a_fresh_utility"": -0.2295703887939453, ""original_post_update_fold_b_fresh_utility"": -0.20287179946899414, ""original_post_update_fresh_utility"": -0.21622109413146973, ""reuse_profiles"": {""adapter_1"": {""feasible_both"": true, ""fold_a_harm"": -0.06067589670419693, ""fold_a_lcb"": -0.06386663329321891, ""fold_a_query_after"": 4.042881965637207, ""fold_b_harm"": -0.06275486946105957, ""fold_b_lcb"": -0.06671591496095061, ""fold_b_query_after"": 4.1034770011901855, ""harm_lcb_max"": -0.06386663329321891, ""harm_mean"": -0.06171538308262825, ""harm_se_mean"": 0.0018244342063553631, ""harm_ucb_max"": -0.057485160115174946, ""local_trainability"": 0.05198955535888672, ""original_post_update_fold_a_utility"": 0.05386924743652344, ""original_post_update_fold_b_utility"": 0.05010986328125, ""original_post_update_system_utility"": 0.05198955535888672, ""query_after"": 4.073179483413696, ""query_before"": 4.125169038772583, ""system_utility"": 0.0}, ""default"": {""feasible_both"": true, ""fold_a_harm"": -0.05523381382226944, ""fold_a_lcb"": -0.05898632240481674, ""fold_a_query_after"": 4.884186744689941, ""fold_b_harm"": -0.0551014319062233, ""fold_b_lcb"": -0.05933229045942426, ""fold_b_query_after"": 4.893570899963379, ""harm_lcb_max"": -0.05898632240481674, ""harm_mean"": -0.05516762286424637, ""harm_se_mean"": 0.0020365732489153743, ""harm_ucb_max"": -0.050870573353022336, ""local_trainability"": -0.023212432861328125, ""original_post_update_fold_a_utility"": -0.7874355316162109, ""original_post_update_fold_b_utility"": -0.7399840354919434, ""original_post_update_system_utility"": -0.7637097835540771, ""query_after"": 4.88887882232666, ""query_before"": 4.865666389465332, ""system_utility"": -0.740497350692749}}, ""scoring_policy"": ""pre_update_query_loss_ablation"", ""status"": ""ok"", ""statusquo_loss"": 4.125169038772583}, ""utility_status"": ""ok""}"
23,B1,B,1,adapter_1,reuse,safe_existing_reuse,4.077833652496338,2,True,294912,1299610,0,68607207,797261,12756400,365,8.840080657973886,490118656,0.0,5.977266853675246,0.9306202922016382,4.087231159210205,-0.25670790672302246,0.0,-0.25670790672302246,False,,"{""best_reuse"": ""adapter_1"", ""best_reuse_utility"": 0.0, ""decision"": ""reuse"", ""fresh_advantage"": -0.25670790672302246, ""fresh_positive"": false, ""fresh_utility"": -0.25670790672302246, ""full_batch_guards"": {""adapter_1"": {""crossfit_feasible"": true, ""crossfit_utility"": 0.0, ""crossfit_utility_positive"": false, ""full_batch_cur_after"": 4.016529083251953, ""full_batch_cur_before"": 4.087231636047363, ""full_batch_gain"": 0.07070255279541016, ""full_batch_harm"": -0.06355886161327362, ""full_batch_harm_lcb"": -0.06660828317981213, ""full_batch_harm_se"": 0.0015558273298665881, ""full_batch_harm_ucb"": -0.060509440046735107, ""full_batch_safe"": true}, ""default"": {""crossfit_feasible"": true, ""crossfit_utility"": -0.8383033275604248, ""crossfit_utility_positive"": false, ""full_batch_cur_after"": 4.924107551574707, ""full_batch_cur_before"": 4.925534248352051, ""full_batch_gain"": 0.00142669677734375, ""full_batch_harm"": -0.054047614336013794, ""full_batch_harm_lcb"": -0.05791466171853244, ""full_batch_harm_se"": 0.001972983358427882, ""full_batch_harm_ucb"": -0.05018056695349515, ""full_batch_safe"": true}}, ""guarded_best_reuse"": ""adapter_1"", ""num_adapters"": 2, ""pending_after"": false, ""pending_before"": false, ""policy_version"": ""cau_v1"", ""reason"": ""safe_existing_reuse"", ""utility"": {""batch_n"": 16, ""best_reuse"": ""adapter_1"", ""best_reuse_query_after"": 4.027149081230164, ""best_reuse_query_before"": 4.087231159210205, ""best_reuse_utility"": 0.0, ""defer_utility"": 0.0, ""fold_a_query_n"": 8, ""fold_a_support_n"": 8, ""fold_b_query_n"": 8, ""fold_b_support_n"": 8, ""fresh_advantage"": -0.25670790672302246, ""fresh_local_trainability"": 0.047774314880371094, ""fresh_positive"": false, ""fresh_query_after"": 4.2961647510528564, ""fresh_query_before"": 4.3439390659332275, ""fresh_utility"": -0.25670790672302246, ""original_post_update_best_reuse"": ""adapter_1"", ""original_post_update_best_reuse_utility"": 0.060082077980041504, ""original_post_update_fold_a_fresh_utility"": -0.26964378356933594, ""original_post_update_fold_b_fresh_utility"": -0.1482234001159668, ""original_post_update_fresh_utility"": -0.20893359184265137, ""reuse_profiles"": {""adapter_1"": {""feasible_both"": true, ""fold_a_harm"": -0.06022919341921806, ""fold_a_lcb"": -0.06308033973909914, ""fold_a_query_after"": 3.967393636703491, ""fold_b_harm"": -0.06413154304027557, ""fold_b_lcb"": -0.06792854213621467, ""fold_b_query_after"": 4.086904525756836, ""harm_lcb_max"": -0.06308033973909914, ""harm_mean"": -0.06218036822974682, ""harm_se_mean"": 0.001695955463219434, ""harm_ucb_max"": -0.057378047099336985, ""local_trainability"": 0.060082077980041504, ""original_post_update_fold_a_utility"": 0.06283307075500488, ""original_post_update_fold_b_utility"": 0.057331085205078125, ""original_post_update_system_utility"": 0.060082077980041504, ""query_after"": 4.027149081230164, ""query_before"": 4.087231159210205, ""system_utility"": 0.0}, ""default"": {""feasible_both"": true, ""fold_a_harm"": -0.055095162242650986, ""fold_a_lcb"": -0.059165151258930564, ""fold_a_query_after"": 4.931258678436279, ""fold_b_harm"": -0.052576612681150436, ""fold_b_lcb"": -0.05664291029796004, ""fold_b_query_after"": 4.948633193969727, ""harm_lcb_max"": -0.05664291029796004, ""harm_mean"": -0.05383588746190071, ""harm_se_mean"": 0.002075583324767649, ""harm_ucb_max"": -0.04851031506434083, ""local_trainability"": -0.014411449432373047, ""original_post_update_fold_a_utility"": -0.9010319709777832, ""original_post_update_fold_b_utility"": -0.8043975830078125, ""original_post_update_system_utility"": -0.8527147769927979, ""query_after"": 4.939945936203003, ""query_before"": 4.92553448677063, ""system_utility"": -0.8383033275604248}}, ""scoring_policy"": ""pre_update_query_loss_ablation"", ""status"": ""ok"", ""statusquo_loss"": 4.087231159210205}, ""utility_status"": ""ok""}"
24,B1,B,1,adapter_1,reuse,safe_existing_reuse,4.035318374633789,2,True,294912,1299610,0,68607207,797261,12756400,381,9.352317621931434,506482176,0.0,6.484975462779403,0.9306202922016382,4.029292583465576,-0.32143259048461914,0.0,-0.32143259048461914,False,,"{""best_reuse"": ""adapter_1"", ""best_reuse_utility"": 0.0, ""decision"": ""reuse"", ""fresh_advantage"": -0.32143259048461914, ""fresh_positive"": false, ""fresh_utility"": -0.32143259048461914, ""full_batch_guards"": {""adapter_1"": {""crossfit_feasible"": true, ""crossfit_utility"": 0.0, ""crossfit_utility_positive"": false, ""full_batch_cur_after"": 3.960548162460327, ""full_batch_cur_before"": 4.029293060302734, ""full_batch_gain"": 0.06874489784240723, ""full_batch_harm"": -0.06539039313793182, ""full_batch_harm_lcb"": -0.06869630011264234, ""full_batch_harm_se"": 0.0016866872319951653, ""full_batch_harm_ucb"": -0.0620844861632213, ""full_batch_safe"": true}, ""default"": {""crossfit_feasible"": true, ""crossfit_utility"": -0.8689389228820801, ""crossfit_utility_positive"": false, ""full_batch_cur_after"": 4.8975419998168945, ""full_batch_cur_before"": 4.898231506347656, ""full_batch_gain"": 0.0006895065307617188, ""full_batch_harm"": -0.05241401866078377, ""full_batch_harm_lcb"": -0.0559559737239033, ""full_batch_harm_se"": 0.0018071199301630259, ""full_batch_harm_ucb"": -0.04887206359766424, ""full_batch_safe"": true}}, ""guarded_best_reuse"": ""adapter_1"", ""num_adapters"": 2, ""pending_after"": false, ""pending_before"": false, ""policy_version"": ""cau_v1"", ""reason"": ""safe_existing_reuse"", ""utility"": {""batch_n"": 16, ""best_reuse"": ""adapter_1"", ""best_reuse_query_after"": 3.969489812850952, ""best_reuse_query_before"": 4.029292583465576, ""best_reuse_utility"": 0.0, ""defer_utility"": 0.0, ""fold_a_query_n"": 8, ""fold_a_support_n"": 8, ""fold_b_query_n"": 8, ""fold_b_support_n"": 8, ""fresh_advantage"": -0.32143259048461914, ""fresh_local_trainability"": 0.03711891174316406, ""fresh_positive"": false, ""fresh_query_after"": 4.313606262207031, ""fresh_query_before"": 4.350725173950195, ""fresh_utility"": -0.32143259048461914, ""original_post_update_best_reuse"": ""adapter_1"", ""original_post_update_best_reuse_utility"": 0.05980277061462402, ""original_post_update_fold_a_fresh_utility"": -0.2789735794067383, ""original_post_update_fold_b_fresh_utility"": -0.2896537780761719, ""original_post_update_fresh_utility"": -0.2843136787414551, ""reuse_profiles"": {""adapter_1"": {""feasible_both"": true, ""fold_a_harm"": -0.06370748579502106, ""fold_a_lcb"": -0.06691603342071176, ""fold_a_query_after"": 3.9544119834899902, ""fold_b_harm"": -0.06233442574739456, ""fold_b_lcb"": -0.06610262631438672, ""fold_b_query_after"": 3.984567642211914, ""harm_lcb_max"": -0.06610262631438672, ""harm_mean"": -0.06302095577120781, ""harm_se_mean"": 0.0017797827022150159, ""harm_ucb_max"": -0.0585662251804024, ""local_trainability"": 0.05980277061462402, ""original_post_update_fold_a_utility"": 0.06045389175415039, ""original_post_update_fold_b_utility"": 0.059151649475097656, ""original_post_update_system_utility"": 0.05980277061462402, ""query_after"": 3.969489812850952, ""query_before"": 4.029292583465576, ""system_utility"": 0.0}, ""default"": {""feasible_both"": true, ""fold_a_harm"": -0.05322864279150963, ""fold_a_lcb"": -0.057205199105665086, ""fold_a_query_after"": 4.919607639312744, ""fold_b_harm"": -0.05408361554145813, ""fold_b_lcb"": -0.057881238008849326, ""fold_b_query_after"": 4.91209077835083, ""harm_lcb_max"": -0.057205199105665086, ""harm_mean"": -0.05365612916648388, ""harm_se_mean"": 0.0019832088728435338, ""harm_ucb_max"": -0.04925208647735417, ""local_trainability"": -0.01761770248413086, ""original_post_update_fold_a_utility"": -0.9047417640686035, ""original_post_update_fold_b_utility"": -0.8683714866638184, ""original_post_update_system_utility"": -0.8865566253662109, ""query_after"": 4.915849208831787, ""query_before"": 4.898231506347656, ""system_utility"": -0.8689389228820801}}, ""scoring_policy"": ""pre_update_query_loss_ablation"", ""status"": ""ok"", ""statusquo_loss"": 4.029292583465576}, ""utility_status"": ""ok""}"
25,B1,B,1,adapter_1,reuse,safe_existing_reuse,3.985677480697632,2,True,294912,1299610,0,68607207,797261,12756400,397,9.873608330264688,506482176,0.0,7.001750431954861,0.9306202922016382,3.961081027984619,-0.40903592109680176,0.0,-0.40903592109680176,False,,"{""best_reuse"": ""adapter_1"", ""best_reuse_utility"": 0.0, ""decision"": ""reuse"", ""fresh_advantage"": -0.40903592109680176, ""fresh_positive"": false, ""fresh_utility"": -0.40903592109680176, ""full_batch_guards"": {""adapter_1"": {""crossfit_feasible"": true, ""crossfit_utility"": 0.0, ""crossfit_utility_positive"": false, ""full_batch_cur_after"": 3.8926777839660645, ""full_batch_cur_before"": 3.961081027984619, ""full_batch_gain"": 0.06840324401855469, ""full_batch_harm"": -0.06598689407110214, ""full_batch_harm_lcb"": -0.06933024257887155, ""full_batch_harm_se"": 0.0017057900549843907, ""full_batch_harm_ucb"": -0.06264354556333274, ""full_batch_safe"": true}, ""default"": {""crossfit_feasible"": true, ""crossfit_utility"": -0.8898823261260986, ""crossfit_utility_positive"": false, ""full_batch_cur_after"": 4.850816249847412, ""full_batch_cur_before"": 4.850963115692139, ""full_batch_gain"": 0.0001468658447265625, ""full_batch_harm"": -0.0527612678706646, ""full_batch_harm_lcb"": -0.05712485023774207, ""full_batch_harm_se"": 0.002226317534223199, ""full_batch_harm_ucb"": -0.048397685503587126, ""full_batch_safe"": true}}, ""guarded_best_reuse"": ""adapter_1"", ""num_adapters"": 2, ""pending_after"": false, ""pending_before"": false, ""policy_version"": ""cau_v1"", ""reason"": ""safe_existing_reuse"", ""utility"": {""batch_n"": 16, ""best_reuse"": ""adapter_1"", ""best_reuse_query_after"": 3.901498556137085, ""best_reuse_query_before"": 3.961081027984619, ""best_reuse_utility"": 0.0, ""defer_utility"": 0.0, ""fold_a_query_n"": 8, ""fold_a_support_n"": 8, ""fold_b_query_n"": 8, ""fold_b_support_n"": 8, ""fresh_advantage"": -0.40903592109680176, ""fresh_local_trainability"": 0.03530550003051758, ""fresh_positive"": false, ""fresh_query_after"": 4.334811449050903, ""fresh_query_before"": 4.370116949081421, ""fresh_utility"": -0.40903592109680176, ""original_post_update_best_reuse"": ""adapter_1"", ""original_post_update_best_reuse_utility"": 0.05958247184753418, ""original_post_update_fold_a_fresh_utility"": -0.32146406173706055, ""original_post_update_fold_b_fresh_utility"": -0.4259967803955078, ""original_post_update_fresh_utility"": -0.3737304210662842, ""reuse_profiles"": {""adapter_1"": {""feasible_both"": true, ""fold_a_harm"": -0.06527675688266754, ""fold_a_lcb"": -0.06908420566469431, ""fold_a_query_after"": 3.9371304512023926, ""fold_b_harm"": -0.06344160437583923, ""fold_b_lcb"": -0.066612769337371, ""fold_b_query_after"": 3.8658666610717773, ""harm_lcb_max"": -0.066612769337371, ""harm_mean"": -0.06435918062925339, ""harm_se_mean"": 0.0017802586080506444, ""harm_ucb_max"": -0.06027043941430747, ""local_trainability"": 0.05958247184753418, ""original_post_update_fold_a_utility"": 0.05649280548095703, ""original_post_update_fold_b_utility"": 0.06267213821411133, ""original_post_update_system_utility"": 0.05958247184753418, ""query_after"": 3.901498556137085, ""query_before"": 3.961081027984619, ""system_utility"": 0.0}, ""default"": {""feasible_both"": true, ""fold_a_harm"": -0.053863562643527985, ""fold_a_lcb"": -0.05817359941080213, ""fold_a_query_after"": 4.806906700134277, ""fold_b_harm"": -0.05427272245287895, ""fold_b_lcb"": -0.05916381625458598, ""fold_b_query_after"": 4.933963298797607, ""harm_lcb_max"": -0.05817359941080213, ""harm_mean"": -0.05406814254820347, ""harm_se_mean"": 0.0023472271859645844, ""harm_ucb_max"": -0.049381628651171926, ""local_trainability"": -0.01947164535522461, ""original_post_update_fold_a_utility"": -0.8132834434509277, ""original_post_update_fold_b_utility"": -1.0054244995117188, ""original_post_update_system_utility"": -0.9093539714813232, ""query_after"": 4.870434999465942, ""query_before"": 4.850963354110718, ""system_utility"": -0.8898823261260986}}, ""scoring_policy"": ""pre_update_query_loss_ablation"", ""status"": ""ok"", ""statusquo_loss"": 3.961081027984619}, ""utility_status"": ""ok""}"
26,B1,B,1,adapter_1,reuse,safe_existing_reuse,3.8877739906311035,2,True,294912,1299610,0,68607207,797261,12756400,413,10.410174075514078,506482176,0.0,7.533661164343357,0.9306202922016382,3.88154935836792,-0.465411901473999,0.0,-0.465411901473999,False,,"{""best_reuse"": ""adapter_1"", ""best_reuse_utility"": 0.0, ""decision"": ""reuse"", ""fresh_advantage"": -0.465411901473999, ""fresh_positive"": false, ""fresh_utility"": -0.465411901473999, ""full_batch_guards"": {""adapter_1"": {""crossfit_feasible"": true, ""crossfit_utility"": 0.0, ""crossfit_utility_positive"": false, ""full_batch_cur_after"": 3.8082447052001953, ""full_batch_cur_before"": 3.88154935836792, ""full_batch_gain"": 0.07330465316772461, ""full_batch_harm"": -0.06838099658489227, ""full_batch_harm_lcb"": -0.07070009126327932, ""full_batch_harm_se"": 0.0011832115706056356, ""full_batch_harm_ucb"": -0.06606190190650522, ""full_batch_safe"": true}, ""default"": {""crossfit_feasible"": true, ""crossfit_utility"": -0.8276050090789795, ""crossfit_utility_positive"": false, ""full_batch_cur_after"": 4.691577434539795, ""full_batch_cur_before"": 4.70915412902832, ""full_batch_gain"": 0.01757669448852539, ""full_batch_harm"": -0.05594861879944801, ""full_batch_harm_lcb"": -0.06024835214018821, ""full_batch_harm_se"": 0.002193741500377655, ""full_batch_harm_ucb"": -0.05164888545870781, ""full_batch_safe"": true}}, ""guarded_best_reuse"": ""adapter_1"", ""num_adapters"": 2, ""pending_after"": false, ""pending_before"": false, ""policy_version"": ""cau_v1"", ""reason"": ""safe_existing_reuse"", ""utility"": {""batch_n"": 16, ""best_reuse"": ""adapter_1"", ""best_reuse_query_after"": 3.816197633743286, ""best_reuse_query_before"": 3.88154935836792, ""best_reuse_utility"": 0.0, ""defer_utility"": 0.0, ""fold_a_query_n"": 8, ""fold_a_support_n"": 8, ""fold_b_query_n"": 8, ""fold_b_support_n"": 8, ""fresh_advantage"": -0.465411901473999, ""fresh_local_trainability"": 0.07962417602539062, ""fresh_positive"": false, ""fresh_query_after"": 4.267337083816528, ""fresh_query_before"": 4.346961259841919, ""fresh_utility"": -0.465411901473999, ""original_post_update_best_reuse"": ""adapter_1"", ""original_post_update_best_reuse_utility"": 0.06535172462463379, ""original_post_update_fold_a_fresh_utility"": -0.4053220748901367, ""original_post_update_fold_b_fresh_utility"": -0.3662533760070801, ""original_post_update_fresh_utility"": -0.3857877254486084, ""reuse_profiles"": {""adapter_1"": {""feasible_both"": true, ""fold_a_harm"": -0.0680135041475296, ""fold_a_lcb"": -0.06994098487775773, ""fold_a_query_after"": 3.810138702392578, ""fold_b_harm"": -0.06739099323749542, ""fold_b_lcb"": -0.07031793121248484, ""fold_b_query_after"": 3.822256565093994, ""harm_lcb_max"": -0.06994098487775773, ""harm_mean"": -0.06770224869251251, ""harm_se_mean"": 0.001238372118677944, ""harm_ucb_max"": -0.06446405526250601, ""local_trainability"": 0.06535172462463379, ""original_post_update_fold_a_utility"": 0.06913614273071289, ""original_post_update_fold_b_utility"": 0.06156730651855469, ""original_post_update_system_utility"": 0.06535172462463379, ""query_after"": 3.816197633743286, ""query_before"": 3.88154935836792, ""system_utility"": 0.0}, ""default"": {""feasible_both"": true, ""fold_a_harm"": -0.05620082467794418, ""fold_a_lcb"": -0.060514650959521535, ""fold_a_query_after"": 4.761066436767578, ""fold_b_harm"": -0.05723658576607704, ""fold_b_lcb"": -0.061831033248454334, ""fold_b_query_after"": 4.645502090454102, ""harm_lcb_max"": -0.060514650959521535, ""harm_mean"": -0.05671870522201061, ""harm_se_mean"": 0.002272518817335367, ""harm_ucb_max"": -0.05188699839636683, ""local_trainability"": 0.00587010383605957, ""original_post_update_fold_a_utility"": -0.8817915916442871, ""original_post_update_fold_b_utility"": -0.7616782188415527, ""original_post_update_system_utility"": -0.8217349052429199, ""query_after"": 4.70328426361084, ""query_before"": 4.709154367446899, ""system_utility"": -0.8276050090789795}}, ""scoring_policy"": ""pre_update_query_loss_ablation"", ""status"": ""ok"", ""statusquo_loss"": 3.88154935836792}, ""utility_status"": ""ok""}"
27,B1,B,1,adapter_1,reuse,safe_existing_reuse,3.869631052017212,2,True,294912,1299610,0,68607207,797261,12756400,429,10.928991420194507,506482176,0.0,8.047554997727275,0.9306202922016382,3.868634819984436,-0.5082889795303345,0.0,-0.5082889795303345,False,,"{""best_reuse"": ""adapter_1"", ""best_reuse_utility"": 0.0, ""decision"": ""reuse"", ""fresh_advantage"": -0.5082889795303345, ""fresh_positive"": false, ""fresh_utility"": -0.5082889795303345, ""full_batch_guards"": {""adapter_1"": {""crossfit_feasible"": true, ""crossfit_utility"": 0.0, ""crossfit_utility_positive"": false, ""full_batch_cur_after"": 3.790444850921631, ""full_batch_cur_before"": 3.8686347007751465, ""full_batch_gain"": 0.07818984985351562, ""full_batch_harm"": -0.06841446459293365, ""full_batch_harm_lcb"": -0.07124403979629278, ""full_batch_harm_se"": 0.001443660818040371, ""full_batch_harm_ucb"": -0.06558488938957453, ""full_batch_safe"": true}, ""default"": {""crossfit_feasible"": true, ""crossfit_utility"": -0.9875150918960571, ""crossfit_utility_positive"": false, ""full_batch_cur_after"": 4.855253219604492, ""full_batch_cur_before"": 4.856150150299072, ""full_batch_gain"": 0.0008969306945800781, ""full_batch_harm"": -0.05248602107167244, ""full_batch_harm_lcb"": -0.05663961579091847, ""full_batch_harm_se"": 0.002119180979207158, ""full_batch_harm_ucb"": -0.04833242635242641, ""full_batch_safe"": true}}, ""guarded_best_reuse"": ""adapter_1"", ""num_adapters"": 2, ""pending_after"": false, ""pending_before"": false, ""policy_version"": ""cau_v1"", ""reason"": ""safe_existing_reuse"", ""utility"": {""batch_n"": 16, ""best_reuse"": ""adapter_1"", ""best_reuse_query_after"": 3.7969826459884644, ""best_reuse_query_before"": 3.868634819984436, ""best_reuse_utility"": 0.0, ""defer_utility"": 0.0, ""fold_a_query_n"": 8, ""fold_a_support_n"": 8, ""fold_b_query_n"": 8, ""fold_b_support_n"": 8, ""fresh_advantage"": -0.5082889795303345, ""fresh_local_trainability"": 0.04897618293762207, ""fresh_positive"": false, ""fresh_query_after"": 4.327947616577148, ""fresh_query_before"": 4.3769237995147705, ""fresh_utility"": -0.5082889795303345, ""original_post_update_best_reuse"": ""adapter_1"", ""original_post_update_best_reuse_utility"": 0.07165217399597168, ""original_post_update_fold_a_fresh_utility"": -0.44152283668518066, ""original_post_update_fold_b_fresh_utility"": -0.47710275650024414, ""original_post_update_fresh_utility"": -0.4593127965927124, ""reuse_profiles"": {""adapter_1"": {""feasible_both"": true, ""fold_a_harm"": -0.06774331629276276, ""fold_a_lcb"": -0.07045049050357192, ""fold_a_query_after"": 3.8264408111572266, ""fold_b_harm"": -0.0664265975356102, ""fold_b_lcb"": -0.06919235451612621, ""fold_b_query_after"": 3.767524480819702, ""harm_lcb_max"": -0.06919235451612621, ""harm_mean"": -0.06708495691418648, ""harm_se_mean"": 0.0013961559161543846, ""harm_ucb_max"": -0.06366084055509419, ""local_trainability"": 0.07165217399597168, ""original_post_update_fold_a_utility"": 0.07055544853210449, ""original_post_update_fold_b_utility"": 0.07274889945983887, ""original_post_update_system_utility"": 0.07165217399597168, ""query_after"": 3.7969826459884644, ""query_before"": 3.868634819984436, ""system_utility"": 0.0}, ""default"": {""feasible_both"": true, ""fold_a_harm"": -0.05349598824977875, ""fold_a_lcb"": -0.05806995163671672, ""fold_a_query_after"": 4.867286682128906, ""fold_b_harm"": -0.05504602566361427, ""fold_b_lcb"": -0.05927343240007758, ""fold_b_query_after"": 4.8793416023254395, ""harm_lcb_max"": -0.05806995163671672, ""harm_mean"": -0.05427100695669651, ""harm_se_mean"": 0.0022452474804595113, ""harm_ucb_max"": -0.04892202486284077, ""local_trainability"": -0.017164230346679688, ""original_post_update_fold_a_utility"": -0.9702904224395752, ""original_post_update_fold_b_utility"": -1.0390682220458984, ""original_post_update_system_utility"": -1.0046793222427368, ""query_after"": 4.873314142227173, ""query_before"": 4.856149911880493, ""system_utility"": -0.9875150918960571}}, ""scoring_policy"": ""pre_update_query_loss_ablation"", ""status"": ""ok"", ""statusquo_loss"": 3.868634819984436}, ""utility_status"": ""ok""}"
28,B1,B,1,adapter_1,reuse,safe_existing_reuse,3.7418124675750732,2,True,294912,1299610,0,68607207,797261,12756400,445,11.4703164473176,506482176,0.0,8.584126302972436,0.9306202922016382,3.746461272239685,-0.6238518953323364,0.0,-0.6238518953323364,False,,"{""best_reuse"": ""adapter_1"", ""best_reuse_utility"": 0.0, ""decision"": ""reuse"", ""fresh_advantage"": -0.6238518953323364, ""fresh_positive"": false, ""fresh_utility"": -0.6238518953323364, ""full_batch_guards"": {""adapter_1"": {""crossfit_feasible"": true, ""crossfit_utility"": 0.0, ""crossfit_utility_positive"": false, ""full_batch_cur_after"": 3.6657633781433105, ""full_batch_cur_before"": 3.7464613914489746, ""full_batch_gain"": 0.08069801330566406, ""full_batch_harm"": -0.07330114394426346, ""full_batch_harm_lcb"": -0.07734607990831137, ""full_batch_harm_se"": 0.0020637428387999535, ""full_batch_harm_ucb"": -0.06925620798021555, ""full_batch_safe"": true}, ""default"": {""crossfit_feasible"": true, ""crossfit_utility"": -1.08718740940094, ""crossfit_utility_positive"": false, ""full_batch_cur_after"": 4.833714485168457, ""full_batch_cur_before"": 4.833649158477783, ""full_batch_gain"": -6.532669067382812e-05, ""full_batch_harm"": -0.05233833193778992, ""full_batch_harm_lcb"": -0.05622934991493821, ""full_batch_harm_se"": 0.001985213253647089, ""full_batch_harm_ucb"": -0.04844731396064162, ""full_batch_safe"": true}}, ""guarded_best_reuse"": ""adapter_1"", ""num_adapters"": 2, ""pending_after"": false, ""pending_before"": false, ""policy_version"": ""cau_v1"", ""reason"": ""safe_existing_reuse"", ""utility"": {""batch_n"": 16, ""best_reuse"": ""adapter_1"", ""best_reuse_query_after"": 3.6740856170654297, ""best_reuse_query_before"": 3.746461272239685, ""best_reuse_utility"": 0.0, ""defer_utility"": 0.0, ""fold_a_query_n"": 8, ""fold_a_support_n"": 8, ""fold_b_query_n"": 8, ""fold_b_support_n"": 8, ""fresh_advantage"": -0.6238518953323364, ""fresh_local_trainability"": 0.03027653694152832, ""fresh_positive"": false, ""fresh_query_after"": 4.340036630630493, ""fresh_query_before"": 4.3703131675720215, ""fresh_utility"": -0.6238518953323364, ""original_post_update_best_reuse"": ""adapter_1"", ""original_post_update_best_reuse_utility"": 0.07237565517425537, ""original_post_update_fold_a_fresh_utility"": -0.5845856666564941, ""original_post_update_fold_b_fresh_utility"": -0.6025650501251221, ""original_post_update_fresh_utility"": -0.5935753583908081, ""reuse_profiles"": {""adapter_1"": {""feasible_both"": true, ""fold_a_harm"": -0.07064040005207062, ""fold_a_lcb"": -0.07452700149267912, ""fold_a_query_after"": 3.7034921646118164, ""fold_b_harm"": -0.07233235239982605, ""fold_b_lcb"": -0.07622610846534371, ""fold_b_query_after"": 3.644679069519043, ""harm_lcb_max"": -0.07452700149267912, ""harm_mean"": -0.07148637622594833, ""harm_se_mean"": 0.0019847850780934095, ""harm_ucb_max"": -0.06675379861146212, ""local_trainability"": 0.07237565517425537, ""original_post_update_fold_a_utility"": 0.07015419006347656, ""original_post_update_fold_b_utility"": 0.07459712028503418, ""original_post_update_system_utility"": 0.07237565517425537, ""query_after"": 3.6740856170654297, ""query_before"": 3.746461272239685, ""system_utility"": 0.0}, ""default"": {""feasible_both"": true, ""fold_a_harm"": -0.0547528937458992, ""fold_a_lcb"": -0.05907316274940967, ""fold_a_query_after"": 4.9374189376831055, ""fold_b_harm"": -0.05350897088646889, ""fold_b_lcb"": -0.05787281428463757, ""fold_b_query_after"": 4.77098274230957, ""harm_lcb_max"": -0.05787281428463757, ""harm_mean"": -0.054130932316184044, ""harm_se_mean"": 0.002215334796346724, ""harm_ucb_max"": -0.0491451274883002, ""local_trainability"": -0.02055215835571289, ""original_post_update_fold_a_utility"": -1.1637725830078125, ""original_post_update_fold_b_utility"": -1.0517065525054932, ""original_post_update_system_utility"": -1.1077395677566528, ""query_after"": 4.854200839996338, ""query_before"": 4.833648681640625, ""system_utility"": -1.08718740940094}}, ""scoring_policy"": ""pre_update_query_loss_ablation"", ""status"": ""ok"", ""statusquo_loss"": 3.746461272239685}, ""utility_status"": ""ok""}"
29,B1,B,1,adapter_1,reuse,safe_existing_reuse,3.7240869998931885,2,True,294912,1299610,0,68607207,797261,12756400,461,11.98971245996654,506482176,0.0,9.098473260179162,0.9306202922016382,3.7014249563217163,-0.6472491025924683,0.0,-0.6472491025924683,False,,"{""best_reuse"": ""adapter_1"", ""best_reuse_utility"": 0.0, ""decision"": ""reuse"", ""fresh_advantage"": -0.6472491025924683, ""fresh_positive"": false, ""fresh_utility"": -0.6472491025924683, ""full_batch_guards"": {""adapter_1"": {""crossfit_feasible"": true, ""crossfit_utility"": 0.0, ""crossfit_utility_positive"": false, ""full_batch_cur_after"": 3.6176395416259766, ""full_batch_cur_before"": 3.7014248371124268, ""full_batch_gain"": 0.0837852954864502, ""full_batch_harm"": -0.07900705933570862, ""full_batch_harm_lcb"": -0.08272962920367717, ""full_batch_harm_se"": 0.0018992703408002853, ""full_batch_harm_ucb"": -0.07528448946774007, ""full_batch_safe"": true}, ""default"": {""crossfit_feasible"": true, ""crossfit_utility"": -1.1017533540725708, ""crossfit_utility_positive"": false, ""full_batch_cur_after"": 4.799116611480713, ""full_batch_cur_before"": 4.803177833557129, ""full_batch_gain"": 0.004061222076416016, ""full_batch_harm"": -0.05387444794178009, ""full_batch_harm_lcb"": -0.0578503233846277, ""full_batch_harm_se"": 0.0020285078790038824, ""full_batch_harm_ucb"": -0.04989857249893248, ""full_batch_safe"": true}}, ""guarded_best_reuse"": ""adapter_1"", ""num_adapters"": 2, ""pending_after"": false, ""pending_before"": false, ""policy_version"": ""cau_v1"", ""reason"": ""safe_existing_reuse"", ""utility"": {""batch_n"": 16, ""best_reuse"": ""adapter_1"", ""best_reuse_query_after"": 3.629844069480896, ""best_reuse_query_before"": 3.7014249563217163, ""best_reuse_utility"": 0.0, ""defer_utility"": 0.0, ""fold_a_query_n"": 8, ""fold_a_support_n"": 8, ""fold_b_query_n"": 8, ""fold_b_support_n"": 8, ""fresh_advantage"": -0.6472491025924683, ""fresh_local_trainability"": 0.018279314041137695, ""fresh_positive"": false, ""fresh_query_after"": 4.330394744873047, ""fresh_query_before"": 4.348674058914185, ""fresh_utility"": -0.6472491025924683, ""original_post_update_best_reuse"": ""adapter_1"", ""original_post_update_best_reuse_utility"": 0.07158088684082031, ""original_post_update_fold_a_fresh_utility"": -0.5376505851745605, ""original_post_update_fold_b_fresh_utility"": -0.7202889919281006, ""original_post_update_fresh_utility"": -0.6289697885513306, ""reuse_profiles"": {""adapter_1"": {""feasible_both"": true, ""fold_a_harm"": -0.07677629590034485, ""fold_a_lcb"": -0.08105431254953147, ""fold_a_query_after"": 3.7056467533111572, ""fold_b_harm"": -0.07691708207130432, ""fold_b_lcb"": -0.08061567107681185, ""fold_b_query_after"": 3.5540413856506348, ""harm_lcb_max"": -0.08061567107681185, ""harm_mean"": -0.07684668898582458, ""harm_se_mean"": 0.0020348483812995255, ""harm_ucb_max"": -0.07249827925115823, ""local_trainability"": 0.07158088684082031, ""original_post_update_fold_a_utility"": 0.06562304496765137, ""original_post_update_fold_b_utility"": 0.07753872871398926, ""original_post_update_system_utility"": 0.07158088684082031, ""query_after"": 3.629844069480896, ""query_before"": 3.7014249563217163, ""system_utility"": 0.0}, ""default"": {""feasible_both"": true, ""fold_a_harm"": -0.053142089396715164, ""fold_a_lcb"": -0.057547890804708006, ""fold_a_query_after"": 4.74223518371582, ""fold_b_harm"": -0.0562613420188427, ""fold_b_lcb"": -0.06047047475352883, ""fold_b_query_after"": 4.912633419036865, ""harm_lcb_max"": -0.057547890804708006, ""harm_mean"": -0.05470171570777893, ""harm_se_mean"": 0.002197687281295657, ""harm_ucb_max"": -0.04873628798872232, ""local_trainability"": -0.024255990982055664, ""original_post_update_fold_a_utility"": -0.9709653854370117, ""original_post_update_fold_b_utility"": -1.2810533046722412, ""original_post_update_system_utility"": -1.1260093450546265, ""query_after"": 4.827434301376343, ""query_before"": 4.803178310394287, ""system_utility"": -1.1017533540725708}}, ""scoring_policy"": ""pre_update_query_loss_ablation"", ""status"": ""ok"", ""statusquo_loss"": 3.7014249563217163}, ""utility_status"": ""ok""}"
30,B1,B,1,adapter_1,reuse,safe_existing_reuse,3.677157163619995,2,True,294912,1299610,0,68607207,797261,12756400,477,12.508718699216843,506482176,0.0,9.61161969602108,0.9306202922016382,3.619160294532776,-0.7140160799026489,0.0,-0.7140160799026489,False,,"{""best_reuse"": ""adapter_1"", ""best_reuse_utility"": 0.0, ""decision"": ""reuse"", ""fresh_advantage"": -0.7140160799026489, ""fresh_positive"": false, ""fresh_utility"": -0.7140160799026489, ""full_batch_guards"": {""adapter_1"": {""crossfit_feasible"": true, ""crossfit_utility"": 0.0, ""crossfit_utility_positive"": false, ""full_batch_cur_after"": 3.5293338298797607, ""full_batch_cur_before"": 3.6191604137420654, ""full_batch_gain"": 0.08982658386230469, ""full_batch_harm"": -0.08408592641353607, ""full_batch_harm_lcb"": -0.08804972232319415, ""full_batch_harm_se"": 0.0020223448518663645, ""full_batch_harm_ucb"": -0.080122130503878, ""full_batch_safe"": true}, ""default"": {""crossfit_feasible"": true, ""crossfit_utility"": -1.2060712575912476, ""crossfit_utility_positive"": false, ""full_batch_cur_after"": 4.822181224822998, ""full_batch_cur_before"": 4.825231552124023, ""full_batch_gain"": 0.0030503273010253906, ""full_batch_harm"": -0.0530269593000412, ""full_batch_harm_lcb"": -0.05669817038811743, ""full_batch_harm_se"": 0.0018730668816715479, ""full_batch_harm_ucb"": -0.049355748211964964, ""full_batch_safe"": true}}, ""guarded_best_reuse"": ""adapter_1"", ""num_adapters"": 2, ""pending_after"": false, ""pending_before"": false, ""policy_version"": ""cau_v1"", ""reason"": ""safe_existing_reuse"", ""utility"": {""batch_n"": 16, ""best_reuse"": ""adapter_1"", ""best_reuse_query_after"": 3.5371813774108887, ""best_reuse_query_before"": 3.619160294532776, ""best_reuse_utility"": 0.0, ""defer_utility"": 0.0, ""fold_a_query_n"": 8, ""fold_a_support_n"": 8, ""fold_b_query_n"": 8, ""fold_b_support_n"": 8, ""fresh_advantage"": -0.7140160799026489, ""fresh_local_trainability"": 0.04112100601196289, ""fresh_positive"": false, ""fresh_query_after"": 4.292055368423462, ""fresh_query_before"": 4.333176374435425, ""fresh_utility"": -0.7140160799026489, ""original_post_update_best_reuse"": ""adapter_1"", ""original_post_update_best_reuse_utility"": 0.08197891712188721, ""original_post_update_fold_a_fresh_utility"": -0.7398266792297363, ""original_post_update_fold_b_fresh_utility"": -0.6059634685516357, ""original_post_update_fresh_utility"": -0.672895073890686, ""reuse_profiles"": {""adapter_1"": {""feasible_both"": true, ""fold_a_harm"": -0.08111974596977234, ""fold_a_lcb"": -0.08510824628174304, ""fold_a_query_after"": 3.4846816062927246, ""fold_b_harm"": -0.08335449546575546, ""fold_b_lcb"": -0.08760262907482684, ""fold_b_query_after"": 3.5896811485290527, ""harm_lcb_max"": -0.08510824628174304, ""harm_mean"": -0.0822371207177639, ""harm_se_mean"": 0.0021011821227148175, ""harm_ucb_max"": -0.07713124565780163, ""local_trainability"": 0.08197891712188721, ""original_post_update_fold_a_utility"": 0.08392143249511719, ""original_post_update_fold_b_utility"": 0.08003640174865723, ""original_post_update_system_utility"": 0.08197891712188721, ""query_after"": 3.5371813774108887, ""query_before"": 3.619160294532776, ""system_utility"": 0.0}, ""default"": {""feasible_both"": true, ""fold_a_harm"": -0.054862700402736664, ""fold_a_lcb"": -0.05896653766743839, ""fold_a_query_after"": 4.822150230407715, ""fold_b_harm"": -0.05353201553225517, ""fold_b_lcb"": -0.05778866779059172, ""fold_b_query_after"": 4.854920387268066, ""harm_lcb_max"": -0.05778866779059172, ""harm_mean"": -0.05419735796749592, ""harm_se_mean"": 0.0021327779395505786, ""harm_ucb_max"": -0.049275363273918626, ""local_trainability"": -0.013303756713867188, ""original_post_update_fold_a_utility"": -1.253547191619873, ""original_post_update_fold_b_utility"": -1.1852028369903564, ""original_post_update_system_utility"": -1.2193750143051147, ""query_after"": 4.838535308837891, ""query_before"": 4.825231552124023, ""system_utility"": -1.2060712575912476}}, ""scoring_policy"": ""pre_update_query_loss_ablation"", ""status"": ""ok"", ""statusquo_loss"": 3.619160294532776}, ""utility_status"": ""ok""}"
31,B1,B,1,adapter_1,reuse,safe_existing_reuse,3.5907888412475586,2,True,294912,1299610,0,68607207,797261,12756400,493,13.042029853910208,506482176,0.0,10.139977468177676,0.9306202922016382,3.5619081258773804,-0.7954431772232056,0.0,-0.7954431772232056,False,,"{""best_reuse"": ""adapter_1"", ""best_reuse_utility"": 0.0, ""decision"": ""reuse"", ""fresh_advantage"": -0.7954431772232056, ""fresh_positive"": false, ""fresh_utility"": -0.7954431772232056, ""full_batch_guards"": {""adapter_1"": {""crossfit_feasible"": true, ""crossfit_utility"": 0.0, ""crossfit_utility_positive"": false, ""full_batch_cur_after"": 3.469101905822754, ""full_batch_cur_before"": 3.56190824508667, ""full_batch_gain"": 0.09280633926391602, ""full_batch_harm"": -0.08879183232784271, ""full_batch_harm_lcb"": -0.0923557632882148, ""full_batch_harm_se"": 0.0018183321226388216, ""full_batch_harm_ucb"": -0.08522790136747062, ""full_batch_safe"": true}, ""default"": {""crossfit_feasible"": true, ""crossfit_utility"": -1.2879048585891724, ""crossfit_utility_positive"": false, ""full_batch_cur_after"": 4.843631744384766, ""full_batch_cur_before"": 4.849813461303711, ""full_batch_gain"": 0.0061817169189453125, ""full_batch_harm"": -0.053183700889348984, ""full_batch_harm_lcb"": -0.057005104338750244, ""full_batch_harm_se"": 0.0019496956374496222, ""full_batch_harm_ucb"": -0.049362297439947724, ""full_batch_safe"": true}}, ""guarded_best_reuse"": ""adapter_1"", ""num_adapters"": 2, ""pending_after"": false, ""pending_before"": false, ""policy_version"": ""cau_v1"", ""reason"": ""safe_existing_reuse"", ""utility"": {""batch_n"": 16, ""best_reuse"": ""adapter_1"", ""best_reuse_query_after"": 3.4749683141708374, ""best_reuse_query_before"": 3.5619081258773804, ""best_reuse_utility"": 0.0, ""defer_utility"": 0.0, ""fold_a_query_n"": 8, ""fold_a_support_n"": 8, ""fold_b_query_n"": 8, ""fold_b_support_n"": 8, ""fresh_advantage"": -0.7954431772232056, ""fresh_local_trainability"": 0.05347585678100586, ""fresh_positive"": false, ""fresh_query_after"": 4.30387544631958, ""fresh_query_before"": 4.357351303100586, ""fresh_utility"": -0.7954431772232056, ""original_post_update_best_reuse"": ""adapter_1"", ""original_post_update_best_reuse_utility"": 0.08693981170654297, ""original_post_update_fold_a_fresh_utility"": -0.7442760467529297, ""original_post_update_fold_b_fresh_utility"": -0.7396585941314697, ""original_post_update_fresh_utility"": -0.7419673204421997, ""reuse_profiles"": {""adapter_1"": {""feasible_both"": true, ""fold_a_harm"": -0.0871657282114029, ""fold_a_lcb"": -0.09032771259080619, ""fold_a_query_after"": 3.460205554962158, ""fold_b_harm"": -0.08755750954151154, ""fold_b_lcb"": -0.09172894610092044, ""fold_b_query_after"": 3.4897310733795166, ""harm_lcb_max"": -0.09032771259080619, ""harm_mean"": -0.08736161887645721, ""harm_se_mean"": 0.0018707706476561725, ""harm_ucb_max"": -0.08338607298210263, ""local_trainability"": 0.08693981170654297, ""original_post_update_fold_a_utility"": 0.08975934982299805, ""original_post_update_fold_b_utility"": 0.08412027359008789, ""original_post_update_system_utility"": 0.08693981170654297, ""query_after"": 3.4749683141708374, ""query_before"": 3.5619081258773804, ""system_utility"": 0.0}, ""default"": {""feasible_both"": true, ""fold_a_harm"": -0.053802382200956345, ""fold_a_lcb"": -0.05774572504684329, ""fold_a_query_after"": 4.790255546569824, ""fold_b_harm"": -0.0551070012152195, ""fold_b_lcb"": -0.05939510954543948, ""fold_b_query_after"": 4.919683933258057, ""harm_lcb_max"": -0.05774572504684329, ""harm_mean"": -0.05445469170808792, ""harm_se_mean"": 0.002099859993904829, ""harm_ucb_max"": -0.0498590393550694, ""local_trainability"": -0.005156755447387695, ""original_post_update_fold_a_utility"": -1.240290641784668, ""original_post_update_fold_b_utility"": -1.3458325862884521, ""original_post_update_system_utility"": -1.29306161403656, ""query_after"": 4.85496973991394, ""query_before"": 4.849812984466553, ""system_utility"": -1.2879048585891724}}, ""scoring_policy"": ""pre_update_query_loss_ablation"", ""status"": ""ok"", ""statusquo_loss"": 3.5619081258773804}, ""utility_status"": ""ok""}"
32,B1,B,1,adapter_1,reuse,safe_existing_reuse,3.560042142868042,2,True,294912,1299610,0,68607207,797261,12756400,506,13.562815703451633,506482176,0.0,10.655723044648767,0.9306202922016382,3.4856851284320536,-0.8822149496812086,0.0,-0.8822149496812086,False,,"{""best_reuse"": ""adapter_1"", ""best_reuse_utility"": 0.0, ""decision"": ""reuse"", ""fresh_advantage"": -0.8822149496812086, ""fresh_positive"": false, ""fresh_utility"": -0.8822149496812086, ""full_batch_guards"": {""adapter_1"": {""crossfit_feasible"": true, ""crossfit_utility"": 0.0, ""crossfit_utility_positive"": false, ""full_batch_cur_after"": 3.3874824047088623, ""full_batch_cur_before"": 3.485685110092163, ""full_batch_gain"": 0.09820270538330078, ""full_batch_harm"": -0.0927395150065422, ""full_batch_harm_lcb"": -0.096822255756706, ""full_batch_harm_se"": 0.0020830309949815273, ""full_batch_harm_ucb"": -0.08865677425637841, ""full_batch_safe"": true}, ""default"": {""crossfit_feasible"": true, ""crossfit_utility"": -1.3594803076524, ""crossfit_utility_positive"": false, ""full_batch_cur_after"": 4.841645240783691, ""full_batch_cur_before"": 4.845165729522705, ""full_batch_gain"": 0.003520488739013672, ""full_batch_harm"": -0.05282524973154068, ""full_batch_harm_lcb"": -0.05659569073934108, ""full_batch_harm_se"": 0.001923694391734898, ""full_batch_harm_ucb"": -0.04905480872374028, ""full_batch_safe"": true}}, ""guarded_best_reuse"": ""adapter_1"", ""num_adapters"": 2, ""pending_after"": false, ""pending_before"": false, ""policy_version"": ""cau_v1"", ""reason"": ""safe_existing_reuse"", ""utility"": {""batch_n"": 13, ""best_reuse"": ""adapter_1"", ""best_reuse_query_after"": 3.3967635998359094, ""best_reuse_query_before"": 3.4856851284320536, ""best_reuse_utility"": 0.0, ""defer_utility"": 0.0, ""fold_a_query_n"": 6, ""fold_a_support_n"": 7, ""fold_b_query_n"": 7, ""fold_b_support_n"": 6, ""fresh_advantage"": -0.8822149496812086, ""fresh_local_trainability"": 0.028643314655010518, ""fresh_positive"": false, ""fresh_query_after"": 4.339256763458252, ""fresh_query_before"": 4.367900078113262, ""fresh_utility"": -0.8822149496812086, ""original_post_update_best_reuse"": ""adapter_1"", ""original_post_update_best_reuse_utility"": 0.08892152859614445, ""original_post_update_fold_a_fresh_utility"": -0.8977468013763428, ""original_post_update_fold_b_fresh_utility"": -0.8157072067260742, ""original_post_update_fresh_utility"": -0.8535716350261981, ""reuse_profiles"": {""adapter_1"": {""feasible_both"": true, ""fold_a_harm"": -0.09095804393291473, ""fold_a_lcb"": -0.09531300862319768, ""fold_a_query_after"": 3.3618924617767334, ""fold_b_harm"": -0.09052424877882004, ""fold_b_lcb"": -0.09456887990236282, ""fold_b_query_after"": 3.4266531467437744, ""harm_lcb_max"": -0.09456887990236282, ""harm_mean"": -0.09074114635586739, ""harm_se_mean"": 0.002142754034139216, ""harm_ucb_max"": -0.08647961765527726, ""local_trainability"": 0.08892152859614445, ""original_post_update_fold_a_utility"": 0.0824747085571289, ""original_post_update_fold_b_utility"": 0.09444737434387207, ""original_post_update_system_utility"": 0.08892152859614445, ""query_after"": 3.3967635998359094, ""query_before"": 3.4856851284320536, ""system_utility"": 0.0}, ""default"": {""feasible_both"": true, ""fold_a_harm"": -0.0557280033826828, ""fold_a_lcb"": -0.0597749815043062, ""fold_a_query_after"": 4.907055854797363, ""fold_b_harm"": -0.05481743812561035, ""fold_b_lcb"": -0.05942602372728288, ""fold_b_query_after"": 4.827818870544434, ""harm_lcb_max"": -0.05942602372728288, ""harm_mean"": -0.055272720754146576, ""harm_se_mean"": 0.002208051970228553, ""harm_ucb_max"": -0.05020885252393782, ""local_trainability"": -0.01922435026902419, ""original_post_update_fold_a_utility"": -1.462688684463501, ""original_post_update_fold_b_utility"": -1.306718349456787, ""original_post_update_system_utility"": -1.3787046579214244, ""query_after"": 4.864389786353478, ""query_before"": 4.845165436084454, ""system_utility"": -1.3594803076524}}, ""scoring_policy"": ""pre_update_query_loss_ablation"", ""status"": ""ok"", ""statusquo_loss"": 3.4856851284320536}, ""utility_status"": ""ok""}"
33,A2,A,2,default,reuse,safe_existing_reuse,3.131425380706787,2,True,294912,1299610,0,68607207,797261,12756400,522,15.399692788720131,506482176,0.0,11.171160688623786,2.2467727791517973,4.674994707107544,0.32029223442077637,1.598831295967102,-1.2785390615463257,False,,"{""best_reuse"": ""default"", ""best_reuse_utility"": 1.598831295967102, ""decision"": ""reuse"", ""fresh_advantage"": -1.2785390615463257, ""fresh_positive"": false, ""fresh_utility"": 0.32029223442077637, ""full_batch_guards"": {""adapter_1"": {""crossfit_feasible"": true, ""crossfit_utility"": 0.0, ""crossfit_utility_positive"": false, ""full_batch_cur_after"": 4.681355953216553, ""full_batch_cur_before"": 4.674994945526123, ""full_batch_gain"": -0.0063610076904296875, ""full_batch_harm"": -0.07651256024837494, ""full_batch_harm_lcb"": -0.08056558452546597, ""full_batch_harm_se"": 0.0020678695291280746, ""full_batch_harm_ucb"": -0.0724595359712839, ""full_batch_safe"": true}, ""default"": {""crossfit_feasible"": true, ""crossfit_utility"": 1.598831295967102, ""crossfit_utility_positive"": true, ""full_batch_cur_after"": 2.9901695251464844, ""full_batch_cur_before"": 3.0761635303497314, ""full_batch_gain"": 0.08599400520324707, ""full_batch_harm"": -0.07000821828842163, ""full_batch_harm_lcb"": -0.07712933903560043, ""full_batch_harm_se"": 0.0036332248710095882, ""full_batch_harm_ucb"": -0.06288709754124283, ""full_batch_safe"": true}}, ""guarded_best_reuse"": ""default"", ""num_adapters"": 2, ""pending_after"": false, ""pending_before"": false, ""policy_version"": ""cau_v1"", ""reason"": ""safe_existing_reuse"", ""utility"": {""batch_n"": 16, ""best_reuse"": ""default"", ""best_reuse_query_after"": 2.9969462156295776, ""best_reuse_query_before"": 3.076163411140442, ""best_reuse_utility"": 1.598831295967102, ""defer_utility"": 0.0, ""fold_a_query_n"": 8, ""fold_a_support_n"": 8, ""fold_b_query_n"": 8, ""fold_b_support_n"": 8, ""fresh_advantage"": -1.2785390615463257, ""fresh_local_trainability"": 0.06606483459472656, ""fresh_positive"": false, ""fresh_query_after"": 4.288637638092041, ""fresh_query_before"": 4.354702472686768, ""fresh_utility"": 0.32029223442077637, ""original_post_update_best_reuse"": ""default"", ""original_post_update_best_reuse_utility"": 1.6780484914779663, ""original_post_update_fold_a_fresh_utility"": 0.3888559341430664, ""original_post_update_fold_b_fresh_utility"": 0.38385820388793945, ""original_post_update_fresh_utility"": 0.38635706901550293, ""reuse_profiles"": {""adapter_1"": {""feasible_both"": true, ""fold_a_harm"": -0.07752825319766998, ""fold_a_lcb"": -0.08158272637985647, ""fold_a_query_after"": 4.7264533042907715, ""fold_b_harm"": -0.07906337082386017, ""fold_b_lcb"": -0.0831379999872297, ""fold_b_query_after"": 4.6642584800720215, ""harm_lcb_max"": -0.08158272637985647, ""harm_mean"": -0.07829581201076508, ""harm_se_mean"": 0.0020737505983561277, ""harm_ucb_max"": -0.07347378001548349, ""local_trainability"": -0.02036118507385254, ""original_post_update_fold_a_utility"": -0.018410682678222656, ""original_post_update_fold_b_utility"": -0.022311687469482422, ""original_post_update_system_utility"": -0.02036118507385254, ""query_after"": 4.6953558921813965, ""query_before"": 4.674994707107544, ""system_utility"": 0.0}, ""default"": {""feasible_both"": true, ""fold_a_harm"": -0.06889510899782181, ""fold_a_lcb"": -0.07585375614464283, ""fold_a_query_after"": 3.0523386001586914, ""fold_b_harm"": -0.06917527318000793, ""fold_b_lcb"": -0.07605142902582884, ""fold_b_query_after"": 2.941553831100464, ""harm_lcb_max"": -0.07585375614464283, ""harm_mean"": -0.06903519108891487, ""harm_se_mean"": 0.003529286477714777, ""harm_ucb_max"": -0.06193646185100079, ""local_trainability"": 0.07921719551086426, ""original_post_update_fold_a_utility"": 1.6557040214538574, ""original_post_update_fold_b_utility"": 1.7003929615020752, ""original_post_update_system_utility"": 1.6780484914779663, ""query_after"": 2.9969462156295776, ""query_before"": 3.076163411140442, ""system_utility"": 1.598831295967102}}, ""scoring_policy"": ""pre_update_query_loss_ablation"", ""status"": ""ok"", ""statusquo_loss"": 4.674994707107544}, ""utility_status"": ""ok""}"
34,A2,A,2,default,reuse,safe_existing_reuse,3.0309040546417236,2,True,294912,1299610,0,68607207,797261,12756400,538,15.93517616763711,506482176,0.0,11.701524741947651,2.2467727791517973,3.000958204269409,-1.3233518600463867,0.0,-1.3233518600463867,False,,"{""best_reuse"": ""default"", ""best_reuse_utility"": 0.0, ""decision"": ""reuse"", ""fresh_advantage"": -1.3233518600463867, ""fresh_positive"": false, ""fresh_utility"": -1.3233518600463867, ""full_batch_guards"": {""adapter_1"": {""crossfit_feasible"": true, ""crossfit_utility"": -1.6600921154022217, ""crossfit_utility_positive"": false, ""full_batch_cur_after"": 4.672300338745117, ""full_batch_cur_before"": 4.661050796508789, ""full_batch_gain"": -0.011249542236328125, ""full_batch_harm"": -0.07558521628379822, ""full_batch_harm_lcb"": -0.0793616683082655, ""full_batch_harm_se"": 0.0019267612369731069, ""full_batch_harm_ucb"": -0.07180876425933093, ""full_batch_safe"": true}, ""default"": {""crossfit_feasible"": true, ""crossfit_utility"": 0.0, ""crossfit_utility_positive"": false, ""full_batch_cur_after"": 2.914639472961426, ""full_batch_cur_before"": 3.00095796585083, ""full_batch_gain"": 0.0863184928894043, ""full_batch_harm"": -0.06939840316772461, ""full_batch_harm_lcb"": -0.07802292883396149, ""full_batch_harm_se"": 0.004400268197059631, ""full_batch_harm_ucb"": -0.06077387750148773, ""full_batch_safe"": true}}, ""guarded_best_reuse"": ""default"", ""num_adapters"": 2, ""pending_after"": false, ""pending_before"": false, ""policy_version"": ""cau_v1"", ""reason"": ""safe_existing_reuse"", ""utility"": {""batch_n"": 16, ""best_reuse"": ""default"", ""best_reuse_query_after"": 2.923666000366211, ""best_reuse_query_before"": 3.000958204269409, ""best_reuse_utility"": 0.0, ""defer_utility"": 0.0, ""fold_a_query_n"": 8, ""fold_a_support_n"": 8, ""fold_b_query_n"": 8, ""fold_b_support_n"": 8, ""fresh_advantage"": -1.3233518600463867, ""fresh_local_trainability"": 0.046215057373046875, ""fresh_positive"": false, ""fresh_query_after"": 4.278095006942749, ""fresh_query_before"": 4.324310064315796, ""fresh_utility"": -1.3233518600463867, ""original_post_update_best_reuse"": ""default"", ""original_post_update_best_reuse_utility"": 0.07729220390319824, ""original_post_update_fold_a_fresh_utility"": -1.221449851989746, ""original_post_update_fold_b_fresh_utility"": -1.3328237533569336, ""original_post_update_fresh_utility"": -1.2771368026733398, ""reuse_profiles"": {""adapter_1"": {""feasible_both"": true, ""fold_a_harm"": -0.07781405746936798, ""fold_a_lcb"": -0.08163657281082123, ""fold_a_query_after"": 4.708059310913086, ""fold_b_harm"": -0.07678438723087311, ""fold_b_lcb"": -0.08043636940885335, ""fold_b_query_after"": 4.673585891723633, ""harm_lcb_max"": -0.08043636940885335, ""harm_mean"": -0.07729922235012054, ""harm_se_mean"": 0.0019067595712840557, ""harm_ucb_max"": -0.07313240505289287, ""local_trainability"": -0.029772281646728516, ""original_post_update_fold_a_utility"": -1.6568331718444824, ""original_post_update_fold_b_utility"": -1.722895622253418, ""original_post_update_system_utility"": -1.6898643970489502, ""query_after"": 4.690822601318359, ""query_before"": 4.661050319671631, ""system_utility"": -1.6600921154022217}, ""default"": {""feasible_both"": true, ""fold_a_harm"": -0.06655509769916534, ""fold_a_lcb"": -0.07544557297602296, ""fold_a_query_after"": 2.9787893295288086, ""fold_b_harm"": -0.06854312121868134, ""fold_b_lcb"": -0.07658307688310742, ""fold_b_query_after"": 2.8685426712036133, ""harm_lcb_max"": -0.07544557297602296, ""harm_mean"": -0.06754910945892334, ""harm_se_mean"": 0.004318987485021353, ""harm_ucb_max"": -0.05766462242230773, ""local_trainability"": 0.07729220390319824, ""original_post_update_fold_a_utility"": 0.07243680953979492, ""original_post_update_fold_b_utility"": 0.08214759826660156, ""original_post_update_system_utility"": 0.07729220390319824, ""query_after"": 2.923666000366211, ""query_before"": 3.000958204269409, ""system_utility"": 0.0}}, ""scoring_policy"": ""pre_update_query_loss_ablation"", ""status"": ""ok"", ""statusquo_loss"": 3.000958204269409}, ""utility_status"": ""ok""}"
35,A2,A,2,default,reuse,safe_existing_reuse,3.0069499015808105,2,True,294912,1299610,0,68607207,797261,12756400,554,16.467960603535175,506482176,0.0,12.229078877717257,2.2467727791517973,2.9511388540267944,-1.3554216623306274,0.0,-1.3554216623306274,False,,"{""best_reuse"": ""default"", ""best_reuse_utility"": 0.0, ""decision"": ""reuse"", ""fresh_advantage"": -1.3554216623306274, ""fresh_positive"": false, ""fresh_utility"": -1.3554216623306274, ""full_batch_guards"": {""adapter_1"": {""crossfit_feasible"": true, ""crossfit_utility"": -1.712359070777893, ""crossfit_utility_positive"": false, ""full_batch_cur_after"": 4.673588752746582, ""full_batch_cur_before"": 4.6634979248046875, ""full_batch_gain"": -0.010090827941894531, ""full_batch_harm"": -0.07592874765396118, ""full_batch_harm_lcb"": -0.07958656013477594, ""full_batch_harm_se"": 0.0018662308575585485, ""full_batch_harm_ucb"": -0.07227093517314642, ""full_batch_safe"": true}, ""default"": {""crossfit_feasible"": true, ""crossfit_utility"": 0.0, ""crossfit_utility_positive"": false, ""full_batch_cur_after"": 2.8623039722442627, ""full_batch_cur_before"": 2.951138973236084, ""full_batch_gain"": 0.08883500099182129, ""full_batch_harm"": -0.06972598284482956, ""full_batch_harm_lcb"": -0.07958573866635561, ""full_batch_harm_se"": 0.005030487664043903, ""full_batch_harm_ucb"": -0.059866227023303506, ""full_batch_safe"": true}}, ""guarded_best_reuse"": ""default"", ""num_adapters"": 2, ""pending_after"": false, ""pending_before"": false, ""policy_version"": ""cau_v1"", ""reason"": ""safe_existing_reuse"", ""utility"": {""batch_n"": 16, ""best_reuse"": ""default"", ""best_reuse_query_after"": 2.8756591081619263, ""best_reuse_query_before"": 2.9511388540267944, ""best_reuse_utility"": 0.0, ""defer_utility"": 0.0, ""fold_a_query_n"": 8, ""fold_a_support_n"": 8, ""fold_b_query_n"": 8, ""fold_b_support_n"": 8, ""fresh_advantage"": -1.3554216623306274, ""fresh_local_trainability"": 0.031911373138427734, ""fresh_positive"": false, ""fresh_query_after"": 4.274649143218994, ""fresh_query_before"": 4.306560516357422, ""fresh_utility"": -1.3554216623306274, ""original_post_update_best_reuse"": ""default"", ""original_post_update_best_reuse_utility"": 0.07547974586486816, ""original_post_update_fold_a_fresh_utility"": -1.246074914932251, ""original_post_update_fold_b_fresh_utility"": -1.4009456634521484, ""original_post_update_fresh_utility"": -1.3235102891921997, ""reuse_profiles"": {""adapter_1"": {""feasible_both"": true, ""fold_a_harm"": -0.07904551923274994, ""fold_a_lcb"": -0.08267816092353314, ""fold_a_query_after"": 4.734116077423096, ""fold_b_harm"": -0.07623550295829773, ""fold_b_lcb"": -0.07991689996328205, ""fold_b_query_after"": 4.6690521240234375, ""harm_lcb_max"": -0.07991689996328205, ""harm_mean"": -0.07764051109552383, ""harm_se_mean"": 0.001865826197899878, ""harm_ucb_max"": -0.07255410595331341, ""local_trainability"": -0.0380861759185791, ""original_post_update_fold_a_utility"": -1.6787536144256592, ""original_post_update_fold_b_utility"": -1.8221368789672852, ""original_post_update_system_utility"": -1.7504452466964722, ""query_after"": 4.701584100723267, ""query_before"": 4.6634979248046875, ""system_utility"": -1.712359070777893}, ""default"": {""feasible_both"": true, ""fold_a_harm"": -0.06598139554262161, ""fold_a_lcb"": -0.07577785953879357, ""fold_a_query_after"": 2.9799251556396484, ""fold_b_harm"": -0.06994584202766418, ""fold_b_lcb"": -0.07937803348526358, ""fold_b_query_after"": 2.771393060684204, ""harm_lcb_max"": -0.07577785953879357, ""harm_mean"": -0.0679636187851429, ""harm_se_mean"": 0.004905269248411059, ""harm_ucb_max"": -0.056184931546449664, ""local_trainability"": 0.07547974586486816, ""original_post_update_fold_a_utility"": 0.07543730735778809, ""original_post_update_fold_b_utility"": 0.07552218437194824, ""original_post_update_system_utility"": 0.07547974586486816, ""query_after"": 2.8756591081619263, ""query_before"": 2.9511388540267944, ""system_utility"": 0.0}}, ""scoring_policy"": ""pre_update_query_loss_ablation"", ""status"": ""ok"", ""statusquo_loss"": 2.9511388540267944}, ""utility_status"": ""ok""}"
36,A2,A,2,default,reuse,safe_existing_reuse,2.899240493774414,2,True,294912,1299610,0,68607207,797261,12756400,570,17.007811844348907,557865472,0.0,12.763373844325542,2.2467727791517973,2.877323627471924,-1.46439528465271,0.0,-1.46439528465271,False,,"{""best_reuse"": ""default"", ""best_reuse_utility"": 0.0, ""decision"": ""reuse"", ""fresh_advantage"": -1.46439528465271, ""fresh_positive"": false, ""fresh_utility"": -1.46439528465271, ""full_batch_guards"": {""adapter_1"": {""crossfit_feasible"": true, ""crossfit_utility"": -1.8002355098724365, ""crossfit_utility_positive"": false, ""full_batch_cur_after"": 4.685700416564941, ""full_batch_cur_before"": 4.6775593757629395, ""full_batch_gain"": -0.008141040802001953, ""full_batch_harm"": -0.07545937597751617, ""full_batch_harm_lcb"": -0.07931877770461142, ""full_batch_harm_se"": 0.0019690825138241053, ""full_batch_harm_ucb"": -0.07159997425042093, ""full_batch_safe"": true}, ""default"": {""crossfit_feasible"": true, ""crossfit_utility"": 0.0, ""crossfit_utility_positive"": false, ""full_batch_cur_after"": 2.7888920307159424, ""full_batch_cur_before"": 2.877323627471924, ""full_batch_gain"": 0.08843159675598145, ""full_batch_harm"": -0.0690818727016449, ""full_batch_harm_lcb"": -0.08031812487170101, ""full_batch_harm_se"": 0.00573278171941638, ""full_batch_harm_ucb"": -0.057845620531588794, ""full_batch_safe"": true}}, ""guarded_best_reuse"": ""default"", ""num_adapters"": 2, ""pending_after"": false, ""pending_before"": false, ""policy_version"": ""cau_v1"", ""reason"": ""safe_existing_reuse"", ""utility"": {""batch_n"": 16, ""best_reuse"": ""default"", ""best_reuse_query_after"": 2.800215721130371, ""best_reuse_query_before"": 2.877323627471924, ""best_reuse_utility"": 0.0, ""defer_utility"": 0.0, ""fold_a_query_n"": 8, ""fold_a_support_n"": 8, ""fold_b_query_n"": 8, ""fold_b_support_n"": 8, ""fresh_advantage"": -1.46439528465271, ""fresh_local_trainability"": 0.04247641563415527, ""fresh_positive"": false, ""fresh_query_after"": 4.2992424964904785, ""fresh_query_before"": 4.341718912124634, ""fresh_utility"": -1.46439528465271, ""original_post_update_best_reuse"": ""default"", ""original_post_update_best_reuse_utility"": 0.07710790634155273, ""original_post_update_fold_a_fresh_utility"": -1.4638442993164062, ""original_post_update_fold_b_fresh_utility"": -1.3799934387207031, ""original_post_update_fresh_utility"": -1.4219188690185547, ""reuse_profiles"": {""adapter_1"": {""feasible_both"": true, ""fold_a_harm"": -0.077481210231781, ""fold_a_lcb"": -0.08160208342596889, ""fold_a_query_after"": 4.721457481384277, ""fold_b_harm"": -0.07789643108844757, ""fold_b_lcb"": -0.08164911171421409, ""fold_b_query_after"": 4.693140029907227, ""harm_lcb_max"": -0.08160208342596889, ""harm_mean"": -0.07768882066011429, ""harm_se_mean"": 0.00200855964794755, ""harm_ucb_max"": -0.07336033703759312, ""local_trainability"": -0.0297396183013916, ""original_post_update_fold_a_utility"": -1.907851219177246, ""original_post_update_fold_b_utility"": -1.7520990371704102, ""original_post_update_system_utility"": -1.8299751281738281, ""query_after"": 4.707298755645752, ""query_before"": 4.67755913734436, ""system_utility"": -1.8002355098724365}, ""default"": {""feasible_both"": true, ""fold_a_harm"": -0.06744180619716644, ""fold_a_lcb"": -0.07830911830067634, ""fold_a_query_after"": 2.7290291786193848, ""fold_b_harm"": -0.06681041419506073, ""fold_b_lcb"": -0.07834547394886612, ""fold_b_query_after"": 2.8714022636413574, ""harm_lcb_max"": -0.07830911830067634, ""harm_mean"": -0.06712611019611359, ""harm_se_mean"": 0.005714890779927373, ""harm_ucb_max"": -0.05527535444125533, ""local_trainability"": 0.07710790634155273, ""original_post_update_fold_a_utility"": 0.08457708358764648, ""original_post_update_fold_b_utility"": 0.06963872909545898, ""original_post_update_system_utility"": 0.07710790634155273, ""query_after"": 2.800215721130371, ""query_before"": 2.877323627471924, ""system_utility"": 0.0}}, ""scoring_policy"": ""pre_update_query_loss_ablation"", ""status"": ""ok"", ""statusquo_loss"": 2.877323627471924}, ""utility_status"": ""ok""}"
37,A2,A,2,default,reuse,safe_existing_reuse,2.8872931003570557,2,True,294912,1299610,0,68607207,797261,12756400,586,17.566126560792327,557865472,0.0,13.316354358568788,2.2467727791517973,2.814182996749878,-1.492964506149292,0.0,-1.492964506149292,False,,"{""best_reuse"": ""default"", ""best_reuse_utility"": 0.0, ""decision"": ""reuse"", ""fresh_advantage"": -1.492964506149292, ""fresh_positive"": false, ""fresh_utility"": -1.492964506149292, ""full_batch_guards"": {""adapter_1"": {""crossfit_feasible"": true, ""crossfit_utility"": -1.818998098373413, ""crossfit_utility_positive"": false, ""full_batch_cur_after"": 4.641976356506348, ""full_batch_cur_before"": 4.633180618286133, ""full_batch_gain"": -0.008795738220214844, ""full_batch_harm"": -0.0771724134683609, ""full_batch_harm_lcb"": -0.0808018764667213, ""full_batch_harm_se"": 0.001851766835898161, ""full_batch_harm_ucb"": -0.0735429504700005, ""full_batch_safe"": true}, ""default"": {""crossfit_feasible"": true, ""crossfit_utility"": 0.0, ""crossfit_utility_positive"": false, ""full_batch_cur_after"": 2.7231698036193848, ""full_batch_cur_before"": 2.814182758331299, ""full_batch_gain"": 0.09101295471191406, ""full_batch_harm"": -0.06687892228364944, ""full_batch_harm_lcb"": -0.07937062995508314, ""full_batch_harm_se"": 0.0063733202405273914, ""full_batch_harm_ucb"": -0.054387214612215753, ""full_batch_safe"": true}}, ""guarded_best_reuse"": ""default"", ""num_adapters"": 2, ""pending_after"": false, ""pending_before"": false, ""policy_version"": ""cau_v1"", ""reason"": ""safe_existing_reuse"", ""utility"": {""batch_n"": 16, ""best_reuse"": ""default"", ""best_reuse_query_after"": 2.734440326690674, ""best_reuse_query_before"": 2.814182996749878, ""best_reuse_utility"": 0.0, ""defer_utility"": 0.0, ""fold_a_query_n"": 8, ""fold_a_support_n"": 8, ""fold_b_query_n"": 8, ""fold_b_support_n"": 8, ""fresh_advantage"": -1.492964506149292, ""fresh_local_trainability"": 0.048023223876953125, ""fresh_positive"": false, ""fresh_query_after"": 4.259124279022217, ""fresh_query_before"": 4.30714750289917, ""fresh_utility"": -1.492964506149292, ""original_post_update_best_reuse"": ""default"", ""original_post_update_best_reuse_utility"": 0.0797426700592041, ""original_post_update_fold_a_fresh_utility"": -1.4181561470031738, ""original_post_update_fold_b_fresh_utility"": -1.471726417541504, ""original_post_update_fresh_utility"": -1.4449412822723389, ""reuse_profiles"": {""adapter_1"": {""feasible_both"": true, ""fold_a_harm"": -0.07878001034259796, ""fold_a_lcb"": -0.08241943245287985, ""fold_a_query_after"": 4.662444591522217, ""fold_b_harm"": -0.07765115797519684, ""fold_b_lcb"": -0.08143371639307588, ""fold_b_query_after"": 4.6612043380737305, ""harm_lcb_max"": -0.08143371639307588, ""harm_mean"": -0.0782155841588974, ""harm_se_mean"": 0.0018933623796328902, ""harm_ucb_max"": -0.0738685995573178, ""local_trainability"": -0.028643369674682617, ""original_post_update_fold_a_utility"": -1.809636116027832, ""original_post_update_fold_b_utility"": -1.8856468200683594, ""original_post_update_system_utility"": -1.8476414680480957, ""query_after"": 4.661824464797974, ""query_before"": 4.633181095123291, ""system_utility"": -1.818998098373413}, ""default"": {""feasible_both"": true, ""fold_a_harm"": -0.06433658301830292, ""fold_a_lcb"": -0.07671924084424972, ""fold_a_query_after"": 2.7737560272216797, ""fold_b_harm"": -0.06712806969881058, ""fold_b_lcb"": -0.07966982780024409, ""fold_b_query_after"": 2.695124626159668, ""harm_lcb_max"": -0.07671924084424972, ""harm_mean"": -0.06573232635855675, ""harm_se_mean"": 0.006358269369229674, ""harm_ucb_max"": -0.05195392519235611, ""local_trainability"": 0.0797426700592041, ""original_post_update_fold_a_utility"": 0.07905244827270508, ""original_post_update_fold_b_utility"": 0.08043289184570312, ""original_post_update_system_utility"": 0.0797426700592041, ""query_after"": 2.734440326690674, ""query_before"": 2.814182996749878, ""system_utility"": 0.0}}, ""scoring_policy"": ""pre_update_query_loss_ablation"", ""status"": ""ok"", ""statusquo_loss"": 2.814182996749878}, ""utility_status"": ""ok""}"
38,A2,A,2,default,reuse,safe_existing_reuse,2.8105971813201904,2,True,294912,1299610,0,68607207,797261,12756400,602,18.144748440012336,557865472,0.0,13.889626501128078,2.2467727791517973,2.726073980331421,-1.6312739849090576,0.0,-1.6312739849090576,False,,"{""best_reuse"": ""default"", ""best_reuse_utility"": 0.0, ""decision"": ""reuse"", ""fresh_advantage"": -1.6312739849090576, ""fresh_positive"": false, ""fresh_utility"": -1.6312739849090576, ""full_batch_guards"": {""adapter_1"": {""crossfit_feasible"": true, ""crossfit_utility"": -1.9479856491088867, ""crossfit_utility_positive"": false, ""full_batch_cur_after"": 4.675963401794434, ""full_batch_cur_before"": 4.674059867858887, ""full_batch_gain"": -0.001903533935546875, ""full_batch_harm"": -0.07831346243619919, ""full_batch_harm_lcb"": -0.0822570407576859, ""full_batch_harm_se"": 0.002012029755860567, ""full_batch_harm_ucb"": -0.07436988411471247, ""full_batch_safe"": true}, ""default"": {""crossfit_feasible"": true, ""crossfit_utility"": 0.0, ""crossfit_utility_positive"": false, ""full_batch_cur_after"": 2.651203155517578, ""full_batch_cur_before"": 2.726073741912842, ""full_batch_gain"": 0.07487058639526367, ""full_batch_harm"": -0.060071367770433426, ""full_batch_harm_lcb"": -0.07286555936560035, ""full_batch_harm_se"": 0.006527648773044348, ""full_batch_harm_ucb"": -0.04727717617526651, ""full_batch_safe"": true}}, ""guarded_best_reuse"": ""default"", ""num_adapters"": 2, ""pending_after"": false, ""pending_before"": false, ""policy_version"": ""cau_v1"", ""reason"": ""safe_existing_reuse"", ""utility"": {""batch_n"": 16, ""best_reuse"": ""default"", ""best_reuse_query_after"": 2.660487651824951, ""best_reuse_query_before"": 2.726073980331421, ""best_reuse_utility"": 0.0, ""defer_utility"": 0.0, ""fold_a_query_n"": 8, ""fold_a_support_n"": 8, ""fold_b_query_n"": 8, ""fold_b_support_n"": 8, ""fresh_advantage"": -1.6312739849090576, ""fresh_local_trainability"": 0.07477164268493652, ""fresh_positive"": false, ""fresh_query_after"": 4.282576322555542, ""fresh_query_before"": 4.3573479652404785, ""fresh_utility"": -1.6312739849090576, ""original_post_update_best_reuse"": ""default"", ""original_post_update_best_reuse_utility"": 0.06558632850646973, ""original_post_update_fold_a_fresh_utility"": -1.5437569618225098, ""original_post_update_fold_b_fresh_utility"": -1.5692477226257324, ""original_post_update_fresh_utility"": -1.556502342224121, ""reuse_profiles"": {""adapter_1"": {""feasible_both"": true, ""fold_a_harm"": -0.07934466004371643, ""fold_a_lcb"": -0.08328933770768344, ""fold_a_query_after"": 4.686298370361328, ""fold_b_harm"": -0.07940639555454254, ""fold_b_lcb"": -0.0833189869299531, ""fold_b_query_after"": 4.694260120391846, ""harm_lcb_max"": -0.08328933770768344, ""harm_mean"": -0.07937552779912949, ""harm_se_mean"": 0.0020044053671881557, ""harm_ucb_max"": -0.07539998237974942, ""local_trainability"": -0.016219615936279297, ""original_post_update_fold_a_utility"": -1.9481611251831055, ""original_post_update_fold_b_utility"": -1.9802494049072266, ""original_post_update_system_utility"": -1.964205265045166, ""query_after"": 4.690279245376587, ""query_before"": 4.674059629440308, ""system_utility"": -1.9479856491088867}, ""default"": {""feasible_both"": true, ""fold_a_harm"": -0.05929024890065193, ""fold_a_lcb"": -0.07192917263135314, ""fold_a_query_after"": 2.6719810962677, ""fold_b_harm"": -0.059727855026721954, ""fold_b_lcb"": -0.07248190898448229, ""fold_b_query_after"": 2.648994207382202, ""harm_lcb_max"": -0.07192917263135314, ""harm_mean"": -0.05950905196368694, ""harm_se_mean"": 0.006477800430729985, ""harm_ucb_max"": -0.04665132516995073, ""local_trainability"": 0.06558632850646973, ""original_post_update_fold_a_utility"": 0.06615614891052246, ""original_post_update_fold_b_utility"": 0.06501650810241699, ""original_post_update_system_utility"": 0.06558632850646973, ""query_after"": 2.660487651824951, ""query_before"": 2.726073980331421, ""system_utility"": 0.0}}, ""scoring_policy"": ""pre_update_query_loss_ablation"", ""status"": ""ok"", ""statusquo_loss"": 2.726073980331421}, ""utility_status"": ""ok""}"
39,A2,A,2,default,reuse,safe_existing_reuse,2.7314913272857666,2,True,294912,1299610,0,68607207,797261,12756400,618,18.703001776710153,557865472,0.0,14.442249182611704,2.2467727791517973,2.7051960229873657,-1.6092957258224487,0.0,-1.6092957258224487,False,,"{""best_reuse"": ""default"", ""best_reuse_utility"": 0.0, ""decision"": ""reuse"", ""fresh_advantage"": -1.6092957258224487, ""fresh_positive"": false, ""fresh_utility"": -1.6092957258224487, ""full_batch_guards"": {""adapter_1"": {""crossfit_feasible"": true, ""crossfit_utility"": -1.9722956418991089, ""crossfit_utility_positive"": false, ""full_batch_cur_after"": 4.686931133270264, ""full_batch_cur_before"": 4.677491664886475, ""full_batch_gain"": -0.009439468383789062, ""full_batch_harm"": -0.07571859657764435, ""full_batch_harm_lcb"": -0.07947100681718439, ""full_batch_harm_se"": 0.00191449502017349, ""full_batch_harm_ucb"": -0.07196618633810431, ""full_batch_safe"": true}, ""default"": {""crossfit_feasible"": true, ""crossfit_utility"": 0.0, ""crossfit_utility_positive"": false, ""full_batch_cur_after"": 2.629930019378662, ""full_batch_cur_before"": 2.705195903778076, ""full_batch_gain"": 0.07526588439941406, ""full_batch_harm"": -0.05307982116937637, ""full_batch_harm_lcb"": -0.06655070209875703, ""full_batch_harm_se"": 0.006872898433357477, ""full_batch_harm_ucb"": -0.03960894023999572, ""full_batch_safe"": true}}, ""guarded_best_reuse"": ""default"", ""num_adapters"": 2, ""pending_after"": false, ""pending_before"": false, ""policy_version"": ""cau_v1"", ""reason"": ""safe_existing_reuse"", ""utility"": {""batch_n"": 16, ""best_reuse"": ""default"", ""best_reuse_query_after"": 2.6457016468048096, ""best_reuse_query_before"": 2.7051960229873657, ""best_reuse_utility"": 0.0, ""defer_utility"": 0.0, ""fold_a_query_n"": 8, ""fold_a_support_n"": 8, ""fold_b_query_n"": 8, ""fold_b_support_n"": 8, ""fresh_advantage"": -1.6092957258224487, ""fresh_local_trainability"": 0.04111456871032715, ""fresh_positive"": false, ""fresh_query_after"": 4.273377180099487, ""fresh_query_before"": 4.3144917488098145, ""fresh_utility"": -1.6092957258224487, ""original_post_update_best_reuse"": ""default"", ""original_post_update_best_reuse_utility"": 0.05949437618255615, ""original_post_update_fold_a_fresh_utility"": -1.573735237121582, ""original_post_update_fold_b_fresh_utility"": -1.5626270771026611, ""original_post_update_fresh_utility"": -1.5681811571121216, ""reuse_profiles"": {""adapter_1"": {""feasible_both"": true, ""fold_a_harm"": -0.0786915123462677, ""fold_a_lcb"": -0.08233896024990826, ""fold_a_query_after"": 4.721040725708008, ""fold_b_harm"": -0.07693952322006226, ""fold_b_lcb"": -0.08082527220249176, ""fold_b_query_after"": 4.700568199157715, ""harm_lcb_max"": -0.08082527220249176, ""harm_mean"": -0.07781551778316498, ""harm_se_mean"": 0.0019217338995076716, ""harm_ucb_max"": -0.07305377423763275, ""local_trainability"": -0.03331279754638672, ""original_post_update_fold_a_utility"": -1.9767131805419922, ""original_post_update_fold_b_utility"": -2.034503698348999, ""original_post_update_system_utility"": -2.0056084394454956, ""query_after"": 4.710804462432861, ""query_before"": 4.677491664886475, ""system_utility"": -1.9722956418991089}, ""default"": {""feasible_both"": true, ""fold_a_harm"": -0.05155865103006363, ""fold_a_lcb"": -0.06482180688530206, ""fold_a_query_after"": 2.6876797676086426, ""fold_b_harm"": -0.05213833600282669, ""fold_b_lcb"": -0.0655071035772562, ""fold_b_query_after"": 2.6037235260009766, ""harm_lcb_max"": -0.06482180688530206, ""harm_mean"": -0.05184849351644516, ""harm_se_mean"": 0.006793858017772436, ""harm_ucb_max"": -0.038295495174825195, ""local_trainability"": 0.05949437618255615, ""original_post_update_fold_a_utility"": 0.05664777755737305, ""original_post_update_fold_b_utility"": 0.06234097480773926, ""original_post_update_system_utility"": 0.05949437618255615, ""query_after"": 2.6457016468048096, ""query_before"": 2.7051960229873657, ""system_utility"": 0.0}}, ""scoring_policy"": ""pre_update_query_loss_ablation"", ""status"": ""ok"", ""statusquo_loss"": 2.7051960229873657}, ""utility_status"": ""ok""}"
40,A2,A,2,default,reuse,safe_existing_reuse,2.5228331089019775,2,True,294912,1299610,0,68607207,797261,12756400,634,19.25561902858317,557865472,0.0,14.988977041095495,2.2467727791517973,2.4916203022003174,-1.8173069953918457,0.0,-1.8173069953918457,False,,"{""best_reuse"": ""default"", ""best_reuse_utility"": 0.0, ""decision"": ""reuse"", ""fresh_advantage"": -1.8173069953918457, ""fresh_positive"": false, ""fresh_utility"": -1.8173069953918457, ""full_batch_guards"": {""adapter_1"": {""crossfit_feasible"": true, ""crossfit_utility"": -2.158928632736206, ""crossfit_utility_positive"": false, ""full_batch_cur_after"": 4.661755561828613, ""full_batch_cur_before"": 4.650548934936523, ""full_batch_gain"": -0.011206626892089844, ""full_batch_harm"": -0.07579581439495087, ""full_batch_harm_lcb"": -0.07959448555018753, ""full_batch_harm_se"": 0.0019380975281819701, ""full_batch_harm_ucb"": -0.0719971432397142, ""full_batch_safe"": true}, ""default"": {""crossfit_feasible"": true, ""crossfit_utility"": 0.0, ""crossfit_utility_positive"": false, ""full_batch_cur_after"": 2.434218406677246, ""full_batch_cur_before"": 2.4916203022003174, ""full_batch_gain"": 0.05740189552307129, ""full_batch_harm"": -0.04934825003147125, ""full_batch_harm_lcb"": -0.06168318206444383, ""full_batch_harm_se"": 0.0062933326698839664, ""full_batch_harm_ucb"": -0.03701331799849868, ""full_batch_safe"": true}}, ""guarded_best_reuse"": ""default"", ""num_adapters"": 2, ""pending_after"": false, ""pending_before"": false, ""policy_version"": ""cau_v1"", ""reason"": ""safe_existing_reuse"", ""utility"": {""batch_n"": 16, ""best_reuse"": ""default"", ""best_reuse_query_after"": 2.4576642513275146, ""best_reuse_query_before"": 2.4916203022003174, ""best_reuse_utility"": 0.0, ""defer_utility"": 0.0, ""fold_a_query_n"": 8, ""fold_a_support_n"": 8, ""fold_b_query_n"": 8, ""fold_b_support_n"": 8, ""fresh_advantage"": -1.8173069953918457, ""fresh_local_trainability"": 0.01769566535949707, ""fresh_positive"": false, ""fresh_query_after"": 4.291231632232666, ""fresh_query_before"": 4.308927297592163, ""fresh_utility"": -1.8173069953918457, ""original_post_update_best_reuse"": ""default"", ""original_post_update_best_reuse_utility"": 0.033956050872802734, ""original_post_update_fold_a_fresh_utility"": -1.755751609802246, ""original_post_update_fold_b_fresh_utility"": -1.8434710502624512, ""original_post_update_fresh_utility"": -1.7996113300323486, ""reuse_profiles"": {""adapter_1"": {""feasible_both"": true, ""fold_a_harm"": -0.07819667458534241, ""fold_a_lcb"": -0.08221501002088188, ""fold_a_query_after"": 4.715567588806152, ""fold_b_harm"": -0.07843801379203796, ""fold_b_lcb"": -0.08209432922303676, ""fold_b_query_after"": 4.671669006347656, ""harm_lcb_max"": -0.08209432922303676, ""harm_mean"": -0.07831734418869019, ""harm_se_mean"": 0.0019578190986067057, ""harm_ucb_max"": -0.07417833914980293, ""local_trainability"": -0.04306936264038086, ""original_post_update_fold_a_utility"": -2.177546501159668, ""original_post_update_fold_b_utility"": -2.226449489593506, ""original_post_update_system_utility"": -2.201997995376587, ""query_after"": 4.693618297576904, ""query_before"": 4.650548934936523, ""system_utility"": -2.158928632736206}, ""default"": {""feasible_both"": true, ""fold_a_harm"": -0.04890596866607666, ""fold_a_lcb"": -0.06085177361965179, ""fold_a_query_after"": 2.4982635974884033, ""fold_b_harm"": -0.04569140449166298, ""fold_b_lcb"": -0.05859108550474047, ""fold_b_query_after"": 2.417064905166626, ""harm_lcb_max"": -0.05859108550474047, ""harm_mean"": -0.04729868657886982, ""harm_se_mean"": 0.006338134175166488, ""harm_ucb_max"": -0.032791723478585486, ""local_trainability"": 0.033956050872802734, ""original_post_update_fold_a_utility"": 0.039757490158081055, ""original_post_update_fold_b_utility"": 0.028154611587524414, ""original_post_update_system_utility"": 0.033956050872802734, ""query_after"": 2.4576642513275146, ""query_before"": 2.4916203022003174, ""system_utility"": 0.0}}, ""scoring_policy"": ""pre_update_query_loss_ablation"", ""status"": ""ok"", ""statusquo_loss"": 2.4916203022003174}, ""utility_status"": ""ok""}"
41,A2,A,2,default,reuse,safe_existing_reuse,2.569365978240967,2,True,294912,1299610,0,68607207,797261,12756400,650,19.79665806889534,557865472,0.0,15.524351704865694,2.2467727791517973,2.471421718597412,-1.8391599655151367,0.0,-1.8391599655151367,False,,"{""best_reuse"": ""default"", ""best_reuse_utility"": 0.0, ""decision"": ""reuse"", ""fresh_advantage"": -1.8391599655151367, ""fresh_positive"": false, ""fresh_utility"": -1.8391599655151367, ""full_batch_guards"": {""adapter_1"": {""crossfit_feasible"": true, ""crossfit_utility"": -2.1570069789886475, ""crossfit_utility_positive"": false, ""full_batch_cur_after"": 4.635495185852051, ""full_batch_cur_before"": 4.6284284591674805, ""full_batch_gain"": -0.0070667266845703125, ""full_batch_harm"": -0.07647236436605453, ""full_batch_harm_lcb"": -0.08042810801416636, ""full_batch_harm_se"": 0.002018236555159092, ""full_batch_harm_ucb"": -0.07251662071794271, ""full_batch_safe"": true}, ""default"": {""crossfit_feasible"": true, ""crossfit_utility"": 0.0, ""crossfit_utility_positive"": false, ""full_batch_cur_after"": 2.419346809387207, ""full_batch_cur_before"": 2.471421718597412, ""full_batch_gain"": 0.05207490921020508, ""full_batch_harm"": -0.04194460064172745, ""full_batch_harm_lcb"": -0.05355277739465236, ""full_batch_harm_se"": 0.005922539159655571, ""full_batch_harm_ucb"": -0.03033642388880253, ""full_batch_safe"": true}}, ""guarded_best_reuse"": ""default"", ""num_adapters"": 2, ""pending_after"": false, ""pending_before"": false, ""policy_version"": ""cau_v1"", ""reason"": ""safe_existing_reuse"", ""utility"": {""batch_n"": 16, ""best_reuse"": ""default"", ""best_reuse_query_after"": 2.4330579042434692, ""best_reuse_query_before"": 2.471421718597412, ""best_reuse_utility"": 0.0, ""defer_utility"": 0.0, ""fold_a_query_n"": 8, ""fold_a_support_n"": 8, ""fold_b_query_n"": 8, ""fold_b_support_n"": 8, ""fresh_advantage"": -1.8391599655151367, ""fresh_local_trainability"": 0.05633234977722168, ""fresh_positive"": false, ""fresh_query_after"": 4.254249334335327, ""fresh_query_before"": 4.310581684112549, ""fresh_utility"": -1.8391599655151367, ""original_post_update_best_reuse"": ""default"", ""original_post_update_best_reuse_utility"": 0.03836381435394287, ""original_post_update_fold_a_fresh_utility"": -1.7272329330444336, ""original_post_update_fold_b_fresh_utility"": -1.8384222984313965, ""original_post_update_fresh_utility"": -1.782827615737915, ""reuse_profiles"": {""adapter_1"": {""feasible_both"": true, ""fold_a_harm"": -0.07715943455696106, ""fold_a_lcb"": -0.08116943296976388, ""fold_a_query_after"": 4.612081050872803, ""fold_b_harm"": -0.07775793969631195, ""fold_b_lcb"": -0.0815958716161549, ""fold_b_query_after"": 4.692970275878906, ""harm_lcb_max"": -0.08116943296976388, ""harm_mean"": -0.0774586871266365, ""harm_se_mean"": 0.0020020230440422893, ""harm_ucb_max"": -0.07314943614415824, ""local_trainability"": -0.024096965789794922, ""original_post_update_fold_a_utility"": -2.1103949546813965, ""original_post_update_fold_b_utility"": -2.2518129348754883, ""original_post_update_system_utility"": -2.1811039447784424, ""query_after"": 4.6525256633758545, ""query_before"": 4.62842869758606, ""system_utility"": -2.1570069789886475}, ""default"": {""feasible_both"": true, ""fold_a_harm"": -0.042218759655952454, ""fold_a_lcb"": -0.054163500405848025, ""fold_a_query_after"": 2.465360641479492, ""fold_b_harm"": -0.04081252962350845, ""fold_b_lcb"": -0.05261627160012722, ""fold_b_query_after"": 2.4007551670074463, ""harm_lcb_max"": -0.05261627160012722, ""harm_mean"": -0.041515644639730453, ""harm_se_mean"": 0.006058286409825087, ""harm_ucb_max"": -0.02900878764688969, ""local_trainability"": 0.03836381435394287, ""original_post_update_fold_a_utility"": 0.03632545471191406, ""original_post_update_fold_b_utility"": 0.04040217399597168, ""original_post_update_system_utility"": 0.03836381435394287, ""query_after"": 2.4330579042434692, ""query_before"": 2.471421718597412, ""system_utility"": 0.0}}, ""scoring_policy"": ""pre_update_query_loss_ablation"", ""status"": ""ok"", ""statusquo_loss"": 2.471421718597412}, ""utility_status"": ""ok""}"
42,A2,A,2,default,reuse,safe_existing_reuse,2.4279980659484863,2,True,294912,1299610,0,68607207,797261,12756400,666,20.330906683579087,557865472,0.0,16.052180249243975,2.2467727791517973,2.360113739967346,-1.9254099130630493,0.0,-1.9254099130630493,False,,"{""best_reuse"": ""default"", ""best_reuse_utility"": 0.0, ""decision"": ""reuse"", ""fresh_advantage"": -1.9254099130630493, ""fresh_positive"": false, ""fresh_utility"": -1.9254099130630493, ""full_batch_guards"": {""adapter_1"": {""crossfit_feasible"": true, ""crossfit_utility"": -2.263262629508972, ""crossfit_utility_positive"": false, ""full_batch_cur_after"": 4.63165283203125, ""full_batch_cur_before"": 4.623376369476318, ""full_batch_gain"": -0.00827646255493164, ""full_batch_harm"": -0.07645776867866516, ""full_batch_harm_lcb"": -0.08029811741784215, ""full_batch_harm_se"": 0.0019593616016209126, ""full_batch_harm_ucb"": -0.07261741993948817, ""full_batch_safe"": true}, ""default"": {""crossfit_feasible"": true, ""crossfit_utility"": 0.0, ""crossfit_utility_positive"": false, ""full_batch_cur_after"": 2.306929111480713, ""full_batch_cur_before"": 2.3601138591766357, ""full_batch_gain"": 0.05318474769592285, ""full_batch_harm"": -0.02884223684668541, ""full_batch_harm_lcb"": -0.04165059896185994, ""full_batch_harm_se"": 0.006534878630191088, ""full_batch_harm_ucb"": -0.016033874731510876, ""full_batch_safe"": true}}, ""guarded_best_reuse"": ""default"", ""num_adapters"": 2, ""pending_after"": false, ""pending_before"": false, ""policy_version"": ""cau_v1"", ""reason"": ""safe_existing_reuse"", ""utility"": {""batch_n"": 16, ""best_reuse"": ""default"", ""best_reuse_query_after"": 2.3303191661834717, ""best_reuse_query_before"": 2.360113739967346, ""best_reuse_utility"": 0.0, ""defer_utility"": 0.0, ""fold_a_query_n"": 8, ""fold_a_support_n"": 8, ""fold_b_query_n"": 8, ""fold_b_support_n"": 8, ""fresh_advantage"": -1.9254099130630493, ""fresh_local_trainability"": 0.02330470085144043, ""fresh_positive"": false, ""fresh_query_after"": 4.262218952178955, ""fresh_query_before"": 4.2855236530303955, ""fresh_utility"": -1.9254099130630493, ""original_post_update_best_reuse"": ""default"", ""original_post_update_best_reuse_utility"": 0.02979457378387451, ""original_post_update_fold_a_fresh_utility"": -2.0249998569488525, ""original_post_update_fold_b_fresh_utility"": -1.7792105674743652, ""original_post_update_fresh_utility"": -1.9021052122116089, ""reuse_profiles"": {""adapter_1"": {""feasible_both"": true, ""fold_a_harm"": -0.07917315512895584, ""fold_a_lcb"": -0.08298691360745579, ""fold_a_query_after"": 4.625546455383301, ""fold_b_harm"": -0.07799675315618515, ""fold_b_lcb"": -0.08182976838201285, ""fold_b_query_after"": 4.701746940612793, ""harm_lcb_max"": -0.08182976838201285, ""harm_mean"": -0.0785849541425705, ""harm_se_mean"": 0.0019507075776346028, ""harm_ucb_max"": -0.07416373793035745, ""local_trainability"": -0.040270328521728516, ""original_post_update_fold_a_utility"": -2.4407761096954346, ""original_post_update_fold_b_utility"": -2.166289806365967, ""original_post_update_system_utility"": -2.3035329580307007, ""query_after"": 4.663646697998047, ""query_before"": 4.623376369476318, ""system_utility"": -2.263262629508972}, ""default"": {""feasible_both"": true, ""fold_a_harm"": -0.02999413013458252, ""fold_a_lcb"": -0.04203419651836157, ""fold_a_query_after"": 2.1558690071105957, ""fold_b_harm"": -0.030132753774523735, ""fold_b_lcb"": -0.04247522193938494, ""fold_b_query_after"": 2.5047693252563477, ""harm_lcb_max"": -0.04203419651836157, ""harm_mean"": -0.030063441954553127, ""harm_se_mean"": 0.006220034323632717, ""harm_ucb_max"": -0.01779028560966253, ""local_trainability"": 0.02979457378387451, ""original_post_update_fold_a_utility"": 0.028901338577270508, ""original_post_update_fold_b_utility"": 0.030687808990478516, ""original_post_update_system_utility"": 0.02979457378387451, ""query_after"": 2.3303191661834717, ""query_before"": 2.360113739967346, ""system_utility"": 0.0}}, ""scoring_policy"": ""pre_update_query_loss_ablation"", ""status"": ""ok"", ""statusquo_loss"": 2.360113739967346}, ""utility_status"": ""ok""}"
43,A2,A,2,default,reuse,safe_existing_reuse,2.461979866027832,2,True,294912,1299610,0,68607207,797261,12756400,682,20.87131419405341,557865472,0.0,16.586534090340137,2.2467727791517973,2.4774402379989624,-1.8242734670639038,0.0,-1.8242734670639038,False,,"{""best_reuse"": ""default"", ""best_reuse_utility"": 0.0, ""decision"": ""reuse"", ""fresh_advantage"": -1.8242734670639038, ""fresh_positive"": false, ""fresh_utility"": -1.8242734670639038, ""full_batch_guards"": {""adapter_1"": {""crossfit_feasible"": true, ""crossfit_utility"": -2.2063480615615845, ""crossfit_utility_positive"": false, ""full_batch_cur_after"": 4.690705299377441, ""full_batch_cur_before"": 4.683788299560547, ""full_batch_gain"": -0.006916999816894531, ""full_batch_harm"": -0.07668013870716095, ""full_batch_harm_lcb"": -0.08037534024100751, ""full_batch_harm_se"": 0.0018853069050237536, ""full_batch_harm_ucb"": -0.07298493717331439, ""full_batch_safe"": true}, ""default"": {""crossfit_feasible"": true, ""crossfit_utility"": 0.0, ""crossfit_utility_positive"": false, ""full_batch_cur_after"": 2.4319519996643066, ""full_batch_cur_before"": 2.477440357208252, ""full_batch_gain"": 0.04548835754394531, ""full_batch_harm"": -0.02684682235121727, ""full_batch_harm_lcb"": -0.037558006830513475, ""full_batch_harm_se"": 0.005464890040457249, ""full_batch_harm_ucb"": -0.016135637871921064, ""full_batch_safe"": true}}, ""guarded_best_reuse"": ""default"", ""num_adapters"": 2, ""pending_after"": false, ""pending_before"": false, ""policy_version"": ""cau_v1"", ""reason"": ""safe_existing_reuse"", ""utility"": {""batch_n"": 16, ""best_reuse"": ""default"", ""best_reuse_query_after"": 2.446101665496826, ""best_reuse_query_before"": 2.4774402379989624, ""best_reuse_utility"": 0.0, ""defer_utility"": 0.0, ""fold_a_query_n"": 8, ""fold_a_support_n"": 8, ""fold_b_query_n"": 8, ""fold_b_support_n"": 8, ""fresh_advantage"": -1.8242734670639038, ""fresh_local_trainability"": 0.0610356330871582, ""fresh_positive"": false, ""fresh_query_after"": 4.240678071975708, ""fresh_query_before"": 4.301713705062866, ""fresh_utility"": -1.8242734670639038, ""original_post_update_best_reuse"": ""default"", ""original_post_update_best_reuse_utility"": 0.03133857250213623, ""original_post_update_fold_a_fresh_utility"": -1.752692461013794, ""original_post_update_fold_b_fresh_utility"": -1.7737832069396973, ""original_post_update_fresh_utility"": -1.7632378339767456, ""reuse_profiles"": {""adapter_1"": {""feasible_both"": true, ""fold_a_harm"": -0.07721075415611267, ""fold_a_lcb"": -0.08091840623412282, ""fold_a_query_after"": 4.719181060791016, ""fold_b_harm"": -0.07884946465492249, ""fold_b_lcb"": -0.08267142530530691, ""fold_b_query_after"": 4.695313453674316, ""harm_lcb_max"": -0.08091840623412282, ""harm_mean"": -0.07803010940551758, ""harm_se_mean"": 0.0019208195735700428, ""harm_ucb_max"": -0.07350310207810253, ""local_trainability"": -0.02345895767211914, ""original_post_update_fold_a_utility"": -2.259610891342163, ""original_post_update_fold_b_utility"": -2.200003147125244, ""original_post_update_system_utility"": -2.2298070192337036, ""query_after"": 4.707247257232666, ""query_before"": 4.683788299560547, ""system_utility"": -2.2063480615615845}, ""default"": {""feasible_both"": true, ""fold_a_harm"": -0.02375040389597416, ""fold_a_lcb"": -0.03417219890281558, ""fold_a_query_after"": 2.4306721687316895, ""fold_b_harm"": -0.028302723541855812, ""fold_b_lcb"": -0.039420152716338634, ""fold_b_query_after"": 2.461531162261963, ""harm_lcb_max"": -0.03417219890281558, ""harm_mean"": -0.026026563718914986, ""harm_se_mean"": 0.005494700046256185, ""harm_ucb_max"": -0.013328608889132738, ""local_trainability"": 0.03133857250213623, ""original_post_update_fold_a_utility"": 0.028898000717163086, ""original_post_update_fold_b_utility"": 0.033779144287109375, ""original_post_update_system_utility"": 0.03133857250213623, ""query_after"": 2.446101665496826, ""query_before"": 2.4774402379989624, ""system_utility"": 0.0}}, ""scoring_policy"": ""pre_update_query_loss_ablation"", ""status"": ""ok"", ""statusquo_loss"": 2.4774402379989624}, ""utility_status"": ""ok""}"
44,A2,A,2,default,reuse,safe_existing_reuse,2.499466896057129,2,True,294912,1299610,0,68607207,797261,12756400,698,21.410384088754654,557865472,0.0,17.11962620727718,2.2467727791517973,2.5142295360565186,-1.8325488567352295,0.0,-1.8325488567352295,False,,"{""best_reuse"": ""default"", ""best_reuse_utility"": 0.0, ""decision"": ""reuse"", ""fresh_advantage"": -1.8325488567352295, ""fresh_positive"": false, ""fresh_utility"": -1.8325488567352295, ""full_batch_guards"": {""adapter_1"": {""crossfit_feasible"": true, ""crossfit_utility"": -2.133150100708008, ""crossfit_utility_positive"": false, ""full_batch_cur_after"": 4.6533684730529785, ""full_batch_cur_before"": 4.6473798751831055, ""full_batch_gain"": -0.005988597869873047, ""full_batch_harm"": -0.07673509418964386, ""full_batch_harm_lcb"": -0.08051480773370713, ""full_batch_harm_se"": 0.001928425277583301, ""full_batch_harm_ucb"": -0.07295538064558059, ""full_batch_safe"": true}, ""default"": {""crossfit_feasible"": true, ""crossfit_utility"": 0.0, ""crossfit_utility_positive"": false, ""full_batch_cur_after"": 2.4594435691833496, ""full_batch_cur_before"": 2.5142295360565186, ""full_batch_gain"": 0.054785966873168945, ""full_batch_harm"": -0.022982029244303703, ""full_batch_harm_lcb"": -0.03487400520592928, ""full_batch_harm_se"": 0.006067334674298763, ""full_batch_harm_ucb"": -0.011090053282678128, ""full_batch_safe"": true}}, ""guarded_best_reuse"": ""default"", ""num_adapters"": 2, ""pending_after"": false, ""pending_before"": false, ""policy_version"": ""cau_v1"", ""reason"": ""safe_existing_reuse"", ""utility"": {""batch_n"": 16, ""best_reuse"": ""default"", ""best_reuse_query_after"": 2.4800784587860107, ""best_reuse_query_before"": 2.5142295360565186, ""best_reuse_utility"": 0.0, ""defer_utility"": 0.0, ""fold_a_query_n"": 8, ""fold_a_support_n"": 8, ""fold_b_query_n"": 8, ""fold_b_support_n"": 8, ""fresh_advantage"": -1.8325488567352295, ""fresh_local_trainability"": 0.04599475860595703, ""fresh_positive"": false, ""fresh_query_after"": 4.300783634185791, ""fresh_query_before"": 4.346778392791748, ""fresh_utility"": -1.8325488567352295, ""original_post_update_best_reuse"": ""default"", ""original_post_update_best_reuse_utility"": 0.03415107727050781, ""original_post_update_fold_a_fresh_utility"": -1.7978909015655518, ""original_post_update_fold_b_fresh_utility"": -1.7752172946929932, ""original_post_update_fresh_utility"": -1.7865540981292725, ""reuse_profiles"": {""adapter_1"": {""feasible_both"": true, ""fold_a_harm"": -0.07978607714176178, ""fold_a_lcb"": -0.08358988928608596, ""fold_a_query_after"": 4.725853443145752, ""fold_b_harm"": -0.0777633860707283, ""fold_b_lcb"": -0.08164345671422779, ""fold_b_query_after"": 4.630741119384766, ""harm_lcb_max"": -0.08164345671422779, ""harm_mean"": -0.07877473160624504, ""harm_se_mean"": 0.0019601741805672646, ""harm_ucb_max"": -0.07388331542722881, ""local_trainability"": -0.030917644500732422, ""original_post_update_fold_a_utility"": -2.20743727684021, ""original_post_update_fold_b_utility"": -2.1206982135772705, ""original_post_update_system_utility"": -2.1640677452087402, ""query_after"": 4.678297281265259, ""query_before"": 4.647379636764526, ""system_utility"": -2.133150100708008}, ""default"": {""feasible_both"": true, ""fold_a_harm"": -0.01908867433667183, ""fold_a_lcb"": -0.031377894897013904, ""fold_a_query_after"": 2.4917683601379395, ""fold_b_harm"": -0.02509636990725994, ""fold_b_lcb"": -0.035595178212970494, ""fold_b_query_after"": 2.468388557434082, ""harm_lcb_max"": -0.031377894897013904, ""harm_mean"": -0.022092522121965885, ""harm_se_mean"": 0.005813272669911385, ""harm_ucb_max"": -0.006799453776329756, ""local_trainability"": 0.03415107727050781, ""original_post_update_fold_a_utility"": 0.02664780616760254, ""original_post_update_fold_b_utility"": 0.041654348373413086, ""original_post_update_system_utility"": 0.03415107727050781, ""query_after"": 2.4800784587860107, ""query_before"": 2.5142295360565186, ""system_utility"": 0.0}}, ""scoring_policy"": ""pre_update_query_loss_ablation"", ""status"": ""ok"", ""statusquo_loss"": 2.5142295360565186}, ""utility_status"": ""ok""}"
45,A2,A,2,default,reuse,safe_existing_reuse,2.534108877182007,2,True,294912,1299610,0,68607207,797261,12756400,714,21.95280122384429,557865472,0.0,17.655749468132854,2.2467727791517973,2.4760165214538574,-1.8343002796173096,0.0,-1.8343002796173096,False,,"{""best_reuse"": ""default"", ""best_reuse_utility"": 0.0, ""decision"": ""reuse"", ""fresh_advantage"": -1.8343002796173096, ""fresh_positive"": false, ""fresh_utility"": -1.8343002796173096, ""full_batch_guards"": {""adapter_1"": {""crossfit_feasible"": true, ""crossfit_utility"": -2.1743292808532715, ""crossfit_utility_positive"": false, ""full_batch_cur_after"": 4.659045696258545, ""full_batch_cur_before"": 4.650345802307129, ""full_batch_gain"": -0.008699893951416016, ""full_batch_harm"": -0.07700090855360031, ""full_batch_harm_lcb"": -0.08080981399863958, ""full_batch_harm_se"": 0.0019433191046118736, ""full_batch_harm_ucb"": -0.07319200310856104, ""full_batch_safe"": true}, ""default"": {""crossfit_feasible"": true, ""crossfit_utility"": 0.0, ""crossfit_utility_positive"": false, ""full_batch_cur_after"": 2.4123151302337646, ""full_batch_cur_before"": 2.4760165214538574, ""full_batch_gain"": 0.06370139122009277, ""full_batch_harm"": -0.01617331989109516, ""full_batch_harm_lcb"": -0.030812984872609375, ""full_batch_harm_se"": 0.007469216827303171, ""full_batch_harm_ucb"": -0.001533654909580946, ""full_batch_safe"": true}}, ""guarded_best_reuse"": ""default"", ""num_adapters"": 2, ""pending_after"": false, ""pending_before"": false, ""policy_version"": ""cau_v1"", ""reason"": ""safe_existing_reuse"", ""utility"": {""batch_n"": 16, ""best_reuse"": ""default"", ""best_reuse_query_after"": 2.4466391801834106, ""best_reuse_query_before"": 2.4760165214538574, ""best_reuse_utility"": 0.0, ""defer_utility"": 0.0, ""fold_a_query_n"": 8, ""fold_a_support_n"": 8, ""fold_b_query_n"": 8, ""fold_b_support_n"": 8, ""fresh_advantage"": -1.8343002796173096, ""fresh_local_trainability"": 0.0016148090362548828, ""fresh_positive"": false, ""fresh_query_after"": 4.308701992034912, ""fresh_query_before"": 4.310316801071167, ""fresh_utility"": -1.8343002796173096, ""original_post_update_best_reuse"": ""default"", ""original_post_update_best_reuse_utility"": 0.029377341270446777, ""original_post_update_fold_a_fresh_utility"": -1.8510048389434814, ""original_post_update_fold_b_fresh_utility"": -1.814366102218628, ""original_post_update_fresh_utility"": -1.8326854705810547, ""reuse_profiles"": {""adapter_1"": {""feasible_both"": true, ""fold_a_harm"": -0.07907611131668091, ""fold_a_lcb"": -0.08274449532851577, ""fold_a_query_after"": 4.71925687789917, ""fold_b_harm"": -0.07910099625587463, ""fold_b_lcb"": -0.08278612801339477, ""fold_b_query_after"": 4.684275150299072, ""harm_lcb_max"": -0.08274449532851577, ""harm_mean"": -0.07908855378627777, ""harm_se_mean"": 0.0018758968799374998, ""harm_ucb_max"": -0.07540772730484605, ""local_trainability"": -0.05142021179199219, ""original_post_update_fold_a_utility"": -2.264885663986206, ""original_post_update_fold_b_utility"": -2.1866133213043213, ""original_post_update_system_utility"": -2.2257494926452637, ""query_after"": 4.701766014099121, ""query_before"": 4.650345802307129, ""system_utility"": -2.1743292808532715}, ""default"": {""feasible_both"": true, ""fold_a_harm"": -0.019208010286092758, ""fold_a_lcb"": -0.03307603998109698, ""fold_a_query_after"": 2.4099955558776855, ""fold_b_harm"": -0.015164472162723541, ""fold_b_lcb"": -0.029209361374378205, ""fold_b_query_after"": 2.4832828044891357, ""harm_lcb_max"": -0.029209361374378205, ""harm_mean"": -0.01718624122440815, ""harm_se_mean"": 0.007120642578229308, ""harm_ucb_max"": -0.001119582951068879, ""local_trainability"": 0.029377341270446777, ""original_post_update_fold_a_utility"": 0.04437565803527832, ""original_post_update_fold_b_utility"": 0.014379024505615234, ""original_post_update_system_utility"": 0.029377341270446777, ""query_after"": 2.4466391801834106, ""query_before"": 2.4760165214538574, ""system_utility"": 0.0}}, ""scoring_policy"": ""pre_update_query_loss_ablation"", ""status"": ""ok"", ""statusquo_loss"": 2.4760165214538574}, ""utility_status"": ""ok""}"
46,A2,A,2,default,reuse,safe_existing_reuse,2.444514274597168,2,True,294912,1299610,0,68607207,797261,12756400,730,22.514325004070997,557865472,0.0,18.21079876087606,2.2467727791517973,2.414160132408142,-1.8998132944107056,0.0,-1.8998132944107056,False,,"{""best_reuse"": ""default"", ""best_reuse_utility"": 0.0, ""decision"": ""reuse"", ""fresh_advantage"": -1.8998132944107056, ""fresh_positive"": false, ""fresh_utility"": -1.8998132944107056, ""full_batch_guards"": {""adapter_1"": {""crossfit_feasible"": true, ""crossfit_utility"": -2.267473340034485, ""crossfit_utility_positive"": false, ""full_batch_cur_after"": 4.6926703453063965, ""full_batch_cur_before"": 4.681633472442627, ""full_batch_gain"": -0.011036872863769531, ""full_batch_harm"": -0.07542644441127777, ""full_batch_harm_lcb"": -0.07926048687659204, ""full_batch_harm_se"": 0.0019561441149562597, ""full_batch_harm_ucb"": -0.0715924019459635, ""full_batch_safe"": true}, ""default"": {""crossfit_feasible"": true, ""crossfit_utility"": 0.0, ""crossfit_utility_positive"": false, ""full_batch_cur_after"": 2.377140998840332, ""full_batch_cur_before"": 2.4141602516174316, ""full_batch_gain"": 0.03701925277709961, ""full_batch_harm"": -0.009869882836937904, ""full_batch_harm_lcb"": -0.02313925141468644, ""full_batch_harm_se"": 0.006770086009055376, ""full_batch_harm_ucb"": 0.0033994857408106323, ""full_batch_safe"": true}}, ""guarded_best_reuse"": ""default"", ""num_adapters"": 2, ""pending_after"": false, ""pending_before"": false, ""policy_version"": ""cau_v1"", ""reason"": ""safe_existing_reuse"", ""utility"": {""batch_n"": 16, ""best_reuse"": ""default"", ""best_reuse_query_after"": 2.3945016860961914, ""best_reuse_query_before"": 2.414160132408142, ""best_reuse_utility"": 0.0, ""defer_utility"": 0.0, ""fold_a_query_n"": 8, ""fold_a_support_n"": 8, ""fold_b_query_n"": 8, ""fold_b_support_n"": 8, ""fresh_advantage"": -1.8998132944107056, ""fresh_local_trainability"": 0.04247760772705078, ""fresh_positive"": false, ""fresh_query_after"": 4.271495819091797, ""fresh_query_before"": 4.313973426818848, ""fresh_utility"": -1.8998132944107056, ""original_post_update_best_reuse"": ""default"", ""original_post_update_best_reuse_utility"": 0.019658446311950684, ""original_post_update_fold_a_fresh_utility"": -1.8524940013885498, ""original_post_update_fold_b_fresh_utility"": -1.8621773719787598, ""original_post_update_fresh_utility"": -1.8573356866836548, ""reuse_profiles"": {""adapter_1"": {""feasible_both"": true, ""fold_a_harm"": -0.07724986970424652, ""fold_a_lcb"": -0.08107103539630771, ""fold_a_query_after"": 4.744709014892578, ""fold_b_harm"": -0.07701053470373154, ""fold_b_lcb"": -0.0807921169931069, ""fold_b_query_after"": 4.681116104125977, ""harm_lcb_max"": -0.0807921169931069, ""harm_mean"": -0.07713020220398903, ""harm_se_mean"": 0.001939476525876671, ""harm_ucb_max"": -0.07322895241435617, ""local_trainability"": -0.03127908706665039, ""original_post_update_fold_a_utility"": -2.3179471492767334, ""original_post_update_fold_b_utility"": -2.279557704925537, ""original_post_update_system_utility"": -2.2987524271011353, ""query_after"": 4.712912559509277, ""query_before"": 4.681633472442627, ""system_utility"": -2.267473340034485}, ""default"": {""feasible_both"": true, ""fold_a_harm"": -0.006657851859927177, ""fold_a_lcb"": -0.0198824517801404, ""fold_a_query_after"": 2.415926456451416, ""fold_b_harm"": -0.012999670580029488, ""fold_b_lcb"": -0.02673775516450405, ""fold_b_query_after"": 2.373076915740967, ""harm_lcb_max"": -0.0198824517801404, ""harm_mean"": -0.009828761219978333, ""harm_se_mean"": 0.0068782358430325985, ""harm_ucb_max"": 0.006566748060286044, ""local_trainability"": 0.019658446311950684, ""original_post_update_fold_a_utility"": 0.010835409164428711, ""original_post_update_fold_b_utility"": 0.028481483459472656, ""original_post_update_system_utility"": 0.019658446311950684, ""query_after"": 2.3945016860961914, ""query_before"": 2.414160132408142, ""system_utility"": 0.0}}, ""scoring_policy"": ""pre_update_query_loss_ablation"", ""status"": ""ok"", ""statusquo_loss"": 2.414160132408142}, ""utility_status"": ""ok""}"
47,A2,A,2,default,reuse,safe_existing_reuse,2.42087984085083,2,True,294912,1299610,0,68607207,797261,12756400,746,23.053642036393285,557865472,0.0,18.743652019649744,2.2467727791517973,2.348177194595337,-1.9903309345245361,0.0,-1.9903309345245361,False,,"{""best_reuse"": ""default"", ""best_reuse_utility"": 0.0, ""decision"": ""reuse"", ""fresh_advantage"": -1.9903309345245361, ""fresh_positive"": false, ""fresh_utility"": -1.9903309345245361, ""full_batch_guards"": {""adapter_1"": {""crossfit_feasible"": true, ""crossfit_utility"": -2.358365297317505, ""crossfit_utility_positive"": false, ""full_batch_cur_after"": 4.715289115905762, ""full_batch_cur_before"": 4.70654296875, ""full_batch_gain"": -0.008746147155761719, ""full_batch_harm"": -0.07535370439291, ""full_batch_harm_lcb"": -0.07919672778807581, ""full_batch_harm_se"": 0.001960726222023368, ""full_batch_harm_ucb"": -0.0715106809977442, ""full_batch_safe"": true}, ""default"": {""crossfit_feasible"": true, ""crossfit_utility"": 0.0, ""crossfit_utility_positive"": false, ""full_batch_cur_after"": 2.2956314086914062, ""full_batch_cur_before"": 2.348177433013916, ""full_batch_gain"": 0.052546024322509766, ""full_batch_harm"": -0.0074051059782505035, ""full_batch_harm_lcb"": -0.021282773744314906, ""full_batch_harm_se"": 0.007080442737787962, ""full_batch_harm_ucb"": 0.006472561787813901, ""full_batch_safe"": true}}, ""guarded_best_reuse"": ""default"", ""num_adapters"": 2, ""pending_after"": false, ""pending_before"": false, ""policy_version"": ""cau_v1"", ""reason"": ""safe_existing_reuse"", ""utility"": {""batch_n"": 16, ""best_reuse"": ""default"", ""best_reuse_query_after"": 2.3207504749298096, ""best_reuse_query_before"": 2.348177194595337, ""best_reuse_utility"": 0.0, ""defer_utility"": 0.0, ""fold_a_query_n"": 8, ""fold_a_support_n"": 8, ""fold_b_query_n"": 8, ""fold_b_support_n"": 8, ""fresh_advantage"": -1.9903309345245361, ""fresh_local_trainability"": 0.036408424377441406, ""fresh_positive"": false, ""fresh_query_after"": 4.302099704742432, ""fresh_query_before"": 4.338508129119873, ""fresh_utility"": -1.9903309345245361, ""original_post_update_best_reuse"": ""default"", ""original_post_update_best_reuse_utility"": 0.027426719665527344, ""original_post_update_fold_a_fresh_utility"": -1.8782930374145508, ""original_post_update_fold_b_fresh_utility"": -2.0295519828796387, ""original_post_update_fresh_utility"": -1.9539225101470947, ""reuse_profiles"": {""adapter_1"": {""feasible_both"": true, ""fold_a_harm"": -0.07788731157779694, ""fold_a_lcb"": -0.08174197778105735, ""fold_a_query_after"": 4.731621742248535, ""fold_b_harm"": -0.07786744832992554, ""fold_b_lcb"": -0.08164492964744569, ""fold_b_query_after"": 4.75684118270874, ""harm_lcb_max"": -0.08164492964744569, ""harm_mean"": -0.07787737995386124, ""harm_se_mean"": 0.0019469764083623886, ""harm_ucb_max"": -0.07403264537453652, ""local_trainability"": -0.0376889705657959, ""original_post_update_fold_a_utility"": -2.3177757263183594, ""original_post_update_fold_b_utility"": -2.474332809448242, ""original_post_update_system_utility"": -2.396054267883301, ""query_after"": 4.744231462478638, ""query_before"": 4.706542491912842, ""system_utility"": -2.358365297317505}, ""default"": {""feasible_both"": true, ""fold_a_harm"": -0.012595968320965767, ""fold_a_lcb"": -0.02515842819586396, ""fold_a_query_after"": 2.3728623390197754, ""fold_b_harm"": -0.0022114012390375137, ""fold_b_lcb"": -0.01670386202633381, ""fold_b_query_after"": 2.2686386108398438, ""harm_lcb_max"": -0.01670386202633381, ""harm_mean"": -0.00740368478000164, ""harm_se_mean"": 0.006901765475049615, ""harm_ucb_max"": 0.01228105954825878, ""local_trainability"": 0.027426719665527344, ""original_post_update_fold_a_utility"": 0.04098367691040039, ""original_post_update_fold_b_utility"": 0.013869762420654297, ""original_post_update_system_utility"": 0.027426719665527344, ""query_after"": 2.3207504749298096, ""query_before"": 2.348177194595337, ""system_utility"": 0.0}}, ""scoring_policy"": ""pre_update_query_loss_ablation"", ""status"": ""ok"", ""statusquo_loss"": 2.348177194595337}, ""utility_status"": ""ok""}"
48,A2,A,2,default,reuse,safe_existing_reuse,2.3659427165985107,2,True,294912,1299610,0,68607207,797261,12756400,749,23.604123463854194,557865472,0.0,19.287015050649643,2.2467727791517973,2.343727680353018,-1.9898662016941948,0.0,-1.9898662016941948,False,,"{""best_reuse"": ""default"", ""best_reuse_utility"": 0.0, ""decision"": ""reuse"", ""fresh_advantage"": -1.9898662016941948, ""fresh_positive"": false, ""fresh_utility"": -1.9898662016941948, ""full_batch_guards"": {""adapter_1"": {""crossfit_feasible"": true, ""crossfit_utility"": -2.3301805166097793, ""crossfit_utility_positive"": false, ""full_batch_cur_after"": 4.686029434204102, ""full_batch_cur_before"": 4.673908233642578, ""full_batch_gain"": -0.012121200561523438, ""full_batch_harm"": -0.07688912749290466, ""full_batch_harm_lcb"": -0.08069753574673086, ""full_batch_harm_se"": 0.0019430654356256127, ""full_batch_harm_ucb"": -0.07308071923907847, ""full_batch_safe"": true}, ""default"": {""crossfit_feasible"": true, ""crossfit_utility"": 0.0, ""crossfit_utility_positive"": false, ""full_batch_cur_after"": 2.2830569744110107, ""full_batch_cur_before"": 2.3437278270721436, ""full_batch_gain"": 0.06067085266113281, ""full_batch_harm"": -0.008334891870617867, ""full_batch_harm_lcb"": -0.02601714711636305, ""full_batch_harm_se"": 0.009021558798849583, ""full_batch_harm_ucb"": 0.009347363375127316, ""full_batch_safe"": true}}, ""guarded_best_reuse"": ""default"", ""num_adapters"": 2, ""pending_after"": false, ""pending_before"": false, ""policy_version"": ""cau_v1"", ""reason"": ""safe_existing_reuse"", ""utility"": {""batch_n"": 13, ""best_reuse"": ""default"", ""best_reuse_query_after"": 2.294203446461604, ""best_reuse_query_before"": 2.343727680353018, ""best_reuse_utility"": 0.0, ""defer_utility"": 0.0, ""fold_a_query_n"": 6, ""fold_a_support_n"": 7, ""fold_b_query_n"": 7, ""fold_b_support_n"": 6, ""fresh_advantage"": -1.9898662016941948, ""fresh_local_trainability"": 0.054839904491718, ""fresh_positive"": false, ""fresh_query_after"": 4.278753977555495, ""fresh_query_before"": 4.333593882047213, ""fresh_utility"": -1.9898662016941948, ""original_post_update_best_reuse"": ""default"", ""original_post_update_best_reuse_utility"": 0.04952423389141376, ""original_post_update_fold_a_fresh_utility"": -1.957780361175537, ""original_post_update_fold_b_fresh_utility"": -1.915522813796997, ""original_post_update_fresh_utility"": -1.935026297202477, ""reuse_profiles"": {""adapter_1"": {""feasible_both"": true, ""fold_a_harm"": -0.07675601541996002, ""fold_a_lcb"": -0.08043264723848552, ""fold_a_query_after"": 4.684805870056152, ""fold_b_harm"": -0.0784769281744957, ""fold_b_lcb"": -0.08214784970972687, ""fold_b_query_after"": 4.712790489196777, ""harm_lcb_max"": -0.08043264723848552, ""harm_mean"": -0.07761647179722786, ""harm_se_mean"": 0.00187437585555017, ""harm_ucb_max"": -0.07307938360143452, ""local_trainability"": -0.025966314169076774, ""original_post_update_fold_a_utility"": -2.3606977462768555, ""original_post_update_fold_b_utility"": -2.352246046066284, ""original_post_update_system_utility"": -2.3561468307788553, ""query_after"": 4.699874511131873, ""query_before"": 4.673908196962797, ""system_utility"": -2.3301805166097793}, ""default"": {""feasible_both"": true, ""fold_a_harm"": -0.00410345196723938, ""fold_a_lcb"": -0.021860447898507118, ""fold_a_query_after"": 2.2863004207611084, ""fold_b_harm"": -0.010989811271429062, ""fold_b_lcb"": -0.027247616201639176, ""fold_b_query_after"": 2.3009774684906006, ""harm_lcb_max"": -0.021860447898507118, ""harm_mean"": -0.007546631619334221, ""harm_se_mean"": 0.008677245117723942, ""harm_ucb_max"": 0.013653543964028358, ""local_trainability"": 0.04952423389141376, ""original_post_update_fold_a_utility"": 0.03780770301818848, ""original_post_update_fold_b_utility"": 0.05956697463989258, ""original_post_update_system_utility"": 0.04952423389141376, ""query_after"": 2.294203446461604, ""query_before"": 2.343727680353018, ""system_utility"": 0.0}}, ""scoring_policy"": ""pre_update_query_loss_ablation"", ""status"": ""ok"", ""statusquo_loss"": 2.343727680353018}, ""utility_status"": ""ok""}"
49,C1,C,1,adapter_1,reuse,pending_fresh_safe_existing_reuse,4.698112487792969,2,True,294912,1299610,0,68607207,797261,12756400,765,25.626751840114594,557865472,0.0,19.844749057665467,3.7046685684472322,7.34909200668335,2.956671714782715,2.635002613067627,0.3216691017150879,True,,"{""best_reuse"": ""adapter_1"", ""best_reuse_utility"": 2.635002613067627, ""decision"": ""reuse"", ""fresh_advantage"": 0.3216691017150879, ""fresh_positive"": true, ""fresh_utility"": 2.956671714782715, ""full_batch_guards"": {""adapter_1"": {""crossfit_feasible"": true, ""crossfit_utility"": 2.635002613067627, ""crossfit_utility_positive"": true, ""full_batch_cur_after"": 4.71746826171875, ""full_batch_cur_before"": 4.714089393615723, ""full_batch_gain"": -0.0033788681030273438, ""full_batch_harm"": -0.07784055173397064, ""full_batch_harm_lcb"": -0.08163307953160256, ""full_batch_harm_se"": 0.0019349631620571017, ""full_batch_harm_ucb"": -0.07404802393633872, ""full_batch_safe"": true}, ""default"": {""crossfit_feasible"": true, ""crossfit_utility"": 0.0, ""crossfit_utility_positive"": false, ""full_batch_cur_after"": 7.291498184204102, ""full_batch_cur_before"": 7.349092483520508, ""full_batch_gain"": 0.05759429931640625, ""full_batch_harm"": -0.027447639033198357, ""full_batch_harm_lcb"": -0.0423274590075016, ""full_batch_harm_se"": 0.007591744884848595, ""full_batch_harm_ucb"": -0.012567819058895112, ""full_batch_safe"": true}}, ""guarded_best_reuse"": ""adapter_1"", ""num_adapters"": 2, ""pending_after"": true, ""pending_before"": false, ""policy_version"": ""cau_v1"", ""reason"": ""pending_fresh_safe_existing_reuse"", ""utility"": {""batch_n"": 16, ""best_reuse"": ""adapter_1"", ""best_reuse_query_after"": 4.7251877784729, ""best_reuse_query_before"": 4.714089393615723, ""best_reuse_utility"": 2.635002613067627, ""defer_utility"": 0.0, ""fold_a_query_n"": 8, ""fold_a_support_n"": 8, ""fold_b_query_n"": 8, ""fold_b_support_n"": 8, ""fresh_advantage"": 0.3216691017150879, ""fresh_local_trainability"": 0.08774423599243164, ""fresh_positive"": true, ""fresh_query_after"": 4.304676055908203, ""fresh_query_before"": 4.392420291900635, ""fresh_utility"": 2.956671714782715, ""original_post_update_best_reuse"": ""adapter_1"", ""original_post_update_best_reuse_utility"": 2.623904228210449, ""original_post_update_fold_a_fresh_utility"": 2.9963512420654297, ""original_post_update_fold_b_fresh_utility"": 3.0924806594848633, ""original_post_update_fresh_utility"": 3.0444159507751465, ""reuse_profiles"": {""adapter_1"": {""feasible_both"": true, ""fold_a_harm"": -0.07883991301059723, ""fold_a_lcb"": -0.08266865818761289, ""fold_a_query_after"": 4.720328330993652, ""fold_b_harm"": -0.07885023951530457, ""fold_b_lcb"": -0.08269398987293243, ""fold_b_query_after"": 4.730047225952148, ""harm_lcb_max"": -0.08266865818761289, ""harm_mean"": -0.0788450762629509, ""harm_se_mean"": 0.001957269269041717, ""harm_ucb_max"": -0.0750064891576767, ""local_trainability"": -0.011098384857177734, ""original_post_update_fold_a_utility"": 2.5939064025878906, ""original_post_update_fold_b_utility"": 2.653902053833008, ""original_post_update_system_utility"": 2.623904228210449, ""query_after"": 4.7251877784729, ""query_before"": 4.714089393615723, ""system_utility"": 2.635002613067627}, ""default"": {""feasible_both"": true, ""fold_a_harm"": -0.026444043964147568, ""fold_a_lcb"": -0.04158956347033382, ""fold_a_query_after"": 7.2964959144592285, ""fold_b_harm"": -0.028161169961094856, ""fold_b_lcb"": -0.0429392334446311, ""fold_b_query_after"": 7.323859691619873, ""harm_lcb_max"": -0.04158956347033382, ""harm_mean"": -0.027302606962621212, ""harm_se_mean"": 0.007633567089214921, ""harm_ucb_max"": -0.01129852445796132, ""local_trainability"": 0.03891420364379883, ""original_post_update_fold_a_utility"": 0.017738819122314453, ""original_post_update_fold_b_utility"": 0.0600895881652832, ""original_post_update_system_utility"": 0.03891420364379883, ""query_after"": 7.310177803039551, ""query_before"": 7.34909200668335, ""system_utility"": 0.0}}, ""scoring_policy"": ""pre_update_query_loss_ablation"", ""status"": ""ok"", ""statusquo_loss"": 7.34909200668335}, ""utility_status"": ""ok""}"
50,C1,C,1,adapter_2,spawn,confirmed_fresh,4.408453941345215,3,True,442368,1949415,0,69404468,797261,19134600,781,26.08386822976172,557865472,0.0,20.294565845280886,3.7046685684472322,4.755420923233032,0.35067105293273926,0.0,0.35067105293273926,True,,"{""best_reuse"": ""adapter_1"", ""best_reuse_utility"": 0.0, ""decision"": ""spawn"", ""fresh_advantage"": 0.35067105293273926, ""fresh_positive"": true, ""fresh_utility"": 0.35067105293273926, ""full_batch_guards"": {}, ""guarded_best_reuse"": null, ""num_adapters"": 3, ""pending_after"": false, ""pending_before"": true, ""policy_version"": ""cau_v1"", ""reason"": ""confirmed_fresh"", ""utility"": {""batch_n"": 16, ""best_reuse"": ""adapter_1"", ""best_reuse_query_after"": 4.758112907409668, ""best_reuse_query_before"": 4.755420923233032, ""best_reuse_utility"": 0.0, ""defer_utility"": 0.0, ""fold_a_query_n"": 8, ""fold_a_support_n"": 8, ""fold_b_query_n"": 8, ""fold_b_support_n"": 8, ""fresh_advantage"": 0.35067105293273926, ""fresh_local_trainability"": 0.05600309371948242, ""fresh_positive"": true, ""fresh_query_after"": 4.3487467765808105, ""fresh_query_before"": 4.404749870300293, ""fresh_utility"": 0.35067105293273926, ""original_post_update_best_reuse"": ""adapter_1"", ""original_post_update_best_reuse_utility"": -0.002691984176635742, ""original_post_update_fold_a_fresh_utility"": 0.4405198097229004, ""original_post_update_fold_b_fresh_utility"": 0.37282848358154297, ""original_post_update_fresh_utility"": 0.4066741466522217, ""reuse_profiles"": {""adapter_1"": {""feasible_both"": true, ""fold_a_harm"": -0.05803947523236275, ""fold_a_lcb"": -0.0629003921058029, ""fold_a_query_after"": 4.773390769958496, ""fold_b_harm"": -0.05811537802219391, ""fold_b_lcb"": -0.06324270587414503, ""fold_b_query_after"": 4.74283504486084, ""harm_lcb_max"": -0.0629003921058029, ""harm_mean"": -0.05807742662727833, ""harm_se_mean"": 0.0025480216136202216, ""harm_ucb_max"": -0.05298805017024279, ""local_trainability"": -0.002691984176635742, ""original_post_update_fold_a_utility"": 0.004741191864013672, ""original_post_update_fold_b_utility"": -0.010125160217285156, ""original_post_update_system_utility"": -0.002691984176635742, ""query_after"": 4.758112907409668, ""query_before"": 4.755420923233032, ""system_utility"": 0.0}, ""default"": {""feasible_both"": true, ""fold_a_harm"": -0.027771027758717537, ""fold_a_lcb"": -0.0419881135225296, ""fold_a_query_after"": 7.401120185852051, ""fold_b_harm"": -0.02679493837058544, ""fold_b_lcb"": -0.041245141327381135, ""fold_b_query_after"": 7.456700325012207, ""harm_lcb_max"": -0.041245141327381135, ""harm_mean"": -0.02728298306465149, ""harm_se_mean"": 0.007313083857297897, ""harm_ucb_max"": -0.01234473541378975, ""local_trainability"": 0.0007677078247070312, ""original_post_update_fold_a_utility"": -2.622988224029541, ""original_post_update_fold_b_utility"": -2.7239904403686523, ""original_post_update_system_utility"": -2.6734893321990967, ""query_after"": 7.428910255432129, ""query_before"": 7.429677963256836, ""system_utility"": -2.6742570400238037}}, ""scoring_policy"": ""pre_update_query_loss_ablation"", ""status"": ""ok"", ""statusquo_loss"": 4.755420923233032}, ""utility_status"": ""ok""}"
51,C1,C,1,adapter_2,warmup,existing_warmup,4.402858257293701,3,True,442368,1949415,0,69404468,797261,19134600,797,26.11597646959126,557865472,0.0,20.31569316610694,3.7046685684472322,,,,,,,"{""best_reuse"": null, ""best_reuse_utility"": null, ""decision"": ""warmup"", ""fresh_positive"": null, ""fresh_utility"": null, ""full_batch_guards"": {}, ""guarded_best_reuse"": null, ""num_adapters"": 3, ""pending_after"": false, ""pending_before"": false, ""policy_version"": ""cau_v1"", ""reason"": ""existing_warmup"", ""utility_status"": ""warmup""}"
52,C1,C,1,adapter_2,warmup,existing_warmup,4.332082748413086,3,True,442368,1949415,0,69404468,797261,19134600,813,26.14168957993388,557865472,0.0,20.334822937846184,3.7046685684472322,,,,,,,"{""best_reuse"": null, ""best_reuse_utility"": null, ""decision"": ""warmup"", ""fresh_positive"": null, ""fresh_utility"": null, ""full_batch_guards"": {}, ""guarded_best_reuse"": null, ""num_adapters"": 3, ""pending_after"": false, ""pending_before"": false, ""policy_version"": ""cau_v1"", ""reason"": ""existing_warmup"", ""utility_status"": ""warmup""}"
53,C1,C,1,adapter_2,warmup,existing_warmup,4.251901626586914,3,True,442368,1949415,0,69404468,797261,19134600,829,26.166801158338785,557865472,0.0,20.353750843554735,3.7046685684472322,,,,,,,"{""best_reuse"": null, ""best_reuse_utility"": null, ""decision"": ""warmup"", ""fresh_positive"": null, ""fresh_utility"": null, ""full_batch_guards"": {}, ""guarded_best_reuse"": null, ""num_adapters"": 3, ""pending_after"": false, ""pending_before"": false, ""policy_version"": ""cau_v1"", ""reason"": ""existing_warmup"", ""utility_status"": ""warmup""}"
54,C1,C,1,adapter_2,reuse,safe_existing_reuse,4.181131362915039,3,True,442368,1949415,0,69404468,797261,19134600,845,26.941851381212473,557865472,0.0,21.12275793775916,3.7046685684472322,4.160520553588867,-0.25780510902404785,0.0,-0.25780510902404785,False,,"{""best_reuse"": ""adapter_2"", ""best_reuse_utility"": 0.0, ""decision"": ""reuse"", ""fresh_advantage"": -0.25780510902404785, ""fresh_positive"": false, ""fresh_utility"": -0.25780510902404785, ""full_batch_guards"": {""adapter_1"": {""crossfit_feasible"": true, ""crossfit_utility"": -0.6061098575592041, ""crossfit_utility_positive"": false, ""full_batch_cur_after"": 4.755503177642822, ""full_batch_cur_before"": 4.76663064956665, ""full_batch_gain"": 0.011127471923828125, ""full_batch_harm"": -0.056984178721904755, ""full_batch_harm_lcb"": -0.0617294533457607, ""full_batch_harm_se"": 0.0024210584815591574, ""full_batch_harm_ucb"": -0.05223890409804881, ""full_batch_safe"": true}, ""adapter_2"": {""crossfit_feasible"": true, ""crossfit_utility"": 0.0, ""crossfit_utility_positive"": false, ""full_batch_cur_after"": 4.093872547149658, ""full_batch_cur_before"": 4.160520553588867, ""full_batch_gain"": 0.06664800643920898, ""full_batch_harm"": -0.06309705972671509, ""full_batch_harm_lcb"": -0.06580663615372032, ""full_batch_harm_se"": 0.0013824369525536895, ""full_batch_harm_ucb"": -0.06038748329970986, ""full_batch_safe"": true}, ""default"": {""crossfit_feasible"": true, ""crossfit_utility"": -3.331193208694458, ""crossfit_utility_positive"": false, ""full_batch_cur_after"": 7.4507646560668945, ""full_batch_cur_before"": 7.491713523864746, ""full_batch_gain"": 0.04094886779785156, ""full_batch_harm"": -0.027261434122920036, ""full_batch_harm_lcb"": -0.04208668764680624, ""full_batch_harm_se"": 0.007563904859125614, ""full_batch_harm_ucb"": -0.012436180599033833, ""full_batch_safe"": true}}, ""guarded_best_reuse"": ""adapter_2"", ""num_adapters"": 3, ""pending_after"": false, ""pending_before"": false, ""policy_version"": ""cau_v1"", ""reason"": ""safe_existing_reuse"", ""utility"": {""batch_n"": 16, ""best_reuse"": ""adapter_2"", ""best_reuse_query_after"": 4.108091831207275, ""best_reuse_query_before"": 4.160520553588867, ""best_reuse_utility"": 0.0, ""defer_utility"": 0.0, ""fold_a_query_n"": 8, ""fold_a_support_n"": 8, ""fold_b_query_n"": 8, ""fold_b_support_n"": 8, ""fresh_advantage"": -0.25780510902404785, ""fresh_local_trainability"": 0.03274130821228027, ""fresh_positive"": false, ""fresh_query_after"": 4.385584354400635, ""fresh_query_before"": 4.418325662612915, ""fresh_utility"": -0.25780510902404785, ""original_post_update_best_reuse"": ""adapter_2"", ""original_post_update_best_reuse_utility"": 0.0524287223815918, ""original_post_update_fold_a_fresh_utility"": -0.24158668518066406, ""original_post_update_fold_b_fresh_utility"": -0.2085409164428711, ""original_post_update_fresh_utility"": -0.22506380081176758, ""reuse_profiles"": {""adapter_1"": {""feasible_both"": true, ""fold_a_harm"": -0.05913066864013672, ""fold_a_lcb"": -0.06389851104468107, ""fold_a_query_after"": 4.852250099182129, ""fold_b_harm"": -0.05746804550290108, ""fold_b_lcb"": -0.06264342361129821, ""fold_b_query_after"": 4.695425033569336, ""harm_lcb_max"": -0.06264342361129821, ""harm_mean"": -0.0582993570715189, ""harm_se_mean"": 0.0025365358451381326, ""harm_ucb_max"": -0.05229266739450395, ""local_trainability"": -0.007207155227661133, ""original_post_update_fold_a_utility"": -0.7073497772216797, ""original_post_update_fold_b_utility"": -0.5192842483520508, ""original_post_update_system_utility"": -0.6133170127868652, ""query_after"": 4.773837566375732, ""query_before"": 4.766630411148071, ""system_utility"": -0.6061098575592041}, ""adapter_2"": {""feasible_both"": true, ""fold_a_harm"": -0.06183863803744316, ""fold_a_lcb"": -0.06487548789940774, ""fold_a_query_after"": 4.093603134155273, ""fold_b_harm"": -0.059540968388319016, ""fold_b_lcb"": -0.06293844114523381, ""fold_b_query_after"": 4.122580528259277, ""harm_lcb_max"": -0.06293844114523381, ""harm_mean"": -0.06068980321288109, ""harm_se_mean"": 0.00164140883134678, ""harm_ucb_max"": -0.05614349563140422, ""local_trainability"": 0.0524287223815918, ""original_post_update_fold_a_utility"": 0.05129718780517578, ""original_post_update_fold_b_utility"": 0.05356025695800781, ""original_post_update_system_utility"": 0.0524287223815918, ""query_after"": 4.108091831207275, ""query_before"": 4.160520553588867, ""system_utility"": 0.0}, ""default"": {""feasible_both"": true, ""fold_a_harm"": -0.028586164116859436, ""fold_a_lcb"": -0.043012417014688255, ""fold_a_query_after"": 7.579389572143555, ""fold_b_harm"": -0.026806464418768883, ""fold_b_lcb"": -0.041549220252782106, ""fold_b_query_after"": 7.44964599609375, ""harm_lcb_max"": -0.041549220252782106, ""harm_mean"": -0.02769631426781416, ""harm_se_mean"": 0.007441073656082153, ""harm_ucb_max"": -0.01206370858475566, ""local_trainability"": -0.02280402183532715, ""original_post_update_fold_a_utility"": -3.4344892501831055, ""original_post_update_fold_b_utility"": -3.273505210876465, ""original_post_update_system_utility"": -3.353997230529785, ""query_after"": 7.514517784118652, ""query_before"": 7.491713762283325, ""system_utility"": -3.331193208694458}}, ""scoring_policy"": ""pre_update_query_loss_ablation"", ""status"": ""ok"", ""statusquo_loss"": 4.160520553588867}, ""utility_status"": ""ok""}"
55,C1,C,1,adapter_2,reuse,safe_existing_reuse,4.185744285583496,3,True,442368,1949415,0,69404468,797261,19134600,861,27.717871479690075,557865472,0.0,21.892106303945184,3.7046685684472322,4.162925720214844,-0.26744604110717773,0.0,-0.26744604110717773,False,,"{""best_reuse"": ""adapter_2"", ""best_reuse_utility"": 0.0, ""decision"": ""reuse"", ""fresh_advantage"": -0.26744604110717773, ""fresh_positive"": false, ""fresh_utility"": -0.26744604110717773, ""full_batch_guards"": {""adapter_1"": {""crossfit_feasible"": true, ""crossfit_utility"": -0.5869851112365723, ""crossfit_utility_positive"": false, ""full_batch_cur_after"": 4.742587089538574, ""full_batch_cur_before"": 4.749910831451416, ""full_batch_gain"": 0.007323741912841797, ""full_batch_harm"": -0.05675322562456131, ""full_batch_harm_lcb"": -0.06163756273686886, ""full_batch_harm_se"": 0.0024920087307691574, ""full_batch_harm_ucb"": -0.05186888851225376, ""full_batch_safe"": true}, ""adapter_2"": {""crossfit_feasible"": true, ""crossfit_utility"": 0.0, ""crossfit_utility_positive"": false, ""full_batch_cur_after"": 4.09938907623291, ""full_batch_cur_before"": 4.162925720214844, ""full_batch_gain"": 0.0635366439819336, ""full_batch_harm"": -0.062313470989465714, ""full_batch_harm_lcb"": -0.0646594117116183, ""full_batch_harm_se"": 0.0011969085317105055, ""full_batch_harm_ucb"": -0.05996753026731312, ""full_batch_safe"": true}, ""default"": {""crossfit_feasible"": true, ""crossfit_utility"": -3.2497684955596924, ""crossfit_utility_positive"": false, ""full_batch_cur_after"": 7.361556053161621, ""full_batch_cur_before"": 7.412694454193115, ""full_batch_gain"": 0.05113840103149414, ""full_batch_harm"": -0.027280420064926147, ""full_batch_harm_lcb"": -0.04226215260103345, ""full_batch_harm_se"": 0.007643741089850664, ""full_batch_harm_ucb"": -0.012298687528818845, ""full_batch_safe"": true}}, ""guarded_best_reuse"": ""adapter_2"", ""num_adapters"": 3, ""pending_after"": false, ""pending_before"": false, ""policy_version"": ""cau_v1"", ""reason"": ""safe_existing_reuse"", ""utility"": {""batch_n"": 16, ""best_reuse"": ""adapter_2"", ""best_reuse_query_after"": 4.111377954483032, ""best_reuse_query_before"": 4.162925720214844, ""best_reuse_utility"": 0.0, ""defer_utility"": 0.0, ""fold_a_query_n"": 8, ""fold_a_support_n"": 8, ""fold_b_query_n"": 8, ""fold_b_support_n"": 8, ""fresh_advantage"": -0.26744604110717773, ""fresh_local_trainability"": 0.03437638282775879, ""fresh_positive"": false, ""fresh_query_after"": 4.395995378494263, ""fresh_query_before"": 4.4303717613220215, ""fresh_utility"": -0.26744604110717773, ""original_post_update_best_reuse"": ""adapter_2"", ""original_post_update_best_reuse_utility"": 0.05154776573181152, ""original_post_update_fold_a_fresh_utility"": -0.2561321258544922, ""original_post_update_fold_b_fresh_utility"": -0.2100071907043457, ""original_post_update_fresh_utility"": -0.23306965827941895, ""reuse_profiles"": {""adapter_1"": {""feasible_both"": true, ""fold_a_harm"": -0.05833436921238899, ""fold_a_lcb"": -0.06336543500423432, ""fold_a_query_after"": 4.758893013000488, ""fold_b_harm"": -0.057631198316812515, ""fold_b_lcb"": -0.06265650636516512, ""fold_b_query_after"": 4.773275375366211, ""harm_lcb_max"": -0.06265650636516512, ""harm_mean"": -0.057982783764600754, ""harm_se_mean"": 0.0025654014898464084, ""harm_ucb_max"": -0.052605890268459916, ""local_trainability"": -0.016173362731933594, ""original_post_update_fold_a_utility"": -0.6287169456481934, ""original_post_update_fold_b_utility"": -0.5776000022888184, ""original_post_update_system_utility"": -0.6031584739685059, ""query_after"": 4.76608419418335, ""query_before"": 4.749910831451416, ""system_utility"": -0.5869851112365723}, ""adapter_2"": {""feasible_both"": true, ""fold_a_harm"": -0.05945441499352455, ""fold_a_lcb"": -0.06233659914229065, ""fold_a_query_after"": 4.077611923217773, ""fold_b_harm"": -0.05982386693358421, ""fold_b_lcb"": -0.0627656727284193, ""fold_b_query_after"": 4.145143985748291, ""harm_lcb_max"": -0.06233659914229065, ""harm_mean"": -0.05963914096355438, ""harm_se_mean"": 0.0014857117203064263, ""harm_ucb_max"": -0.05657223084475845, ""local_trainability"": 0.05154776573181152, ""original_post_update_fold_a_utility"": 0.052564144134521484, ""original_post_update_fold_b_utility"": 0.05053138732910156, ""original_post_update_system_utility"": 0.05154776573181152, ""query_after"": 4.111377954483032, ""query_before"": 4.162925720214844, ""system_utility"": 0.0}, ""default"": {""feasible_both"": true, ""fold_a_harm"": -0.02770615927875042, ""fold_a_lcb"": -0.042483652327209714, ""fold_a_query_after"": 7.379997730255127, ""fold_b_harm"": -0.027172623202204704, ""fold_b_lcb"": -0.042232699748128655, ""fold_b_query_after"": 7.453846454620361, ""harm_lcb_max"": -0.042232699748128655, ""harm_mean"": -0.027439391240477562, ""harm_se_mean"": 0.007611624896526337, ""harm_ucb_max"": -0.012112546656280756, ""local_trainability"": -0.004227876663208008, ""original_post_update_fold_a_utility"": -3.249821662902832, ""original_post_update_fold_b_utility"": -3.2581710815429688, ""original_post_update_system_utility"": -3.2539963722229004, ""query_after"": 7.416922092437744, ""query_before"": 7.412694215774536, ""system_utility"": -3.2497684955596924}}, ""scoring_policy"": ""pre_update_query_loss_ablation"", ""status"": ""ok"", ""statusquo_loss"": 4.162925720214844}, ""utility_status"": ""ok""}"
56,C1,C,1,adapter_2,reuse,safe_existing_reuse,4.04791259765625,3,True,442368,1949415,0,69404468,797261,19134600,877,28.470162296667695,557865472,0.0,22.63735798560083,3.7046685684472322,4.056811332702637,-0.3243293762207031,0.0,-0.3243293762207031,False,,"{""best_reuse"": ""adapter_2"", ""best_reuse_utility"": 0.0, ""decision"": ""reuse"", ""fresh_advantage"": -0.3243293762207031, ""fresh_positive"": false, ""fresh_utility"": -0.3243293762207031, ""full_batch_guards"": {""adapter_1"": {""crossfit_feasible"": true, ""crossfit_utility"": -0.6253564357757568, ""crossfit_utility_positive"": false, ""full_batch_cur_after"": 4.673199653625488, ""full_batch_cur_before"": 4.682168006896973, ""full_batch_gain"": 0.008968353271484375, ""full_batch_harm"": -0.056697335094213486, ""full_batch_harm_lcb"": -0.06154250293970108, ""full_batch_harm_se"": 0.0024720244109630585, ""full_batch_harm_ucb"": -0.05185216724872589, ""full_batch_safe"": true}, ""adapter_2"": {""crossfit_feasible"": true, ""crossfit_utility"": 0.0, ""crossfit_utility_positive"": false, ""full_batch_cur_after"": 3.9933383464813232, ""full_batch_cur_before"": 4.056811332702637, ""full_batch_gain"": 0.06347298622131348, ""full_batch_harm"": -0.06276615709066391, ""full_batch_harm_lcb"": -0.0652302426751703, ""full_batch_harm_se"": 0.001257186522707343, ""full_batch_harm_ucb"": -0.06030207150615752, ""full_batch_safe"": true}, ""default"": {""crossfit_feasible"": true, ""crossfit_utility"": -3.177565574645996, ""crossfit_utility_positive"": false, ""full_batch_cur_after"": 7.181969165802002, ""full_batch_cur_before"": 7.234376907348633, ""full_batch_gain"": 0.05240774154663086, ""full_batch_harm"": -0.027030935510993004, ""full_batch_harm_lcb"": -0.04194108163937926, ""full_batch_harm_se"": 0.007607217412441969, ""full_batch_harm_ucb"": -0.012120789382606745, ""full_batch_safe"": true}}, ""guarded_best_reuse"": ""adapter_2"", ""num_adapters"": 3, ""pending_after"": false, ""pending_before"": false, ""policy_version"": ""cau_v1"", ""reason"": ""safe_existing_reuse"", ""utility"": {""batch_n"": 16, ""best_reuse"": ""adapter_2"", ""best_reuse_query_after"": 4.002768039703369, ""best_reuse_query_before"": 4.056811332702637, ""best_reuse_utility"": 0.0, ""defer_utility"": 0.0, ""fold_a_query_n"": 8, ""fold_a_support_n"": 8, ""fold_b_query_n"": 8, ""fold_b_support_n"": 8, ""fresh_advantage"": -0.3243293762207031, ""fresh_local_trainability"": 0.03752493858337402, ""fresh_positive"": false, ""fresh_query_after"": 4.343615770339966, ""fresh_query_before"": 4.38114070892334, ""fresh_utility"": -0.3243293762207031, ""original_post_update_best_reuse"": ""adapter_2"", ""original_post_update_best_reuse_utility"": 0.05404329299926758, ""original_post_update_fold_a_fresh_utility"": -0.27870702743530273, ""original_post_update_fold_b_fresh_utility"": -0.29490184783935547, ""original_post_update_fresh_utility"": -0.2868044376373291, ""reuse_profiles"": {""adapter_1"": {""feasible_both"": true, ""fold_a_harm"": -0.058175623416900635, ""fold_a_lcb"": -0.06318234805949033, ""fold_a_query_after"": 4.722019195556641, ""fold_b_harm"": -0.056817565113306046, ""fold_b_lcb"": -0.06201224400661886, ""fold_b_query_after"": 4.657203674316406, ""harm_lcb_max"": -0.06201224400661886, ""harm_mean"": -0.05749659426510334, ""harm_se_mean"": 0.0026023988611996174, ""harm_ucb_max"": -0.05162288621999323, ""local_trainability"": -0.007443666458129883, ""original_post_update_fold_a_utility"": -0.6284389495849609, ""original_post_update_fold_b_utility"": -0.6371612548828125, ""original_post_update_system_utility"": -0.6328001022338867, ""query_after"": 4.689611434936523, ""query_before"": 4.6821677684783936, ""system_utility"": -0.6253564357757568}, ""adapter_2"": {""feasible_both"": true, ""fold_a_harm"": -0.059760767966508865, ""fold_a_lcb"": -0.061989393923431634, ""fold_a_query_after"": 4.038094520568848, ""fold_b_harm"": -0.061260879039764404, ""fold_b_lcb"": -0.06444040110334753, ""fold_b_query_after"": 3.9674415588378906, ""harm_lcb_max"": -0.061989393923431634, ""harm_mean"": -0.060510823503136635, ""harm_se_mean"": 0.001379629597067833, ""harm_ucb_max"": -0.0575321420095861, ""local_trainability"": 0.05404329299926758, ""original_post_update_fold_a_utility"": 0.05548572540283203, ""original_post_update_fold_b_utility"": 0.052600860595703125, ""original_post_update_system_utility"": 0.05404329299926758, ""query_after"": 4.002768039703369, ""query_before"": 4.056811332702637, ""system_utility"": 0.0}, ""default"": {""feasible_both"": true, ""fold_a_harm"": -0.02597714401781559, ""fold_a_lcb"": -0.04081556500867009, ""fold_a_query_after"": 7.2238383293151855, ""fold_b_harm"": -0.027297837659716606, ""fold_b_lcb"": -0.04223061956465245, ""fold_b_query_after"": 7.227919101715088, ""harm_lcb_max"": -0.04081556500867009, ""harm_mean"": -0.026637490838766098, ""harm_se_mean"": 0.0075946946162730455, ""harm_ucb_max"": -0.01113872302696109, ""local_trainability"": 0.008498191833496094, ""original_post_update_fold_a_utility"": -3.130258083343506, ""original_post_update_fold_b_utility"": -3.207876682281494, ""original_post_update_system_utility"": -3.1690673828125, ""query_after"": 7.225878715515137, ""query_before"": 7.234376907348633, ""system_utility"": -3.177565574645996}}, ""scoring_policy"": ""pre_update_query_loss_ablation"", ""status"": ""ok"", ""statusquo_loss"": 4.056811332702637}, ""utility_status"": ""ok""}"
57,C1,C,1,adapter_2,reuse,safe_existing_reuse,4.051481246948242,3,True,442368,1949415,0,69404468,797261,19134600,893,29.242094600573182,567707648,0.0,23.402387933805585,3.7046685684472322,4.029102802276611,-0.37232041358947754,0.0,-0.37232041358947754,False,,"{""best_reuse"": ""adapter_2"", ""best_reuse_utility"": 0.0, ""decision"": ""reuse"", ""fresh_advantage"": -0.37232041358947754, ""fresh_positive"": false, ""fresh_utility"": -0.37232041358947754, ""full_batch_guards"": {""adapter_1"": {""crossfit_feasible"": true, ""crossfit_utility"": -0.6332392692565918, ""crossfit_utility_positive"": false, ""full_batch_cur_after"": 4.642322540283203, ""full_batch_cur_before"": 4.662342071533203, ""full_batch_gain"": 0.02001953125, ""full_batch_harm"": -0.059133630245923996, ""full_batch_harm_lcb"": -0.06400831514038145, ""full_batch_harm_se"": 0.0024870841298252344, ""full_batch_harm_ucb"": -0.05425894535146654, ""full_batch_safe"": true}, ""adapter_2"": {""crossfit_feasible"": true, ""crossfit_utility"": 0.0, ""crossfit_utility_positive"": false, ""full_batch_cur_after"": 3.954265594482422, ""full_batch_cur_before"": 4.029102325439453, ""full_batch_gain"": 0.07483673095703125, ""full_batch_harm"": -0.062254130840301514, ""full_batch_harm_lcb"": -0.06571765381842852, ""full_batch_harm_se"": 0.001767103560268879, ""full_batch_harm_ucb"": -0.058790607862174514, ""full_batch_safe"": true}, ""default"": {""crossfit_feasible"": true, ""crossfit_utility"": -3.0887999534606934, ""crossfit_utility_positive"": false, ""full_batch_cur_after"": 7.051631927490234, ""full_batch_cur_before"": 7.117902755737305, ""full_batch_gain"": 0.06627082824707031, ""full_batch_harm"": -0.027416983619332314, ""full_batch_harm_lcb"": -0.04225818103179335, ""full_batch_harm_se"": 0.007572039496153593, ""full_batch_harm_ucb"": -0.012575786206871272, ""full_batch_safe"": true}}, ""guarded_best_reuse"": ""adapter_2"", ""num_adapters"": 3, ""pending_after"": false, ""pending_before"": false, ""policy_version"": ""cau_v1"", ""reason"": ""safe_existing_reuse"", ""utility"": {""batch_n"": 16, ""best_reuse"": ""adapter_2"", ""best_reuse_query_after"": 3.9628981351852417, ""best_reuse_query_before"": 4.029102802276611, ""best_reuse_utility"": 0.0, ""defer_utility"": 0.0, ""fold_a_query_n"": 8, ""fold_a_support_n"": 8, ""fold_b_query_n"": 8, ""fold_b_support_n"": 8, ""fresh_advantage"": -0.37232041358947754, ""fresh_local_trainability"": 0.0586245059967041, ""fresh_positive"": false, ""fresh_query_after"": 4.342798709869385, ""fresh_query_before"": 4.401423215866089, ""fresh_utility"": -0.37232041358947754, ""original_post_update_best_reuse"": ""adapter_2"", ""original_post_update_best_reuse_utility"": 0.06620466709136963, ""original_post_update_fold_a_fresh_utility"": -0.29136133193969727, ""original_post_update_fold_b_fresh_utility"": -0.3360304832458496, ""original_post_update_fresh_utility"": -0.31369590759277344, ""reuse_profiles"": {""adapter_1"": {""feasible_both"": true, ""fold_a_harm"": -0.05943699926137924, ""fold_a_lcb"": -0.06440770617686212, ""fold_a_query_after"": 4.628818511962891, ""fold_b_harm"": -0.05970558896660805, ""fold_b_lcb"": -0.06483851118944585, ""fold_b_query_after"": 4.682736396789551, ""harm_lcb_max"": -0.06440770617686212, ""harm_mean"": -0.059571294113993645, ""harm_se_mean"": 0.0025774564128369093, ""harm_ucb_max"": -0.05446629234589637, ""local_trainability"": 0.006564617156982422, ""original_post_update_fold_a_utility"": -0.6152858734130859, ""original_post_update_fold_b_utility"": -0.6380634307861328, ""original_post_update_system_utility"": -0.6266746520996094, ""query_after"": 4.655777454376221, ""query_before"": 4.662342071533203, ""system_utility"": -0.6332392692565918}, ""adapter_2"": {""feasible_both"": true, ""fold_a_harm"": -0.06111764535307884, ""fold_a_lcb"": -0.06439289189875126, ""fold_a_query_after"": 3.9466307163238525, ""fold_b_harm"": -0.060950905084609985, ""fold_b_lcb"": -0.06434226483106613, ""fold_b_query_after"": 3.979165554046631, ""harm_lcb_max"": -0.06434226483106613, ""harm_mean"": -0.061034275218844414, ""harm_se_mean"": 0.00170066487044096, ""harm_ucb_max"": -0.05755954533815384, ""local_trainability"": 0.06620466709136963, ""original_post_update_fold_a_utility"": 0.06690192222595215, ""original_post_update_fold_b_utility"": 0.06550741195678711, ""original_post_update_system_utility"": 0.06620466709136963, ""query_after"": 3.9628981351852417, ""query_before"": 4.029102802276611, ""system_utility"": 0.0}, ""default"": {""feasible_both"": true, ""fold_a_harm"": -0.02783171273767948, ""fold_a_lcb"": -0.04211954157799482, ""fold_a_query_after"": 6.883158206939697, ""fold_b_harm"": -0.02796906605362892, ""fold_b_lcb"": -0.04263088947162032, ""fold_b_query_after"": 7.318820476531982, ""harm_lcb_max"": -0.04211954157799482, ""harm_mean"": -0.0279003893956542, ""harm_se_mean"": 0.007385115372017026, ""harm_ucb_max"": -0.013307242635637522, ""local_trainability"": 0.016913414001464844, ""original_post_update_fold_a_utility"": -2.8696255683898926, ""original_post_update_fold_b_utility"": -3.2741475105285645, ""original_post_update_system_utility"": -3.0718865394592285, ""query_after"": 7.10098934173584, ""query_before"": 7.117902755737305, ""system_utility"": -3.0887999534606934}}, ""scoring_policy"": ""pre_update_query_loss_ablation"", ""status"": ""ok"", ""statusquo_loss"": 4.029102802276611}, ""utility_status"": ""ok""}"
58,C1,C,1,adapter_2,reuse,safe_existing_reuse,3.9748692512512207,3,True,442368,1949415,0,69404468,797261,19134600,909,30.038422740995884,567707648,0.0,24.191342677921057,3.7046685684472322,3.9411587715148926,-0.46637821197509766,0.0,-0.46637821197509766,False,,"{""best_reuse"": ""adapter_2"", ""best_reuse_utility"": 0.0, ""decision"": ""reuse"", ""fresh_advantage"": -0.46637821197509766, ""fresh_positive"": false, ""fresh_utility"": -0.46637821197509766, ""full_batch_guards"": {""adapter_1"": {""crossfit_feasible"": true, ""crossfit_utility"": -0.7995398044586182, ""crossfit_utility_positive"": false, ""full_batch_cur_after"": 4.7306437492370605, ""full_batch_cur_before"": 4.740698337554932, ""full_batch_gain"": 0.010054588317871094, ""full_batch_harm"": -0.05632978677749634, ""full_batch_harm_lcb"": -0.06104659349657595, ""full_batch_harm_se"": 0.0024065340403467417, ""full_batch_harm_ucb"": -0.051612980058416726, ""full_batch_safe"": true}, ""adapter_2"": {""crossfit_feasible"": true, ""crossfit_utility"": 0.0, ""crossfit_utility_positive"": false, ""full_batch_cur_after"": 3.8679966926574707, ""full_batch_cur_before"": 3.9411587715148926, ""full_batch_gain"": 0.07316207885742188, ""full_batch_harm"": -0.06539174914360046, ""full_batch_harm_lcb"": -0.06928729546256364, ""full_batch_harm_se"": 0.0019875236321240664, ""full_batch_harm_ucb"": -0.061496202824637296, ""full_batch_safe"": true}, ""default"": {""crossfit_feasible"": true, ""crossfit_utility"": -3.22554087638855, ""crossfit_utility_positive"": false, ""full_batch_cur_after"": 7.091433048248291, ""full_batch_cur_before"": 7.166699409484863, ""full_batch_gain"": 0.07526636123657227, ""full_batch_harm"": -0.028086336329579353, ""full_batch_harm_lcb"": -0.04306656930595636, ""full_batch_harm_se"": 0.0076429760083556175, ""full_batch_harm_ucb"": -0.013106103353202343, ""full_batch_safe"": true}}, ""guarded_best_reuse"": ""adapter_2"", ""num_adapters"": 3, ""pending_after"": false, ""pending_before"": false, ""policy_version"": ""cau_v1"", ""reason"": ""safe_existing_reuse"", ""utility"": {""batch_n"": 16, ""best_reuse"": ""adapter_2"", ""best_reuse_query_after"": 3.8778499364852905, ""best_reuse_query_before"": 3.9411587715148926, ""best_reuse_utility"": 0.0, ""defer_utility"": 0.0, ""fold_a_query_n"": 8, ""fold_a_support_n"": 8, ""fold_b_query_n"": 8, ""fold_b_support_n"": 8, ""fresh_advantage"": -0.46637821197509766, ""fresh_local_trainability"": 0.02816462516784668, ""fresh_positive"": false, ""fresh_query_after"": 4.3793723583221436, ""fresh_query_before"": 4.40753698348999, ""fresh_utility"": -0.46637821197509766, ""original_post_update_best_reuse"": ""adapter_2"", ""original_post_update_best_reuse_utility"": 0.06330883502960205, ""original_post_update_fold_a_fresh_utility"": -0.4210700988769531, ""original_post_update_fold_b_fresh_utility"": -0.45535707473754883, ""original_post_update_fresh_utility"": -0.438213586807251, ""reuse_profiles"": {""adapter_1"": {""feasible_both"": true, ""fold_a_harm"": -0.05691009759902954, ""fold_a_lcb"": -0.06161105489358306, ""fold_a_query_after"": 4.680016040802002, ""fold_b_harm"": -0.05804574117064476, ""fold_b_lcb"": -0.06343734292313456, ""fold_b_query_after"": 4.817170143127441, ""harm_lcb_max"": -0.06161105489358306, ""harm_mean"": -0.05747791938483715, ""harm_se_mean"": 0.0025746324099600315, ""harm_ucb_max"": -0.05220914030447602, ""local_trainability"": -0.007894515991210938, ""original_post_update_fold_a_utility"": -0.7459120750427246, ""original_post_update_fold_b_utility"": -0.8689565658569336, ""original_post_update_system_utility"": -0.8074343204498291, ""query_after"": 4.748593091964722, ""query_before"": 4.740698575973511, ""system_utility"": -0.7995398044586182}, ""adapter_2"": {""feasible_both"": true, ""fold_a_harm"": -0.0647866427898407, ""fold_a_lcb"": -0.06873233947902918, ""fold_a_query_after"": 3.8692522048950195, ""fold_b_harm"": -0.06212283670902252, ""fold_b_lcb"": -0.06610817179083824, ""fold_b_query_after"": 3.8864476680755615, ""harm_lcb_max"": -0.06610817179083824, ""harm_mean"": -0.06345473974943161, ""harm_se_mean"": 0.002023222390562296, ""harm_ucb_max"": -0.0581375016272068, ""local_trainability"": 0.06330883502960205, ""original_post_update_fold_a_utility"": 0.06485176086425781, ""original_post_update_fold_b_utility"": 0.06176590919494629, ""original_post_update_system_utility"": 0.06330883502960205, ""query_after"": 3.8778499364852905, ""query_before"": 3.9411587715148926, ""system_utility"": 0.0}, ""default"": {""feasible_both"": true, ""fold_a_harm"": -0.026437822729349136, ""fold_a_lcb"": -0.04130416126921773, ""fold_a_query_after"": 6.936359882354736, ""fold_b_harm"": -0.028284424915909767, ""fold_b_lcb"": -0.042500445563346145, ""fold_b_query_after"": 7.361415386199951, ""harm_lcb_max"": -0.04130416126921773, ""harm_mean"": -0.027361123822629452, ""harm_se_mean"": 0.007418969180434942, ""harm_ucb_max"": -0.011571484189480544, ""local_trainability"": 0.017812013626098633, ""original_post_update_fold_a_utility"": -3.002255916595459, ""original_post_update_fold_b_utility"": -3.4132018089294434, ""original_post_update_system_utility"": -3.207728862762451, ""query_after"": 7.148887634277344, ""query_before"": 7.166699647903442, ""system_utility"": -3.22554087638855}}, ""scoring_policy"": ""pre_update_query_loss_ablation"", ""status"": ""ok"", ""statusquo_loss"": 3.9411587715148926}, ""utility_status"": ""ok""}"
59,C1,C,1,adapter_2,reuse,safe_existing_reuse,3.879059314727783,3,True,442368,1949415,0,69404468,797261,19134600,925,30.816726787015796,567707648,0.0,24.96253303810954,3.7046685684472322,3.8857223987579346,-0.5221445560455322,0.0,-0.5221445560455322,False,,"{""best_reuse"": ""adapter_2"", ""best_reuse_utility"": 0.0, ""decision"": ""reuse"", ""fresh_advantage"": -0.5221445560455322, ""fresh_positive"": false, ""fresh_utility"": -0.5221445560455322, ""full_batch_guards"": {""adapter_1"": {""crossfit_feasible"": true, ""crossfit_utility"": -0.8771862983703613, ""crossfit_utility_positive"": false, ""full_batch_cur_after"": 4.755931854248047, ""full_batch_cur_before"": 4.762908935546875, ""full_batch_gain"": 0.006977081298828125, ""full_batch_harm"": -0.05625638738274574, ""full_batch_harm_lcb"": -0.06109387352131307, ""full_batch_harm_se"": 0.002468105172738433, ""full_batch_harm_ucb"": -0.05141890124417842, ""full_batch_safe"": true}, ""adapter_2"": {""crossfit_feasible"": true, ""crossfit_utility"": 0.0, ""crossfit_utility_positive"": false, ""full_batch_cur_after"": 3.820967197418213, ""full_batch_cur_before"": 3.8857226371765137, ""full_batch_gain"": 0.06475543975830078, ""full_batch_harm"": -0.06784921884536743, ""full_batch_harm_lcb"": -0.07113402086310089, ""full_batch_harm_se"": 0.001675919396802783, ""full_batch_harm_ucb"": -0.06456441682763397, ""full_batch_safe"": true}, ""default"": {""crossfit_feasible"": true, ""crossfit_utility"": -3.5635452270507812, ""crossfit_utility_positive"": false, ""full_batch_cur_after"": 7.365042686462402, ""full_batch_cur_before"": 7.449267387390137, ""full_batch_gain"": 0.08422470092773438, ""full_batch_harm"": -0.026779156178236008, ""full_batch_harm_lcb"": -0.041652947794646025, ""full_batch_harm_se"": 0.007588669192045927, ""full_batch_harm_ucb"": -0.01190536456182599, ""full_batch_safe"": true}}, ""guarded_best_reuse"": ""adapter_2"", ""num_adapters"": 3, ""pending_after"": false, ""pending_before"": false, ""policy_version"": ""cau_v1"", ""reason"": ""safe_existing_reuse"", ""utility"": {""batch_n"": 16, ""best_reuse"": ""adapter_2"", ""best_reuse_query_after"": 3.8283787965774536, ""best_reuse_query_before"": 3.8857223987579346, ""best_reuse_utility"": 0.0, ""defer_utility"": 0.0, ""fold_a_query_n"": 8, ""fold_a_support_n"": 8, ""fold_b_query_n"": 8, ""fold_b_support_n"": 8, ""fresh_advantage"": -0.5221445560455322, ""fresh_local_trainability"": 0.04688096046447754, ""fresh_positive"": false, ""fresh_query_after"": 4.360985994338989, ""fresh_query_before"": 4.407866954803467, ""fresh_utility"": -0.5221445560455322, ""original_post_update_best_reuse"": ""adapter_2"", ""original_post_update_best_reuse_utility"": 0.05734360218048096, ""original_post_update_fold_a_fresh_utility"": -0.49103689193725586, ""original_post_update_fold_b_fresh_utility"": -0.4594902992248535, ""original_post_update_fresh_utility"": -0.4752635955810547, ""reuse_profiles"": {""adapter_1"": {""feasible_both"": true, ""fold_a_harm"": -0.05746227502822876, ""fold_a_lcb"": -0.06222727986052632, ""fold_a_query_after"": 4.746402740478516, ""fold_b_harm"": -0.055965449661016464, ""fold_b_lcb"": -0.06125103582628071, ""fold_b_query_after"": 4.794432640075684, ""harm_lcb_max"": -0.06125103582628071, ""harm_mean"": -0.05671386234462261, ""harm_se_mean"": 0.0025639262748882174, ""harm_ucb_max"": -0.050679863495752216, ""local_trainability"": -0.007508993148803711, ""original_post_update_fold_a_utility"": -0.8765292167663574, ""original_post_update_fold_b_utility"": -0.8928613662719727, ""original_post_update_system_utility"": -0.884695291519165, ""query_after"": 4.7704176902771, ""query_before"": 4.762908697128296, ""system_utility"": -0.8771862983703613}, ""adapter_2"": {""feasible_both"": true, ""fold_a_harm"": -0.06555511057376862, ""fold_a_lcb"": -0.06841442118864506, ""fold_a_query_after"": 3.808372735977173, ""fold_b_harm"": -0.06633661687374115, ""fold_b_lcb"": -0.07041954153217375, ""fold_b_query_after"": 3.8483848571777344, ""harm_lcb_max"": -0.06841442118864506, ""harm_mean"": -0.06594586372375488, ""harm_se_mean"": 0.0017709783860482275, ""harm_ucb_max"": -0.06225369221530855, ""local_trainability"": 0.05734360218048096, ""original_post_update_fold_a_utility"": 0.06150078773498535, ""original_post_update_fold_b_utility"": 0.05318641662597656, ""original_post_update_system_utility"": 0.05734360218048096, ""query_after"": 3.8283787965774536, ""query_before"": 3.8857223987579346, ""system_utility"": 0.0}, ""default"": {""feasible_both"": true, ""fold_a_harm"": -0.026224441826343536, ""fold_a_lcb"": -0.04138652859255672, ""fold_a_query_after"": 7.3556599617004395, ""fold_b_harm"": -0.025650955736637115, ""fold_b_lcb"": -0.04051898367702961, ""fold_b_query_after"": 7.447098731994629, ""harm_lcb_max"": -0.04051898367702961, ""harm_mean"": -0.025937698781490326, ""harm_se_mean"": 0.007660743547603488, ""harm_ucb_max"": -0.010782927796244622, ""local_trainability"": 0.04788827896118164, ""original_post_update_fold_a_utility"": -3.4857864379882812, ""original_post_update_fold_b_utility"": -3.545527458190918, ""original_post_update_system_utility"": -3.5156569480895996, ""query_after"": 7.401379346847534, ""query_before"": 7.449267625808716, ""system_utility"": -3.5635452270507812}}, ""scoring_policy"": ""pre_update_query_loss_ablation"", ""status"": ""ok"", ""statusquo_loss"": 3.8857223987579346}, ""utility_status"": ""ok""}"
60,C1,C,1,adapter_2,reuse,safe_existing_reuse,3.8443870544433594,3,True,442368,1949415,0,69404468,797261,19134600,941,31.616590708494186,567707648,0.0,25.755039505660534,3.7046685684472322,3.8119964599609375,-0.5845420360565186,0.0,-0.5845420360565186,False,,"{""best_reuse"": ""adapter_2"", ""best_reuse_utility"": 0.0, ""decision"": ""reuse"", ""fresh_advantage"": -0.5845420360565186, ""fresh_positive"": false, ""fresh_utility"": -0.5845420360565186, ""full_batch_guards"": {""adapter_1"": {""crossfit_feasible"": true, ""crossfit_utility"": -0.9352493286132812, ""crossfit_utility_positive"": false, ""full_batch_cur_after"": 4.736510753631592, ""full_batch_cur_before"": 4.7472453117370605, ""full_batch_gain"": 0.01073455810546875, ""full_batch_harm"": -0.0566142275929451, ""full_batch_harm_lcb"": -0.061278678411617875, ""full_batch_harm_se"": 0.0023798218462616205, ""full_batch_harm_ucb"": -0.05194977677427232, ""full_batch_safe"": true}, ""adapter_2"": {""crossfit_feasible"": true, ""crossfit_utility"": 0.0, ""crossfit_utility_positive"": false, ""full_batch_cur_after"": 3.7363576889038086, ""full_batch_cur_before"": 3.8119964599609375, ""full_batch_gain"": 0.0756387710571289, ""full_batch_harm"": -0.07178130000829697, ""full_batch_harm_lcb"": -0.0754136343486607, ""full_batch_harm_se"": 0.001853231806308031, ""full_batch_harm_ucb"": -0.06814896566793323, ""full_batch_safe"": true}, ""default"": {""crossfit_feasible"": true, ""crossfit_utility"": -3.4647557735443115, ""crossfit_utility_positive"": false, ""full_batch_cur_after"": 7.213462829589844, ""full_batch_cur_before"": 7.276752471923828, ""full_batch_gain"": 0.06328964233398438, ""full_batch_harm"": -0.026329414919018745, ""full_batch_harm_lcb"": -0.04146984249353409, ""full_batch_harm_se"": 0.007724707946181297, ""full_batch_harm_ucb"": -0.011188987344503402, ""full_batch_safe"": true}}, ""guarded_best_reuse"": ""adapter_2"", ""num_adapters"": 3, ""pending_after"": false, ""pending_before"": false, ""policy_version"": ""cau_v1"", ""reason"": ""safe_existing_reuse"", ""utility"": {""batch_n"": 16, ""best_reuse"": ""adapter_2"", ""best_reuse_query_after"": 3.743084192276001, ""best_reuse_query_before"": 3.8119964599609375, ""best_reuse_utility"": 0.0, ""defer_utility"": 0.0, ""fold_a_query_n"": 8, ""fold_a_support_n"": 8, ""fold_b_query_n"": 8, ""fold_b_support_n"": 8, ""fresh_advantage"": -0.5845420360565186, ""fresh_local_trainability"": 0.047205448150634766, ""fresh_positive"": false, ""fresh_query_after"": 4.349333047866821, ""fresh_query_before"": 4.396538496017456, ""fresh_utility"": -0.5845420360565186, ""original_post_update_best_reuse"": ""adapter_2"", ""original_post_update_best_reuse_utility"": 0.06891226768493652, ""original_post_update_fold_a_fresh_utility"": -0.5142707824707031, ""original_post_update_fold_b_fresh_utility"": -0.5604023933410645, ""original_post_update_fresh_utility"": -0.5373365879058838, ""reuse_profiles"": {""adapter_1"": {""feasible_both"": true, ""fold_a_harm"": -0.056828636676073074, ""fold_a_lcb"": -0.061774795260280374, ""fold_a_query_after"": 4.703223705291748, ""fold_b_harm"": -0.05846399813890457, ""fold_b_lcb"": -0.0634435029886663, ""fold_b_query_after"": 4.794008255004883, ""harm_lcb_max"": -0.061774795260280374, ""harm_mean"": -0.05764631740748882, ""harm_se_mean"": 0.002532056998461485, ""harm_ucb_max"": -0.051882478091865775, ""local_trainability"": -0.0013701915740966797, ""original_post_update_fold_a_utility"": -0.9139008522033691, ""original_post_update_fold_b_utility"": -0.9593381881713867, ""original_post_update_system_utility"": -0.9366195201873779, ""query_after"": 4.748615980148315, ""query_before"": 4.747245788574219, ""system_utility"": -0.9352493286132812}, ""adapter_2"": {""feasible_both"": true, ""fold_a_harm"": -0.07156339287757874, ""fold_a_lcb"": -0.07549300786107778, ""fold_a_query_after"": 3.720371723175049, ""fold_b_harm"": -0.0692259818315506, ""fold_b_lcb"": -0.07269656748045236, ""fold_b_query_after"": 3.765796661376953, ""harm_lcb_max"": -0.07269656748045236, ""harm_mean"": -0.07039468735456467, ""harm_se_mean"": 0.001887806283775717, ""harm_ucb_max"": -0.06575539618264883, ""local_trainability"": 0.06891226768493652, ""original_post_update_fold_a_utility"": 0.06895112991333008, ""original_post_update_fold_b_utility"": 0.06887340545654297, ""original_post_update_system_utility"": 0.06891226768493652, ""query_after"": 3.743084192276001, ""query_before"": 3.8119964599609375, ""system_utility"": 0.0}, ""default"": {""feasible_both"": true, ""fold_a_harm"": -0.02661745995283127, ""fold_a_lcb"": -0.04158005872741342, ""fold_a_query_after"": 7.18850564956665, ""fold_b_harm"": -0.026833156123757362, ""fold_b_lcb"": -0.0415438343398273, ""fold_b_query_after"": 7.32496452331543, ""harm_lcb_max"": -0.0415438343398273, ""harm_mean"": -0.026725308038294315, ""harm_se_mean"": 0.007569713518023491, ""harm_ucb_max"": -0.011654861178249121, ""local_trainability"": 0.020017147064208984, ""original_post_update_fold_a_utility"": -3.3991827964782715, ""original_post_update_fold_b_utility"": -3.4902944564819336, ""original_post_update_system_utility"": -3.4447386264801025, ""query_after"": 7.25673508644104, ""query_before"": 7.276752233505249, ""system_utility"": -3.4647557735443115}}, ""scoring_policy"": ""pre_update_query_loss_ablation"", ""status"": ""ok"", ""statusquo_loss"": 3.8119964599609375}, ""utility_status"": ""ok""}"
61,C1,C,1,adapter_2,reuse,safe_existing_reuse,3.7449779510498047,3,True,442368,1949415,0,69404468,797261,19134600,957,32.40637953206897,567707648,0.0,26.53702463954687,3.7046685684472322,3.735908031463623,-0.6988511085510254,0.0,-0.6988511085510254,False,,"{""best_reuse"": ""adapter_2"", ""best_reuse_utility"": 0.0, ""decision"": ""reuse"", ""fresh_advantage"": -0.6988511085510254, ""fresh_positive"": false, ""fresh_utility"": -0.6988511085510254, ""full_batch_guards"": {""adapter_1"": {""crossfit_feasible"": true, ""crossfit_utility"": -1.0779342651367188, ""crossfit_utility_positive"": false, ""full_batch_cur_after"": 4.804701805114746, ""full_batch_cur_before"": 4.813841819763184, ""full_batch_gain"": 0.0091400146484375, ""full_batch_harm"": -0.056286200881004333, ""full_batch_harm_lcb"": -0.06149212647229433, ""full_batch_harm_se"": 0.0026560844853520393, ""full_batch_harm_ucb"": -0.05108027528971434, ""full_batch_safe"": true}, ""adapter_2"": {""crossfit_feasible"": true, ""crossfit_utility"": 0.0, ""crossfit_utility_positive"": false, ""full_batch_cur_after"": 3.65576171875, ""full_batch_cur_before"": 3.735908031463623, ""full_batch_gain"": 0.08014631271362305, ""full_batch_harm"": -0.07237312197685242, ""full_batch_harm_lcb"": -0.07578321252949535, ""full_batch_harm_se"": 0.0017398421186953783, ""full_batch_harm_ucb"": -0.06896303142420948, ""full_batch_safe"": true}, ""default"": {""crossfit_feasible"": true, ""crossfit_utility"": -3.756430149078369, ""crossfit_utility_positive"": false, ""full_batch_cur_after"": 7.4426116943359375, ""full_batch_cur_before"": 7.492338180541992, ""full_batch_gain"": 0.04972648620605469, ""full_batch_harm"": -0.027980035170912743, ""full_batch_harm_lcb"": -0.04279296820983291, ""full_batch_harm_se"": 0.007557618897408247, ""full_batch_harm_ucb"": -0.013167102131992578, ""full_batch_safe"": true}}, ""guarded_best_reuse"": ""adapter_2"", ""num_adapters"": 3, ""pending_after"": false, ""pending_before"": false, ""policy_version"": ""cau_v1"", ""reason"": ""safe_existing_reuse"", ""utility"": {""batch_n"": 16, ""best_reuse"": ""adapter_2"", ""best_reuse_query_after"": 3.6632132530212402, ""best_reuse_query_before"": 3.735908031463623, ""best_reuse_utility"": 0.0, ""defer_utility"": 0.0, ""fold_a_query_n"": 8, ""fold_a_support_n"": 8, ""fold_b_query_n"": 8, ""fold_b_support_n"": 8, ""fresh_advantage"": -0.6988511085510254, ""fresh_local_trainability"": 0.06937098503112793, ""fresh_positive"": false, ""fresh_query_after"": 4.3653881549835205, ""fresh_query_before"": 4.434759140014648, ""fresh_utility"": -0.6988511085510254, ""original_post_update_best_reuse"": ""adapter_2"", ""original_post_update_best_reuse_utility"": 0.07269477844238281, ""original_post_update_fold_a_fresh_utility"": -0.6520516872406006, ""original_post_update_fold_b_fresh_utility"": -0.6069085597991943, ""original_post_update_fresh_utility"": -0.6294801235198975, ""reuse_profiles"": {""adapter_1"": {""feasible_both"": true, ""fold_a_harm"": -0.05664081498980522, ""fold_a_lcb"": -0.06186332518234849, ""fold_a_query_after"": 4.8097124099731445, ""fold_b_harm"": -0.0570562370121479, ""fold_b_lcb"": -0.062481936179101465, ""fold_b_query_after"": 4.828674793243408, ""harm_lcb_max"": -0.06186332518234849, ""harm_mean"": -0.05684852600097656, ""harm_se_mean"": 0.002716379938647151, ""harm_ucb_max"": -0.051418304797261956, ""local_trainability"": -0.00535130500793457, ""original_post_update_fold_a_utility"": -1.1047084331512451, ""original_post_update_fold_b_utility"": -1.0618627071380615, ""original_post_update_system_utility"": -1.0832855701446533, ""query_after"": 4.819193601608276, ""query_before"": 4.813842296600342, ""system_utility"": -1.0779342651367188}, ""adapter_2"": {""feasible_both"": true, ""fold_a_harm"": -0.07086913287639618, ""fold_a_lcb"": -0.0744554086914286, ""fold_a_query_after"": 3.632014274597168, ""fold_b_harm"": -0.07133100926876068, ""fold_b_lcb"": -0.07465506999753416, ""fold_b_query_after"": 3.6944122314453125, ""harm_lcb_max"": -0.0744554086914286, ""harm_mean"": -0.07110007107257843, ""harm_se_mean"": 0.0017628409550525248, ""harm_ucb_max"": -0.06728285706136376, ""local_trainability"": 0.07269477844238281, ""original_post_update_fold_a_utility"": 0.07298970222473145, ""original_post_update_fold_b_utility"": 0.07239985466003418, ""original_post_update_system_utility"": 0.07269477844238281, ""query_after"": 3.6632132530212402, ""query_before"": 3.735908031463623, ""system_utility"": 0.0}, ""default"": {""feasible_both"": true, ""fold_a_harm"": -0.02812226302921772, ""fold_a_lcb"": -0.04320733923465014, ""fold_a_query_after"": 7.419106483459473, ""fold_b_harm"": -0.027684252709150314, ""fold_b_lcb"": -0.042385865114629266, ""fold_b_query_after"": 7.53134298324585, ""harm_lcb_max"": -0.042385865114629266, ""harm_mean"": -0.027903257869184017, ""harm_se_mean"": 0.007598645053803921, ""harm_ucb_max"": -0.01298264030367136, ""local_trainability"": 0.017113447189331055, ""original_post_update_fold_a_utility"": -3.7141025066375732, ""original_post_update_fold_b_utility"": -3.764530897140503, ""original_post_update_system_utility"": -3.739316701889038, ""query_after"": 7.475224733352661, ""query_before"": 7.492338180541992, ""system_utility"": -3.756430149078369}}, ""scoring_policy"": ""pre_update_query_loss_ablation"", ""status"": ""ok"", ""statusquo_loss"": 3.735908031463623}, ""utility_status"": ""ok""}"
62,C1,C,1,adapter_2,reuse,safe_existing_reuse,3.7143590450286865,3,True,442368,1949415,0,69404468,797261,19134600,973,33.179164027795196,567707648,0.0,27.302545776590705,3.7046685684472322,3.6689099073410034,-0.7435945272445679,0.0,-0.7435945272445679,False,,"{""best_reuse"": ""adapter_2"", ""best_reuse_utility"": 0.0, ""decision"": ""reuse"", ""fresh_advantage"": -0.7435945272445679, ""fresh_positive"": false, ""fresh_utility"": -0.7435945272445679, ""full_batch_guards"": {""adapter_1"": {""crossfit_feasible"": true, ""crossfit_utility"": -1.1331604719161987, ""crossfit_utility_positive"": false, ""full_batch_cur_after"": 4.794388294219971, ""full_batch_cur_before"": 4.802070140838623, ""full_batch_gain"": 0.007681846618652344, ""full_batch_harm"": -0.054941024631261826, ""full_batch_harm_lcb"": -0.05957899904809892, ""full_batch_harm_se"": 0.0023663134779781103, ""full_batch_harm_ucb"": -0.05030305021442473, ""full_batch_safe"": true}, ""adapter_2"": {""crossfit_feasible"": true, ""crossfit_utility"": 0.0, ""crossfit_utility_positive"": false, ""full_batch_cur_after"": 3.5871047973632812, ""full_batch_cur_before"": 3.668909788131714, ""full_batch_gain"": 0.08180499076843262, ""full_batch_harm"": -0.07919765263795853, ""full_batch_harm_lcb"": -0.0822948239557445, ""full_batch_harm_se"": 0.001580189447849989, ""full_batch_harm_ucb"": -0.07610048132017255, ""full_batch_safe"": true}, ""default"": {""crossfit_feasible"": true, ""crossfit_utility"": -3.7281771898269653, ""crossfit_utility_positive"": false, ""full_batch_cur_after"": 7.324941635131836, ""full_batch_cur_before"": 7.397087097167969, ""full_batch_gain"": 0.07214546203613281, ""full_batch_harm"": -0.026477687060832977, ""full_batch_harm_lcb"": -0.04160471078008413, ""full_batch_harm_se"": 0.007717869244515896, ""full_batch_harm_ucb"": -0.011350663341581822, ""full_batch_safe"": true}}, ""guarded_best_reuse"": ""adapter_2"", ""num_adapters"": 3, ""pending_after"": false, ""pending_before"": false, ""policy_version"": ""cau_v1"", ""reason"": ""safe_existing_reuse"", ""utility"": {""batch_n"": 16, ""best_reuse"": ""adapter_2"", ""best_reuse_query_after"": 3.594276547431946, ""best_reuse_query_before"": 3.6689099073410034, ""best_reuse_utility"": 0.0, ""defer_utility"": 0.0, ""fold_a_query_n"": 8, ""fold_a_support_n"": 8, ""fold_b_query_n"": 8, ""fold_b_support_n"": 8, ""fresh_advantage"": -0.7435945272445679, ""fresh_local_trainability"": 0.047324419021606445, ""fresh_positive"": false, ""fresh_query_after"": 4.365180015563965, ""fresh_query_before"": 4.412504434585571, ""fresh_utility"": -0.7435945272445679, ""original_post_update_best_reuse"": ""adapter_2"", ""original_post_update_best_reuse_utility"": 0.07463335990905762, ""original_post_update_fold_a_fresh_utility"": -0.7087864875793457, ""original_post_update_fold_b_fresh_utility"": -0.6837537288665771, ""original_post_update_fresh_utility"": -0.6962701082229614, ""reuse_profiles"": {""adapter_1"": {""feasible_both"": true, ""fold_a_harm"": -0.05739321932196617, ""fold_a_lcb"": -0.06235348043031991, ""fold_a_query_after"": 4.751141548156738, ""fold_b_harm"": -0.05661243200302124, ""fold_b_lcb"": -0.06144718461669982, ""fold_b_query_after"": 4.869318008422852, ""harm_lcb_max"": -0.06144718461669982, ""harm_mean"": -0.057002825662493706, ""harm_se_mean"": 0.0024987279903143644, ""harm_ucb_max"": -0.05177767938934266, ""local_trainability"": -0.008159399032592773, ""original_post_update_fold_a_utility"": -1.1175227165222168, ""original_post_update_fold_b_utility"": -1.1651170253753662, ""original_post_update_system_utility"": -1.1413198709487915, ""query_after"": 4.810229778289795, ""query_before"": 4.802070379257202, ""system_utility"": -1.1331604719161987}, ""adapter_2"": {""feasible_both"": true, ""fold_a_harm"": -0.07649311423301697, ""fold_a_lcb"": -0.07923491818830371, ""fold_a_query_after"": 3.5549476146698, ""fold_b_harm"": -0.07809290289878845, ""fold_b_lcb"": -0.0819671140331775, ""fold_b_query_after"": 3.633605480194092, ""harm_lcb_max"": -0.07923491818830371, ""harm_mean"": -0.07729300856590271, ""harm_se_mean"": 0.0016877589514479041, ""harm_ucb_max"": -0.07375131027773023, ""local_trainability"": 0.07463335990905762, ""original_post_update_fold_a_utility"": 0.07867121696472168, ""original_post_update_fold_b_utility"": 0.07059550285339355, ""original_post_update_system_utility"": 0.07463335990905762, ""query_after"": 3.594276547431946, ""query_before"": 3.6689099073410034, ""system_utility"": 0.0}, ""default"": {""feasible_both"": true, ""fold_a_harm"": -0.027395879849791527, ""fold_a_lcb"": -0.04280761547386646, ""fold_a_query_after"": 7.2816162109375, ""fold_b_harm"": -0.02649787813425064, ""fold_b_lcb"": -0.04137552041560411, ""fold_b_query_after"": 7.457892894744873, ""harm_lcb_max"": -0.04137552041560411, ""harm_mean"": -0.026946878992021084, ""harm_se_mean"": 0.007726882118731737, ""harm_ucb_max"": -0.011620235852897167, ""local_trainability"": 0.027332544326782227, ""original_post_update_fold_a_utility"": -3.6479973793029785, ""original_post_update_fold_b_utility"": -3.7536919116973877, ""original_post_update_system_utility"": -3.700844645500183, ""query_after"": 7.3697545528411865, ""query_before"": 7.397087097167969, ""system_utility"": -3.7281771898269653}}, ""scoring_policy"": ""pre_update_query_loss_ablation"", ""status"": ""ok"", ""statusquo_loss"": 3.6689099073410034}, ""utility_status"": ""ok""}"
63,C1,C,1,adapter_2,reuse,safe_existing_reuse,3.5676774978637695,3,True,442368,1949415,0,69404468,797261,19134600,989,33.94964171200991,567707648,0.0,28.06288687326014,3.7046685684472322,3.5537551641464233,-0.8571983575820923,0.0,-0.8571983575820923,False,,"{""best_reuse"": ""adapter_2"", ""best_reuse_utility"": 0.0, ""decision"": ""reuse"", ""fresh_advantage"": -0.8571983575820923, ""fresh_positive"": false, ""fresh_utility"": -0.8571983575820923, ""full_batch_guards"": {""adapter_1"": {""crossfit_feasible"": true, ""crossfit_utility"": -1.232800841331482, ""crossfit_utility_positive"": false, ""full_batch_cur_after"": 4.7759246826171875, ""full_batch_cur_before"": 4.786555767059326, ""full_batch_gain"": 0.010631084442138672, ""full_batch_harm"": -0.05670437216758728, ""full_batch_harm_lcb"": -0.06130671675316989, ""full_batch_harm_se"": 0.002348134992644191, ""full_batch_harm_ucb"": -0.05210202758200467, ""full_batch_safe"": true}, ""adapter_2"": {""crossfit_feasible"": true, ""crossfit_utility"": 0.0, ""crossfit_utility_positive"": false, ""full_batch_cur_after"": 3.463989734649658, ""full_batch_cur_before"": 3.553755044937134, ""full_batch_gain"": 0.08976531028747559, ""full_batch_harm"": -0.08403220027685165, ""full_batch_harm_lcb"": -0.08720357766840607, ""full_batch_harm_se"": 0.0016180496895685792, ""full_batch_harm_ucb"": -0.08086082288529724, ""full_batch_safe"": true}, ""default"": {""crossfit_feasible"": true, ""crossfit_utility"": -3.8909913301467896, ""crossfit_utility_positive"": false, ""full_batch_cur_after"": 7.399911403656006, ""full_batch_cur_before"": 7.444746494293213, ""full_batch_gain"": 0.04483509063720703, ""full_batch_harm"": -0.027360280975699425, ""full_batch_harm_lcb"": -0.04190244263038039, ""full_batch_harm_se"": 0.007419470231980085, ""full_batch_harm_ucb"": -0.012818119321018458, ""full_batch_safe"": true}}, ""guarded_best_reuse"": ""adapter_2"", ""num_adapters"": 3, ""pending_after"": false, ""pending_before"": false, ""policy_version"": ""cau_v1"", ""reason"": ""safe_existing_reuse"", ""utility"": {""batch_n"": 16, ""best_reuse"": ""adapter_2"", ""best_reuse_query_after"": 3.4714789390563965, ""best_reuse_query_before"": 3.5537551641464233, ""best_reuse_utility"": 0.0, ""defer_utility"": 0.0, ""fold_a_query_n"": 8, ""fold_a_support_n"": 8, ""fold_b_query_n"": 8, ""fold_b_support_n"": 8, ""fresh_advantage"": -0.8571983575820923, ""fresh_local_trainability"": 0.04894542694091797, ""fresh_positive"": false, ""fresh_query_after"": 4.362008094787598, ""fresh_query_before"": 4.410953521728516, ""fresh_utility"": -0.8571983575820923, ""original_post_update_best_reuse"": ""adapter_2"", ""original_post_update_best_reuse_utility"": 0.08227622509002686, ""original_post_update_fold_a_fresh_utility"": -0.7950856685638428, ""original_post_update_fold_b_fresh_utility"": -0.8214201927185059, ""original_post_update_fresh_utility"": -0.8082529306411743, ""reuse_profiles"": {""adapter_1"": {""feasible_both"": true, ""fold_a_harm"": -0.05753485485911369, ""fold_a_lcb"": -0.062165484810248015, ""fold_a_query_after"": 4.818427562713623, ""fold_b_harm"": -0.058063704520463943, ""fold_b_lcb"": -0.06288453851826489, ""fold_b_query_after"": 4.772421836853027, ""harm_lcb_max"": -0.062165484810248015, ""harm_mean"": -0.05779927968978882, ""harm_se_mean"": 0.002411087742075324, ""harm_ucb_max"": -0.05290422490797937, ""local_trainability"": -0.008868694305419922, ""original_post_update_fold_a_utility"": -1.2640907764434814, ""original_post_update_fold_b_utility"": -1.2192482948303223, ""original_post_update_system_utility"": -1.2416695356369019, ""query_after"": 4.795424699783325, ""query_before"": 4.786556005477905, ""system_utility"": -1.232800841331482}, ""adapter_2"": {""feasible_both"": true, ""fold_a_harm"": -0.08228326588869095, ""fold_a_lcb"": -0.08558458040468395, ""fold_a_query_after"": 3.4710097312927246, ""fold_b_harm"": -0.08194854855537415, ""fold_b_lcb"": -0.08516328471712768, ""fold_b_query_after"": 3.4719481468200684, ""harm_lcb_max"": -0.08516328471712768, ""harm_mean"": -0.08211590722203255, ""harm_se_mean"": 0.0016622578259557486, ""harm_ucb_max"": -0.07873381239362061, ""local_trainability"": 0.08227622509002686, ""original_post_update_fold_a_utility"": 0.08332705497741699, ""original_post_update_fold_b_utility"": 0.08122539520263672, ""original_post_update_system_utility"": 0.08227622509002686, ""query_after"": 3.4714789390563965, ""query_before"": 3.5537551641464233, ""system_utility"": 0.0}, ""default"": {""feasible_both"": true, ""fold_a_harm"": -0.027031943202018738, ""fold_a_lcb"": -0.04152389926835895, ""fold_a_query_after"": 7.344771385192871, ""fold_b_harm"": -0.028396116569638252, ""fold_b_lcb"": -0.04318857965990901, ""fold_b_query_after"": 7.542442321777344, ""harm_lcb_max"": -0.04152389926835895, ""harm_mean"": -0.027714029885828495, ""harm_se_mean"": 0.007470515090972185, ""harm_ucb_max"": -0.01253998713567853, ""local_trainability"": 0.0011396408081054688, ""original_post_update_fold_a_utility"": -3.7904345989227295, ""original_post_update_fold_b_utility"": -3.9892687797546387, ""original_post_update_system_utility"": -3.889851689338684, ""query_after"": 7.443606853485107, ""query_before"": 7.444746494293213, ""system_utility"": -3.8909913301467896}}, ""scoring_policy"": ""pre_update_query_loss_ablation"", ""status"": ""ok"", ""statusquo_loss"": 3.5537551641464233}, ""utility_status"": ""ok""}"
64,C1,C,1,adapter_2,reuse,safe_existing_reuse,3.5330288410186768,3,True,442368,1949415,0,69404468,797261,19134600,1002,34.74746463261545,567707648,0.0,28.853185204789042,3.7046685684472322,3.48787076656635,-0.9059139031630297,0.0,-0.9059139031630297,False,,"{""best_reuse"": ""adapter_2"", ""best_reuse_utility"": 0.0, ""decision"": ""reuse"", ""fresh_advantage"": -0.9059139031630297, ""fresh_positive"": false, ""fresh_utility"": -0.9059139031630297, ""full_batch_guards"": {""adapter_1"": {""crossfit_feasible"": true, ""crossfit_utility"": -1.2095757997952976, ""crossfit_utility_positive"": false, ""full_batch_cur_after"": 4.685941219329834, ""full_batch_cur_before"": 4.697446823120117, ""full_batch_gain"": 0.011505603790283203, ""full_batch_harm"": -0.05779821053147316, ""full_batch_harm_lcb"": -0.062340736100450156, ""full_batch_harm_se"": 0.0023176150862127542, ""full_batch_harm_ucb"": -0.053255684962496164, ""full_batch_safe"": true}, ""adapter_2"": {""crossfit_feasible"": true, ""crossfit_utility"": 0.0, ""crossfit_utility_positive"": false, ""full_batch_cur_after"": 3.3947935104370117, ""full_batch_cur_before"": 3.487870931625366, ""full_batch_gain"": 0.09307742118835449, ""full_batch_harm"": -0.08890613913536072, ""full_batch_harm_lcb"": -0.09197907449211926, ""full_batch_harm_se"": 0.0015678241616114974, ""full_batch_harm_ucb"": -0.08583320377860218, ""full_batch_safe"": true}, ""default"": {""crossfit_feasible"": true, ""crossfit_utility"": -4.021514452420748, ""crossfit_utility_positive"": false, ""full_batch_cur_after"": 7.476902961730957, ""full_batch_cur_before"": 7.509385585784912, ""full_batch_gain"": 0.03248262405395508, ""full_batch_harm"": -0.027453269809484482, ""full_batch_harm_lcb"": -0.041766514498740435, ""full_batch_harm_se"": 0.007302675861865282, ""full_batch_harm_ucb"": -0.01314002512022853, ""full_batch_safe"": true}}, ""guarded_best_reuse"": ""adapter_2"", ""num_adapters"": 3, ""pending_after"": false, ""pending_before"": false, ""policy_version"": ""cau_v1"", ""reason"": ""safe_existing_reuse"", ""utility"": {""batch_n"": 13, ""best_reuse"": ""adapter_2"", ""best_reuse_query_after"": 3.403427105683547, ""best_reuse_query_before"": 3.48787076656635, ""best_reuse_utility"": 0.0, ""defer_utility"": 0.0, ""fold_a_query_n"": 6, ""fold_a_support_n"": 7, ""fold_b_query_n"": 7, ""fold_b_support_n"": 6, ""fresh_advantage"": -0.9059139031630297, ""fresh_local_trainability"": 0.0468897452721229, ""fresh_positive"": false, ""fresh_query_after"": 4.346894924457256, ""fresh_query_before"": 4.39378466972938, ""fresh_utility"": -0.9059139031630297, ""original_post_update_best_reuse"": ""adapter_2"", ""original_post_update_best_reuse_utility"": 0.08444366088280311, ""original_post_update_fold_a_fresh_utility"": -0.8913314342498779, ""original_post_update_fold_b_fresh_utility"": -0.8313322067260742, ""original_post_update_fresh_utility"": -0.8590241578909067, ""reuse_profiles"": {""adapter_1"": {""feasible_both"": true, ""fold_a_harm"": -0.05947434902191162, ""fold_a_lcb"": -0.06446380225941539, ""fold_a_query_after"": 4.780920505523682, ""fold_b_harm"": -0.05840711295604706, ""fold_b_lcb"": -0.06323088994249701, ""fold_b_query_after"": 4.635876178741455, ""harm_lcb_max"": -0.06323088994249701, ""harm_mean"": -0.05894073098897934, ""harm_se_mean"": 0.002503375057131052, ""harm_ucb_max"": -0.0535833359695971, ""local_trainability"": -0.005373147817758413, ""original_post_update_fold_a_utility"": -1.283466100692749, ""original_post_update_fold_b_utility"": -1.1562199592590332, ""original_post_update_system_utility"": -1.214948947613056, ""query_after"": 4.702819714179406, ""query_before"": 4.697446566361648, ""system_utility"": -1.2095757997952976}, ""adapter_2"": {""feasible_both"": true, ""fold_a_harm"": -0.08595816045999527, ""fold_a_lcb"": -0.08944636388216168, ""fold_a_query_after"": 3.411288022994995, ""fold_b_harm"": -0.08831630647182465, ""fold_b_lcb"": -0.09159001626539975, ""fold_b_query_after"": 3.3966891765594482, ""harm_lcb_max"": -0.08944636388216168, ""harm_mean"": -0.08713723346590996, ""harm_se_mean"": 0.0017249778611585498, ""harm_ucb_max"": -0.08246995703782886, ""local_trainability"": 0.08444366088280311, ""original_post_update_fold_a_utility"": 0.0861663818359375, ""original_post_update_fold_b_utility"": 0.08296704292297363, ""original_post_update_system_utility"": 0.08444366088280311, ""query_after"": 3.403427105683547, ""query_before"": 3.48787076656635, ""system_utility"": 0.0}, ""default"": {""feasible_both"": true, ""fold_a_harm"": -0.02852960303425789, ""fold_a_lcb"": -0.042360955122858285, ""fold_a_query_after"": 7.558467388153076, ""fold_b_harm"": -0.027330247685313225, ""fold_b_lcb"": -0.04226295018568635, ""fold_b_query_after"": 7.504363536834717, ""harm_lcb_max"": -0.04226295018568635, ""harm_mean"": -0.027929925359785557, ""harm_se_mean"": 0.007337769027799368, ""harm_ucb_max"": -0.0123975451849401, ""local_trainability"": -0.01994932614839994, ""original_post_update_fold_a_utility"": -4.0610129833221436, ""original_post_update_fold_b_utility"": -4.024707317352295, ""original_post_update_system_utility"": -4.041463778569148, ""query_after"": 7.529334545135498, ""query_before"": 7.509385218987098, ""system_utility"": -4.021514452420748}}, ""scoring_policy"": ""pre_update_query_loss_ablation"", ""status"": ""ok"", ""statusquo_loss"": 3.48787076656635}, ""utility_status"": ""ok""}"
65,B2,B,2,adapter_1,reuse,safe_existing_reuse,3.2859315872192383,3,True,442368,1949415,0,69404468,797261,19134600,1018,37.427074851468205,567707648,0.0,29.621318018063903,5.608451928943396,4.700261116027832,0.32041454315185547,1.4427833557128906,-1.1223688125610352,False,,"{""best_reuse"": ""adapter_1"", ""best_reuse_utility"": 1.4427833557128906, ""decision"": ""reuse"", ""fresh_advantage"": -1.1223688125610352, ""fresh_positive"": false, ""fresh_utility"": 0.32041454315185547, ""full_batch_guards"": {""adapter_1"": {""crossfit_feasible"": true, ""crossfit_utility"": 1.4427833557128906, ""crossfit_utility_positive"": true, ""full_batch_cur_after"": 3.1665101051330566, ""full_batch_cur_before"": 3.2574777603149414, ""full_batch_gain"": 0.09096765518188477, ""full_batch_harm"": -0.07234421372413635, ""full_batch_harm_lcb"": -0.07980852236039937, ""full_batch_harm_se"": 0.0038083207327872515, ""full_batch_harm_ucb"": -0.06487990508787334, ""full_batch_safe"": true}, ""adapter_2"": {""crossfit_feasible"": true, ""crossfit_utility"": 0.0, ""crossfit_utility_positive"": false, ""full_batch_cur_after"": 4.7025957107543945, ""full_batch_cur_before"": 4.700261116027832, ""full_batch_gain"": -0.0023345947265625, ""full_batch_harm"": -0.07402577251195908, ""full_batch_harm_lcb"": -0.07692232728935779, ""full_batch_harm_se"": 0.0014778340701013803, ""full_batch_harm_ucb"": -0.07112921773456037, ""full_batch_safe"": true}, ""default"": {""crossfit_feasible"": true, ""crossfit_utility"": -2.091423511505127, ""crossfit_utility_positive"": false, ""full_batch_cur_after"": 6.750338554382324, ""full_batch_cur_before"": 6.791684627532959, ""full_batch_gain"": 0.041346073150634766, ""full_batch_harm"": -0.027011817321181297, ""full_batch_harm_lcb"": -0.04164925714954734, ""full_batch_harm_se"": 0.007468081545084715, ""full_batch_harm_ucb"": -0.012374377492815256, ""full_batch_safe"": true}}, ""guarded_best_reuse"": ""adapter_1"", ""num_adapters"": 3, ""pending_after"": false, ""pending_before"": false, ""policy_version"": ""cau_v1"", ""reason"": ""safe_existing_reuse"", ""utility"": {""batch_n"": 16, ""best_reuse"": ""adapter_1"", ""best_reuse_query_after"": 3.1796106100082397, ""best_reuse_query_before"": 3.2574777603149414, ""best_reuse_utility"": 1.4427833557128906, ""defer_utility"": 0.0, ""fold_a_query_n"": 8, ""fold_a_support_n"": 8, ""fold_b_query_n"": 8, ""fold_b_support_n"": 8, ""fresh_advantage"": -1.1223688125610352, ""fresh_local_trainability"": 0.026508569717407227, ""fresh_positive"": false, ""fresh_query_after"": 4.353338003158569, ""fresh_query_before"": 4.379846572875977, ""fresh_utility"": 0.32041454315185547, ""original_post_update_best_reuse"": ""adapter_1"", ""original_post_update_best_reuse_utility"": 1.5206505060195923, ""original_post_update_fold_a_fresh_utility"": 0.353973388671875, ""original_post_update_fold_b_fresh_utility"": 0.3398728370666504, ""original_post_update_fresh_utility"": 0.3469231128692627, ""reuse_profiles"": {""adapter_1"": {""feasible_both"": true, ""fold_a_harm"": -0.07032033801078796, ""fold_a_lcb"": -0.07810312876477837, ""fold_a_query_after"": 3.1796977519989014, ""fold_b_harm"": -0.06996113061904907, ""fold_b_lcb"": -0.07665724528953433, ""fold_b_query_after"": 3.179523468017578, ""harm_lcb_max"": -0.07665724528953433, ""harm_mean"": -0.07014073431491852, ""harm_se_mean"": 0.003693598322570324, ""harm_ucb_max"": -0.06253754725679755, ""local_trainability"": 0.07786715030670166, ""original_post_update_fold_a_utility"": 1.522395372390747, ""original_post_update_fold_b_utility"": 1.5189056396484375, ""original_post_update_system_utility"": 1.5206505060195923, ""query_after"": 3.1796106100082397, ""query_before"": 3.2574777603149414, ""system_utility"": 1.4427833557128906}, ""adapter_2"": {""feasible_both"": true, ""fold_a_harm"": -0.07589022815227509, ""fold_a_lcb"": -0.07868200450204313, ""fold_a_query_after"": 4.733771324157715, ""fold_b_harm"": -0.07629894465208054, ""fold_b_lcb"": -0.07924963805358858, ""fold_b_query_after"": 4.72969913482666, ""harm_lcb_max"": -0.07868200450204313, ""harm_mean"": -0.07609458640217781, ""harm_se_mean"": 0.00146491575287655, ""harm_ucb_max"": -0.07309845180250704, ""local_trainability"": -0.03147411346435547, ""original_post_update_fold_a_utility"": -0.031678199768066406, ""original_post_update_fold_b_utility"": -0.03127002716064453, ""original_post_update_system_utility"": -0.03147411346435547, ""query_after"": 4.7317352294921875, ""query_before"": 4.700261116027832, ""system_utility"": 0.0}, ""default"": {""feasible_both"": true, ""fold_a_harm"": -0.027400702238082886, ""fold_a_lcb"": -0.04239749243482947, ""fold_a_query_after"": 6.640105247497559, ""fold_b_harm"": -0.027716150507330894, ""fold_b_lcb"": -0.04268256982788443, ""fold_b_query_after"": 6.959704399108887, ""harm_lcb_max"": -0.04239749243482947, ""harm_mean"": -0.02755842637270689, ""harm_se_mean"": 0.007643675897270441, ""harm_ucb_max"": -0.012403912041336299, ""local_trainability"": -0.008220195770263672, ""original_post_update_fold_a_utility"": -1.9380121231079102, ""original_post_update_fold_b_utility"": -2.261275291442871, ""original_post_update_system_utility"": -2.0996437072753906, ""query_after"": 6.799904823303223, ""query_before"": 6.791684627532959, ""system_utility"": -2.091423511505127}}, ""scoring_policy"": ""pre_update_query_loss_ablation"", ""status"": ""ok"", ""statusquo_loss"": 4.700261116027832}, ""utility_status"": ""ok""}"
66,B2,B,2,adapter_1,reuse,safe_existing_reuse,3.204866647720337,3,True,442368,1949415,0,69404468,797261,19134600,1034,38.235649624839425,567707648,0.0,30.422246757894754,5.608451928943396,3.137627959251404,-1.1825059652328491,0.0,-1.1825059652328491,False,,"{""best_reuse"": ""adapter_1"", ""best_reuse_utility"": 0.0, ""decision"": ""reuse"", ""fresh_advantage"": -1.1825059652328491, ""fresh_positive"": false, ""fresh_utility"": -1.1825059652328491, ""full_batch_guards"": {""adapter_1"": {""crossfit_feasible"": true, ""crossfit_utility"": 0.0, ""crossfit_utility_positive"": false, ""full_batch_cur_after"": 3.045726776123047, ""full_batch_cur_before"": 3.1376280784606934, ""full_batch_gain"": 0.09190130233764648, ""full_batch_harm"": -0.07778464257717133, ""full_batch_harm_lcb"": -0.08566667808219791, ""full_batch_harm_se"": 0.0040214466862380505, ""full_batch_harm_ucb"": -0.06990260707214474, ""full_batch_safe"": true}, ""adapter_2"": {""crossfit_feasible"": true, ""crossfit_utility"": -1.3690201044082642, ""crossfit_utility_positive"": false, ""full_batch_cur_after"": 4.503689765930176, ""full_batch_cur_before"": 4.506648063659668, ""full_batch_gain"": 0.0029582977294921875, ""full_batch_harm"": -0.07637566328048706, ""full_batch_harm_lcb"": -0.07934439794626087, ""full_batch_harm_se"": 0.0015146605437621474, ""full_batch_harm_ucb"": -0.07340692861471325, ""full_batch_safe"": true}, ""default"": {""crossfit_feasible"": true, ""crossfit_utility"": -3.4609705209732056, ""crossfit_utility_positive"": false, ""full_batch_cur_after"": 6.561039447784424, ""full_batch_cur_before"": 6.598598480224609, ""full_batch_gain"": 0.03755903244018555, ""full_batch_harm"": -0.027280520647764206, ""full_batch_harm_lcb"": -0.04224020792171359, ""full_batch_harm_se"": 0.007632493507117033, ""full_batch_harm_ucb"": -0.012320833373814821, ""full_batch_safe"": true}}, ""guarded_best_reuse"": ""adapter_1"", ""num_adapters"": 3, ""pending_after"": false, ""pending_before"": false, ""policy_version"": ""cau_v1"", ""reason"": ""safe_existing_reuse"", ""utility"": {""batch_n"": 16, ""best_reuse"": ""adapter_1"", ""best_reuse_query_after"": 3.056038022041321, ""best_reuse_query_before"": 3.137627959251404, ""best_reuse_utility"": 0.0, ""defer_utility"": 0.0, ""fold_a_query_n"": 8, ""fold_a_support_n"": 8, ""fold_b_query_n"": 8, ""fold_b_support_n"": 8, ""fresh_advantage"": -1.1825059652328491, ""fresh_local_trainability"": 0.04208517074584961, ""fresh_positive"": false, ""fresh_query_after"": 4.278048753738403, ""fresh_query_before"": 4.320133924484253, ""fresh_utility"": -1.1825059652328491, ""original_post_update_best_reuse"": ""adapter_1"", ""original_post_update_best_reuse_utility"": 0.08158993721008301, ""original_post_update_fold_a_fresh_utility"": -1.0982637405395508, ""original_post_update_fold_b_fresh_utility"": -1.1825778484344482, ""original_post_update_fresh_utility"": -1.1404207944869995, ""reuse_profiles"": {""adapter_1"": {""feasible_both"": true, ""fold_a_harm"": -0.07630172371864319, ""fold_a_lcb"": -0.08427743561565876, ""fold_a_query_after"": 3.0847721099853516, ""fold_b_harm"": -0.07548100501298904, ""fold_b_lcb"": -0.08293249893933535, ""fold_b_query_after"": 3.02730393409729, ""harm_lcb_max"": -0.08293249893933535, ""harm_mean"": -0.07589136436581612, ""harm_se_mean"": 0.003935511689633131, ""harm_ucb_max"": -0.06802951108664274, ""local_trainability"": 0.08158993721008301, ""original_post_update_fold_a_utility"": 0.07818794250488281, ""original_post_update_fold_b_utility"": 0.0849919319152832, ""original_post_update_system_utility"": 0.08158993721008301, ""query_after"": 3.056038022041321, ""query_before"": 3.137627959251404, ""system_utility"": 0.0}, ""adapter_2"": {""feasible_both"": true, ""fold_a_harm"": -0.07894832640886307, ""fold_a_lcb"": -0.0819869795301929, ""fold_a_query_after"": 4.520968437194824, ""fold_b_harm"": -0.07850843667984009, ""fold_b_lcb"": -0.08147116534877569, ""fold_b_query_after"": 4.531900405883789, ""harm_lcb_max"": -0.08147116534877569, ""harm_mean"": -0.07872838154435158, ""harm_se_mean"": 0.0015309647424146533, ""harm_ucb_max"": -0.07554570801090449, ""local_trainability"": -0.019786357879638672, ""original_post_update_fold_a_utility"": -1.3580083847045898, ""original_post_update_fold_b_utility"": -1.4196045398712158, ""original_post_update_system_utility"": -1.3888064622879028, ""query_after"": 4.526434421539307, ""query_before"": 4.506648063659668, ""system_utility"": -1.3690201044082642}, ""default"": {""feasible_both"": true, ""fold_a_harm"": -0.027636535465717316, ""fold_a_lcb"": -0.04220314094796777, ""fold_a_query_after"": 6.5470170974731445, ""fold_b_harm"": -0.02774191088974476, ""fold_b_lcb"": -0.04275204926729202, ""fold_b_query_after"": 6.651951313018799, ""harm_lcb_max"": -0.04220314094796777, ""harm_mean"": -0.027689223177731037, ""harm_se_mean"": 0.007545087719336152, ""harm_ucb_max"": -0.012731772512197495, ""local_trainability"": -0.0008857250213623047, ""original_post_update_fold_a_utility"": -3.38405704498291, ""original_post_update_fold_b_utility"": -3.5396554470062256, ""original_post_update_system_utility"": -3.461856245994568, ""query_after"": 6.599484205245972, ""query_before"": 6.598598480224609, ""system_utility"": -3.4609705209732056}}, ""scoring_policy"": ""pre_update_query_loss_ablation"", ""status"": ""ok"", ""statusquo_loss"": 3.137627959251404}, ""utility_status"": ""ok""}"
67,B2,B,2,adapter_1,reuse,safe_existing_reuse,3.260067939758301,3,True,442368,1949415,0,69404468,797261,19134600,1050,39.04148342460394,567707648,0.0,31.220471063628793,5.608451928943396,3.202057719230652,-1.1531990766525269,0.0,-1.1531990766525269,False,,"{""best_reuse"": ""adapter_1"", ""best_reuse_utility"": 0.0, ""decision"": ""reuse"", ""fresh_advantage"": -1.1531990766525269, ""fresh_positive"": false, ""fresh_utility"": -1.1531990766525269, ""full_batch_guards"": {""adapter_1"": {""crossfit_feasible"": true, ""crossfit_utility"": 0.0, ""crossfit_utility_positive"": false, ""full_batch_cur_after"": 3.1030056476593018, ""full_batch_cur_before"": 3.2020578384399414, ""full_batch_gain"": 0.09905219078063965, ""full_batch_harm"": -0.0768255665898323, ""full_batch_harm_lcb"": -0.08629653668031097, ""full_batch_harm_se"": 0.004832127597182989, ""full_batch_harm_ucb"": -0.06735459649935364, ""full_batch_safe"": true}, ""adapter_2"": {""crossfit_feasible"": true, ""crossfit_utility"": -1.3762036561965942, ""crossfit_utility_positive"": false, ""full_batch_cur_after"": 4.576523303985596, ""full_batch_cur_before"": 4.578261375427246, ""full_batch_gain"": 0.0017380714416503906, ""full_batch_harm"": -0.07547302544116974, ""full_batch_harm_lcb"": -0.07852044614963233, ""full_batch_harm_se"": 0.0015548064839094877, ""full_batch_harm_ucb"": -0.07242560473270715, ""full_batch_safe"": true}, ""default"": {""crossfit_feasible"": true, ""crossfit_utility"": -3.399757981300354, ""crossfit_utility_positive"": false, ""full_batch_cur_after"": 6.5693535804748535, ""full_batch_cur_before"": 6.601816177368164, ""full_batch_gain"": 0.03246259689331055, ""full_batch_harm"": -0.028135204687714577, ""full_batch_harm_lcb"": -0.04333170283585787, ""full_batch_harm_se"": 0.007753315381705761, ""full_batch_harm_ucb"": -0.012938706539571285, ""full_batch_safe"": true}}, ""guarded_best_reuse"": ""adapter_1"", ""num_adapters"": 3, ""pending_after"": false, ""pending_before"": false, ""policy_version"": ""cau_v1"", ""reason"": ""safe_existing_reuse"", ""utility"": {""batch_n"": 16, ""best_reuse"": ""adapter_1"", ""best_reuse_query_after"": 3.1145559549331665, ""best_reuse_query_before"": 3.202057719230652, ""best_reuse_utility"": 0.0, ""defer_utility"": 0.0, ""fold_a_query_n"": 8, ""fold_a_support_n"": 8, ""fold_b_query_n"": 8, ""fold_b_support_n"": 8, ""fresh_advantage"": -1.1531990766525269, ""fresh_local_trainability"": 0.043294429779052734, ""fresh_positive"": false, ""fresh_query_after"": 4.311962366104126, ""fresh_query_before"": 4.355256795883179, ""fresh_utility"": -1.1531990766525269, ""original_post_update_best_reuse"": ""adapter_1"", ""original_post_update_best_reuse_utility"": 0.08750176429748535, ""original_post_update_fold_a_fresh_utility"": -1.0722448825836182, ""original_post_update_fold_b_fresh_utility"": -1.14756441116333, ""original_post_update_fresh_utility"": -1.1099046468734741, ""reuse_profiles"": {""adapter_1"": {""feasible_both"": true, ""fold_a_harm"": -0.07747790962457657, ""fold_a_lcb"": -0.08727815218269824, ""fold_a_query_after"": 3.1875689029693604, ""fold_b_harm"": -0.07350113987922668, ""fold_b_lcb"": -0.08236499819904566, ""fold_b_query_after"": 3.0415430068969727, ""harm_lcb_max"": -0.08236499819904566, ""harm_mean"": -0.07548952475190163, ""harm_se_mean"": 0.004761250223964453, ""harm_ucb_max"": -0.0646372815594077, ""local_trainability"": 0.08750176429748535, ""original_post_update_fold_a_utility"": 0.08361148834228516, ""original_post_update_fold_b_utility"": 0.09139204025268555, ""original_post_update_system_utility"": 0.08750176429748535, ""query_after"": 3.1145559549331665, ""query_before"": 3.202057719230652, ""system_utility"": 0.0}, ""adapter_2"": {""feasible_both"": true, ""fold_a_harm"": -0.07801274955272675, ""fold_a_lcb"": -0.08109863903373479, ""fold_a_query_after"": 4.689313888549805, ""fold_b_harm"": -0.07784834504127502, ""fold_b_lcb"": -0.0808353194827214, ""fold_b_query_after"": 4.5110578536987305, ""harm_lcb_max"": -0.0808353194827214, ""harm_mean"": -0.07793054729700089, ""harm_se_mean"": 0.0015491999802179635, ""harm_ucb_max"": -0.07486137059982866, ""local_trainability"": -0.021924495697021484, ""original_post_update_fold_a_utility"": -1.4181334972381592, ""original_post_update_fold_b_utility"": -1.3781228065490723, ""original_post_update_system_utility"": -1.3981281518936157, ""query_after"": 4.600185871124268, ""query_before"": 4.578261375427246, ""system_utility"": -1.3762036561965942}, ""default"": {""feasible_both"": true, ""fold_a_harm"": -0.028068900108337402, ""fold_a_lcb"": -0.042702303994446994, ""fold_a_query_after"": 6.704267501831055, ""fold_b_harm"": -0.02845880575478077, ""fold_b_lcb"": -0.04350523110479117, ""fold_b_query_after"": 6.523185729980469, ""harm_lcb_max"": -0.042702303994446994, ""harm_mean"": -0.028263852931559086, ""harm_se_mean"": 0.007571385009214282, ""harm_ucb_max"": -0.013412380404770375, ""local_trainability"": -0.01191091537475586, ""original_post_update_fold_a_utility"": -3.433087110519409, ""original_post_update_fold_b_utility"": -3.3902506828308105, ""original_post_update_system_utility"": -3.41166889667511, ""query_after"": 6.613726615905762, ""query_before"": 6.601815700531006, ""system_utility"": -3.399757981300354}}, ""scoring_policy"": ""pre_update_query_loss_ablation"", ""status"": ""ok"", ""statusquo_loss"": 3.202057719230652}, ""utility_status"": ""ok""}"
68,B2,B,2,adapter_1,reuse,safe_existing_reuse,3.1187987327575684,3,True,442368,1949415,0,69404468,797261,19134600,1066,39.84786403924227,567707648,0.0,32.0191903449595,5.608451928943396,3.0838968753814697,-1.2768967151641846,0.0,-1.2768967151641846,False,,"{""best_reuse"": ""adapter_1"", ""best_reuse_utility"": 0.0, ""decision"": ""reuse"", ""fresh_advantage"": -1.2768967151641846, ""fresh_positive"": false, ""fresh_utility"": -1.2768967151641846, ""full_batch_guards"": {""adapter_1"": {""crossfit_feasible"": true, ""crossfit_utility"": 0.0, ""crossfit_utility_positive"": false, ""full_batch_cur_after"": 2.9974894523620605, ""full_batch_cur_before"": 3.0838968753814697, ""full_batch_gain"": 0.08640742301940918, ""full_batch_harm"": -0.0772736445069313, ""full_batch_harm_lcb"": -0.08676208816468715, ""full_batch_harm_se"": 0.004841042682528496, ""full_batch_harm_ucb"": -0.06778520084917546, ""full_batch_safe"": true}, ""adapter_2"": {""crossfit_feasible"": true, ""crossfit_utility"": -1.5610415935516357, ""crossfit_utility_positive"": false, ""full_batch_cur_after"": 4.6497907638549805, ""full_batch_cur_before"": 4.6449384689331055, ""full_batch_gain"": -0.004852294921875, ""full_batch_harm"": -0.07408623397350311, ""full_batch_harm_lcb"": -0.07706411750521511, ""full_batch_harm_se"": 0.0015193283325061202, ""full_batch_harm_ucb"": -0.07110835044179112, ""full_batch_safe"": true}, ""default"": {""crossfit_feasible"": true, ""crossfit_utility"": -3.5379722118377686, ""crossfit_utility_positive"": false, ""full_batch_cur_after"": 6.574361801147461, ""full_batch_cur_before"": 6.621869087219238, ""full_batch_gain"": 0.047507286071777344, ""full_batch_harm"": -0.02725466713309288, ""full_batch_harm_lcb"": -0.04242177190259099, ""full_batch_harm_se"": 0.007738318759948015, ""full_batch_harm_ucb"": -0.01208756236359477, ""full_batch_safe"": true}}, ""guarded_best_reuse"": ""adapter_1"", ""num_adapters"": 3, ""pending_after"": false, ""pending_before"": false, ""policy_version"": ""cau_v1"", ""reason"": ""safe_existing_reuse"", ""utility"": {""batch_n"": 16, ""best_reuse"": ""adapter_1"", ""best_reuse_query_after"": 3.0108962059020996, ""best_reuse_query_before"": 3.0838968753814697, ""best_reuse_utility"": 0.0, ""defer_utility"": 0.0, ""fold_a_query_n"": 8, ""fold_a_support_n"": 8, ""fold_b_query_n"": 8, ""fold_b_support_n"": 8, ""fresh_advantage"": -1.2768967151641846, ""fresh_local_trainability"": 0.026349544525146484, ""fresh_positive"": false, ""fresh_query_after"": 4.334444046020508, ""fresh_query_before"": 4.360793590545654, ""fresh_utility"": -1.2768967151641846, ""original_post_update_best_reuse"": ""adapter_1"", ""original_post_update_best_reuse_utility"": 0.07300066947937012, ""original_post_update_fold_a_fresh_utility"": -1.2314295768737793, ""original_post_update_fold_b_fresh_utility"": -1.2696647644042969, ""original_post_update_fresh_utility"": -1.250547170639038, ""reuse_profiles"": {""adapter_1"": {""feasible_both"": true, ""fold_a_harm"": -0.07592587918043137, ""fold_a_lcb"": -0.08489598536863924, ""fold_a_query_after"": 3.025975227355957, ""fold_b_harm"": -0.07339364290237427, ""fold_b_lcb"": -0.0833153872191906, ""fold_b_query_after"": 2.995817184448242, ""harm_lcb_max"": -0.0833153872191906, ""harm_mean"": -0.07465976104140282, ""harm_se_mean"": 0.004819349618628621, ""harm_ucb_max"": -0.06347189858555793, ""local_trainability"": 0.07300066947937012, ""original_post_update_fold_a_utility"": 0.07915258407592773, ""original_post_update_fold_b_utility"": 0.0668487548828125, ""original_post_update_system_utility"": 0.07300066947937012, ""query_after"": 3.0108962059020996, ""query_before"": 3.0838968753814697, ""system_utility"": 0.0}, ""adapter_2"": {""feasible_both"": true, ""fold_a_harm"": -0.0760338082909584, ""fold_a_lcb"": -0.0789620019076392, ""fold_a_query_after"": 4.707619667053223, ""fold_b_harm"": -0.07626916468143463, ""fold_b_lcb"": -0.07917989956215024, ""fold_b_query_after"": 4.645257472991943, ""harm_lcb_max"": -0.0789620019076392, ""harm_mean"": -0.07615148648619652, ""harm_se_mean"": 0.001489522575866431, ""harm_ucb_max"": -0.0731056146742776, ""local_trainability"": -0.03150010108947754, ""original_post_update_fold_a_utility"": -1.602491855621338, ""original_post_update_fold_b_utility"": -1.5825915336608887, ""original_post_update_system_utility"": -1.5925416946411133, ""query_after"": 4.676438570022583, ""query_before"": 4.6449384689331055, ""system_utility"": -1.5610415935516357}, ""default"": {""feasible_both"": true, ""fold_a_harm"": -0.02819913811981678, ""fold_a_lcb"": -0.04288677167147398, ""fold_a_query_after"": 6.626985549926758, ""fold_b_harm"": -0.027451930567622185, ""fold_b_lcb"": -0.042638943977653984, ""fold_b_query_after"": 6.620973587036133, ""harm_lcb_max"": -0.042638943977653984, ""harm_mean"": -0.027825534343719482, ""harm_se_mean"": 0.0076210834085941315, ""harm_ucb_max"": -0.012264917157590389, ""local_trainability"": -0.0021104812622070312, ""original_post_update_fold_a_utility"": -3.521857738494873, ""original_post_update_fold_b_utility"": -3.558307647705078, ""original_post_update_system_utility"": -3.5400826930999756, ""query_after"": 6.623979568481445, ""query_before"": 6.621869087219238, ""system_utility"": -3.5379722118377686}}, ""scoring_policy"": ""pre_update_query_loss_ablation"", ""status"": ""ok"", ""statusquo_loss"": 3.0838968753814697}, ""utility_status"": ""ok""}"
69,B2,B,2,adapter_1,reuse,safe_existing_reuse,2.9900624752044678,3,True,442368,1949415,0,69404468,797261,19134600,1082,40.648142386227846,567707648,0.0,32.81168814189732,5.608451928943396,2.9420868158340454,-1.4209843873977661,0.0,-1.4209843873977661,False,,"{""best_reuse"": ""adapter_1"", ""best_reuse_utility"": 0.0, ""decision"": ""reuse"", ""fresh_advantage"": -1.4209843873977661, ""fresh_positive"": false, ""fresh_utility"": -1.4209843873977661, ""full_batch_guards"": {""adapter_1"": {""crossfit_feasible"": true, ""crossfit_utility"": 0.0, ""crossfit_utility_positive"": false, ""full_batch_cur_after"": 2.8495631217956543, ""full_batch_cur_before"": 2.942086935043335, ""full_batch_gain"": 0.09252381324768066, ""full_batch_harm"": -0.07663797587156296, ""full_batch_harm_lcb"": -0.0866732039116323, ""full_batch_harm_se"": 0.005120014306157827, ""full_batch_harm_ucb"": -0.06660274783149361, ""full_batch_safe"": true}, ""adapter_2"": {""crossfit_feasible"": true, ""crossfit_utility"": -1.730270504951477, ""crossfit_utility_positive"": false, ""full_batch_cur_after"": 4.676972389221191, ""full_batch_cur_before"": 4.672357559204102, ""full_batch_gain"": -0.004614830017089844, ""full_batch_harm"": -0.07247980684041977, ""full_batch_harm_lcb"": -0.07527115673292428, ""full_batch_harm_se"": 0.00142415810842067, ""full_batch_harm_ucb"": -0.06968845694791526, ""full_batch_safe"": true}, ""default"": {""crossfit_feasible"": true, ""crossfit_utility"": -3.779068350791931, ""crossfit_utility_positive"": false, ""full_batch_cur_after"": 6.672586917877197, ""full_batch_cur_before"": 6.721155166625977, ""full_batch_gain"": 0.0485682487487793, ""full_batch_harm"": -0.028139963746070862, ""full_batch_harm_lcb"": -0.043219568338245154, ""full_batch_harm_se"": 0.007693675812333822, ""full_batch_harm_ucb"": -0.01306035915389657, ""full_batch_safe"": true}}, ""guarded_best_reuse"": ""adapter_1"", ""num_adapters"": 3, ""pending_after"": false, ""pending_before"": false, ""policy_version"": ""cau_v1"", ""reason"": ""safe_existing_reuse"", ""utility"": {""batch_n"": 16, ""best_reuse"": ""adapter_1"", ""best_reuse_query_after"": 2.8601553440093994, ""best_reuse_query_before"": 2.9420868158340454, ""best_reuse_utility"": 0.0, ""defer_utility"": 0.0, ""fold_a_query_n"": 8, ""fold_a_support_n"": 8, ""fold_b_query_n"": 8, ""fold_b_support_n"": 8, ""fresh_advantage"": -1.4209843873977661, ""fresh_local_trainability"": 0.04328036308288574, ""fresh_positive"": false, ""fresh_query_after"": 4.319790840148926, ""fresh_query_before"": 4.3630712032318115, ""fresh_utility"": -1.4209843873977661, ""original_post_update_best_reuse"": ""adapter_1"", ""original_post_update_best_reuse_utility"": 0.081931471824646, ""original_post_update_fold_a_fresh_utility"": -1.4061329364776611, ""original_post_update_fold_b_fresh_utility"": -1.3492751121520996, ""original_post_update_fresh_utility"": -1.3777040243148804, ""reuse_profiles"": {""adapter_1"": {""feasible_both"": true, ""fold_a_harm"": -0.07461769878864288, ""fold_a_lcb"": -0.08430424222722649, ""fold_a_query_after"": 2.810879707336426, ""fold_b_harm"": -0.07428162544965744, ""fold_b_lcb"": -0.08427207661792636, ""fold_b_query_after"": 2.909430980682373, ""harm_lcb_max"": -0.08427207661792636, ""harm_mean"": -0.07444966211915016, ""harm_se_mean"": 0.0050196414813399315, ""harm_ucb_max"": -0.06429117428138852, ""local_trainability"": 0.081931471824646, ""original_post_update_fold_a_utility"": 0.0829780101776123, ""original_post_update_fold_b_utility"": 0.08088493347167969, ""original_post_update_system_utility"": 0.081931471824646, ""query_after"": 2.8601553440093994, ""query_before"": 2.9420868158340454, ""system_utility"": 0.0}, ""adapter_2"": {""feasible_both"": true, ""fold_a_harm"": -0.0752996951341629, ""fold_a_lcb"": -0.07814415641129017, ""fold_a_query_after"": 4.670514106750488, ""fold_b_harm"": -0.07551153749227524, ""fold_b_lcb"": -0.07836985098663718, ""fold_b_query_after"": 4.725878715515137, ""harm_lcb_max"": -0.07814415641129017, ""harm_mean"": -0.07540561631321907, ""harm_se_mean"": 0.0014547894825227559, ""harm_ucb_max"": -0.07245523385703563, ""local_trainability"": -0.02583909034729004, ""original_post_update_fold_a_utility"": -1.7766563892364502, ""original_post_update_fold_b_utility"": -1.735562801361084, ""original_post_update_system_utility"": -1.756109595298767, ""query_after"": 4.6981964111328125, ""query_before"": 4.6723573207855225, ""system_utility"": -1.730270504951477}, ""default"": {""feasible_both"": true, ""fold_a_harm"": -0.02899741940200329, ""fold_a_lcb"": -0.04346075788140297, ""fold_a_query_after"": 6.728909015655518, ""fold_b_harm"": -0.026663105934858322, ""fold_b_lcb"": -0.041695874612778426, ""fold_b_query_after"": 6.700943946838379, ""harm_lcb_max"": -0.041695874612778426, ""harm_mean"": -0.027830262668430805, ""harm_se_mean"": 0.007524517131969333, ""harm_ucb_max"": -0.01163033725693822, ""local_trainability"": 0.00622868537902832, ""original_post_update_fold_a_utility"": -3.8350512981414795, ""original_post_update_fold_b_utility"": -3.710628032684326, ""original_post_update_system_utility"": -3.772839665412903, ""query_after"": 6.714926481246948, ""query_before"": 6.721155166625977, ""system_utility"": -3.779068350791931}}, ""scoring_policy"": ""pre_update_query_loss_ablation"", ""status"": ""ok"", ""statusquo_loss"": 2.9420868158340454}, ""utility_status"": ""ok""}"
70,B2,B,2,adapter_1,reuse,safe_existing_reuse,2.854318857192993,3,True,442368,1949415,0,69404468,797261,19134600,1098,41.43931705877185,567707648,0.0,33.59492494724691,5.608451928943396,2.8092116117477417,-1.542462706565857,0.0,-1.542462706565857,False,,"{""best_reuse"": ""adapter_1"", ""best_reuse_utility"": 0.0, ""decision"": ""reuse"", ""fresh_advantage"": -1.542462706565857, ""fresh_positive"": false, ""fresh_utility"": -1.542462706565857, ""full_batch_guards"": {""adapter_1"": {""crossfit_feasible"": true, ""crossfit_utility"": 0.0, ""crossfit_utility_positive"": false, ""full_batch_cur_after"": 2.7201452255249023, ""full_batch_cur_before"": 2.8092117309570312, ""full_batch_gain"": 0.0890665054321289, ""full_batch_harm"": -0.07194434851408005, ""full_batch_harm_lcb"": -0.08233705133199692, ""full_batch_harm_se"": 0.005302399396896362, ""full_batch_harm_ucb"": -0.06155164569616318, ""full_batch_safe"": true}, ""adapter_2"": {""crossfit_feasible"": true, ""crossfit_utility"": -1.790979027748108, ""crossfit_utility_positive"": false, ""full_batch_cur_after"": 4.601975917816162, ""full_batch_cur_before"": 4.600191116333008, ""full_batch_gain"": -0.0017848014831542969, ""full_batch_harm"": -0.0738208144903183, ""full_batch_harm_lcb"": -0.0767531193466857, ""full_batch_harm_se"": 0.0014960739063099027, ""full_batch_harm_ucb"": -0.0708885096339509, ""full_batch_safe"": true}, ""default"": {""crossfit_feasible"": true, ""crossfit_utility"": -3.80504310131073, ""crossfit_utility_positive"": false, ""full_batch_cur_after"": 6.540918827056885, ""full_batch_cur_before"": 6.614254474639893, ""full_batch_gain"": 0.07333564758300781, ""full_batch_harm"": -0.026839740574359894, ""full_batch_harm_lcb"": -0.0420545419305563, ""full_batch_harm_se"": 0.00776265375316143, ""full_batch_harm_ucb"": -0.01162493921816349, ""full_batch_safe"": true}}, ""guarded_best_reuse"": ""adapter_1"", ""num_adapters"": 3, ""pending_after"": false, ""pending_before"": false, ""policy_version"": ""cau_v1"", ""reason"": ""safe_existing_reuse"", ""utility"": {""batch_n"": 16, ""best_reuse"": ""adapter_1"", ""best_reuse_query_after"": 2.7331076860427856, ""best_reuse_query_before"": 2.8092116117477417, ""best_reuse_utility"": 0.0, ""defer_utility"": 0.0, ""fold_a_query_n"": 8, ""fold_a_support_n"": 8, ""fold_b_query_n"": 8, ""fold_b_support_n"": 8, ""fresh_advantage"": -1.542462706565857, ""fresh_local_trainability"": 0.03722405433654785, ""fresh_positive"": false, ""fresh_query_after"": 4.314450263977051, ""fresh_query_before"": 4.351674318313599, ""fresh_utility"": -1.542462706565857, ""original_post_update_best_reuse"": ""adapter_1"", ""original_post_update_best_reuse_utility"": 0.07610392570495605, ""original_post_update_fold_a_fresh_utility"": -1.5225119590759277, ""original_post_update_fold_b_fresh_utility"": -1.4879653453826904, ""original_post_update_fresh_utility"": -1.505238652229309, ""reuse_profiles"": {""adapter_1"": {""feasible_both"": true, ""fold_a_harm"": -0.07125139236450195, ""fold_a_lcb"": -0.08168553341180086, ""fold_a_query_after"": 2.702085018157959, ""fold_b_harm"": -0.0692581981420517, ""fold_b_lcb"": -0.07950095137581228, ""fold_b_query_after"": 2.7641303539276123, ""harm_lcb_max"": -0.07950095137581228, ""harm_mean"": -0.07025479525327682, ""harm_se_mean"": 0.00527471792884171, ""harm_ucb_max"": -0.0590154449082911, ""local_trainability"": 0.07610392570495605, ""original_post_update_fold_a_utility"": 0.07394886016845703, ""original_post_update_fold_b_utility"": 0.07825899124145508, ""original_post_update_system_utility"": 0.07610392570495605, ""query_after"": 2.7331076860427856, ""query_before"": 2.8092116117477417, ""system_utility"": 0.0}, ""adapter_2"": {""feasible_both"": true, ""fold_a_harm"": -0.07364155352115631, ""fold_a_lcb"": -0.0765362949995324, ""fold_a_query_after"": 4.563884258270264, ""fold_b_harm"": -0.0777406394481659, ""fold_b_lcb"": -0.08054969518911094, ""fold_b_query_after"": 4.682830810546875, ""harm_lcb_max"": -0.0765362949995324, ""harm_mean"": -0.0756910964846611, ""harm_se_mean"": 0.0014550503110513091, ""harm_ucb_max"": -0.07074681204278022, ""local_trainability"": -0.023166894912719727, ""original_post_update_fold_a_utility"": -1.7878503799438477, ""original_post_update_fold_b_utility"": -1.8404414653778076, ""original_post_update_system_utility"": -1.8141459226608276, ""query_after"": 4.623357534408569, ""query_before"": 4.60019063949585, ""system_utility"": -1.790979027748108}, ""default"": {""feasible_both"": true, ""fold_a_harm"": -0.027384281158447266, ""fold_a_lcb"": -0.042742551043629645, ""fold_a_query_after"": 6.543534755706787, ""fold_b_harm"": -0.026845352724194527, ""fold_b_lcb"": -0.042187529951334, ""fold_b_query_after"": 6.6160783767700195, ""harm_lcb_max"": -0.042187529951334, ""harm_mean"": -0.027114816941320896, ""harm_se_mean"": 0.007831746712327003, ""harm_ucb_max"": -0.011503175497055054, ""local_trainability"": 0.03444814682006836, ""original_post_update_fold_a_utility"": -3.767500877380371, ""original_post_update_fold_b_utility"": -3.773689031600952, ""original_post_update_system_utility"": -3.7705949544906616, ""query_after"": 6.579806566238403, ""query_before"": 6.614254713058472, ""system_utility"": -3.80504310131073}}, ""scoring_policy"": ""pre_update_query_loss_ablation"", ""status"": ""ok"", ""statusquo_loss"": 2.8092116117477417}, ""utility_status"": ""ok""}"
71,B2,B,2,adapter_1,reuse,safe_existing_reuse,2.773085594177246,3,True,442368,1949415,0,69404468,797261,19134600,1114,42.23477913625538,567707648,0.0,34.38244632259011,5.608451928943396,2.7002910375595093,-1.643774390220642,0.0,-1.643774390220642,False,,"{""best_reuse"": ""adapter_1"", ""best_reuse_utility"": 0.0, ""decision"": ""reuse"", ""fresh_advantage"": -1.643774390220642, ""fresh_positive"": false, ""fresh_utility"": -1.643774390220642, ""full_batch_guards"": {""adapter_1"": {""crossfit_feasible"": true, ""crossfit_utility"": 0.0, ""crossfit_utility_positive"": false, ""full_batch_cur_after"": 2.617396354675293, ""full_batch_cur_before"": 2.7002909183502197, ""full_batch_gain"": 0.08289456367492676, ""full_batch_harm"": -0.06768327951431274, ""full_batch_harm_lcb"": -0.07728237936273218, ""full_batch_harm_se"": 0.004897499922662973, ""full_batch_harm_ucb"": -0.05808417966589331, ""full_batch_safe"": true}, ""adapter_2"": {""crossfit_feasible"": true, ""crossfit_utility"": -1.8990107774734497, ""crossfit_utility_positive"": false, ""full_batch_cur_after"": 4.596582889556885, ""full_batch_cur_before"": 4.599301338195801, ""full_batch_gain"": 0.0027184486389160156, ""full_batch_harm"": -0.07572954893112183, ""full_batch_harm_lcb"": -0.07864316405262799, ""full_batch_harm_se"": 0.0014865383272990584, ""full_batch_harm_ucb"": -0.07281593380961567, ""full_batch_safe"": true}, ""default"": {""crossfit_feasible"": true, ""crossfit_utility"": -4.0289260149002075, ""crossfit_utility_positive"": false, ""full_batch_cur_after"": 6.656572341918945, ""full_batch_cur_before"": 6.729217052459717, ""full_batch_gain"": 0.07264471054077148, ""full_batch_harm"": -0.02708239108324051, ""full_batch_harm_lcb"": -0.04207872219383717, ""full_batch_harm_se"": 0.007651189342141151, ""full_batch_harm_ucb"": -0.012086059972643852, ""full_batch_safe"": true}}, ""guarded_best_reuse"": ""adapter_1"", ""num_adapters"": 3, ""pending_after"": false, ""pending_before"": false, ""policy_version"": ""cau_v1"", ""reason"": ""safe_existing_reuse"", ""utility"": {""batch_n"": 16, ""best_reuse"": ""adapter_1"", ""best_reuse_query_after"": 2.6248762607574463, ""best_reuse_query_before"": 2.7002910375595093, ""best_reuse_utility"": 0.0, ""defer_utility"": 0.0, ""fold_a_query_n"": 8, ""fold_a_support_n"": 8, ""fold_b_query_n"": 8, ""fold_b_support_n"": 8, ""fresh_advantage"": -1.643774390220642, ""fresh_local_trainability"": 0.06978607177734375, ""fresh_positive"": false, ""fresh_query_after"": 4.274279356002808, ""fresh_query_before"": 4.344065427780151, ""fresh_utility"": -1.643774390220642, ""original_post_update_best_reuse"": ""adapter_1"", ""original_post_update_best_reuse_utility"": 0.07541477680206299, ""original_post_update_fold_a_fresh_utility"": -1.6332142353057861, ""original_post_update_fold_b_fresh_utility"": -1.5147624015808105, ""original_post_update_fresh_utility"": -1.5739883184432983, ""reuse_profiles"": {""adapter_1"": {""feasible_both"": true, ""fold_a_harm"": -0.06575087457895279, ""fold_a_lcb"": -0.07516572754830123, ""fold_a_query_after"": 2.5901737213134766, ""fold_b_harm"": -0.06831720471382141, ""fold_b_lcb"": -0.07825903108343482, ""fold_b_query_after"": 2.659578800201416, ""harm_lcb_max"": -0.07516572754830123, ""harm_mean"": -0.0670340396463871, ""harm_se_mean"": 0.004937928402796388, ""harm_ucb_max"": -0.05633602160960436, ""local_trainability"": 0.07541477680206299, ""original_post_update_fold_a_utility"": 0.07621502876281738, ""original_post_update_fold_b_utility"": 0.0746145248413086, ""original_post_update_system_utility"": 0.07541477680206299, ""query_after"": 2.6248762607574463, ""query_before"": 2.7002910375595093, ""system_utility"": 0.0}, ""adapter_2"": {""feasible_both"": true, ""fold_a_harm"": -0.07808054238557816, ""fold_a_lcb"": -0.08100557602010668, ""fold_a_query_after"": 4.6725311279296875, ""fold_b_harm"": -0.0762438103556633, ""fold_b_lcb"": -0.07923885074909777, ""fold_b_query_after"": 4.54730749130249, ""harm_lcb_max"": -0.07923885074909777, ""harm_mean"": -0.07716217637062073, ""harm_se_mean"": 0.0015102229663170874, ""harm_ucb_max"": -0.07324876996222883, ""local_trainability"": -0.010617494583129883, ""original_post_update_fold_a_utility"": -2.0061423778533936, ""original_post_update_fold_b_utility"": -1.8131141662597656, ""original_post_update_system_utility"": -1.9096282720565796, ""query_after"": 4.609919309616089, ""query_before"": 4.599301815032959, ""system_utility"": -1.8990107774734497}, ""default"": {""feasible_both"": true, ""fold_a_harm"": -0.02716784179210663, ""fold_a_lcb"": -0.04182721553370357, ""fold_a_query_after"": 6.628867149353027, ""fold_b_harm"": -0.02741684950888157, ""fold_b_lcb"": -0.04270972106605768, ""fold_b_query_after"": 6.7409515380859375, ""harm_lcb_max"": -0.04182721553370357, ""harm_mean"": -0.0272923456504941, ""harm_se_mean"": 0.007640878902748227, ""harm_ucb_max"": -0.012123977951705457, ""local_trainability"": 0.044307708740234375, ""original_post_update_fold_a_utility"": -3.9624783992767334, ""original_post_update_fold_b_utility"": -4.006758213043213, ""original_post_update_system_utility"": -3.984618306159973, ""query_after"": 6.684909343719482, ""query_before"": 6.729217052459717, ""system_utility"": -4.0289260149002075}}, ""scoring_policy"": ""pre_update_query_loss_ablation"", ""status"": ""ok"", ""statusquo_loss"": 2.7002910375595093}, ""utility_status"": ""ok""}"
72,B2,B,2,adapter_1,reuse,safe_existing_reuse,2.710134267807007,3,True,442368,1949415,0,69404468,797261,19134600,1130,43.09894589148462,567707648,0.0,35.238453067839146,5.608451928943396,2.6835412979125977,-1.6947221755981445,0.0,-1.6947221755981445,False,,"{""best_reuse"": ""adapter_1"", ""best_reuse_utility"": 0.0, ""decision"": ""reuse"", ""fresh_advantage"": -1.6947221755981445, ""fresh_positive"": false, ""fresh_utility"": -1.6947221755981445, ""full_batch_guards"": {""adapter_1"": {""crossfit_feasible"": true, ""crossfit_utility"": 0.0, ""crossfit_utility_positive"": false, ""full_batch_cur_after"": 2.5987539291381836, ""full_batch_cur_before"": 2.6835412979125977, ""full_batch_gain"": 0.08478736877441406, ""full_batch_harm"": -0.06248021498322487, ""full_batch_harm_lcb"": -0.0733547793701291, ""full_batch_harm_se"": 0.0055482471361756325, ""full_batch_harm_ucb"": -0.05160565059632063, ""full_batch_safe"": true}, ""adapter_2"": {""crossfit_feasible"": true, ""crossfit_utility"": -2.0137362480163574, ""crossfit_utility_positive"": false, ""full_batch_cur_after"": 4.7009477615356445, ""full_batch_cur_before"": 4.697277545928955, ""full_batch_gain"": -0.003670215606689453, ""full_batch_harm"": -0.07416962087154388, ""full_batch_harm_lcb"": -0.07705524337477981, ""full_batch_harm_se"": 0.0014722563792020082, ""full_batch_harm_ucb"": -0.07128399836830795, ""full_batch_safe"": true}, ""default"": {""crossfit_feasible"": true, ""crossfit_utility"": -3.951564073562622, ""crossfit_utility_positive"": false, ""full_batch_cur_after"": 6.581048011779785, ""full_batch_cur_before"": 6.635105133056641, ""full_batch_gain"": 0.05405712127685547, ""full_batch_harm"": -0.027866581454873085, ""full_batch_harm_lcb"": -0.04312817035242915, ""full_batch_harm_se"": 0.007786524947732687, ""full_batch_harm_ucb"": -0.01260499255731702, ""full_batch_safe"": true}}, ""guarded_best_reuse"": ""adapter_1"", ""num_adapters"": 3, ""pending_after"": false, ""pending_before"": false, ""policy_version"": ""cau_v1"", ""reason"": ""safe_existing_reuse"", ""utility"": {""batch_n"": 16, ""best_reuse"": ""adapter_1"", ""best_reuse_query_after"": 2.6081764698028564, ""best_reuse_query_before"": 2.6835412979125977, ""best_reuse_utility"": 0.0, ""defer_utility"": 0.0, ""fold_a_query_n"": 8, ""fold_a_support_n"": 8, ""fold_b_query_n"": 8, ""fold_b_support_n"": 8, ""fresh_advantage"": -1.6947221755981445, ""fresh_local_trainability"": 0.05219268798828125, ""fresh_positive"": false, ""fresh_query_after"": 4.326070785522461, ""fresh_query_before"": 4.378263473510742, ""fresh_utility"": -1.6947221755981445, ""original_post_update_best_reuse"": ""adapter_1"", ""original_post_update_best_reuse_utility"": 0.07536482810974121, ""original_post_update_fold_a_fresh_utility"": -1.6164817810058594, ""original_post_update_fold_b_fresh_utility"": -1.6685771942138672, ""original_post_update_fresh_utility"": -1.6425294876098633, ""reuse_profiles"": {""adapter_1"": {""feasible_both"": true, ""fold_a_harm"": -0.05957181751728058, ""fold_a_lcb"": -0.07047255529090762, ""fold_a_query_after"": 2.6312122344970703, ""fold_b_harm"": -0.06314340233802795, ""fold_b_lcb"": -0.07384933333843946, ""fold_b_query_after"": 2.5851407051086426, ""harm_lcb_max"": -0.07047255529090762, ""harm_mean"": -0.061357609927654266, ""harm_se_mean"": 0.005511905299499631, ""harm_ucb_max"": -0.048671079743653534, ""local_trainability"": 0.07536482810974121, ""original_post_update_fold_a_utility"": 0.07141637802124023, ""original_post_update_fold_b_utility"": 0.07931327819824219, ""original_post_update_system_utility"": 0.07536482810974121, ""query_after"": 2.6081764698028564, ""query_before"": 2.6835412979125977, ""system_utility"": 0.0}, ""adapter_2"": {""feasible_both"": true, ""fold_a_harm"": -0.07656435668468475, ""fold_a_lcb"": -0.07943953657522798, ""fold_a_query_after"": 4.670815467834473, ""fold_b_harm"": -0.07486765086650848, ""fold_b_lcb"": -0.07768619545269757, ""fold_b_query_after"": 4.76518440246582, ""harm_lcb_max"": -0.07768619545269757, ""harm_mean"": -0.07571600377559662, ""harm_se_mean"": 0.001452480733860284, ""harm_ucb_max"": -0.0720491062803194, ""local_trainability"": -0.020722389221191406, ""original_post_update_fold_a_utility"": -1.968186855316162, ""original_post_update_fold_b_utility"": -2.1007304191589355, ""original_post_update_system_utility"": -2.034458637237549, ""query_after"": 4.7179999351501465, ""query_before"": 4.697277545928955, ""system_utility"": -2.0137362480163574}, ""default"": {""feasible_both"": true, ""fold_a_harm"": -0.028643127530813217, ""fold_a_lcb"": -0.04356470335274935, ""fold_a_query_after"": 6.589916229248047, ""fold_b_harm"": -0.027624500915408134, ""fold_b_lcb"": -0.04263888424262405, ""fold_b_query_after"": 6.6294355392456055, ""harm_lcb_max"": -0.04263888424262405, ""harm_mean"": -0.028133814223110676, ""harm_se_mean"": 0.0076367242727428675, ""harm_ucb_max"": -0.012610117588192225, ""local_trainability"": 0.025429487228393555, ""original_post_update_fold_a_utility"": -3.8872876167297363, ""original_post_update_fold_b_utility"": -3.9649815559387207, ""original_post_update_system_utility"": -3.9261345863342285, ""query_after"": 6.609675884246826, ""query_before"": 6.63510537147522, ""system_utility"": -3.951564073562622}}, ""scoring_policy"": ""pre_update_query_loss_ablation"", ""status"": ""ok"", ""statusquo_loss"": 2.6835412979125977}, ""utility_status"": ""ok""}"
73,B2,B,2,adapter_1,reuse,safe_existing_reuse,2.588047742843628,3,True,442368,1949415,0,69404468,797261,19134600,1146,43.929106352850795,567707648,0.0,36.06013523414731,5.608451928943396,2.537443161010742,-1.8347196578979492,0.0,-1.8347196578979492,False,,"{""best_reuse"": ""adapter_1"", ""best_reuse_utility"": 0.0, ""decision"": ""reuse"", ""fresh_advantage"": -1.8347196578979492, ""fresh_positive"": false, ""fresh_utility"": -1.8347196578979492, ""full_batch_guards"": {""adapter_1"": {""crossfit_feasible"": true, ""crossfit_utility"": 0.0, ""crossfit_utility_positive"": false, ""full_batch_cur_after"": 2.4614458084106445, ""full_batch_cur_before"": 2.537443161010742, ""full_batch_gain"": 0.07599735260009766, ""full_batch_harm"": -0.0574638769030571, ""full_batch_harm_lcb"": -0.06939206773415207, ""full_batch_harm_se"": 0.006085811648517847, ""full_batch_harm_ucb"": -0.04553568607196212, ""full_batch_safe"": true}, ""adapter_2"": {""crossfit_feasible"": true, ""crossfit_utility"": -2.130836009979248, ""crossfit_utility_positive"": false, ""full_batch_cur_after"": 4.671083450317383, ""full_batch_cur_before"": 4.668279647827148, ""full_batch_gain"": -0.002803802490234375, ""full_batch_harm"": -0.07451983541250229, ""full_batch_harm_lcb"": -0.07732929022982717, ""full_batch_harm_se"": 0.0014333953149616718, ""full_batch_harm_ucb"": -0.07171038059517741, ""full_batch_safe"": true}, ""default"": {""crossfit_feasible"": true, ""crossfit_utility"": -4.265362739562988, ""crossfit_utility_positive"": false, ""full_batch_cur_after"": 6.741888999938965, ""full_batch_cur_before"": 6.802806377410889, ""full_batch_gain"": 0.06091737747192383, ""full_batch_harm"": -0.026699958369135857, ""full_batch_harm_lcb"": -0.041826836969703435, ""full_batch_harm_se"": 0.007717795204371214, ""full_batch_harm_ucb"": -0.011573079768568278, ""full_batch_safe"": true}}, ""guarded_best_reuse"": ""adapter_1"", ""num_adapters"": 3, ""pending_after"": false, ""pending_before"": false, ""policy_version"": ""cau_v1"", ""reason"": ""safe_existing_reuse"", ""utility"": {""batch_n"": 16, ""best_reuse"": ""adapter_1"", ""best_reuse_query_after"": 2.481996178627014, ""best_reuse_query_before"": 2.537443161010742, ""best_reuse_utility"": 0.0, ""defer_utility"": 0.0, ""fold_a_query_n"": 8, ""fold_a_support_n"": 8, ""fold_b_query_n"": 8, ""fold_b_support_n"": 8, ""fresh_advantage"": -1.8347196578979492, ""fresh_local_trainability"": 0.026762008666992188, ""fresh_positive"": false, ""fresh_query_after"": 4.345400810241699, ""fresh_query_before"": 4.372162818908691, ""fresh_utility"": -1.8347196578979492, ""original_post_update_best_reuse"": ""adapter_1"", ""original_post_update_best_reuse_utility"": 0.05544698238372803, ""original_post_update_fold_a_fresh_utility"": -1.8262457847595215, ""original_post_update_fold_b_fresh_utility"": -1.7896695137023926, ""original_post_update_fresh_utility"": -1.807957649230957, ""reuse_profiles"": {""adapter_1"": {""feasible_both"": true, ""fold_a_harm"": -0.05768730491399765, ""fold_a_lcb"": -0.06992085283622146, ""fold_a_query_after"": 2.4532268047332764, ""fold_b_harm"": -0.052120789885520935, ""fold_b_lcb"": -0.06354215508326888, ""fold_b_query_after"": 2.510765552520752, ""harm_lcb_max"": -0.06354215508326888, ""harm_mean"": -0.05490404739975929, ""harm_se_mean"": 0.006034416612237692, ""harm_ucb_max"": -0.04069942468777299, ""local_trainability"": 0.05544698238372803, ""original_post_update_fold_a_utility"": 0.0532071590423584, ""original_post_update_fold_b_utility"": 0.057686805725097656, ""original_post_update_system_utility"": 0.05544698238372803, ""query_after"": 2.481996178627014, ""query_before"": 2.537443161010742, ""system_utility"": 0.0}, ""adapter_2"": {""feasible_both"": true, ""fold_a_harm"": -0.07697627693414688, ""fold_a_lcb"": -0.07979868724476546, ""fold_a_query_after"": 4.678330421447754, ""fold_b_harm"": -0.07539702951908112, ""fold_b_lcb"": -0.07834278865717352, ""fold_b_query_after"": 4.720968246459961, ""harm_lcb_max"": -0.07834278865717352, ""harm_mean"": -0.076186653226614, ""harm_se_mean"": 0.0014714717981405556, ""harm_ucb_max"": -0.07245127038098871, ""local_trainability"": -0.03137016296386719, ""original_post_update_fold_a_utility"": -2.171896457672119, ""original_post_update_fold_b_utility"": -2.1525158882141113, ""original_post_update_system_utility"": -2.1622061729431152, ""query_after"": 4.699649333953857, ""query_before"": 4.66827917098999, ""system_utility"": -2.130836009979248}, ""default"": {""feasible_both"": true, ""fold_a_harm"": -0.027678702026605606, ""fold_a_lcb"": -0.04239716827869415, ""fold_a_query_after"": 6.986454486846924, ""fold_b_harm"": -0.026362624019384384, ""fold_b_lcb"": -0.04114548098295927, ""fold_b_query_after"": 6.612441539764404, ""harm_lcb_max"": -0.04114548098295927, ""harm_mean"": -0.027020663022994995, ""harm_se_mean"": 0.0075258477590978146, ""harm_ucb_max"": -0.011579767055809499, ""local_trainability"": 0.0033578872680664062, ""original_post_update_fold_a_utility"": -4.480020523071289, ""original_post_update_fold_b_utility"": -4.043989181518555, ""original_post_update_system_utility"": -4.262004852294922, ""query_after"": 6.799448013305664, ""query_before"": 6.8028059005737305, ""system_utility"": -4.265362739562988}}, ""scoring_policy"": ""pre_update_query_loss_ablation"", ""status"": ""ok"", ""statusquo_loss"": 2.537443161010742}, ""utility_status"": ""ok""}"
74,B2,B,2,adapter_1,reuse,safe_existing_reuse,2.719259262084961,3,True,442368,1949415,0,69404468,797261,19134600,1162,44.72514157183468,567707648,0.0,36.84747664257884,5.608451928943396,2.604990601539612,-1.7396310567855835,0.0,-1.7396310567855835,False,,"{""best_reuse"": ""adapter_1"", ""best_reuse_utility"": 0.0, ""decision"": ""reuse"", ""fresh_advantage"": -1.7396310567855835, ""fresh_positive"": false, ""fresh_utility"": -1.7396310567855835, ""full_batch_guards"": {""adapter_1"": {""crossfit_feasible"": true, ""crossfit_utility"": 0.0, ""crossfit_utility_positive"": false, ""full_batch_cur_after"": 2.545203447341919, ""full_batch_cur_before"": 2.6049904823303223, ""full_batch_gain"": 0.05978703498840332, ""full_batch_harm"": -0.049263790249824524, ""full_batch_harm_lcb"": -0.06160399675369263, ""full_batch_harm_se"": 0.006296023726463318, ""full_batch_harm_ucb"": -0.03692358374595642, ""full_batch_safe"": true}, ""adapter_2"": {""crossfit_feasible"": true, ""crossfit_utility"": -2.000434994697571, ""crossfit_utility_positive"": false, ""full_batch_cur_after"": 4.606949329376221, ""full_batch_cur_before"": 4.605425834655762, ""full_batch_gain"": -0.0015234947204589844, ""full_batch_harm"": -0.07461975514888763, ""full_batch_harm_lcb"": -0.07778250048868358, ""full_batch_harm_se"": 0.0016136455815285444, ""full_batch_harm_ucb"": -0.07145700980909168, ""full_batch_safe"": true}, ""default"": {""crossfit_feasible"": true, ""crossfit_utility"": -4.015131831169128, ""crossfit_utility_positive"": false, ""full_batch_cur_after"": 6.5914764404296875, ""full_batch_cur_before"": 6.62012243270874, ""full_batch_gain"": 0.028645992279052734, ""full_batch_harm"": -0.027507878839969635, ""full_batch_harm_lcb"": -0.04242463106289506, ""full_batch_harm_se"": 0.007610587868839502, ""full_batch_harm_ucb"": -0.01259112661704421, ""full_batch_safe"": true}}, ""guarded_best_reuse"": ""adapter_1"", ""num_adapters"": 3, ""pending_after"": false, ""pending_before"": false, ""policy_version"": ""cau_v1"", ""reason"": ""safe_existing_reuse"", ""utility"": {""batch_n"": 16, ""best_reuse"": ""adapter_1"", ""best_reuse_query_after"": 2.558751344680786, ""best_reuse_query_before"": 2.604990601539612, ""best_reuse_utility"": 0.0, ""defer_utility"": 0.0, ""fold_a_query_n"": 8, ""fold_a_support_n"": 8, ""fold_b_query_n"": 8, ""fold_b_support_n"": 8, ""fresh_advantage"": -1.7396310567855835, ""fresh_local_trainability"": 0.04060244560241699, ""fresh_positive"": false, ""fresh_query_after"": 4.304019212722778, ""fresh_query_before"": 4.344621658325195, ""fresh_utility"": -1.7396310567855835, ""original_post_update_best_reuse"": ""adapter_1"", ""original_post_update_best_reuse_utility"": 0.046239256858825684, ""original_post_update_fold_a_fresh_utility"": -1.7260491847991943, ""original_post_update_fold_b_fresh_utility"": -1.6720080375671387, ""original_post_update_fresh_utility"": -1.6990286111831665, ""reuse_profiles"": {""adapter_1"": {""feasible_both"": true, ""fold_a_harm"": -0.04766983538866043, ""fold_a_lcb"": -0.05960964757949114, ""fold_a_query_after"": 2.540743827819824, ""fold_b_harm"": -0.0488252118229866, ""fold_b_lcb"": -0.06134770473465323, ""fold_b_query_after"": 2.576758861541748, ""harm_lcb_max"": -0.05960964757949114, ""harm_mean"": -0.04824752360582352, ""harm_se_mean"": 0.006240383954718709, ""harm_ucb_max"": -0.035730023197829724, ""local_trainability"": 0.046239256858825684, ""original_post_update_fold_a_utility"": 0.044820547103881836, ""original_post_update_fold_b_utility"": 0.04765796661376953, ""original_post_update_system_utility"": 0.046239256858825684, ""query_after"": 2.558751344680786, ""query_before"": 2.604990601539612, ""system_utility"": 0.0}, ""adapter_2"": {""feasible_both"": true, ""fold_a_harm"": -0.07733834534883499, ""fold_a_lcb"": -0.08039773971773684, ""fold_a_query_after"": 4.675876617431641, ""fold_b_harm"": -0.0771055817604065, ""fold_b_lcb"": -0.08003060056362302, ""fold_b_query_after"": 4.576611518859863, ""harm_lcb_max"": -0.08003060056362302, ""harm_mean"": -0.07722196355462074, ""harm_se_mean"": 0.0015266360132955015, ""harm_ucb_max"": -0.07418056295718997, ""local_trainability"": -0.020818471908569336, ""original_post_update_fold_a_utility"": -2.0903122425079346, ""original_post_update_fold_b_utility"": -1.9521946907043457, ""original_post_update_system_utility"": -2.02125346660614, ""query_after"": 4.626244068145752, ""query_before"": 4.605425596237183, ""system_utility"": -2.000434994697571}, ""default"": {""feasible_both"": true, ""fold_a_harm"": -0.028538202866911888, ""fold_a_lcb"": -0.04280714437365532, ""fold_a_query_after"": 6.540790557861328, ""fold_b_harm"": -0.028045495972037315, ""fold_b_lcb"": -0.04296401608735323, ""fold_b_query_after"": 6.724310874938965, ""harm_lcb_max"": -0.04280714437365532, ""harm_mean"": -0.028291849419474602, ""harm_se_mean"": 0.007445781026035547, ""harm_ucb_max"": -0.013126975856721401, ""local_trainability"": -0.01242828369140625, ""original_post_update_fold_a_utility"": -3.955226182937622, ""original_post_update_fold_b_utility"": -4.099894046783447, ""original_post_update_system_utility"": -4.027560114860535, ""query_after"": 6.6325507164001465, ""query_before"": 6.62012243270874, ""system_utility"": -4.015131831169128}}, ""scoring_policy"": ""pre_update_query_loss_ablation"", ""status"": ""ok"", ""statusquo_loss"": 2.604990601539612}, ""utility_status"": ""ok""}"
75,B2,B,2,adapter_1,reuse,safe_existing_reuse,2.4498815536499023,3,True,442368,1949415,0,69404468,797261,19134600,1178,45.528881596401334,567707648,0.0,37.64248589426279,5.608451928943396,2.4869495630264282,-1.845101237297058,0.0,-1.845101237297058,False,,"{""best_reuse"": ""adapter_1"", ""best_reuse_utility"": 0.0, ""decision"": ""reuse"", ""fresh_advantage"": -1.845101237297058, ""fresh_positive"": false, ""fresh_utility"": -1.845101237297058, ""full_batch_guards"": {""adapter_1"": {""crossfit_feasible"": true, ""crossfit_utility"": 0.0, ""crossfit_utility_positive"": false, ""full_batch_cur_after"": 2.435108184814453, ""full_batch_cur_before"": 2.4869494438171387, ""full_batch_gain"": 0.05184125900268555, ""full_batch_harm"": -0.03993461653590202, ""full_batch_harm_lcb"": -0.052225662488490344, ""full_batch_harm_se"": 0.006270941812545061, ""full_batch_harm_ucb"": -0.027643570583313702, ""full_batch_safe"": true}, ""adapter_2"": {""crossfit_feasible"": true, ""crossfit_utility"": -2.09310519695282, ""crossfit_utility_positive"": false, ""full_batch_cur_after"": 4.582261562347412, ""full_batch_cur_before"": 4.58005428314209, ""full_batch_gain"": -0.0022072792053222656, ""full_batch_harm"": -0.0752691775560379, ""full_batch_harm_lcb"": -0.07835959994234144, ""full_batch_harm_se"": 0.0015767461154609919, ""full_batch_harm_ucb"": -0.07217875516973436, ""full_batch_safe"": true}, ""default"": {""crossfit_feasible"": true, ""crossfit_utility"": -4.2295161485672, ""crossfit_utility_positive"": false, ""full_batch_cur_after"": 6.666861534118652, ""full_batch_cur_before"": 6.716465473175049, ""full_batch_gain"": 0.049603939056396484, ""full_batch_harm"": -0.026987377554178238, ""full_batch_harm_lcb"": -0.04190134514123201, ""full_batch_harm_se"": 0.007609167136251926, ""full_batch_harm_ucb"": -0.012073409967124462, ""full_batch_safe"": true}}, ""guarded_best_reuse"": ""adapter_1"", ""num_adapters"": 3, ""pending_after"": false, ""pending_before"": false, ""policy_version"": ""cau_v1"", ""reason"": ""safe_existing_reuse"", ""utility"": {""batch_n"": 16, ""best_reuse"": ""adapter_1"", ""best_reuse_query_after"": 2.4495980739593506, ""best_reuse_query_before"": 2.4869495630264282, ""best_reuse_utility"": 0.0, ""defer_utility"": 0.0, ""fold_a_query_n"": 8, ""fold_a_support_n"": 8, ""fold_b_query_n"": 8, ""fold_b_support_n"": 8, ""fresh_advantage"": -1.845101237297058, ""fresh_local_trainability"": 0.05010581016540527, ""fresh_positive"": false, ""fresh_query_after"": 4.281944990158081, ""fresh_query_before"": 4.332050800323486, ""fresh_utility"": -1.845101237297058, ""original_post_update_best_reuse"": ""adapter_1"", ""original_post_update_best_reuse_utility"": 0.03735148906707764, ""original_post_update_fold_a_fresh_utility"": -1.8155312538146973, ""original_post_update_fold_b_fresh_utility"": -1.7744596004486084, ""original_post_update_fresh_utility"": -1.7949954271316528, ""reuse_profiles"": {""adapter_1"": {""feasible_both"": true, ""fold_a_harm"": -0.042516279965639114, ""fold_a_lcb"": -0.05480303442105651, ""fold_a_query_after"": 2.419407367706299, ""fold_b_harm"": -0.03622644394636154, ""fold_b_lcb"": -0.04796094514429569, ""fold_b_query_after"": 2.4797887802124023, ""harm_lcb_max"": -0.04796094514429569, ""harm_mean"": -0.03937136195600033, ""harm_se_mean"": 0.0061278713401407, ""harm_ucb_max"": -0.024491942748427392, ""local_trainability"": 0.03735148906707764, ""original_post_update_fold_a_utility"": 0.03384542465209961, ""original_post_update_fold_b_utility"": 0.040857553482055664, ""original_post_update_system_utility"": 0.03735148906707764, ""query_after"": 2.4495980739593506, ""query_before"": 2.4869495630264282, ""system_utility"": 0.0}, ""adapter_2"": {""feasible_both"": true, ""fold_a_harm"": -0.07577262073755264, ""fold_a_lcb"": -0.07874172778334469, ""fold_a_query_after"": 4.603826999664307, ""fold_b_harm"": -0.07676098495721817, ""fold_b_lcb"": -0.07978656712919474, ""fold_b_query_after"": 4.595637321472168, ""harm_lcb_max"": -0.07874172778334469, ""harm_mean"": -0.0762668028473854, ""harm_se_mean"": 0.0015292574535124004, ""harm_ucb_max"": -0.0728035136917606, ""local_trainability"": -0.019677400588989258, ""original_post_update_fold_a_utility"": -2.150574207305908, ""original_post_update_fold_b_utility"": -2.07499098777771, ""original_post_update_system_utility"": -2.112782597541809, ""query_after"": 4.599732160568237, ""query_before"": 4.580054759979248, ""system_utility"": -2.09310519695282}, ""default"": {""feasible_both"": true, ""fold_a_harm"": -0.027865462005138397, ""fold_a_lcb"": -0.042783972080796956, ""fold_a_query_after"": 6.880619049072266, ""fold_b_harm"": -0.02665635384619236, ""fold_b_lcb"": -0.04162927338853478, ""fold_b_query_after"": 6.517065048217773, ""harm_lcb_max"": -0.04162927338853478, ""harm_mean"": -0.02726090792566538, ""harm_se_mean"": 0.007625364698469639, ""harm_ucb_max"": -0.011683434303849936, ""local_trainability"": 0.0176236629486084, ""original_post_update_fold_a_utility"": -4.427366256713867, ""original_post_update_fold_b_utility"": -3.9964187145233154, ""original_post_update_system_utility"": -4.211892485618591, ""query_after"": 6.6988420486450195, ""query_before"": 6.716465711593628, ""system_utility"": -4.2295161485672}}, ""scoring_policy"": ""pre_update_query_loss_ablation"", ""status"": ""ok"", ""statusquo_loss"": 2.4869495630264282}, ""utility_status"": ""ok""}"
76,B2,B,2,adapter_1,reuse,safe_existing_reuse,2.5637881755828857,3,True,442368,1949415,0,69404468,797261,19134600,1194,46.34642459079623,567707648,0.0,38.45149448513985,5.608451928943396,2.5493385791778564,-1.8105595111846924,0.0,-1.8105595111846924,False,,"{""best_reuse"": ""adapter_1"", ""best_reuse_utility"": 0.0, ""decision"": ""reuse"", ""fresh_advantage"": -1.8105595111846924, ""fresh_positive"": false, ""fresh_utility"": -1.8105595111846924, ""full_batch_guards"": {""adapter_1"": {""crossfit_feasible"": true, ""crossfit_utility"": 0.0, ""crossfit_utility_positive"": false, ""full_batch_cur_after"": 2.4957222938537598, ""full_batch_cur_before"": 2.5493385791778564, ""full_batch_gain"": 0.05361628532409668, ""full_batch_harm"": -0.028429552912712097, ""full_batch_harm_lcb"": -0.04054358145222068, ""full_batch_harm_se"": 0.006180626805871725, ""full_batch_harm_ucb"": -0.016315524373203515, ""full_batch_safe"": true}, ""adapter_2"": {""crossfit_feasible"": true, ""crossfit_utility"": -2.094343662261963, ""crossfit_utility_positive"": false, ""full_batch_cur_after"": 4.645840644836426, ""full_batch_cur_before"": 4.643682479858398, ""full_batch_gain"": -0.0021581649780273438, ""full_batch_harm"": -0.07478787750005722, ""full_batch_harm_lcb"": -0.07767081371042878, ""full_batch_harm_se"": 0.0014708858216181397, ""full_batch_harm_ucb"": -0.07190494128968566, ""full_batch_safe"": true}, ""default"": {""crossfit_feasible"": true, ""crossfit_utility"": -4.206953763961792, ""crossfit_utility_positive"": false, ""full_batch_cur_after"": 6.719183921813965, ""full_batch_cur_before"": 6.756292343139648, ""full_batch_gain"": 0.037108421325683594, ""full_batch_harm"": -0.027626341208815575, ""full_batch_harm_lcb"": -0.04286831900477409, ""full_batch_harm_se"": 0.007776519283652306, ""full_batch_harm_ucb"": -0.012384363412857056, ""full_batch_safe"": true}}, ""guarded_best_reuse"": ""adapter_1"", ""num_adapters"": 3, ""pending_after"": false, ""pending_before"": false, ""policy_version"": ""cau_v1"", ""reason"": ""safe_existing_reuse"", ""utility"": {""batch_n"": 16, ""best_reuse"": ""adapter_1"", ""best_reuse_query_after"": 2.5159761905670166, ""best_reuse_query_before"": 2.5493385791778564, ""best_reuse_utility"": 0.0, ""defer_utility"": 0.0, ""fold_a_query_n"": 8, ""fold_a_support_n"": 8, ""fold_b_query_n"": 8, ""fold_b_support_n"": 8, ""fresh_advantage"": -1.8105595111846924, ""fresh_local_trainability"": 0.03767824172973633, ""fresh_positive"": false, ""fresh_query_after"": 4.3222198486328125, ""fresh_query_before"": 4.359898090362549, ""fresh_utility"": -1.8105595111846924, ""original_post_update_best_reuse"": ""adapter_1"", ""original_post_update_best_reuse_utility"": 0.033362388610839844, ""original_post_update_fold_a_fresh_utility"": -1.8184800148010254, ""original_post_update_fold_b_fresh_utility"": -1.7272825241088867, ""original_post_update_fresh_utility"": -1.772881269454956, ""reuse_profiles"": {""adapter_1"": {""feasible_both"": true, ""fold_a_harm"": -0.0300394669175148, ""fold_a_lcb"": -0.04173575535416603, ""fold_a_query_after"": 2.4651122093200684, ""fold_b_harm"": -0.02596212923526764, ""fold_b_lcb"": -0.03802372977137566, ""fold_b_query_after"": 2.566840171813965, ""harm_lcb_max"": -0.03802372977137566, ""harm_mean"": -0.02800079807639122, ""harm_se_mean"": 0.006060685962438583, ""harm_ucb_max"": -0.013900528699159623, ""local_trainability"": 0.033362388610839844, ""original_post_update_fold_a_utility"": 0.041839599609375, ""original_post_update_fold_b_utility"": 0.024885177612304688, ""original_post_update_system_utility"": 0.033362388610839844, ""query_after"": 2.5159761905670166, ""query_before"": 2.5493385791778564, ""system_utility"": 0.0}, ""adapter_2"": {""feasible_both"": true, ""fold_a_harm"": -0.07693350315093994, ""fold_a_lcb"": -0.07976893056184053, ""fold_a_query_after"": 4.625653266906738, ""fold_b_harm"": -0.07685764133930206, ""fold_b_lcb"": -0.07990325901657343, ""fold_b_query_after"": 4.714431285858154, ""harm_lcb_max"": -0.07976893056184053, ""harm_mean"": -0.076895572245121, ""harm_se_mean"": 0.0015002666041254997, ""harm_ucb_max"": -0.0738120236620307, ""local_trainability"": -0.026360034942626953, ""original_post_update_fold_a_utility"": -2.118701457977295, ""original_post_update_fold_b_utility"": -2.1227059364318848, ""original_post_update_system_utility"": -2.12070369720459, ""query_after"": 4.670042276382446, ""query_before"": 4.643682241439819, ""system_utility"": -2.094343662261963}, ""default"": {""feasible_both"": true, ""fold_a_harm"": -0.028888775035738945, ""fold_a_lcb"": -0.04411215025931597, ""fold_a_query_after"": 6.800062656402588, ""fold_b_harm"": -0.028684405609965324, ""fold_b_lcb"": -0.04332396015524864, ""fold_b_query_after"": 6.75006103515625, ""harm_lcb_max"": -0.04332396015524864, ""harm_mean"": -0.028786590322852135, ""harm_se_mean"": 0.007618094328790903, ""harm_ucb_max"": -0.013665399812161923, ""local_trainability"": -0.018769502639770508, ""original_post_update_fold_a_utility"": -4.2931108474731445, ""original_post_update_fold_b_utility"": -4.1583356857299805, ""original_post_update_system_utility"": -4.2257232666015625, ""query_after"": 6.775061845779419, ""query_before"": 6.756292343139648, ""system_utility"": -4.206953763961792}}, ""scoring_policy"": ""pre_update_query_loss_ablation"", ""status"": ""ok"", ""statusquo_loss"": 2.5493385791778564}, ""utility_status"": ""ok""}"
77,B2,B,2,adapter_1,reuse,safe_existing_reuse,2.482203960418701,3,True,442368,1949415,0,69404468,797261,19134600,1210,47.168756728991866,567707648,0.0,39.26481517404318,5.608451928943396,2.418447494506836,-1.9402704238891602,0.0,-1.9402704238891602,False,,"{""best_reuse"": ""adapter_1"", ""best_reuse_utility"": 0.0, ""decision"": ""reuse"", ""fresh_advantage"": -1.9402704238891602, ""fresh_positive"": false, ""fresh_utility"": -1.9402704238891602, ""full_batch_guards"": {""adapter_1"": {""crossfit_feasible"": true, ""crossfit_utility"": 0.0, ""crossfit_utility_positive"": false, ""full_batch_cur_after"": 2.3806354999542236, ""full_batch_cur_before"": 2.418447494506836, ""full_batch_gain"": 0.037811994552612305, ""full_batch_harm"": -0.024385415017604828, ""full_batch_harm_lcb"": -0.036327615734189744, ""full_batch_harm_se"": 0.006092959549278021, ""full_batch_harm_ucb"": -0.012443214301019908, ""full_batch_safe"": true}, ""adapter_2"": {""crossfit_feasible"": true, ""crossfit_utility"": -2.206279754638672, ""crossfit_utility_positive"": false, ""full_batch_cur_after"": 4.630642890930176, ""full_batch_cur_before"": 4.624727249145508, ""full_batch_gain"": -0.005915641784667969, ""full_batch_harm"": -0.07341399788856506, ""full_batch_harm_lcb"": -0.07623750206548721, ""full_batch_harm_se"": 0.0014405633555725217, ""full_batch_harm_ucb"": -0.07059049371164292, ""full_batch_safe"": true}, ""default"": {""crossfit_feasible"": true, ""crossfit_utility"": -4.286746263504028, ""crossfit_utility_positive"": false, ""full_batch_cur_after"": 6.660287857055664, ""full_batch_cur_before"": 6.705193519592285, ""full_batch_gain"": 0.044905662536621094, ""full_batch_harm"": -0.026799535378813744, ""full_batch_harm_lcb"": -0.04181125089526176, ""full_batch_harm_se"": 0.007659038528800011, ""full_batch_harm_ucb"": -0.011787819862365724, ""full_batch_safe"": true}}, ""guarded_best_reuse"": ""adapter_1"", ""num_adapters"": 3, ""pending_after"": false, ""pending_before"": false, ""policy_version"": ""cau_v1"", ""reason"": ""safe_existing_reuse"", ""utility"": {""batch_n"": 16, ""best_reuse"": ""adapter_1"", ""best_reuse_query_after"": 2.4066368341445923, ""best_reuse_query_before"": 2.418447494506836, ""best_reuse_utility"": 0.0, ""defer_utility"": 0.0, ""fold_a_query_n"": 8, ""fold_a_support_n"": 8, ""fold_b_query_n"": 8, ""fold_b_support_n"": 8, ""fresh_advantage"": -1.9402704238891602, ""fresh_local_trainability"": 0.008631706237792969, ""fresh_positive"": false, ""fresh_query_after"": 4.350086212158203, ""fresh_query_before"": 4.358717918395996, ""fresh_utility"": -1.9402704238891602, ""original_post_update_best_reuse"": ""adapter_1"", ""original_post_update_best_reuse_utility"": 0.011810660362243652, ""original_post_update_fold_a_fresh_utility"": -1.9671998023986816, ""original_post_update_fold_b_fresh_utility"": -1.8960776329040527, ""original_post_update_fresh_utility"": -1.9316387176513672, ""reuse_profiles"": {""adapter_1"": {""feasible_both"": true, ""fold_a_harm"": -0.019582286477088928, ""fold_a_lcb"": -0.030401748660951855, ""fold_a_query_after"": 2.3709769248962402, ""fold_b_harm"": -0.025102932006120682, ""fold_b_lcb"": -0.03821785779669881, ""fold_b_query_after"": 2.4422967433929443, ""harm_lcb_max"": -0.030401748660951855, ""harm_mean"": -0.022342609241604805, ""harm_se_mean"": 0.006105711217969656, ""harm_ucb_max"": -0.008762824293226003, ""local_trainability"": 0.011810660362243652, ""original_post_update_fold_a_utility"": 0.01822376251220703, ""original_post_update_fold_b_utility"": 0.0053975582122802734, ""original_post_update_system_utility"": 0.011810660362243652, ""query_after"": 2.4066368341445923, ""query_before"": 2.418447494506836, ""system_utility"": 0.0}, ""adapter_2"": {""feasible_both"": true, ""fold_a_harm"": -0.07554502040147781, ""fold_a_lcb"": -0.07845016958191992, ""fold_a_query_after"": 4.668663024902344, ""fold_b_harm"": -0.07523038983345032, ""fold_b_lcb"": -0.07802770967129619, ""fold_b_query_after"": 4.6535115242004395, ""harm_lcb_max"": -0.07802770967129619, ""harm_mean"": -0.07538770511746407, ""harm_se_mean"": 0.0014547114842571318, ""harm_ucb_max"": -0.07243306999560445, ""local_trainability"": -0.03636002540588379, ""original_post_update_fold_a_utility"": -2.2794623374938965, ""original_post_update_fold_b_utility"": -2.205817222595215, ""original_post_update_system_utility"": -2.2426397800445557, ""query_after"": 4.661087274551392, ""query_before"": 4.624727249145508, ""system_utility"": -2.206279754638672}, ""default"": {""feasible_both"": true, ""fold_a_harm"": -0.027474237605929375, ""fold_a_lcb"": -0.04241929253563285, ""fold_a_query_after"": 6.59674072265625, ""fold_b_harm"": -0.026590872555971146, ""fold_b_lcb"": -0.04164321765303612, ""fold_b_query_after"": 6.834589958190918, ""harm_lcb_max"": -0.04164321765303612, ""harm_mean"": -0.02703255508095026, ""harm_se_mean"": 0.007652397966012359, ""harm_ucb_max"": -0.011538527458906173, ""local_trainability"": -0.010471582412719727, ""original_post_update_fold_a_utility"": -4.207540035247803, ""original_post_update_fold_b_utility"": -4.386895656585693, ""original_post_update_system_utility"": -4.297217845916748, ""query_after"": 6.715665340423584, ""query_before"": 6.705193758010864, ""system_utility"": -4.286746263504028}}, ""scoring_policy"": ""pre_update_query_loss_ablation"", ""status"": ""ok"", ""statusquo_loss"": 2.418447494506836}, ""utility_status"": ""ok""}"
78,B2,B,2,adapter_1,reuse,safe_existing_reuse,2.4323501586914062,3,True,442368,1949415,0,69404468,797261,19134600,1226,47.98315869271755,567707648,0.0,40.070362670347095,5.608451928943396,2.347796082496643,-1.9860478639602661,0.0,-1.9860478639602661,False,,"{""best_reuse"": ""adapter_1"", ""best_reuse_utility"": 0.0, ""decision"": ""reuse"", ""fresh_advantage"": -1.9860478639602661, ""fresh_positive"": false, ""fresh_utility"": -1.9860478639602661, ""full_batch_guards"": {""adapter_1"": {""crossfit_feasible"": true, ""crossfit_utility"": 0.0, ""crossfit_utility_positive"": false, ""full_batch_cur_after"": 2.306485891342163, ""full_batch_cur_before"": 2.3477959632873535, ""full_batch_gain"": 0.04131007194519043, ""full_batch_harm"": -0.018470536917448044, ""full_batch_harm_lcb"": -0.029598730430006978, ""full_batch_harm_se"": 0.00567764975130558, ""full_batch_harm_ucb"": -0.007342343404889108, ""full_batch_safe"": true}, ""adapter_2"": {""crossfit_feasible"": true, ""crossfit_utility"": -2.2015191316604614, ""crossfit_utility_positive"": false, ""full_batch_cur_after"": 4.544756889343262, ""full_batch_cur_before"": 4.549314975738525, ""full_batch_gain"": 0.004558086395263672, ""full_batch_harm"": -0.07635484635829926, ""full_batch_harm_lcb"": -0.07922676564194261, ""full_batch_harm_se"": 0.0014652649406343699, ""full_batch_harm_ucb"": -0.0734829270746559, ""full_batch_safe"": true}, ""default"": {""crossfit_feasible"": true, ""crossfit_utility"": -4.152112126350403, ""crossfit_utility_positive"": false, ""full_batch_cur_after"": 6.469058036804199, ""full_batch_cur_before"": 6.499908447265625, ""full_batch_gain"": 0.03085041046142578, ""full_batch_harm"": -0.02747434377670288, ""full_batch_harm_lcb"": -0.04213748056441546, ""full_batch_harm_se"": 0.007481192238628864, ""full_batch_harm_ucb"": -0.012811206988990307, ""full_batch_safe"": true}}, ""guarded_best_reuse"": ""adapter_1"", ""num_adapters"": 3, ""pending_after"": false, ""pending_before"": false, ""policy_version"": ""cau_v1"", ""reason"": ""safe_existing_reuse"", ""utility"": {""batch_n"": 16, ""best_reuse"": ""adapter_1"", ""best_reuse_query_after"": 2.3284857273101807, ""best_reuse_query_before"": 2.347796082496643, ""best_reuse_utility"": 0.0, ""defer_utility"": 0.0, ""fold_a_query_n"": 8, ""fold_a_support_n"": 8, ""fold_b_query_n"": 8, ""fold_b_support_n"": 8, ""fresh_advantage"": -1.9860478639602661, ""fresh_local_trainability"": 0.04260659217834473, ""fresh_positive"": false, ""fresh_query_after"": 4.2912373542785645, ""fresh_query_before"": 4.333843946456909, ""fresh_utility"": -1.9860478639602661, ""original_post_update_best_reuse"": ""adapter_1"", ""original_post_update_best_reuse_utility"": 0.019310355186462402, ""original_post_update_fold_a_fresh_utility"": -1.9547200202941895, ""original_post_update_fold_b_fresh_utility"": -1.9321625232696533, ""original_post_update_fresh_utility"": -1.9434412717819214, ""reuse_profiles"": {""adapter_1"": {""feasible_both"": true, ""fold_a_harm"": -0.018974315375089645, ""fold_a_lcb"": -0.03081492479890585, ""fold_a_query_after"": 2.3388266563415527, ""fold_b_harm"": -0.017907287925481796, ""fold_b_lcb"": -0.028233071863651274, ""fold_b_query_after"": 2.3181447982788086, ""harm_lcb_max"": -0.028233071863651274, ""harm_mean"": -0.01844080165028572, ""harm_se_mean"": 0.005654692184180021, ""harm_ucb_max"": -0.007133705951273441, ""local_trainability"": 0.019310355186462402, ""original_post_update_fold_a_utility"": 0.008187294006347656, ""original_post_update_fold_b_utility"": 0.03043341636657715, ""original_post_update_system_utility"": 0.019310355186462402, ""query_after"": 2.3284857273101807, ""query_before"": 2.347796082496643, ""system_utility"": 0.0}, ""adapter_2"": {""feasible_both"": true, ""fold_a_harm"": -0.0787229835987091, ""fold_a_lcb"": -0.08161806482821703, ""fold_a_query_after"": 4.603362083435059, ""fold_b_harm"": -0.07716259360313416, ""fold_b_lcb"": -0.08015193147119135, ""fold_b_query_after"": 4.532558441162109, ""harm_lcb_max"": -0.08015193147119135, ""harm_mean"": -0.07794278860092163, ""harm_se_mean"": 0.0015011273208074272, ""harm_ucb_max"": -0.07417325573507697, ""local_trainability"": -0.018645048141479492, ""original_post_update_fold_a_utility"": -2.256348133087158, ""original_post_update_fold_b_utility"": -2.1839802265167236, ""original_post_update_system_utility"": -2.220164179801941, ""query_after"": 4.567960262298584, ""query_before"": 4.5493152141571045, ""system_utility"": -2.2015191316604614}, ""default"": {""feasible_both"": true, ""fold_a_harm"": -0.028379162773489952, ""fold_a_lcb"": -0.04273890294134617, ""fold_a_query_after"": 6.688602447509766, ""fold_b_harm"": -0.026824479922652245, ""fold_b_lcb"": -0.041591805536299944, ""fold_b_query_after"": 6.343878746032715, ""harm_lcb_max"": -0.041591805536299944, ""harm_mean"": -0.0276018213480711, ""harm_se_mean"": 0.00743037392385304, ""harm_ucb_max"": -0.012057154309004545, ""local_trainability"": -0.016332387924194336, ""original_post_update_fold_a_utility"": -4.341588497161865, ""original_post_update_fold_b_utility"": -3.995300531387329, ""original_post_update_system_utility"": -4.168444514274597, ""query_after"": 6.51624059677124, ""query_before"": 6.499908208847046, ""system_utility"": -4.152112126350403}}, ""scoring_policy"": ""pre_update_query_loss_ablation"", ""status"": ""ok"", ""statusquo_loss"": 2.347796082496643}, ""utility_status"": ""ok""}"
79,B2,B,2,adapter_1,reuse,safe_existing_reuse,2.41426944732666,3,True,442368,1949415,0,69404468,797261,19134600,1242,48.80424340814352,567707648,0.0,40.87679394893348,5.608451928943396,2.3758533000946045,-1.9799249172210693,0.0,-1.9799249172210693,False,,"{""best_reuse"": ""adapter_1"", ""best_reuse_utility"": 0.0, ""decision"": ""reuse"", ""fresh_advantage"": -1.9799249172210693, ""fresh_positive"": false, ""fresh_utility"": -1.9799249172210693, ""full_batch_guards"": {""adapter_1"": {""crossfit_feasible"": true, ""crossfit_utility"": 0.0, ""crossfit_utility_positive"": false, ""full_batch_cur_after"": 2.328627824783325, ""full_batch_cur_before"": 2.3758533000946045, ""full_batch_gain"": 0.0472254753112793, ""full_batch_harm"": -0.01262110099196434, ""full_batch_harm_lcb"": -0.024001669585704804, ""full_batch_harm_se"": 0.005806412547826767, ""full_batch_harm_ucb"": -0.0012405323982238765, ""full_batch_safe"": true}, ""adapter_2"": {""crossfit_feasible"": true, ""crossfit_utility"": -2.240149974822998, ""crossfit_utility_positive"": false, ""full_batch_cur_after"": 4.617600917816162, ""full_batch_cur_before"": 4.616003036499023, ""full_batch_gain"": -0.0015978813171386719, ""full_batch_harm"": -0.07532507926225662, ""full_batch_harm_lcb"": -0.0782681133178994, ""full_batch_harm_se"": 0.0015015479875728488, ""full_batch_harm_ucb"": -0.07238204520661384, ""full_batch_safe"": true}, ""default"": {""crossfit_feasible"": true, ""crossfit_utility"": -4.389176607131958, ""crossfit_utility_positive"": false, ""full_batch_cur_after"": 6.74139404296875, ""full_batch_cur_before"": 6.7650299072265625, ""full_batch_gain"": 0.0236358642578125, ""full_batch_harm"": -0.02745974436402321, ""full_batch_harm_lcb"": -0.04233026396483183, ""full_batch_harm_se"": 0.007586999796330929, ""full_batch_harm_ucb"": -0.012589224763214588, ""full_batch_safe"": true}}, ""guarded_best_reuse"": ""adapter_1"", ""num_adapters"": 3, ""pending_after"": false, ""pending_before"": false, ""policy_version"": ""cau_v1"", ""reason"": ""safe_existing_reuse"", ""utility"": {""batch_n"": 16, ""best_reuse"": ""adapter_1"", ""best_reuse_query_after"": 2.354276657104492, ""best_reuse_query_before"": 2.3758533000946045, ""best_reuse_utility"": 0.0, ""defer_utility"": 0.0, ""fold_a_query_n"": 8, ""fold_a_support_n"": 8, ""fold_b_query_n"": 8, ""fold_b_support_n"": 8, ""fresh_advantage"": -1.9799249172210693, ""fresh_local_trainability"": 0.019828319549560547, ""fresh_positive"": false, ""fresh_query_after"": 4.335949897766113, ""fresh_query_before"": 4.355778217315674, ""fresh_utility"": -1.9799249172210693, ""original_post_update_best_reuse"": ""adapter_1"", ""original_post_update_best_reuse_utility"": 0.021576642990112305, ""original_post_update_fold_a_fresh_utility"": -1.9512629508972168, ""original_post_update_fold_b_fresh_utility"": -1.9689302444458008, ""original_post_update_fresh_utility"": -1.9600965976715088, ""reuse_profiles"": {""adapter_1"": {""feasible_both"": true, ""fold_a_harm"": -0.011775778606534004, ""fold_a_lcb"": -0.0227712332457304, ""fold_a_query_after"": 2.320755958557129, ""fold_b_harm"": -0.014125969260931015, ""fold_b_lcb"": -0.025513277202844617, ""fold_b_query_after"": 2.3877973556518555, ""harm_lcb_max"": -0.0227712332457304, ""harm_mean"": -0.01295087393373251, ""harm_se_mean"": 0.0057098884135484695, ""harm_ucb_max"": -0.0007803239673376088, ""local_trainability"": 0.021576642990112305, ""original_post_update_fold_a_utility"": 0.025298595428466797, ""original_post_update_fold_b_utility"": 0.017854690551757812, ""original_post_update_system_utility"": 0.021576642990112305, ""query_after"": 2.354276657104492, ""query_before"": 2.3758533000946045, ""system_utility"": 0.0}, ""adapter_2"": {""feasible_both"": true, ""fold_a_harm"": -0.07746503502130508, ""fold_a_lcb"": -0.08041189669631421, ""fold_a_query_after"": 4.510220527648926, ""fold_b_harm"": -0.0776054859161377, ""fold_b_lcb"": -0.08057236643973738, ""fold_b_query_after"": 4.781127452850342, ""harm_lcb_max"": -0.08041189669631421, ""harm_mean"": -0.07753526046872139, ""harm_se_mean"": 0.0015086077037267387, ""harm_ucb_max"": -0.07451817334629596, ""local_trainability"": -0.02967071533203125, ""original_post_update_fold_a_utility"": -2.16416597366333, ""original_post_update_fold_b_utility"": -2.3754754066467285, ""original_post_update_system_utility"": -2.2698206901550293, ""query_after"": 4.645673990249634, ""query_before"": 4.6160032749176025, ""system_utility"": -2.240149974822998}, ""default"": {""feasible_both"": true, ""fold_a_harm"": -0.027024056762456894, ""fold_a_lcb"": -0.04170984575524926, ""fold_a_query_after"": 6.556143283843994, ""fold_b_harm"": -0.027853520587086678, ""fold_b_lcb"": -0.04251476444303989, ""fold_b_query_after"": 7.029305934906006, ""harm_lcb_max"": -0.04170984575524926, ""harm_mean"": -0.027438788674771786, ""harm_se_mean"": 0.0074864879716187716, ""harm_ucb_max"": -0.012338267769664527, ""local_trainability"": -0.0276947021484375, ""original_post_update_fold_a_utility"": -4.210088729858398, ""original_post_update_fold_b_utility"": -4.623653888702393, ""original_post_update_system_utility"": -4.4168713092803955, ""query_after"": 6.792724609375, ""query_before"": 6.7650299072265625, ""system_utility"": -4.389176607131958}}, ""scoring_policy"": ""pre_update_query_loss_ablation"", ""status"": ""ok"", ""statusquo_loss"": 2.3758533000946045}, ""utility_status"": ""ok""}"
80,B2,B,2,adapter_1,reuse,safe_existing_reuse,2.291172742843628,3,True,442368,1949415,0,69404468,797261,19134600,1255,49.61519886367023,567707648,0.0,41.67877148464322,5.608451928943396,2.304782298895029,-2.0745449983156643,0.0,-2.0745449983156643,False,,"{""best_reuse"": ""adapter_1"", ""best_reuse_utility"": 0.0, ""decision"": ""reuse"", ""fresh_advantage"": -2.0745449983156643, ""fresh_positive"": false, ""fresh_utility"": -2.0745449983156643, ""full_batch_guards"": {""adapter_1"": {""crossfit_feasible"": true, ""crossfit_utility"": 0.0, ""crossfit_utility_positive"": false, ""full_batch_cur_after"": 2.2580463886260986, ""full_batch_cur_before"": 2.3047823905944824, ""full_batch_gain"": 0.04673600196838379, ""full_batch_harm"": -0.007904836907982826, ""full_batch_harm_lcb"": -0.02059595499187708, ""full_batch_harm_se"": 0.006475060246884823, ""full_batch_harm_ucb"": 0.004786281175911426, ""full_batch_safe"": true}, ""adapter_2"": {""crossfit_feasible"": true, ""crossfit_utility"": -2.3932883005875807, ""crossfit_utility_positive"": false, ""full_batch_cur_after"": 4.701958179473877, ""full_batch_cur_before"": 4.698070526123047, ""full_batch_gain"": -0.003887653350830078, ""full_batch_harm"": -0.07461878657341003, ""full_batch_harm_lcb"": -0.07743974067736417, ""full_batch_harm_se"": 0.0014392622979357839, ""full_batch_harm_ucb"": -0.0717978324694559, ""full_batch_safe"": true}, ""default"": {""crossfit_feasible"": true, ""crossfit_utility"": -4.468845055653499, ""crossfit_utility_positive"": false, ""full_batch_cur_after"": 6.714540481567383, ""full_batch_cur_before"": 6.773627758026123, ""full_batch_gain"": 0.059087276458740234, ""full_batch_harm"": -0.026871992275118828, ""full_batch_harm_lcb"": -0.041939007136970755, ""full_batch_harm_se"": 0.007687252480536699, ""full_batch_harm_ucb"": -0.011804977413266898, ""full_batch_safe"": true}}, ""guarded_best_reuse"": ""adapter_1"", ""num_adapters"": 3, ""pending_after"": false, ""pending_before"": false, ""policy_version"": ""cau_v1"", ""reason"": ""safe_existing_reuse"", ""utility"": {""batch_n"": 13, ""best_reuse"": ""adapter_1"", ""best_reuse_query_after"": 2.2898168563842773, ""best_reuse_query_before"": 2.304782298895029, ""best_reuse_utility"": 0.0, ""defer_utility"": 0.0, ""fold_a_query_n"": 6, ""fold_a_support_n"": 7, ""fold_b_query_n"": 7, ""fold_b_support_n"": 6, ""fresh_advantage"": -2.0745449983156643, ""fresh_local_trainability"": 0.011756310096153846, ""fresh_positive"": false, ""fresh_query_after"": 4.367570987114539, ""fresh_query_before"": 4.379327297210693, ""fresh_utility"": -2.0745449983156643, ""original_post_update_best_reuse"": ""adapter_1"", ""original_post_update_best_reuse_utility"": 0.014965442510751577, ""original_post_update_fold_a_fresh_utility"": -2.0561001300811768, ""original_post_update_fold_b_fresh_utility"": -2.068521738052368, ""original_post_update_fresh_utility"": -2.0627886882195106, ""reuse_profiles"": {""adapter_1"": {""feasible_both"": true, ""fold_a_harm"": -0.006927922368049622, ""fold_a_lcb"": -0.01889835551381111, ""fold_a_query_after"": 2.259904623031616, ""fold_b_harm"": -0.01036776416003704, ""fold_b_lcb"": -0.023153265975415706, ""fold_b_query_after"": 2.315455913543701, ""harm_lcb_max"": -0.01889835551381111, ""harm_mean"": -0.008647843264043331, ""harm_se_mean"": 0.006315289530903101, ""harm_ucb_max"": 0.005042510777711869, ""local_trainability"": 0.014965442510751577, ""original_post_update_fold_a_utility"": 0.02075958251953125, ""original_post_update_fold_b_utility"": 0.00999903678894043, ""original_post_update_system_utility"": 0.014965442510751577, ""query_after"": 2.2898168563842773, ""query_before"": 2.304782298895029, ""system_utility"": 0.0}, ""adapter_2"": {""feasible_both"": true, ""fold_a_harm"": -0.07655246555805206, ""fold_a_lcb"": -0.07939838555175811, ""fold_a_query_after"": 4.618536472320557, ""fold_b_harm"": -0.07803596556186676, ""fold_b_lcb"": -0.08094596024602652, ""fold_b_query_after"": 4.839386940002441, ""harm_lcb_max"": -0.07939838555175811, ""harm_mean"": -0.07729421555995941, ""harm_se_mean"": 0.0014683455810882151, ""harm_ucb_max"": -0.07370654556434601, ""local_trainability"": -0.039385355435884915, ""original_post_update_fold_a_utility"": -2.337872266769409, ""original_post_update_fold_b_utility"": -2.5139319896698, ""original_post_update_system_utility"": -2.4326736560234656, ""query_after"": 4.737455954918494, ""query_before"": 4.69807059948261, ""system_utility"": -2.3932883005875807}, ""default"": {""feasible_both"": true, ""fold_a_harm"": -0.027283301576972008, ""fold_a_lcb"": -0.04194554209709167, ""fold_a_query_after"": 6.375648498535156, ""fold_b_harm"": -0.027300506830215454, ""fold_b_lcb"": -0.041857675034552816, ""fold_b_query_after"": 7.1339616775512695, ""harm_lcb_max"": -0.041857675034552816, ""harm_mean"": -0.02729190420359373, ""harm_se_mean"": 0.007453930797055364, ""harm_ucb_max"": -0.012621061056852342, ""local_trainability"": -0.010343624995304989, ""original_post_update_fold_a_utility"": -4.094984292984009, ""original_post_update_fold_b_utility"": -4.808506727218628, ""original_post_update_system_utility"": -4.479188680648804, ""query_after"": 6.783970979543833, ""query_before"": 6.773627354548528, ""system_utility"": -4.468845055653499}}, ""scoring_policy"": ""pre_update_query_loss_ablation"", ""status"": ""ok"", ""statusquo_loss"": 2.304782298895029}, ""utility_status"": ""ok""}"
